class_idx;class_label;support;base_accuracy;overall_accuracy;precision;recall;f1;tp;fp;fn
986;yellow_lady's_slipper;4750;;0.9482105263157895;0.9605459586265729;0.9482105263157895;0.9543383833033161;4504;185;246
985;daisy;4750;;0.9385263157894737;0.9277835587929241;0.9385263157894737;0.9331240188383045;4458;347;292
340;zebra;4750;;0.8677894736842106;0.9939715456956836;0.8677894736842106;0.926604473418006;4122;25;628
90;lorikeet;4750;;0.9136842105263158;0.9173536250264215;0.9136842105263158;0.9155152410083325;4340;391;410
130;flamingo;4750;;0.8677894736842106;0.9653395784543326;0.8677894736842106;0.913968957871397;4122;148;628
100;black_swan;4750;;0.8993684210526316;0.9248755141805586;0.8993684210526316;0.9119436439321166;4272;347;478
129;spoonbill;4750;;0.8936842105263157;0.917639429312581;0.8936842105263157;0.9055034129692832;4245;381;505
136;European_gallinule;4750;;0.8551578947368421;0.9544172932330827;0.8551578947368421;0.9020652898067956;4062;194;688
14;indigo_bunting;4750;;0.888;0.913382416630576;0.888;0.9005123825789922;4218;400;532
17;jay;4750;;0.8362105263157895;0.9737680804118657;0.8362105263157895;0.8997621474685694;3972;107;778
9;ostrich;4750;;0.8614736842105263;0.9402573529411765;0.8614736842105263;0.899143045484509;4092;260;658
19;chickadee;4750;;0.8275789473684211;0.9805437765028685;0.8275789473684211;0.8975910492065304;3931;78;819
339;sorrel;4750;;0.8589473684210527;0.9357798165137615;0.8589473684210527;0.8957189901207465;4080;280;670
24;great_grey_owl;4750;;0.8562105263157894;0.938610662358643;0.8562105263157894;0.8955191016184081;4067;266;683
92;bee_eater;4750;;0.8732631578947369;0.917902190750166;0.8732631578947369;0.8950264321933327;4148;371;602
984;rapeseed;4750;;0.8288421052631579;0.9718588002962232;0.8288421052631579;0.894671060106806;3937;114;813
576;gondola;4750;;0.8797894736842106;0.9053292894280762;0.8797894736842106;0.8923766816143498;4179;437;571
139;ruddy_turnstone;4750;;0.8465263157894737;0.9364229156963204;0.8465263157894737;0.8892083149049094;4021;273;729
88;macaw;4750;;0.8673684210526316;0.9121098073942883;0.8673684210526316;0.8891766483220028;4120;397;630
323;monarch;4750;;0.8073684210526316;0.9866220735785953;0.8073684210526316;0.888039828644205;3835;52;915
15;robin;4750;;0.8172631578947368;0.9722013523666416;0.8172631578947368;0.8880247054786686;3882;111;868
143;oystercatcher;4750;;0.8341052631578947;0.9478468899521532;0.8341052631578947;0.8873460246360583;3962;218;788
11;goldfinch;4750;;0.8067368421052632;0.9723420451662015;0.8067368421052632;0.8818317800023012;3832;109;918
145;king_penguin;4750;;0.8416842105263158;0.9197147458017023;0.8416842105263158;0.8789710893701219;3998;349;752
685;odometer;4750;;0.8888421052631579;0.8653412584546013;0.8888421052631579;0.8769342610863017;4222;657;528
13;junco;4750;;0.852421052631579;0.8969871510855117;0.852421052631579;0.8741364421416236;4049;465;701
388;giant_panda;4750;;0.8507368421052631;0.8898920942523674;0.8507368421052631;0.8698740716822732;4041;500;709
135;limpkin;4750;;0.8964210526315789;0.8433353139235492;0.8964210526315789;0.8690682722726809;4258;791;492
255;Leonberg;4750;;0.8250526315789474;0.9177985948477752;0.8250526315789474;0.8689578713968957;3919;351;831
873;triumphal_arch;4750;;0.8395789473684211;0.8933691756272402;0.8395789473684211;0.8656392446277404;3988;476;762
387;lesser_panda;4750;;0.8610526315789474;0.8694727891156463;0.8610526315789474;0.8652422255130104;4090;614;660
22;bald_eagle;4750;;0.7934736842105263;0.9505674653215637;0.7934736842105263;0.8649454962707975;3769;196;981
12;house_finch;4750;;0.7917894736842105;0.9478326612903226;0.7917894736842105;0.8628125716907548;3761;207;989
607;jack-o'-lantern;4750;;0.8568421052631578;0.8615580016934801;0.8568421052631578;0.859193582436141;4070;654;680
900;water_tower;4750;;0.8722105263157894;0.8412182741116752;0.8722105263157894;0.8564341085271316;4143;782;607
396;lionfish;4750;;0.8014736842105263;0.9144847465769878;0.8014736842105263;0.85425782564793;3807;356;943
321;admiral;4750;;0.7618947368421053;0.9710222699221894;0.7618947368421053;0.8538398018166804;3619;108;1131
91;coucal;4750;;0.8517894736842105;0.8541270846527338;0.8517894736842105;0.8529566775587646;4046;691;704
0;tench;4750;;0.8421052631578947;0.8613264427217916;0.8421052631578947;0.8516074089844581;4000;644;750
141;redshank;4750;;0.7734736842105263;0.9415684264479754;0.7734736842105263;0.8492834026814609;3674;228;1076
87;African_grey;4750;;0.7572631578947369;0.9661563255439162;0.7572631578947369;0.8490499232857311;3597;126;1153
96;toucan;4750;;0.8423157894736842;0.8552800342026508;0.8423157894736842;0.8487484089944846;4001;677;749
84;peacock;4750;;0.7970526315789473;0.9033643521832498;0.7970526315789473;0.84688513589084;3786;405;964
466;bullet_train;4750;;0.8345263157894737;0.8568958063121487;0.8345263157894737;0.8455631399317406;3964;662;786
863;totem_pole;4750;;0.7736842105263158;0.9313228585909782;0.7736842105263158;0.8452161913523459;3675;271;1075
874;trolleybus;4750;;0.8275789473684211;0.8622504935292827;0.8275789473684211;0.8445590288967666;3931;628;819
668;mosque;4750;;0.8021052631578948;0.8908113163432312;0.8021052631578948;0.8441342638750414;3810;467;940
102;echidna;4750;;0.7568421052631579;0.9518136086841409;0.7568421052631579;0.8432039404245337;3595;182;1155
275;African_hunting_dog;4750;;0.86;0.8264212016993728;0.86;0.8428763024863302;4085;858;665
990;buckeye;4750;;0.8006315789473685;0.8846243312398232;0.8006315789473685;0.8405348657310201;3803;496;947
915;yurt;4750;;0.739578947368421;0.9712468896875864;0.739578947368421;0.8397275008963786;3513;104;1237
18;magpie;4750;;0.7482105263157894;0.9558902635825712;0.7482105263157894;0.8393953708077467;3554;164;1196
138;bustard;4750;;0.7827368421052632;0.9033041788143829;0.7827368421052632;0.8387096774193549;3718;398;1032
832;stupa;4750;;0.8181052631578948;0.85726891683212;0.8181052631578948;0.8372293439620813;3886;647;864
425;barn;4750;;0.8461052631578947;0.8232281851700123;0.8461052631578947;0.8345099667774086;4019;863;731
291;lion;4750;;0.8317894736842105;0.8340721975934136;0.8317894736842105;0.8329292716348687;3951;786;799
802;snowmobile;4750;;0.7886315789473685;0.8789300797747537;0.7886315789473685;0.8313359964491788;3746;516;1004
993;gyromitra;4750;;0.8827368421052632;0.7821301995896288;0.8827368421052632;0.8293937296014241;4193;1168;557
528;dial_telephone;4750;;0.74;0.940845824411135;0.74;0.8284232854112655;3515;221;1235
89;sulphur-crested_cockatoo;4750;;0.7501052631578947;0.9230569948186529;0.7501052631578947;0.8276422764227641;3563;297;1187
284;Siamese_cat;4750;;0.8214736842105264;0.8334045279794959;0.8214736842105264;0.8273960983884648;3902;780;848
146;albatross;4750;;0.8075789473684211;0.8449339207048459;0.8075789473684211;0.8258342303552207;3836;704;914
144;pelican;4750;;0.7707368421052632;0.8881610868510432;0.7707368421052632;0.8252930568079351;3661;461;1089
989;hip;4750;;0.8907368421052632;0.7685740236148956;0.8907368421052632;0.8251584592881521;4231;1274;519
995;earthstar;4750;;0.9376842105263158;0.736320052901306;0.9376842105263158;0.8248911936290397;4454;1595;296
307;weevil;4750;;0.7357894736842105;0.9362443075274578;0.7357894736842105;0.8240009430625957;3495;238;1255
955;jackfruit;4750;;0.7425263157894737;0.9228152799581371;0.7425263157894737;0.822911805879608;3527;295;1223
625;lifeboat;4750;;0.7724210526315789;0.880278310940499;0.7724210526315789;0.8228302309934963;3669;499;1081
991;coral_fungus;4750;;0.7684210526315789;0.8842054263565892;0.7684210526315789;0.8222572651498085;3650;478;1100
430;basketball;4750;;0.7713684210526316;0.8801345183761711;0.7713684210526316;0.8221698642432403;3664;499;1086
351;hartebeest;4750;;0.8730526315789474;0.7752851000186951;0.8730526315789474;0.8212694326170907;4147;1202;603
694;paddlewheel;4750;;0.8429473684210527;0.8001598721023181;0.8429473684210527;0.820996514250564;4004;1000;746
594;harp;4750;;0.8101052631578948;0.8307426597582038;0.8101052631578948;0.8202941803453421;3848;784;902
16;bulbul;4750;;0.7117894736842105;0.966;0.7117894736842105;0.8196363636363636;3381;119;1369
244;Tibetan_mastiff;4750;;0.7606315789473684;0.8877149877149877;0.7606315789473684;0.8192743764172334;3613;457;1137
820;steam_locomotive;4750;;0.7745263157894737;0.8685080264400378;0.7745263157894737;0.818829290006677;3679;557;1071
94;hummingbird;4750;;0.784;0.8549127640036731;0.784;0.8179222490665495;3724;632;1026
93;hornbill;4750;;0.7471578947368421;0.9014478028956058;0.7471578947368421;0.8170829975825947;3549;388;1201
355;llama;4750;;0.7385263157894737;0.9085729085729086;0.7385263157894737;0.8147718035071421;3508;353;1242
142;dowitcher;4750;;0.8088421052631579;0.8195392491467577;0.8088421052631579;0.8141555414282686;3842;846;908
565;freight_car;4750;;0.8861052631578947;0.7508027113806636;0.8861052631578947;0.8128621089223639;4209;1397;541
376;proboscis_monkey;4750;;0.8850526315789473;0.7489755923748441;0.8850526315789473;0.8113480652320757;4204;1409;546
363;armadillo;4750;;0.7509473684210526;0.8820474777448071;0.7509473684210526;0.8112349329088014;3567;477;1183
251;dalmatian;4750;;0.7141052631578947;0.9367578017122342;0.7141052631578947;0.8104169155417512;3392;229;1358
137;American_coot;4750;;0.7149473684210527;0.9342503438789546;0.7149473684210527;0.8100178890876565;3396;239;1354
560;football_helmet;4750;;0.7277894736842105;0.912859783469765;0.7277894736842105;0.8098863769474054;3457;330;1293
293;cheetah;4750;;0.8174736842105264;0.8007836667354093;0.8174736842105264;0.809042608605063;3883;966;867
317;leafhopper;4750;;0.8004210526315789;0.8174586110513868;0.8004210526315789;0.8088501223274119;3802;849;948
354;Arabian_camel;4750;;0.8082105263157895;0.8051593959731543;0.8082105263157895;0.8066820760664004;3839;929;911
672;mountain_tent;4750;;0.7778947368421053;0.8369195922989807;0.7778947368421053;0.8063284233497;3695;720;1055
25;European_fire_salamander;4750;;0.7130526315789474;0.9274370208105148;0.7130526315789474;0.8062366103308737;3387;265;1363
20;water_ouzel;4750;;0.7393684210526316;0.8853037559868918;0.7393684210526316;0.8057818056670872;3512;455;1238
133;bittern;4750;;0.7574736842105263;0.8597371565113501;0.7574736842105263;0.8053721320649133;3598;587;1152
535;disk_brake;4750;;0.7311578947368421;0.8944115374710275;0.7311578947368421;0.8045870496930384;3473;410;1277
347;bison;4750;;0.7650526315789473;0.8470862470862471;0.7650526315789473;0.8039823008849558;3634;656;1116
326;lycaenid;4750;;0.7572631578947369;0.8531783681214421;0.7572631578947369;0.8023644880660273;3597;619;1153
294;brown_bear;4750;;0.8052631578947368;0.7985386221294363;0.8052631578947368;0.8018867924528301;3825;965;925
83;prairie_chicken;4750;;0.7562105263157894;0.8499763369616659;0.7562105263157894;0.8003565062388591;3592;634;1158
148;killer_whale;4750;;0.8298947368421052;0.7712776364703581;0.8298947368421052;0.7995132339519319;3942;1169;808
85;quail;4750;;0.7313684210526316;0.8792710706150342;0.7313684210526316;0.798528904723595;3474;477;1276
300;tiger_beetle;4750;;0.7612631578947369;0.8383955483422212;0.7612631578947369;0.7979697671852588;3616;697;1134
755;radio_telescope;4750;;0.6981052631578948;0.9304152637485971;0.6981052631578948;0.7976906422901131;3316;248;1434
661;Model_T;4750;;0.7877894736842105;0.8066393619314507;0.7877894736842105;0.7971029928639897;3742;897;1008
988;acorn;4750;;0.7663157894736842;0.8302919708029197;0.7663157894736842;0.7970221151740747;3640;744;1110
216;clumber;4750;;0.7654736842105263;0.8307059629883482;0.7654736842105263;0.7967568752054345;3636;741;1114
547;electric_locomotive;4750;;0.743578947368421;0.8566577734659229;0.743578947368421;0.7961230699876027;3532;591;1218
888;viaduct;4750;;0.7286315789473684;0.8773130544993663;0.7286315789473684;0.7960897067280046;3461;484;1289
554;fireboat;4750;;0.7134736842105264;0.8953764861294584;0.7134736842105264;0.794141769185706;3389;396;1361
131;little_blue_heron;4750;;0.7368421052631579;0.8607968519429414;0.7368421052631579;0.794010889292196;3500;566;1250
23;vulture;4750;;0.7202105263157895;0.8842078056345309;0.7202105263157895;0.7938275902076808;3421;448;1329
475;car_mirror;4750;;0.8303157894736842;0.7594839206624302;0.8303157894736842;0.7933219350296691;3944;1249;806
333;hamster;4750;;0.8261052631578948;0.7588474182943338;0.8261052631578948;0.7910492893861506;3924;1247;826
916;web_site;4750;;0.7671578947368421;0.8157600179091112;0.7671578947368421;0.790712813279809;3644;823;1106
829;streetcar;4750;;0.7736842105263158;0.8082252034308335;0.7736842105263158;0.7905776056792514;3675;872;1075
247;Saint_Bernard;4750;;0.7747368421052632;0.8068406051304539;0.7747368421052632;0.7904628933519492;3680;881;1070
727;planetarium;4750;;0.8096842105263158;0.769661797078247;0.8096842105263158;0.7891658971991382;3846;1151;904
258;Samoyed;4750;;0.743578947368421;0.8405521180390291;0.743578947368421;0.7890974084003575;3532;670;1218
779;school_bus;4750;;0.8322105263157895;0.7500948766603416;0.8322105263157895;0.7890219560878244;3953;1317;797
417;balloon;4750;;0.7157894736842105;0.8753861997940268;0.7157894736842105;0.7875839703497799;3400;484;1350
344;hippopotamus;4750;;0.7090526315789474;0.8846861045442606;0.7090526315789474;0.7871917728175762;3368;439;1382
604;hourglass;4750;;0.9033684210526316;0.6959130716834252;0.9033684210526316;0.7861854159032612;4291;1875;459
69;trilobite;4750;;0.6882105263157895;0.9149174363280157;0.6882105263157895;0.7855340622371741;3269;304;1481
687;organ;4750;;0.7185263157894737;0.8638319412806884;0.7185263157894737;0.7845075278703596;3413;538;1337
945;bell_pepper;4750;;0.7368421052631579;0.8361204013377926;0.7368421052631579;0.7833482542524619;3500;686;1250
561;forklift;4750;;0.7254736842105263;0.8477244772447724;0.7254736842105263;0.7818491208167896;3446;619;1304
71;scorpion;4750;;0.7614736842105263;0.7966960352422907;0.7614736842105263;0.7786867599569429;3617;923;1133
261;keeshond;4750;;0.7631578947368421;0.7921765734265734;0.7631578947368421;0.7773965258417329;3625;951;1125
719;piggy_bank;4750;;0.6936842105263158;0.8824317086234601;0.6936842105263158;0.7767562470532767;3295;439;1455
320;damselfly;4750;;0.7351578947368421;0.8230025925053028;0.7351578947368421;0.7766040253530524;3492;751;1258
953;pineapple;4750;;0.7762105263157895;0.7755574253260412;0.7762105263157895;0.7758838383838385;3687;1067;1063
296;ice_bear;4750;;0.736421052631579;0.8176718092566619;0.736421052631579;0.7749224634470535;3498;780;1252
105;koala;4750;;0.6606315789473685;0.936996118244252;0.6606315789473685;0.7749104827756513;3138;211;1612
276;hyena;4750;;0.7842105263157895;0.7642593352482561;0.7842105263157895;0.7741064006650041;3725;1149;1025
800;slot;4750;;0.8661052631578947;0.6989466530750934;0.8661052631578947;0.7735990974050394;4114;1772;636
537;dogsled;4750;;0.7907368421052632;0.7571054222938923;0.7907368421052632;0.7735557615075688;3756;1205;994
140;red-backed_sandpiper;4750;;0.6650526315789473;0.9242246928028086;0.6650526315789473;0.7735063663075415;3159;259;1591
573;go-kart;4750;;0.8488421052631578;0.7102342786683107;0.8488421052631578;0.7733768102042773;4032;1645;718
781;scoreboard;4750;;0.7507368421052631;0.7970496200268217;0.7507368421052631;0.7732003469210754;3566;908;1184
127;white_stork;4750;;0.6465263157894737;0.9614902943018159;0.6465263157894737;0.7731621349446123;3071;123;1679
70;harvestman;4750;;0.6724210526315789;0.9084186575654153;0.6724210526315789;0.7728042584079361;3194;322;1556
350;ibex;4750;;0.8290526315789474;0.7234980709167739;0.8290526315789474;0.7726871382321201;3938;1505;812
160;Afghan_hound;4750;;0.7538947368421053;0.7905077262693156;0.7538947368421053;0.7717672413793103;3581;949;1169
306;rhinoceros_beetle;4750;;0.6621052631578948;0.9225579348782634;0.6621052631578948;0.7709278097806105;3145;264;1605
95;jacamar;4750;;0.8968421052631579;0.674264007597341;0.8968421052631579;0.7697867726779906;4260;2058;490
398;abacus;4750;;0.6907368421052632;0.8682191055834877;0.6907368421052632;0.7693750732793997;3281;498;1469
316;cicada;4750;;0.6852631578947368;0.876885775862069;0.6852631578947368;0.7693216733632711;3255;457;1495
327;starfish;4750;;0.7871578947368421;0.7485485485485486;0.7871578947368421;0.7673678809645973;3739;1256;1011
957;pomegranate;4750;;0.6865263157894737;0.8693681684884031;0.6865263157894737;0.7672038583696035;3261;490;1489
642;marimba;4750;;0.7050526315789474;0.8389278557114228;0.7050526315789474;0.7661862274079158;3349;643;1401
81;ptarmigan;4750;;0.6804210526315789;0.8751692391010019;0.6804210526315789;0.7656046428994433;3232;461;1518
937;broccoli;4750;;0.7229473684210527;0.8129734848484849;0.7229473684210527;0.7653220414530867;3434;790;1316
156;Blenheim_spaniel;4750;;0.7844210526315789;0.7452;0.7844210526315789;0.7643076923076924;3726;1274;1024
448;birdhouse;4750;;0.7246315789473684;0.8081709321436957;0.7246315789473684;0.764124764124764;3442;817;1308
575;golfcart;4750;;0.6945263157894737;0.8487265243118086;0.6945263157894737;0.7639226583304389;3299;588;1451
254;pug;4750;;0.6995789473684211;0.8406273716164938;0.6995789473684211;0.7636447202114214;3323;630;1427
948;Granny_Smith;4750;;0.7004210526315789;0.8371917463512834;0.7004210526315789;0.7627235213204953;3327;647;1423
57;garter_snake;4750;;0.6604210526315789;0.9024741081703107;0.6604210526315789;0.7627036226598589;3137;339;1613
225;malinois;4750;;0.7145263157894737;0.8174373795761078;0.7145263157894737;0.7625252752190519;3394;758;1356
420;banjo;4750;;0.7465263157894737;0.7791694133157547;0.7465263157894737;0.7624986560584883;3546;1005;1204
564;four-poster;4750;;0.6797894736842105;0.8677774791722656;0.6797894736842105;0.7623657183331366;3229;492;1521
682;obelisk;4750;;0.6764210526315789;0.8730978260869565;0.6764210526315789;0.7622775800711744;3213;467;1537
98;red-breasted_merganser;4750;;0.9061052631578947;0.6545012165450121;0.9061052631578947;0.7600211901818823;4304;2272;446
614;kimono;4750;;0.7077894736842105;0.8188017535314175;0.7077894736842105;0.7592592592592593;3362;744;1388
132;American_egret;4750;;0.6966315789473684;0.8337112622826909;0.6966315789473684;0.7590319990824635;3309;660;1441
958;hay;4750;;0.6446315789473684;0.9220114423366456;0.6446315789473684;0.7587659521744518;3062;259;1688
365;orangutan;4750;;0.7741052631578947;0.7438802346752984;0.7741052631578947;0.7586918394717836;3677;1266;1073
444;bicycle-built-for-two;4750;;0.7387368421052631;0.7794313638382941;0.7387368421052631;0.7585386943363598;3509;993;1241
289;snow_leopard;4750;;0.7953684210526316;0.7241709794901284;0.7953684210526316;0.7581017357279021;3778;1439;972
726;plane;4750;;0.7583157894736842;0.7537141661435447;0.7583157894736842;0.7560079756532689;3602;1177;1148
510;container_ship;4750;;0.7372631578947368;0.7737516570923553;0.7372631578947368;0.7550668391548081;3502;1024;1248
609;jeep;4750;;0.6911578947368421;0.8319817536746072;0.6911578947368421;0.7550597976080956;3283;663;1467
545;electric_fan;4750;;0.7490526315789474;0.7610695187165776;0.7490526315789474;0.7550132625994695;3558;1117;1192
621;lawn_mower;4750;;0.7412631578947368;0.76793893129771;0.7412631578947368;0.7543652919121585;3521;1064;1229
10;brambling;4750;;0.8503157894736842;0.6775708773695689;0.8503157894736842;0.7541779479040239;4039;1922;711
486;cello;4750;;0.748;0.7593502885231888;0.748;0.7536324106480009;3553;1126;1197
324;cabbage_butterfly;4750;;0.6547368421052632;0.8873038516405135;0.6547368421052632;0.7534827377347062;3110;395;1640
362;badger;4750;;0.7461052631578947;0.7606782571367247;0.7461052631578947;0.7533212881283877;3544;1115;1206
688;oscilloscope;4750;;0.8155789473684211;0.6994042245892761;0.8155789473684211;0.7530372242200409;3874;1665;876
933;cheeseburger;4750;;0.6587368421052632;0.8767161669935556;0.6587368421052632;0.7522538766678688;3129;440;1621
886;vending_machine;4750;;0.7233684210526315;0.7832231593343971;0.7233684210526315;0.7521068184305572;3436;951;1314
190;Sealyham_terrier;4750;;0.7766315789473685;0.7276134122287968;0.7766315789473685;0.7513238289205704;3689;1381;1061
628;liner;4750;;0.7378947368421053;0.7642825992150022;0.7378947368421053;0.7508568980291345;3505;1081;1245
853;thatch;4750;;0.712;0.794083118102841;0.712;0.7508047508047508;3382;877;1368
640;manhole_cover;4750;;0.6421052631578947;0.9037037037037037;0.6421052631578947;0.7507692307692309;3050;325;1700
890;volleyball;4750;;0.6930526315789474;0.8187018154687888;0.6930526315789474;0.750655569490366;3292;729;1458
404;airliner;4750;;0.8690526315789474;0.6602687140115163;0.8690526315789474;0.7504090165424468;4128;2124;622
763;revolver;4750;;0.8583157894736843;0.6661764705882353;0.8583157894736843;0.7501379944802209;4077;2043;673
322;ringlet;4750;;0.7122105263157895;0.7919007490636704;0.7122105263157895;0.7499445799157615;3383;889;1367
253;basenji;4750;;0.6915789473684211;0.818997756170531;0.6915789473684211;0.7499143933340943;3285;726;1465
308;fly;4750;;0.6549473684210526;0.8768320180383314;0.6549473684210526;0.749819233550253;3111;437;1639
392;rock_beauty;4750;;0.9018947368421053;0.6415094339622641;0.9018947368421053;0.7497374868743436;4284;2394;466
458;brass;4750;;0.635578947368421;0.9126360338573156;0.635578947368421;0.7493174484983867;3019;289;1731
379;howler_monkey;4750;;0.7067368421052631;0.7939924314096499;0.7067368421052631;0.7478280240588103;3357;871;1393
375;colobus;4750;;0.7218947368421053;0.7749152542372881;0.7218947368421053;0.7474659400544958;3429;996;1321
821;steel_arch_bridge;4750;;0.8522105263157894;0.6654611211573237;0.8522105263157894;0.7473460721868365;4048;2035;702
318;lacewing;4750;;0.6941052631578948;0.8076923076923077;0.6941052631578948;0.7466032608695652;3297;785;1453
471;cannon;4750;;0.6705263157894736;0.8410351201478743;0.6705263157894736;0.7461637577603373;3185;602;1565
48;Komodo_dragon;4750;;0.6694736842105263;0.841715193223928;0.6694736842105263;0.7457786116322701;3180;598;1570
28;spotted_salamander;4750;;0.716421052631579;0.7772955687528552;0.716421052631579;0.745617879053462;3403;975;1347
736;pool_table;4750;;0.772;0.7177529849285574;0.772;0.743888832538797;3667;1442;1083
574;golf_ball;4750;;0.692;0.8036674816625917;0.692;0.7436651583710407;3287;803;1463
603;horse_cart;4750;;0.6888421052631579;0.8077018020241915;0.6888421052631579;0.7435518691057834;3272;779;1478
927;trifle;4750;;0.8164210526315789;0.6822660098522167;0.8164210526315789;0.7433390837646155;3878;1806;872
952;fig;4750;;0.7614736842105263;0.72514033680834;0.7614736842105263;0.7428630108851921;3617;1371;1133
426;barometer;4750;;0.7027368421052631;0.7863368669022379;0.7027368421052631;0.74219010561423;3338;907;1412
472;canoe;4750;;0.7071578947368421;0.7807996280799628;0.7071578947368421;0.7421564295183385;3359;943;1391
401;accordion;4750;;0.6456842105263157;0.8715544188689969;0.6456842105263157;0.7418067480952957;3067;452;1683
97;drake;4750;;0.6056842105263158;0.9561316051844466;0.6056842105263158;0.7415904111354555;2877;132;1873
670;motor_scooter;4750;;0.8006315789473685;0.6894488759970994;0.8006315789473685;0.7408922657315411;3803;1713;947
566;French_horn;4750;;0.6153684210526316;0.9282311845030168;0.6153684210526316;0.7400936827446513;2923;226;1827
174;Norwegian_elkhound;4750;;0.6884210526315789;0.7979502196193266;0.6884210526315789;0.7391500904159133;3270;828;1480
1;goldfish;4750;;0.7652631578947369;0.7133045525902669;0.7652631578947369;0.7383709120455008;3635;1461;1115
451;bolo_tie;4750;;0.6966315789473684;0.7844950213371266;0.6966315789473684;0.737957181088314;3309;909;1441
959;carbonara;4750;;0.652;0.8477963317820969;0.652;0.7371176960609306;3097;556;1653
99;goose;4750;;0.6802105263157895;0.8019359642591214;0.6802105263157895;0.7360747237726393;3231;798;1519
113;snail;4750;;0.7069473684210527;0.7668417446905686;0.7069473684210527;0.7356775112279549;3358;1021;1392
292;tiger;4750;;0.828421052631579;0.660900235136043;0.828421052631579;0.7352391629297458;3935;2019;815
816;spindle;4750;;0.6058947368421053;0.9347190646313738;0.6058947368421053;0.7352152254438625;2878;201;1872
410;apiary;4750;;0.6473684210526316;0.8506224066390041;0.6473684210526316;0.7352062163777645;3075;540;1675
746;puck;4750;;0.8143157894736842;0.6673567977915804;0.8143157894736842;0.7335482647449271;3868;1928;882
944;artichoke;4750;;0.6246315789473684;0.8883233532934132;0.6246315789473684;0.7334981458590852;2967;373;1783
752;racket;4750;;0.656;0.8304904051172708;0.656;0.733003999059045;3116;636;1634
336;marmot;4750;;0.655578947368421;0.8301786190349241;0.655578947368421;0.7326196918009646;3114;637;1636
245;French_bulldog;4750;;0.6924210526315789;0.7773575986764358;0.6924210526315789;0.7324351408529116;3289;942;1461
786;sewing_machine;4750;;0.6341052631578947;0.8667625899280575;0.6341052631578947;0.732401215805471;3012;463;1738
612;jinrikisha;4750;;0.8747368421052631;0.629450083320709;0.8747368421052631;0.7320940886265527;4155;2446;595
938;cauliflower;4750;;0.6528421052631579;0.8329304324469514;0.6528421052631579;0.7319721468193084;3101;622;1649
195;Boston_bull;4750;;0.6753684210526316;0.7978114896791842;0.6753684210526316;0.7315015391631514;3208;813;1542
279;Arctic_fox;4750;;0.8012631578947368;0.6729137199434229;0.8012631578947368;0.7315010570824524;3806;1850;944
157;papillon;4750;;0.7686315789473684;0.6970217640320733;0.7686315789473684;0.7310772927513014;3651;1587;1099
801;snorkel;4750;;0.7258947368421053;0.7362801622891308;0.7258947368421053;0.73105056715785;3448;1235;1302
178;Weimaraner;4750;;0.7014736842105264;0.7631699496106276;0.7014736842105264;0.7310223782360684;3332;1034;1418
104;wallaby;4750;;0.6492631578947369;0.8362255965292842;0.6492631578947369;0.7309789049537805;3084;604;1666
305;dung_beetle;4750;;0.6557894736842105;0.8247286205983585;0.6557894736842105;0.7306203823149995;3115;662;1635
500;cliff_dwelling;4750;;0.5926315789473684;0.9510135135135135;0.5926315789473684;0.7302204928664072;2815;145;1935
548;entertainment_center;4750;;0.752421052631579;0.7088456961523205;0.752421052631579;0.729983660130719;3574;1468;1176
229;Old_English_sheepdog;4750;;0.7322105263157894;0.7276150627615062;0.7322105263157894;0.7299055613850995;3478;1302;1272
364;three-toed_sloth;4750;;0.7766315789473685;0.6868367156954013;0.7766315789473685;0.7289793498666141;3689;1682;1061
766;rotisserie;4750;;0.6970526315789474;0.76343094304819;0.6970526315789474;0.7287333553427974;3311;1026;1439
325;sulphur_butterfly;4750;;0.8023157894736842;0.6664917803427772;0.8023157894736842;0.7281238058846007;3811;1907;939
218;Welsh_springer_spaniel;4750;;0.6271578947368421;0.8667442537096305;0.6271578947368421;0.727739098570905;2979;458;1771
29;axolotl;4750;;0.7625263157894737;0.6956020741309775;0.7625263157894737;0.7275283719995982;3622;1585;1128
397;puffer;4750;;0.6444210526315789;0.8349699945444626;0.6444210526315789;0.7274239543726236;3061;605;1689
268;Mexican_hairless;4750;;0.8136842105263158;0.6569777324494306;0.8136842105263158;0.7269820370544532;3865;2018;885
303;long-horned_beetle;4750;;0.6901052631578948;0.767501756029033;0.6901052631578948;0.7267486974836492;3278;993;1472
994;stinkhorn;4750;;0.7315789473684211;0.7205059091851544;0.7315789473684211;0.7260002089209234;3475;1348;1275
571;gas_pump;4750;;0.6572631578947369;0.8104880581516095;0.6572631578947369;0.7258777028598;3122;730;1628
732;Polaroid_camera;4750;;0.6770526315789474;0.7819110138584975;0.6770526315789474;0.7257136409793523;3216;897;1534
260;chow;4750;;0.8225263157894737;0.6488955323036041;0.8225263157894737;0.7254665304985609;3907;2114;843
870;tricycle;4750;;0.7216842105263158;0.7273498833015065;0.7216842105263158;0.7245059706224243;3428;1285;1322
449;boathouse;4750;;0.6688421052631579;0.7879464285714286;0.6688421052631579;0.7235253928490094;3177;855;1573
403;aircraft_carrier;4750;;0.6692631578947369;0.7868811881188119;0.6692631578947369;0.7233219567690558;3179;861;1571
724;pirate;4750;;0.6690526315789473;0.7870232788509163;0.6690526315789473;0.7232589895311787;3178;860;1572
8;hen;4750;;0.6589473684210526;0.7994891443167306;0.6589473684210526;0.7224466243508367;3130;785;1620
496;Christmas_stocking;4750;;0.795578947368421;0.6610110197656114;0.795578947368421;0.7220789146842457;3779;1938;971
383;Madagascar_cat;4750;;0.6006315789473684;0.9031339031339032;0.6006315789473684;0.7214565684663042;2853;306;1897
707;pay-phone;4750;;0.6378947368421053;0.8285479901558654;0.6378947368421053;0.7208278815272987;3030;627;1720
495;china_cabinet;4750;;0.6372631578947369;0.8279540481400438;0.6372631578947369;0.720199857244825;3027;629;1723
805;soccer_ball;4750;;0.8294736842105264;0.6362021637332472;0.8294736842105264;0.720095037923787;3940;2253;810
946;cardoon;4750;;0.9004210526315789;0.5991035158985852;0.9004210526315789;0.7194886029102531;4277;2862;473
2;great_white_shark;4750;;0.6812631578947368;0.7601597369039229;0.6812631578947368;0.7185522371488842;3236;1021;1514
389;barracouta;4750;;0.7004210526315789;0.7368770764119601;0.7004210526315789;0.7181867242309766;3327;1188;1423
954;banana;4750;;0.588421052631579;0.9197104310628497;0.588421052631579;0.7176787777635126;2795;244;1955
512;corkscrew;4750;;0.7237894736842105;0.7110651499482937;0.7237894736842105;0.7173708920187793;3438;1397;1312
286;cougar;4750;;0.756;0.6775471698113208;0.756;0.7146268656716417;3591;1709;1159
235;German_shepherd;4750;;0.6511578947368422;0.7900383141762453;0.6511578947368422;0.7139065204847086;3093;822;1657
932;pretzel;4750;;0.639578947368421;0.8077638925817602;0.639578947368421;0.7138996592644812;3038;723;1712
319;dragonfly;4750;;0.6976842105263158;0.7283516483516483;0.6976842105263158;0.7126881720430108;3314;1236;1436
439;bearskin;4750;;0.8183157894736842;0.6309040740139588;0.8183157894736842;0.7124919805700669;3887;2274;863
768;rugby_ball;4750;;0.5711578947368421;0.9439805149617259;0.5711578947368421;0.7116998950682057;2713;161;2037
393;anemone_fish;4750;;0.5757894736842105;0.9309053778080327;0.5757894736842105;0.7114984391259104;2735;203;2015
555;fire_engine;4750;;0.708421052631579;0.7135284139100933;0.708421052631579;0.7109655609549969;3365;1351;1385
301;ladybug;4750;;0.7336842105263158;0.6892800632911392;0.7336842105263158;0.7107893126657149;3485;1571;1265
518;crash_helmet;4750;;0.7482105263157894;0.6766945925361767;0.7482105263157894;0.7106578684263147;3554;1698;1196
7;cock;4750;;0.6650526315789473;0.7624909485879797;0.6650526315789473;0.7104464185314293;3159;984;1591
532;dining_table;4750;;0.7183157894736842;0.7003284072249589;0.7183157894736842;0.7092080648513822;3412;1460;1338
983;scuba_diver;4750;;0.5835789473684211;0.8939051918735892;0.5835789473684211;0.7061520825372564;2772;329;1978
21;kite;4750;;0.8105263157894737;0.624189364461738;0.8105263157894737;0.7052573731452647;3850;2318;900
299;meerkat;4750;;0.7256842105263158;0.6858336649423;0.7256842105263158;0.7051963993453355;3447;1579;1303
918;crossword_puzzle;4750;;0.5810526315789474;0.8963949334199416;0.5810526315789474;0.7050708902797292;2760;319;1990
366;gorilla;4750;;0.5898947368421052;0.871268656716418;0.5898947368421052;0.7034898317850867;2802;414;1948
228;komondor;4750;;0.7743157894736842;0.6440203116792156;0.7743157894736842;0.7031832520791511;3678;2033;1072
684;ocarina;4750;;0.7863157894736842;0.6354202109561076;0.7863157894736842;0.7028603688370342;3735;2143;1015
540;drilling_platform;4750;;0.8389473684210527;0.604245640636846;0.8389473684210527;0.7025121198765976;3985;2610;765
849;teapot;4750;;0.6692631578947369;0.7387868928654427;0.6692631578947369;0.7023086269744836;3179;1124;1571
79;centipede;4750;;0.5943157894736842;0.8559733171619163;0.5943157894736842;0.7015407554671969;2823;475;1927
309;bee;4750;;0.6730526315789473;0.7319139194139194;0.6730526315789473;0.7012502741829347;3197;1171;1553
407;ambulance;4750;;0.6330526315789474;0.7851174934725849;0.6330526315789474;0.7009324009324011;3007;823;1743
437;beacon;4750;;0.6387368421052632;0.7755623721881391;0.6387368421052632;0.7005310551835603;3034;878;1716
721;pillow;4750;;0.5976842105263158;0.8459475566150179;0.5976842105263158;0.7004687885516901;2839;517;1911
606;iron;4750;;0.7738947368421053;0.6397493908806126;0.7738947368421053;0.7004573170731707;3676;2070;1074
45;Gila_monster;4750;;0.5566315789473684;0.9432750624331074;0.5566315789473684;0.7001191579504832;2644;159;2106
963;pizza;4750;;0.5827368421052631;0.8748419721871049;0.5827368421052631;0.6995198382613089;2768;396;1982
919;street_sign;4750;;0.620421052631579;0.7967018113003514;0.620421052631579;0.6975973487986744;2947;752;1803
349;bighorn;4750;;0.8292631578947368;0.6018334606569901;0.8292631578947368;0.697476759628154;3939;2606;811
295;American_black_bear;4750;;0.6496842105263158;0.7506689369982973;0.6496842105263158;0.6965353797539782;3086;1025;1664
270;white_wolf;4750;;0.6909473684210526;0.7021822849807445;0.6909473684210526;0.6965195246179966;3282;1392;1468
814;speedboat;4750;;0.8642105263157894;0.5821043675553035;0.8642105263157894;0.6956448059650906;4105;2947;645
343;warthog;4750;;0.5673684210526316;0.8986328776258753;0.5673684210526316;0.6955736224028908;2695;304;2055
147;grey_whale;4750;;0.7968421052631579;0.616851368970013;0.7968421052631579;0.6953885724784127;3785;2351;965
586;half_track;4750;;0.7290526315789474;0.66468330134357;0.7290526315789474;0.6953815261044176;3463;1747;1287
372;baboon;4750;;0.6901052631578948;0.6998292058070026;0.6901052631578948;0.6949332202671189;3278;1406;1472
214;Gordon_setter;4750;;0.636421052631579;0.7649291497975709;0.636421052631579;0.6947828085497588;3023;929;1727
41;whiptail;4750;;0.6985263157894737;0.6895261845386533;0.6985263157894737;0.6939970717423133;3318;1494;1432
701;parachute;4750;;0.8570526315789474;0.5827369023761809;0.8570526315789474;0.693762781186094;4071;2915;679
934;hotdog;4750;;0.5875789473684211;0.8465271458902032;0.5875789473684211;0.6936746613644837;2791;506;1959
154;Pekinese;4750;;0.6578947368421053;0.7332238385734396;0.6578947368421053;0.693519751442521;3125;1137;1625
368;gibbon;4750;;0.6736842105263158;0.7141263110912742;0.6736842105263158;0.6933160004333224;3200;1281;1550
288;leopard;4750;;0.6122105263157894;0.7980241492864983;0.6122105263157894;0.6928758637121752;2908;736;1842
738;pot;4750;;0.6875789473684211;0.6977141636402479;0.6875789473684211;0.6926094793765243;3266;1415;1484
210;German_short-haired_pointer;4750;;0.6863157894736842;0.6988210075026795;0.6863157894736842;0.6925119490175252;3260;1405;1490
761;remote_control;4750;;0.5972631578947368;0.8232733604178758;0.5972631578947368;0.6922889214250854;2837;609;1913
914;yawl;4750;;0.7366315789473684;0.6521901211556383;0.7366315789473684;0.6918437963420663;3499;1866;1251
833;submarine;4750;;0.688;0.6938428874734607;0.688;0.6909090909090908;3268;1442;1482
941;acorn_squash;4750;;0.5549473684210526;0.9133749133749134;0.5549473684210526;0.6904138292299633;2636;250;2114
897;washer;4750;;0.5663157894736842;0.8831254103742613;0.5663157894736842;0.6900974858902;2690;356;2060
338;guinea_pig;4750;;0.7233684210526315;0.6588686481303931;0.7233684210526315;0.6896136477671853;3436;1779;1314
332;Angora;4750;;0.772;0.6231096006796941;0.772;0.6896097790314998;3667;2218;1083
703;park_bench;4750;;0.6347368421052632;0.7546933667083855;0.6347368421052632;0.6895368782161235;3015;980;1735
367;chimpanzee;4750;;0.7122105263157895;0.6671267994478407;0.7122105263157895;0.6889318806638836;3383;1688;1367
780;schooner;4750;;0.6174736842105263;0.7790172642762284;0.6174736842105263;0.6889019377568996;2933;832;1817
450;bobsled;4750;;0.7745263157894737;0.6200910163492331;0.7745263157894737;0.6887578395581766;3679;2254;1071
239;Bernese_mountain_dog;4750;;0.6696842105263158;0.7087789661319073;0.6696842105263158;0.6886772028577614;3181;1307;1569
981;ballplayer;4750;;0.7334736842105263;0.648910411622276;0.7334736842105263;0.6886055934380868;3484;1885;1266
646;maze;4750;;0.7953684210526316;0.6071026835931222;0.7953684210526316;0.6885992891643123;3778;2445;972
134;crane;4750;;0.6058947368421053;0.7970091387427305;0.6058947368421053;0.6884343977993063;2878;733;1872
125;hermit_crab;4750;;0.5938947368421053;0.8160254555973387;0.5938947368421053;0.687461922748873;2821;636;1929
177;Scottish_deerhound;4750;;0.720421052631579;0.6571922412137507;0.720421052631579;0.6873556292055841;3422;1785;1328
658;mitten;4750;;0.6669473684210526;0.7087248322147651;0.6669473684210526;0.6872017353579176;3168;1302;1582
783;screw;4750;;0.8025263157894736;0.6007880220646178;0.8025263157894736;0.6871563767462822;3812;2533;938
290;jaguar;4750;;0.6437894736842106;0.7361579200770342;0.6437894736842106;0.6868823000898473;3058;1096;1692
76;tarantula;4750;;0.5793684210526315;0.842620943049602;0.5793684210526315;0.686626746506986;2752;514;1998
121;king_crab;4750;;0.6804210526315789;0.6928188638799572;0.6804210526315789;0.6865639936271907;3232;1433;1518
117;chambered_nautilus;4750;;0.8115789473684211;0.5948156148742478;0.8115789473684211;0.6864927432997951;3855;2626;895
569;garbage_truck;4750;;0.6865263157894737;0.6858044164037855;0.6865263157894737;0.6861651762230405;3261;1494;1489
971;bubble;4750;;0.6610526315789473;0.7123411978221416;0.6610526315789473;0.6857392443765015;3140;1268;1610
217;English_springer;4750;;0.568;0.8647435897435898;0.568;0.6856416772554002;2698;422;2052
533;dishrag;4750;;0.5755789473684211;0.8472265261853115;0.5755789473684211;0.685470728343989;2734;493;2016
274;dhole;4750;;0.8101052631578948;0.5920910909370672;0.8101052631578948;0.6841497021957508;3848;2651;902
152;Japanese_spaniel;4750;;0.6905263157894737;0.6776859504132231;0.6905263157894737;0.684045881126173;3280;1560;1470
86;partridge;4750;;0.6962105263157895;0.6720178825441984;0.6962105263157895;0.6839003205459622;3307;1614;1443
47;African_chameleon;4750;;0.7410526315789474;0.6349206349206349;0.7410526315789474;0.6838935302117738;3520;2024;1230
234;Rottweiler;4750;;0.6082105263157894;0.781021897810219;0.6082105263157894;0.6838679133625282;2889;810;1861
630;Loafer;4750;;0.6574736842105263;0.7117137648131268;0.6574736842105263;0.6835193696651346;3123;1265;1627
315;mantis;4750;;0.6021052631578947;0.7896189950303699;0.6021052631578947;0.6832298136645962;2860;762;1890
203;West_Highland_white_terrier;4750;;0.6225263157894737;0.7568466854363962;0.6225263157894737;0.6831465865773364;2957;950;1793
31;tree_frog;4750;;0.5658947368421052;0.8612624158923422;0.5658947368421052;0.683013594206581;2688;433;2062
795;ski;4750;;0.7477894736842106;0.6271186440677966;0.7477894736842106;0.682158632609948;3552;2112;1198
429;baseball;4750;;0.6562105263157895;0.7096994535519126;0.6562105263157895;0.6819076788448918;3117;1275;1633
872;tripod;4750;;0.6242105263157894;0.7512034456549278;0.6242105263157894;0.6818443141313096;2965;982;1785
770;running_shoe;4750;;0.6301052631578947;0.741208519068846;0.6301052631578947;0.6811561219845244;2993;1045;1757
538;dome;4750;;0.6258947368421053;0.7467972871137905;0.6258947368421053;0.681021647004925;2973;1008;1777
757;recreational_vehicle;4750;;0.6054736842105263;0.7756202804746494;0.6054736842105263;0.6800662095057933;2876;832;1874
56;king_snake;4750;;0.5543157894736842;0.8782521681120747;0.5543157894736842;0.6796592669075892;2633;365;2117
922;menu;4750;;0.5749473684210527;0.8298389547250076;0.5749473684210527;0.6792687476682006;2731;560;2019
517;crane;4750;;0.604421052631579;0.7751079913606912;0.604421052631579;0.6792051100070974;2871;833;1879
579;grand_piano;4750;;0.5846315789473684;0.8100933488914819;0.5846315789473684;0.6791391538273416;2777;651;1973
391;coho;4750;;0.6122105263157894;0.7614558785022257;0.6122105263157894;0.6787256389310304;2908;911;1842
522;croquet_ball;4750;;0.7581052631578947;0.614190687361419;0.7581052631578947;0.6786017148779798;3601;2262;1149
559;folding_chair;4750;;0.6181052631578947;0.7512794268167861;0.6181052631578947;0.6782166782166782;2936;972;1814
716;picket_fence;4750;;0.5322105263157895;0.9331856773717239;0.5322105263157895;0.6778388523930822;2528;181;2222
259;Pomeranian;4750;;0.7494736842105263;0.6184850590687978;0.7494736842105263;0.6777079763944414;3560;2196;1190
63;Indian_cobra;4750;;0.7566315789473684;0.6136247225542086;0.7566315789473684;0.6776656924672386;3594;2263;1156
777;scabbard;4750;;0.6618947368421053;0.6932745314222712;0.6618947368421053;0.677221324717286;3144;1391;1606
432;bassoon;4750;;0.6486315789473684;0.7069756769160165;0.6486315789473684;0.6765480895915679;3081;1277;1669
122;American_lobster;4750;;0.7709473684210526;0.6011162179908076;0.7709473684210526;0.675521121564287;3662;2430;1088
671;mountain_bike;4750;;0.7894736842105263;0.5886046146601789;0.7894736842105263;0.674399784192069;3750;2621;1000
931;bagel;4750;;0.5728421052631579;0.8166266506602641;0.5728421052631579;0.6733481811432814;2721;611;2029
880;unicycle;4750;;0.6298947368421053;0.7200962695547533;0.6298947368421053;0.6719820325659742;2992;1163;1758
440;beer_bottle;4750;;0.6648421052631579;0.6784103114930182;0.6648421052631579;0.6715576820839979;3158;1497;1592
353;gazelle;4750;;0.6267368421052631;0.7230993441826573;0.6267368421052631;0.671478515845269;2977;1140;1773
198;standard_schnauzer;4750;;0.7610526315789473;0.5998008959681433;0.7610526315789473;0.6708731557947482;3615;2412;1135
120;fiddler_crab;4750;;0.592421052631579;0.7728645976380115;0.592421052631579;0.6707186271004648;2814;827;1936
346;water_buffalo;4750;;0.5368421052631579;0.8934828311142257;0.5368421052631579;0.6706996317727512;2550;304;2200
580;greenhouse;4750;;0.648;0.6944945848375451;0.648;0.6704421694619909;3078;1354;1672
791;shopping_cart;4750;;0.5741052631578948;0.8056129985228951;0.5741052631578948;0.6704363859864781;2727;658;2023
753;radiator;4750;;0.6178947368421053;0.7324681806838034;0.6178947368421053;0.6703208861482243;2935;1072;1815
605;iPod;4750;;0.5383157894736842;0.8835521769177609;0.5383157894736842;0.6690214547357405;2557;337;2193
896;washbasin;4750;;0.6867368421052632;0.651618058330004;0.6867368421052632;0.6687166871668717;3262;1744;1488
992;agaric;4750;;0.656;0.6818380743982495;0.656;0.6686695278969957;3116;1454;1634
852;tennis_ball;4750;;0.7143157894736842;0.6282169968524347;0.7143157894736842;0.6685055659540932;3393;2008;1357
649;megalith;4750;;0.6597894736842105;0.6771823681936041;0.6597894736842105;0.6683727873747066;3134;1494;1616
215;Brittany_spaniel;4750;;0.6667368421052632;0.6699809604400254;0.6667368421052632;0.668354964651261;3167;1560;1583
262;Brabancon_griffon;4750;;0.7581052631578947;0.5968838057351235;0.7581052631578947;0.66790318093295;3601;2432;1149
637;mailbox;4750;;0.5322105263157895;0.8948672566371682;0.5322105263157895;0.6674587458745874;2528;297;2222
645;maypole;4750;;0.9488421052631579;0.5146152089518155;0.9488421052631579;0.6673082617708025;4507;4251;243
615;knee_pad;4750;;0.7176842105263158;0.6233315048454928;0.7176842105263158;0.6671885703102065;3409;2060;1341
695;padlock;4750;;0.5762105263157895;0.7919560185185185;0.5762105263157895;0.6670728735071899;2737;719;2013
825;stone_wall;4750;;0.5734736842105264;0.796957284961966;0.5734736842105264;0.6669931439764938;2724;694;2026
920;traffic_light;4750;;0.5915789473684211;0.7631721890277023;0.5915789473684211;0.6665085388994307;2810;872;1940
901;whiskey_jug;4750;;0.6381052631578947;0.6972624798711755;0.6381052631578947;0.6663735297350775;3031;1316;1719
114;slug;4750;;0.5707368421052632;0.7992334905660378;0.5707368421052632;0.6659297469909113;2711;681;2039
690;oxcart;4750;;0.6690526315789473;0.660981697171381;0.6690526315789473;0.6649926762921113;3178;1630;1572
771;safe;4750;;0.6534736842105263;0.6768425643262101;0.6534736842105263;0.6649528706083976;3104;1482;1646
394;sturgeon;4750;;0.5854736842105264;0.7678078409718387;0.5854736842105264;0.6643573817486861;2781;841;1969
474;cardigan;4750;;0.5871578947368421;0.7639003012873186;0.5871578947368421;0.6639685751696227;2789;862;1961
525;dam;4750;;0.6258947368421053;0.7065114068441065;0.6258947368421053;0.6637642330877428;2973;1235;1777
765;rocking_chair;4750;;0.6052631578947368;0.7345426673479816;0.6052631578947368;0.6636657433056325;2875;1039;1875
715;pickelhaube;4750;;0.5949473684210527;0.7501990974250067;0.5949473684210527;0.6636139485734415;2826;941;1924
4;hammerhead;4750;;0.7046315789473684;0.6266616738438495;0.7046315789473684;0.6633633931225845;3347;1994;1403
287;lynx;4750;;0.5818947368421052;0.770345596432553;0.5818947368421052;0.6629887263132646;2764;824;1986
51;triceratops;4750;;0.7901052631578948;0.5703647416413374;0.7901052631578948;0.6624889673433363;3753;2827;997
665;moped;4750;;0.5286315789473685;0.8841549295774648;0.5286315789473685;0.6616600790513835;2511;329;2239
150;sea_lion;4750;;0.6494736842105263;0.6741695804195804;0.6494736842105263;0.6615912502680678;3085;1491;1665
33;loggerhead;4750;;0.6117894736842105;0.7196631996037642;0.6117894736842105;0.6613563950842057;2906;1132;1844
243;bull_mastiff;4750;;0.5736842105263158;0.7796852646638054;0.5736842105263158;0.6610066707095208;2725;770;2025
789;shoji;4750;;0.6911578947368421;0.6331726133076181;0.6911578947368421;0.6608958228485154;3283;1902;1467
627;limousine;4750;;0.7193684210526315;0.6089823560862592;0.7193684210526315;0.6595888427757939;3417;2194;1333
592;hard_disc;4750;;0.5263157894736842;0.8830801836806782;0.5263157894736842;0.6595435958316844;2500;331;2250
616;knot;4750;;0.7378947368421053;0.5952785326086957;0.7378947368421053;0.6589584508366235;3505;2383;1245
796;ski_mask;4750;;0.6812631578947368;0.6378868519613641;0.6812631578947368;0.6588618548304997;3236;1837;1514
965;burrito;4750;;0.5197894736842106;0.8991260014566642;0.5197894736842106;0.658751334044824;2469;277;2281
370;guenon;4750;;0.5936842105263158;0.7393812270582066;0.5936842105263158;0.6585707613264831;2820;994;1930
704;parking_meter;4750;;0.7027368421052631;0.6192949907235622;0.7027368421052631;0.6583826429980276;3338;2052;1412
785;seat_belt;4750;;0.5976842105263158;0.7315124967791806;0.5976842105263158;0.6578611980071835;2839;1042;1911
629;lipstick;4750;;0.6073684210526316;0.7160585753288657;0.6073684210526316;0.6572502562934275;2885;1144;1865
490;chain_mail;4750;;0.5532631578947368;0.8021978021978022;0.5532631578947368;0.6548716670819835;2628;648;2122
53;ringneck_snake;4750;;0.5802105263157895;0.7513631406761178;0.5802105263157895;0.6547873604181517;2756;912;1994
224;groenendael;4750;;0.6181052631578947;0.6958995022517184;0.6181052631578947;0.6546995205708551;2936;1283;1814
213;Irish_setter;4750;;0.6513684210526316;0.6578779502445248;0.6513684210526316;0.6546070030678091;3094;1609;1656
423;barber_chair;4750;;0.6597894736842105;0.6493990882718608;0.6597894736842105;0.6545530492898913;3134;1692;1616
75;black_widow;4750;;0.5206315789473684;0.8806980056980057;0.5206315789473684;0.654405927494046;2473;335;2277
313;walking_stick;4750;;0.5553684210526316;0.7950572634116938;0.5553684210526316;0.6539414972731781;2638;680;2112
949;strawberry;4750;;0.6313684210526316;0.676517031355741;0.6313684210526316;0.6531634542088641;2999;1434;1751
713;photocopier;4750;;0.7772631578947369;0.5631482611348383;0.7772631578947369;0.6531045462586238;3692;2864;1058
483;castle;4750;;0.592;0.727743271221532;0.592;0.6528906431390759;2812;1052;1938
822;steel_drum;4750;;0.7109473684210527;0.6026052819414703;0.7109473684210527;0.6523082866525014;3377;2227;1373
334;porcupine;4750;;0.66;0.6429450369155045;0.66;0.6513608975690837;3135;1741;1615
421;bannister;4750;;0.68;0.625;0.68;0.6513409961685823;3230;1938;1520
283;Persian_cat;4750;;0.8031578947368421;0.5471102825182849;0.8031578947368421;0.6508572890898234;3815;3158;935
128;black_stork;4750;;0.8425263157894737;0.5300662251655629;0.8425263157894737;0.6507317073170732;4002;3548;748
843;swing;4750;;0.6823157894736842;0.6204058192955589;0.6823157894736842;0.6498897132544617;3241;1983;1509
405;airship;4750;;0.6362105263157894;0.663155584814571;0.6362105263157894;0.6494036746534866;3022;1535;1728
467;butcher_shop;4750;;0.5522105263157895;0.7865067466266866;0.5522105263157895;0.6488559059987632;2623;712;2127
39;common_iguana;4750;;0.5473684210526316;0.7951070336391437;0.5473684210526316;0.6483790523690774;2600;670;2150
256;Newfoundland;4750;;0.5673684210526316;0.7542681220263084;0.5673684210526316;0.6476030277544155;2695;878;2055
979;valley;4750;;0.6814736842105263;0.6168064024390244;0.6814736842105263;0.6475295059011803;3237;2011;1513
378;capuchin;4750;;0.6294736842105263;0.6665180561747659;0.6294736842105263;0.6474664356864444;2990;1496;1760
997;bolete;4750;;0.6101052631578947;0.689179548156956;0.6101052631578947;0.6472361809045226;2898;1307;1852
803;snowplow;4750;;0.7694736842105263;0.5579300870096169;0.7694736842105263;0.6468454119104504;3655;2896;1095
199;Scotch_terrier;4750;;0.6105263157894737;0.6865530303030303;0.6105263157894737;0.6463115667483842;2900;1324;1850
171;Italian_greyhound;4750;;0.6168421052631579;0.6780837769034945;0.6168421052631579;0.6460147723514497;2930;1391;1820
956;custard_apple;4750;;0.7816842105263158;0.5497482973053006;0.7816842105263158;0.6455146036161336;3713;3041;1037
273;dingo;4750;;0.6301052631578947;0.6612903225806451;0.6301052631578947;0.6453212591634324;2993;1533;1757
882;vacuum;4750;;0.5054736842105263;0.8915707389528407;0.5054736842105263;0.6451699583501276;2401;292;2349
610;jersey;4750;;0.604;0.6919922817173179;0.604;0.6450089928057553;2869;1277;1881
242;boxer;4750;;0.5526315789473685;0.7729681978798587;0.5526315789473685;0.6444880923152468;2625;771;2125
3;tiger_shark;4750;;0.5698947368421052;0.739213544511196;0.5698947368421052;0.6436043747028054;2707;955;2043
974;geyser;4750;;0.7347368421052631;0.5703546331099852;0.7347368421052631;0.6421933940564909;3490;2629;1260
570;gasmask;4750;;0.6035789473684211;0.684574976122254;0.6035789473684211;0.6415305437458044;2867;1321;1883
903;wig;4750;;0.6541052631578947;0.628565648391665;0.6541052631578947;0.641081192613226;3107;1836;1643
854;theater_curtain;4750;;0.756;0.5561406225801456;0.756;0.6408494690818239;3591;2866;1159
335;fox_squirrel;4750;;0.7642105263157895;0.5514203250797509;0.7642105263157895;0.6406070766787259;3630;2953;1120
951;lemon;4750;;0.5593684210526316;0.7484507042253521;0.5593684210526316;0.6402409638554216;2657;893;2093
27;eft;4750;;0.5408421052631579;0.7841880341880342;0.5408421052631579;0.6401694492898081;2569;707;2181
42;agama;4750;;0.5098947368421053;0.8591699184107839;0.5098947368421053;0.6399788611441406;2422;397;2328
613;joystick;4750;;0.6808421052631579;0.6033582089552239;0.6808421052631579;0.6397626112759645;3234;2126;1516
252;affenpinscher;4750;;0.7530526315789474;0.5555210436403168;0.7530526315789474;0.6393779604969166;3577;2862;1173
871;trimaran;4750;;0.6682105263157895;0.6125048243921266;0.6682105263157895;0.639146194120016;3174;2008;1576
223;schipperke;4750;;0.6463157894736842;0.6287118574646734;0.6463157894736842;0.6373922973113255;3070;1813;1680
720;pill_bottle;4750;;0.6374736842105263;0.6370713233747107;0.6374736842105263;0.6372724402820161;3028;1725;1722
557;flagpole;4750;;0.5505263157894736;0.7564362163725774;0.5505263157894736;0.6372608748629218;2615;842;2135
693;paddle;4750;;0.5751578947368421;0.7140616832200731;0.5751578947368421;0.6371268656716417;2732;1094;2018
209;Chesapeake_Bay_retriever;4750;;0.519578947368421;0.8223925358213928;0.519578947368421;0.636821055347697;2468;533;2282
352;impala;4750;;0.592421052631579;0.6883561643835616;0.592421052631579;0.636795655125594;2814;1274;1936
182;Border_terrier;4750;;0.5564210526315789;0.7430418892324993;0.5564210526315789;0.6363308053448898;2643;914;2107
717;pickup;4750;;0.504421052631579;0.8615605897159295;0.504421052631579;0.636303279776922;2396;385;2354
107;jellyfish;4750;;0.7461052631578947;0.5536634900796751;0.7461052631578947;0.6356380593668729;3544;2857;1206
756;rain_barrel;4750;;0.5389473684210526;0.7745839636913767;0.5389473684210526;0.6356300434512725;2560;745;2190
428;barrow;4750;;0.5501052631578948;0.7525921658986175;0.5501052631578948;0.63561177329117;2613;859;2137
884;vault;4750;;0.600421052631579;0.6735947094945678;0.600421052631579;0.634906500445236;2852;1382;1898
924;guacamole;4750;;0.48989473684210527;0.89984532095901;0.48989473684210527;0.6344056706652127;2327;259;2423
850;teddy;4750;;0.6037894736842105;0.6680642907058001;0.6037894736842105;0.6343027756275573;2868;1425;1882
236;Doberman;4750;;0.5983157894736842;0.6747388414055081;0.5983157894736842;0.634233430037938;2842;1370;1908
881;upright;4750;;0.755578947368421;0.5461046865489957;0.755578947368421;0.6339869281045751;3589;2983;1161
520;crib;4750;;0.5143157894736842;0.824780553679946;0.5143157894736842;0.633558091286307;2443;519;2307
722;ping-pong_ball;4750;;0.6854736842105263;0.5883628478496566;0.6854736842105263;0.633216647218981;3256;2278;1494
912;worm_fence;4750;;0.7492631578947369;0.5475384615384615;0.7492631578947369;0.6327111111111111;3559;2941;1191
123;spiny_lobster;4750;;0.5069473684210526;0.8410757946210269;0.5069473684210526;0.6326021279390516;2408;455;2342
759;reflex_camera;4750;;0.5976842105263158;0.6697334276952112;0.5976842105263158;0.6316609189008788;2839;1400;1911
563;fountain_pen;4750;;0.4829473684210526;0.9121272365805169;0.4829473684210526;0.6315209910529939;2294;221;2456
161;basset;4750;;0.616;0.6470588235294118;0.616;0.6311475409836066;2926;1596;1824
723;pinwheel;4750;;0.8212631578947368;0.5114724006817883;0.8212631578947368;0.6303627696533893;3901;3726;849
593;harmonica;4750;;0.6269473684210526;0.6324060310044596;0.6269473684210526;0.6296648694365155;2978;1731;1772
491;chain_saw;4750;;0.743578947368421;0.5450617283950617;0.743578947368421;0.6290293855743544;3532;2948;1218
858;tile_roof;4750;;0.5349473684210526;0.7594142259414226;0.5349473684210526;0.6277173913043479;2541;805;2209
617;lab_coat;4750;;0.5471578947368421;0.7352192362093353;0.5471578947368421;0.6273989136994568;2599;936;2151
507;combination_lock;4750;;0.6385263157894737;0.6164634146341463;0.6385263157894737;0.6273009307135471;3033;1887;1717
50;American_alligator;4750;;0.5218947368421053;0.7852391510928096;0.5218947368421053;0.6270393322372582;2479;678;2271
176;Saluki;4750;;0.576;0.6870919136112507;0.576;0.6266605588639487;2736;1246;2014
798;slide_rule;4750;;0.5376842105263158;0.7507348618459729;0.5376842105263158;0.6265947006869479;2554;848;2196
835;sundial;4750;;0.5650526315789474;0.7031700288184438;0.5650526315789474;0.6265904050426053;2684;1133;2066
441;beer_glass;4750;;0.5833684210526315;0.6748660496833901;0.5833684210526315;0.6257904245709124;2771;1335;1979
857;throne;4750;;0.6825263157894736;0.5772792022792023;0.6825263157894736;0.6255064634381632;3242;2374;1508
641;maraca;4750;;0.7301052631578947;0.546916890080429;0.7301052631578947;0.6253719231809576;3468;2873;1282
330;wood_rabbit;4750;;0.5911578947368421;0.6611725924181775;0.5911578947368421;0.6242080693564521;2808;1439;1942
589;hand_blower;4750;;0.5374736842105263;0.7443148688046647;0.5374736842105263;0.6242053789731051;2553;877;2197
360;otter;4750;;0.5871578947368421;0.6642057632769707;0.5871578947368421;0.6233098670242485;2789;1410;1961
831;studio_couch;4750;;0.7627368421052632;0.5259108724052838;0.7627368421052632;0.6225620757797062;3623;3266;1127
118;Dungeness_crab;4750;;0.5322105263157895;0.7497034400948992;0.5322105263157895;0.6225067717311007;2528;844;2222
453;bookcase;4750;;0.6614736842105263;0.5877291432846988;0.6614736842105263;0.6224247226624405;3142;2204;1608
895;warplane;4750;;0.7288421052631578;0.5427182944035115;0.7288421052631578;0.6221583250965944;3462;2917;1288
659;mixing_bowl;4750;;0.5162105263157895;0.7816385081287854;0.5162105263157895;0.6217826803600862;2452;685;2298
840;swab;4750;;0.6322105263157894;0.6112354976592713;0.6322105263157894;0.6215461036945048;3003;1910;1747
172;whippet;4750;;0.5347368421052632;0.7411730376422527;0.5347368421052632;0.6212547389017977;2540;887;2210
112;conch;4750;;0.5391578947368421;0.7298375605585637;0.5391578947368421;0.6201719336481414;2561;948;2189
82;ruffed_grouse;4750;;0.5421052631578948;0.7241282339707537;0.5421052631578948;0.6200337105706718;2575;981;2175
342;wild_boar;4750;;0.6122105263157894;0.6261843238587425;0.6122105263157894;0.6191185863317011;2908;1736;1842
790;shopping_basket;4750;;0.5757894736842105;0.668377321603128;0.5757894736842105;0.6186383171228228;2735;1357;2015
889;violin;4750;;0.5166315789473684;0.7695202257761053;0.5166315789473684;0.6182138808414157;2454;735;2296
698;palace;4750;;0.6755789473684211;0.5697798295454546;0.6755789473684211;0.6181853207474476;3209;2423;1541
776;sax;4750;;0.5783157894736842;0.6625663289917993;0.5783157894736842;0.6175809352517986;2747;1399;2003
38;banded_gecko;4750;;0.7037894736842105;0.5493837304847987;0.7037894736842105;0.6170742962621136;3343;2742;1407
400;academic_gown;4750;;0.7134736842105264;0.5435445068163592;0.7134736842105264;0.6170232134729177;3389;2846;1361
377;marmoset;4750;;0.6113684210526316;0.6223746249464209;0.6113684210526316;0.616822429906542;2904;1762;1846
760;refrigerator;4750;;0.5810526315789474;0.6568300809138505;0.5810526315789474;0.6166219839142091;2760;1442;1990
386;African_elephant;4750;;0.5250526315789473;0.746036494166916;0.5250526315789473;0.6163351044112195;2494;849;2256
106;wombat;4750;;0.552;0.696969696969697;0.552;0.6160714285714286;2622;1140;2128
302;ground_beetle;4750;;0.6728421052631579;0.56797583081571;0.6728421052631579;0.6159776428640262;3196;2431;1554
830;stretcher;4750;;0.6387368421052632;0.5936216004695755;0.6387368421052632;0.6153534124328162;3034;2077;1716
568;fur_coat;4750;;0.6303157894736842;0.6006018054162487;0.6303157894736842;0.615100154083205;2994;1991;1756
61;boa_constrictor;4750;;0.4966315789473684;0.8076001369394044;0.4966315789473684;0.615043670968583;2359;562;2391
769;rule;4750;;0.5496842105263158;0.6977552111170497;0.5496842105263158;0.6149317004239284;2611;1131;2139
581;grille;4750;;0.5016842105263158;0.7895957587806495;0.5016842105263158;0.6135427394438724;2383;635;2367
553;file;4750;;0.6406315789473684;0.5883604021655066;0.6406315789473684;0.6133843983067929;3043;2129;1707
249;malamute;4750;;0.5707368421052632;0.6625122189638318;0.5707368421052632;0.6132096810676317;2711;1381;2039
737;pop_bottle;4750;;0.5145263157894737;0.7571251548946716;0.5145263157894737;0.612684883429431;2444;784;2306
774;sandal;4750;;0.5258947368421053;0.7308367466354593;0.5258947368421053;0.6116552399608228;2498;920;2252
812;space_shuttle;4750;;0.7233684210526315;0.5293483284547835;0.7233684210526315;0.6113335112534471;3436;3055;1314
634;lumbermill;4750;;0.5833684210526315;0.6418809358350707;0.5833684210526315;0.6112275283996911;2771;1546;1979
807;solar_dish;4750;;0.7263157894736842;0.52567423434405;0.7263157894736842;0.6099177936886768;3450;3113;1300
635;magnetic_compass;4750;;0.635578947368421;0.5849641542336756;0.635578947368421;0.609222076480678;3019;2142;1731
65;sea_snake;4750;;0.6469473684210526;0.574499906524584;0.6469473684210526;0.6085751064461828;3073;2276;1677
314;cockroach;4750;;0.5364210526315789;0.7021217966381923;0.5364210526315789;0.6081871345029239;2548;1081;2202
867;trailer_truck;4750;;0.7397894736842106;0.5156272927366105;0.7397894736842106;0.6076956333765673;3514;3301;1236
427;barrel;4750;;0.6147368421052631;0.6006994445587328;0.6147368421052631;0.6076370825096243;2920;1941;1830
237;miniature_pinscher;4750;;0.5835789473684211;0.6330212377255081;0.5835789473684211;0.6072954321393362;2772;1607;1978
173;Ibizan_hound;4750;;0.5591578947368421;0.664;0.5591578947368421;0.6070857142857143;2656;1344;2094
395;gar;4750;;0.659157894736842;0.5626235399820305;0.659157894736842;0.6070770722249152;3131;2434;1619
597;holster;4750;;0.48526315789473684;0.8090558090558091;0.48526315789473684;0.6066587708909067;2305;544;2445
155;Shih-Tzu;4750;;0.5551578947368421;0.665572942958102;0.5551578947368421;0.6053719008264462;2637;1325;2113
498;cinema;4750;;0.5326315789473685;0.7006369426751592;0.5326315789473685;0.6051907666547064;2530;1081;2220
264;Cardigan;4750;;0.6351578947368421;0.57455722719482;0.6351578947368421;0.6033396660333967;3017;2234;1733
699;panpipe;4750;;0.7309473684210527;0.5136094674556213;0.7309473684210527;0.6033014769765422;3472;3288;1278
562;fountain;4750;;0.7061052631578948;0.5258701787394168;0.7061052631578948;0.6028037383177571;3354;3024;1396
207;golden_retriever;4750;;0.5690526315789474;0.6402179062055897;0.5690526315789474;0.6025412394115025;2703;1519;2047
788;shoe_shop;4750;;0.6025263157894737;0.6007556675062973;0.6025263157894737;0.6016396888795459;2862;1902;1888
506;coil;4750;;0.6894736842105263;0.5333876221498371;0.6894736842105263;0.6014692378328742;3275;2865;1475
866;tractor;4750;;0.5067368421052632;0.7397049784880148;0.5067368421052632;0.6014492753623188;2407;847;2343
666;mortar;4750;;0.7437894736842106;0.5039942938659059;0.7437894736842106;0.6008503401360544;3533;3477;1217
232;Border_collie;4750;;0.5553684210526316;0.6544281815926569;0.5553684210526316;0.6008427286186083;2638;1393;2112
714;pick;4750;;0.7566315789473684;0.49702669063753285;0.7566315789473684;0.5999499207077874;3594;3637;1156
758;reel;4750;;0.5393684210526316;0.6758111316275389;0.5393684210526316;0.5999297506146821;2562;1229;2188
708;pedestal;4750;;0.6082105263157894;0.5916444808519353;0.6082105263157894;0.5998131423232638;2889;1994;1861
729;plate_rack;4750;;0.6261052631578947;0.575353066357129;0.6261052631578947;0.5996572235104345;2974;2195;1776
169;borzoi;4750;;0.8372631578947368;0.46705813270698765;0.8372631578947368;0.5996230682246513;3977;4538;773
480;cash_machine;4750;;0.5450526315789473;0.6660663750964755;0.5450526315789473;0.5995137200416811;2589;1298;2161
686;oil_filter;4750;;0.6858947368421052;0.5321790264619406;0.6858947368421052;0.5993377483443709;3258;2864;1492
730;plow;4750;;0.48168421052631577;0.7881501894591801;0.48168421052631577;0.5979354501502678;2288;615;2462
369;siamang;4750;;0.5991578947368421;0.5952729554486509;0.5991578947368421;0.5972091071241213;2846;1935;1904
879;umbrella;4750;;0.5656842105263158;0.631047440112729;0.5656842105263158;0.5965808170515098;2687;1571;2063
211;vizsla;4750;;0.531157894736842;0.6800539083557952;0.531157894736842;0.5964539007092198;2523;1187;2227
503;cocktail_shaker;4750;;0.564;0.63124410933082;0.564;0.5957304869913275;2679;1565;2071
298;mongoose;4750;;0.5309473684210526;0.6785041700295937;0.5309473684210526;0.5957245777725286;2522;1195;2228
546;electric_guitar;4750;;0.6153684210526316;0.5769838136596921;0.6153684210526316;0.595558272208639;2923;2143;1827
891;waffle_iron;4750;;0.6202105263157894;0.5718167701863354;0.6202105263157894;0.5950313068067057;2946;2206;1804
806;sock;4750;;0.5317894736842105;0.6741393114491593;0.5317894736842105;0.5945627868659525;2526;1221;2224
551;face_powder;4750;;0.6018947368421053;0.5867022368151036;0.6018947368421053;0.5942013924971422;2859;2014;1891
940;spaghetti_squash;4750;;0.6625263157894736;0.5375811411001025;0.6625263157894736;0.5935496039230479;3147;2707;1603
337;beaver;4750;;0.704421052631579;0.5123258306538049;0.704421052631579;0.5932098218243063;3346;3185;1404
456;bow;4750;;0.704421052631579;0.5122473974280466;0.704421052631579;0.5931572416238257;3346;3186;1404
583;guillotine;4750;;0.7762105263157895;0.4797657774886142;0.7762105263157895;0.5930036188178529;3687;3998;1063
847;tank;4750;;0.5751578947368421;0.6110489823305748;0.5751578947368421;0.5925604598199762;2732;1739;2018
494;chime;4750;;0.6132631578947368;0.5730867597875271;0.6132631578947368;0.5924946608359606;2913;2170;1837
913;wreck;4750;;0.6724210526315789;0.5293337752734505;0.6724210526315789;0.592359050445104;3194;2840;1556
452;bonnet;4750;;0.5143157894736842;0.6981994855673049;0.5143157894736842;0.5923142199054431;2443;1056;2307
846;table_lamp;4750;;0.6256842105263158;0.5621335350860601;0.6256842105263158;0.5922088273388463;2972;2315;1778
447;binoculars;4750;;0.5378947368421053;0.6574884199691199;0.5378947368421053;0.5917091245947198;2555;1331;2195
280;grey_fox;4750;;0.5913684210526315;0.5916175231676495;0.5913684210526315;0.5914929458833438;2809;1939;1941
162;beagle;4750;;0.6065263157894737;0.5764305722288916;0.6065263157894737;0.5910956093557652;2881;2117;1869
521;Crock_Pot;4750;;0.4530526315789474;0.8495854717726017;0.4530526315789474;0.5909652615680352;2152;381;2598
669;mosquito_net;4750;;0.6677894736842105;0.5294608579535971;0.6677894736842105;0.5906340191788475;3172;2819;1578
572;goblet;4750;;0.47747368421052633;0.774061433447099;0.47747368421052633;0.5906250000000001;2268;662;2482
487;cellular_telephone;4750;;0.49536842105263157;0.7305184725240609;0.49536842105263157;0.5903901643457534;2353;868;2397
220;Sussex_spaniel;4750;;0.6181052631578947;0.5640730067243036;0.6181052631578947;0.5898543445504772;2936;2269;1814
297;sloth_bear;4750;;0.6827368421052632;0.5190460947503202;0.6827368421052632;0.5897435897435898;3243;3005;1507
411;apron;4750;;0.5021052631578947;0.7142857142857143;0.5021052631578947;0.5896897020645321;2385;954;2365
442;bell_cote;4750;;0.5423157894736842;0.6436781609195402;0.5423157894736842;0.5886654478976234;2576;1426;2174
648;medicine_chest;4750;;0.5031578947368421;0.7079383886255924;0.5031578947368421;0.5882352941176471;2390;986;2360
511;convertible;4750;;0.5494736842105263;0.6298262548262549;0.5494736842105263;0.5869125252979538;2610;1534;2140
455;bottlecap;4750;;0.5547368421052632;0.6188351338656646;0.5547368421052632;0.5850355239786856;2635;1623;2115
839;suspension_bridge;4750;;0.4652631578947368;0.7867568529725881;0.4652631578947368;0.5847334303479297;2210;599;2540
373;macaque;4750;;0.5269473684210526;0.6564384998688697;0.5269473684210526;0.584608198061427;2503;1310;2247
942;butternut_squash;4750;;0.49473684210526314;0.7071922961179657;0.49473684210526314;0.5821875387092779;2350;973;2400
514;cowboy_boot;4750;;0.6031578947368421;0.5605556642535707;0.6031578947368421;0.5810769698813508;2865;2246;1885
304;leaf_beetle;4750;;0.49094736842105263;0.7116264876411352;0.49094736842105263;0.5810389933972842;2332;945;2418
278;kit_fox;4750;;0.5576842105263158;0.604518484710178;0.5576842105263158;0.5801576872536136;2649;1733;2101
30;bullfrog;4750;;0.42526315789473684;0.9095002251238181;0.42526315789473684;0.5795438244154354;2020;201;2730
964;potpie;4750;;0.6425263157894737;0.5270246934898981;0.6425263157894737;0.579072194288967;3052;2739;1698
855;thimble;4750;;0.5557894736842105;0.6041189931350115;0.5557894736842105;0.5789473684210525;2640;1730;2110
165;black-and-tan_coonhound;4750;;0.5888421052631579;0.5671127331711273;0.5888421052631579;0.5777731873579839;2797;2135;1953
192;cairn;4750;;0.4633684210526316;0.7671662600209133;0.4633684210526316;0.577766111038194;2201;668;2549
205;flat-coated_retriever;4750;;0.5027368421052631;0.6787947697555429;0.5027368421052631;0.5776487663280115;2388;1130;2362
406;altar;4750;;0.5604210526315789;0.5959256771882695;0.5604210526315789;0.5776282955408484;2662;1805;2088
149;dugong;4750;;0.8296842105263158;0.44261006289308175;0.8296842105263158;0.5772667350227039;3941;4963;809
875;trombone;4750;;0.5997894736842105;0.5556855861127364;0.5997894736842105;0.5768958185683911;2849;2278;1901
602;horizontal_bar;4750;;0.568;0.5860121633362294;0.568;0.5768655120803934;2698;1906;2052
208;Labrador_retriever;4750;;0.6254736842105263;0.5352188794811745;0.6254736842105263;0.5768372002718182;2971;2580;1779
734;police_van;4750;;0.4978947368421053;0.6849116710107154;0.4978947368421053;0.5766183103742534;2365;1088;2385
877;turnstile;4750;;0.6875789473684211;0.49635258358662615;0.6875789473684211;0.5765225066195939;3266;3314;1484
212;English_setter;4750;;0.5545263157894736;0.6;0.5545263157894736;0.5763676148796498;2634;1756;2116
902;whistle;4750;;0.6317894736842106;0.5297440423654016;0.6317894736842106;0.5762842054728756;3001;2664;1749
930;French_loaf;4750;;0.5726315789473684;0.576271186440678;0.5726315789473684;0.5744456177402323;2720;2000;2030
636;mailbag;4750;;0.531157894736842;0.62481426448737;0.531157894736842;0.5741920801092398;2523;1515;2227
329;sea_cucumber;4750;;0.5431578947368421;0.6086341118188252;0.5431578947368421;0.574034931583046;2580;1659;2170
194;Dandie_Dinmont;4750;;0.8037894736842105;0.4451958955223881;0.8037894736842105;0.5730151583370854;3818;4758;932
37;box_turtle;4750;;0.4471578947368421;0.7958036717871863;0.4471578947368421;0.5725839061868176;2124;545;2626
443;bib;4750;;0.444;0.803734756097561;0.444;0.5720097640358015;2109;515;2641
943;cucumber;4750;;0.5745263157894737;0.5692532332081769;0.5745263157894737;0.5718776194467728;2729;2065;2021
431;bassinet;4750;;0.5086315789473684;0.6520917678812416;0.5086315789473684;0.5714961561206386;2416;1289;2334
826;stopwatch;4750;;0.5309473684210526;0.6172295643661282;0.5309473684210526;0.5708465368945225;2522;1564;2228
49;African_crocodile;4750;;0.4846315789473684;0.6942098914354644;0.4846315789473684;0.5707909744606992;2302;1014;2448
72;black_and_gold_garden_spider;4750;;0.4650526315789474;0.7385489802741558;0.4650526315789474;0.5707272962149593;2209;782;2541
153;Maltese_dog;4750;;0.4924210526315789;0.6775782155272306;0.4924210526315789;0.5703486954401364;2339;1113;2411
433;bathing_cap;4750;;0.552;0.5896109736901282;0.552;0.5701859301946287;2622;1825;2128
654;minibus;4750;;0.6406315789473684;0.5131534569983136;0.6406315789473684;0.5698501872659176;3043;2887;1707
492;chest;4750;;0.4477894736842105;0.782560706401766;0.4477894736842105;0.5696304231387253;2127;591;2623
887;vestment;4750;;0.5088421052631579;0.6466024612092027;0.5088421052631579;0.5695098963242223;2417;1321;2333
588;hamper;4750;;0.5204210526315789;0.6275704493526276;0.5204210526315789;0.5689952813902636;2472;1467;2278
531;digital_watch;4750;;0.5048421052631579;0.651807556401196;0.5048421052631579;0.5689880175584293;2398;1281;2352
859;toaster;4750;;0.6162105263157894;0.5270075621173929;0.6162105263157894;0.5681288819875777;2927;2627;1823
43;frilled_lizard;4750;;0.7185263157894737;0.4695281331682487;0.7185263157894737;0.5679341043348033;3413;3856;1337
34;leatherback_turtle;4750;;0.5103157894736842;0.6399155227032735;0.5103157894736842;0.5678144764581868;2424;1364;2326
382;squirrel_monkey;4750;;0.5218947368421053;0.6217707549535992;0.5218947368421053;0.5674716721986952;2479;1508;2271
894;wardrobe;4750;;0.5562105263157895;0.5787513691128149;0.5562105263157895;0.5672571121846485;2642;1923;2108
175;otterhound;4750;;0.6629473684210526;0.4944261265504789;0.6629473684210526;0.5664178433312349;3149;3220;1601
869;trench_coat;4750;;0.5069473684210526;0.6411075612353567;0.5069473684210526;0.5661885727721607;2408;1348;2342
653;milk_can;4750;;0.671578947368421;0.4891887747278025;0.671578947368421;0.5660544760890781;3190;3331;1560
385;Indian_elephant;4750;;0.5513684210526316;0.581225033288948;0.5513684210526316;0.5659031979256699;2619;1887;2131
892;wall_clock;4750;;0.5509473684210526;0.5734005258545136;0.5509473684210526;0.5619497530599099;2617;1947;2133
484;catamaran;4750;;0.5170526315789473;0.615076383671425;0.5170526315789473;0.5618208852796522;2456;1537;2294
263;Pembroke;4750;;0.4823157894736842;0.6726365237815619;0.4823157894736842;0.5617949975478176;2291;1115;2459
310;ant;4750;;0.7075789473684211;0.46512593412676445;0.7075789473684211;0.5612892451569806;3361;3865;1389
59;vine_snake;4750;;0.5833684210526315;0.5407884465261514;0.5833684210526315;0.5612720275470934;2771;2353;1979
598;home_theater;4750;;0.5073684210526316;0.6276041666666666;0.5073684210526316;0.5611175785797439;2410;1430;2340
878;typewriter_keyboard;4750;;0.6421052631578947;0.49747186429619966;0.6421052631578947;0.5606102380295929;3050;3081;1700
862;torch;4750;;0.6669473684210526;0.4832951945080092;0.6669473684210526;0.5604599734630694;3168;3387;1582
864;tow_truck;4750;;0.4749473684210526;0.6828087167070218;0.4749473684210526;0.5602185249565433;2256;1048;2494
357;mink;4750;;0.6290526315789474;0.5037086985839514;0.6290526315789474;0.5594457966672909;2988;2944;1762
457;bow_tie;4750;;0.4216842105263158;0.8283705541770058;0.4216842105263158;0.5588727678571428;2003;415;2747
361;skunk;4750;;0.8191578947368421;0.42357935989549317;0.8191578947368421;0.5584098737083812;3891;5295;859
311;grasshopper;4750;;0.5138947368421053;0.6110137672090112;0.5138947368421053;0.5582618639222413;2441;1554;2309
939;zucchini;4750;;0.4378947368421053;0.7683782785371259;0.4378947368421053;0.5578650932010192;2080;627;2670
608;jean;4750;;0.4231578947368421;0.818070818070818;0.4231578947368421;0.5577910364922991;2010;447;2740
227;kelpie;4750;;0.6149473684210527;0.5101292350681104;0.6149473684210527;0.557655593738068;2921;2805;1829
191;Airedale;4750;;0.6267368421052631;0.5016006739679865;0.6267368421052631;0.5572297613476835;2977;2958;1773
679;necklace;4750;;0.5132631578947369;0.6087390761548065;0.5132631578947369;0.556938892061679;2438;1567;2312
908;wing;4750;;0.45326315789473687;0.7217566208514918;0.45326315789473687;0.5568343463080306;2153;830;2597
530;digital_clock;4750;;0.500421052631579;0.6263504611330698;0.500421052631579;0.5563487419543592;2377;1418;2373
929;ice_lolly;4750;;0.420421052631579;0.8214726450020567;0.420421052631579;0.5561899456900153;1997;434;2753
745;projector;4750;;0.49305263157894735;0.6362401521325727;0.49305263157894735;0.5555687344324516;2342;1339;2408
792;shovel;4750;;0.49726315789473685;0.6290279627163782;0.49726315789473685;0.5554379776601999;2362;1393;2388
179;Staffordshire_bullterrier;4750;;0.44673684210526315;0.7332411886662059;0.44673684210526315;0.5552066980638409;2122;772;2628
950;orange;4750;;0.47242105263157896;0.6716551930559712;0.47242105263157896;0.5546903967371153;2244;1097;2506
577;gong;4750;;0.7105263157894737;0.45466792401993805;0.7105263157894737;0.5545058736548099;3375;4048;1375
808;sombrero;4750;;0.4905263157894737;0.6371342630571507;0.4905263157894737;0.5542999881051505;2330;1327;2420
52;thunder_snake;4750;;0.592421052631579;0.5203402366863905;0.592421052631579;0.5540460720614294;2814;2594;1936
409;analog_clock;4750;;0.5783157894736842;0.5309238500193274;0.5783157894736842;0.5536074163643693;2747;2427;2003
750;quilt;4750;;0.4166315789473684;0.8242399000416493;0.4166315789473684;0.5534890225143336;1979;422;2771
477;carpenter's_kit;4750;;0.6075789473684211;0.506938345336378;0.6075789473684211;0.5527147371444987;2886;2807;1864
384;indri;4750;;0.7903157894736842;0.4246606334841629;0.7903157894736842;0.5524650478292863;3754;5086;996
108;sea_anemone;4750;;0.6256842105263158;0.49205298013245036;0.6256842105263158;0.5508804448563486;2972;3068;1778
550;espresso_maker;4750;;0.4941052631578947;0.6207352552234858;0.4941052631578947;0.5502285781268316;2347;1434;2403
647;measuring_cup;4750;;0.49557894736842106;0.6170380078636959;0.49557894736842106;0.5496789258610625;2354;1461;2396
80;black_grouse;4750;;0.8997894736842105;0.3951918631530282;0.8997894736842105;0.5491808544812078;4274;6541;476
231;collie;4750;;0.5444210526315789;0.5517388521442287;0.5444210526315789;0.548055526120589;2586;2101;2164
101;tusker;4750;;0.5307368421052632;0.5658810325476992;0.5307368421052632;0.5477457903313417;2521;1934;2229
416;balance_beam;4750;;0.7311578947368421;0.43735045963984387;0.7311578947368421;0.5473169962965881;3473;4468;1277
422;barbell;4750;;0.47578947368421054;0.6416808631459399;0.47578947368421054;0.5464216634429401;2260;1262;2490
982;groom;4750;;0.40231578947368424;0.8459495351925631;0.40231578947368424;0.5452989014124696;1911;348;2839
196;miniature_schnauzer;4750;;0.3989473684210526;0.8601906491148434;0.3989473684210526;0.5450884510283331;1895;308;2855
219;cocker_spaniel;4750;;0.5105263157894737;0.5823727185398655;0.5105263157894737;0.5440879515369083;2425;1739;2325
462;broom;4750;;0.5271578947368422;0.5620650953984287;0.5271578947368422;0.544052145573058;2504;1951;2246
842;swimming_trunks;4750;;0.5808421052631579;0.5115890969775635;0.5808421052631579;0.544020506753426;2759;2634;1991
632;loudspeaker;4750;;0.43305263157894736;0.730728241563055;0.43305263157894736;0.5438202247191012;2057;758;2693
328;sea_urchin;4750;;0.6903157894736842;0.445819170632223;0.6903157894736842;0.5417596034696407;3279;4076;1471
711;perfume;4750;;0.4568421052631579;0.6630003055300947;0.4568421052631579;0.5409447837467282;2170;1103;2580
164;bluetick;4750;;0.6734736842105263;0.4516447832839192;0.6734736842105263;0.5406912870785092;3199;3884;1551
489;chainlink_fence;4750;;0.44526315789473686;0.6857976653696498;0.44526315789473686;0.5399540464641307;2115;969;2635
966;red_wine;4750;;0.4846315789473684;0.6085117631509384;0.4846315789473684;0.5395523262627446;2302;1481;2448
126;isopod;4750;;0.616;0.4793577981651376;0.616;0.5391560714943798;2926;3178;1824
926;hot_pot;4750;;0.6042105263157894;0.48594649508973925;0.6042105263157894;0.5386636636636636;2870;3036;1880
735;poncho;4750;;0.5751578947368421;0.5059259259259259;0.5751578947368421;0.5383251231527093;2732;2668;2018
180;American_Staffordshire_terrier;4750;;0.5353684210526316;0.5401444350042481;0.5353684210526316;0.5377458236413618;2543;2165;2207
773;saltshaker;4750;;0.44694736842105265;0.6733269901680938;0.44694736842105265;0.5372643300012653;2123;1030;2627
823;stethoscope;4750;;0.4052631578947368;0.7964418700868846;0.4052631578947368;0.5371843170085112;1925;492;2825
186;Norwich_terrier;4750;;0.6113684210526316;0.47881286067600987;0.6113684210526316;0.5370319001386963;2904;3161;1846
109;brain_coral;4750;;0.6606315789473685;0.45209623973490853;0.6606315789473685;0.5368231973312805;3138;3803;1612
181;Bedlington_terrier;4750;;0.8086315789473684;0.4013164768571727;0.8086315789473684;0.5364150548146079;3841;5730;909
116;chiton;4750;;0.756;0.41533657182512146;0.756;0.5361301881158556;3591;5055;1159
44;alligator_lizard;4750;;0.41768421052631577;0.7453042824943651;0.41768421052631577;0.5353480841878034;1984;678;2766
267;standard_poodle;4750;;0.6566315789473685;0.4518325365782993;0.6566315789473685;0.535312794988415;3119;3784;1631
459;brassiere;4750;;0.4976842105263158;0.5754625121713729;0.4976842105263158;0.5337547979227817;2364;1744;2386
222;kuvasz;4750;;0.6075789473684211;0.474905380944545;0.6075789473684211;0.5331116652812413;2886;3191;1864
967;espresso;4750;;0.4381052631578947;0.6780710329097426;0.4381052631578947;0.532293132114081;2081;988;2669
582;grocery_store;4750;;0.47221052631578947;0.6093452866069003;0.47221052631578947;0.532083975803582;2243;1438;2507
436;beach_wagon;4750;;0.49094736842105263;0.5790911348398311;0.49094736842105263;0.531388857240515;2332;1695;2418
64;green_mamba;4750;;0.6389473684210526;0.4535265989240885;0.6389473684210526;0.5305016605488551;3035;3657;1715
691;oxygen_mask;4750;;0.5324210526315789;0.5285266457680251;0.5324210526315789;0.53046670162559;2529;2256;2221
465;bulletproof_vest;4750;;0.6498947368421053;0.4479106210098665;0.6498947368421053;0.5303212506442193;3087;3805;1663
277;red_fox;4750;;0.4978947368421053;0.5640352969234438;0.4978947368421053;0.5289052890528905;2365;1828;2385
40;American_chameleon;4750;;0.46042105263157895;0.6183206106870229;0.46042105263157895;0.5278146494509474;2187;1350;2563
740;power_drill;4750;;0.4054736842105263;0.754406580493537;0.4054736842105263;0.5274544707654388;1926;627;2824
241;EntleBucher;4750;;0.7113684210526315;0.41902281746031744;0.7113684210526315;0.5273919150928672;3379;4685;1371
817;sports_car;4750;;0.5301052631578947;0.5239284228048273;0.5301052631578947;0.5269987442444537;2518;2288;2232
936;head_cabbage;4750;;0.788;0.3952481520591341;0.788;0.5264416315049227;3743;5727;1007
159;Rhodesian_ridgeback;4750;;0.448;0.6359832635983264;0.448;0.525691699604743;2128;1218;2622
601;hoopskirt;4750;;0.6290526315789474;0.4514959202175884;0.6290526315789474;0.525686136523575;2988;3630;1762
331;hare;4750;;0.8355789473684211;0.38303416328894035;0.8355789473684211;0.5252779248279513;3969;6393;781
718;pier;4750;;0.4917894736842105;0.5635705669481302;0.4917894736842105;0.525238898257448;2336;1809;2414
269;timber_wolf;4750;;0.5692631578947368;0.4865059373875495;0.5692631578947368;0.5246410554908809;2704;2854;2046
651;microwave;4750;;0.47010526315789475;0.5899603698811097;0.47010526315789475;0.5232571763327476;2233;1552;2517
596;hatchet;4750;;0.4572631578947368;0.6101123595505618;0.4572631578947368;0.5227436823104693;2172;1388;2578
502;clog;4750;;0.5543157894736842;0.4945529676934636;0.5543157894736842;0.5227317847925352;2633;2691;2117
660;mobile_home;4750;;0.6170526315789474;0.45099246037851975;0.6170526315789474;0.5211129878211397;2931;3568;1819
371;patas;4750;;0.5265263157894737;0.5153513290747991;0.5265263157894737;0.5208788920129126;2501;2352;2249
187;Yorkshire_terrier;4750;;0.4962105263157895;0.5480120902115787;0.4962105263157895;0.5208264280190034;2357;1944;2393
845;syringe;4750;;0.3863157894736842;0.7981731187472815;0.3863157894736842;0.5206412257057739;1835;464;2915
110;flatworm;4750;;0.7711578947368422;0.3923942153186931;0.7711578947368422;0.5201277955271566;3663;5672;1087
778;scale;4750;;0.43157894736842106;0.6518282988871225;0.43157894736842106;0.51931602279924;2050;1095;2700
115;sea_slug;4750;;0.6178947368421053;0.44727217311795187;0.6178947368421053;0.5189179632248939;2935;3627;1815
797;sleeping_bag;4750;;0.452;0.6082152974504249;0.452;0.5185990338164251;2147;1383;2603
793;shower_cap;4750;;0.5263157894736842;0.5109339873288371;0.5263157894736842;0.5185108368764907;2500;2393;2250
599;honeycomb;4750;;0.5966315789473684;0.45717051137280207;0.5966315789473684;0.5176728468353273;2834;3365;1916
706;patio;4750;;0.4048421052631579;0.71566803126163;0.4048421052631579;0.5171440096813231;1923;764;2827
751;racer;4750;;0.676;0.4186986569304994;0.676;0.5171108784926323;3211;4458;1539
815;spider_web;4750;;0.42210526315789476;0.6665558510638298;0.42210526315789476;0.5168857953080691;2005;1003;2745
595;harvester;4750;;0.5149473684210526;0.5184400169563375;0.5149473684210526;0.516687790452049;2446;2272;2304
185;Norfolk_terrier;4750;;0.44821052631578945;0.6093302804808243;0.44821052631578945;0.5164968461911693;2129;1365;2621
170;Irish_wolfhound;4750;;0.49473684210526314;0.539609644087256;0.49473684210526314;0.5161998901702362;2350;2005;2400
418;ballpoint;4750;;0.5284210526315789;0.5036115569823435;0.5284210526315789;0.5157181014998972;2510;2474;2240
463;bucket;4750;;0.42905263157894735;0.6449367088607595;0.42905263157894735;0.5152970922882428;2038;1122;2712
312;cricket;4750;;0.4513684210526316;0.6002239641657335;0.4513684210526316;0.5152607546262918;2144;1428;2606
697;pajama;4750;;0.5227368421052632;0.5071486928104575;0.5227368421052632;0.5148247978436657;2483;2413;2267
408;amphibian;4750;;0.6223157894736842;0.43805572021339656;0.6223157894736842;0.5141763785006087;2956;3792;1794
508;computer_keyboard;4750;;0.4703157894736842;0.5661429295489103;0.4703157894736842;0.5137994480220791;2234;1712;2516
709;pencil_box;4750;;0.3911578947368421;0.7464845319405383;0.3911578947368421;0.5133305705207901;1858;631;2892
119;rock_crab;4750;;0.49642105263157893;0.5292929292929293;0.49642105263157893;0.5123302552960347;2358;2097;2392
246;Great_Dane;4750;;0.5696842105263158;0.4635149023638232;0.5696842105263158;0.511144692104269;2706;3132;2044
230;Shetland_sheepdog;4750;;0.3856842105263158;0.7570247933884298;0.3856842105263158;0.511018131101813;1832;588;2918
200;Tibetan_terrier;4750;;0.44252631578947366;0.6036760482481333;0.44252631578947366;0.510689990281827;2102;1380;2648
58;water_snake;4750;;0.4629473684210526;0.5674838709677419;0.4629473684210526;0.5099130434782608;2199;1676;2551
184;Irish_terrier;4750;;0.3793684210526316;0.7747205503009458;0.3793684210526316;0.509327303561334;1802;524;2948
844;switch;4750;;0.584421052631579;0.45116203477978223;0.584421052631579;0.5092176465193066;2776;3377;1974
345;ox;4750;;0.5147368421052632;0.5037082818294191;0.5147368421052632;0.5091628488129946;2445;2409;2305
972;cliff;4750;;0.43705263157894736;0.6079062957540263;0.43705263157894736;0.5085119412124922;2076;1339;2674
206;curly-coated_retriever;4750;;0.6734736842105263;0.40829610721123166;0.6734736842105263;0.5083829956297179;3199;4636;1551
513;cornet;4750;;0.42336842105263156;0.6359898798228969;0.42336842105263156;0.5083417593528817;2011;1151;2739
413;assault_rifle;4750;;0.7349473684210527;0.3875013875013875;0.7349473684210527;0.5074496693073625;3491;5518;1259
151;Chihuahua;4750;;0.5023157894736842;0.5124570446735395;0.5023157894736842;0.5073357431426748;2386;2270;2364
710;pencil_sharpener;4750;;0.47178947368421054;0.545653761869978;0.47178947368421054;0.5060404200067742;2241;1866;2509
590;hand-held_computer;4750;;0.6362105263157894;0.41943095072866066;0.6362105263157894;0.5055625261396904;3022;4183;1728
257;Great_Pyrenees;4750;;0.43115789473684213;0.6097052694254242;0.43115789473684213;0.5051177703785917;2048;1311;2702
445;bikini;4750;;0.5126315789473684;0.49602770421674475;0.5126315789473684;0.5041929806398178;2435;2474;2315
544;Dutch_oven;4750;;0.3903157894736842;0.7106170946722883;0.3903157894736842;0.5038728088055443;1854;755;2896
977;sandbar;4750;;0.4762105263157895;0.5337423312883436;0.4762105263157895;0.5033377837116155;2262;1976;2488
519;crate;4750;;0.4421052631578947;0.5830094392004442;0.4421052631578947;0.5028735632183908;2100;1502;2650
624;library;4750;;0.4086315789473684;0.6535353535353535;0.4086315789473684;0.5028497409326426;1941;1029;2809
631;lotion;4750;;0.5151578947368421;0.48949789957991596;0.5151578947368421;0.502000205149246;2447;2552;2303
250;Siberian_husky;4750;;0.5153684210526316;0.48862275449101794;0.5153684210526316;0.5016393442622951;2448;2562;2302
644;matchstick;4750;;0.5974736842105263;0.4321608040201005;0.5974736842105263;0.5015463462048245;2838;3729;1912
402;acoustic_guitar;4750;;0.4103157894736842;0.6425980877019453;0.4103157894736842;0.5008351535397662;1949;1084;2801
935;mashed_potato;4750;;0.36294736842105263;0.8044797013532431;0.36294736842105263;0.5002176120702162;1724;419;3026
996;hen-of-the-woods;4750;;0.732;0.3797509829619921;0.732;0.5000719114051488;3477;5679;1273
861;toilet_seat;4750;;0.4665263157894737;0.5370819195346582;0.4665263157894737;0.49932401982875163;2216;1910;2534
705;passenger_car;4750;;0.42210526315789476;0.6101643335362142;0.42210526315789476;0.4990044798407167;2005;1281;2745
523;crutch;4750;;0.3848421052631579;0.7079783113865221;0.3848421052631579;0.49863611565739224;1828;754;2922
587;hammer;4750;;0.4071578947368421;0.641885164288085;0.4071578947368421;0.4982609815792863;1934;1079;2816
399;abaya;4750;;0.6915789473684211;0.3870625662778367;0.6915789473684211;0.4963360278008612;3285;5202;1465
928;ice_cream;4750;;0.38063157894736843;0.7129337539432177;0.38063157894736843;0.4962942629700796;1808;728;2942
865;toyshop;4750;;0.5970526315789474;0.42461446324300045;0.5970526315789474;0.4962813894478957;2836;3843;1914
824;stole;4750;;0.5433684210526316;0.4565717318238104;0.5433684210526316;0.49620301836008845;2581;3072;2169
787;shield;4750;;0.4322105263157895;0.5822461712989223;0.4322105263157895;0.49613339777670373;2053;1473;2697
883;vase;4750;;0.4825263157894737;0.5102404274265361;0.4825263157894737;0.4959965375459857;2292;2200;2458
907;wine_bottle;4750;;0.4612631578947368;0.535042735042735;0.4612631578947368;0.49542114188807235;2191;1904;2559
643;mask;4750;;0.4917894736842105;0.49893208030756087;0.4917894736842105;0.49533502968617477;2336;2346;2414
197;giant_schnauzer;4750;;0.3848421052631579;0.691900075700227;0.3848421052631579;0.4945887445887445;1828;814;2922
626;lighter;4750;;0.5212631578947369;0.46929492039423804;0.5212631578947369;0.4939158188709356;2476;2800;2274
650;microphone;4750;;0.38905263157894737;0.675932699341624;0.38905263157894737;0.49385355424906463;1848;886;2902
464;buckle;4750;;0.39221052631578945;0.6655948553054662;0.39221052631578945;0.49357530798781296;1863;936;2887
534;dishwasher;4750;;0.4271578947368421;0.5830459770114943;0.4271578947368421;0.49307411907654924;2029;1451;2721
749;quill;4750;;0.644;0.39945155393053017;0.644;0.4930689877498388;3059;4599;1691
656;minivan;4750;;0.41936842105263156;0.5962286740496857;0.41936842105263156;0.4923989618094179;1992;1349;2758
202;soft-coated_wheaten_terrier;4750;;0.35957894736842105;0.7806215722120659;0.35957894736842105;0.49236091092533874;1708;480;3042
667;mortarboard;4750;;0.356;0.7972654408297972;0.356;0.49221365157910046;1691;430;3059
851;television;4750;;0.5522105263157895;0.44240175409006577;0.5522105263157895;0.49124449854855323;2623;3306;2127
676;muzzle;4750;;0.4957894736842105;0.4849670510708402;0.4957894736842105;0.49031855090568394;2355;2501;2395
226;briard;4750;;0.4572631578947368;0.5282101167315175;0.4572631578947368;0.4901828029790115;2172;1940;2578
674;mousetrap;4750;;0.7501052631578947;0.36390562761719947;0.7501052631578947;0.49006258166563516;3563;6228;1187
529;diaper;4750;;0.456;0.5291961886147081;0.456;0.4898790003392514;2166;1927;2584
970;alp;4750;;0.47010526315789475;0.5109839816933639;0.47010526315789475;0.48969298245614035;2233;2137;2517
204;Lhasa;4750;;0.35705263157894734;0.7776249426868409;0.35705263157894734;0.48939546962920216;1696;485;3054
481;cassette;4750;;0.6082105263157894;0.40914884577255345;0.6082105263157894;0.4892049784099568;2889;4172;1861
662;modem;4750;;0.4936842105263158;0.4827089337175792;0.4936842105263158;0.4881348875936719;2345;2513;2405
702;parallel_bars;4750;;0.684;0.37604166666666666;0.684;0.4852875280059746;3249;5391;1501
476;carousel;4750;;0.8555789473684211;0.3383846794338052;0.8555789473684211;0.484964200477327;4064;7946;686
680;nipple;4750;;0.5509473684210526;0.43284816407542176;0.5509473684210526;0.484809188588366;2617;3429;2133
468;cab;4750;;0.6427368421052632;0.3889667473563511;0.6427368421052632;0.48464163822525597;3053;4796;1697
775;sarong;4750;;0.5425263157894736;0.4378185524974516;0.5425263157894736;0.4845806694245957;2577;3309;2173
976;promontory;4750;;0.4376842105263158;0.5408428720083247;0.4376842105263158;0.48382592506399813;2079;1765;2671
543;dumbbell;4750;;0.46757894736842104;0.5003379139445822;0.46757894736842104;0.48340407008379593;2221;2218;2529
5;electric_ray;4750;;0.712;0.36589851779725197;0.712;0.4833845494175659;3382;5861;1368
828;strainer;4750;;0.3644210526315789;0.7164735099337748;0.3644210526315789;0.4831147083449623;1731;685;3019
341;hog;4750;;0.6096842105263158;0.40005525625086336;0.6096842105263158;0.48310951705730243;2896;4343;1854
827;stove;4750;;0.41747368421052633;0.572129255626082;0.41747368421052633;0.48271665043816947;1983;1483;2767
493;chiffonier;4750;;0.3873684210526316;0.6391108023619312;0.3873684210526316;0.4823699043124918;1840;1039;2910
272;coyote;4750;;0.5463157894736842;0.43049104180491043;0.5463157894736842;0.48153646316570786;2595;3433;2155
479;car_wheel;4750;;0.36673684210526314;0.6962430055955235;0.36673684210526314;0.48041919470490896;1742;760;3008
124;crayfish;4750;;0.35726315789473684;0.7264554794520548;0.35726315789473684;0.4789726220716907;1697;639;3053
434;bath_towel;4750;;0.3665263157894737;0.6908730158730159;0.3665263157894737;0.47895460797799166;1741;779;3009
473;can_opener;4750;;0.596;0.3996893971481011;0.596;0.47849235189723655;2831;4252;1919
841;sweatshirt;4750;;0.4991578947368421;0.45914020139426803;0.4991578947368421;0.4783134960661691;2371;2793;2379
166;Walker_hound;4750;;0.5244210526315789;0.43770866280091375;0.5244210526315789;0.4771573604060914;2491;3200;2259
271;red_wolf;4750;;0.4751578947368421;0.4779754341380771;0.4751578947368421;0.4765625;2257;2465;2493
663;monastery;4750;;0.6250526315789474;0.38379007238883145;0.6250526315789474;0.4755726413583214;2969;4767;1781
35;mud_turtle;4750;;0.5111578947368421;0.4442005122575924;0.5111578947368421;0.4753328112764291;2428;3038;2322
542;drumstick;4750;;0.47536842105263155;0.47456914670029426;0.47536842105263155;0.4749684476230543;2258;2500;2492
505;coffeepot;4750;;0.4711578947368421;0.47851186658114175;0.4711578947368421;0.4748064071284608;2238;2439;2512
497;church;4750;;0.4286315789473684;0.5259622836476363;0.4286315789473684;0.47233499594014616;2036;1835;2714
158;toy_terrier;4750;;0.5776842105263158;0.3975659229208925;0.5776842105263158;0.4709921043597666;2744;4158;2006
925;consomme;4750;;0.647578947368421;0.3692233825471132;0.647578947368421;0.47030043574650254;3076;5255;1674
998;ear;4750;;0.5684210526315789;0.4008313539192399;0.5684210526315789;0.4701375587671949;2700;4036;2050
819;stage;4750;;0.48336842105263156;0.4561891515994437;0.48336842105263156;0.4693856690176837;2296;2737;2454
591;handkerchief;4750;;0.5016842105263158;0.44088806660499535;0.5016842105263158;0.46932545544066967;2383;3022;2367
168;redbone;4750;;0.6623157894736842;0.36223373632700057;0.6623157894736842;0.46832899144026796;3146;5539;1604
281;tabby;4750;;0.5570526315789474;0.401213040181956;0.5570526315789474;0.46646099603349495;2646;3949;2104
811;space_heater;4750;;0.4473684210526316;0.48416495784916835;0.4473684210526316;0.4650399387241492;2125;2264;2625
917;comic_book;4750;;0.5216842105263158;0.41872254139912135;0.5216842105263158;0.4645669291338583;2478;3440;2272
412;ashcan;4750;;0.38105263157894737;0.5932481153720092;0.38105263157894737;0.46404307140110235;1810;1241;2940
62;rock_python;4750;;0.5029473684210526;0.43045045045045044;0.5029473684210526;0.463883495145631;2389;3161;2361
509;confectionery;4750;;0.39473684210526316;0.5603705917513448;0.39473684210526316;0.46319169960474305;1875;1471;2875
652;military_uniform;4750;;0.34926315789473683;0.6858205870194295;0.34926315789473683;0.4628260566327242;1659;760;3091
36;terrapin;4750;;0.43136842105263157;0.49588576960309777;0.43136842105263157;0.461382571492907;2049;2083;2701
541;drum;4750;;0.36947368421052634;0.6051724137931035;0.36947368421052634;0.4588235294117648;1755;1145;2995
677;nail;4750;;0.5473684210526316;0.39447731755424065;0.5473684210526316;0.4585133586103518;2600;3991;2150
358;polecat;4750;;0.519578947368421;0.40935478520484325;0.519578947368421;0.4579274515261156;2468;3561;2282
460;breakwater;4750;;0.3376842105263158;0.701048951048951;0.3376842105263158;0.4558113100312589;1604;684;3146
893;wallet;4750;;0.4528421052631579;0.45775696956799317;0.4528421052631579;0.4552862736797545;2151;2548;2599
683;oboe;4750;;0.5244210526315789;0.400804505229284;0.5244210526315789;0.4543547651618787;2491;3724;2259
910;wooden_spoon;4750;;0.3372631578947368;0.6920086393088553;0.3372631578947368;0.45350318471337575;1602;713;3148
962;meat_loaf;4750;;0.5027368421052631;0.4116531632477159;0.5027368421052631;0.45265851578049476;2388;3413;2362
374;langur;4750;;0.5821052631578948;0.3696524064171123;0.5821052631578948;0.45216680294358136;2765;4715;1985
359;black-footed_ferret;4750;;0.35768421052631577;0.6087423862414905;0.35768421052631577;0.45060336825354724;1699;1092;3051
834;suit;4750;;0.44484210526315787;0.4564700799308706;0.44484210526315787;0.4505810854035611;2113;2516;2637
469;caldron;4750;;0.48757894736842106;0.41873079009220754;0.48757894736842106;0.45053983075576304;2316;3215;2434
6;stingray;4750;;0.3134736842105263;0.7996777658431794;0.3134736842105263;0.4503932244404114;1489;373;3261
743;prison;4750;;0.7046315789473684;0.33033951835767866;0.7046315789473684;0.44980513371858627;3347;6785;1403
767;rubber_eraser;4750;;0.4296842105263158;0.4715804066543438;0.4296842105263158;0.44965851509142984;2041;2287;2709
446;binder;4750;;0.4458947368421053;0.45227418321588725;0.4458947368421053;0.449061804304039;2118;2565;2632
516;cradle;4750;;0.45052631578947366;0.44435215946843853;0.45052631578947366;0.4474179385323019;2140;2676;2610
390;eel;4750;;0.5206315789473684;0.39135939230890965;0.5206315789473684;0.4468334989610624;2473;3846;2277
960;chocolate_sauce;4750;;0.3431578947368421;0.6347352024922118;0.3431578947368421;0.44547690625854053;1630;938;3120
526;desk;4750;;0.48589473684210527;0.40972838629504704;0.48589473684210527;0.44457285948184533;2308;3325;2442
762;restaurant;4750;;0.41368421052631577;0.4781021897810219;0.41368421052631577;0.4435665914221219;1965;2145;2785
470;candle;4750;;0.5250526315789473;0.3809960281087687;0.5250526315789473;0.44157223796033995;2494;4052;2256
619;lampshade;4750;;0.35410526315789476;0.5850434782608696;0.35410526315789476;0.4411803278688525;1682;1193;3068
980;volcano;4750;;0.5981052631578947;0.3468864468864469;0.5981052631578947;0.4391035548686244;2841;5349;1909
438;beaker;4750;;0.5903157894736842;0.3482364629905613;0.5903157894736842;0.43805655366349006;2804;5248;1946
515;cowboy_hat;4750;;0.34378947368421053;0.6034737620103474;0.34378947368421053;0.4380364806866953;1633;1073;3117
380;titi;4750;;0.6623157894736842;0.3260103626943005;0.6623157894736842;0.4369444444444444;3146;6504;1604
975;lakeside;4750;;0.5288421052631579;0.36554132712456344;0.5288421052631579;0.432283600068835;2512;4360;2238
193;Australian_terrier;4750;;0.4301052631578947;0.4318325935320228;0.4301052631578947;0.4309671975530007;2043;2688;2707
567;frying_pan;4750;;0.4103157894736842;0.453572259716081;0.4103157894736842;0.43086105891455734;1949;2348;2801
233;Bouvier_des_Flandres;4750;;0.6629473684210526;0.3184346243300637;0.6629473684210526;0.43022064348657696;3149;6740;1601
188;wire-haired_fox_terrier;4750;;0.6875789473684211;0.3112847884102173;0.6875789473684211;0.42855268337488517;3266;7226;1484
558;flute;4750;;0.4010526315789474;0.4556326237742167;0.4010526315789474;0.42660396372186765;1905;2276;2845
504;coffee_mug;4750;;0.33873684210526317;0.5728017087931648;0.33873684210526317;0.4257176875248049;1609;1200;3141
424;barbershop;4750;;0.34378947368421053;0.5580997949419002;0.34378947368421053;0.42548202188639916;1633;1293;3117
32;tailed_frog;4750;;0.5827368421052631;0.3322530308486376;0.5827368421052631;0.42320923476798405;2768;5563;1982
689;overskirt;4750;;0.5258947368421053;0.3540249433106576;0.5258947368421053;0.4231746569540912;2498;4558;2252
947;mushroom;4750;;0.35578947368421054;0.5165036674816625;0.35578947368421054;0.42134131139366743;1690;1582;3060
655;miniskirt;4750;;0.3682105263157895;0.4917064942367163;0.3682105263157895;0.4210906464427592;1749;1808;3001
356;weasel;4750;;0.3936842105263158;0.45179995167914955;0.3936842105263158;0.42074474069074136;1870;2269;2880
696;paintbrush;4750;;0.5831578947368421;0.326419985859062;0.5831578947368421;0.4185554548201874;2770;5716;1980
898;water_bottle;4750;;0.33452631578947367;0.5577395577395577;0.33452631578947367;0.4182129227529938;1589;1260;3161
189;Lakeland_terrier;4750;;0.5008421052631579;0.35806742925948226;0.5008421052631579;0.41758820431806215;2379;4265;2371
66;horned_viper;4750;;0.45873684210526317;0.3806778476589797;0.45873684210526317;0.4160779071987779;2179;3545;2571
725;pitcher;4750;;0.336;0.5424881033310673;0.336;0.41497659906396256;1596;1346;3154
748;purse;4750;;0.34378947368421053;0.5167721518987342;0.34378947368421053;0.41289506953223765;1633;1527;3117
67;diamondback;4750;;0.2894736842105263;0.7195185766614338;0.2894736842105263;0.41285092328479206;1375;536;3375
733;pole;4750;;0.3414736842105263;0.5180453529223891;0.3414736842105263;0.41162289049613;1622;1509;3128
454;bookshop;4750;;0.29957894736842106;0.6554583141409489;0.29957894736842106;0.41121225256465826;1423;748;3327
622;lens_cap;4750;;0.26105263157894737;0.9501915708812261;0.26105263157894737;0.40957886044591246;1240;65;3510
499;cleaver;4750;;0.35810526315789476;0.4764705882352941;0.35810526315789476;0.40889423076923076;1701;1869;3049
905;window_shade;4750;;0.516421052631579;0.33839150227617604;0.516421052631579;0.4088674056171348;2453;4796;2297
26;common_newt;4750;;0.5778947368421052;0.3131059655526406;0.5778947368421052;0.4061552119553155;2745;6022;2005
856;thresher;4750;;0.7018947368421052;0.28559191365427444;0.7018947368421052;0.4059912323429128;3334;8340;1416
804;soap_dispenser;4750;;0.3530526315789474;0.47507082152974506;0.3530526315789474;0.4050724637681159;1677;1853;3073
201;silky_terrier;4750;;0.26021052631578945;0.906158357771261;0.26021052631578945;0.4043179587831206;1236;128;3514
539;doormat;4750;;0.39452631578947367;0.4032709274800947;0.39452631578947367;0.3988506970309673;1874;2773;2876
552;feather_boa;4750;;0.5509473684210526;0.31091837947012;0.5509473684210526;0.3975089238247133;2617;5800;2133
578;gown;4750;;0.267578947368421;0.7712378640776699;0.267578947368421;0.39731165989371675;1271;377;3479
266;miniature_poodle;4750;;0.3543157894736842;0.45181208053691274;0.3543157894736842;0.39716814159292035;1683;2042;3067
536;dock;4750;;0.29873684210526313;0.591743119266055;0.29873684210526313;0.3970341354224958;1419;979;3331
285;Egyptian_cat;4750;;0.3778947368421053;0.4140715109573241;0.3778947368421053;0.3951568519537699;1795;2540;2955
810;space_bar;4750;;0.36126315789473684;0.4353120243531202;0.36126315789473684;0.3948458352508053;1716;2226;3034
77;wolf_spider;4750;;0.264;0.7618469015795869;0.264;0.39212007504690427;1254;392;3496
731;plunger;4750;;0.37157894736842106;0.41296209639681797;0.37157894736842106;0.3911790780141844;1765;2509;2985
238;Greater_Swiss_Mountain_dog;4750;;0.33157894736842103;0.4764065335753176;0.33157894736842103;0.391012909632572;1575;1731;3175
419;Band_Aid;4750;;0.6578947368421053;0.2780991367802794;0.6578947368421053;0.3909426408957278;3125;8112;1625
700;paper_towel;4750;;0.3551578947368421;0.4332306111967129;0.3551578947368421;0.3903285515964831;1687;2207;3063
747;punching_bag;4750;;0.6303157894736842;0.2816027088036117;0.6303157894736842;0.3892861786503705;2994;7638;1756
163;bloodhound;4750;;0.33810526315789474;0.45534448539835554;0.33810526315789474;0.3880633079618219;1606;1921;3144
584;hair_slide;4750;;0.5061052631578947;0.3140431090790333;0.5061052631578947;0.3875856509471987;2404;5251;2346
623;letter_opener;4750;;0.38252631578947366;0.39151045033397974;0.38252631578947366;0.38696624427643483;1817;2824;2933
639;maillot;4750;;0.4802105263157895;0.3239136608917921;0.4802105263157895;0.3868724559023067;2281;4761;2469
739;potter's_wheel;4750;;0.8743157894736842;0.24825153924323032;0.8743157894736842;0.3867032915871316;4153;12576;597
813;spatula;4750;;0.43305263157894736;0.3489989820156091;0.43305263157894736;0.38650883126644114;2057;3837;2693
348;ram;4750;;0.24442105263157896;0.9156151419558359;0.24442105263157896;0.38584247258225324;1161;107;3589
633;loupe;4750;;0.39978947368421053;0.3691679626749611;0.39978947368421053;0.38386901152213465;1899;3245;2851
478;carton;4750;;0.268;0.6756900212314225;0.268;0.38378052457039497;1273;611;3477
969;eggnog;4750;;0.45810526315789474;0.3296470231783063;0.45810526315789474;0.3834023434058673;2176;4425;2574
183;Kerry_blue_terrier;4750;;0.6246315789473684;0.27646291464778233;0.6246315789473684;0.38328381346079315;2967;7765;1783
524;cuirass;4750;;0.29747368421052633;0.5304054054054054;0.29747368421052633;0.3811707580253575;1413;1251;3337
55;green_snake;4750;;0.2513684210526316;0.7834645669291339;0.2513684210526316;0.3806184252470513;1194;330;3556
103;platypus;4750;;0.7086315789473684;0.25972222222222224;0.7086315789473684;0.38012422360248443;3366;9594;1384
909;wok;4750;;0.3334736842105263;0.4402445803224013;0.3334736842105263;0.3794920939147101;1584;2014;3166
678;neck_brace;4750;;0.5469473684210526;0.2898259705488621;0.5469473684210526;0.37888289339361236;2598;6366;2152
906;Windsor_tie;4750;;0.5225263157894737;0.2967479674796748;0.5225263157894737;0.3785267652890041;2482;5882;2268
600;hook;4750;;0.3004210526315789;0.5081908831908832;0.3004210526315789;0.37761312516538764;1427;1381;3323
794;shower_curtain;4750;;0.5711578947368421;0.27946023897816236;0.5711578947368421;0.3752939549038594;2713;6995;2037
111;nematode;4750;;0.8326315789473684;0.2417481662591687;0.8326315789473684;0.3747039317858834;3955;12405;795
461;breastplate;4750;;0.5541052631578948;0.2812566787775166;0.5541052631578948;0.3731216331159626;2632;6726;2118
741;prayer_rug;4750;;0.6922105263157895;0.25474548694506854;0.6922105263157895;0.37243019765532076;3288;9619;1462
742;printer;4750;;0.24252631578947367;0.8;0.24252631578947367;0.3722132471728594;1152;288;3598
78;tick;4750;;0.751578947368421;0.24671734623358674;0.751578947368421;0.37148803329864727;3570;10900;1180
435;bathtub;4750;;0.3389473684210526;0.40966921119592875;0.3389473684210526;0.3709677419354838;1610;2320;3140
381;spider_monkey;4750;;0.2581052631578947;0.6402088772845953;0.2581052631578947;0.36789197299324833;1226;689;3524
764;rifle;4750;;0.25284210526315787;0.6747191011235955;0.25284210526315787;0.3678407350689127;1201;579;3549
221;Irish_water_spaniel;4750;;0.7587368421052632;0.24209041445556526;0.7587368421052632;0.3670621785405102;3604;11283;1146
488;chain;4750;;0.4105263157894737;0.330844927044452;0.4105263157894737;0.36640360766629093;1950;3944;2800
784;screwdriver;4750;;0.2922105263157895;0.49045936395759715;0.2922105263157895;0.36622691292875986;1388;1442;3362
585;hair_spray;4750;;0.43242105263157893;0.31507899984660226;0.43242105263157893;0.36453988818883665;2054;4465;2696
836;sunglass;4750;;0.39221052631578945;0.3379898403483309;0.39221052631578945;0.3630871175209511;1863;3649;2887
921;book_jacket;4750;;0.46989473684210525;0.29229963331587216;0.46989473684210525;0.36040691102858063;2232;5404;2518
772;safety_pin;4750;;0.535578947368421;0.27147582968733325;0.535578947368421;0.3603144253239855;2544;6827;2206
167;English_foxhound;4750;;0.268;0.5400933389902418;0.268;0.3582383565498804;1273;1084;3477
712;Petri_dish;4750;;0.6896842105263158;0.23853211009174313;0.6896842105263158;0.3544687297121835;3276;10458;1474
904;window_screen;4750;;0.5724210526315789;0.25619523226231977;0.5724210526315789;0.3539673240903469;2719;7894;2031
527;desktop_computer;4750;;0.3522105263157895;0.3545242636151727;0.3522105263157895;0.3533636075615165;1673;3046;3077
968;cup;4750;;0.3082105263157895;0.40175631174533477;0.3082105263157895;0.3488205861329521;1464;2180;3286
414;backpack;4750;;0.23894736842105263;0.6445201590005678;0.23894736842105263;0.34864076178774384;1135;626;3615
556;fire_screen;4750;;0.6008421052631578;0.24246028374819473;0.6008421052631578;0.34549966709036983;2854;8917;1896
868;tray;4750;;0.3585263157894737;0.3315809968847352;0.3585263157894737;0.34452761480882055;1703;3433;3047
675;moving_van;4750;;0.531578947368421;0.254331184528606;0.531578947368421;0.34405232320479634;2525;7403;2225
911;wool;4750;;0.3290526315789474;0.3587330732155153;0.3290526315789474;0.34325244317557924;1563;2794;3187
809;soup_bowl;4750;;0.24042105263157895;0.5901808785529715;0.24042105263157895;0.34166043380703065;1142;793;3608
999;toilet_tissue;4750;;0.2431578947368421;0.5620437956204379;0.2431578947368421;0.33945628214548124;1155;900;3595
46;green_lizard;4750;;0.2791578947368421;0.43107932379713915;0.2791578947368421;0.3388704318936877;1326;1750;3424
248;Eskimo_dog;4750;;0.2911578947368421;0.39718552556002296;0.2911578947368421;0.3360058309037901;1383;2099;3367
482;cassette_player;4750;;0.4648421052631579;0.2624821683309558;0.4648421052631579;0.33551132046801396;2208;6204;2542
692;packet;4750;;0.45389473684210524;0.2609853528628495;0.45389473684210524;0.33141188225347784;2156;6105;2594
961;dough;4750;;0.2231578947368421;0.6057142857142858;0.2231578947368421;0.3261538461538461;1060;690;3690
501;cloak;4750;;0.37873684210526315;0.2862370723945903;0.37873684210526315;0.32605346624376985;1799;4486;2951
860;tobacco_shop;4750;;0.5890526315789474;0.2253906879329789;0.5890526315789474;0.32603122815194596;2798;9616;1952
923;plate;4750;;0.34842105263157896;0.30568895456224604;0.34842105263157896;0.32565918929555293;1655;3759;3095
415;bakery;4750;;0.2593684210526316;0.4357976653696498;0.2593684210526316;0.3251946680744358;1232;1595;3518
54;hognose_snake;4750;;0.2071578947368421;0.7365269461077845;0.2071578947368421;0.3233651002300362;984;352;3766
978;seashore;4750;;0.31642105263157894;0.3262426741914478;0.31642105263157894;0.32125681308111576;1503;3104;3247
838;sunscreen;4750;;0.25705263157894737;0.42410559221952066;0.25705263157894737;0.32009437672040897;1221;1658;3529
265;toy_poodle;4750;;0.3151578947368421;0.3229076790336497;0.3151578947368421;0.31898572341785636;1497;3139;3253
673;mouse;4750;;0.21852631578947368;0.5638240086909289;0.21852631578947368;0.3149749658625398;1038;803;3712
620;laptop;4750;;0.3094736842105263;0.2980535279805353;0.3094736842105263;0.3036562693658335;1470;3462;3280
68;sidewinder;4750;;0.38252631578947366;0.2515575245742766;0.38252631578947366;0.303516244884323;1817;5406;2933
485;CD_player;4750;;0.21010526315789474;0.4921104536489152;0.21010526315789474;0.294482148126291;998;1030;3752
549;envelope;4750;;0.3256842105263158;0.26617343427391604;0.3256842105263158;0.2929369437606514;1547;4265;3203
818;spotlight;4750;;0.31305263157894736;0.26440256045519206;0.31305263157894736;0.2866782340466551;1487;4137;3263
782;screen;4750;;0.33410526315789474;0.23283450704225353;0.33410526315789474;0.2744250389071416;1587;5229;3163
754;radio;4750;;0.1694736842105263;0.7042869641294838;0.1694736842105263;0.2732054980485321;805;338;3945
657;missile;4750;;0.32463157894736844;0.23409746470320328;0.32463157894736844;0.2720296374702302;1542;5045;3208
973;coral_reef;4750;;0.504;0.18525110268513503;0.504;0.2709217450347989;2394;10529;2356
848;tape_player;4750;;0.23663157894736842;0.2862964849719817;0.23663157894736842;0.2591055786076533;1124;2802;3626
728;plastic_bag;4750;;0.2827368421052632;0.2226828055048914;0.2827368421052632;0.24914200909006587;1343;4688;3407
799;sliding_door;4750;;0.15389473684210525;0.5824701195219123;0.15389473684210525;0.24346378018318068;731;524;4019
987;corn;4750;;0.18021052631578946;0.3616392057456696;0.18021052631578946;0.24055079387382325;856;1511;3894
618;ladle;4750;;0.172;0.38195418419822347;0.172;0.23718972274640734;817;1322;3933
876;tub;4750;;0.18021052631578946;0.345718901453958;0.18021052631578946;0.23692222529753665;856;1620;3894
73;barn_spider;4750;;0.8033684210526316;0.13379145922445831;0.8033684210526316;0.2293820629959125;3816;24706;934
611;jigsaw_puzzle;4750;;0.6890526315789474;0.13644890982615585;0.6890526315789474;0.22778995719803738;3273;20714;1477
60;night_snake;4750;;0.13810526315789473;0.64;0.13810526315789473;0.22718614718614719;656;369;4094
744;projectile;4750;;0.31726315789473686;0.16109032602886156;0.31726315789473686;0.2136830911024459;1507;7848;3243
837;sunglasses;4750;;0.12631578947368421;0.5004170141784821;0.12631578947368421;0.20171457387796268;600;599;4150
899;water_jug;4750;;0.13389473684210526;0.357504215851602;0.13389473684210526;0.19482309695206004;636;1143;4114
74;garden_spider;4750;;0.11621052631578947;0.4419535628502802;0.11621052631578947;0.18403067177862978;552;697;4198
240;Appenzeller;4750;;0.11157894736842106;0.39640987284966345;0.11157894736842106;0.17414161327419092;530;807;4220
664;monitor;4750;;0.10631578947368421;0.3013126491646778;0.10631578947368421;0.15717398070339247;505;1171;4245
282;tiger_cat;4750;;0.09978947368421053;0.3640552995391705;0.09978947368421053;0.1566424322538004;474;828;4276
638;maillot;4750;;0.07768421052631579;0.27975739196360877;0.07768421052631579;0.12160158180919427;369;950;4381
681;notebook;4750;;0.0848421052631579;0.21011470281543274;0.0848421052631579;0.12087582483503298;403;1515;4347
885;velvet;4750;;0.23557894736842105;0.07410596026490066;0.23557894736842105;0.11274559193954661;1119;13981;3631
