class_idx;class_label;support;base_accuracy;overall_accuracy;precision;recall;f1;tp;fp;fn
986;yellow_lady's_slipper;4750;;0.9503157894736842;0.9410047946633312;0.9503157894736842;0.9456373729967529;4514;283;236
685;odometer;4750;;0.9317894736842105;0.9419025324537136;0.9317894736842105;0.9368187109747063;4426;273;324
100;black_swan;4750;;0.9242105263157895;0.9422622880446447;0.9242105263157895;0.9331491125518121;4390;269;360
88;macaw;4750;;0.9147368421052632;0.9412911611785095;0.9147368421052632;0.9278240444159727;4345;271;405
136;European_gallinule;4750;;0.9004210526315789;0.944150110375276;0.9004210526315789;0.9217672413793103;4277;253;473
90;lorikeet;4750;;0.9475789473684211;0.8911106711542269;0.9475789473684211;0.9184777063564943;4501;550;249
9;ostrich;4750;;0.879578947368421;0.952793614595211;0.879578947368421;0.9147235905856596;4178;207;572
340;zebra;4750;;0.9166315789473685;0.9068943970006249;0.9166315789473685;0.9117369908910062;4354;447;396
323;monarch;4750;;0.860421052631579;0.9659654927913023;0.860421052631579;0.9101436365660839;4087;144;663
900;water_tower;4750;;0.8869473684210526;0.9259340659340659;0.8869473684210526;0.9060215053763441;4213;337;537
135;limpkin;4750;;0.8387368421052631;0.9807976366322009;0.8387368421052631;0.9042215161143895;3984;78;766
130;flamingo;4750;;0.8477894736842105;0.9627061917284245;0.8477894736842105;0.9016008060002239;4027;156;723
129;spoonbill;4750;;0.9008421052631579;0.8997056349873843;0.9008421052631579;0.9002735114664423;4279;477;471
339;sorrel;4750;;0.9210526315789473;0.8792202572347267;0.9210526315789473;0.8996504215504834;4375;601;375
145;king_penguin;4750;;0.8414736842105263;0.9649927571221633;0.8414736842105263;0.8990103463787675;3997;145;753
376;proboscis_monkey;4750;;0.88;0.9172701338599956;0.88;0.8982486300633931;4180;377;570
0;tench;4750;;0.879578947368421;0.9138232720909887;0.879578947368421;0.8963741686333405;4178;394;572
92;bee_eater;4750;;0.8618947368421053;0.9334245326037391;0.8618947368421053;0.8962346760070052;4094;292;656
565;freight_car;4750;;0.8802105263157894;0.9122845297839843;0.8802105263157894;0.8959605700203578;4181;402;569
139;ruddy_turnstone;4750;;0.8827368421052632;0.9089529590288316;0.8827368421052632;0.8956531026380434;4193;420;557
321;admiral;4750;;0.8488421052631578;0.9453692848769051;0.8488421052631578;0.8945091514143094;4032;233;718
915;yurt;4750;;0.8661052631578947;0.9240790655884995;0.8661052631578947;0.894153444903282;4114;338;636
11;goldfinch;4750;;0.8901052631578947;0.8948148148148148;0.8901052631578947;0.8924538258575198;4228;497;522
255;Leonberg;4750;;0.8736842105263158;0.9075005466870764;0.8736842105263158;0.8902713718760057;4150;423;600
984;rapeseed;4750;;0.9589473684210527;0.8269789397240378;0.9589473684210527;0.8880873464612985;4555;953;195
388;giant_panda;4750;;0.8568421052631578;0.919774011299435;0.8568421052631578;0.8871934604904632;4070;355;680
19;chickadee;4750;;0.8461052631578947;0.929463459759482;0.8461052631578947;0.8858276394093013;4019;305;731
995;earthstar;4750;;0.9349473684210526;0.8412578139799204;0.9349473684210526;0.8856316681623292;4441;838;309
560;football_helmet;4750;;0.8427368421052631;0.9328827779072477;0.8427368421052631;0.885521513106957;4003;288;747
14;indigo_bunting;4750;;0.8945263157894737;0.875;0.8945263157894737;0.884655423693525;4249;607;501
15;robin;4750;;0.8496842105263158;0.9214611872146119;0.8496842105263158;0.8841182913472071;4036;344;714
17;jay;4750;;0.8566315789473684;0.9131508078994613;0.8566315789473684;0.8839887030197696;4069;387;681
430;basketball;4750;;0.8985263157894737;0.8692464358452139;0.8985263157894737;0.8836438923395444;4268;642;482
22;bald_eagle;4750;;0.872;0.8928648415606811;0.872;0.8823090850995845;4142;497;608
576;gondola;4750;;0.8877894736842106;0.8756229235880398;0.8877894736842106;0.8816642274722978;4217;599;533
143;oystercatcher;4750;;0.7989473684210526;0.9806201550387597;0.7989473684210526;0.8805104408352669;3795;75;955
387;lesser_panda;4750;;0.8905263157894737;0.8703703703703703;0.8905263157894737;0.8803329864724245;4230;630;520
24;great_grey_owl;4750;;0.8802105263157894;0.8794699200673117;0.8802105263157894;0.8798400673400674;4181;573;569
625;lifeboat;4750;;0.8871578947368421;0.8631708316263826;0.8871578947368421;0.875;4214;668;536
783;screw;4750;;0.8562105263157894;0.8907139728427508;0.8562105263157894;0.8731215113782739;4067;499;683
746;puck;4750;;0.8526315789473684;0.8920704845814978;0.8526315789473684;0.8719052744886975;4050;490;700
96;toucan;4750;;0.8286315789473684;0.9189820219472332;0.8286315789473684;0.871471272002657;3936;347;814
275;African_hunting_dog;4750;;0.895578947368421;0.8474103585657371;0.895578947368421;0.8708290685772775;4254;766;496
890;volleyball;4750;;0.8322105263157895;0.9099907918968693;0.8322105263157895;0.8693644160985264;3953;391;797
873;triumphal_arch;4750;;0.8187368421052632;0.9257319685789098;0.8187368421052632;0.8689531895877556;3889;312;861
284;Siamese_cat;4750;;0.8926315789473684;0.8464763425833499;0.8926315789473684;0.8689414899067527;4240;769;510
688;oscilloscope;4750;;0.8501052631578947;0.8880580602595117;0.8501052631578947;0.8686673120361407;4038;509;712
800;slot;4750;;0.8768421052631579;0.8600041296716912;0.8768421052631579;0.8683414990096946;4165;678;585
325;sulphur_butterfly;4750;;0.856;0.8783754590624325;0.856;0.867043394818211;4066;563;684
87;African_grey;4750;;0.7844210526315789;0.9660357791029297;0.7844210526315789;0.8658069013593587;3726;131;1024
396;lionfish;4750;;0.8054736842105263;0.9359099804305284;0.8054736842105263;0.865806743607151;3826;262;924
425;barn;4750;;0.8831578947368421;0.8438945886139609;0.8831578947368421;0.863079930048349;4195;776;555
863;totem_pole;4750;;0.8614736842105263;0.8607488430795119;0.8614736842105263;0.861111111111111;4092;662;658
102;echidna;4750;;0.8294736842105264;0.8924122310305775;0.8294736842105264;0.8597926895799236;3940;475;810
25;European_fire_salamander;4750;;0.8477894736842105;0.8716450216450217;0.8477894736842105;0.8595517609391675;4027;593;723
554;fireboat;4750;;0.8309473684210527;0.8877642825011246;0.8309473684210527;0.8584167029143105;3947;499;803
779;school_bus;4750;;0.8694736842105263;0.8473533032416906;0.8694736842105263;0.8582709891936825;4130;744;620
768;rugby_ball;4750;;0.8181052631578948;0.9018333720120678;0.8181052631578948;0.8579313389998896;3886;423;864
91;coucal;4750;;0.8338947368421052;0.8831661092530658;0.8338947368421052;0.8578234975636168;3961;524;789
528;dial_telephone;4750;;0.8208421052631579;0.8957041121065932;0.8208421052631579;0.8566406679116775;3899;454;851
466;bullet_train;4750;;0.8555789473684211;0.8563000421407501;0.8555789473684211;0.8559393428812132;4064;682;686
244;Tibetan_mastiff;4750;;0.8065263157894736;0.9086812144212524;0.8065263157894736;0.8545616774481374;3831;385;919
573;go-kart;4750;;0.8532631578947368;0.8552437223042836;0.8532631578947368;0.8542522921277268;4053;686;697
407;ambulance;4750;;0.844;0.864381198792583;0.844;0.8540690242863229;4009;629;741
645;maypole;4750;;0.9269473684210526;0.7902010050251256;0.9269473684210526;0.8531292385196667;4403;1169;347
291;lion;4750;;0.8970526315789473;0.8128576879053796;0.8970526315789473;0.8528823058446757;4261;981;489
89;sulphur-crested_cockatoo;4750;;0.7629473684210526;0.9656274980015987;0.7629473684210526;0.852405033517582;3624;129;1126
420;banjo;4750;;0.7631578947368421;0.9602649006622517;0.7631578947368421;0.8504398826979472;3625;150;1125
594;harp;4750;;0.8132631578947368;0.8874339535952217;0.8132631578947368;0.8487311875205976;3863;490;887
694;paddlewheel;4750;;0.8168421052631579;0.8824198317034342;0.8168421052631579;0.8483655843445937;3880;517;870
874;trolleybus;4750;;0.8473684210526315;0.8455882352941176;0.8473684210526315;0.8464773922187172;4025;735;725
661;Model_T;4750;;0.8515789473684211;0.8374741200828157;0.8515789473684211;0.8444676409185803;4045;785;705
326;lycaenid;4750;;0.8446315789473684;0.8440984641279192;0.8446315789473684;0.8443649373881933;4012;741;738
95;jacamar;4750;;0.8917894736842106;0.8012105163608851;0.8917894736842106;0.844076915412972;4236;1051;514
993;gyromitra;4750;;0.8738947368421053;0.8128059526140591;0.8738947368421053;0.8422440904940652;4151;956;599
637;mailbox;4750;;0.7882105263157895;0.9034749034749034;0.7882105263157895;0.8419158983584439;3744;400;1006
727;planetarium;4750;;0.8650526315789474;0.8196688609615;0.8650526315789474;0.8417494622554542;4109;904;641
144;pelican;4750;;0.7583157894736842;0.9441677588466579;0.7583157894736842;0.8410974897840047;3602;213;1148
569;garbage_truck;4750;;0.8602105263157894;0.8221327967806841;0.8602105263157894;0.8407407407407407;4086;884;664
18;magpie;4750;;0.7545263157894737;0.9441517386722866;0.7545263157894737;0.8387549730868242;3584;212;1166
540;drilling_platform;4750;;0.8433684210526315;0.8319833852544133;0.8433684210526315;0.8376372190277053;4006;809;744
604;hourglass;4750;;0.9246315789473685;0.7630298818624045;0.9246315789473685;0.8360936607652771;4392;1364;358
141;redshank;4750;;0.8065263157894736;0.8659584086799277;0.8065263157894736;0.8351863963374755;3831;593;919
607;jack-o'-lantern;4750;;0.9267368421052632;0.7551895693944073;0.9267368421052632;0.832214765100671;4402;1427;348
80;black_grouse;4750;;0.8570526315789474;0.8085402184707051;0.8570526315789474;0.8320899335717935;4071;964;679
990;buckeye;4750;;0.767578947368421;0.9080946450809465;0.767578947368421;0.8319452367370223;3646;369;1104
324;cabbage_butterfly;4750;;0.784;0.8839306907192025;0.784;0.830971772843914;3724;489;1026
802;snowmobile;4750;;0.884421052631579;0.7834763148079075;0.884421052631579;0.8308939873417722;4201;1161;549
832;stupa;4750;;0.832421052631579;0.8287570739886816;0.832421052631579;0.8305850225816616;3954;817;796
12;house_finch;4750;;0.7877894736842105;0.8740948376547536;0.7877894736842105;0.8287011405160005;3742;539;1008
216;clumber;4750;;0.7894736842105263;0.8716875871687587;0.7894736842105263;0.8285461776403005;3750;552;1000
555;fire_engine;4750;;0.7987368421052632;0.8605125878884101;0.7987368421052632;0.8284747243148816;3794;615;956
475;car_mirror;4750;;0.8818947368421053;0.7806559821095789;0.8818947368421053;0.828192961644919;4189;1177;561
575;golfcart;4750;;0.7492631578947369;0.9256176853055916;0.7492631578947369;0.8281559045956951;3559;286;1191
458;brass;4750;;0.7570526315789474;0.9113025848960973;0.7570526315789474;0.8270469181232751;3596;350;1154
322;ringlet;4750;;0.8229473684210526;0.8311715926004678;0.8229473684210526;0.827039035226912;3909;794;841
350;ibex;4750;;0.8452631578947368;0.8089865001007455;0.8452631578947368;0.8267270668176671;4015;948;735
886;vending_machine;4750;;0.8498947368421053;0.8046641419174806;0.8498947368421053;0.826661206102181;4037;980;713
955;jackfruit;4750;;0.7976842105263158;0.8564647377938517;0.7976842105263158;0.8260300850228908;3789;635;961
535;disk_brake;4750;;0.768;0.8930232558139535;0.768;0.8258064516129032;3648;437;1102
953;pineapple;4750;;0.7751578947368422;0.8825503355704698;0.7751578947368422;0.8253754763505942;3682;490;1068
763;revolver;4750;;0.895578947368421;0.7646953082868956;0.895578947368421;0.8249781828759817;4254;1309;496
85;quail;4750;;0.7423157894736843;0.9278947368421052;0.7423157894736843;0.8247953216374269;3526;274;1224
84;peacock;4750;;0.8456842105263158;0.8035607121424285;0.8456842105263158;0.8240845214893835;4017;982;733
13;junco;4750;;0.8042105263157895;0.8449458084494581;0.8042105263157895;0.8240750728076799;3820;701;930
439;bearskin;4750;;0.9265263157894736;0.7415332771693345;0.9265263157894736;0.8237716424894711;4401;1534;349
347;bison;4750;;0.791578947368421;0.8586435259191596;0.791578947368421;0.8237484938109322;3760;619;990
805;soccer_ball;4750;;0.8930526315789473;0.7634989200863931;0.8930526315789473;0.8232097807102658;4242;1314;508
991;coral_fungus;4750;;0.8330526315789474;0.8135279605263158;0.8330526315789474;0.8231745371333472;3957;907;793
247;Saint_Bernard;4750;;0.7970526315789473;0.8458445040214477;0.7970526315789473;0.8207240407543899;3786;690;964
354;Arabian_camel;4750;;0.8431578947368421;0.7974910394265233;0.8431578947368421;0.8196889070814573;4005;1017;745
146;albatross;4750;;0.7938947368421052;0.8470350404312669;0.7938947368421052;0.819604433818735;3771;681;979
251;dalmatian;4750;;0.8271578947368421;0.8112740037167046;0.8271578947368421;0.8191389554883769;3929;914;821
83;prairie_chicken;4750;;0.828421052631579;0.8095042172392511;0.828421052631579;0.8188533971490999;3935;926;815
985;daisy;4750;;0.9762105263157895;0.7019376324553436;0.9762105263157895;0.8166607960549489;4637;1969;113
714;pick;4750;;0.8212631578947368;0.8108501351070464;0.8212631578947368;0.8160234285116619;3901;910;849
646;maze;4750;;0.8433684210526315;0.7884274749065144;0.8433684210526315;0.8149730444512258;4006;1075;744
937;broccoli;4750;;0.7766315789473685;0.8557179308745071;0.7766315789473685;0.8142589118198875;3689;622;1061
16;bulbul;4750;;0.7623157894736842;0.8727404193781634;0.7623157894736842;0.8137993032925048;3621;528;1129
606;iron;4750;;0.7345263157894737;0.9119184526921066;0.7345263157894737;0.8136660447761194;3489;337;1261
351;hartebeest;4750;;0.867578947368421;0.7659851301115241;0.867578947368421;0.8136229022704836;4121;1259;629
918;crossword_puzzle;4750;;0.7593684210526316;0.874848411350958;0.7593684210526316;0.8130282880649161;3607;516;1143
771;safe;4750;;0.7210526315789474;0.9314658689148763;0.7210526315789474;0.8128634152130059;3425;252;1325
723;pinwheel;4750;;0.8157894736842105;0.8098223615464994;0.8157894736842105;0.8127949659150497;3875;910;875
628;liner;4750;;0.7669473684210526;0.8638842779226938;0.7669473684210526;0.812534850005576;3643;574;1107
355;llama;4750;;0.7374736842105263;0.9014410705095214;0.7374736842105263;0.8112552107457157;3503;383;1247
927;trifle;4750;;0.8088421052631579;0.8129496402877698;0.8088421052631579;0.8108906711692698;3842;884;908
383;Madagascar_cat;4750;;0.7966315789473685;0.8252998909487459;0.7966315789473685;0.810712372790573;3784;801;966
451;bolo_tie;4750;;0.8338947368421052;0.7882587064676617;0.8338947368421052;0.8104347826086956;3961;1064;789
426;barometer;4750;;0.7507368421052631;0.8796250616674889;0.7507368421052631;0.8100863243980009;3566;488;1184
393;anemone_fish;4750;;0.7387368421052631;0.8944685189905685;0.7387368421052631;0.8091779084515162;3509;414;1241
755;radio_telescope;4750;;0.8288421052631579;0.7904035334270226;0.8288421052631579;0.809166581029699;3937;1044;813
417;balloon;4750;;0.7747368421052632;0.8459770114942529;0.7747368421052632;0.8087912087912088;3680;670;1070
612;jinrikisha;4750;;0.8665263157894737;0.757453073242547;0.8665263157894737;0.8083267871170463;4116;1318;634
93;hornbill;4750;;0.7345263157894737;0.8973765432098766;0.7345263157894737;0.8078258856216717;3489;399;1261
672;mountain_tent;4750;;0.8261052631578948;0.7903323262839879;0.8261052631578948;0.8078229541945444;3924;1041;826
571;gas_pump;4750;;0.7088421052631579;0.9381443298969072;0.7088421052631579;0.8075308790022784;3367;222;1383
333;hamster;4750;;0.8581052631578947;0.7625818521983162;0.8581052631578947;0.80752847944527;4076;1269;674
218;Welsh_springer_spaniel;4750;;0.7467368421052631;0.8790582403965304;0.7467368421052631;0.8075128059191804;3547;488;1203
317;leafhopper;4750;;0.7454736842105263;0.8801889137459608;0.7454736842105263;0.8072495155591017;3541;482;1209
812;space_shuttle;4750;;0.8056842105263158;0.80857806887809;0.8056842105263158;0.8071285458188336;3827;906;923
105;koala;4750;;0.7256842105263158;0.9087793303453731;0.7256842105263158;0.8069764719653517;3447;346;1303
820;steam_locomotive;4750;;0.8376842105263158;0.7783646322378717;0.8376842105263158;0.8069357128371527;3979;1133;771
614;kimono;4750;;0.8010526315789473;0.8119931711481008;0.8010526315789473;0.8064857990674015;3805;881;945
392;rock_beauty;4750;;0.9364210526315789;0.7073791348600509;0.9364210526315789;0.8059431056350788;4448;1840;302
260;chow;4750;;0.7656842105263157;0.8501636278634876;0.7656842105263157;0.805715551617191;3637;641;1113
268;Mexican_hairless;4750;;0.7890526315789473;0.8194140795802362;0.7890526315789473;0.803946803946804;3748;826;1002
138;bustard;4750;;0.8353684210526315;0.7746973838344396;0.8353684210526315;0.8038897893030794;3968;1154;782
916;web_site;4750;;0.8471578947368421;0.7641473604253703;0.8471578947368421;0.8035143769968052;4024;1242;726
716;picket_fence;4750;;0.8292631578947368;0.7790743670886076;0.8292631578947368;0.803385682235366;3939;1117;811
294;brown_bear;4750;;0.8242105263157895;0.7820615261685977;0.8242105263157895;0.8025830258302584;3915;1091;835
561;forklift;4750;;0.7926315789473685;0.8112475759534583;0.7926315789473685;0.8018315408369715;3765;876;985
137;American_coot;4750;;0.744;0.8680913780397936;0.744;0.8012696973132298;3534;537;1216
518;crash_helmet;4750;;0.7585263157894737;0.8473659454374413;0.7585263157894737;0.8004887802710509;3603;649;1147
988;acorn;4750;;0.7414736842105263;0.8694149592693162;0.7414736842105263;0.8003635950460175;3522;529;1228
363;armadillo;4750;;0.7551578947368421;0.8512102515424774;0.7551578947368421;0.8003123605533244;3587;627;1163
300;tiger_beetle;4750;;0.8406315789473684;0.7634799235181644;0.8406315789473684;0.8002004008016032;3993;1237;757
160;Afghan_hound;4750;;0.7486315789473684;0.8593523441275979;0.7486315789473684;0.8001800180018003;3556;582;1194
362;badger;4750;;0.7873684210526316;0.8102253032928943;0.7873684210526316;0.7986333546871663;3740;876;1010
957;pomegranate;4750;;0.7149473684210527;0.9039126963002395;0.7149473684210527;0.7984013165628306;3396;361;1354
668;mosque;4750;;0.8705263157894737;0.736420302760463;0.8705263157894737;0.7978774722624216;4135;1480;615
736;pool_table;4750;;0.783578947368421;0.8103635967777052;0.783578947368421;0.7967462271219095;3722;871;1028
719;piggy_bank;4750;;0.7962105263157895;0.7958754208754208;0.7962105263157895;0.7960429383287728;3782;970;968
127;white_stork;4750;;0.6886315789473684;0.9423797176606166;0.6886315789473684;0.7957669383286705;3271;200;1479
156;Blenheim_spaniel;4750;;0.860421052631579;0.7398624185372918;0.860421052631579;0.7956005450652133;4087;1437;663
781;scoreboard;4750;;0.8347368421052631;0.7569683085147003;0.8347368421052631;0.7939527432919503;3965;1273;785
512;corkscrew;4750;;0.7934736842105263;0.7934736842105263;0.7934736842105263;0.7934736842105263;3769;981;981
757;recreational_vehicle;4750;;0.7970526315789473;0.7874376039933444;0.7970526315789473;0.7922159447583177;3786;1022;964
401;accordion;4750;;0.7383157894736843;0.85453216374269;0.7383157894736843;0.7921843234696183;3507;597;1243
69;trilobite;4750;;0.7389473684210527;0.8529769137302552;0.7389473684210527;0.7918781725888325;3510;605;1240
574;golf_ball;4750;;0.7591578947368421;0.8264955305982122;0.7591578947368421;0.7913969055195874;3606;757;1144
404;airliner;4750;;0.868421052631579;0.7261045590565042;0.868421052631579;0.7909117054932413;4125;1556;625
821;steel_arch_bridge;4750;;0.864;0.7289520426287744;0.864;0.7907514450867051;4104;1526;646
131;little_blue_heron;4750;;0.8221052631578948;0.7615054602184087;0.8221052631578948;0.7906458797327394;3905;1223;845
989;hip;4750;;0.860421052631579;0.7309962439635128;0.860421052631579;0.7904457982786963;4087;1504;663
327;starfish;4750;;0.8069473684210526;0.7744998989694888;0.8069473684210526;0.79039076193422;3833;1116;917
687;organ;4750;;0.7023157894736842;0.9035752979414952;0.7023157894736842;0.7903340440653874;3336;356;1414
734;police_van;4750;;0.8576842105263158;0.7327338129496402;0.8576842105263158;0.7903006789524734;4074;1486;676
888;viaduct;4750;;0.7412631578947368;0.8447696737044146;0.7412631578947368;0.7896389324960753;3521;647;1229
948;Granny_Smith;4750;;0.8298947368421052;0.7525773195876289;0.8298947368421052;0.789347216659992;3942;1296;808
142;dowitcher;4750;;0.816;0.7640449438202247;0.816;0.7891682785299806;3876;1197;874
375;colobus;4750;;0.7585263157894737;0.8207289293849658;0.7585263157894737;0.7884026258205689;3603;787;1147
20;water_ouzel;4750;;0.7362105263157894;0.8463213939980639;0.7362105263157894;0.7874352623283043;3497;635;1253
261;keeshond;4750;;0.7688421052631579;0.8061810154525386;0.7688421052631579;0.7870689655172414;3652;878;1098
722;ping-pong_ball;4750;;0.7090526315789474;0.8837575439517187;0.7090526315789474;0.786823969162481;3368;443;1382
956;custard_apple;4750;;0.7684210526315789;0.8055616861619952;0.7684210526315789;0.7865531731494451;3650;881;1100
306;rhinoceros_beetle;4750;;0.7313684210526316;0.8502202643171806;0.7313684210526316;0.7863286555002265;3474;612;1276
933;cheeseburger;4750;;0.7966315789473685;0.7755687640910023;0.7966315789473685;0.7859590819399731;3784;1095;966
613;joystick;4750;;0.7642105263157895;0.8066666666666666;0.7642105263157895;0.7848648648648648;3630;870;1120
195;Boston_bull;4750;;0.8258947368421052;0.7441198786039454;0.8258947368421052;0.7828776691279186;3923;1349;827
344;hippopotamus;4750;;0.6974736842105264;0.8915500538213132;0.6974736842105264;0.7826600519725962;3313;403;1437
952;fig;4750;;0.7343157894736843;0.836852207293666;0.7343157894736843;0.782238169993272;3488;680;1262
701;parachute;4750;;0.8650526315789474;0.713491925681542;0.8650526315789474;0.7819963840517653;4109;1650;641
548;entertainment_center;4750;;0.8722105263157894;0.70832620960848;0.8722105263157894;0.7817718652703085;4143;1706;607
70;harvestman;4750;;0.6968421052631579;0.8902635825712749;0.6968421052631579;0.781766650921115;3310;408;1440
605;iPod;4750;;0.7345263157894737;0.8338910133843213;0.7345263157894737;0.781061114842176;3489;695;1261
448;birdhouse;4750;;0.787578947368421;0.7735732009925558;0.787578947368421;0.7805132484873774;3741;1095;1009
547;electric_locomotive;4750;;0.8288421052631579;0.7372659176029962;0.8288421052631579;0.7803766105054508;3937;1403;813
365;orangutan;4750;;0.8277894736842105;0.7356407857811038;0.8277894736842105;0.7789995047052996;3932;1413;818
945;bell_pepper;4750;;0.7882105263157895;0.7676850522862415;0.7882105263157895;0.7778124026176378;3744;1133;1006
752;racket;4750;;0.779578947368421;0.7756598240469208;0.779578947368421;0.7776144477110457;3703;1071;1047
615;knee_pad;4750;;0.7410526315789474;0.8178438661710037;0.7410526315789474;0.7775568809366026;3520;784;1230
780;schooner;4750;;0.8086315789473684;0.7482953438534969;0.8086315789473684;0.7772943438227259;3841;1292;909
816;spindle;4750;;0.7341052631578947;0.8239603024574669;0.7341052631578947;0.7764417724337563;3487;745;1263
695;padlock;4750;;0.7842105263157895;0.7685166082112647;0.7842105263157895;0.7762842554965093;3725;1122;1025
732;Polaroid_camera;4750;;0.712421052631579;0.851963746223565;0.712421052631579;0.7759688144920891;3384;588;1366
476;carousel;4750;;0.8395789473684211;0.7201155651859877;0.8395789473684211;0.7752721617418351;3988;1550;762
609;jeep;4750;;0.7113684210526315;0.8517771615830603;0.7113684210526315;0.7752667202019043;3379;588;1371
57;garter_snake;4750;;0.7189473684210527;0.8405119369923701;0.7189473684210527;0.7749914898445478;3415;648;1335
954;banana;4750;;0.6623157894736842;0.9304939367051168;0.6623157894736842;0.7738285573730168;3146;235;1604
707;pay-phone;4750;;0.7193684210526315;0.8352481055976534;0.7193684210526315;0.7729894808279606;3417;674;1333
853;thatch;4750;;0.7134736842105264;0.8413604766633564;0.7134736842105264;0.772157666894509;3389;639;1361
71;scorpion;4750;;0.7107368421052631;0.8431568431568431;0.7107368421052631;0.7713045464930317;3376;628;1374
566;French_horn;4750;;0.6783157894736842;0.8932630995286942;0.6783157894736842;0.7710901041043436;3222;385;1528
610;jersey;4750;;0.7597894736842106;0.7816764132553606;0.7597894736842106;0.7705775595174549;3609;1008;1141
289;snow_leopard;4750;;0.7911578947368421;0.750549231076493;0.7911578947368421;0.7703187455160398;3758;1249;992
563;fountain_pen;4750;;0.7006315789473684;0.8531145860035888;0.7006315789473684;0.769390821870304;3328;573;1422
545;electric_fan;4750;;0.7873684210526316;0.7513057452792286;0.7873684210526316;0.7689144736842105;3740;1238;1010
583;guillotine;4750;;0.7494736842105263;0.7888322623532018;0.7494736842105263;0.7686494656158911;3560;953;1190
301;ladybug;4750;;0.8336842105263158;0.7118461261909041;0.8336842105263158;0.7679627654416756;3960;1603;790
621;lawn_mower;4750;;0.7957894736842105;0.7419038272816487;0.7957894736842105;0.7679024885728796;3780;1315;970
814;speedboat;4750;;0.8505263157894737;0.6998094578208903;0.8505263157894737;0.7678418701891095;4040;1733;710
398;abacus;4750;;0.7098947368421052;0.8356877323420074;0.7098947368421052;0.7676721684689812;3372;663;1378
761;remote_control;4750;;0.6772631578947368;0.885737885462555;0.6772631578947368;0.7675972321641612;3217;415;1533
292;tiger;4750;;0.8762105263157894;0.6828547990155865;0.8762105263157894;0.7675426463808207;4162;1933;588
829;streetcar;4750;;0.8317894736842105;0.7121485219899063;0.8317894736842105;0.7673334628083123;3951;1597;799
630;Loafer;4750;;0.7477894736842106;0.7872340425531915;0.7477894736842106;0.7670049665299072;3552;960;1198
640;manhole_cover;4750;;0.6867368421052632;0.8680149015433741;0.6867368421052632;0.766807710390221;3262;496;1488
178;Weimaraner;4750;;0.8155789473684211;0.7231659510920291;0.8155789473684211;0.7665974077372119;3874;1483;876
642;marimba;4750;;0.6964210526315789;0.8519186196240021;0.6964210526315789;0.7663616355843855;3308;575;1442
23;vulture;4750;;0.6909473684210526;0.8598375687712864;0.6909473684210526;0.7661958678650637;3282;535;1468
938;cauliflower;4750;;0.7;0.8460559796437659;0.7;0.7661290322580644;3325;605;1425
684;ocarina;4750;;0.7492631578947369;0.7837480731116494;0.7492631578947369;0.7661177483586267;3559;982;1191
133;bittern;4750;;0.759578947368421;0.7717647058823529;0.759578947368421;0.7656233421750662;3608;1067;1142
1;goldfish;4750;;0.8170526315789474;0.7195031516499815;0.8170526315789474;0.7651813880126184;3881;1513;869
31;tree_frog;4750;;0.7052631578947368;0.8360369353631145;0.7052631578947368;0.7651022039511247;3350;657;1400
920;traffic_light;4750;;0.7654736842105263;0.764347277696027;0.7654736842105263;0.7649100662669612;3636;1121;1114
253;basenji;4750;;0.7629473684210526;0.7666596149777872;0.7629473684210526;0.7647989870212093;3624;1103;1126
51;triceratops;4750;;0.7770526315789473;0.7528044054660412;0.7770526315789473;0.7647363513933492;3691;1212;1059
140;red-backed_sandpiper;4750;;0.7410526315789474;0.7895917451772095;0.7410526315789474;0.7645525629887054;3520;938;1230
320;damselfly;4750;;0.8583157894736843;0.6891480730223124;0.8583157894736843;0.7644852803300207;4077;1839;673
726;plane;4750;;0.7351578947368421;0.7959881467973559;0.7351578947368421;0.7643646711174347;3492;895;1258
914;yawl;4750;;0.736;0.794906775807185;0.736;0.7643200699606472;3496;902;1254
959;carbonara;4750;;0.7218947368421053;0.8117897727272727;0.7218947368421053;0.7642077111655895;3429;795;1321
849;teapot;4750;;0.8166315789473684;0.7178016284233901;0.8166315789473684;0.7640338782745716;3879;1525;871
496;Christmas_stocking;4750;;0.9256842105263158;0.6503475817186807;0.9256842105263158;0.7639649031361306;4397;2364;353
276;hyena;4750;;0.7722105263157895;0.7550432276657061;0.7722105263157895;0.7635303913405496;3668;1190;1082
510;container_ship;4750;;0.8530526315789474;0.6909959072305594;0.8530526315789474;0.76351987940456;4052;1812;698
786;sewing_machine;4750;;0.6644210526315789;0.8971006253553155;0.6644210526315789;0.7634252539912916;3156;362;1594
444;bicycle-built-for-two;4750;;0.86;0.6862086343020326;0.86;0.763337382042418;4085;1868;665
766;rotisserie;4750;;0.7178947368421053;0.8122915674130539;0.7178947368421053;0.7621814930710774;3410;788;1340
721;pillow;4750;;0.6465263157894737;0.9247214694369166;0.6465263157894737;0.7609961590880933;3071;250;1679
903;wig;4750;;0.7917894736842105;0.7319968859478396;0.7917894736842105;0.760720064724919;3761;1377;989
147;grey_whale;4750;;0.7572631578947369;0.7638564451051179;0.7572631578947369;0.7605455122105932;3597;1112;1153
789;shoji;4750;;0.7749473684210526;0.7463503649635036;0.7749473684210526;0.760380086758934;3681;1251;1069
293;cheetah;4750;;0.8442105263157895;0.6914985342300397;0.8442105263157895;0.760261636174045;4010;1789;740
364;three-toed_sloth;4750;;0.7246315789473684;0.7995354239256678;0.7246315789473684;0.7602429596907785;3442;863;1308
491;chain_saw;4750;;0.7781052631578947;0.7429145728643216;0.7781052631578947;0.7601028277634962;3696;1279;1054
801;snorkel;4750;;0.6972631578947368;0.8348878245525586;0.6972631578947368;0.7598944591029024;3312;655;1438
486;cello;4750;;0.7732631578947369;0.746089782652854;0.7732631578947369;0.7594334746200765;3673;1250;1077
724;pirate;4750;;0.8035789473684211;0.7191032403918614;0.8035789473684211;0.7589978126864187;3817;1491;933
286;cougar;4750;;0.743578947368421;0.7749012724879333;0.743578947368421;0.7589170605930383;3532;1026;1218
98;red-breasted_merganser;4750;;0.8953684210526316;0.6582572357220244;0.8953684210526316;0.7587191151547586;4253;2208;497
366;gorilla;4750;;0.7583157894736842;0.7591148577449948;0.7583157894736842;0.7587151132174829;3602;1143;1148
316;cicada;4750;;0.6728421052631579;0.8689505165851006;0.6728421052631579;0.7584242999525391;3196;482;1554
629;lipstick;4750;;0.6597894736842105;0.8885738588035157;0.6597894736842105;0.7572792074423099;3134;393;1616
770;running_shoe;4750;;0.7351578947368421;0.7782482727880544;0.7351578947368421;0.7560896394933421;3492;995;1258
258;Samoyed;4750;;0.7991578947368421;0.7166320558806872;0.7991578947368421;0.7556484522743108;3796;1501;954
592;hard_disc;4750;;0.6341052631578947;0.9345330437480608;0.6341052631578947;0.7555499811865045;3012;211;1738
627;limousine;4750;;0.7429473684210526;0.7680087051142547;0.7429473684210526;0.7552701979668272;3529;1066;1221
472;canoe;4750;;0.6109473684210527;0.9860686374447842;0.6109473684210527;0.754452099311062;2902;41;1848
941;acorn_squash;4750;;0.6547368421052632;0.8895881006864989;0.6547368421052632;0.7543051176327917;3110;386;1640
507;combination_lock;4750;;0.7056842105263158;0.8082951531227394;0.7056842105263158;0.7535124199168258;3352;795;1398
704;parking_meter;4750;;0.6854736842105263;0.8357289527720739;0.6854736842105263;0.7531806615776081;3256;640;1494
511;convertible;4750;;0.8397894736842105;0.6823469038658913;0.8397894736842105;0.7529256323140808;3989;1857;761
132;American_egret;4750;;0.8667368421052631;0.6651050080775445;0.8667368421052631;0.7526508226691041;4117;2073;633
471;cannon;4750;;0.6926315789473684;0.8227056764191047;0.6926315789473684;0.7520859526803063;3290;709;1460
225;malinois;4750;;0.771578947368421;0.7331466293258652;0.771578947368421;0.7518719868704482;3665;1334;1085
116;chiton;4750;;0.6949473684210526;0.8187003968253969;0.6949473684210526;0.751764973810066;3301;731;1449
717;pickup;4750;;0.7092631578947368;0.7996676952290529;0.7092631578947368;0.7517572241437018;3369;844;1381
94;hummingbird;4750;;0.7458947368421053;0.7573749465583582;0.7458947368421053;0.7515910055154859;3543;1135;1207
649;megalith;4750;;0.6711578947368421;0.853776111408677;0.6711578947368421;0.7515322960867515;3188;546;1562
97;drake;4750;;0.6166315789473684;0.9609580052493438;0.6166315789473684;0.7512182610925878;2929;119;1821
72;black_and_gold_garden_spider;4750;;0.8688421052631579;0.6606371058107892;0.8688421052631579;0.7505683368191325;4127;2120;623
711;perfume;4750;;0.6825263157894736;0.8336333247621497;0.6825263157894736;0.7505498321564995;3242;647;1508
699;panpipe;4750;;0.7553684210526316;0.7450166112956811;0.7553684210526316;0.7501568053522895;3588;1228;1162
500;cliff_dwelling;4750;;0.7170526315789474;0.7864234587854999;0.7170526315789474;0.7501376500385419;3406;925;1344
934;hotdog;4750;;0.6892631578947368;0.8215809284818067;0.6892631578947368;0.749627933600458;3274;711;1476
932;pretzel;4750;;0.7006315789473684;0.8056160735899298;0.7006315789473684;0.7494651503209099;3328;803;1422
198;standard_schnauzer;4750;;0.7646315789473684;0.7331449333871619;0.7646315789473684;0.7485572959604287;3632;1322;1118
338;guinea_pig;4750;;0.6370526315789473;0.9059880239520958;0.6370526315789473;0.7480840543881334;3026;314;1724
403;aircraft_carrier;4750;;0.735578947368421;0.7585757707338254;0.735578947368421;0.7469003847798203;3494;1112;1256
228;komondor;4750;;0.7532631578947369;0.7397146991937151;0.7532631578947369;0.7464274538437468;3578;1259;1172
495;china_cabinet;4750;;0.6991578947368421;0.7981254506128335;0.6991578947368421;0.7453708899113456;3321;840;1429
586;half_track;4750;;0.72;0.7723577235772358;0.72;0.7452604053170625;3420;1008;1330
254;pug;4750;;0.7804210526315789;0.7109704641350211;0.7804210526315789;0.7440786832597351;3707;1507;1043
210;German_short-haired_pointer;4750;;0.7090526315789474;0.7823461091753775;0.7090526315789474;0.7438983986747654;3368;937;1382
568;fur_coat;4750;;0.7402105263157894;0.7474489795918368;0.7402105263157894;0.7438121430082505;3516;1188;1234
670;motor_scooter;4750;;0.8574736842105263;0.6559832501207924;0.8574736842105263;0.7433159959850352;4073;2136;677
10;brambling;4750;;0.8261052631578948;0.6744585768305259;0.8261052631578948;0.7426192278576836;3924;1894;826
174;Norwegian_elkhound;4750;;0.7332631578947368;0.751132197541514;0.7332631578947368;0.7420901246404602;3483;1154;1267
389;barracouta;4750;;0.7471578947368421;0.7367656217562798;0.7471578947368421;0.7419253684540609;3549;1268;1201
919;street_sign;4750;;0.735578947368421;0.7483401156564575;0.735578947368421;0.7419046607920162;3494;1175;1256
308;fly;4750;;0.6745263157894736;0.8225930680359436;0.6745263157894736;0.7412377096587622;3204;691;1546
902;whistle;4750;;0.744421052631579;0.7377425412059253;0.744421052631579;0.741066750497747;3536;1257;1214
994;stinkhorn;4750;;0.7290526315789474;0.7526624646815909;0.7290526315789474;0.7406694471179553;3463;1138;1287
981;ballplayer;4750;;0.8696842105263158;0.6445623342175066;0.8696842105263158;0.7403889237386864;4131;2278;619
367;chimpanzee;4750;;0.7122105263157895;0.7695632393084623;0.7122105263157895;0.7397769516728625;3383;1013;1367
270;white_wolf;4750;;0.7071578947368421;0.772716816195077;0.7071578947368421;0.7384852149060129;3359;988;1391
432;bassoon;4750;;0.7214736842105263;0.7561782877316858;0.7214736842105263;0.7384184443007973;3427;1105;1323
157;papillon;4750;;0.7858947368421053;0.6963253124417086;0.7858947368421053;0.7384037187221838;3733;1628;1017
122;American_lobster;4750;;0.7389473684210527;0.7373949579831933;0.7389473684210527;0.7381703470031545;3510;1250;1240
822;steel_drum;4750;;0.7298947368421053;0.7431939978563773;0.7298947368421053;0.7364843335103558;3467;1198;1283
28;spotted_salamander;4750;;0.6802105263157895;0.8025335320417287;0.6802105263157895;0.7363263445761167;3231;795;1519
2;great_white_shark;4750;;0.6909473684210526;0.7862961188308577;0.6909473684210526;0.7355445988346032;3282;892;1468
537;dogsled;4750;;0.9113684210526316;0.6156143344709898;0.9113684210526316;0.7348497708368699;4329;2703;421
148;killer_whale;4750;;0.9157894736842105;0.6125035201351732;0.9157894736842105;0.7340533243334457;4350;2752;400
81;ptarmigan;4750;;0.6581052631578947;0.8293977182276466;0.6581052631578947;0.7338889541025942;3126;643;1624
152;Japanese_spaniel;4750;;0.7926315789473685;0.6810781476121563;0.7926315789473685;0.7326328079392878;3765;1763;985
686;oil_filter;4750;;0.7073684210526315;0.759493670886076;0.7073684210526315;0.7325049051667756;3360;1064;1390
840;swab;4750;;0.7058947368421052;0.7601450918159147;0.7058947368421052;0.7320161554415457;3353;1058;1397
517;crane;4750;;0.6814736842105263;0.7897048060502562;0.6814736842105263;0.7316080913097525;3237;862;1513
279;Arctic_fox;4750;;0.8037894736842105;0.6708838516956598;0.8037894736842105;0.7313475720716407;3818;1873;932
296;ice_bear;4750;;0.7421052631578947;0.7199754901960784;0.7421052631578947;0.7308729006842214;3525;1371;1225
833;submarine;4750;;0.6926315789473684;0.7706722885921762;0.6926315789473684;0.7295709058653954;3290;979;1460
490;chain_mail;4750;;0.644;0.8413091309130913;0.644;0.7295492487479132;3059;577;1691
682;obelisk;4750;;0.7021052631578948;0.7562358276643991;0.7021052631578948;0.7281659388646288;3335;1075;1415
654;minibus;4750;;0.7581052631578947;0.7000388802488335;0.7581052631578947;0.7279159086314939;3601;1543;1149
765;rocking_chair;4750;;0.6633684210526316;0.8056762976220916;0.6633684210526316;0.7276296039718279;3151;760;1599
86;partridge;4750;;0.6713684210526316;0.7940737051792829;0.6713684210526316;0.7275838466803559;3189;827;1561
391;coho;4750;;0.6907368421052632;0.7673058933582788;0.6907368421052632;0.7270108575227122;3281;995;1469
593;harmonica;4750;;0.6785263157894736;0.7826614861583293;0.6785263157894736;0.7268831754623364;3223;895;1527
877;turnstile;4750;;0.7;0.7556818181818182;0.7;0.726775956284153;3325;1075;1425
922;menu;4750;;0.6509473684210526;0.8225591912742751;0.6509473684210526;0.7267599012809965;3092;667;1658
229;Old_English_sheepdog;4750;;0.7646315789473684;0.6919413221566013;0.7646315789473684;0.7264726472647265;3632;1617;1118
616;knot;4750;;0.712;0.7393965894184521;0.712;0.7254397254397253;3382;1192;1368
963;pizza;4750;;0.6722105263157895;0.787422934648582;0.6722105263157895;0.7252697331061897;3193;862;1557
859;toaster;4750;;0.6448421052631579;0.8278378378378378;0.6448421052631579;0.7249704142011834;3063;637;1687
99;goose;4750;;0.6818947368421052;0.7730310262529833;0.6818947368421052;0.7246085011185681;3239;951;1511
713;photocopier;4750;;0.7130526315789474;0.7359843546284224;0.7130526315789474;0.7243370402053037;3387;1215;1363
522;croquet_ball;4750;;0.756;0.6940471588712794;0.756;0.7237001209189843;3591;1583;1159
215;Brittany_spaniel;4750;;0.7543157894736842;0.6946490887941063;0.7543157894736842;0.7232539362131611;3583;1575;1167
203;West_Highland_white_terrier;4750;;0.7774736842105263;0.6758784773060029;0.7774736842105263;0.7231251223810455;3693;1771;1057
239;Bernese_mountain_dog;4750;;0.8296842105263158;0.6408130081300814;0.8296842105263158;0.723119266055046;3941;2209;809
217;English_springer;4750;;0.7618947368421053;0.6880228136882129;0.7618947368421053;0.723076923076923;3619;1641;1131
667;mortarboard;4750;;0.676;0.7763539651837524;0.676;0.7227098807112311;3211;925;1539
559;folding_chair;4750;;0.6991578947368421;0.7461244664120422;0.6991578947368421;0.7218780567329637;3321;1130;1429
245;French_bulldog;4750;;0.6063157894736843;0.8908134859263842;0.6063157894736843;0.721533258173619;2880;353;1870
297;sloth_bear;4750;;0.6692631578947369;0.7818494835218889;0.6692631578947369;0.7211887477313976;3179;887;1571
924;guacamole;4750;;0.6136842105263158;0.8732774116237267;0.6136842105263158;0.7208209693372898;2915;423;1835
739;potter's_wheel;4750;;0.812;0.6471476510067115;0.812;0.7202614379084968;3857;2103;893
384;indri;4750;;0.8145263157894737;0.6449408234705785;0.8145263157894737;0.7198809191552703;3869;2130;881
53;ringneck_snake;4750;;0.6353684210526316;0.8298047841627715;0.6353684210526316;0.7196852271372363;3018;619;1732
871;trimaran;4750;;0.8018947368421052;0.6520027387880862;0.8018947368421052;0.7192220543806647;3809;2033;941
557;flagpole;4750;;0.6656842105263158;0.7797780517879161;0.6656842105263158;0.7182282793867121;3162;893;1588
149;dugong;4750;;0.7764210526315789;0.6677530327720442;0.7764210526315789;0.7179986372043221;3688;1835;1062
514;cowboy_boot;4750;;0.647578947368421;0.8050248626014133;0.647578947368421;0.7177692217944232;3076;745;1674
901;whiskey_jug;4750;;0.7229473684210527;0.7125959742685204;0.7229473684210527;0.7177343505068451;3434;1385;1316
494;chime;4750;;0.6724210526315789;0.7688974482426577;0.6724210526315789;0.7174303683737645;3194;960;1556
897;washer;4750;;0.6042105263157894;0.8814496314496314;0.6042105263157894;0.7169622782912813;2870;386;1880
331;hare;4750;;0.6886315789473684;0.7474862888482633;0.6886315789473684;0.7168529476221783;3271;1105;1479
850;teddy;4750;;0.7572631578947369;0.6797052154195011;0.7572631578947369;0.716391157140012;3597;1695;1153
720;pill_bottle;4750;;0.671578947368421;0.7662743214028345;0.671578947368421;0.7158083697969257;3190;973;1560
570;gasmask;4750;;0.8235789473684211;0.6322935186681752;0.8235789473684211;0.7153698454786505;3912;2275;838
456;bow;4750;;0.7111578947368421;0.7164369034994698;0.7111578947368421;0.7137876386687798;3378;1337;1372
214;Gordon_setter;4750;;0.7505263157894737;0.6804733727810651;0.7505263157894737;0.7137851636800481;3565;1674;1185
299;meerkat;4750;;0.7995789473684211;0.6446028513238289;0.7995789473684211;0.713775606089081;3798;2094;952
474;cardigan;4750;;0.6985263157894737;0.7290705339485827;0.6985263157894737;0.7134716697129342;3318;1233;1432
872;tripod;4750;;0.6945263157894737;0.7332740609024228;0.6945263157894737;0.7133744188560925;3299;1200;1451
121;king_crab;4750;;0.6549473684210526;0.7822479255720393;0.6549473684210526;0.7129597799931249;3111;866;1639
891;waffle_iron;4750;;0.5955789473684211;0.8865559385772485;0.5955789473684211;0.7125047223271629;2829;362;1921
480;cash_machine;4750;;0.6827368421052632;0.7446613088404134;0.6827368421052632;0.7123558484349258;3243;1112;1507
551;face_powder;4750;;0.7812631578947369;0.6540359534719774;0.7812631578947369;0.7120107444359172;3711;1963;1039
580;greenhouse;4750;;0.7393684210526316;0.6863396521399258;0.7393684210526316;0.7118678423026249;3512;1605;1238
659;mixing_bowl;4750;;0.6381052631578947;0.8033395176252319;0.6381052631578947;0.7112519066056553;3031;742;1719
423;barber_chair;4750;;0.7292631578947368;0.6940492887196954;0.7292631578947368;0.7112206139000102;3464;1527;1286
75;black_widow;4750;;0.8366315789473684;0.6184251478369125;0.8366315789473684;0.7111667859699354;3974;2452;776
262;Brabancon_griffon;4750;;0.6705263157894736;0.7568916349809885;0.6705263157894736;0.7110962268363473;3185;1023;1565
437;beacon;4750;;0.6854736842105263;0.737652922519257;0.6854736842105263;0.710606721955478;3256;1158;1494
113;snail;4750;;0.6589473684210526;0.7707461216449151;0.6589473684210526;0.7104755419362161;3130;931;1620
753;radiator;4750;;0.6785263157894736;0.7455470737913485;0.6785263157894736;0.7104596054226826;3223;1100;1527
564;four-poster;4750;;0.7884210526315789;0.6464698774382875;0.7884210526315789;0.7104239779948781;3745;2048;1005
715;pickelhaube;4750;;0.8208421052631579;0.626144210695359;0.8208421052631579;0.7103944611460326;3899;2328;851
283;Persian_cat;4750;;0.7696842105263157;0.6594516594516594;0.7696842105263157;0.7103166893335925;3656;1888;1094
521;Crock_Pot;4750;;0.684;0.7379059732000909;0.684;0.7099311701081612;3249;1154;1501
368;gibbon;4750;;0.6688421052631579;0.7558886509635975;0.6688421052631579;0.7097062437171899;3177;1026;1573
852;tennis_ball;4750;;0.7258947368421053;0.6937625754527162;0.7258947368421053;0.7094650205761316;3448;1522;1302
39;common_iguana;4750;;0.655157894736842;0.7735520755654984;0.655157894736842;0.7094494471674455;3112;911;1638
635;magnetic_compass;4750;;0.7141052631578947;0.7041727216109612;0.7141052631578947;0.7091042123967806;3392;1425;1358
428;barrow;4750;;0.6178947368421053;0.8312092891532143;0.6178947368421053;0.7088515879724672;2935;596;1815
421;bannister;4750;;0.6442105263157895;0.7870370370370371;0.6442105263157895;0.708497337346608;3060;828;1690
7;cock;4750;;0.7928421052631579;0.6402584155049303;0.7928421052631579;0.7084273890142965;3766;2116;984
21;kite;4750;;0.7709473684210526;0.6552156020755054;0.7709473684210526;0.7083857239578296;3662;1927;1088
457;bow_tie;4750;;0.655578947368421;0.7698393077873918;0.655578947368421;0.7081296191017622;3114;931;1636
416;balance_beam;4750;;0.8357894736842105;0.6140757927300851;0.8357894736842105;0.7079803834150691;3970;2495;780
41;whiptail;4750;;0.7246315789473684;0.6918592964824121;0.7246315789473684;0.7078663239074551;3442;1533;1308
603;horse_cart;4750;;0.7294736842105263;0.6862745098039216;0.7294736842105263;0.7072150219410144;3465;1584;1285
532;dining_table;4750;;0.7454736842105263;0.6726823708206687;0.7454736842105263;0.7072099061314161;3541;1723;1209
318;lacewing;4750;;0.7046315789473684;0.7074614246459522;0.7046315789473684;0.7060436662799282;3347;1384;1403
936;head_cabbage;4750;;0.7408421052631579;0.6740088105726872;0.7408421052631579;0.7058469561729014;3519;1702;1231
259;Pomeranian;4750;;0.808;0.6266122448979592;0.808;0.7058390804597702;3838;2287;912
45;Gila_monster;4750;;0.5785263157894737;0.9024630541871921;0.5785263157894737;0.7050673508659397;2748;297;2002
235;German_shepherd;4750;;0.7115789473684211;0.6969072164948453;0.7115789473684211;0.7041666666666667;3380;1470;1370
213;Irish_setter;4750;;0.6926315789473684;0.7144408251900108;0.6926315789473684;0.7033671833244254;3290;1315;1460
951;lemon;4750;;0.6292631578947369;0.7945241892610314;0.6292631578947369;0.7023026315789475;2989;773;1761
949;strawberry;4750;;0.7526315789473684;0.6581369661266568;0.7526315789473684;0.702219603221371;3575;1857;1175
330;wood_rabbit;4750;;0.8073684210526316;0.6212538473999676;0.8073684210526316;0.7021880435777716;3835;2338;915
870;tricycle;4750;;0.6549473684210526;0.756198347107438;0.6549473684210526;0.7019404332129965;3111;1003;1639
134;crane;4750;;0.5745263157894737;0.8997692054071876;0.5745263157894737;0.7012720030836438;2729;304;2021
336;marmot;4750;;0.6928421052631579;0.7092672413793103;0.6928421052631579;0.7009584664536741;3291;1349;1459
154;Pekinese;4750;;0.6341052631578947;0.7829477514946712;0.6341052631578947;0.7007095498429685;3012;835;1738
290;jaguar;4750;;0.6351578947368421;0.7801913628135505;0.6351578947368421;0.7002437043054428;3017;850;1733
617;lab_coat;4750;;0.7185263157894737;0.6808298424097347;0.7185263157894737;0.6991703369865819;3413;1600;1337
992;agaric;4750;;0.7538947368421053;0.6512093107837789;0.7538947368421053;0.6987998829154064;3581;1918;1169
982;groom;4750;;0.6545263157894737;0.748795761078998;0.6545263157894737;0.6984947202875759;3109;1043;1641
467;butcher_shop;4750;;0.6667368421052632;0.7310710987996306;0.6667368421052632;0.6974234750055054;3167;1165;1583
971;bubble;4750;;0.6574736842105263;0.7425106990014265;0.6574736842105263;0.6974095578383207;3123;1083;1627
349;bighorn;4750;;0.8258947368421052;0.6012260536398467;0.8258947368421052;0.6958758314855876;3923;2602;827
190;Sealyham_terrier;4750;;0.8010526315789473;0.614800452415576;0.8010526315789473;0.6956760215741841;3805;2384;945
400;academic_gown;4750;;0.7490526315789474;0.6479694044800582;0.7490526315789474;0.6948540181622888;3558;1933;1192
48;Komodo_dragon;4750;;0.6608421052631579;0.7325554259043174;0.6608421052631579;0.6948533480907582;3139;1146;1611
796;ski_mask;4750;;0.7122105263157895;0.6780918019643215;0.7122105263157895;0.6947325187390903;3383;1606;1367
758;reel;4750;;0.5770526315789474;0.8723742838956079;0.5770526315789474;0.6946274708565636;2741;401;2009
693;paddle;4750;;0.7576842105263157;0.6411900944236594;0.7576842105263157;0.6945865096979638;3599;2014;1151
433;bathing_cap;4750;;0.6271578947368421;0.7771980172188886;0.6271578947368421;0.694162880111849;2979;854;1771
880;unicycle;4750;;0.7646315789473684;0.6340782122905028;0.7646315789473684;0.6932620729146783;3632;2096;1118
674;mousetrap;4750;;0.688;0.6979923109782145;0.688;0.6929601357082273;3268;1414;1482
912;worm_fence;4750;;0.7027368421052631;0.6828968903436988;0.7027368421052631;0.6926748288026562;3338;1550;1412
305;dung_beetle;4750;;0.6427368421052632;0.7501228501228501;0.6427368421052632;0.6922902494331066;3053;1017;1697
386;African_elephant;4750;;0.7050526315789474;0.6791725816264449;0.7050526315789474;0.6918706745170953;3349;1582;1401
678;neck_brace;4750;;0.6442105263157895;0.7456140350877193;0.6442105263157895;0.6912130110684436;3060;1044;1690
110;flatworm;4750;;0.7208421052631578;0.6627951993805652;0.7208421052631578;0.6906010488100041;3424;1742;1326
825;stone_wall;4750;;0.6311578947368421;0.7622679888126113;0.6311578947368421;0.6905447426004838;2998;935;1752
533;dishrag;4750;;0.6509473684210526;0.7349655336344189;0.6509473684210526;0.6904097354024785;3092;1115;1658
173;Ibizan_hound;4750;;0.6086315789473684;0.7955421023665382;0.6086315789473684;0.6896469465648853;2891;743;1859
553;file;4750;;0.6928421052631579;0.685625;0.6928421052631579;0.6892146596858639;3291;1509;1459
520;crib;4750;;0.6722105263157895;0.7068851007305734;0.6722105263157895;0.6891119024495523;3193;1324;1557
666;mortar;4750;;0.6903157894736842;0.6848370927318296;0.6903157894736842;0.6875655273642273;3279;1509;1471
795;ski;4750;;0.8073684210526316;0.5984706616729089;0.8073684210526316;0.6873991754794766;3835;2573;915
889;violin;4750;;0.6650526315789473;0.7102068345323741;0.6650526315789473;0.6868884540117417;3159;1289;1591
118;Dungeness_crab;4750;;0.6206315789473684;0.7677083333333333;0.6206315789473684;0.6863795110593713;2948;892;1802
56;king_snake;4750;;0.5732631578947368;0.8536050156739812;0.5732631578947368;0.6858942065491184;2723;467;2027
372;baboon;4750;;0.6290526315789474;0.7532140156289387;0.6290526315789474;0.6855569576689229;2988;979;1762
164;bluetick;4750;;0.6776842105263158;0.6928540680154972;0.6776842105263158;0.6851851851851851;3219;1427;1531
274;dhole;4750;;0.8088421052631579;0.5940012368583797;0.8088421052631579;0.6849705829916206;3842;2626;908
332;Angora;4750;;0.7896842105263158;0.6042203608247423;0.7896842105263158;0.684613980653404;3751;2457;999
647;measuring_cup;4750;;0.5867368421052631;0.8213969938107869;0.5867368421052631;0.6845143067665479;2787;606;1963
958;hay;4750;;0.7223157894736842;0.6504265402843602;0.7223157894736842;0.6844887780548629;3431;1844;1319
295;American_black_bear;4750;;0.7334736842105263;0.6407945558212249;0.7334736842105263;0.6840090311180916;3484;1953;1266
303;long-horned_beetle;4750;;0.663578947368421;0.7051454138702461;0.663578947368421;0.6837310195227765;3152;1318;1598
427;barrel;4750;;0.6067368421052631;0.7827267789244976;0.6067368421052631;0.6835863377609108;2882;800;1868
169;borzoi;4750;;0.8237894736842105;0.583855565502835;0.8237894736842105;0.6833740831295844;3913;2789;837
117;chambered_nautilus;4750;;0.7972631578947369;0.5977900552486188;0.7972631578947369;0.6832656743346865;3787;2548;963
823;stethoscope;4750;;0.5922105263157895;0.8057863076482383;0.5922105263157895;0.6826841402742386;2813;678;1937
896;washbasin;4750;;0.7208421052631578;0.64811660041643;0.7208421052631578;0.6825475929432872;3424;1859;1326
882;vacuum;4750;;0.56;0.8732764281024294;0.56;0.6824012314007184;2660;386;2090
608;jean;4750;;0.6018947368421053;0.7873863949325255;0.6018947368421053;0.6822574871733683;2859;772;1891
756;rain_barrel;4750;;0.6955789473684211;0.6693679092382496;0.6955789473684211;0.6822217633698121;3304;1632;1446
79;centipede;4750;;0.5722105263157895;0.8435754189944135;0.5722105263157895;0.6818866031108881;2718;504;2032
939;zucchini;4750;;0.704421052631579;0.6606120434353405;0.704421052631579;0.6818135506877229;3346;1719;1404
658;mitten;4750;;0.7597894736842106;0.6176621598493924;0.7597894736842106;0.681393372982158;3609;2234;1141
343;warthog;4750;;0.6073684210526316;0.7757461683248185;0.6073684210526316;0.6813083008619673;2885;834;1865
506;coil;4750;;0.6374736842105263;0.7315776757670935;0.6374736842105263;0.6812914838564518;3028;1111;1722
287;lynx;4750;;0.6174736842105263;0.7592544654413668;0.6174736842105263;0.6810635086497154;2933;930;1817
361;skunk;4750;;0.7844210526315789;0.6017441860465116;0.7844210526315789;0.6810455127033449;3726;2466;1024
109;brain_coral;4750;;0.6202105263157894;0.7540312260046071;0.6202105263157894;0.6806052905163451;2946;961;1804
597;holster;4750;;0.592421052631579;0.7973930291867385;0.592421052631579;0.6797922454402706;2814;715;1936
483;castle;4750;;0.6772631578947368;0.682001271994912;0.6772631578947368;0.6796239569029259;3217;1500;1533
181;Bedlington_terrier;4750;;0.7833684210526316;0.5999677523379555;0.7833684210526316;0.6795105916727538;3721;2481;1029
965;burrito;4750;;0.5690526315789474;0.8425810473815462;0.5690526315789474;0.6793164111585825;2703;505;2047
931;bagel;4750;;0.5934736842105263;0.7927446569178853;0.5934736842105263;0.678786419455815;2819;737;1931
447;binoculars;4750;;0.5922105263157895;0.7944083592205592;0.5922105263157895;0.6785671209745507;2813;728;1937
867;trailer_truck;4750;;0.7701052631578947;0.6062313556513093;0.7701052631578947;0.6784124629080118;3658;2376;1092
468;cab;4750;;0.7138947368421052;0.6459047619047619;0.7138947368421052;0.6782;3391;1859;1359
27;eft;4750;;0.6437894736842106;0.7164948453608248;0.6437894736842106;0.6781991572410735;3058;1210;1692
177;Scottish_deerhound;4750;;0.7901052631578948;0.5938291139240506;0.7901052631578948;0.6780487804878049;3753;2567;997
769;rule;4750;;0.636;0.7255043227665706;0.636;0.6778101862239174;3021;1143;1729
855;thimble;4750;;0.5951578947368421;0.7865887590428492;0.5951578947368421;0.6776126558005752;2827;767;1923
653;milk_can;4750;;0.6665263157894736;0.6887100282793126;0.6665263157894736;0.6774366106772226;3166;1431;1584
641;maraca;4750;;0.8174736842105264;0.5782576321667907;0.8174736842105264;0.6773658962058439;3883;2832;867
808;sombrero;4750;;0.5989473684210527;0.7792385647767734;0.5989473684210527;0.6773003213903107;2845;806;1905
43;frilled_lizard;4750;;0.6747368421052632;0.6771603634058736;0.6747368421052632;0.6759464304544975;3205;1528;1545
352;impala;4750;;0.8482105263157895;0.5612202256581696;0.8482105263157895;0.6754966887417219;4029;3150;721
735;poncho;4750;;0.7442105263157894;0.6181150550795593;0.7442105263157894;0.675327156366415;3535;2184;1215
429;baseball;4750;;0.5477894736842105;0.8772757923128793;0.5477894736842105;0.6744427164333853;2602;364;2148
307;weevil;4750;;0.7589473684210526;0.6065959952885748;0.7589473684210526;0.6742728888057606;3605;2338;1145
449;boathouse;4750;;0.7802105263157895;0.592391304347826;0.7802105263157895;0.6734508449936397;3706;2550;1044
581;grille;4750;;0.5867368421052631;0.7890713476783692;0.5867368421052631;0.6730258391692827;2787;745;1963
942;butternut_squash;4750;;0.5968421052631578;0.7714285714285715;0.5968421052631578;0.6729970326409497;2835;840;1915
858;tile_roof;4750;;0.6427368421052632;0.7058959537572255;0.6427368421052632;0.6728374655647383;3053;1272;1697
263;Pembroke;4750;;0.6610526315789473;0.6846925425207152;0.6610526315789473;0.6726649528706083;3140;1446;1610
703;park_bench;4750;;0.7016842105263158;0.6459302325581395;0.7016842105263158;0.672653884964682;3333;1827;1417
798;slide_rule;4750;;0.5564210526315789;0.8498392282958199;0.5564210526315789;0.6725190839694657;2643;467;2107
337;beaver;4750;;0.6002105263157895;0.7635243706480985;0.6002105263157895;0.6720886374351721;2851;883;1899
38;banded_gecko;4750;;0.6772631578947368;0.6656321125594868;0.6772631578947368;0.6713972659918606;3217;1616;1533
128;black_stork;4750;;0.8248421052631579;0.5655311778290993;0.8248421052631579;0.6710053091282754;3918;3010;832
125;hermit_crab;4750;;0.6050526315789474;0.7521591206490448;0.6050526315789474;0.6706335316765838;2874;947;1876
264;Cardigan;4750;;0.5789473684210527;0.7966396292004635;0.5789473684210527;0.6705681541087539;2750;702;2000
194;Dandie_Dinmont;4750;;0.755578947368421;0.6023833501174891;0.755578947368421;0.6703399327605528;3589;2369;1161
944;artichoke;4750;;0.548;0.8619205298013245;0.548;0.67001287001287;2603;417;2147
940;spaghetti_squash;4750;;0.6861052631578948;0.6532371216676689;0.6861052631578948;0.6692678919806961;3259;1730;1491
171;Italian_greyhound;4750;;0.6322105263157894;0.7097612857480501;0.6322105263157894;0.6687451286048325;3003;1228;1747
182;Border_terrier;4750;;0.5890526315789474;0.7733554449972361;0.5890526315789474;0.6687380497131931;2798;820;1952
47;African_chameleon;4750;;0.732421052631579;0.6150990099009901;0.732421052631579;0.6686527003651739;3479;2177;1271
183;Kerry_blue_terrier;4750;;0.6911578947368421;0.6474068231118123;0.6911578947368421;0.6685673556664291;3283;1788;1467
772;safety_pin;4750;;0.6063157894736843;0.7449560269011899;0.6063157894736843;0.668523676880223;2880;986;1870
150;sea_lion;4750;;0.5675789473684211;0.8127826349110642;0.5675789473684211;0.6684021321432998;2696;621;2054
234;Rottweiler;4750;;0.7353684210526316;0.6125920729568572;0.7353684210526316;0.668388825105243;3493;2209;1257
370;guenon;4750;;0.5330526315789473;0.8943836100317909;0.5330526315789473;0.66798575385833;2532;299;2218
579;grand_piano;4750;;0.5530526315789474;0.8425272610647851;0.5530526315789474;0.6677681748856127;2627;491;2123
104;wallaby;4750;;0.5738947368421052;0.7980093676814989;0.5738947368421052;0.6676463384766103;2726;690;2024
120;fiddler_crab;4750;;0.6713684210526316;0.6638218151540383;0.6713684210526316;0.6675737910822692;3189;1615;1561
443;bib;4750;;0.5957894736842105;0.7589165996245643;0.5957894736842105;0.6675315485316665;2830;899;1920
30;bullfrog;4750;;0.5452631578947369;0.8593231585932316;0.5452631578947369;0.667181865018032;2590;424;2160
397;puffer;4750;;0.5665263157894737;0.8112752487187217;0.5665263157894737;0.6671625139457047;2691;626;2059
236;Doberman;4750;;0.6151578947368421;0.7270465289873103;0.6151578947368421;0.6664385904892234;2922;1097;1828
346;water_buffalo;4750;;0.5776842105263158;0.786697247706422;0.5776842105263158;0.666181111920369;2744;744;2006
589;hand_blower;4750;;0.5498947368421052;0.8447606727037517;0.5498947368421052;0.6661565927059423;2612;480;2138
679;necklace;4750;;0.7806315789473685;0.580463368816531;0.7806315789473685;0.6658286945591669;3708;2680;1042
773;saltshaker;4750;;0.6153684210526316;0.7251302406350781;0.6153684210526316;0.6657556087006036;2923;1108;1827
411;apron;4750;;0.6006315789473684;0.746272560816113;0.6006315789473684;0.6655779773708153;2853;970;1897
676;muzzle;4750;;0.5534736842105263;0.8340736040609137;0.5534736842105263;0.6654011642622121;2629;523;2121
702;parallel_bars;4750;;0.7195789473684211;0.6181949719659975;0.7195789473684211;0.6650452378636054;3418;2111;1332
450;bobsled;4750;;0.7503157894736842;0.5969849246231156;0.7503157894736842;0.6649253731343284;3564;2406;1186
465;bulletproof_vest;4750;;0.7229473684210527;0.6142013950992666;0.7229473684210527;0.6641524030557973;3434;2157;1316
288;leopard;4750;;0.5867368421052631;0.7648188803512623;0.5867368421052631;0.6640457469621157;2787;857;1963
983;scuba_diver;4750;;0.8341052631578947;0.5515801197271335;0.8341052631578947;0.664040894997067;3962;3221;788
440;beer_bottle;4750;;0.7486315789473684;0.595944360650243;0.7486315789473684;0.6636185499673416;3556;2411;1194
223;schipperke;4750;;0.6210526315789474;0.7123883120019319;0.6210526315789474;0.6635923968057587;2950;1191;1800
759;reflex_camera;4750;;0.6162105263157894;0.7177538008827857;0.6162105263157894;0.663117353874037;2927;1151;1823
249;malamute;4750;;0.7092631578947368;0.6221606648199446;0.7092631578947368;0.6628627643876045;3369;2046;1381
42;agama;4750;;0.5581052631578948;0.8126916002452483;0.5581052631578948;0.6617573639540689;2651;611;2099
697;pajama;4750;;0.6694736842105263;0.6536485097636177;0.6694736842105263;0.6614664586583464;3180;1685;1570
785;seat_belt;4750;;0.6574736842105263;0.6654591945450671;0.6574736842105263;0.6614423382399661;3123;1570;1627
866;tractor;4750;;0.7185263157894737;0.6121973094170403;0.7185263157894737;0.6611138014527845;3413;2162;1337
749;quill;4750;;0.5903157894736842;0.7501337613697164;0.5903157894736842;0.6606974552309143;2804;934;1946
538;dome;4750;;0.5623157894736842;0.7994612391499551;0.5623157894736842;0.6602397725868249;2671;670;2079
847;tank;4750;;0.7393684210526316;0.5954560868090878;0.7393684210526316;0.6596543951915852;3512;2386;1238
862;torch;4750;;0.7633684210526316;0.5805315401857188;0.7633684210526316;0.6595125500181884;3626;2620;1124
913;wreck;4750;;0.6225263157894737;0.6985589416489487;0.6225263157894737;0.6583546699320939;2957;1276;1793
806;sock;4750;;0.6141052631578947;0.7092146851446632;0.6141052631578947;0.6582421302042197;2917;1196;1833
473;can_opener;4750;;0.6612631578947369;0.6545113565326109;0.6612631578947369;0.6578699340245052;3141;1658;1609
394;sturgeon;4750;;0.5936842105263158;0.7368696106610922;0.5936842105263158;0.6575725778244143;2820;1007;1930
531;digital_watch;4750;;0.6583157894736842;0.6558305369127517;0.6583157894736842;0.6570708131960495;3127;1641;1623
921;book_jacket;4750;;0.6357894736842106;0.6795679567956796;0.6357894736842106;0.6569501849031978;3020;1424;1730
843;swing;4750;;0.7189473684210527;0.6047458827696122;0.7189473684210527;0.6569202654611908;3415;2232;1335
379;howler_monkey;4750;;0.7606315789473684;0.5759604654870079;0.7606315789473684;0.6555384196679671;3613;2660;1137
410;apiary;4750;;0.7383157894736843;0.5891147320678649;0.7383157894736843;0.6553302812295618;3507;2446;1243
360;otter;4750;;0.7115789473684211;0.6072583542939274;0.7115789473684211;0.6552927491275689;3380;2186;1370
487;cellular_telephone;4750;;0.58;0.7529379611915824;0.58;0.6552503270305624;2755;904;1995
745;projector;4750;;0.5717894736842105;0.7661495063469675;0.5717894736842105;0.6548523206751055;2716;829;2034
807;solar_dish;4750;;0.6393684210526316;0.6690901079532937;0.6393684210526316;0.6538916998600496;3037;1502;1713
515;cowboy_hat;4750;;0.688;0.6223576461626357;0.688;0.6535346465353464;3268;1983;1482
220;Sussex_spaniel;4750;;0.6452631578947369;0.6618440941481322;0.6452631578947369;0.6534484596524891;3065;1566;1685
878;typewriter_keyboard;4750;;0.7747368421052632;0.5632078359351087;0.7747368421052632;0.65225097483162;3680;2854;1070
101;tusker;4750;;0.7065263157894737;0.6054483131878045;0.7065263157894737;0.6520936558826388;3356;2187;1394
929;ice_lolly;4750;;0.612421052631579;0.6967664670658683;0.612421052631579;0.6518767507002801;2909;1266;1841
63;Indian_cobra;4750;;0.708;0.6032286995515695;0.708;0.6514285714285715;3363;2212;1387
3;tiger_shark;4750;;0.6425263157894737;0.6604631032244103;0.6425263157894737;0.6513712517340733;3052;1569;1698
543;dumbbell;4750;;0.7269473684210527;0.5887468030690537;0.7269473684210527;0.6505887894488932;3453;2412;1297
232;Border_collie;4750;;0.6802105263157895;0.6231436837029893;0.6802105263157895;0.6504277805737292;3231;1954;1519
452;bonnet;4750;;0.5993684210526316;0.7106839740389416;0.5993684210526316;0.6502969392416629;2847;1159;1903
777;scabbard;4750;;0.7431578947368421;0.5778359797020789;0.7431578947368421;0.6501519476931579;3530;2579;1220
793;shower_cap;4750;;0.6694736842105263;0.6310775947608652;0.6694736842105263;0.6497088568801717;3180;1859;1570
335;fox_squirrel;4750;;0.7549473684210526;0.5692063492063492;0.7549473684210526;0.649049773755656;3586;2714;1164
309;bee;4750;;0.6821052631578948;0.6190294230034391;0.6821052631578948;0.6490384615384616;3240;1994;1510
831;studio_couch;4750;;0.7450526315789474;0.5728391065069601;0.7450526315789474;0.6476939970717424;3539;2639;1211
503;cocktail_shaker;4750;;0.6372631578947369;0.657043629259822;0.6372631578947369;0.6470022443090734;3027;1580;1723
577;gong;4750;;0.8357894736842105;0.5272244355909694;0.8357894736842105;0.6465798045602605;3970;3560;780
588;hamper;4750;;0.6621052631578948;0.6311458960465584;0.6621052631578948;0.6462550087331758;3145;1838;1605
256;Newfoundland;4750;;0.6105263157894737;0.6844465423648808;0.6105263157894737;0.6453766551685769;2900;1337;1850
224;groenendael;4750;;0.659578947368421;0.6308900523560209;0.659578947368421;0.6449156031288595;3133;1833;1617
578;gown;4750;;0.5818947368421052;0.721294363256785;0.5818947368421052;0.6441388953623863;2764;1068;1986
869;trench_coat;4750;;0.6031578947368421;0.690527838033261;0.6031578947368421;0.6438925721991234;2865;1284;1885
830;stretcher;4750;;0.6766315789473685;0.6135929744177167;0.6766315789473685;0.6435722867440928;3214;2024;1536
242;boxer;4750;;0.5656842105263158;0.7461816162177173;0.5656842105263158;0.6435157466171716;2687;914;2063
669;mosquito_net;4750;;0.6938947368421052;0.5993817057646845;0.6938947368421052;0.6431847009464339;3296;2203;1454
591;handkerchief;4750;;0.6174736842105263;0.6710134980553649;0.6174736842105263;0.6431312356101304;2933;1438;1817
378;capuchin;4750;;0.6877894736842105;0.6038817005545286;0.6877894736842105;0.6431102362204725;3267;2143;1483
665;moped;4750;;0.6126315789473684;0.6759581881533101;0.6126315789473684;0.6427388183324131;2910;1395;1840
572;goblet;4750;;0.5930526315789474;0.698487478303992;0.5930526315789474;0.6414664693157235;2817;1216;1933
315;mantis;4750;;0.576421052631579;0.7228088701161562;0.576421052631579;0.6413680018739751;2738;1050;2012
737;pop_bottle;4750;;0.6294736842105263;0.6511324041811847;0.6294736842105263;0.640119888674802;2990;1602;1760
498;cinema;4750;;0.6301052631578947;0.649663555459084;0.6301052631578947;0.6397349577856151;2993;1614;1757
243;bull_mastiff;4750;;0.496;0.8999236058059588;0.496;0.6395222584147666;2356;262;2394
319;dragonfly;4750;;0.528;0.8095545513234345;0.528;0.6391437308868503;2508;590;2242
857;throne;4750;;0.7157894736842105;0.5767599660729432;0.7157894736842105;0.6387975575387507;3400;2495;1350
775;sarong;4750;;0.6134736842105263;0.665600730927364;0.6134736842105263;0.6384750219106047;2914;1464;1836
997;bolete;4750;;0.7652631578947369;0.5476047002109069;0.7652631578947369;0.6383912890762207;3635;3003;1115
186;Norwich_terrier;4750;;0.6456842105263157;0.6306806498046473;0.6456842105263157;0.6380942473733486;3067;1796;1683
191;Airedale;4750;;0.7233684210526315;0.5703851261620186;0.7233684210526315;0.6378318173380361;3436;2588;1314
844;switch;4750;;0.5509473684210526;0.7570147526757304;0.5509473684210526;0.6377482636773486;2617;840;2133
708;pedestal;4750;;0.5818947368421052;0.704742478327384;0.5818947368421052;0.6374538745387455;2764;1158;1986
626;lighter;4750;;0.5218947368421053;0.8181518151815181;0.5218947368421053;0.6372750642673523;2479;551;2271
841;sweatshirt;4750;;0.5789473684210527;0.7069408740359897;0.5789473684210527;0.6365740740740741;2750;1140;2000
881;upright;4750;;0.8014736842105263;0.5275776053215078;0.8014736842105263;0.6363028580979442;3807;3409;943
729;plate_rack;4750;;0.5425263157894736;0.7687947494033412;0.5425263157894736;0.636139224882745;2577;775;2173
826;stopwatch;4750;;0.5490526315789473;0.7555040556199305;0.5490526315789473;0.6359424530602292;2608;844;2142
37;box_turtle;4750;;0.5795789473684211;0.7031928480204342;0.5795789473684211;0.6354298903635315;2753;1162;1997
964;potpie;4750;;0.6307368421052632;0.6355536699193891;0.6307368421052632;0.6331360946745563;2996;1718;1754
459;brassiere;4750;;0.668;0.6003784295175023;0.668;0.6323866467364226;3173;2112;1577
221;Irish_water_spaniel;4750;;0.7465263157894737;0.5483222514303386;0.7465263157894737;0.6322546135330301;3546;2921;1204
946;cardoon;4750;;0.9233684210526316;0.4805522077352909;0.9233684210526316;0.6321250990848166;4386;4741;364
552;feather_boa;4750;;0.6507368421052632;0.6130503768345894;0.6507368421052632;0.6313316993464051;3091;1951;1659
172;whippet;4750;;0.5768421052631579;0.6968463886063072;0.5768421052631579;0.6311909698226215;2740;1192;2010
409;analog_clock;4750;;0.7136842105263158;0.5656599365926914;0.7136842105263158;0.6311086288746159;3390;2603;1360
112;conch;4750;;0.5252631578947369;0.789806900918012;0.5252631578947369;0.63092679226198;2495;664;2255
550;espresso_maker;4750;;0.6349473684210526;0.6265060240963856;0.6349473684210526;0.6306984525303221;3016;1798;1734
436;beach_wagon;4750;;0.5835789473684211;0.6856294830571358;0.5835789473684211;0.6305015353121801;2772;1271;1978
82;ruffed_grouse;4750;;0.7892631578947369;0.5245557576605568;0.7892631578947369;0.6302429183827856;3749;3398;1001
123;spiny_lobster;4750;;0.5393684210526316;0.756198347107438;0.5393684210526316;0.6296387318751535;2562;826;2188
492;chest;4750;;0.5858947368421052;0.679443359375;0.5858947368421052;0.6292109427990052;2783;1313;1967
209;Chesapeake_Bay_retriever;4750;;0.6138947368421053;0.6439929328621908;0.6138947368421053;0.6285837464970899;2916;1612;1834
29;axolotl;4750;;0.7362105263157894;0.5476041340432195;0.7362105263157894;0.6280531609195402;3497;2889;1253
197;giant_schnauzer;4750;;0.5690526315789474;0.7004405286343612;0.5690526315789474;0.6279474968056684;2703;1156;2047
690;oxcart;4750;;0.7421052631578947;0.54406544219787;0.7421052631578947;0.6278386321132781;3525;2954;1225
835;sundial;4750;;0.5012631578947369;0.8372011251758087;0.5012631578947369;0.6270740057940479;2381;463;2369
373;macaque;4750;;0.7208421052631578;0.5544041450777202;0.7208421052631578;0.6267618524620172;3424;2752;1326
413;assault_rifle;4750;;0.6846315789473684;0.5777225084384437;0.6846315789473684;0.6266499662780615;3252;2377;1498
302;ground_beetle;4750;;0.6305263157894737;0.6220145379023884;0.6305263157894737;0.6262415054887611;2995;1820;1755
760;refrigerator;4750;;0.5768421052631579;0.6848287928017995;0.5768421052631579;0.6262141469546337;2740;1261;2010
791;shopping_cart;4750;;0.7317894736842105;0.5470569719861504;0.7317894736842105;0.6260806916426513;3476;2878;1274
738;pot;4750;;0.7583157894736842;0.5326826382727003;0.7583157894736842;0.6257817929117442;3602;3160;1148
846;table_lamp;4750;;0.7305263157894737;0.5460267505900865;0.7305263157894737;0.624943719045475;3470;2885;1280
683;oboe;4750;;0.5568421052631579;0.7119784656796769;0.5568421052631579;0.6249261665682221;2645;1070;2105
864;tow_truck;4750;;0.6322105263157894;0.6171393341553637;0.6322105263157894;0.6245840266222962;3003;1863;1747
179;Staffordshire_bullterrier;4750;;0.6372631578947369;0.6115151515151516;0.6372631578947369;0.6241237113402062;3027;1923;1723
199;Scotch_terrier;4750;;0.6210526315789474;0.6260611205432938;0.6210526315789474;0.6235468188543649;2950;1762;1800
966;red_wine;4750;;0.5688421052631579;0.688934217236104;0.5688421052631579;0.6231549815498155;2702;1220;2048
114;slug;4750;;0.5408421052631579;0.7348398169336384;0.5408421052631579;0.6230899830220713;2569;927;2181
634;lumbermill;4750;;0.5890526315789474;0.6589731512011304;0.5890526315789474;0.6220542463317029;2798;1448;1952
698;palace;4750;;0.6433684210526316;0.6020488573680063;0.6433684210526316;0.6220232037451658;3056;2020;1694
774;sandal;4750;;0.4991578947368421;0.8212677519916869;0.4991578947368421;0.6209244467722927;2371;516;2379
950;orange;4750;;0.5698947368421052;0.6804927099044746;0.5698947368421052;0.6203024747937672;2707;1271;2043
644;matchstick;4750;;0.532;0.740838463793609;0.532;0.6192868521014582;2527;884;2223
861;toilet_seat;4750;;0.6581052631578947;0.5846268935851879;0.6581052631578947;0.6191938199465187;3126;2221;1624
740;power_drill;4750;;0.5610526315789474;0.6900569653029518;0.5610526315789474;0.6189038550859266;2665;1197;2085
406;altar;4750;;0.6237894736842106;0.6130767639147527;0.6237894736842106;0.6183867264948346;2963;1870;1787
419;Band_Aid;4750;;0.6524210526315789;0.5875995449374289;0.6524210526315789;0.618316041500399;3099;2175;1651
161;basset;4750;;0.744;0.5286462228870605;0.744;0.6181023174464363;3534;3151;1216
115;sea_slug;4750;;0.6153684210526316;0.6200678829019941;0.6153684210526316;0.6177092138630601;2923;1791;1827
377;marmoset;4750;;0.7042105263157895;0.5488105004101723;0.7042105263157895;0.6168741355463347;3345;2750;1405
50;American_alligator;4750;;0.5568421052631579;0.6893406307010685;0.5568421052631579;0.616047513683475;2645;1192;2105
590;hand-held_computer;4750;;0.704421052631579;0.5472685639515865;0.704421052631579;0.615979381443299;3346;2768;1404
935;mashed_potato;4750;;0.5204210526315789;0.7518248175182481;0.5204210526315789;0.6150783777058969;2472;816;2278
175;otterhound;4750;;0.5907368421052631;0.6409319323892189;0.5907368421052631;0.6148115687992989;2806;1572;1944
399;abaya;4750;;0.8271578947368421;0.48910743184364497;0.8271578947368421;0.6147226785574591;3929;4104;821
267;standard_poodle;4750;;0.543578947368421;0.7050791916985254;0.543578947368421;0.613884926295768;2582;1080;2168
441;beer_glass;4750;;0.6122105263157894;0.6151893378464142;0.6122105263157894;0.613696317400021;2908;1819;1842
675;moving_van;4750;;0.6271578947368421;0.6002417892403789;0.6271578947368421;0.6134047153299702;2979;1984;1771
8;hen;4750;;0.4985263157894737;0.7956989247311828;0.4985263157894737;0.6129950815428423;2368;608;2382
40;American_chameleon;4750;;0.6585263157894737;0.5724743777452416;0.6585263157894737;0.6124926571372626;3128;2336;1622
747;punching_bag;4750;;0.632421052631579;0.5934413275385223;0.632421052631579;0.6123114553607827;3004;2058;1746
643;mask;4750;;0.5951578947368421;0.6290609701824655;0.5951578947368421;0.6116399826914755;2827;1667;1923
442;bell_cote;4750;;0.5456842105263158;0.6954655218674537;0.5456842105263158;0.6115371003892887;2592;1135;2158
33;loggerhead;4750;;0.6654736842105263;0.5636590584878745;0.6654736842105263;0.6103494883182081;3161;2447;1589
776;sax;4750;;0.6656842105263158;0.5634354953670706;0.6656842105263158;0.6103068905616678;3162;2450;1588
455;bottlecap;4750;;0.6225263157894737;0.5983407527316876;0.6225263157894737;0.6101939744118862;2957;1985;1793
408;amphibian;4750;;0.5566315789473684;0.6744897959183673;0.5566315789473684;0.6099192618223759;2644;1276;2106
662;modem;4750;;0.5181052631578947;0.7412650602409638;0.5181052631578947;0.6099132589838909;2461;859;2289
602;horizontal_bar;4750;;0.5427368421052632;0.6948787061994609;0.5427368421052632;0.6094562647754137;2578;1132;2172
530;digital_clock;4750;;0.6225263157894737;0.5966505246166263;0.6225263157894737;0.6093138264990727;2957;1999;1793
660;mobile_home;4750;;0.6362105263157894;0.5836230204712244;0.6362105263157894;0.6087832393231265;3022;2156;1728
176;Saluki;4750;;0.5524210526315789;0.6776859504132231;0.5524210526315789;0.6086754813268384;2624;1248;2126
778;scale;4750;;0.45094736842105265;0.9357798165137615;0.45094736842105265;0.6086091774399773;2142;147;2608
943;cucumber;4750;;0.5191578947368422;0.7339285714285714;0.5191578947368422;0.6081381011097411;2466;894;2284
854;theater_curtain;4750;;0.8077894736842105;0.48748570702579086;0.8077894736842105;0.6080342286665082;3837;4034;913
788;shoe_shop;4750;;0.6970526315789474;0.5382864574865875;0.6970526315789474;0.6074672048435923;3311;2840;1439
811;space_heater;4750;;0.5153684210526316;0.7395770392749245;0.5153684210526316;0.6074441687344914;2448;862;2302
839;suspension_bridge;4750;;0.5206315789473684;0.7275669314504266;0.5206315789473684;0.606945637501534;2473;926;2277
967;espresso;4750;;0.5503157894736842;0.675626776944947;0.5503157894736842;0.6065668871098735;2614;1255;2136
741;prayer_rug;4750;;0.7132631578947368;0.5272331154684096;0.7132631578947368;0.6062992125984252;3388;3038;1362
446;binder;4750;;0.5846315789473684;0.6285649615210502;0.5846315789473684;0.6058027923211169;2777;1641;1973
382;squirrel_monkey;4750;;0.8452631578947368;0.4697554697554698;0.8452631578947368;0.6038956155523802;4015;4532;735
502;clog;4750;;0.6290526315789474;0.5800815375655213;0.6290526315789474;0.6035753964246036;2988;2163;1762
311;grasshopper;4750;;0.6046315789473684;0.6019702368476211;0.6046315789473684;0.6032979729020062;2872;1899;1878
601;hoopskirt;4750;;0.7930526315789473;0.48662963441415835;0.7930526315789473;0.603154271075174;3767;3974;983
462;broom;4750;;0.5410526315789473;0.6813361611876988;0.5410526315789473;0.6031448016897442;2570;1202;2180
342;wild_boar;4750;;0.7275789473684211;0.5148986889153755;0.7275789473684211;0.6030361193508987;3456;3256;1294
273;dingo;4750;;0.5543157894736842;0.6607277289836888;0.5543157894736842;0.6028620492272466;2633;1352;2117
709;pencil_box;4750;;0.5387368421052632;0.6838588989845003;0.5387368421052632;0.6026848798869525;2559;1183;2191
402;acoustic_guitar;4750;;0.6383157894736842;0.5705683101242002;0.6383157894736842;0.602543720190779;3032;2282;1718
730;plow;4750;;0.5635789473684211;0.646150132754043;0.5635789473684211;0.6020465534690206;2677;1466;2073
671;mountain_bike;4750;;0.852;0.4654399079930995;0.852;0.6020081814801042;4047;4648;703
556;fire_screen;4750;;0.6406315789473684;0.5669834171790572;0.6406315789473684;0.6015617277849165;3043;2324;1707
422;barbell;4750;;0.4648421052631579;0.8518518518518519;0.4648421052631579;0.6014709888313811;2208;384;2542
237;miniature_pinscher;4750;;0.6738947368421052;0.5426343448042041;0.6738947368421052;0.6011832096910509;3201;2698;1549
636;mailbag;4750;;0.7311578947368421;0.5102100778610255;0.7311578947368421;0.6010210262178767;3473;3334;1277
875;trombone;4750;;0.5414736842105263;0.6743576297850026;0.5414736842105263;0.6006539000467072;2572;1242;2178
65;sea_snake;4750;;0.628421052631579;0.5738177623990772;0.628421052631579;0.599879421221865;2985;2217;1765
803;snowplow;4750;;0.864421052631579;0.4589247792556164;0.864421052631579;0.59954734613419;4106;4841;644
106;wombat;4750;;0.4842105263157895;0.7847151142954623;0.4842105263157895;0.5988803541205572;2300;631;2450
696;paintbrush;4750;;0.5911578947368421;0.606348520837832;0.5911578947368421;0.5986568596098497;2808;1823;1942
525;dam;4750;;0.56;0.642512077294686;0.56;0.5984251968503936;2660;1480;2090
917;comic_book;4750;;0.6686315789473685;0.5399523971438286;0.6686315789473685;0.5974416854778029;3176;2706;1574
464;buckle;4750;;0.5128421052631579;0.7147887323943662;0.5128421052631579;0.5972051973522922;2436;972;2314
453;bookcase;4750;;0.6764210526315789;0.5323061630218688;0.6764210526315789;0.5957722974225849;3213;2823;1537
52;thunder_snake;4750;;0.5858947368421052;0.6026418362927675;0.5858947368421052;0.5941502988898377;2783;1835;1967
790;shopping_basket;4750;;0.5644210526315789;0.6264018691588785;0.5644210526315789;0.593798449612403;2681;1599;2069
895;warplane;4750;;0.8086315789473684;0.46858606807368547;0.8086315789473684;0.5933420869699544;3841;4356;909
546;electric_guitar;4750;;0.7294736842105263;0.49913569576490924;0.7294736842105263;0.5927129661306876;3465;3477;1285
196;miniature_schnauzer;4750;;0.48273684210526313;0.7658650634602538;0.48273684210526313;0.5922004132231404;2293;701;2457
884;vault;4750;;0.6787368421052632;0.5247395833333334;0.6787368421052632;0.5918854415274464;3224;2920;1526
155;Shih-Tzu;4750;;0.5831578947368421;0.599437351222679;0.5831578947368421;0.591185572510938;2770;1851;1980
523;crutch;4750;;0.5153684210526316;0.6928955561845457;0.5153684210526316;0.5910901847156826;2448;1085;2302
596;hatchet;4750;;0.5061052631578947;0.7099822799763733;0.5061052631578947;0.5909537856440511;2404;982;2346
484;catamaran;4750;;0.4608421052631579;0.8223140495867769;0.4608421052631579;0.5906637884511602;2189;473;2561
827;stove;4750;;0.5486315789473685;0.6391954868776061;0.5486315789473685;0.5904610853064461;2606;1471;2144
632;loudspeaker;4750;;0.46821052631578947;0.7977044476327116;0.46821052631578947;0.5900769434863359;2224;564;2526
481;cassette;4750;;0.6134736842105263;0.567367601246106;0.6134736842105263;0.5895205340886102;2914;2222;1836
405;airship;4750;;0.6888421052631579;0.5143845307341613;0.6888421052631579;0.5889658896588966;3272;3089;1478
165;black-and-tan_coonhound;4750;;0.5048421052631579;0.7055016181229773;0.5048421052631579;0.588538470978034;2398;1001;2352
206;curly-coated_retriever;4750;;0.6334736842105263;0.5490875912408759;0.6334736842105263;0.5882697947214076;3009;2471;1741
211;vizsla;4750;;0.7913684210526316;0.467479169257555;0.7913684210526316;0.5877570166523336;3759;4282;991
334;porcupine;4750;;0.6597894736842105;0.5283209710047202;0.6597894736842105;0.5867815015914624;3134;2798;1616
477;carpenter's_kit;4750;;0.6496842105263158;0.5346500346500347;0.6496842105263158;0.5865804980041817;3086;2686;1664
710;pencil_sharpener;4750;;0.4696842105263158;0.772774506408036;0.4696842105263158;0.5842608354065731;2231;656;2519
489;chainlink_fence;4750;;0.664;0.5210639352387246;0.664;0.5839118763306489;3154;2899;1596
463;bucket;4750;;0.5442105263157895;0.6294131969807646;0.5442105263157895;0.5837190922434232;2585;1522;2165
544;Dutch_oven;4750;;0.6978947368421052;0.5015128593040847;0.6978947368421052;0.5836267605633803;3315;3295;1435
212;English_setter;4750;;0.5191578947368422;0.6650485436893204;0.5191578947368422;0.5831165760227005;2466;1242;2284
192;cairn;4750;;0.5562105263157895;0.6105847007164317;0.5562105263157895;0.5821306599096618;2642;1685;2108
185;Norfolk_terrier;4750;;0.5917894736842105;0.5727383863080685;0.5917894736842105;0.5821080969144751;2811;2097;1939
648;medicine_chest;4750;;0.4871578947368421;0.7228990940331147;0.4871578947368421;0.5820651490378569;2314;887;2436
371;patas;4750;;0.5547368421052632;0.611794752728117;0.5547368421052632;0.5818703765043611;2635;1672;2115
817;sports_car;4750;;0.5686315789473684;0.5949339207048459;0.5686315789473684;0.5814854682454252;2701;1839;2049
652;military_uniform;4750;;0.5633684210526316;0.6001345593182328;0.5633684210526316;0.5811705939841461;2676;1783;2074
310;ant;4750;;0.7338947368421053;0.4807612743069921;0.7338947368421053;0.5809515873677193;3486;3765;1264
508;computer_keyboard;4750;;0.604;0.5595865028281646;0.604;0.580945631264554;2869;2258;1881
61;boa_constrictor;4750;;0.45389473684210524;0.8047779022023143;0.45389473684210524;0.5804280522277561;2156;523;2594
980;volcano;4750;;0.7141052631578947;0.4881980426021877;0.7141052631578947;0.5799281928534793;3392;3556;1358
424;barbershop;4750;;0.5061052631578947;0.6785210273779283;0.5061052631578947;0.579766067767997;2404;1139;2346
887;vestment;4750;;0.7368421052631579;0.47762008733624456;0.7368421052631579;0.5795661533366452;3500;3828;1250
395;gar;4750;;0.5298947368421053;0.6394817073170732;0.5298947368421053;0.5795533041676262;2517;1419;2233
231;collie;4750;;0.5658947368421052;0.5937707090788602;0.5658947368421052;0.5794976824404441;2688;1839;2062
879;umbrella;4750;;0.6117894736842105;0.5502745692103769;0.6117894736842105;0.57940384807098;2906;2375;1844
851;television;4750;;0.6185263157894737;0.5439733382706906;0.6185263157894737;0.5788592256920501;2938;2463;1812
598;home_theater;4750;;0.612;0.548180275315859;0.612;0.5783348254252462;2907;2396;1843
845;syringe;4750;;0.49705263157894736;0.6909569798068481;0.49705263157894736;0.5781804824292887;2361;1056;2389
431;bassinet;4750;;0.6581052631578947;0.5143139190523198;0.6581052631578947;0.5773919468045807;3126;2952;1624
250;Siberian_husky;4750;;0.6330526315789474;0.5303350970017636;0.6330526315789474;0.5771593090211132;3007;2663;1743
222;kuvasz;4750;;0.6;0.5559890753023801;0.6;0.5771567436208992;2850;2276;1900
804;soap_dispenser;4750;;0.44484210526315787;0.820901320901321;0.44484210526315787;0.577007099945385;2113;461;2637
418;ballpoint;4750;;0.6709473684210526;0.5061140225504208;0.6709473684210526;0.5769892278446637;3187;3110;1563
314;cockroach;4750;;0.4966315789473684;0.6869539895165987;0.4966315789473684;0.5764907135874877;2359;1075;2391
207;golden_retriever;4750;;0.6566315789473685;0.51375391204085;0.6566315789473685;0.5764716754458923;3119;2952;1631
76;tarantula;4750;;0.7732631578947369;0.45935467733866936;0.7732631578947369;0.5763376745645693;3673;4323;1077
962;meat_loaf;4750;;0.5612631578947368;0.590607000443066;0.5612631578947368;0.5755613126079447;2666;1848;2084
930;French_loaf;4750;;0.5981052631578947;0.5541252194265652;0.5981052631578947;0.5752758934899261;2841;2286;1909
624;library;4750;;0.503578947368421;0.6705915335015419;0.503578947368421;0.5752074065167728;2392;1175;2358
541;drum;4750;;0.6023157894736842;0.5487149980820867;0.6023157894736842;0.5742673625050182;2861;2353;1889
908;wing;4750;;0.45073684210526316;0.7891632878732031;0.45073684210526316;0.5737639019161195;2141;572;2609
168;redbone;4750;;0.5970526315789474;0.551858338198093;0.5970526315789474;0.573566589139448;2836;2303;1914
505;coffeepot;4750;;0.6046315789473684;0.5454890788224122;0.6046315789473684;0.5735396904643035;2872;2393;1878
329;sea_cucumber;4750;;0.5477894736842105;0.6016184971098266;0.5477894736842105;0.5734435261707989;2602;1723;2148
158;toy_terrier;4750;;0.5536842105263158;0.5936794582392777;0.5536842105263158;0.5729847494553377;2630;1800;2120
894;wardrobe;4750;;0.6248421052631579;0.5254957507082153;0.6248421052631579;0.5708790151952298;2968;2680;1782
691;oxygen_mask;4750;;0.5018947368421053;0.6609370668145274;0.5018947368421053;0.570539667344741;2384;1223;2366
108;sea_anemone;4750;;0.47010526315789475;0.7207876049063913;0.47010526315789475;0.5690621814475025;2233;865;2517
751;racer;4750;;0.6625263157894736;0.49699936828806063;0.6625263157894736;0.5679480238224146;3147;3185;1603
202;soft-coated_wheaten_terrier;4750;;0.5444210526315789;0.5933914639743001;0.5444210526315789;0.5678524374176548;2586;1772;2164
269;timber_wolf;4750;;0.6658947368421053;0.4944505236829764;0.6658947368421053;0.5675069525432852;3163;3234;1587
651;microwave;4750;;0.5682105263157895;0.5661841829242711;0.5682105263157895;0.5671955448145424;2699;2068;2051
656;minivan;4750;;0.5094736842105263;0.6370097394051066;0.5094736842105263;0.5661480874956135;2420;1379;2330
162;beagle;4750;;0.4991578947368421;0.6519109155897718;0.4991578947368421;0.5653988315249792;2371;1266;2379
445;bikini;4750;;0.6633684210526316;0.4925746443645459;0.6633684210526316;0.565353906880775;3151;3246;1599
513;cornet;4750;;0.684;0.48169014084507045;0.684;0.5652892561983472;3249;3496;1501
907;wine_bottle;4750;;0.6086315789473684;0.527073837739289;0.6086315789473684;0.564924279433317;2891;2594;1859
787;shield;4750;;0.5071578947368421;0.6373015873015873;0.5071578947368421;0.5648300117233294;2409;1371;2341
655;miniskirt;4750;;0.6033684210526316;0.5294661001293183;0.6033684210526316;0.5640066909377152;2866;2547;1884
227;kelpie;4750;;0.552;0.5743702081051478;0.552;0.562962962962963;2622;1943;2128
519;crate;4750;;0.5096842105263157;0.6286678784731239;0.5096842105263157;0.5629577956051621;2421;1430;2329
893;wallet;4750;;0.6410526315789473;0.501564816339977;0.6410526315789473;0.5627945661214305;3045;3026;1705
700;paper_towel;4750;;0.5092631578947369;0.6286382536382537;0.5092631578947369;0.5626889974412654;2419;1429;2331
126;isopod;4750;;0.5686315789473684;0.555761316872428;0.5686315789473684;0.5621227887617066;2701;2159;2049
359;black-footed_ferret;4750;;0.5776842105263158;0.5465046803425613;0.5776842105263158;0.5616620612015147;2744;2277;2006
622;lens_cap;4750;;0.43705263157894736;0.781038374717833;0.43705263157894736;0.5604751619870411;2076;582;2674
792;shovel;4750;;0.5056842105263157;0.6284667713239142;0.5056842105263157;0.5604293047130191;2402;1420;2348
111;nematode;4750;;0.8134736842105263;0.4269613259668508;0.8134736842105263;0.56;3864;5186;886
412;ashcan;4750;;0.5418947368421053;0.5792079207920792;0.5418947368421053;0.5599303893843812;2574;1870;2176
188;wire-haired_fox_terrier;4750;;0.692;0.4696385197885412;0.692;0.5595369818707976;3287;3712;1463
151;Chihuahua;4750;;0.49705263157894736;0.637246963562753;0.49705263157894736;0.5584861028976936;2361;1344;2389
153;Maltese_dog;4750;;0.6444210526315789;0.492280476037311;0.6444210526315789;0.5581692195477753;3061;3157;1689
631;lotion;4750;;0.6526315789473685;0.48749803428211985;0.6526315789473685;0.5581060401476281;3100;3259;1650
906;Windsor_tie;4750;;0.6332631578947369;0.49801324503311256;0.6332631578947369;0.5575532900834105;3008;3032;1742
584;hair_slide;4750;;0.5515789473684211;0.5592315901814301;0.5515789473684211;0.5553789083200849;2620;2065;2130
750;quilt;4750;;0.5827368421052631;0.5280427317817626;0.5827368421052631;0.5540432345876701;2768;2474;1982
828;strainer;4750;;0.44084210526315787;0.744136460554371;0.44084210526315787;0.5536753040719196;2094;720;2656
926;hot_pot;4750;;0.7517894736842106;0.4363925210802884;0.7517894736842106;0.5522307275960722;3571;4612;1179
639;maillot;4750;;0.6513684210526316;0.47879913339523367;0.6513684210526316;0.5519086692829112;3094;3368;1656
257;Great_Pyrenees;4750;;0.4943157894736842;0.62463421122639;0.4943157894736842;0.5518862381008344;2348;1411;2402
208;Labrador_retriever;4750;;0.44673684210526315;0.7164078325455773;0.44673684210526315;0.550311203319502;2122;840;2628
767;rubber_eraser;4750;;0.4789473684210526;0.6461232604373758;0.4789473684210526;0.5501148591464151;2275;1246;2475
892;wall_clock;4750;;0.5467368421052632;0.5529061102831595;0.5467368421052632;0.5498041706361809;2597;2100;2153
219;cocker_spaniel;4750;;0.43094736842105263;0.7545152967194987;0.43094736842105263;0.5485729599356828;2047;666;2703
976;promontory;4750;;0.6549473684210526;0.4696557971014493;0.6549473684210526;0.5470371021628275;3111;3513;1639
205;flat-coated_retriever;4750;;0.6850526315789474;0.4525730180806676;0.6850526315789474;0.5450586264656616;3254;3936;1496
298;mongoose;4750;;0.47410526315789475;0.6386840612592173;0.47410526315789475;0.5442242629289512;2252;1274;2498
998;ear;4750;;0.748421052631579;0.42483269598470363;0.748421052631579;0.542003354169843;3555;4813;1195
650;microphone;4750;;0.4551578947368421;0.66852195423624;0.4551578947368421;0.5415831663326652;2162;1072;2588
241;EntleBucher;4750;;0.8269473684210527;0.4023353477414729;0.8269473684210527;0.5413077930131606;3928;5835;822
438;beaker;4750;;0.5553684210526316;0.52749450109978;0.5553684210526316;0.5410727104912316;2638;2363;2112
868;tray;4750;;0.47368421052631576;0.6284916201117319;0.47368421052631576;0.5402160864345739;2250;1330;2500
374;langur;4750;;0.64;0.46697388632872505;0.64;0.5399644760213144;3040;3470;1710
587;hammer;4750;;0.47810526315789476;0.6182956711135311;0.47810526315789476;0.539237801258459;2271;1402;2479
725;pitcher;4750;;0.4978947368421053;0.5875776397515527;0.4978947368421053;0.539031339031339;2365;1660;2385
369;siamang;4750;;0.78;0.4117124124902767;0.78;0.5389482871481562;3705;5294;1045
233;Bouvier_des_Flandres;4750;;0.5442105263157895;0.5321119802387814;0.5442105263157895;0.5380932556203163;2585;2273;2165
385;Indian_elephant;4750;;0.5246315789473684;0.5519379844961241;0.5246315789473684;0.5379384781435511;2492;2023;2258
77;wolf_spider;4750;;0.712;0.4321492461027345;0.712;0.5378498727735368;3382;4444;1368
107;jellyfish;4750;;0.7608421052631579;0.413075780089153;0.7608421052631579;0.5354470701533447;3614;5135;1136
529;diaper;4750;;0.6172631578947368;0.4716859716859717;0.6172631578947368;0.5347437534196608;2932;3284;1818
680;nipple;4750;;0.6696842105263158;0.4448328905048245;0.6696842105263158;0.5345769263087135;3181;3970;1569
834;suit;4750;;0.516;0.5540235081374322;0.516;0.5343361674296927;2451;1973;2299
754;radio;4750;;0.42547368421052634;0.7166666666666667;0.42547368421052634;0.5339498018494055;2021;799;2729
842;swimming_trunks;4750;;0.7021052631578948;0.4303781133049426;0.7021052631578948;0.5336426914153132;3335;4414;1415
706;patio;4750;;0.5058947368421053;0.5634232121922627;0.5058947368421053;0.5331114808652246;2403;1862;2347
252;affenpinscher;4750;;0.8370526315789474;0.39099223129117905;0.8370526315789474;0.5330115959514713;3976;6193;774
470;candle;4750;;0.5913684210526315;0.48148782996229;0.5913684210526315;0.5308012093726379;2809;3025;1941
226;briard;4750;;0.4431578947368421;0.6611180904522613;0.4431578947368421;0.5306276783463574;2105;1079;2645
928;ice_cream;4750;;0.4246315789473684;0.7059852992649632;0.4246315789473684;0.5303010385171553;2017;840;2733
454;bookshop;4750;;0.5442105263157895;0.5159680638722555;0.5442105263157895;0.5297131147540983;2585;2425;2165
187;Yorkshire_terrier;4750;;0.6614736842105263;0.4402409976180468;0.6614736842105263;0.52864473794902;3142;3995;1608
353;gazelle;4750;;0.4088421052631579;0.7474980754426482;0.4088421052631579;0.5285792052259118;1942;656;2808
230;Shetland_sheepdog;4750;;0.4865263157894737;0.5758783952155495;0.4865263157894737;0.5274449389478489;2311;1702;2439
59;vine_snake;4750;;0.6286315789473684;0.4537304361039356;0.6286315789473684;0.527049686700203;2986;3595;1764
979;valley;4750;;0.7498947368421053;0.4058796718322698;0.7498947368421053;0.5266893390507171;3562;5214;1188
904;window_screen;4750;;0.5821052631578948;0.4805352798053528;0.5821052631578948;0.5264661081492764;2765;2989;1985
838;sunscreen;4750;;0.4282105263157895;0.6814070351758794;0.4282105263157895;0.5259211376858437;2034;951;2716
542;drumstick;4750;;0.4591578947368421;0.61006993006993;0.4591578947368421;0.5239639639639639;2181;1394;2569
742;printer;4750;;0.48273684210526313;0.572391412880679;0.48273684210526313;0.5237551393330288;2293;1713;2457
499;cleaver;4750;;0.4570526315789474;0.6076126504338091;0.4570526315789474;0.5216868917457648;2171;1402;2579
815;spider_web;4750;;0.5612631578947368;0.4856986700674075;0.5612631578947368;0.5207539798808478;2666;2823;2084
509;confectionery;4750;;0.6376842105263157;0.44000581057524696;0.6376842105263157;0.5207151452638817;3029;3855;1721
184;Irish_terrier;4750;;0.45473684210526316;0.6086221470836856;0.45473684210526316;0.5205446439330039;2160;1389;2590
712;Petri_dish;4750;;0.6623157894736842;0.4282602777021508;0.6623157894736842;0.5201719576719576;3146;4200;1604
534;dishwasher;4750;;0.3894736842105263;0.78125;0.3894736842105263;0.5198089350941276;1850;518;2900
44;alligator_lizard;4750;;0.3985263157894737;0.7452755905511811;0.3985263157894737;0.5193415637860083;1893;647;2857
925;consomme;4750;;0.708;0.4096723108783043;0.708;0.519021529439;3363;4846;1387
390;eel;4750;;0.4145263157894737;0.6916051984545135;0.4145263157894737;0.5183625115177043;1969;878;2781
159;Rhodesian_ridgeback;4750;;0.5385263157894736;0.4984411535463757;0.5385263157894736;0.5177089657963975;2558;2574;2192
328;sea_urchin;4750;;0.6785263157894736;0.4184084123068934;0.6785263157894736;0.5176262747932224;3223;4480;1527
567;frying_pan;4750;;0.5096842105263157;0.5197509660798626;0.5096842105263157;0.5146683673469387;2421;2237;2329
460;breakwater;4750;;0.4418947368421053;0.6150014649868151;0.4418947368421053;0.5142717138306995;2099;1314;2651
163;bloodhound;4750;;0.39642105263157895;0.7289972899728997;0.39642105263157895;0.5135687985817536;1883;700;2867
970;alp;4750;;0.5652631578947368;0.47039243167484235;0.5652631578947368;0.5134825014343086;2685;3023;2065
246;Great_Dane;4750;;0.41642105263157897;0.6682432432432432;0.41642105263157897;0.5130998702983138;1978;982;2772
64;green_mamba;4750;;0.4515789473684211;0.5889621087314663;0.4515789473684211;0.5112011439466159;2145;1497;2605
860;tobacco_shop;4750;;0.671578947368421;0.41251778093883357;0.671578947368421;0.5110950893214772;3190;4543;1560
434;bath_towel;4750;;0.3976842105263158;0.7139077853363568;0.3976842105263158;0.5108166576527853;1889;757;2861
910;wooden_spoon;4750;;0.4475789473684211;0.593854748603352;0.4475789473684211;0.5104441776710683;2126;1454;2624
55;green_snake;4750;;0.4423157894736842;0.6020057306590257;0.4423157894736842;0.5099514563106797;2101;1389;2649
797;sleeping_bag;4750;;0.5684210526315789;0.46067224023204234;0.5684210526315789;0.5089058524173027;2700;3161;2050
357;mink;4750;;0.4911578947368421;0.5273508137432188;0.4911578947368421;0.5086112927839546;2333;2091;2417
34;leatherback_turtle;4750;;0.45957894736842103;0.5686376660588695;0.45957894736842103;0.5083246012341366;2183;1656;2567
277;red_fox;4750;;0.6252631578947369;0.42758422113446587;0.6252631578947369;0.5078659370725034;2970;3976;1780
977;sandbar;4750;;0.6248421052631579;0.4276657060518732;0.6248421052631579;0.5077844311377245;2968;3972;1782
731;plunger;4750;;0.37326315789473685;0.7834732655766682;0.37326315789473685;0.5056323969770427;1773;490;2977
281;tabby;4750;;0.8054736842105263;0.36742533371746855;0.8054736842105263;0.5046494756974215;3826;6587;924
124;crayfish;4750;;0.4625263157894737;0.555078322385043;0.4625263157894737;0.5045934772622874;2197;1761;2553
539;doormat;4750;;0.4515789473684211;0.5716950959488273;0.4515789473684211;0.5045871559633028;2145;1607;2605
497;church;4750;;0.4616842105263158;0.5546282245827011;0.4616842105263158;0.50390625;2193;1761;2557
35;mud_turtle;4750;;0.5757894736842105;0.4478467332569183;0.5757894736842105;0.5038224187160357;2735;3372;2015
824;stole;4750;;0.5997894736842105;0.43350578210590385;0.5997894736842105;0.5032679738562092;2849;3723;1901
633;loupe;4750;;0.412;0.6439618295491938;0.412;0.5025035306201052;1957;1082;2793
663;monastery;4750;;0.6757894736842105;0.3986587183308495;0.6757894736842105;0.5014841431026402;3210;4842;1540
180;American_Staffordshire_terrier;4750;;0.44484210526315787;0.5735613463626493;0.44484210526315787;0.5010671093194214;2113;1571;2637
677;nail;4750;;0.5067368421052632;0.49354111133893785;0.5067368421052632;0.5000519372597901;2407;2470;2343
201;silky_terrier;4750;;0.3682105263157895;0.7735515258735073;0.3682105263157895;0.4989302524604193;1749;512;3001
599;honeycomb;4750;;0.5042105263157894;0.48847644299408527;0.5042105263157894;0.496218792085362;2395;2508;2355
972;cliff;4750;;0.5176842105263157;0.4756286266924565;0.5176842105263157;0.49576612903225803;2459;2711;2291
883;vase;4750;;0.5852631578947368;0.42974184572576907;0.5852631578947368;0.4955878420536591;2780;3689;1970
280;grey_fox;4750;;0.6858947368421052;0.38767253688719655;0.6858947368421052;0.49536262733769193;3258;5146;1492
493;chiffonier;4750;;0.4871578947368421;0.5020611846387503;0.4871578947368421;0.49449727534993054;2314;2295;2436
479;car_wheel;4750;;0.37094736842105264;0.7397145256087322;0.37094736842105264;0.4941110487941672;1762;620;2988
582;grocery_store;4750;;0.5701052631578948;0.43390482294504085;0.5701052631578948;0.49276680920753346;2708;3533;2042
898;water_bottle;4750;;0.45452631578947367;0.5370646766169154;0.45452631578947367;0.49236031927023943;2159;1861;2591
743;prison;4750;;0.7701052631578947;0.3605006405834237;0.7701052631578947;0.4911055917298785;3658;6489;1092
819;stage;4750;;0.5713684210526315;0.42929452704840243;0.5713684210526315;0.49024566473988446;2714;3608;2036
585;hair_spray;4750;;0.43305263157894736;0.5615615615615616;0.43305263157894736;0.4890051111375252;2057;1606;2693
996;hen-of-the-woods;4750;;0.7610526315789473;0.3591297436916352;0.7610526315789473;0.48798596112311016;3615;6451;1135
620;laptop;4750;;0.8128421052631579;0.34802595997836666;0.8128421052631579;0.48737692501893454;3861;7233;889
4;hammerhead;4750;;0.7625263157894737;0.35797588456216645;0.7625263157894737;0.4872208770513855;3622;6496;1128
49;African_crocodile;4750;;0.35178947368421054;0.7896975425330813;0.35178947368421054;0.4867462860471891;1671;445;3079
478;carton;4750;;0.42378947368421055;0.5709018718094158;0.42378947368421055;0.486466892218463;2013;1513;2737
5;electric_ray;4750;;0.720421052631579;0.3667345407780517;0.720421052631579;0.4860450252112776;3422;5909;1328
345;ox;4750;;0.4728421052631579;0.49922204934429876;0.4728421052631579;0.4856741269326414;2246;2253;2504
504;coffee_mug;4750;;0.4033684210526316;0.6067131095630146;0.4033684210526316;0.4845725847243299;1916;1242;2834
62;rock_python;4750;;0.5216842105263158;0.4517775752051048;0.5216842105263158;0.48422081094284314;2478;3007;2272
969;eggnog;4750;;0.4730526315789474;0.4838501291989664;0.4730526315789474;0.4783904619970194;2247;2397;2503
974;geyser;4750;;0.7816842105263158;0.3442744552619379;0.7816842105263158;0.47801738010943035;3713;7072;1037
764;rifle;4750;;0.4130526315789474;0.5581792318634424;0.4130526315789474;0.47477313974591656;1962;1553;2788
54;hognose_snake;4750;;0.3917894736842105;0.5987773487773488;0.3917894736842105;0.47365741919063375;1861;1247;2889
304;leaf_beetle;4750;;0.35347368421052633;0.7072451558550968;0.35347368421052633;0.4713644020213364;1679;695;3071
341;hog;4750;;0.37094736842105264;0.642831083546151;0.37094736842105264;0.47043118408757173;1762;979;2988
36;terrapin;4750;;0.3783157894736842;0.6194415718717684;0.3783157894736842;0.46974251731799765;1797;1104;2953
905;window_shade;4750;;0.6237894736842106;0.3751107735156349;0.6237894736842106;0.4684955332437347;2963;4936;1787
272;coyote;4750;;0.6174736842105263;0.37718621399176955;0.6174736842105263;0.4683059236787482;2933;4843;1817
58;water_snake;4750;;0.5077894736842106;0.43350107836089147;0.5077894736842106;0.46771378708551486;2412;3152;2338
200;Tibetan_terrier;4750;;0.3957894736842105;0.5669481302774427;0.3957894736842105;0.46615422762211756;1880;1436;2870
461;breastplate;4750;;0.8023157894736842;0.32827978292703935;0.8023157894736842;0.4659208998105019;3811;7798;939
960;chocolate_sauce;4750;;0.404;0.5465679293648533;0.404;0.46459266432635277;1919;1592;2831
380;titi;4750;;0.37642105263157893;0.6006046355391333;0.37642105263157893;0.46279280445192184;1788;1189;2962
67;diamondback;4750;;0.34357894736842104;0.7080260303687635;0.34357894736842104;0.46265060240963857;1632;673;3118
348;ram;4750;;0.3157894736842105;0.8517887563884157;0.3157894736842105;0.4607587160190447;1500;261;3250
170;Irish_wolfhound;4750;;0.38042105263157894;0.5829032258064516;0.38042105263157894;0.46038216560509554;1807;1293;2943
705;passenger_car;4750;;0.3505263157894737;0.6684062625451626;0.3505263157894737;0.45988123187405056;1665;826;3085
435;bathtub;4750;;0.4726315789473684;0.4444664422886557;0.4726315789473684;0.45811651872257936;2245;2806;2505
975;lakeside;4750;;0.4766315789473684;0.4385896939170864;0.4766315789473684;0.45682001614205;2264;2898;2486
856;thresher;4750;;0.7326315789473684;0.33136545419920016;0.7326315789473684;0.4563335955940204;3480;7022;1270
32;tailed_frog;4750;;0.4614736842105263;0.45001026483268325;0.4614736842105263;0.4556698887849496;2192;2679;2558
526;desk;4750;;0.5250526315789473;0.4021283456949371;0.5250526315789473;0.4554419284149014;2494;3708;2256
549;envelope;4750;;0.4608421052631579;0.44884150092269837;0.4608421052631579;0.4547626467227589;2189;2688;2561
794;shower_curtain;4750;;0.5037894736842106;0.4139422245286283;0.5037894736842106;0.45446776184597854;2393;3388;2357
619;lampshade;4750;;0.36273684210526314;0.6041374474053296;0.36273684210526314;0.4533017626940279;1723;1129;3027
312;cricket;4750;;0.3423157894736842;0.6680361544782252;0.3423157894736842;0.4526726057906459;1626;808;3124
558;flute;4750;;0.46442105263157896;0.43883031629202307;0.46442105263157896;0.4512631686611435;2206;2821;2544
748;purse;4750;;0.3854736842105263;0.5438075438075438;0.3854736842105263;0.45115190341259087;1831;1536;2919
119;rock_crab;4750;;0.38905263157894737;0.5354969574036511;0.38905263157894737;0.4506767467382026;1848;1603;2902
813;spatula;4750;;0.3985263157894737;0.5173544684339983;0.3985263157894737;0.45023189439885836;1893;1766;2857
266;miniature_poodle;4750;;0.49136842105263157;0.4124403604877187;0.49136842105263157;0.4484580651359401;2334;3325;2416
356;weasel;4750;;0.39789473684210525;0.5086114101184069;0.39789473684210525;0.44649184975194894;1890;1826;2860
865;toyshop;4750;;0.6261052631578947;0.3434180138568129;0.6261052631578947;0.44354958985831466;2974;5686;1776
358;polecat;4750;;0.5277894736842105;0.3821063862216126;0.5277894736842105;0.44328529749801077;2507;4054;2243
718;pier;4750;;0.372;0.5400366748166259;0.372;0.4405385190725505;1767;1505;2983
482;cassette_player;4750;;0.5835789473684211;0.3528513238289206;0.5835789473684211;0.4397905759162304;2772;5084;1978
488;chain;4750;;0.4063157894736842;0.47878938228727363;0.4063157894736842;0.4395854686254413;1930;2101;2820
611;jigsaw_puzzle;4750;;0.7496842105263158;0.31078722290102984;0.7496842105263158;0.43941263573543926;3561;7897;1189
692;packet;4750;;0.5265263157894737;0.37682687961428357;0.5265263157894737;0.4392728550100993;2501;4136;2249
103;platypus;4750;;0.6898947368421052;0.32001953125;0.6898947368421052;0.4372248165443629;3277;6963;1473
536;dock;4750;;0.38273684210526315;0.5088161209068011;0.38273684210526315;0.43686170851856304;1818;1755;2932
876;tub;4750;;0.3793684210526316;0.5119318181818182;0.3793684210526316;0.4357920193470375;1802;1718;2948
189;Lakeland_terrier;4750;;0.38442105263157894;0.4947168788946085;0.38442105263157894;0.43265015993365713;1826;1865;2924
595;harvester;4750;;0.3174736842105263;0.6771441400987877;0.3174736842105263;0.4322774831589508;1508;719;3242
762;restaurant;4750;;0.41957894736842105;0.44466755912539047;0.41957894736842105;0.43175909878682844;1993;2489;2757
415;bakery;4750;;0.32505263157894737;0.636963696369637;0.32505263157894737;0.4304432673543351;1544;880;3206
562;fountain;4750;;0.736421052631579;0.3028047091412742;0.736421052631579;0.42914979757085014;3498;8054;1252
733;pole;4750;;0.3791578947368421;0.49383054565396217;0.3791578947368421;0.42896272478266045;1801;1846;2949
313;walking_stick;4750;;0.5557894736842105;0.3453689167974882;0.5557894736842105;0.4260125867355172;2640;5004;2110
193;Australian_terrier;4750;;0.30842105263157893;0.6754264638082066;0.30842105263157893;0.4234715999421882;1465;704;3285
836;sunglass;4750;;0.3686315789473684;0.4910263600673023;0.3686315789473684;0.4211159211159211;1751;1815;2999
600;hook;4750;;0.3648421052631579;0.4892715979672501;0.3648421052631579;0.4179932465026532;1733;1809;3017
414;backpack;4750;;0.29242105263157897;0.7322087506589352;0.29242105263157897;0.41793290206108025;1389;508;3361
657;missile;4750;;0.5376842105263158;0.3402611244337863;0.5376842105263158;0.4167754569190601;2554;4952;2196
527;desktop_computer;4750;;0.3751578947368421;0.4610608020698577;0.3751578947368421;0.4136970400464306;1782;2083;2968
673;mouse;4750;;0.31873684210526315;0.5805214723926381;0.31873684210526315;0.4115248708888285;1514;1094;3236
973;coral_reef;4750;;0.740421052631579;0.28052963228842626;0.740421052631579;0.40689535489095857;3517;9020;1233
167;English_foxhound;4750;;0.6442105263157895;0.2957664797989561;0.6442105263157895;0.4054054054054054;3060;7286;1690
271;red_wolf;4750;;0.41936842105263156;0.3919716646989374;0.41936842105263156;0.40520748576078114;1992;3090;2758
501;cloak;4750;;0.36673684210526314;0.45176348547717843;0.36673684210526314;0.404833836858006;1742;2114;3008
837;sunglasses;4750;;0.3467368421052632;0.48569743438513713;0.3467368421052632;0.40461859722392834;1647;1744;3103
204;Lhasa;4750;;0.2633684210526316;0.8441295546558705;0.2633684210526316;0.40147625160462136;1251;231;3499
911;wool;4750;;0.348;0.47309673726388096;0.348;0.401018922852984;1653;1841;3097
689;overskirt;4750;;0.45263157894736844;0.35833333333333334;0.45263157894736844;0.4;2150;3850;2600
66;horned_viper;4750;;0.6153684210526316;0.29483558603994353;0.6153684210526316;0.39866339334424444;2923;6991;1827
784;screwdriver;4750;;0.3056842105263158;0.556535070908394;0.3056842105263158;0.39461883408071746;1452;1157;3298
26;common_newt;4750;;0.5861052631578947;0.29642248722316866;0.5861052631578947;0.39372083156554943;2784;6608;1966
73;barn_spider;4750;;0.4231578947368421;0.36658763450665693;0.4231578947368421;0.39284667253004985;2010;3473;2740
469;caldron;4750;;0.519578947368421;0.3057103926669144;0.519578947368421;0.38493332293535054;2468;5605;2282
240;Appenzeller;4750;;0.3231578947368421;0.4399541415878475;0.3231578947368421;0.37261803616943806;1535;1954;3215
799;sliding_door;4750;;0.25684210526315787;0.6706981858163826;0.25684210526315787;0.3714416197290302;1220;599;3530
485;CD_player;4750;;0.3511578947368421;0.3921937455913473;0.3511578947368421;0.3705431522825725;1668;2585;3082
6;stingray;4750;;0.27073684210526316;0.5713016437139049;0.27073684210526316;0.36737608913012426;1286;965;3464
961;dough;4750;;0.2745263157894737;0.5392886683209264;0.2745263157894737;0.3638392857142857;1304;1114;3446
623;letter_opener;4750;;0.3568421052631579;0.3701681589866783;0.3568421052631579;0.3633829992496517;1695;2884;3055
78;tick;4750;;0.8109473684210526;0.2338513841670714;0.8109473684210526;0.363019508057676;3852;12620;898
809;soup_bowl;4750;;0.2810526315789474;0.4949944382647386;0.2810526315789474;0.35853363770645896;1335;1362;3415
381;spider_monkey;4750;;0.3549473684210526;0.36118251928020567;0.3549473684210526;0.3580377999575281;1686;2982;3064
285;Egyptian_cat;4750;;0.27431578947368424;0.5107800862406899;0.27431578947368424;0.35693740583481715;1303;1248;3447
923;plate;4750;;0.41157894736842104;0.30537332083723834;0.41157894736842104;0.35060975609756095;1955;4447;2795
947;mushroom;4750;;0.2541052631578947;0.5385988398036591;0.2541052631578947;0.34530110141610637;1207;1034;3543
999;toilet_tissue;4750;;0.22905263157894737;0.6894803548795945;0.22905263157894737;0.3438685208596713;1088;490;3662
664;monitor;4750;;0.4107368421052632;0.2917601315986242;0.4107368421052632;0.3411733846288363;1951;4736;2799
68;sidewinder;4750;;0.24421052631578946;0.5407925407925408;0.24421052631578946;0.3364757070340827;1160;985;3590
818;spotlight;4750;;0.2873684210526316;0.38911060433295325;0.2873684210526316;0.33058852022281426;1365;2143;3385
516;cradle;4750;;0.2391578947368421;0.51102114260009;0.2391578947368421;0.3258281944643625;1136;1087;3614
968;cup;4750;;0.27410526315789474;0.389937106918239;0.27410526315789474;0.3219186549635307;1302;2037;3448
46;green_lizard;4750;;0.24378947368421053;0.4532289628180039;0.24378947368421053;0.31704312114989736;1158;1397;3592
782;screen;4750;;0.2688421052631579;0.38119402985074624;0.2688421052631579;0.3153086419753086;1277;2073;3473
909;wok;4750;;0.22063157894736843;0.5253132832080201;0.22063157894736843;0.31074870274277244;1048;947;3702
978;seashore;4750;;0.3288421052631579;0.25402504472271914;0.3288421052631579;0.2866318010826681;1562;4587;3188
744;projectile;4750;;0.18378947368421053;0.6447562776957164;0.18378947368421053;0.28604193971166453;873;481;3877
265;toy_poodle;4750;;0.2505263157894737;0.32214401732539255;0.2505263157894737;0.2818569398389389;1190;2504;3560
60;night_snake;4750;;0.2562105263157895;0.29346515553412106;0.2562105263157895;0.2735753624817354;1217;2930;3533
638;maillot;4750;;0.19263157894736843;0.4709212557900154;0.19263157894736843;0.27341999103541015;915;1028;3835
848;tape_player;4750;;0.16;0.5163043478260869;0.16;0.24429443908711024;760;712;3990
618;ladle;4750;;0.19936842105263158;0.24533678756476685;0.19936842105263158;0.2199767711962834;947;2913;3803
987;corn;4750;;0.14;0.4850474106491612;0.14;0.21728475739258293;665;706;4085
74;garden_spider;4750;;0.13578947368421052;0.5273916598528209;0.13578947368421052;0.21597187343043694;645;578;4105
899;water_jug;4750;;0.14021052631578948;0.413151364764268;0.14021052631578948;0.20936812323168816;666;946;4084
728;plastic_bag;4750;;0.30357894736842106;0.15058479532163743;0.30357894736842106;0.20131229931592906;1442;8134;3308
885;velvet;4750;;0.21010526315789474;0.18301852191454246;0.21010526315789474;0.19562873664608452;998;4455;3752
248;Eskimo_dog;4750;;0.11094736842105263;0.6071428571428571;0.11094736842105263;0.1876112495550018;527;341;4223
810;space_bar;4750;;0.12210526315789473;0.35279805352798055;0.12210526315789473;0.18142008132624338;580;1064;4170
166;Walker_hound;4750;;0.09894736842105263;0.7532051282051282;0.09894736842105263;0.17491626349088202;470;154;4280
238;Greater_Swiss_Mountain_dog;4750;;0.07389473684210526;0.7222222222222222;0.07389473684210526;0.13407181054239878;351;135;4399
282;tiger_cat;4750;;0.044;0.21283095723014256;0.044;0.07292393579902304;209;773;4541
524;cuirass;4750;;0.03684210526315789;0.3458498023715415;0.03684210526315789;0.06659056316590563;175;331;4575
681;notebook;4750;;0.027789473684210527;0.23076923076923078;0.027789473684210527;0.04960541149943631;132;440;4618
278;kit_fox;4750;;0.016421052631578947;1.0;0.016421052631578947;0.03231151615575808;78;0;4672
