class_idx;class_label;support;base_accuracy;overall_accuracy;precision;recall;f1;tp;fp;fn
986;yellow_lady's_slipper;4750;;0.988421052631579;0.9698409419541417;0.988421052631579;0.9790428526743823;4695;146;55
136;European_gallinule;4750;;0.9376842105263158;0.9624027657735523;0.9376842105263158;0.9498827042013223;4454;174;296
129;spoonbill;4750;;0.9595789473684211;0.9386326194398682;0.9595789473684211;0.9489902144493025;4558;298;192
321;admiral;4750;;0.9052631578947369;0.9817351598173516;0.9052631578947369;0.9419496166484119;4300;80;450
139;ruddy_turnstone;4750;;0.9336842105263158;0.9462342649882655;0.9336842105263158;0.9399173466143902;4435;252;315
339;sorrel;4750;;0.9286315789473685;0.9490103270223752;0.9286315789473685;0.9387103639072142;4411;237;339
130;flamingo;4750;;0.9014736842105263;0.9785191956124314;0.9014736842105263;0.9384177076484769;4282;94;468
88;macaw;4750;;0.9330526315789474;0.936403972110712;0.9330526315789474;0.9347252979015079;4432;301;318
685;odometer;4750;;0.9475789473684211;0.9189465087790936;0.9475789473684211;0.9330431177446104;4501;397;249
100;black_swan;4750;;0.9336842105263158;0.9305497272345783;0.9336842105263158;0.932114333753678;4435;331;315
19;chickadee;4750;;0.907578947368421;0.9575744113727233;0.907578947368421;0.9319066147859923;4311;191;439
340;zebra;4750;;0.9056842105263158;0.955363091272485;0.9056842105263158;0.929860585755971;4302;201;448
90;lorikeet;4750;;0.9669473684210527;0.8949727201870615;0.9669473684210527;0.9295689131754705;4593;539;157
323;monarch;4750;;0.8945263157894737;0.9648047229791099;0.8945263157894737;0.9283373388682544;4249;155;501
985;daisy;4750;;0.964421052631579;0.8833397608947166;0.964421052631579;0.9221014492753624;4581;605;169
11;goldfinch;4750;;0.8829473684210526;0.9630309988518944;0.8829473684210526;0.9212520593080725;4194;161;556
0;tench;4750;;0.9138947368421053;0.9167898627243928;0.9138947368421053;0.9153400105429627;4341;394;409
13;junco;4750;;0.8778947368421053;0.9505356735810349;0.8778947368421053;0.9127722447192733;4170;217;580
135;limpkin;4750;;0.9172631578947369;0.9071413699770976;0.9172631578947369;0.9121741861195435;4357;446;393
984;rapeseed;4750;;0.9475789473684211;0.8784153005464481;0.9475789473684211;0.9116872594693133;4501;623;249
387;lesser_panda;4750;;0.9088421052631579;0.9132642267823143;0.9088421052631579;0.9110477999366887;4317;410;433
15;robin;4750;;0.8690526315789474;0.9496204278812974;0.8690526315789474;0.907551940200066;4128;219;622
145;king_penguin;4750;;0.8898947368421053;0.9217182730047973;0.8898947368421053;0.9055269922879178;4227;359;523
275;African_hunting_dog;4750;;0.9294736842105263;0.8803589232303091;0.9294736842105263;0.9042498719918074;4415;600;335
255;Leonberg;4750;;0.8894736842105263;0.9168836805555556;0.8894736842105263;0.9029707202393673;4225;383;525
24;great_grey_owl;4750;;0.8941052631578947;0.9080607226854821;0.8941052631578947;0.9010289593720167;4247;430;503
607;jack-o'-lantern;4750;;0.9303157894736842;0.8733201581027668;0.9303157894736842;0.9009174311926605;4419;641;331
376;proboscis_monkey;4750;;0.9364210526315789;0.867056530214425;0.9364210526315789;0.9004048582995952;4448;682;302
993;gyromitra;4750;;0.9098947368421053;0.8909503195217481;0.9098947368421053;0.9003228830330174;4322;529;428
17;jay;4750;;0.8768421052631579;0.9230939716312057;0.8768421052631579;0.8993737853595336;4165;347;585
388;giant_panda;4750;;0.8677894736842106;0.9273340832395951;0.8677894736842106;0.8965742251223492;4122;323;628
92;bee_eater;4750;;0.9065263157894737;0.8858259617362683;0.9065263157894737;0.8960566018104256;4306;555;444
12;house_finch;4750;;0.8515789473684211;0.940041831280502;0.8515789473684211;0.8936264221804927;4045;258;705
22;bald_eagle;4750;;0.8616842105263158;0.9239277652370204;0.8616842105263158;0.8917211328976036;4093;337;657
87;African_grey;4750;;0.844842105263158;0.942018779342723;0.844842105263158;0.8907880133185351;4013;247;737
326;lycaenid;4750;;0.8858947368421053;0.8945578231292517;0.8858947368421053;0.890205204146393;4208;496;542
991;coral_fungus;4750;;0.8612631578947368;0.9172645739910313;0.8612631578947368;0.8883821932681867;4091;369;659
143;oystercatcher;4750;;0.8509473684210527;0.9260022909507446;0.8509473684210527;0.8868897421832145;4042;323;708
625;lifeboat;4750;;0.903578947368421;0.870235198702352;0.903578947368421;0.8865936789919437;4292;640;458
351;hartebeest;4750;;0.9143157894736842;0.8594894122303582;0.9143157894736842;0.8860552891971846;4343;710;407
141;redshank;4750;;0.8591578947368421;0.9142025089605734;0.8591578947368421;0.8858259170827002;4081;383;669
430;basketball;4750;;0.8629473684210527;0.9070590838681124;0.8629473684210527;0.884453554860287;4099;420;651
14;indigo_bunting;4750;;0.9202105263157895;0.8495626822157435;0.9202105263157895;0.8834765032844871;4371;774;379
990;buckeye;4750;;0.8848421052631579;0.8783699059561129;0.8848421052631579;0.8815941269008915;4203;582;547
900;water_tower;4750;;0.8343157894736842;0.9337888784165881;0.8343157894736842;0.8812541694462975;3963;281;787
291;lion;4750;;0.8631578947368421;0.8993200263215617;0.8631578947368421;0.8808679772263401;4100;459;650
91;coucal;4750;;0.8713684210526316;0.8872454448017149;0.8713684210526316;0.8792352628783855;4139;526;611
102;echidna;4750;;0.8517894736842105;0.9063620071684588;0.8517894736842105;0.8782287822878229;4046;418;704
325;sulphur_butterfly;4750;;0.8907368421052632;0.8641748366013072;0.8907368421052632;0.8772548206510471;4231;665;519
392;rock_beauty;4750;;0.9376842105263158;0.8225300092336103;0.9376842105263158;0.876340383669454;4454;961;296
96;toucan;4750;;0.8355789473684211;0.9189627228525121;0.8355789473684211;0.8752894475686405;3969;350;781
83;prairie_chicken;4750;;0.8663157894736843;0.8826683826683827;0.8663157894736843;0.8744156396090098;4115;547;635
97;drake;4750;;0.8132631578947368;0.9438064989005619;0.8132631578947368;0.8736854008820536;3863;230;887
915;yurt;4750;;0.8294736842105264;0.922500585343011;0.8294736842105264;0.8735173484092673;3940;331;810
565;freight_car;4750;;0.9018947368421053;0.8463058079810352;0.9018947368421053;0.8732164696290255;4284;778;466
576;gondola;4750;;0.907157894736842;0.8416015625;0.907157894736842;0.8731509625126647;4309;811;441
945;bell_pepper;4750;;0.8583157894736843;0.8870757180156658;0.8583157894736843;0.87245880590627;4077;519;673
25;European_fire_salamander;4750;;0.8174736842105264;0.9280592734225621;0.8174736842105264;0.869263487799418;3883;301;867
138;bustard;4750;;0.8378947368421052;0.9026990247221592;0.8378947368421052;0.8690905120646358;3980;429;770
396;lionfish;4750;;0.8341052631578947;0.9068436713206683;0.8341052631578947;0.8689549292685601;3962;407;788
324;cabbage_butterfly;4750;;0.8553684210526316;0.8826852053008907;0.8553684210526316;0.8688121458355608;4063;540;687
89;sulphur-crested_cockatoo;4750;;0.8012631578947368;0.9465307137527978;0.8012631578947368;0.8678599931592749;3806;215;944
142;dowitcher;4750;;0.8271578947368421;0.911178107606679;0.8271578947368421;0.8671374972412271;3929;383;821
95;jacamar;4750;;0.9172631578947369;0.8183696468820436;0.9172631578947369;0.8649990073456422;4357;967;393
18;magpie;4750;;0.8004210526315789;0.9406234537357744;0.8004210526315789;0.8648771610555049;3802;240;948
98;red-breasted_merganser;4750;;0.8943157894736842;0.8365498227648681;0.8943157894736842;0.8644688644688645;4248;830;502
137;American_coot;4750;;0.8103157894736842;0.9245736247898151;0.8103157894736842;0.8636822618646921;3849;314;901
995;earthstar;4750;;0.952421052631579;0.7859624739402363;0.952421052631579;0.8612221587664193;4524;1232;226
528;dial_telephone;4750;;0.8096842105263158;0.9183381088825215;0.8096842105263158;0.8605952114567018;3846;342;904
322;ringlet;4750;;0.8507368421052631;0.8694061962134251;0.8507368421052631;0.8599702064268994;4041;607;709
317;leafhopper;4750;;0.816;0.9064546304957904;0.816;0.8588522047418569;3876;400;874
560;football_helmet;4750;;0.8256842105263158;0.8938012762078396;0.8256842105263158;0.8583935215583279;3922;466;828
133;bittern;4750;;0.8048421052631579;0.915688622754491;0.8048421052631579;0.8566946778711485;3823;352;927
84;peacock;4750;;0.8768421052631579;0.8320015980823012;0.8768421052631579;0.8538335383353834;4165;841;585
746;puck;4750;;0.8734736842105263;0.834473049074819;0.8734736842105263;0.8535280806418433;4149;823;601
146;albatross;4750;;0.876;0.8275656324582339;0.876;0.8510942933115155;4161;867;589
890;volleyball;4750;;0.8370526315789474;0.8643478260869565;0.8370526315789474;0.8504812834224599;3976;624;774
85;quail;4750;;0.8006315789473685;0.9039695745186593;0.8006315789473685;0.8491682482974211;3803;404;947
554;fireboat;4750;;0.8488421052631578;0.8493785548767643;0.8488421052631578;0.8491102453406338;4032;715;718
144;pelican;4750;;0.8187368421052632;0.8808607021517554;0.8187368421052632;0.8486633933442445;3889;526;861
955;jackfruit;4750;;0.867578947368421;0.8268459069020867;0.867578947368421;0.846722827203616;4121;863;629
425;barn;4750;;0.8823157894736842;0.81347049689441;0.8823157894736842;0.8464956574429409;4191;961;559
284;Siamese_cat;4750;;0.9082105263157895;0.7912692589875275;0.9082105263157895;0.845716526171339;4314;1138;436
863;totem_pole;4750;;0.7858947368421053;0.9115995115995116;0.7858947368421053;0.8440927077444885;3733;362;1017
594;harp;4750;;0.8463157894736842;0.8408282786028027;0.8463157894736842;0.8435631098520616;4020;761;730
9;ostrich;4750;;0.9315789473684211;0.7694314032342201;0.9315789473684211;0.842776878392534;4425;1326;325
873;triumphal_arch;4750;;0.7848421052631579;0.9094901195413515;0.7848421052631579;0.8425810826082043;3728;371;1022
365;orangutan;4750;;0.824;0.8594642072902943;0.824;0.8413585554600173;3914;640;836
347;bison;4750;;0.8002105263157895;0.883953488372093;0.8002105263157895;0.8400000000000001;3801;499;949
355;llama;4750;;0.7901052631578948;0.8965599617773531;0.7901052631578948;0.8399731423455685;3753;433;997
948;Granny_Smith;4750;;0.8488421052631578;0.8257218922793365;0.8488421052631578;0.8371223917782621;4032;851;718
736;pool_table;4750;;0.8023157894736842;0.8748852157943067;0.8023157894736842;0.8370305293213266;3811;545;939
127;white_stork;4750;;0.747578947368421;0.9497191762503343;0.747578947368421;0.8366120862292379;3551;188;1199
16;bulbul;4750;;0.7901052631578948;0.8866052445074415;0.7901052631578948;0.8355783145942335;3753;480;997
276;hyena;4750;;0.8216842105263158;0.8490319773765499;0.8216842105263158;0.8351342676794693;3903;694;847
251;dalmatian;4750;;0.8126315789473684;0.8581591818586038;0.8126315789473684;0.8347750865051903;3860;638;890
23;vulture;4750;;0.8037894736842105;0.8677272727272727;0.8037894736842105;0.834535519125683;3818;582;932
293;cheetah;4750;;0.8437894736842105;0.8246913580246914;0.8437894736842105;0.8341311134235172;4008;852;742
247;Saint_Bernard;4750;;0.8153684210526316;0.8532716457369465;0.8153684210526316;0.8338895467757562;3873;666;877
953;pineapple;4750;;0.8042105263157895;0.8658204895738894;0.8042105263157895;0.8338790657061778;3820;592;930
957;pomegranate;4750;;0.7736842105263158;0.9040590405904059;0.7736842105263158;0.8338060124787293;3675;390;1075
466;bullet_train;4750;;0.8667368421052631;0.8023777041512375;0.8667368421052631;0.8333164659447424;4117;1014;633
354;Arabian_camel;4750;;0.8709473684210526;0.7952710495963091;0.8709473684210526;0.8313906752411574;4137;1065;613
727;planetarium;4750;;0.8088421052631579;0.854347342672893;0.8088421052631579;0.8309722072023359;3842;655;908
350;ibex;4750;;0.8593684210526316;0.8008632528938592;0.8593684210526316;0.8290850005077689;4082;1015;668
140;red-backed_sandpiper;4750;;0.7993684210526316;0.8606074342701723;0.7993684210526316;0.8288583278760095;3797;615;953
755;radio_telescope;4750;;0.8082105263157895;0.8444786625604928;0.8082105263157895;0.8259466437177281;3839;707;911
988;acorn;4750;;0.8301052631578948;0.8212872318267028;0.8301052631578948;0.8256727044288557;3943;858;807
535;disk_brake;4750;;0.7631578947368421;0.8977216443784052;0.7631578947368421;0.8249886208466091;3625;413;1125
933;cheeseburger;4750;;0.7789473684210526;0.8753252898036432;0.7789473684210526;0.824328840369834;3700;527;1050
333;hamster;4750;;0.8698947368421053;0.7822794396062097;0.8698947368421053;0.8237639553429026;4132;1150;618
300;tiger_beetle;4750;;0.8265263157894737;0.8204806687565308;0.8265263157894737;0.8234923964341898;3926;859;824
832;stupa;4750;;0.8050526315789474;0.8419198590929106;0.8050526315789474;0.823073611708997;3824;718;926
874;trolleybus;4750;;0.824;0.8219235615287694;0.824;0.8229604709840201;3914;848;836
779;school_bus;4750;;0.8492631578947368;0.7967608137467904;0.8492631578947368;0.8221746662590441;4034;1029;716
93;hornbill;4750;;0.788;0.8582893831689979;0.788;0.8216441663922731;3743;618;1007
956;custard_apple;4750;;0.8421052631578947;0.8020854220974534;0.8421052631578947;0.8216082982438122;4000;987;750
94;hummingbird;4750;;0.8806315789473684;0.769641214351426;0.8806315789473684;0.8214040255277368;4183;1252;567
316;cicada;4750;;0.7688421052631579;0.8806366047745358;0.7688421052631579;0.820950882319883;3652;495;1098
952;fig;4750;;0.8092631578947368;0.8329360780065005;0.8092631578947368;0.8209289909236518;3844;771;906
364;three-toed_sloth;4750;;0.8042105263157895;0.8380868802106187;0.8042105263157895;0.8207993124194242;3820;738;930
694;paddlewheel;4750;;0.832421052631579;0.8069387755102041;0.832421052631579;0.8194818652849742;3954;946;796
132;American_egret;4750;;0.8669473684210526;0.776395173453997;0.8669473684210526;0.8191764471851999;4118;1186;632
937;broccoli;4750;;0.824;0.8138906217508838;0.824;0.8189141123548488;3914;895;836
800;slot;4750;;0.8696842105263158;0.7731611454239191;0.8696842105263158;0.8185871396017042;4131;1212;619
687;organ;4750;;0.7498947368421053;0.9008598887202832;0.7498947368421053;0.8184742647058822;3562;392;1188
661;Model_T;4750;;0.8317894736842105;0.8030487804878049;0.8317894736842105;0.8171664943123061;3951;969;799
294;brown_bear;4750;;0.8412631578947368;0.7939598648917147;0.8412631578947368;0.8169273229070837;3996;1037;754
57;garter_snake;4750;;0.7517894736842106;0.8943150513398447;0.7517894736842106;0.8168820770902436;3571;422;1179
244;Tibetan_mastiff;4750;;0.8212631578947368;0.8095040464826727;0.8212631578947368;0.815341205977636;3901;918;849
768;rugby_ball;4750;;0.7275789473684211;0.9262932189761458;0.7275789473684211;0.8149982313406439;3456;275;1294
420;banjo;4750;;0.8052631578947368;0.8247089262613195;0.8052631578947368;0.8148700468683425;3825;813;925
131;little_blue_heron;4750;;0.7753684210526316;0.8571096113567606;0.7753684210526316;0.8141925500165801;3683;614;1067
344;hippopotamus;4750;;0.7538947368421053;0.88332511100148;0.7538947368421053;0.8134938664243526;3581;473;1169
726;plane;4750;;0.7534736842105263;0.8817442719881744;0.7534736842105263;0.8125780451810649;3579;480;1171
547;electric_locomotive;4750;;0.7694736842105263;0.860607487638333;0.7694736842105263;0.8124930532399689;3655;592;1095
105;koala;4750;;0.7414736842105263;0.8982402448355011;0.7414736842105263;0.8123630492446084;3522;399;1228
763;revolver;4750;;0.8606315789473684;0.7691439322671684;0.8606315789473684;0.8123199205166417;4088;1227;662
307;weevil;4750;;0.7191578947368421;0.9323144104803494;0.7191578947368421;0.8119800332778702;3416;248;1334
672;mountain_tent;4750;;0.8172631578947368;0.8057285180572852;0.8172631578947368;0.8114548494983278;3882;936;868
688;oscilloscope;4750;;0.8694736842105263;0.7600294442399705;0.8694736842105263;0.8110761979575806;4130;1304;620
148;killer_whale;4750;;0.8749473684210526;0.7524895889914901;0.8749473684210526;0.809111262532853;4156;1367;594
292;tiger;4750;;0.8829473684210526;0.7456;0.8829473684210526;0.8084819277108435;4194;1431;556
289;snow_leopard;4750;;0.8004210526315789;0.8158798283261802;0.8004210526315789;0.80807651434644;3802;858;948
216;clumber;4750;;0.8029473684210526;0.8130462587934343;0.8029473684210526;0.8079652579175934;3814;877;936
389;barracouta;4750;;0.82;0.7961978740801309;0.82;0.8079236672889443;3895;997;855
426;barometer;4750;;0.788;0.8280973451327434;0.788;0.8075512405609494;3743;777;1007
606;iron;4750;;0.756;0.8621848739495799;0.756;0.8056085249579361;3591;574;1159
886;vending_machine;4750;;0.8191578947368421;0.7874924104432302;0.8191578947368421;0.8030131049427304;3891;1050;859
1;goldfish;4750;;0.8663157894736843;0.7475022706630337;0.8663157894736843;0.8025353486104339;4115;1390;635
510;container_ship;4750;;0.7829473684210526;0.8197046506502094;0.7829473684210526;0.8009044901475181;3719;818;1031
362;badger;4750;;0.8301052631578948;0.773592309201491;0.8301052631578948;0.8008530516908703;3943;1154;807
320;damselfly;4750;;0.836;0.7683823529411765;0.836;0.8007662835249042;3971;1197;779
363;armadillo;4750;;0.8197894736842105;0.782241864202491;0.8197894736842105;0.8005756578947368;3894;1084;856
820;steam_locomotive;4750;;0.8423157894736842;0.7626763248189097;0.8423157894736842;0.8005202080832333;4001;1245;749
20;water_ouzel;4750;;0.7789473684210526;0.8224049788841965;0.7789473684210526;0.8000864958373878;3700;799;1050
668;mosque;4750;;0.8294736842105264;0.770735524256651;0.8294736842105264;0.7990265666193471;3940;1172;810
802;snowmobile;4750;;0.8528421052631578;0.7497686470479363;0.8528421052631578;0.7979907416527136;4051;1352;699
306;rhinoceros_beetle;4750;;0.7242105263157895;0.8875128998968008;0.7242105263157895;0.7975886853698122;3440;436;1310
28;spotted_salamander;4750;;0.7829473684210526;0.8123634775010922;0.7829473684210526;0.7973842195540308;3719;859;1031
821;steel_arch_bridge;4750;;0.8128421052631579;0.7803152789005658;0.8128421052631579;0.7962466487935658;3861;1087;889
628;liner;4750;;0.7766315789473685;0.8157894736842105;0.7766315789473685;0.7957290767903366;3689;833;1061
75;black_widow;4750;;0.7673684210526316;0.8252207380575051;0.7673684210526316;0.7952438093160249;3645;772;1105
10;brambling;4750;;0.8738947368421053;0.7286291030366859;0.8738947368421053;0.7946778979611373;4151;1546;599
941;acorn_squash;4750;;0.6995789473684211;0.9169426048565121;0.6995789473684211;0.7936470026271795;3323;301;1427
486;cello;4750;;0.7701052631578947;0.8165178571428572;0.7701052631578947;0.7926327193932828;3658;822;1092
540;drilling_platform;4750;;0.8515789473684211;0.73921783625731;0.8515789473684211;0.7914302484836627;4045;1427;705
407;ambulance;4750;;0.8366315789473684;0.7508029472888721;0.8366315789473684;0.7913969929303993;3974;1319;776
716;picket_fence;4750;;0.7368421052631579;0.8542836221625579;0.7368421052631579;0.7912286650842093;3500;597;1250
938;cauliflower;4750;;0.7452631578947368;0.8426565103546775;0.7452631578947368;0.7909730756340074;3540;661;1210
645;maypole;4750;;0.9092631578947369;0.6990935577856912;0.9092631578947369;0.7904465592972182;4319;1859;431
512;corkscrew;4750;;0.7888421052631579;0.7898397976391232;0.7888421052631579;0.7893406361912787;3747;997;1003
71;scorpion;4750;;0.7692631578947369;0.8100199512303259;0.7692631578947369;0.7891156462585034;3654;857;1096
404;airliner;4750;;0.8501052631578947;0.7345824995452065;0.8501052631578947;0.7881331121303795;4038;1459;712
375;colobus;4750;;0.7743157894736842;0.8020061055385957;0.7743157894736842;0.7879177377892032;3678;908;1072
178;Weimaraner;4750;;0.7456842105263158;0.8345900094250707;0.7456842105263158;0.787636201912386;3542;702;1208
537;dogsled;4750;;0.8831578947368421;0.7096937912366774;0.8831578947368421;0.7869805834349498;4195;1716;555
555;fire_engine;4750;;0.7343157894736843;0.847424684159378;0.7343157894736843;0.7868260771486577;3488;628;1262
936;head_cabbage;4750;;0.7894736842105263;0.7823909868558314;0.7894736842105263;0.7859163784973279;3750;1043;1000
959;carbonara;4750;;0.7086315789473684;0.8818443804034583;0.7086315789473684;0.785805999766546;3366;451;1384
261;keeshond;4750;;0.763578947368421;0.8077951002227172;0.763578947368421;0.7850649350649351;3627;863;1123
156;Blenheim_spaniel;4750;;0.8237894736842105;0.7488995215311005;0.8237894736842105;0.784561403508772;3913;1312;837
147;grey_whale;4750;;0.8012631578947368;0.7659488830750654;0.8012631578947368;0.7832081489865211;3806;1163;944
946;cardoon;4750;;0.9391578947368421;0.6716350496838301;0.9391578947368421;0.7831811797752808;4461;2181;289
954;banana;4750;;0.7250526315789474;0.8512110726643599;0.7250526315789474;0.7830832196452934;3444;602;1306
994;stinkhorn;4750;;0.7804210526315789;0.7847163420829806;0.7804210526315789;0.7825628034621068;3707;1017;1043
383;Madagascar_cat;4750;;0.7235789473684211;0.8513747832548922;0.7235789473684211;0.782292022305679;3437;600;1313
308;fly;4750;;0.7393684210526316;0.8267419962335216;0.7393684210526316;0.7806179150922425;3512;736;1238
391;coho;4750;;0.7286315789473684;0.8361923169847789;0.7286315789473684;0.7787152660591743;3461;678;1289
783;screw;4750;;0.8654736842105263;0.7062360419171964;0.8654736842105263;0.7777882887144073;4111;1710;639
566;French_horn;4750;;0.6827368421052632;0.9030910609857978;0.6827368421052632;0.7776046037645366;3243;348;1507
888;viaduct;4750;;0.7096842105263158;0.859072375127421;0.7096842105263158;0.7772653908231497;3371;553;1379
274;dhole;4750;;0.7896842105263158;0.7645739910313901;0.7896842105263158;0.7769262634631316;3751;1155;999
218;Welsh_springer_spaniel;4750;;0.8;0.7529225282345948;0.8;0.7757476778605695;3800;1247;950
604;hourglass;4750;;0.9168421052631579;0.6702062172976301;0.9168421052631579;0.7743598862019915;4355;2143;395
944;artichoke;4750;;0.6650526315789473;0.9263929618768328;0.6650526315789473;0.7742647058823529;3159;251;1591
829;streetcar;4750;;0.7766315789473685;0.7711120401337793;0.7766315789473685;0.7738619676945668;3689;1095;1061
48;Komodo_dragon;4750;;0.7437894736842106;0.8058850364963503;0.7437894736842106;0.7735931683818699;3533;851;1217
70;harvestman;4750;;0.7307368421052631;0.8217329545454546;0.7307368421052631;0.7735680855805661;3471;753;1279
401;accordion;4750;;0.7418947368421053;0.8062228323038206;0.7418947368421053;0.7727222892226729;3524;847;1226
86;partridge;4750;;0.7884210526315789;0.7564128458897192;0.7884210526315789;0.7720853520255643;3745;1206;1005
417;balloon;4750;;0.8025263157894736;0.7438048780487805;0.8025263157894736;0.7720506329113923;3812;1313;938
561;forklift;4750;;0.7471578947368421;0.7980661119856083;0.7471578947368421;0.7717734043709905;3549;898;1201
301;ladybug;4750;;0.8450526315789474;0.7099398655818889;0.8450526315789474;0.7716262975778546;4014;1640;736
805;soccer_ball;4750;;0.8629473684210527;0.695571016460207;0.8629473684210527;0.7702715399793292;4099;1794;651
958;hay;4750;;0.6974736842105264;0.8598494679470542;0.6974736842105264;0.7701964431012437;3313;540;1437
260;chow;4750;;0.7901052631578948;0.7492513475743662;0.7901052631578948;0.7691361819858592;3753;1256;997
545;electric_fan;4750;;0.7848421052631579;0.7535880331514049;0.7848421052631579;0.7688975971950088;3728;1219;1022
719;piggy_bank;4750;;0.744421052631579;0.7944282183778926;0.744421052631579;0.7686121073796326;3536;915;1214
69;trilobite;4750;;0.7722105263157895;0.7625779625779626;0.7722105263157895;0.7673640167364018;3668;1142;1082
642;marimba;4750;;0.767578947368421;0.7667718191377497;0.767578947368421;0.7671751709626512;3646;1109;1104
160;Afghan_hound;4750;;0.7913684210526316;0.7442090675113839;0.7913684210526316;0.7670645852464034;3759;1292;991
471;cannon;4750;;0.7157894736842105;0.826044703595724;0.7157894736842105;0.7669749605233477;3400;716;1350
51;triceratops;4750;;0.7576842105263157;0.7751453801421495;0.7576842105263157;0.7663153412115404;3599;1044;1151
331;hare;4750;;0.8267368421052631;0.7137404580152672;0.8267368421052631;0.7660944206008584;3927;1575;823
640;manhole_cover;4750;;0.6642105263157895;0.9047892170920562;0.6642105263157895;0.7660556027679979;3155;332;1595
771;safe;4750;;0.6947368421052632;0.8535954474909467;0.6947368421052632;0.766016713091922;3300;566;1450
621;lawn_mower;4750;;0.764421052631579;0.764743049705139;0.764421052631579;0.7645820172667931;3631;1117;1119
934;hotdog;4750;;0.724421052631579;0.809075946390783;0.724421052631579;0.7644118627124291;3441;812;1309
8;hen;4750;;0.7593684210526316;0.7692471742375773;0.7593684210526316;0.7642758766818518;3607;1082;1143
801;snorkel;4750;;0.8216842105263158;0.7139198829339675;0.8216842105263158;0.7640207497308408;3903;1564;847
99;goose;4750;;0.7421052631578947;0.7852528402762308;0.7421052631578947;0.7630695962766534;3525;964;1225
814;speedboat;4750;;0.8433684210526315;0.6965745087810815;0.8433684210526315;0.7629749547662127;4006;1745;744
458;brass;4750;;0.6597894736842105;0.9013517400057521;0.6597894736842105;0.761881609335116;3134;343;1616
983;scuba_diver;4750;;0.7254736842105263;0.8002786809103576;0.7254736842105263;0.761042402826855;3446;860;1304
268;Mexican_hairless;4750;;0.7301052631578947;0.7941378520723609;0.7301052631578947;0.7607765712405395;3468;899;1282
296;ice_bear;4750;;0.7113684210526315;0.8159864766964501;0.7113684210526315;0.7600944775615791;3379;762;1371
571;gas_pump;4750;;0.6818947368421052;0.8577860169491526;0.6818947368421052;0.7597935726014544;3239;537;1511
122;American_lobster;4750;;0.8018947368421052;0.7205826712069617;0.8018947368421052;0.7590673575129533;3809;1477;941
286;cougar;4750;;0.7656842105263157;0.7523789822093504;0.7656842105263157;0.7589732888146911;3637;1197;1113
254;pug;4750;;0.7492631578947369;0.7686825053995681;0.7492631578947369;0.7588486140724947;3559;1071;1191
989;hip;4750;;0.9492631578947368;0.6310706787963611;0.9492631578947368;0.7581336696090795;4509;2636;241
195;Boston_bull;4750;;0.752421052631579;0.7623720136518771;0.752421052631579;0.7573638482729392;3574;1114;1176
714;pick;4750;;0.7703157894736842;0.7446072446072446;0.7703157894736842;0.7572433774834436;3659;1255;1091
31;tree_frog;4750;;0.7010526315789474;0.8220192545050605;0.7010526315789474;0.7567321895239179;3330;721;1420
338;guinea_pig;4750;;0.7023157894736842;0.819454679439941;0.7023157894736842;0.7563768280240336;3336;735;1414
472;canoe;4750;;0.8467368421052631;0.6810023704707078;0.8467368421052631;0.7548798798798798;4022;1884;728
603;horse_cart;4750;;0.7701052631578947;0.7395875454913061;0.7701052631578947;0.7545379537953796;3658;1288;1092
548;entertainment_center;4750;;0.7953684210526316;0.7175688509021843;0.7953684210526316;0.7544682975536695;3778;1487;972
366;gorilla;4750;;0.7538947368421053;0.7546891464699684;0.7538947368421053;0.7542917324907846;3581;1164;1169
229;Old_English_sheepdog;4750;;0.7705263157894737;0.7364185110663984;0.7705263157894737;0.7530864197530865;3660;1310;1090
432;bassoon;4750;;0.7292631578947368;0.7772043975768455;0.7292631578947368;0.7524709460193332;3464;993;1286
76;tarantula;4750;;0.76;0.7446369636963697;0.76;0.7522400500104188;3610;1238;1140
569;garbage_truck;4750;;0.7498947368421053;0.7538624338624339;0.7498947368421053;0.7518733509234828;3562;1163;1188
253;basenji;4750;;0.756;0.7471910112359551;0.756;0.7515696944328171;3591;1215;1159
766;rotisserie;4750;;0.7313684210526316;0.7725150100066711;0.7313684210526316;0.7513788255650481;3474;1023;1276
812;space_shuttle;4750;;0.8008421052631579;0.7074576901618003;0.8008421052631579;0.7512590105658141;3804;1573;946
699;panpipe;4750;;0.751578947368421;0.7503152585119798;0.751578947368421;0.7509465713083718;3570;1188;1180
393;anemone_fish;4750;;0.6218947368421053;0.9419642857142857;0.6218947368421053;0.7491757545016486;2954;182;1796
318;lacewing;4750;;0.7391578947368421;0.7591351351351351;0.7391578947368421;0.7490133333333333;3511;1114;1239
951;lemon;4750;;0.7383157894736843;0.7595841455490578;0.7383157894736843;0.7487989751254404;3507;1110;1243
72;black_and_gold_garden_spider;4750;;0.7934736842105263;0.7081924088688463;0.7934736842105263;0.7484114376489277;3769;1553;981
707;pay-phone;4750;;0.6953684210526315;0.8089639970609845;0.6953684210526315;0.7478772783878637;3303;780;1447
914;yawl;4750;;0.7004210526315789;0.8014936159961455;0.7004210526315789;0.7475564543309741;3327;824;1423
128;black_stork;4750;;0.836421052631579;0.675106202209006;0.836421052631579;0.747155618241655;3973;1912;777
853;thatch;4750;;0.7162105263157895;0.7808124856552674;0.7162105263157895;0.7471176018447349;3402;955;1348
781;scoreboard;4750;;0.7808421052631579;0.7153326904532304;0.7808421052631579;0.7466532460996478;3709;1476;1041
149;dugong;4750;;0.7861052631578948;0.7105613701236917;0.7861052631578948;0.7464267866066966;3734;1521;1016
918;crossword_puzzle;4750;;0.6922105263157895;0.8094534711964549;0.6922105263157895;0.7462551066727191;3288;774;1462
575;golfcart;4750;;0.6656842105263158;0.8488590604026846;0.6656842105263158;0.7461946902654868;3162;563;1588
949;strawberry;4750;;0.6726315789473685;0.8374836173001311;0.6726315789473685;0.746059544658494;3195;620;1555
225;malinois;4750;;0.7985263157894736;0.699557358908152;0.7985263157894736;0.7457727093983483;3793;1629;957
752;racket;4750;;0.7330526315789474;0.7579451458424031;0.7330526315789474;0.745291095890411;3482;1112;1268
927;trifle;4750;;0.8945263157894737;0.6383713942307693;0.8945263157894737;0.7450464667718745;4249;2407;501
963;pizza;4750;;0.6646315789473685;0.8461538461538461;0.6646315789473685;0.7444876783398184;3157;574;1593
924;guacamole;4750;;0.6730526315789473;0.8327689502474602;0.6730526315789473;0.7444405635114681;3197;642;1553
682;obelisk;4750;;0.7050526315789474;0.7876293508936971;0.7050526315789474;0.7440568762497223;3349;903;1401
500;cliff_dwelling;4750;;0.6416842105263157;0.8845037724898432;0.6416842105263157;0.7437774524158126;3048;398;1702
920;traffic_light;4750;;0.7098947368421052;0.7800138792505205;0.7098947368421052;0.7433043094896947;3372;951;1378
448;birdhouse;4750;;0.7606315789473684;0.7263771612384399;0.7606315789473684;0.7431098313451255;3613;1361;1137
258;Samoyed;4750;;0.7766315789473685;0.7122996717513034;0.7766315789473685;0.7430758384530165;3689;1490;1061
327;starfish;4750;;0.8229473684210526;0.6772349272349273;0.8229473684210526;0.7430146360007603;3909;1863;841
45;Gila_monster;4750;;0.6381052631578947;0.8891170431211499;0.6381052631578947;0.7429832087265597;3031;378;1719
332;Angora;4750;;0.8338947368421052;0.6685232067510548;0.8338947368421052;0.7421077283372365;3961;1964;789
981;ballplayer;4750;;0.8046315789473685;0.68827660723933;0.8046315789473685;0.7419198291759683;3822;1731;928
217;English_springer;4750;;0.688;0.8041338582677166;0.688;0.741547538007715;3268;796;1482
190;Sealyham_terrier;4750;;0.7193684210526315;0.7646005817856344;0.7193684210526315;0.7412951513179304;3417;1052;1333
605;iPod;4750;;0.7048421052631579;0.780965710286914;0.7048421052631579;0.7409538563682639;3348;939;1402
732;Polaroid_camera;4750;;0.7105263157894737;0.7740825688073395;0.7105263157894737;0.7409440175631175;3375;985;1375
270;white_wolf;4750;;0.7109473684210527;0.7718857142857143;0.7109473684210527;0.7401643835616438;3377;998;1373
336;marmot;4750;;0.7581052631578947;0.7226570339153121;0.7581052631578947;0.7399568478372547;3601;1382;1149
613;joystick;4750;;0.7717894736842106;0.7104651162790697;0.7717894736842106;0.7398587285570132;3666;1494;1084
563;fountain_pen;4750;;0.6734736842105263;0.8192061459667094;0.6734736842105263;0.7392258809936454;3199;706;1551
346;water_buffalo;4750;;0.6623157894736842;0.8355909694555113;0.6623157894736842;0.7389312977099237;3146;619;1604
379;howler_monkey;4750;;0.7517894736842106;0.7264035801464606;0.7517894736842106;0.7388785433478171;3571;1345;1179
573;go-kart;4750;;0.8547368421052631;0.6497039526324212;0.8547368421052631;0.7382489317210655;4060;2189;690
780;schooner;4750;;0.7722105263157895;0.706879938331085;0.7722105263157895;0.7381024247912265;3668;1521;1082
228;komondor;4750;;0.7709473684210526;0.707769617317356;0.7709473684210526;0.7380088673921805;3662;1512;1088
916;web_site;4750;;0.7686315789473684;0.7096209912536443;0.7686315789473684;0.7379484588175848;3651;1494;1099
27;eft;4750;;0.6821052631578948;0.8025761704235819;0.6821052631578948;0.7374530556503927;3240;797;1510
370;guenon;4750;;0.6905263157894737;0.7907425265188043;0.6905263157894737;0.7372443245673186;3280;868;1470
352;impala;4750;;0.7277894736842105;0.7463298791018999;0.7277894736842105;0.7369430824984012;3457;1175;1293
397;puffer;4750;;0.6955789473684211;0.7833096254148886;0.6955789473684211;0.736842105263158;3304;914;1446
79;centipede;4750;;0.6694736842105263;0.8162217659137577;0.6694736842105263;0.7356002775850105;3180;716;1570
150;sea_lion;4750;;0.7037894736842105;0.7692130694891854;0.7037894736842105;0.7350483729111698;3343;1003;1407
53;ringneck_snake;4750;;0.7157894736842105;0.7542147293700089;0.7157894736842105;0.73449989198531;3400;1108;1350
330;wood_rabbit;4750;;0.6978947368421052;0.7732680195941217;0.6978947368421052;0.7336505477481465;3315;972;1435
786;sewing_machine;4750;;0.6349473684210526;0.868663594470046;0.6349473684210526;0.7336414497689128;3016;456;1734
770;running_shoe;4750;;0.6867368421052632;0.7845117845117845;0.6867368421052632;0.7323753929052538;3262;896;1488
451;bolo_tie;4750;;0.7341052631578947;0.730567777079405;0.7341052631578947;0.7323322482411004;3487;1286;1263
637;mailbox;4750;;0.6511578947368422;0.8366242899648364;0.6511578947368422;0.7323310050905648;3093;604;1657
615;knee_pad;4750;;0.7437894736842106;0.7207262341901265;0.7437894736842106;0.7320762536261916;3533;1369;1217
816;spindle;4750;;0.6351578947368421;0.8637274549098196;0.6351578947368421;0.7320150430668446;3017;476;1733
932;pretzel;4750;;0.7048421052631579;0.7607361963190185;0.7048421052631579;0.731723308927986;3348;1053;1402
81;ptarmigan;4750;;0.6901052631578948;0.7786223277909738;0.6901052631578948;0.7316964285714286;3278;932;1472
29;axolotl;4750;;0.7785263157894737;0.6894108873974646;0.7785263157894737;0.7312635950168084;3698;1666;1052
7;cock;4750;;0.6837894736842105;0.7837837837837838;0.6837894736842105;0.7303800314818978;3248;896;1502
592;hard_disc;4750;;0.6545263157894737;0.8259829968119022;0.6545263157894737;0.7303265210241955;3109;655;1641
116;chiton;4750;;0.7277894736842105;0.7328810684757261;0.7277894736842105;0.7303263969578536;3457;1260;1293
670;motor_scooter;4750;;0.7705263157894737;0.6938388625592417;0.7705263157894737;0.7301745635910225;3660;1615;1090
522;croquet_ball;4750;;0.7694736842105263;0.6942070275403609;0.7694736842105263;0.7299051422865701;3655;1610;1095
495;china_cabinet;4750;;0.6993684210526315;0.7596615595700892;0.6993684210526315;0.728269209689795;3322;1051;1428
439;bearskin;4750;;0.8494736842105263;0.6365357311878845;0.8494736842105263;0.7277482189557218;4035;2304;715
410;apiary;4750;;0.6762105263157895;0.7870619946091644;0.6762105263157895;0.7274374363039294;3212;869;1538
56;king_snake;4750;;0.6231578947368421;0.8734139864266746;0.6231578947368421;0.7273620837940779;2960;429;1790
367;chimpanzee;4750;;0.7258947368421053;0.7285020071836045;0.7258947368421053;0.7271960350100178;3448;1285;1302
245;French_bulldog;4750;;0.6553684210526316;0.8157756813417191;0.6553684210526316;0.7268269904272706;3113;703;1637
2;great_white_shark;4750;;0.6850526315789474;0.7732889733840305;0.6850526315789474;0.7265014512167894;3254;954;1496
757;recreational_vehicle;4750;;0.7252631578947368;0.7272535359932447;0.7252631578947368;0.7262569832402236;3445;1292;1305
992;agaric;4750;;0.7911578947368421;0.670831845769368;0.7911578947368421;0.7260432766615147;3758;1844;992
684;ocarina;4750;;0.771578947368421;0.6849187067837788;0.771578947368421;0.7256707256707257;3665;1686;1085
649;megalith;4750;;0.6501052631578947;0.8210582291943632;0.6501052631578947;0.7256491599107039;3088;673;1662
629;lipstick;4750;;0.7052631578947368;0.7456042733140441;0.7052631578947368;0.7248728767716109;3350;1143;1400
614;kimono;4750;;0.7315789473684211;0.7176786451879389;0.7315789473684211;0.7245621351125939;3475;1367;1275
113;snail;4750;;0.752;0.6972477064220184;0.752;0.7235895877646106;3572;1551;1178
724;pirate;4750;;0.6604210526315789;0.7998470168281488;0.6604210526315789;0.7234778597785977;3137;785;1613
309;bee;4750;;0.6968421052631579;0.7517601635248694;0.6968421052631579;0.7232601332896318;3310;1093;1440
299;meerkat;4750;;0.7882105263157895;0.6670229823623731;0.7882105263157895;0.7225706841648173;3744;1869;1006
279;Arctic_fox;4750;;0.7934736842105263;0.6627395815016704;0.7934736842105263;0.7222381910510683;3769;1918;981
903;wig;4750;;0.7334736842105263;0.7105853559045482;0.7334736842105263;0.72184813011499;3484;1419;1266
152;Japanese_spaniel;4750;;0.708;0.7355643044619422;0.708;0.7215189873417722;3363;1209;1387
104;wallaby;4750;;0.6909473684210526;0.7541360294117647;0.6909473684210526;0.7211601845748188;3282;1070;1468
343;warthog;4750;;0.6757894736842105;0.7716346153846154;0.6757894736842105;0.7205387205387205;3210;950;1540
174;Norwegian_elkhound;4750;;0.7528421052631579;0.6907475371836971;0.7528421052631579;0.7204593532789361;3576;1601;1174
210;German_short-haired_pointer;4750;;0.7343157894736843;0.7070748023515102;0.7343157894736843;0.7204378808220593;3488;1445;1262
39;common_iguana;4750;;0.6837894736842105;0.759766081871345;0.6837894736842105;0.7197783933518005;3248;1027;1502
476;carousel;4750;;0.8732631578947369;0.6119799350840956;0.8732631578947369;0.7196391394864678;4148;2630;602
239;Bernese_mountain_dog;4750;;0.7997894736842105;0.6527491408934708;0.7997894736842105;0.7188268684957426;3799;2021;951
646;maze;4750;;0.8456842105263158;0.6242424242424243;0.8456842105263158;0.7182834152883326;4017;2418;733
734;police_van;4750;;0.6526315789473685;0.7985574446161773;0.6526315789473685;0.7182576459684895;3100;782;1650
444;bicycle-built-for-two;4750;;0.7911578947368421;0.6574527641707488;0.7911578947368421;0.7181349130517867;3758;1958;992
288;leopard;4750;;0.7151578947368421;0.719246241795469;0.7151578947368421;0.7171962419508077;3397;1326;1353
553;file;4750;;0.6892631578947368;0.7452765763715001;0.6892631578947368;0.7161763097451602;3274;1119;1476
377;marmoset;4750;;0.6772631578947368;0.7594428706326724;0.6772631578947368;0.7160026708212776;3217;1019;1533
297;sloth_bear;4750;;0.6686315789473685;0.7703128789716226;0.6686315789473685;0.7158796348472896;3176;947;1574
335;fox_squirrel;4750;;0.7764210526315789;0.6621184919210054;0.7764210526315789;0.7147286821705426;3688;1882;1062
666;mortar;4750;;0.7387368421052631;0.6914285714285714;0.7387368421052631;0.7143002544529262;3509;1566;1241
303;long-horned_beetle;4750;;0.684;0.7467248908296943;0.684;0.7139874739039667;3249;1102;1501
849;teapot;4750;;0.6831578947368421;0.7470073664825047;0.6831578947368421;0.7136573564987904;3245;1099;1505
262;Brabancon_griffon;4750;;0.7088421052631579;0.7177574078021743;0.7088421052631579;0.7132718991632241;3367;1324;1383
213;Irish_setter;4750;;0.6848421052631579;0.7433729433272395;0.6848421052631579;0.712908174446636;3253;1123;1497
47;African_chameleon;4750;;0.752;0.6776702712957693;0.752;0.7129029039018062;3572;1699;1178
659;mixing_bowl;4750;;0.7;0.7253490401396161;0.7;0.7124491107778017;3325;1259;1425
117;chambered_nautilus;4750;;0.8263157894736842;0.6259968102073366;0.8263157894736842;0.7123411978221414;3925;2345;825
609;jeep;4750;;0.6755789473684211;0.7531095986857546;0.6755789473684211;0.712240594828543;3209;1052;1541
398;abacus;4750;;0.7101052631578947;0.7143159678102499;0.7101052631578947;0.7122043918918918;3373;1349;1377
940;spaghetti_squash;4750;;0.6968421052631579;0.7276324466915806;0.6968421052631579;0.7119045058608454;3310;1239;1440
4;hammerhead;4750;;0.7618947368421053;0.6678353939841299;0.7618947368421053;0.7117710689349985;3619;1800;1131
630;Loafer;4750;;0.6528421052631579;0.7805184998741506;0.6528421052631579;0.7109939241086782;3101;872;1649
169;borzoi;4750;;0.7827368421052632;0.6505686789151356;0.7827368421052632;0.7105590062111802;3718;1997;1032
610;jersey;4750;;0.6873684210526316;0.7330489447687472;0.6873684210526316;0.7094741416775315;3265;1189;1485
372;baboon;4750;;0.7286315789473684;0.690956278698343;0.7286315789473684;0.7092939850394508;3461;1548;1289
852;tennis_ball;4750;;0.796;0.639222316145393;0.796;0.7090482887951243;3781;2134;969
583;guillotine;4750;;0.7452631578947368;0.6755725190839694;0.7452631578947368;0.7087087087087086;3540;1700;1210
82;ruffed_grouse;4750;;0.7482105263157894;0.6713260294673215;0.7482105263157894;0.7076861808044603;3554;1740;1196
38;banded_gecko;4750;;0.7661052631578947;0.6569777938256003;0.7661052631578947;0.707357371950627;3639;1900;1111
942;butternut_squash;4750;;0.6418947368421053;0.787651769568587;0.6418947368421053;0.707342535668716;3049;822;1701
41;whiptail;4750;;0.7749473684210526;0.6496646664313449;0.7749473684210526;0.7067972350230414;3681;1985;1069
777;scabbard;4750;;0.6926315789473684;0.7211749232792635;0.6926315789473684;0.706615120274914;3290;1272;1460
881;upright;4750;;0.7713684210526316;0.6513777777777778;0.7713684210526316;0.7063132530120482;3664;1961;1086
287;lynx;4750;;0.6425263157894737;0.7839712304135628;0.6425263157894737;0.7062362605576767;3052;841;1698
789;shoji;4750;;0.7408421052631579;0.6741379310344827;0.7408421052631579;0.7059177532597792;3519;1701;1231
518;crash_helmet;4750;;0.8225263157894737;0.6169272066950893;0.8225263157894737;0.705043760714608;3907;2426;843
872;tripod;4750;;0.6753684210526316;0.7367937528709233;0.6753684210526316;0.7047451669595782;3208;1146;1542
564;four-poster;4750;;0.7214736842105263;0.6882908214500904;0.7214736842105263;0.7044917257683215;3427;1552;1323
833;submarine;4750;;0.6917894736842105;0.7159041394335512;0.6917894736842105;0.7036402569593148;3286;1304;1464
368;gibbon;4750;;0.7006315789473684;0.7058324496288441;0.7006315789473684;0.7032223983095615;3328;1387;1422
290;jaguar;4750;;0.6265263157894737;0.8012924071082391;0.6265263157894737;0.7032136105860114;2976;738;1774
517;crane;4750;;0.6974736842105264;0.7089664027391397;0.6974736842105264;0.7031730871272419;3313;1360;1437
203;West_Highland_white_terrier;4750;;0.7477894736842106;0.6633053221288515;0.7477894736842106;0.7030183077684314;3552;1803;1198
612;jinrikisha;4750;;0.8658947368421053;0.5910331944244863;0.8658947368421053;0.7025365103766333;4113;2846;637
491;chain_saw;4750;;0.7545263157894737;0.6571323799046571;0.7545263157894737;0.7024696197569581;3584;1870;1166
722;ping-pong_ball;4750;;0.7585263157894737;0.6524809851503078;0.7585263157894737;0.701518691588785;3603;1919;1147
235;German_shepherd;4750;;0.6901052631578948;0.7124538143881765;0.6901052631578948;0.7011014864720351;3278;1323;1472
897;washer;4750;;0.6233684210526316;0.7996219281663516;0.6233684210526316;0.7005796758547261;2961;742;1789
551;face_powder;4750;;0.7208421052631578;0.6803099543016093;0.7208421052631578;0.6999897781866503;3424;1609;1326
134;crane;4750;;0.6138947368421053;0.8131622978248745;0.6138947368421053;0.699616122840691;2916;670;1834
295;American_black_bear;4750;;0.748421052631579;0.6557830658550083;0.748421052631579;0.6990463081309607;3555;1866;1195
125;hermit_crab;4750;;0.6557894736842105;0.7480787704130644;0.6557894736842105;0.698900605788647;3115;1049;1635
441;beer_glass;4750;;0.7111578947368421;0.686864579097194;0.7111578947368421;0.6988001654944146;3378;1540;1372
110;flatworm;4750;;0.7873684210526316;0.6276220842423226;0.7873684210526316;0.6984779157717808;3740;2219;1010
715;pickelhaube;4750;;0.6456842105263157;0.7595344229816741;0.6456842105263157;0.6979972690031861;3067;971;1683
423;barber_chair;4750;;0.6848421052631579;0.7110382513661202;0.6848421052631579;0.6976943699731903;3253;1322;1497
349;bighorn;4750;;0.8376842105263158;0.596909690969097;0.8376842105263158;0.6970918009810793;3979;2687;771
521;Crock_Pot;4750;;0.5743157894736842;0.884852416477457;0.5743157894736842;0.6965402783097153;2728;355;2022
319;dragonfly;4750;;0.6338947368421053;0.7724474089276552;0.6338947368421053;0.6963459759481961;3011;887;1739
43;frilled_lizard;4750;;0.6848421052631579;0.7064060803474485;0.6848421052631579;0.6954569748797435;3253;1352;1497
403;aircraft_carrier;4750;;0.7021052631578948;0.6887649731515902;0.7021052631578948;0.6953711426188491;3335;1507;1415
559;folding_chair;4750;;0.6429473684210526;0.7565023532325985;0.6429473684210526;0.695117787640833;3054;983;1696
428;barrow;4750;;0.6431578947368422;0.7556270096463023;0.6431578947368422;0.6948709200500398;3055;988;1695
496;Christmas_stocking;4750;;0.8688421052631579;0.5788218793828892;0.8688421052631579;0.6947811447811447;4127;3003;623
450;bobsled;4750;;0.8012631578947368;0.6128824476650564;0.8012631578947368;0.6945255474452555;3806;2404;944
467;butcher_shop;4750;;0.6098947368421053;0.8031605212087607;0.6098947368421053;0.6933109967691755;2897;710;1853
259;Pomeranian;4750;;0.7774736842105263;0.6252963088384693;0.7774736842105263;0.6931306306306306;3693;2213;1057
114;slug;4750;;0.6054736842105263;0.8101408450704225;0.6054736842105263;0.6930120481927711;2876;674;1874
901;whiskey_jug;4750;;0.6663157894736842;0.7214497378618646;0.6663157894736842;0.6927875670351319;3165;1222;1585
950;orange;4750;;0.6423157894736842;0.750368912936547;0.6423157894736842;0.6921506352087115;3051;1015;1699
305;dung_beetle;4750;;0.6574736842105263;0.7305263157894737;0.6574736842105263;0.6920775623268698;3123;1152;1627
965;burrito;4750;;0.5835789473684211;0.8461538461538461;0.5835789473684211;0.6907550461001745;2772;504;1978
713;photocopier;4750;;0.8423157894736842;0.5851126060251536;0.8423157894736842;0.6905419399378667;4001;2837;749
919;street_sign;4750;;0.716;0.6666013328106625;0.716;0.6904181892001625;3401;1701;1349
896;washbasin;4750;;0.6915789473684211;0.6886792452830188;0.6915789473684211;0.6901260504201681;3285;1485;1465
429;baseball;4750;;0.6581052631578947;0.7244495944380069;0.6581052631578947;0.6896856039713183;3126;1189;1624
796;ski_mask;4750;;0.7766315789473685;0.6202084734364492;0.7766315789473685;0.6896616189942045;3689;2259;1061
580;greenhouse;4750;;0.6509473684210526;0.7328750888836217;0.6509473684210526;0.6894860073586798;3092;1127;1658
840;swab;4750;;0.688;0.6907630522088354;0.688;0.6893787575150301;3268;1463;1482
3;tiger_shark;4750;;0.6932631578947368;0.6854704412989175;0.6932631578947368;0.6893447770567303;3293;1511;1457
595;harvester;4750;;0.7101052631578947;0.6695117109964271;0.7101052631578947;0.6892112791172864;3373;1665;1377
532;dining_table;4750;;0.6930526315789474;0.684123025768911;0.6930526315789474;0.6885588788956285;3292;1520;1458
177;Scottish_deerhound;4750;;0.7717894736842106;0.6205145565335138;0.7717894736842106;0.6879339463313942;3666;2242;1084
635;magnetic_compass;4750;;0.7166315789473684;0.6604578967792006;0.7166315789473684;0.6873990306946688;3404;1750;1346
394;sturgeon;4750;;0.6334736842105263;0.750748502994012;0.6334736842105263;0.6871431833751998;3009;999;1741
785;seat_belt;4750;;0.62;0.7705389848246991;0.62;0.6871208586094261;2945;877;1805
78;tick;4750;;0.7793684210526316;0.6139303482587065;0.7793684210526316;0.6868274582560298;3702;2328;1048
283;Persian_cat;4750;;0.783157894736842;0.611439842209073;0.783157894736842;0.6867269706479602;3720;2364;1030
822;steel_drum;4750;;0.7461052631578947;0.6360373295046662;0.7461052631578947;0.6866886262352258;3544;2028;1206
157;papillon;4750;;0.8010526315789473;0.6000630815328812;0.8010526315789473;0.6861419168695339;3805;2536;945
557;flagpole;4750;;0.6258947368421053;0.7588055130168453;0.6258947368421053;0.6859713890170743;2973;945;1777
109;brain_coral;4750;;0.7086315789473684;0.663905325443787;0.7086315789473684;0.685539714867617;3366;1704;1384
243;bull_mastiff;4750;;0.6389473684210526;0.7382631963026027;0.6389473684210526;0.6850242636271301;3035;1076;1715
215;Brittany_spaniel;4750;;0.6844210526315789;0.6855757064529734;0.6844210526315789;0.6849978929624947;3251;1491;1499
214;Gordon_setter;4750;;0.696;0.6731826511912035;0.696;0.6844012007038608;3306;1605;1444
360;otter;4750;;0.6642105263157895;0.7058165548098434;0.6642105263157895;0.6843817787418656;3155;1315;1595
63;Indian_cobra;4750;;0.7785263157894737;0.6097279472382523;0.7785263157894737;0.6838650023116042;3698;2367;1052
568;fur_coat;4750;;0.712421052631579;0.6567048321366195;0.712421052631579;0.6834292638594366;3384;1769;1366
121;king_crab;4750;;0.7183157894736842;0.6511450381679389;0.7183157894736842;0.6830830830830831;3412;1828;1338
416;balance_beam;4750;;0.8037894736842105;0.593871519676466;0.8037894736842105;0.6830664639055372;3818;2611;932
902;whistle;4750;;0.7442105263157894;0.6305743845879415;0.7442105263157894;0.682696021629973;3535;2071;1215
586;half_track;4750;;0.7029473684210527;0.6632896305125149;0.7029473684210527;0.6825429272281275;3339;1695;1411
118;Dungeness_crab;4750;;0.5875789473684211;0.8108657757117955;0.5875789473684211;0.6813964843750001;2791;651;1959
538;dome;4750;;0.6168421052631579;0.7602490918526207;0.6168421052631579;0.6810785681078568;2930;924;1820
570;gasmask;4750;;0.6848421052631579;0.6761588027437123;0.6848421052631579;0.6804727538960359;3253;1558;1497
378;capuchin;4750;;0.667578947368421;0.6938730853391685;0.667578947368421;0.6804721030042918;3171;1399;1579
361;skunk;4750;;0.8433684210526315;0.5685495316491627;0.8433684210526315;0.6792132926415734;4006;3040;744
353;gazelle;4750;;0.6621052631578948;0.6957964601769911;0.6621052631578948;0.6785329018338727;3145;1375;1605
437;beacon;4750;;0.6713684210526316;0.6858064516129032;0.6713684210526316;0.6785106382978723;3189;1461;1561
221;Irish_water_spaniel;4750;;0.7233684210526315;0.6368860055607044;0.7233684210526315;0.6773780187284376;3436;1959;1314
520;crib;4750;;0.6141052631578947;0.7533574380165289;0.6141052631578947;0.6766411505451171;2917;955;1833
870;tricycle;4750;;0.716;0.6410933081998115;0.716;0.6764793635007459;3401;1904;1349
866;tractor;4750;;0.724;0.633100147275405;0.724;0.6755057945393832;3439;1993;1311
384;indri;4750;;0.8465263157894737;0.560887153019947;0.8465263157894737;0.6747210336437621;4021;3148;729
756;rain_barrel;4750;;0.6063157894736843;0.7596940121340016;0.6063157894736843;0.6743940990516333;2880;911;1870
825;stone_wall;4750;;0.5955789473684211;0.7752808988764045;0.5955789473684211;0.6736516251934754;2829;820;1921
593;harmonica;4750;;0.6610526315789473;0.6864888500218627;0.6610526315789473;0.6735306735306734;3140;1434;1610
686;oil_filter;4750;;0.6267368421052631;0.7275171065493646;0.6267368421052631;0.6733770640126668;2977;1115;1773
198;standard_schnauzer;4750;;0.7296842105263158;0.624729632299928;0.7296842105263158;0.6731404156146825;3466;2082;1284
33;loggerhead;4750;;0.68;0.6650195593988059;0.68;0.6724263557822422;3230;1627;1520
475;car_mirror;4750;;0.8949473684210526;0.5384420519316023;0.8949473684210526;0.6723606168446026;4251;3644;499
891;waffle_iron;4750;;0.62;0.7329517172722748;0.62;0.6717609489051094;2945;1073;1805
931;bagel;4750;;0.5825263157894737;0.7923825887743413;0.5825263157894737;0.6714389711235137;2767;725;1983
831;studio_couch;4750;;0.7576842105263157;0.601638248077566;0.7576842105263157;0.6707044353335818;3599;2383;1151
641;maraca;4750;;0.8088421052631579;0.5728343521693753;0.8088421052631579;0.6706816793226847;3842;2865;908
80;black_grouse;4750;;0.8877894736842106;0.5387072049054675;0.8877894736842106;0.6705358562569567;4217;3611;533
511;convertible;4750;;0.6181052631578947;0.7310756972111554;0.6181052631578947;0.6698608259183207;2936;1080;1814
889;violin;4750;;0.6458947368421053;0.6939606423885999;0.6458947368421053;0.6690655326572894;3068;1353;1682
753;radiator;4750;;0.6206315789473684;0.7252152521525215;0.6206315789473684;0.6688598979013046;2948;1117;1802
669;mosquito_net;4750;;0.6583157894736842;0.6796348619865247;0.6583157894736842;0.6688054753502299;3127;1474;1623
597;holster;4750;;0.596421052631579;0.7605369127516779;0.596421052631579;0.6685545722713865;2833;892;1917
695;padlock;4750;;0.655157894736842;0.6824561403508772;0.655157894736842;0.6685284640171858;3112;1448;1638
738;pot;4750;;0.7791578947368422;0.5842146803472771;0.7791578947368422;0.6677492106450158;3701;2634;1049
42;agama;4750;;0.64;0.6972477064220184;0.64;0.667398463227223;3040;1320;1710
550;espresso_maker;4750;;0.6183157894736843;0.7248272458045409;0.6183157894736843;0.6673483299250171;2937;1115;1813
252;affenpinscher;4750;;0.7296842105263158;0.6134513274336283;0.7296842105263158;0.6665384615384615;3466;2184;1284
647;measuring_cup;4750;;0.6056842105263158;0.7407312049433573;0.6056842105263158;0.6664350243224461;2877;1007;1873
739;potter's_wheel;4750;;0.8181052631578948;0.5620480185131617;0.8181052631578948;0.6663237311385459;3886;3028;864
337;beaver;4750;;0.6532631578947369;0.6791420442109871;0.6532631578947369;0.6659512823264299;3103;1466;1647
577;gong;4750;;0.7707368421052632;0.5845441481718027;0.7707368421052632;0.6648506310723691;3661;2602;1089
871;trimaran;4750;;0.7031578947368421;0.6300697981512922;0.7031578947368421;0.6646104865187542;3340;1961;1410
123;spiny_lobster;4750;;0.5667368421052632;0.8033422858848105;0.5667368421052632;0.6646093074929021;2692;659;2058
882;vacuum;4750;;0.5957894736842105;0.7512609503583754;0.5957894736842105;0.66455324644828;2830;937;1920
37;box_turtle;4750;;0.6042105263157894;0.7375995887946544;0.6042105263157894;0.6642749681749798;2870;1021;1880
617;lab_coat;4750;;0.6616842105263158;0.6668788457458095;0.6616842105263158;0.6642713727147839;3143;1570;1607
808;sombrero;4750;;0.615578947368421;0.720551996057171;0.615578947368421;0.6639418710263396;2924;1134;1826
730;plow;4750;;0.5941052631578947;0.752132196162047;0.5941052631578947;0.6638438014584804;2822;930;1928
154;Pekinese;4750;;0.6818947368421052;0.6462490023942538;0.6818947368421052;0.6635935259168202;3239;1773;1511
765;rocking_chair;4750;;0.604;0.7354524480902332;0.604;0.6632759218587446;2869;1032;1881
579;grand_piano;4750;;0.5905263157894737;0.7538296156947057;0.5905263157894737;0.6622594734978161;2805;916;1945
315;mantis;4750;;0.5949473684210527;0.7466314398943197;0.5949473684210527;0.6622144112478032;2826;959;1924
507;combination_lock;4750;;0.6317894736842106;0.6953197405004634;0.6317894736842106;0.6620339730862563;3001;1315;1749
758;reel;4750;;0.5852631578947368;0.7606019151846786;0.5852631578947368;0.661511005353956;2780;875;1970
164;bluetick;4750;;0.6926315789473684;0.632935744517122;0.6926315789473684;0.6614394853236832;3290;1908;1460
382;squirrel_monkey;4750;;0.7473684210526316;0.5930504510524557;0.7473684210526316;0.6613263785394932;3550;2436;1200
703;park_bench;4750;;0.6597894736842105;0.662719390991753;0.6597894736842105;0.6612511868340541;3134;1595;1616
220;Sussex_spaniel;4750;;0.6246315789473684;0.7004249291784702;0.6246315789473684;0.6603605608724682;2967;1269;1783
421;bannister;4750;;0.6901052631578948;0.6330629586713017;0.6901052631578948;0.6603545527800162;3278;1900;1472
313;walking_stick;4750;;0.5896842105263158;0.7487302860197808;0.5896842105263158;0.6597573901778354;2801;940;1949
997;bolete;4750;;0.5896842105263158;0.7479305740987984;0.5896842105263158;0.6594467333725722;2801;944;1949
52;thunder_snake;4750;;0.6985263157894737;0.6241534988713319;0.6985263157894737;0.659248956884562;3318;1998;1432
761;remote_control;4750;;0.6976842105263158;0.6245759517527327;0.6976842105263158;0.6591089896579158;3314;1992;1436
939;zucchini;4750;;0.5821052631578948;0.7591982427237781;0.5821052631578948;0.6589609151572927;2765;877;1985
440;beer_bottle;4750;;0.6467368421052632;0.6707423580786026;0.6467368421052632;0.6585209003215434;3072;1508;1678
711;perfume;4750;;0.6383157894736842;0.6781480653097741;0.6383157894736842;0.6576293243682897;3032;1439;1718
723;pinwheel;4750;;0.8237894736842105;0.5468138624930129;0.8237894736842105;0.657315639173526;3913;3243;837
273;dingo;4750;;0.655157894736842;0.6591823766151239;0.655157894736842;0.657163974237145;3112;1609;1638
616;knot;4750;;0.7353684210526316;0.5917330171099441;0.7353684210526316;0.6557777151975969;3493;2410;1257
107;jellyfish;4750;;0.7867368421052632;0.5621239470517448;0.7867368421052632;0.6557290752763643;3737;2911;1013
690;oxcart;4750;;0.7463157894736843;0.5835390946502058;0.7463157894736843;0.6549653579676675;3545;2530;1205
922;menu;4750;;0.5538947368421052;0.7996960486322189;0.5538947368421052;0.6544776119402985;2631;659;2119
546;electric_guitar;4750;;0.6465263157894737;0.6604301075268817;0.6465263157894737;0.653404255319149;3071;1579;1679
859;toaster;4750;;0.5882105263157895;0.7346831448856166;0.5882105263157895;0.6533380100549515;2794;1009;1956
342;wild_boar;4750;;0.7050526315789474;0.6083560399636694;0.7050526315789474;0.653144807411019;3349;2156;1401
717;pickup;4750;;0.5677894736842105;0.768595041322314;0.5677894736842105;0.6531057028695968;2697;812;2053
161;basset;4750;;0.6513684210526316;0.6546762589928058;0.6513684210526316;0.6530181511186155;3094;1632;1656
314;cockroach;4750;;0.5726315789473684;0.7595643674951131;0.5726315789473684;0.6529828351938542;2720;861;2030
473;can_opener;4750;;0.6206315789473684;0.6875;0.6206315789473684;0.65235671608763;2948;1340;1802
913;wreck;4750;;0.6766315789473685;0.6293322890150773;0.6766315789473685;0.6521253931216395;3214;1893;1536
854;theater_curtain;4750;;0.7898947368421053;0.5551938443326427;0.7898947368421053;0.6520681265206814;3752;3006;998
798;slide_rule;4750;;0.5385263157894736;0.8262273901808785;0.5385263157894736;0.6520520010196277;2558;538;2192
456;bow;4750;;0.7077894736842105;0.6036990483031065;0.7077894736842105;0.6516135284426785;3362;2207;1388
211;vizsla;4750;;0.659157894736842;0.6431799506984388;0.659157894736842;0.65107090871283;3131;1737;1619
653;milk_can;4750;;0.6111578947368421;0.695495927168184;0.6111578947368421;0.6506051098162259;2903;1271;1847
654;minibus;4750;;0.7456842105263158;0.5756541524459613;0.7456842105263158;0.6497294322663488;3542;2611;1208
943;cucumber;4750;;0.6713684210526316;0.628622117090479;0.6713684210526316;0.6492924768400692;3189;1884;1561
514;cowboy_boot;4750;;0.6265263157894737;0.673760470907856;0.6265263157894737;0.6492854805279807;2976;1441;1774
658;mitten;4750;;0.5943157894736842;0.7134192570128886;0.5943157894736842;0.6484437808659699;2823;1134;1927
490;chain_mail;4750;;0.604421052631579;0.6976913730255164;0.604421052631579;0.6477157360406091;2871;1244;1879
369;siamang;4750;;0.6473684210526316;0.6469598148537765;0.6473684210526316;0.6471640534568032;3075;1678;1675
194;Dandie_Dinmont;4750;;0.7330526315789474;0.5788861180382378;0.7330526315789474;0.6469112865768695;3482;2533;1268
795;ski;4750;;0.7498947368421053;0.5687370269838735;0.7498947368421053;0.6468718786888222;3562;2701;1188
452;bonnet;4750;;0.5894736842105263;0.7142857142857143;0.5894736842105263;0.6459054209919262;2800;1120;1950
701;parachute;4750;;0.8968421052631579;0.5045002368545712;0.8968421052631579;0.6457480673033196;4260;4184;490
310;ant;4750;;0.7498947368421053;0.56620569066921;0.7498947368421053;0.6452314101983516;3562;2729;1188
760;refrigerator;4750;;0.6389473684210526;0.6501713796058269;0.6389473684210526;0.6445105117859419;3035;1633;1715
877;turnstile;4750;;0.6450526315789473;0.6434271314573708;0.6450526315789473;0.6442388561816652;3064;1698;1686
627;limousine;4750;;0.6997894736842105;0.5964471559303786;0.6997894736842105;0.6439988375472245;3324;2249;1426
395;gar;4750;;0.6618947368421053;0.6250497017892644;0.6618947368421053;0.6429447852760737;3144;1886;1606
875;trombone;4750;;0.6223157894736842;0.6648672964462438;0.6223157894736842;0.6428882122662027;2956;1490;1794
776;sax;4750;;0.6174736842105263;0.669787622744919;0.6174736842105263;0.6425676415817724;2933;1446;1817
912;worm_fence;4750;;0.7290526315789474;0.5737243207422134;0.7290526315789474;0.6421286853328388;3463;2573;1287
173;Ibizan_hound;4750;;0.5932631578947368;0.6980431013128561;0.5932631578947368;0.641402071241607;2818;1219;1932
494;chime;4750;;0.6530526315789473;0.6278081360048573;0.6530526315789473;0.6401816118047673;3102;1839;1648
427;barrel;4750;;0.5941052631578947;0.6918362343711694;0.5941052631578947;0.6392569939970552;2822;1257;1928
847;tank;4750;;0.7025263157894737;0.5863644350729221;0.7025263157894737;0.6392108035628772;3337;2354;1413
449;boathouse;4750;;0.5941052631578947;0.6909892262487757;0.5941052631578947;0.6388951777224361;2822;1262;1928
737;pop_bottle;4750;;0.616;0.6630410151824155;0.616;0.6386554621848739;2926;1487;1824
589;hand_blower;4750;;0.5578947368421052;0.7443820224719101;0.5578947368421052;0.6377858002406739;2650;910;2100
858;tile_roof;4750;;0.543578947368421;0.7707462686567165;0.543578947368421;0.6375308641975309;2582;768;2168
457;bow_tie;4750;;0.6174736842105263;0.6580659636526812;0.6174736842105263;0.6371239274465081;2933;1524;1817
759;reflex_camera;4750;;0.6130526315789474;0.6616678027720972;0.6130526315789474;0.6364331767019997;2912;1489;1838
120;fiddler_crab;4750;;0.6075789473684211;0.6672832369942197;0.6075789473684211;0.6360330578512396;2886;1439;1864
791;shopping_cart;4750;;0.6332631578947369;0.6386411889596603;0.6332631578947369;0.6359408033826638;3008;1702;1742
807;solar_dish;4750;;0.7366315789473684;0.558410469198851;0.7366315789473684;0.6352578068264342;3499;2767;1251
106;wombat;4750;;0.5661052631578948;0.719946452476573;0.5661052631578948;0.6338243959929287;2689;1046;2061
676;muzzle;4750;;0.5503157894736842;0.7470705915975994;0.5503157894736842;0.6337737907625167;2614;885;2136
399;abaya;4750;;0.7503157894736842;0.5482233502538071;0.7503157894736842;0.6335436850057772;3564;2937;1186
171;Italian_greyhound;4750;;0.6218947368421053;0.6448373717528924;0.6218947368421053;0.6331582895723931;2954;1627;1796
596;hatchet;4750;;0.5501052631578948;0.7457191780821918;0.5501052631578948;0.6331475648170584;2613;891;2137
172;whippet;4750;;0.592421052631579;0.6779089376053963;0.592421052631579;0.6322885069093359;2814;1337;1936
234;Rottweiler;4750;;0.6271578947368421;0.6368106028217186;0.6271578947368421;0.6319473907509546;2979;1699;1771
979;valley;4750;;0.6210526315789474;0.6429816913687881;0.6210526315789474;0.6318269436710217;2950;1638;1800
61;boa_constrictor;4750;;0.5370526315789473;0.7667568379921852;0.5370526315789473;0.631670174569766;2551;776;2199
483;castle;4750;;0.64;0.6233340168136149;0.64;0.6315570790485093;3040;1837;1710
803;snowplow;4750;;0.808;0.5181584987174295;0.808;0.6314057744509336;3838;3569;912
929;ice_lolly;4750;;0.5616842105263158;0.7177831584611246;0.5616842105263158;0.6302114089996457;2668;1049;2082
209;Chesapeake_Bay_retriever;4750;;0.5656842105263158;0.7089709762532982;0.5656842105263158;0.6292740046838408;2687;1103;2063
101;tusker;4750;;0.6793684210526316;0.5854499274310595;0.6793684210526316;0.6289222373806276;3227;2285;1523
223;schipperke;4750;;0.6808421052631579;0.5842818428184282;0.6808421052631579;0.6288770053475936;3234;2301;1516
236;Doberman;4750;;0.6176842105263158;0.6404715127701375;0.6176842105263158;0.6288715035901833;2934;1647;1816
702;parallel_bars;4750;;0.6309473684210526;0.6246352646936223;0.6309473684210526;0.6277754503560955;2997;1801;1753
773;saltshaker;4750;;0.5345263157894737;0.7597247157390784;0.5345263157894737;0.6275333662876916;2539;803;2211
419;Band_Aid;4750;;0.6732631578947369;0.5870044052863436;0.6732631578947369;0.6271818003530104;3198;2250;1552
826;stopwatch;4750;;0.5711578947368421;0.6942169907881269;0.5711578947368421;0.6267036267036267;2713;1195;2037
867;trailer_truck;4750;;0.756;0.5351713859910581;0.756;0.6267015706806282;3591;3119;1159
298;mongoose;4750;;0.5705263157894737;0.695050012823801;0.5705263157894737;0.6266620418545497;2710;1189;2040
806;sock;4750;;0.5705263157894737;0.6941598360655737;0.5705263157894737;0.6262999768892997;2710;1194;2040
115;sea_slug;4750;;0.5349473684210526;0.7544536817102138;0.5349473684210526;0.6260162601626016;2541;827;2209
857;throne;4750;;0.6370526315789473;0.6149156675472465;0.6370526315789473;0.6257884396649777;3026;1895;1724
462;broom;4750;;0.6033684210526316;0.649444822116474;0.6033684210526316;0.6255593146349449;2866;1547;1884
232;Border_collie;4750;;0.6631578947368421;0.5919939860928397;0.6631578947368421;0.6255585344057194;3150;2171;1600
971;bubble;4750;;0.6974736842105264;0.5670032517542358;0.6974736842105264;0.6255074105541395;3313;2530;1437
572;goblet;4750;;0.5856842105263158;0.669554753309266;0.5856842105263158;0.6248175182481751;2782;1373;1968
263;Pembroke;4750;;0.5871578947368421;0.6662685140946011;0.5871578947368421;0.6242166517457476;2789;1397;1961
778;scale;4750;;0.5054736842105263;0.8116970926301555;0.5054736842105263;0.6229891022314478;2401;557;2349
790;shopping_basket;4750;;0.5795789473684211;0.6726117762032738;0.5795789473684211;0.6226393757774511;2753;1340;1997
544;Dutch_oven;4750;;0.5709473684210526;0.6841574167507568;0.5709473684210526;0.6224466375946752;2712;1252;2038
256;Newfoundland;4750;;0.5414736842105263;0.7292316416217749;0.5414736842105263;0.6214812129998792;2572;955;2178
665;moped;4750;;0.5583157894736842;0.6989984185556142;0.5583157894736842;0.6207865168539326;2652;1142;2098
581;grille;4750;;0.5061052631578947;0.8016005335111704;0.5061052631578947;0.6204671570525229;2404;595;2346
373;macaque;4750;;0.5865263157894737;0.6583175803402647;0.5865263157894737;0.6203518147405923;2786;1446;1964
400;academic_gown;4750;;0.6307368421052632;0.6101832993890021;0.6307368421052632;0.6202898550724637;2996;1914;1754
474;cardigan;4750;;0.5835789473684211;0.6609442060085837;0.5835789473684211;0.6198568872987477;2772;1422;1978
112;conch;4750;;0.6385263157894737;0.6016663360444356;0.6385263157894737;0.6195485650086815;3033;2008;1717
704;parking_meter;4750;;0.7075789473684211;0.5501718775577018;0.7075789473684211;0.6190256929735704;3361;2748;1389
720;pill_bottle;4750;;0.7153684210526315;0.5443768023069528;0.7153684210526315;0.6182678311499272;3398;2844;1352
413;assault_rifle;4750;;0.6745263157894736;0.569701280227596;0.6745263157894736;0.6176980913823019;3204;2420;1546
264;Cardigan;4750;;0.5978947368421053;0.6383456956619465;0.5978947368421053;0.6174584193934124;2840;1609;1910
242;boxer;4750;;0.5821052631578948;0.6569256355428843;0.5821052631578948;0.617256390222123;2765;1444;1985
823;stethoscope;4750;;0.5901052631578947;0.64689591507039;0.5901052631578947;0.6171969613563799;2803;1530;1947
455;bottlecap;4750;;0.5873684210526315;0.649895178197065;0.5873684210526315;0.6170518633196949;2790;1503;1960
40;American_chameleon;4750;;0.6111578947368421;0.6221603086155165;0.6111578947368421;0.6166100254885302;2903;1763;1847
465;bulletproof_vest;4750;;0.6181052631578947;0.6142259414225941;0.6181052631578947;0.6161594963273871;2936;1844;1814
774;sandal;4750;;0.5366315789473685;0.7231205673758865;0.5366315789473685;0.61607250755287;2549;976;2201
982;groom;4750;;0.47557894736842105;0.869849826723142;0.47557894736842105;0.6149448754593712;2259;338;2491
468;cab;4750;;0.6353684210526316;0.5945626477541371;0.6353684210526316;0.6142886220232038;3018;2058;1732
304;leaf_beetle;4750;;0.5202105263157895;0.7494692144373672;0.5202105263157895;0.6141419162420778;2471;826;2279
602;horizontal_bar;4750;;0.5955789473684211;0.6335946248600224;0.5955789473684211;0.6139989148128051;2829;1636;1921
680;nipple;4750;;0.6383157894736842;0.5913789740589038;0.6383157894736842;0.6139516047382807;3032;2095;1718
65;sea_snake;4750;;0.6667368421052632;0.568888090533501;0.6667368421052632;0.6139381603179219;3167;2400;1583
302;ground_beetle;4750;;0.640421052631579;0.5874855156431055;0.640421052631579;0.612812248186946;3042;2136;1708
574;golf_ball;4750;;0.8021052631578948;0.49493374902572096;0.8021052631578948;0.612146529562982;3810;3888;940
224;groenendael;4750;;0.6012631578947368;0.6227649367640645;0.6012631578947368;0.6118251928020565;2856;1730;1894
678;neck_brace;4750;;0.6456842105263157;0.58131159969674;0.6456842105263157;0.6118092958308398;3067;2209;1683
835;sundial;4750;;0.5376842105263158;0.7088537330002775;0.5376842105263158;0.6115168203040824;2554;1049;2196
30;bullfrog;4750;;0.4823157894736842;0.8336972343522562;0.4823157894736842;0.6110962923446251;2291;457;2459
329;sea_cucumber;4750;;0.5722105263157895;0.6535224813657129;0.5722105263157895;0.6101694915254237;2718;1441;2032
21;kite;4750;;0.848421052631579;0.4748438788735713;0.848421052631579;0.6088992974238876;4030;4457;720
108;sea_anemone;4750;;0.5618947368421052;0.6622828784119107;0.5618947368421052;0.6079726651480638;2669;1361;2081
962;meat_loaf;4750;;0.5568421052631579;0.6692813765182186;0.5568421052631579;0.6079062284532292;2645;1307;2105
447;binoculars;4750;;0.5829473684210527;0.6346550538620216;0.5829473684210527;0.6077032810271042;2769;1594;1981
199;Scotch_terrier;4750;;0.6294736842105263;0.5858150470219435;0.6294736842105263;0.6068601583113457;2990;2114;1760
769;rule;4750;;0.6075789473684211;0.6060478790424192;0.6075789473684211;0.6068124474348192;2886;1876;1864
503;cocktail_shaker;4750;;0.6069473684210527;0.606564275194614;0.6069473684210527;0.6067557613385247;2883;1870;1867
443;bib;4750;;0.539578947368421;0.6927027027027027;0.539578947368421;0.6066272189349112;2563;1137;2187
50;American_alligator;4750;;0.5149473684210526;0.7367469879518073;0.5149473684210526;0.6061957868649319;2446;874;2304
176;Saluki;4750;;0.616;0.5935091277890466;0.616;0.6045454545454546;2926;2004;1824
506;coil;4750;;0.6292631578947369;0.581178300602761;0.6292631578947369;0.6042656423733953;2989;2154;1761
683;oboe;4750;;0.6105263157894737;0.5973223480947477;0.6105263157894737;0.6038521603331598;2900;1955;1850
697;pajama;4750;;0.6252631578947369;0.5838411637507371;0.6252631578947369;0.6038426349496798;2970;2117;1780
183;Kerry_blue_terrier;4750;;0.6661052631578948;0.551219512195122;0.6661052631578948;0.6032411820781697;3164;2576;1586
498;cinema;4750;;0.56;0.6529209621993127;0.56;0.6029011786038079;2660;1414;2090
884;vault;4750;;0.6448421052631579;0.5656509695290859;0.6448421052631579;0.6026561731431381;3063;2352;1687
405;airship;4750;;0.623578947368421;0.5827267361794216;0.623578947368421;0.6024611003762839;2962;2121;1788
334;porcupine;4750;;0.7265263157894737;0.5121697833184922;0.7265263157894737;0.6008008356545961;3451;3287;1299
693;paddle;4750;;0.5585263157894736;0.6497673279451384;0.5585263157894736;0.6007019132797463;2653;1430;2097
126;isopod;4750;;0.6221052631578947;0.5800942285041225;0.6221052631578947;0.6003657049979684;2955;2139;1795
608;jean;4750;;0.600421052631579;0.600042078687145;0.600421052631579;0.600231505840261;2852;1901;1898
480;cash_machine;4750;;0.5743157894736842;0.6284266298087998;0.5743157894736842;0.6001539984600155;2728;1613;2022
525;dam;4750;;0.6381052631578947;0.5655905952603097;0.6381052631578947;0.5996636660401622;3031;2328;1719
846;table_lamp;4750;;0.6473684210526316;0.5584816563748638;0.6473684210526316;0.5996489859594384;3075;2431;1675
182;Border_terrier;4750;;0.6073684210526316;0.5916735028712059;0.6073684210526316;0.5994182422605444;2885;1991;1865
453;bookcase;4750;;0.6208421052631579;0.5764268960125097;0.6208421052631579;0.5978106628826272;2949;2167;1801
745;projector;4750;;0.5738947368421052;0.6236559139784946;0.5738947368421052;0.597741475715382;2726;1645;2024
855;thimble;4750;;0.6176842105263158;0.5788123890313671;0.6176842105263158;0.5976168652612283;2934;2135;1816
729;plate_rack;4750;;0.5088421052631579;0.7217079725291131;0.5088421052631579;0.5968638103469565;2417;932;2333
533;dishrag;4750;;0.45073684210526316;0.8810699588477366;0.45073684210526316;0.5963788300835655;2141;289;2609
280;grey_fox;4750;;0.6911578947368421;0.5244408945686901;0.6911578947368421;0.5963669391462307;3283;2977;1467
842;swimming_trunks;4750;;0.604421052631579;0.5863970588235294;0.604421052631579;0.5952726518764255;2871;2025;1879
390;eel;4750;;0.524;0.6885200553250346;0.524;0.5950986252241482;2489;1126;2261
442;bell_cote;4750;;0.6143157894736843;0.5769078687228153;0.6143157894736843;0.5950244698205547;2918;2140;1832
644;matchstick;4750;;0.596;0.5921355364986405;0.596;0.5940614835798971;2831;1950;1919
590;hand-held_computer;4750;;0.568;0.6222324723247232;0.568;0.5938806955756107;2698;1638;2052
749;quill;4750;;0.6322105263157894;0.5598434004474273;0.6322105263157894;0.5938303341902312;3003;2361;1747
269;timber_wolf;4750;;0.600421052631579;0.5851456709068527;0.600421052631579;0.5926849542809642;2852;2022;1898
674;mousetrap;4750;;0.783157894736842;0.47619047619047616;0.783157894736842;0.5922623786021333;3720;4092;1030
158;toy_terrier;4750;;0.5802105263157895;0.6045185347663962;0.5802105263157895;0.5921151573745838;2756;1803;1994
531;digital_watch;4750;;0.5397894736842105;0.6540816326530612;0.5397894736842105;0.5914648212226067;2564;1356;2186
588;hamper;4750;;0.5778947368421052;0.6054256726951919;0.5778947368421052;0.5913399396811719;2745;1789;2005
181;Bedlington_terrier;4750;;0.7496842105263158;0.4881425633995888;0.7496842105263158;0.591282689912827;3561;3734;1189
634;lumbermill;4750;;0.6147368421052631;0.5679828827076444;0.6147368421052631;0.5904357496714184;2920;2221;1830
679;necklace;4750;;0.6427368421052632;0.5458608975505096;0.6427368421052632;0.5903509620032873;3053;2540;1697
162;beagle;4750;;0.652;0.5384214186369958;0.652;0.589792420491335;3097;2655;1653
192;cairn;4750;;0.5166315789473684;0.6860497623707017;0.5166315789473684;0.589407950042032;2454;1123;2296
237;miniature_pinscher;4750;;0.5829473684210527;0.5933147632311978;0.5829473684210527;0.5880853775087609;2769;1898;1981
374;langur;4750;;0.5852631578947368;0.5907352316192095;0.5852631578947368;0.5879864636209814;2780;1926;1970
793;shower_cap;4750;;0.6387368421052632;0.5447037701974865;0.6387368421052632;0.5879844961240309;3034;2536;1716
935;mashed_potato;4750;;0.47768421052631577;0.7624327956989247;0.47768421052631577;0.5873673310898265;2269;707;2481
964;potpie;4750;;0.6292631578947369;0.5500552079499448;0.6292631578947369;0.5869992144540457;2989;2445;1761
155;Shih-Tzu;4750;;0.6141052631578947;0.5620423892100193;0.6141052631578947;0.5869215291750502;2917;2273;1833
267;standard_poodle;4750;;0.7004210526315789;0.5037093111279334;0.7004210526315789;0.5859973579920739;3327;3278;1423
271;red_wolf;4750;;0.5153684210526316;0.6771784232365146;0.5153684210526316;0.5852958756724447;2448;1167;2302
371;patas;4750;;0.5926315789473684;0.5773174733388023;0.5926315789473684;0.5848742987741533;2815;2061;1935
212;English_setter;4750;;0.5922105263157895;0.5764344262295082;0.5922105263157895;0.5842159916926273;2813;2067;1937
206;curly-coated_retriever;4750;;0.5871578947368421;0.5812838682784494;0.5871578947368421;0.584206116464181;2789;2009;1961
207;golden_retriever;4750;;0.6465263157894737;0.5311310965063992;0.6465263157894737;0.583175085453855;3071;2711;1679
864;tow_truck;4750;;0.5326315789473685;0.6442577030812325;0.5326315789473685;0.5831508585916791;2530;1397;2220
869;trench_coat;4750;;0.4886315789473684;0.7219284603421462;0.4886315789473684;0.5827997489014438;2321;894;2429
433;bathing_cap;4750;;0.6877894736842105;0.5051801453533323;0.6877894736842105;0.5825086921636802;3267;3200;1483
487;cellular_telephone;4750;;0.612421052631579;0.555046746804045;0.612421052631579;0.5823240916825142;2909;2332;1841
431;bassinet;4750;;0.5787368421052631;0.5834040747028862;0.5787368421052631;0.5810610864510675;2749;1963;2001
850;teddy;4750;;0.6378947368421053;0.5327940917882891;0.6378947368421053;0.5806266168439207;3030;2657;1720
652;military_uniform;4750;;0.5705263157894737;0.5898998693948628;0.5705263157894737;0.5800513698630136;2710;1884;2040
219;cocker_spaniel;4750;;0.5324210526315789;0.636386512330146;0.5324210526315789;0.5797799174690509;2529;1445;2221
772;safety_pin;4750;;0.5458947368421052;0.6167935299714558;0.5458947368421052;0.5791824882733974;2593;1611;2157
49;African_crocodile;4750;;0.5050526315789474;0.6780667043527416;0.5050526315789474;0.5789092664092664;2399;1139;2351
662;modem;4750;;0.5406315789473685;0.6213404306798935;0.5406315789473685;0.5781830462681526;2568;1565;2182
208;Labrador_retriever;4750;;0.5564210526315789;0.6009549795361528;0.5564210526315789;0.5778312199387845;2643;1755;2107
930;French_loaf;4750;;0.5408421052631579;0.6188870151770658;0.5408421052631579;0.5772385125266825;2569;1582;2181
908;wing;4750;;0.4749473684210526;0.734375;0.4749473684210526;0.5768345691638967;2256;816;2494
64;green_mamba;4750;;0.6665263157894736;0.5083493898522801;0.6665263157894736;0.5767899435234105;3166;3062;1584
710;pencil_sharpener;4750;;0.5258947368421053;0.6385480572597138;0.5258947368421053;0.5767721080581851;2498;1414;2252
484;catamaran;4750;;0.48694736842105263;0.7071232039131764;0.48694736842105263;0.5767360678219673;2313;958;2437
530;digital_clock;4750;;0.5833684210526315;0.5694615700780928;0.5833684210526315;0.5763311148086523;2771;2095;1979
249;malamute;4750;;0.4936842105263158;0.6917404129793511;0.4936842105263158;0.5761670761670761;2345;1045;2405
168;redbone;4750;;0.6094736842105263;0.546020369671822;0.6094736842105263;0.5760047751691205;2895;2407;1855
792;shovel;4750;;0.5252631578947369;0.6363172660035705;0.5252631578947369;0.5754814900242188;2495;1426;2255
402;acoustic_guitar;4750;;0.523578947368421;0.6385109114249037;0.523578947368421;0.5753614806246384;2487;1408;2263
709;pencil_box;4750;;0.5096842105263157;0.6600327153762269;0.5096842105263157;0.5751960085531005;2421;1247;2329
408;amphibian;4750;;0.5713684210526315;0.5780617678381257;0.5713684210526315;0.5746956061408153;2714;1981;2036
477;carpenter's_kit;4750;;0.6189473684210526;0.536007292616226;0.6189473684210526;0.5744992672203224;2940;2545;1810
44;alligator_lizard;4750;;0.4593684210526316;0.7650771388499299;0.4593684210526316;0.5740594580373586;2182;670;2568
815;spider_web;4750;;0.48273684210526313;0.7059729064039408;0.48273684210526313;0.5733933483370842;2293;955;2457
418;ballpoint;4750;;0.5757894736842105;0.5706238264135197;0.5757894736842105;0.5731950120507179;2735;2058;2015
359;black-footed_ferret;4750;;0.6216842105263158;0.5312106493973736;0.6216842105263158;0.5728974682316422;2953;2606;1797
5;electric_ray;4750;;0.7008421052631579;0.4840069787728991;0.7008421052631579;0.5725834193326453;3329;3549;1421
386;African_elephant;4750;;0.4694736842105263;0.731387340111512;0.4694736842105263;0.5718681882292601;2230;819;2520
887;vestment;4750;;0.5505263157894736;0.5943181818181819;0.5505263157894736;0.571584699453552;2615;1785;2135
341;hog;4750;;0.5505263157894736;0.5941831401954102;0.5505263157894736;0.5715222380067753;2615;1786;2135
880;unicycle;4750;;0.7115789473684211;0.4774011299435028;0.7115789473684211;0.5714285714285715;3380;3700;1370
385;Indian_elephant;4750;;0.5490526315789473;0.5944837018463642;0.5490526315789473;0.5708657108460107;2608;1779;2142
492;chest;4750;;0.527578947368421;0.6216819647730092;0.527578947368421;0.5707778157385263;2506;1525;2244
671;mountain_bike;4750;;0.7858947368421053;0.447870425914817;0.7858947368421053;0.5705769965609476;3733;4602;1017
179;Staffordshire_bullterrier;4750;;0.5456842105263158;0.5969599263012436;0.5456842105263158;0.5701715794104708;2592;1750;2158
357;mink;4750;;0.6162105263157894;0.5291990598445128;0.6162105263157894;0.569399863826476;2927;2604;1823
966;red_wine;4750;;0.6661052631578948;0.4969373331239202;0.6661052631578948;0.5692183142934244;3164;3203;1586
205;flat-coated_retriever;4750;;0.5496842105263158;0.5889916535077825;0.5496842105263158;0.5686594794729392;2611;1822;2139
191;Airedale;4750;;0.6968421052631579;0.47964063179249383;0.6968421052631579;0.5681915715389237;3310;3591;1440
153;Maltese_dog;4750;;0.600421052631579;0.5384179724372287;0.600421052631579;0.5677316611923958;2852;2445;1898
828;strainer;4750;;0.48589473684210527;0.6810268515786367;0.48589473684210527;0.5671458410124094;2308;1081;2442
311;grasshopper;4750;;0.5294736842105263;0.6105850934692887;0.5294736842105263;0.5671439846656895;2515;1604;2235
967;espresso;4750;;0.49094736842105263;0.6706931262582686;0.49094736842105263;0.5669138203476358;2332;1145;2418
515;cowboy_hat;4750;;0.5170526315789473;0.6260514912057099;0.5170526315789473;0.5663553557016027;2456;1467;2294
409;analog_clock;4750;;0.6524210526315789;0.500161394448031;0.6524210526315789;0.5662342408185638;3099;3097;1651
632;loudspeaker;4750;;0.5336842105263158;0.602567149988115;0.5336842105263158;0.5660377358490565;2535;1672;2215
513;cornet;4750;;0.5263157894736842;0.6119951040391677;0.5263157894736842;0.5659309564233164;2500;1585;2250
861;toilet_seat;4750;;0.6035789473684211;0.5322071653981808;0.6035789473684211;0.5656505869586663;2867;2520;1883
775;sarong;4750;;0.6018947368421053;0.5332960268606604;0.6018947368421053;0.5655226980516269;2859;2502;1891
827;stove;4750;;0.5372631578947369;0.5934883720930233;0.5372631578947369;0.5639779005524862;2552;1748;2198
59;vine_snake;4750;;0.6545263157894737;0.4950636942675159;0.6545263157894737;0.5637352674524027;3109;3171;1641
481;cassette;4750;;0.5618947368421052;0.5655859292222929;0.5618947368421052;0.5637342908438061;2669;2050;2081
227;kelpie;4750;;0.5650526315789474;0.5615062761506276;0.5650526315789474;0.5632738719832109;2684;2096;2066
626;lighter;4750;;0.5593684210526316;0.5658006814310051;0.5593684210526316;0.5625661655727292;2657;2039;2093
667;mortarboard;4750;;0.49347368421052634;0.6540178571428571;0.49347368421052634;0.5625149988000959;2344;1240;2406
165;black-and-tan_coonhound;4750;;0.4728421052631579;0.6925686093123651;0.4728421052631579;0.561991742774928;2246;997;2504
529;diaper;4750;;0.6042105263157894;0.5247760102395319;0.6042105263157894;0.5616987963597221;2870;2599;1880
175;otterhound;4750;;0.588;0.5352625527021847;0.588;0.5603932584269662;2793;2425;1957
502;clog;4750;;0.5768421052631579;0.5439745880484416;0.5768421052631579;0.5599264330233985;2740;2297;2010
660;mobile_home;4750;;0.5776842105263158;0.5426141981411904;0.5776842105263158;0.5596002855103498;2744;2313;2006
541;drum;4750;;0.5149473684210526;0.6116529132283071;0.5149473684210526;0.559149617099097;2446;1553;2304
895;warplane;4750;;0.7566315789473684;0.44136067788284417;0.7566315789473684;0.5575118281237881;3594;4549;1156
708;pedestal;4750;;0.5012631578947369;0.6279008438818565;0.5012631578947369;0.5574806836806369;2381;1411;2369
159;Rhodesian_ridgeback;4750;;0.5526315789473685;0.5605381165919282;0.5526315789473685;0.5565567687904166;2625;2058;2125
196;miniature_schnauzer;4750;;0.4471578947368421;0.7362218370883882;0.4471578947368421;0.556385068762279;2124;761;2626
721;pillow;4750;;0.43115789473684213;0.7840735068912711;0.43115789473684213;0.556370551480576;2048;564;2702
436;beach_wagon;4750;;0.5349473684210526;0.5768444948921679;0.5349473684210526;0.5551064991807754;2541;1864;2209
894;wardrobe;4750;;0.5797894736842105;0.5317628885885306;0.5797894736842105;0.5547386443750628;2754;2425;1996
844;switch;4750;;0.5652631578947368;0.5429726996966633;0.5652631578947368;0.5538937596699328;2685;2260;2065
601;hoopskirt;4750;;0.6669473684210526;0.47325963549447264;0.6669473684210526;0.553652569031807;3168;3526;1582
231;collie;4750;;0.5242105263157895;0.5854690806489536;0.5242105263157895;0.5531489503498833;2490;1763;2260
698;palace;4750;;0.6176842105263158;0.5001704739174906;0.6176842105263158;0.552750565184627;2934;2932;1816
830;stretcher;4750;;0.6018947368421053;0.5101713062098501;0.6018947368421053;0.5522503380336101;2859;2745;1891
241;EntleBucher;4750;;0.6505263157894737;0.4795902529877386;0.6505263157894737;0.5521307960332351;3090;3353;1660
422;barbell;4750;;0.5305263157894737;0.5741626794258373;0.5305263157894737;0.5514826567458146;2520;1869;2230
696;paintbrush;4750;;0.6210526315789474;0.49438578850343556;0.6210526315789474;0.5505271997760568;2950;3017;1800
166;Walker_hound;4750;;0.5168421052631579;0.5885878686166387;0.5168421052631579;0.5503867279452975;2455;1716;2295
788;shoe_shop;4750;;0.6071578947368421;0.5033158813263525;0.6071578947368421;0.5503816793893129;2884;2846;1866
277;red_fox;4750;;0.5730526315789474;0.5292630760256659;0.5730526315789474;0.5502880824825634;2722;2421;2028
636;mailbag;4750;;0.576;0.526660250240616;0.576;0.5502262443438914;2736;2459;2014
926;hot_pot;4750;;0.6844210526315789;0.45944036178632;0.6844210526315789;0.5498055132758329;3251;3825;1499
459;brassiere;4750;;0.6143157894736843;0.4974428912376406;0.6143157894736843;0.5497362471740769;2918;2948;1832
797;sleeping_bag;4750;;0.5098947368421053;0.5950859950859951;0.5098947368421053;0.5492063492063493;2422;1648;2328
910;wooden_spoon;4750;;0.46231578947368424;0.6730003064664419;0.46231578947368424;0.5481093223511795;2196;1067;2554
751;racer;4750;;0.6785263157894736;0.4587900355871886;0.6785263157894736;0.5474309978768578;3223;3802;1527
345;ox;4750;;0.48757894736842106;0.6235864297253635;0.48757894736842106;0.5472589792060492;2316;1398;2434
878;typewriter_keyboard;4750;;0.4730526315789474;0.6488593704880161;0.4730526315789474;0.5471812979422866;2247;1216;2503
862;torch;4750;;0.7077894736842105;0.44565217391304346;0.7077894736842105;0.5469334634781193;3362;4182;1388
406;altar;4750;;0.5917894736842105;0.5063040345821326;0.5917894736842105;0.545719277810134;2811;2741;1939
186;Norwich_terrier;4750;;0.6271578947368421;0.48235103626943004;0.6271578947368421;0.5453047775947282;2979;3197;1771
643;mask;4750;;0.5178947368421053;0.5751695113397242;0.5178947368421053;0.5450315719508143;2460;1817;2290
892;wall_clock;4750;;0.5421052631578948;0.5475228577503721;0.5421052631578948;0.5448005924045278;2575;2128;2175
998;ear;4750;;0.6031578947368421;0.4965337954939341;0.6031578947368421;0.5446768060836502;2865;2905;1885
740;power_drill;4750;;0.4202105263157895;0.7694680030840401;0.4202105263157895;0.5435729847494554;1996;598;2754
817;sports_car;4750;;0.5713684210526315;0.5178401068498378;0.5713684210526315;0.5432889600640576;2714;2527;2036
246;Great_Dane;4750;;0.49073684210526314;0.6065573770491803;0.49073684210526314;0.542534621203305;2331;1512;2419
675;moving_van;4750;;0.47010526315789475;0.6409299655568312;0.47010526315789475;0.5423852319650231;2233;1251;2517
233;Bouvier_des_Flandres;4750;;0.5858947368421052;0.5018935978358882;0.5858947368421052;0.5406508013598833;2783;2762;1967
257;Great_Pyrenees;4750;;0.47978947368421054;0.6191252377071448;0.47978947368421054;0.5406238880322619;2279;1402;2471
185;Norfolk_terrier;4750;;0.5008421052631579;0.5868278243709916;0.5008421052631579;0.540436165379373;2379;1675;2371
578;gown;4750;;0.46442105263157896;0.6461628588166374;0.46442105263157896;0.5404213620774131;2206;1208;2544
62;rock_python;4750;;0.5292631578947369;0.5520421607378129;0.5292631578947369;0.5404127257093724;2514;2040;2236
587;hammer;4750;;0.4766315789473684;0.623519691545029;0.4766315789473684;0.540269657558764;2264;1367;2486
976;promontory;4750;;0.4985263157894737;0.5887618100447538;0.4985263157894737;0.5398996808025536;2368;1654;2382
103;platypus;4750;;0.6583157894736842;0.45463797615585927;0.6583157894736842;0.5378396972824218;3127;3751;1623
996;hen-of-the-woods;4750;;0.764421052631579;0.41478181402787295;0.764421052631579;0.5377665876777251;3631;5123;1119
856;thresher;4750;;0.5410526315789473;0.5343035343035343;0.5410526315789473;0.5376569037656903;2570;2240;2180
272;coyote;4750;;0.5442105263157895;0.5309098377490244;0.5442105263157895;0.5374779083064768;2585;2284;2165
651;microwave;4750;;0.48736842105263156;0.598810139679255;0.48736842105263156;0.537372330547818;2315;1551;2435
811;space_heater;4750;;0.4726315789473684;0.6217114372749931;0.4726315789473684;0.5370171032173185;2245;1366;2505
187;Yorkshire_terrier;4750;;0.5301052631578947;0.5439619788291208;0.5301052631578947;0.536944237125493;2518;2111;2232
843;swing;4750;;0.7503157894736842;0.41786844882166724;0.7503157894736842;0.5367874086904134;3564;4965;1186
735;poncho;4750;;0.5888421052631579;0.4896708683473389;0.5888421052631579;0.5346969986618237;2797;2915;1953
464;buckle;4750;;0.4926315789473684;0.5836867049139436;0.4926315789473684;0.5343075693572327;2340;1669;2410
281;tabby;4750;;0.6376842105263157;0.4568627450980392;0.6376842105263157;0.5323374340949033;3029;3601;1721
463;bucket;4750;;0.48757894736842106;0.5852918877937832;0.48757894736842106;0.5319857585850465;2316;1641;2434
380;titi;4750;;0.5882105263157895;0.485406532314107;0.5882105263157895;0.5318865410241768;2794;2962;1956
845;syringe;4750;;0.48926315789473684;0.581;0.48926315789473684;0.5312;2324;1676;2426
624;library;4750;;0.5221052631578947;0.5397170837867247;0.5221052631578947;0.530765115034778;2480;2115;2270
839;suspension_bridge;4750;;0.4229473684210526;0.7108987968860581;0.4229473684210526;0.5303590285110876;2009;817;2741
519;crate;4750;;0.4686315789473684;0.607532751091703;0.4686315789473684;0.5291181364392677;2226;1438;2524
508;computer_keyboard;4750;;0.5336842105263158;0.5243019648397105;0.5336842105263158;0.5289514866979655;2535;2300;2215
411;apron;4750;;0.436;0.6721843557286595;0.436;0.5289235091303793;2071;1010;2679
904;window_screen;4750;;0.5671578947368421;0.49522058823529413;0.5671578947368421;0.5287536800785083;2694;2746;2056
925;consomme;4750;;0.7214736842105263;0.4159990288905074;0.7214736842105263;0.5277178934400986;3427;4811;1323
124;crayfish;4750;;0.43705263157894736;0.6607256524506684;0.43705263157894736;0.5261023821591485;2076;1066;2674
445;bikini;4750;;0.547578947368421;0.5050485436893204;0.547578947368421;0.5254545454545455;2601;2549;2149
523;crutch;4750;;0.4943157894736842;0.5606494746895893;0.4943157894736842;0.5253971805773103;2348;1840;2402
197;giant_schnauzer;4750;;0.4530526315789474;0.6217856110950593;0.4530526315789474;0.5241748873462428;2152;1309;2598
222;kuvasz;4750;;0.5172631578947369;0.5298684494285099;0.5172631578947369;0.5234899328859062;2457;2180;2293
591;handkerchief;4750;;0.5562105263157895;0.4921758569299553;0.5562105263157895;0.5222375963629177;2642;2726;2108
556;fire_screen;4750;;0.5170526315789473;0.5272649205667669;0.5170526315789473;0.5221088435374149;2456;2202;2294
230;Shetland_sheepdog;4750;;0.47726315789473683;0.5724747474747475;0.47726315789473683;0.5205510907003444;2267;1693;2483
489;chainlink_fence;4750;;0.4749473684210526;0.5743380855397149;0.4749473684210526;0.5199354690020742;2256;1672;2494
743;prison;4750;;0.6882105263157895;0.417070681296249;0.6882105263157895;0.5193835398792501;3269;4569;1481
977;sandbar;4750;;0.43473684210526314;0.641702921068987;0.43473684210526314;0.5183232931726907;2065;1153;2685
34;leatherback_turtle;4750;;0.5616842105263158;0.47625847911460195;0.5616842105263158;0.5154559505409582;2668;2934;2082
505;coffeepot;4750;;0.5271578947368422;0.5041272397825649;0.5271578947368422;0.5153854070186271;2504;2463;2246
700;paper_towel;4750;;0.4496842105263158;0.6013513513513513;0.4496842105263158;0.51457480125271;2136;1416;2614
705;passenger_car;4750;;0.45494736842105266;0.5917305585980285;0.45494736842105266;0.5144013330159486;2161;1491;2589
804;soap_dispenser;4750;;0.45010526315789473;0.5970399329796147;0.45010526315789473;0.5132637138398752;2138;1443;2612
250;Siberian_husky;4750;;0.5614736842105263;0.47178489297718024;0.5614736842105263;0.5127367105642604;2667;2986;2083
834;suit;4750;;0.5416842105263158;0.4856549641374103;0.5416842105263158;0.5121417197452229;2573;2725;2177
631;lotion;4750;;0.4884210526315789;0.5321100917431193;0.4884210526315789;0.509330406147091;2320;2040;2430
542;drumstick;4750;;0.4896842105263158;0.5294787161393125;0.4896842105263158;0.5088045499289073;2326;2067;2424
598;home_theater;4750;;0.46021052631578946;0.5672029060716139;0.46021052631578946;0.5081357508135751;2186;1668;2564
67;diamondback;4750;;0.38905263157894737;0.7301461872777558;0.38905263157894737;0.5076225793160279;1848;683;2902
750;quilt;4750;;0.4663157894736842;0.5566725307866298;0.4663157894736842;0.5075037232214457;2215;1764;2535
712;Petri_dish;4750;;0.6450526315789473;0.41743869209809265;0.6450526315789473;0.5068651778329197;3064;4276;1686
509;confectionery;4750;;0.46757894736842104;0.5513902681231381;0.46757894736842104;0.5060378218272955;2221;1807;2529
151;Chihuahua;4750;;0.5372631578947369;0.47772369898914263;0.5372631578947369;0.5057471264367817;2552;2790;2198
552;feather_boa;4750;;0.6486315789473684;0.4141685710444952;0.6486315789473684;0.5055377799655427;3081;4358;1669
201;silky_terrier;4750;;0.3797894736842105;0.7538654408692018;0.3797894736842105;0.505109897802044;1804;589;2946
446;binder;4750;;0.4650526315789474;0.5526644983737803;0.4650526315789474;0.5050874585572196;2209;1788;2541
163;bloodhound;4750;;0.4065263157894737;0.6601709401709401;0.4065263157894737;0.5031921824104234;1931;994;2819
851;television;4750;;0.6429473684210526;0.41197895588830435;0.6429473684210526;0.5021787387979939;3054;4359;1696
691;oxygen_mask;4750;;0.500421052631579;0.5037084127993219;0.500421052631579;0.5020593515682754;2377;2342;2373
655;miniskirt;4750;;0.5065263157894737;0.4973129392310872;0.5065263157894737;0.5018773466833543;2406;2432;2344
438;beaker;4750;;0.5153684210526316;0.48687350835322196;0.5153684210526316;0.5007158928206177;2448;2580;2302
960;chocolate_sauce;4750;;0.45852631578947367;0.549029493319889;0.45852631578947367;0.4997132040839739;2178;1789;2572
412;ashcan;4750;;0.4922105263157895;0.5057322085226044;0.4922105263157895;0.4988797610156834;2338;2285;2412
543;dumbbell;4750;;0.5037894736842106;0.4908717948717949;0.5037894736842106;0.49724675324675327;2393;2482;2357
656;minivan;4750;;0.4094736842105263;0.6312885426809477;0.4094736842105263;0.4967437108926063;1945;1136;2805
348;ram;4750;;0.35347368421052633;0.8349080059671805;0.35347368421052633;0.49667208992752554;1679;332;3071
54;hognose_snake;4750;;0.38821052631578945;0.6817005545286506;0.38821052631578945;0.4947015425888665;1844;861;2906
312;cricket;4750;;0.43136842105263157;0.5793044953350297;0.43136842105263157;0.49450947266803424;2049;1488;2701
883;vase;4750;;0.4612631578947368;0.5327011913445174;0.4612631578947368;0.4944149836398511;2191;1922;2559
278;kit_fox;4750;;0.42905263157894735;0.5811234673510123;0.42905263157894735;0.4936417585079326;2038;1469;2712
534;dishwasher;4750;;0.3989473684210526;0.6469784909525436;0.3989473684210526;0.49355384815731207;1895;1034;2855
824;stole;4750;;0.5532631578947368;0.44391891891891894;0.5532631578947368;0.49259606373008435;2628;3292;2122
841;sweatshirt;4750;;0.38;0.6977193660610747;0.38;0.49202671391576935;1805;782;2945
639;maillot;4750;;0.6210526315789474;0.4058888277380297;0.6210526315789474;0.49093027125977695;2950;4318;1800
582;grocery_store;4750;;0.5938947368421053;0.4179259259259259;0.5938947368421053;0.49060869565217385;2821;3929;1929
764;rifle;4750;;0.40989473684210526;0.6082474226804123;0.40989473684210526;0.4897497170167275;1947;1254;2803
35;mud_turtle;4750;;0.4633684210526316;0.5189813723178496;0.4633684210526316;0.489600711822934;2201;2040;2549
787;shield;4750;;0.4610526315789474;0.5216769890424011;0.4610526315789474;0.48949485918641034;2190;2008;2560
479;car_wheel;4750;;0.36757894736842106;0.7317686504610227;0.36757894736842106;0.4893497757847533;1746;640;3004
648;medicine_chest;4750;;0.41978947368421055;0.5844079718640094;0.41978947368421055;0.48860573388875284;1994;1418;2756
767;rubber_eraser;4750;;0.49894736842105264;0.47849788007268323;0.49894736842105264;0.4885087086468103;2370;2583;2380
180;American_Staffordshire_terrier;4750;;0.432;0.561115668580804;0.432;0.48816462471749733;2052;1605;2698
928;ice_cream;4750;;0.36378947368421055;0.7413127413127413;0.36378947368421055;0.48806665725180065;1728;603;3022
184;Irish_terrier;4750;;0.48126315789473684;0.49066323245331617;0.48126315789473684;0.48591773833563606;2286;2373;2464
167;English_foxhound;4750;;0.43136842105263157;0.5540832882639265;0.43136842105263157;0.4850852272727273;2049;1649;2701
26;common_newt;4750;;0.5886315789473684;0.41238938053097346;0.5886315789473684;0.48499566348655676;2796;3984;1954
905;window_shade;4750;;0.5052631578947369;0.4655674102812803;0.5052631578947369;0.4846037354871277;2400;2755;2350
650;microphone;4750;;0.45621052631578946;0.516690510252742;0.45621052631578946;0.48457066189624326;2167;2027;2583
972;cliff;4750;;0.5427368421052632;0.437468182589513;0.5427368421052632;0.484449873156065;2578;3315;2172
36;terrapin;4750;;0.5088421052631579;0.4603809523809524;0.5088421052631579;0.4834;2417;2833;2333
226;briard;4750;;0.41578947368421054;0.570974270020237;0.41578947368421054;0.48117919356803507;1975;1484;2775
499;cleaver;4750;;0.38463157894736844;0.6385879063264592;0.38463157894736844;0.48009459992116676;1827;1034;2923
119;rock_crab;4750;;0.4690526315789474;0.48881088196577444;0.4690526315789474;0.47872797593467986;2228;2330;2522
663;monastery;4750;;0.5437894736842105;0.4274367036240278;0.5437894736842105;0.4786435652737886;2583;3460;2167
58;water_snake;4750;;0.45410526315789473;0.5037365716954694;0.45410526315789473;0.47763507528786536;2157;2125;2593
460;breakwater;4750;;0.36;0.7060280759702725;0.36;0.4768544339096486;1710;712;3040
879;umbrella;4750;;0.5648421052631579;0.4123885644020904;0.5648421052631579;0.47672352523098793;2683;3823;2067
567;frying_pan;4750;;0.4338947368421053;0.526840490797546;0.4338947368421053;0.4758716231817133;2061;1851;2689
706;patio;4750;;0.3585263157894737;0.7037190082644628;0.3585263157894737;0.4750348675034868;1703;717;3047
742;printer;4750;;0.3494736842105263;0.7211120764552563;0.3494736842105263;0.4707884288145207;1660;642;3090
865;toyshop;4750;;0.6646315789473685;0.3603469923524712;0.6646315789473685;0.4673229220635039;3157;5604;1593
819;stage;4750;;0.46673684210526317;0.46536523929471035;0.46673684210526317;0.4660500315324785;2217;2547;2533
493;chiffonier;4750;;0.34042105263157896;0.7370100273473108;0.34042105263157896;0.46572580645161293;1617;577;3133
526;desk;4750;;0.5126315789473684;0.4264448336252189;0.5126315789473684;0.4655831739961759;2435;3275;2315
434;bath_towel;4750;;0.35936842105263156;0.6595826893353941;0.35936842105263156;0.4652493867538838;1707;881;3043
907;wine_bottle;4750;;0.40442105263157896;0.5469817767653758;0.40442105263157896;0.4650205761316873;1921;1591;2829
66;horned_viper;4750;;0.5578947368421052;0.39742051589682065;0.5578947368421052;0.4641793659134699;2650;4018;2100
718;pier;4750;;0.4511578947368421;0.4773891735353085;0.4511578947368421;0.46390301980733845;2143;2346;2607
111;nematode;4750;;0.8856842105263157;0.31365093565943486;0.8856842105263157;0.46324946319440613;4207;9206;543
622;lens_cap;4750;;0.3389473684210526;0.7291666666666666;0.3389473684210526;0.46277665995975853;1610;598;3140
599;honeycomb;4750;;0.6037894736842105;0.37387563551036374;0.6037894736842105;0.4617985669430803;2868;4803;1882
980;volcano;4750;;0.6749473684210526;0.3484403869144658;0.6749473684210526;0.45960863020572007;3206;5995;1544
970;alp;4750;;0.47157894736842104;0.4480896179235847;0.47157894736842104;0.45953431121140625;2240;2759;2510
6;stingray;4750;;0.40357894736842104;0.5325;0.40357894736842104;0.45916167664670654;1917;1683;2833
813;spatula;4750;;0.3762105263157895;0.5889914304548451;0.3762105263157895;0.4591469681397739;1787;1247;2963
170;Irish_wolfhound;4750;;0.3776842105263158;0.5828460038986355;0.3776842105263158;0.4583546244251405;1794;1284;2956
478;carton;4750;;0.37957894736842107;0.576038338658147;0.37957894736842107;0.4576142131979696;1803;1327;2947
747;punching_bag;4750;;0.5745263157894737;0.3781873614190687;0.5745263157894737;0.45612568945345144;2729;4487;2021
470;candle;4750;;0.5631578947368421;0.3827990841442473;0.5631578947368421;0.4557846311126257;2675;4313;2075
741;prayer_rug;4750;;0.6884210526315789;0.34048313202832153;0.6884210526315789;0.45562212623658904;3270;6334;1480
200;Tibetan_terrier;4750;;0.3974736842105263;0.5319808396731474;0.3974736842105263;0.454994577659959;1888;1661;2862
202;soft-coated_wheaten_terrier;4750;;0.4187368421052632;0.49725;0.4187368421052632;0.45462857142857144;1989;2011;2761
969;eggnog;4750;;0.5263157894736842;0.39789909279006846;0.5263157894736842;0.4531858968548899;2500;3783;2250
469;caldron;4750;;0.5482105263157895;0.3856063971568192;0.5482105263157895;0.45275145614187606;2604;4149;2146
893;wallet;4750;;0.4298947368421053;0.47554727526781554;0.4298947368421053;0.4515701017249005;2042;2252;2708
32;tailed_frog;4750;;0.5113684210526316;0.3988505747126437;0.5113684210526316;0.4481549815498155;2429;3661;2321
731;plunger;4750;;0.44526315789473686;0.45076726342711;0.44526315789473686;0.4479983054437619;2115;2577;2635
917;comic_book;4750;;0.5951578947368421;0.3580293819655522;0.5951578947368421;0.44709789656808474;2827;5069;1923
189;Lakeland_terrier;4750;;0.5147368421052632;0.39403706688154716;0.5147368421052632;0.44637151985394796;2445;3760;2305
504;coffee_mug;4750;;0.42926315789473685;0.4646763901549681;0.42926315789473685;0.4462683300503392;2039;2349;2711
497;church;4750;;0.3911578947368421;0.5161111111111111;0.3911578947368421;0.4450299401197605;1858;1742;2892
204;Lhasa;4750;;0.3446315789473684;0.6267228177641654;0.3446315789473684;0.4447161097527845;1637;975;3113
633;loupe;4750;;0.4054736842105263;0.492205468949655;0.4054736842105263;0.4446496594713148;1926;1987;2824
558;flute;4750;;0.40442105263157896;0.48339204831404126;0.40442105263157896;0.44039431453461714;1921;2053;2829
619;lampshade;4750;;0.3932631578947368;0.49747003994673766;0.3932631578947368;0.4392710170487948;1868;1887;2882
193;Australian_terrier;4750;;0.4145263157894737;0.4623150974407138;0.4145263157894737;0.4371184371184371;1969;2290;2781
898;water_bottle;4750;;0.42378947368421055;0.4428068631764188;0.42378947368421055;0.43308950086058523;2013;2533;2737
328;sea_urchin;4750;;0.7418947368421053;0.30566397779512533;0.7418947368421053;0.4329504269304011;3524;8005;1226
733;pole;4750;;0.4014736842105263;0.46797546012269936;0.4014736842105263;0.4321813031161473;1907;2168;2843
973;coral_reef;4750;;0.6376842105263157;0.3263656933520095;0.6376842105263157;0.43175824959019315;3029;6252;1721
810;space_bar;4750;;0.4305263157894737;0.4294414111717766;0.4305263157894737;0.4299831791421363;2045;2717;2705
584;hair_slide;4750;;0.5446315789473685;0.35511324639670555;0.5446315789473685;0.4299127544661404;2587;4698;2163
600;hook;4750;;0.39957894736842103;0.4642857142857143;0.39957894736842103;0.4295089386739081;1898;2190;2852
838;sunscreen;4750;;0.3530526315789474;0.5455432661027977;0.3530526315789474;0.42868098159509205;1677;1397;3073
906;Windsor_tie;4750;;0.3585263157894737;0.5323538605814317;0.3585263157894737;0.42848157000880616;1703;1496;3047
784;screwdriver;4750;;0.336;0.56575682382134;0.336;0.4216087703077533;1596;1225;3154
285;Egyptian_cat;4750;;0.3985263157894737;0.44043741275011633;0.3985263157894737;0.41843501326259946;1893;2405;2857
188;wire-haired_fox_terrier;4750;;0.6844210526315789;0.30093492548366196;0.6844210526315789;0.4180543946505497;3251;7552;1499
356;weasel;4750;;0.4109473684210526;0.42462475527517946;0.4109473684210526;0.41767412003851495;1952;2645;2798
536;dock;4750;;0.32673684210526316;0.5748148148148148;0.32673684210526316;0.41664429530201347;1552;1148;3198
55;green_snake;4750;;0.29305263157894734;0.7153134635149023;0.29305263157894734;0.41577060931899634;1392;554;3358
424;barbershop;4750;;0.3357894736842105;0.5443686006825939;0.3357894736842105;0.41536458333333337;1595;1335;3155
527;desktop_computer;4750;;0.49957894736842107;0.3498967856089649;0.49957894736842107;0.41155046826222685;2373;4409;2377
921;book_jacket;4750;;0.38252631578947366;0.4452340112717471;0.38252631578947366;0.41150492582946435;1817;2264;2933
794;shower_curtain;4750;;0.49094736842105263;0.35403066646424775;0.49094736842105263;0.41139631295757256;2332;4255;2418
868;tray;4750;;0.4368421052631579;0.38705465398246597;0.4368421052631579;0.410444070813965;2075;3286;2675
358;polecat;4750;;0.3688421052631579;0.459601259181532;0.3688421052631579;0.409250175192712;1752;2060;2998
585;hair_spray;4750;;0.4063157894736842;0.4110756123535676;0.4063157894736842;0.4086818422445738;1930;2765;2820
689;overskirt;4750;;0.35768421052631577;0.4639541234298198;0.35768421052631577;0.4039467427484546;1699;1963;3051
762;restaurant;4750;;0.41389473684210526;0.3914774990043807;0.41389473684210526;0.40237413016782647;1966;3056;2784
974;geyser;4750;;0.8218947368421052;0.26592193992234864;0.8218947368421052;0.40183212392568574;3904;10777;846
673;mouse;4750;;0.3332631578947368;0.495151704723178;0.3332631578947368;0.3983893293066566;1583;1614;3167
754;radio;4750;;0.29936842105263156;0.5883326437732727;0.29936842105263156;0.39681875261615734;1422;995;3328
73;barn_spider;4750;;0.7898947368421053;0.26212100041917;0.7898947368421053;0.3936214855224507;3752;10562;998
860;tobacco_shop;4750;;0.47557894736842105;0.3321570357300397;0.47557894736842105;0.3911349666695524;2259;4542;2491
909;wok;4750;;0.352;0.4370099320439101;0.352;0.3899253731343283;1672;2154;3078
381;spider_monkey;4750;;0.31894736842105265;0.49786395004929346;0.31894736842105265;0.38881047093545495;1515;1528;3235
461;breastplate;4750;;0.5094736842105263;0.31266149870801035;0.5094736842105263;0.38751000800640517;2420;5320;2330
454;bookshop;4750;;0.3048421052631579;0.5305972883840234;0.3048421052631579;0.38721754245219947;1448;1281;3302
623;letter_opener;4750;;0.2903157894736842;0.575542570951586;0.2903157894736842;0.3859501819199552;1379;1017;3371
485;CD_player;4750;;0.3096842105263158;0.5095254589539314;0.3096842105263158;0.38522980227838155;1471;1416;3279
524;cuirass;4750;;0.32926315789473687;0.4594594594594595;0.32926315789473687;0.3836154034829532;1564;1840;3186
692;packet;4750;;0.43242105263157893;0.3440536013400335;0.43242105263157893;0.3832089552238806;2054;3916;2696
611;jigsaw_puzzle;4750;;0.7195789473684211;0.2605182926829268;0.7195789473684211;0.3825405707890319;3418;9702;1332
238;Greater_Swiss_Mountain_dog;4750;;0.3153684210526316;0.48573281452658884;0.3153684210526316;0.3824355374010723;1498;1586;3252
947;mushroom;4750;;0.3223157894736842;0.464502427184466;0.3223157894736842;0.3805617698235148;1531;1765;3219
516;cradle;4750;;0.332;0.4443505212735982;0.332;0.3800457886492349;1577;1972;3173
248;Eskimo_dog;4750;;0.344;0.4155645981688708;0.344;0.37641096521538814;1634;2298;3116
677;nail;4750;;0.4829473684210526;0.30697176502074136;0.4829473684210526;0.37535793176797844;2294;5179;2456
968;cup;4750;;0.34589473684210525;0.4100324432243574;0.34589473684210525;0.37524266301244713;1643;2364;3107
923;plate;4750;;0.42673684210526314;0.3312091503267974;0.42673684210526314;0.3729530818767249;2027;4093;2723
414;backpack;4750;;0.25726315789473686;0.667394866193337;0.25726315789473686;0.37137213189484886;1222;609;3528
987;corn;4750;;0.3122105263157895;0.45393327211509027;0.3122105263157895;0.36996382686790574;1483;1784;3267
748;purse;4750;;0.3044210526315789;0.47147049233778937;0.3044210526315789;0.36996290136881155;1446;1621;3304
975;lakeside;4750;;0.5296842105263158;0.28052179730181737;0.5296842105263158;0.3667905824039653;2516;6453;2234
265;toy_poodle;4750;;0.4145263157894737;0.3266423357664234;0.4145263157894737;0.3653739098162925;1969;4059;2781
725;pitcher;4750;;0.28968421052631577;0.49002849002849;0.28968421052631577;0.3641174913998412;1376;1432;3374
999;toilet_tissue;4750;;0.26652631578947367;0.5723327305605787;0.26652631578947367;0.36368859523125535;1266;946;3484
961;dough;4750;;0.25894736842105265;0.5530575539568345;0.25894736842105265;0.35273874390593635;1230;994;3520
978;seashore;4750;;0.40357894736842104;0.3105962410887881;0.40357894736842104;0.35103460904596223;1917;4255;2833
501;cloak;4750;;0.3416842105263158;0.3567032967032967;0.3416842105263158;0.34903225806451615;1623;2927;3127
911;wool;4750;;0.40821052631578947;0.2955342173449169;0.40821052631578947;0.34285209088497925;1939;4622;2811
836;sunglass;4750;;0.33978947368421053;0.33993260320134794;0.33978947368421053;0.33986102337334173;1614;3134;3136
848;tape_player;4750;;0.40589473684210525;0.28643589362650423;0.40589473684210525;0.335859245710304;1928;4803;2822
799;sliding_door;4750;;0.2772631578947368;0.4232005141388175;0.2772631578947368;0.3350292546425846;1317;1795;3433
415;bakery;4750;;0.25663157894736843;0.47358197358197357;0.25663157894736843;0.3328782086291644;1219;1355;3531
46;green_lizard;4750;;0.2635789473684211;0.4484240687679083;0.2635789473684211;0.3320074250861841;1252;1540;3498
77;wolf_spider;4750;;0.22189473684210526;0.6462293071735132;0.22189473684210526;0.33035574361385367;1054;577;3696
549;envelope;4750;;0.3134736842105263;0.34692451071761415;0.3134736842105263;0.32935191329351915;1489;2803;3261
539;doormat;4750;;0.3957894736842105;0.2774907749077491;0.3957894736842105;0.3262472885032538;1880;4895;2870
482;cassette_player;4750;;0.2831578947368421;0.3744432071269488;0.2831578947368421;0.32246463677775117;1345;2247;3405
435;bathtub;4750;;0.2694736842105263;0.36845135290731146;0.2694736842105263;0.31128404669260695;1280;2194;3470
562;fountain;4750;;0.7189473684210527;0.19863890181479757;0.7189473684210527;0.31127518002005283;3415;13777;1335
818;spotlight;4750;;0.3425263157894737;0.2714381047714381;0.3425263157894737;0.3028667163067758;1627;4367;3123
266;miniature_poodle;4750;;0.2608421052631579;0.34950634696755994;0.2608421052631579;0.29873417721518986;1239;2306;3511
60;night_snake;4750;;0.2191578947368421;0.45300261096605743;0.2191578947368421;0.29540295119182747;1041;1257;3709
744;projectile;4750;;0.32821052631578945;0.26750171585449556;0.32821052631578945;0.2947627150690112;1559;4269;3191
618;ladle;4750;;0.22778947368421051;0.41031475161167996;0.22778947368421051;0.29294706917557867;1082;1555;3668
657;missile;4750;;0.27642105263157896;0.30850563909774437;0.27642105263157896;0.2915833888518765;1313;2943;3437
782;screen;4750;;0.2423157894736842;0.36217747010698553;0.2423157894736842;0.2903632694248234;1151;2027;3599
899;water_jug;4750;;0.24526315789473685;0.34559477899733015;0.24526315789473685;0.2869104790050486;1165;2206;3585
876;tub;4750;;0.2501052631578947;0.3342712436691052;0.2501052631578947;0.28612716763005774;1188;2366;3562
620;laptop;4750;;0.28378947368421054;0.28236279849183077;0.28378947368421054;0.2830743385132298;1348;3426;3402
809;soup_bowl;4750;;0.17852631578947367;0.6267553584626755;0.17852631578947367;0.27789611666393577;848;505;3902
488;chain;4750;;0.3703157894736842;0.21527352833190552;0.3703157894736842;0.2722699481464283;1759;6412;2991
728;plastic_bag;4750;;0.32;0.23348694316436253;0.32;0.2699822380106572;1520;4990;3230
240;Appenzeller;4750;;0.2065263157894737;0.3051321928460342;0.2065263157894737;0.24632768361581922;981;2234;3769
68;sidewinder;4750;;0.24694736842105264;0.2383661857346068;0.24694736842105264;0.2425809120049633;1173;3748;3577
681;notebook;4750;;0.232;0.23673469387755103;0.232;0.23434343434343435;1102;3553;3648
837;sunglasses;4750;;0.15810526315789475;0.4103825136612022;0.15810526315789475;0.2282674772036474;751;1079;3999
664;monitor;4750;;0.13957894736842105;0.2861458782908934;0.13957894736842105;0.1876326588368473;663;1654;4087
282;tiger_cat;4750;;0.10947368421052632;0.5526036131774708;0.10947368421052632;0.18274468458970305;520;421;4230
885;velvet;4750;;0.18336842105263157;0.09004445363382611;0.18336842105263157;0.12077931082299107;871;8802;3879
74;garden_spider;4750;;0.06736842105263158;0.5;0.06736842105263158;0.11873840445269018;320;320;4430
638;maillot;4750;;0.027578947368421054;0.11644444444444445;0.027578947368421054;0.04459574468085107;131;994;4619
