class_idx;class_label;support;base_accuracy;overall_accuracy;precision;recall;f1;tp;fp;fn
986;yellow_lady's_slipper;4750;;0.9770526315789474;0.9250548136336456;0.9770526315789474;0.9503429917067677;4641;376;109
90;lorikeet;4750;;0.9574736842105264;0.9202751922298664;0.9574736842105264;0.9385059843169625;4548;394;202
376;proboscis_monkey;4750;;0.9174736842105263;0.951528384279476;0.9174736842105263;0.9341907824222937;4358;222;392
129;spoonbill;4750;;0.9;0.9615384615384616;0.9;0.9297520661157025;4275;171;475
255;Leonberg;4750;;0.9033684210526316;0.9510195035460993;0.9033684210526316;0.9265817318073851;4291;221;459
100;black_swan;4750;;0.9096842105263158;0.9428322059786166;0.9096842105263158;0.925961641487196;4321;262;429
139;ruddy_turnstone;4750;;0.8882105263157895;0.9667736021998167;0.8882105263157895;0.9258283958744788;4219;145;531
88;macaw;4750;;0.9008421052631579;0.9466814159292035;0.9008421052631579;0.9231930960086299;4279;241;471
130;flamingo;4750;;0.8873684210526316;0.9594809924880492;0.8873684210526316;0.9220168434868204;4215;178;535
136;European_gallinule;4750;;0.8663157894736843;0.9837437245995697;0.8663157894736843;0.9213030336952871;4115;68;635
135;limpkin;4750;;0.8861052631578947;0.9561562925942754;0.8861052631578947;0.919798951048951;4209;193;541
607;jack-o'-lantern;4750;;0.924;0.9094488188976378;0.924;0.9166666666666667;4389;437;361
339;sorrel;4750;;0.9267368421052632;0.9039014373716633;0.9267368421052632;0.9151767151767152;4402;468;348
0;tench;4750;;0.8888421052631579;0.9430422157694885;0.8888421052631579;0.9151403489758319;4222;255;528
387;lesser_panda;4750;;0.8970526315789473;0.9293347873500545;0.8970526315789473;0.9129084092126406;4261;324;489
96;toucan;4750;;0.8541052631578947;0.9715038314176245;0.8541052631578947;0.9090298005825678;4057;119;693
576;gondola;4750;;0.8781052631578947;0.9419602529358627;0.8781052631578947;0.9089126171279145;4171;257;579
9;ostrich;4750;;0.8814736842105263;0.9375279892521272;0.8814736842105263;0.9086371527777778;4187;279;563
15;robin;4750;;0.8587368421052631;0.959764705882353;0.8587368421052631;0.9064444444444445;4079;171;671
351;hartebeest;4750;;0.8833684210526316;0.9285240097366674;0.8833684210526316;0.9053835365195814;4196;323;554
625;lifeboat;4750;;0.8957894736842106;0.8967334035827187;0.8957894736842106;0.8962611901000527;4255;490;495
11;goldfinch;4750;;0.8282105263157895;0.9764209481260859;0.8282105263157895;0.8962296389110378;3934;95;816
340;zebra;4750;;0.9077894736842105;0.8843314191960624;0.9077894736842105;0.895906918761687;4312;564;438
14;indigo_bunting;4750;;0.8903157894736842;0.8990221088435374;0.8903157894736842;0.8946477681404695;4229;475;521
388;giant_panda;4750;;0.8654736842105263;0.924859392575928;0.8654736842105263;0.8941816204458944;4111;334;639
900;water_tower;4750;;0.8275789473684211;0.9710968379446641;0.8275789473684211;0.8936121845874063;3931;117;819
19;chickadee;4750;;0.8242105263157895;0.9738805970149254;0.8242105263157895;0.8928164196123146;3915;105;835
275;African_hunting_dog;4750;;0.9101052631578948;0.873862947240752;0.9101052631578948;0.8916159637001134;4323;624;427
143;oystercatcher;4750;;0.8117894736842105;0.9809208852709235;0.8117894736842105;0.8883769151019467;3856;75;894
91;coucal;4750;;0.8402105263157895;0.9423848878394333;0.8402105263157895;0.8883695047301058;3991;244;759
84;peacock;4750;;0.840421052631579;0.9410655351249411;0.840421052631579;0.8879003558718862;3992;250;758
87;African_grey;4750;;0.8309473684210527;0.9522316043425815;0.8309473684210527;0.8874648679033166;3947;198;803
145;king_penguin;4750;;0.8616842105263158;0.9111754229741763;0.8616842105263158;0.8857390175286736;4093;399;657
321;admiral;4750;;0.8058947368421052;0.9795291709314228;0.8058947368421052;0.8842688842688842;3828;80;922
24;great_grey_owl;4750;;0.8301052631578948;0.9408255786208543;0.8301052631578948;0.8820042500838833;3943;248;807
92;bee_eater;4750;;0.8496842105263158;0.9079865016872891;0.8496842105263158;0.877868406742795;4036;409;714
323;monarch;4750;;0.9016842105263158;0.8519992042967973;0.9016842105263158;0.8761378746036617;4283;744;467
984;rapeseed;4750;;0.9284210526315789;0.828480180349427;0.9284210526315789;0.8756080611535789;4410;913;340
560;football_helmet;4750;;0.8185263157894737;0.9402660217654172;0.8185263157894737;0.8751828925154754;3888;247;862
25;European_fire_salamander;4750;;0.8549473684210527;0.8946904604538445;0.8549473684210527;0.8743675314888578;4061;478;689
284;Siamese_cat;4750;;0.9037894736842105;0.8452451269935026;0.9037894736842105;0.8735374910977718;4293;786;457
247;Saint_Bernard;4750;;0.8473684210526315;0.9010521602865458;0.8473684210526315;0.8733861343170228;4025;442;725
291;lion;4750;;0.879578947368421;0.866265809662036;0.879578947368421;0.872871618092552;4178;645;572
915;yurt;4750;;0.8387368421052631;0.9066909421939008;0.8387368421052631;0.8713910761154856;3984;410;766
554;fireboat;4750;;0.8461052631578947;0.8962979482604817;0.8461052631578947;0.8704786658003031;4019;465;731
995;earthstar;4750;;0.9263157894736842;0.8204363229535707;0.9263157894736842;0.8701671116384851;4400;963;350
141;redshank;4750;;0.8229473684210526;0.9228045325779037;0.8229473684210526;0.8700200311595816;3909;327;841
17;jay;4750;;0.8092631578947368;0.9400831499144044;0.8092631578947368;0.8697816495078629;3844;245;906
244;Tibetan_mastiff;4750;;0.8511578947368421;0.8858457493426819;0.8511578947368421;0.868155464891561;4043;521;707
637;mailbox;4750;;0.7829473684210526;0.971018276762402;0.7829473684210526;0.8668997668997669;3719;111;1031
407;ambulance;4750;;0.8511578947368421;0.8829438742083424;0.8511578947368421;0.8667595669417945;4043;536;707
993;gyromitra;4750;;0.8901052631578947;0.8429027113237639;0.8901052631578947;0.8658611509318043;4228;788;522
138;bustard;4750;;0.8132631578947368;0.9239416407558001;0.8132631578947368;0.8650766991378344;3863;318;887
102;echidna;4750;;0.8185263157894737;0.9171974522292994;0.8185263157894737;0.8650572922460784;3888;351;862
420;banjo;4750;;0.8117894736842105;0.9238140872065165;0.8117894736842105;0.8641864634692962;3856;318;894
325;sulphur_butterfly;4750;;0.8229473684210526;0.905909617612978;0.8229473684210526;0.862437948152234;3909;406;841
863;totem_pole;4750;;0.8054736842105263;0.9279650739752607;0.8054736842105263;0.8623915248506706;3826;297;924
13;junco;4750;;0.7612631578947369;0.9939527212754261;0.7612631578947369;0.8621840724845017;3616;22;1134
746;puck;4750;;0.8328421052631579;0.8932038834951457;0.8328421052631579;0.8619675345898247;3956;473;794
216;clumber;4750;;0.8553684210526316;0.866865799018562;0.8553684210526316;0.8610787326480872;4063;624;687
512;corkscrew;4750;;0.8195789473684211;0.9068250640577684;0.8195789473684211;0.8609974565962624;3893;400;857
727;planetarium;4750;;0.832;0.8884892086330936;0.832;0.8593172428788867;3952;496;798
763;revolver;4750;;0.8793684210526316;0.8397667872939284;0.8793684210526316;0.8591114767585356;4177;797;573
832;stupa;4750;;0.8107368421052632;0.9119109637698318;0.8107368421052632;0.8583528362866377;3851;372;899
805;soccer_ball;4750;;0.8783157894736842;0.8367428800641797;0.8783157894736842;0.857025472473295;4172;814;578
425;barn;4750;;0.8618947368421053;0.8497301784973018;0.8618947368421053;0.8557692307692308;4094;724;656
528;dial_telephone;4750;;0.7610526315789473;0.9749190938511327;0.7610526315789473;0.854812012296051;3615;93;1135
347;bison;4750;;0.7962105263157895;0.9226640644059527;0.7962105263157895;0.8547858515086452;3782;317;968
991;coral_fungus;4750;;0.8216842105263158;0.8876506709119855;0.8216842105263158;0.8533945555919974;3903;494;847
324;cabbage_butterfly;4750;;0.7932631578947369;0.9223990208078335;0.7932631578947369;0.8529711375212224;3768;317;982
736;pool_table;4750;;0.8075789473684211;0.8975198876930276;0.8075789473684211;0.850177304964539;3836;438;914
714;pick;4750;;0.8450526315789474;0.8525913338997451;0.8450526315789474;0.8488052442376823;4014;694;736
12;house_finch;4750;;0.7696842105263157;0.9451913133402275;0.7696842105263157;0.8484567184961709;3656;212;1094
604;hourglass;4750;;0.9056842105263158;0.7969618377176733;0.9056842105263158;0.8478517934568389;4302;1096;448
695;padlock;4750;;0.840842105263158;0.8541488451668092;0.840842105263158;0.8474432420963294;3994;682;756
22;bald_eagle;4750;;0.7572631578947369;0.9609938551963666;0.7572631578947369;0.8470505121865066;3597;146;1153
547;electric_locomotive;4750;;0.8027368421052632;0.8944405348346235;0.8027368421052632;0.8461111727504715;3813;450;937
137;American_coot;4750;;0.7705263157894737;0.9377401998462721;0.7705263157894737;0.8459493817173236;3660;243;1090
365;orangutan;4750;;0.844842105263158;0.846088973223698;0.844842105263158;0.8454650795322869;4013;730;737
873;triumphal_arch;4750;;0.7682105263157895;0.9385288065843621;0.7682105263157895;0.8448714980319517;3649;239;1101
396;lionfish;4750;;0.8115789473684211;0.8809414990859232;0.8115789473684211;0.8448389217619988;3855;521;895
322;ringlet;4750;;0.792;0.9051973051010587;0.792;0.8448237143498765;3762;394;988
771;safe;4750;;0.7806315789473685;0.9203276247207743;0.7806315789473685;0.8447431370315526;3708;321;1042
85;quail;4750;;0.8090526315789474;0.883448275862069;0.8090526315789474;0.8446153846153845;3843;507;907
93;hornbill;4750;;0.7654736842105263;0.9419689119170984;0.7654736842105263;0.8445993031358885;3636;224;1114
688;oscilloscope;4750;;0.884;0.8082771896053897;0.884;0.8444444444444443;4199;996;551
783;screw;4750;;0.883578947368421;0.8085147370448854;0.883578947368421;0.8443818529323006;4197;994;553
606;iron;4750;;0.7814736842105263;0.9176761433868974;0.7814736842105263;0.8441159749857874;3712;333;1038
755;radio_telescope;4750;;0.82;0.8688378318090564;0.82;0.8437127694140583;3895;588;855
948;Granny_Smith;4750;;0.8656842105263158;0.8224;0.8656842105263158;0.8434871794871794;4112;888;638
83;prairie_chicken;4750;;0.8863157894736842;0.8045098413911714;0.8863157894736842;0.8434338375237904;4210;1023;540
178;Weimaraner;4750;;0.8395789473684211;0.8441998306519899;0.8395789473684211;0.8418830483428331;3988;736;762
89;sulphur-crested_cockatoo;4750;;0.7545263157894737;0.9494039735099338;0.7545263157894737;0.8408211143695015;3584;191;1166
430;basketball;4750;;0.783157894736842;0.9062119366626066;0.783157894736842;0.8402032749858838;3720;385;1030
874;trolleybus;4750;;0.8237894736842105;0.8571741511500548;0.8237894736842105;0.840150295222759;3913;652;837
990;buckeye;4750;;0.8088421052631579;0.8729834128607135;0.8088421052631579;0.8396896514042181;3842;559;908
294;brown_bear;4750;;0.8707368421052631;0.8105036253184401;0.8707368421052631;0.8395412564701106;4136;967;614
253;basenji;4750;;0.7848421052631579;0.9013539651837524;0.7848421052631579;0.8390726986270538;3728;408;1022
829;streetcar;4750;;0.8185263157894737;0.8590366769774636;0.8185263157894737;0.8382923673997413;3888;638;862
333;hamster;4750;;0.8223157894736842;0.8548916611950098;0.8223157894736842;0.8382873698894732;3906;663;844
661;Model_T;4750;;0.840842105263158;0.8346917450365726;0.840842105263158;0.8377556371263765;3994;791;756
375;colobus;4750;;0.8349473684210527;0.8398983481575604;0.8349473684210527;0.8374155405405406;3966;756;784
94;hummingbird;4750;;0.7941052631578948;0.8852382069936635;0.7941052631578948;0.8371989790256353;3772;489;978
251;dalmatian;4750;;0.7898947368421053;0.8895211000474158;0.7898947368421053;0.8367528991971455;3752;466;998
621;lawn_mower;4750;;0.7913684210526316;0.8859297666745227;0.7913684210526316;0.8359835427554766;3759;484;991
144;pelican;4750;;0.7414736842105263;0.9578460701658961;0.7414736842105263;0.8358846564613741;3522;155;1228
225;malinois;4750;;0.8423157894736842;0.8292227979274611;0.8423157894736842;0.8357180156657963;4001;824;749
355;llama;4750;;0.7818947368421053;0.8962355212355212;0.7818947368421053;0.8351697773780077;3714;430;1036
955;jackfruit;4750;;0.8338947368421052;0.8360067539046011;0.8338947368421052;0.8349494097807757;3961;777;789
142;dowitcher;4750;;0.8553684210526316;0.8153722657033915;0.8553684210526316;0.8348916058769136;4063;920;687
160;Afghan_hound;4750;;0.7545263157894737;0.9338196977592496;0.7545263157894737;0.8346530041918957;3584;254;1166
274;dhole;4750;;0.7793684210526316;0.8978898860053359;0.7793684210526316;0.8344415642961794;3702;421;1048
195;Boston_bull;4750;;0.8368421052631579;0.8315899581589958;0.8368421052631579;0.8342077649527807;3975;805;775
133;bittern;4750;;0.7446315789473684;0.9467344753747323;0.7446315789473684;0.8336082960169692;3537;199;1213
849;teapot;4750;;0.8214736842105264;0.8458703663559506;0.8214736842105264;0.8334935383958133;3902;711;848
684;ocarina;4750;;0.8294736842105264;0.8372290692732681;0.8294736842105264;0.8333333333333334;3940;766;810
473;can_opener;4750;;0.7846315789473685;0.8875922838771136;0.7846315789473685;0.8329422281819199;3727;472;1023
218;Welsh_springer_spaniel;4750;;0.8290526315789474;0.8366263012534523;0.8290526315789474;0.8328222480702125;3938;769;812
268;Mexican_hairless;4750;;0.8418947368421053;0.8226702324624563;0.8418947368421053;0.8321714701904069;3999;862;751
146;albatross;4750;;0.8231578947368421;0.8408602150537634;0.8231578947368421;0.8319148936170212;3910;740;840
363;armadillo;4750;;0.8016842105263158;0.8640798729294304;0.8016842105263158;0.8317134432674457;3808;599;942
555;fire_engine;4750;;0.7829473684210526;0.8867429661421078;0.7829473684210526;0.8316189624329159;3719;475;1031
687;organ;4750;;0.7581052631578947;0.9188568512375606;0.7581052631578947;0.8307763294497634;3601;318;1149
131;little_blue_heron;4750;;0.8002105263157895;0.863667348329925;0.8002105263157895;0.8307288820893891;3801;600;949
779;school_bus;4750;;0.8583157894736843;0.8044593528018943;0.8583157894736843;0.8305153799144429;4077;991;673
563;fountain_pen;4750;;0.7627368421052632;0.9098442993470618;0.7627368421052632;0.8298213467704992;3623;359;1127
300;tiger_beetle;4750;;0.828421052631579;0.8308699324324325;0.828421052631579;0.8296436854311616;3935;801;815
317;leafhopper;4750;;0.7688421052631579;0.900838677849038;0.7688421052631579;0.829622898682417;3652;402;1098
254;pug;4750;;0.7844210526315789;0.8796033994334278;0.7844210526315789;0.8292900066770531;3726;510;1024
890;volleyball;4750;;0.8349473684210527;0.8229923220585184;0.8349473684210527;0.8289267426063329;3966;853;784
918;crossword_puzzle;4750;;0.7597894736842106;0.9083815756355399;0.7597894736842106;0.8274676143528603;3609;364;1141
535;disk_brake;4750;;0.7814736842105263;0.8777488768030267;0.7814736842105263;0.8268181311950105;3712;517;1038
734;police_van;4750;;0.7802105263157895;0.8790322580645161;0.7802105263157895;0.8266785634619674;3706;510;1044
583;guillotine;4750;;0.7901052631578948;0.8667436489607391;0.7901052631578948;0.8266519823788547;3753;577;997
20;water_ouzel;4750;;0.763578947368421;0.9004468718967229;0.763578947368421;0.8263841421736159;3627;401;1123
16;bulbul;4750;;0.8042105263157895;0.8481349911190054;0.8042105263157895;0.8255889345148044;3820;684;930
726;plane;4750;;0.8088421052631579;0.8423591317693488;0.8088421052631579;0.8252604446353774;3842;719;908
362;badger;4750;;0.8433684210526315;0.8078241580963904;0.8433684210526315;0.8252137192295806;4006;953;744
344;hippopotamus;4750;;0.751578947368421;0.9146810146041506;0.751578947368421;0.825147347740668;3570;333;1180
71;scorpion;4750;;0.7787368421052632;0.8769559032716927;0.7787368421052632;0.8249330954504906;3699;519;1051
569;garbage_truck;4750;;0.8355789473684211;0.8144879950749025;0.8355789473684211;0.8248986802452458;3969;904;781
801;snorkel;4750;;0.8258947368421052;0.8226043195638498;0.8258947368421052;0.8242462443533983;3923;846;827
933;cheeseburger;4750;;0.7383157894736843;0.9327127659574468;0.7383157894736843;0.8242068155111633;3507;253;1243
722;ping-pong_ball;4750;;0.7698947368421053;0.8863305865244789;0.7698947368421053;0.82401982875169;3657;469;1093
886;vending_machine;4750;;0.8709473684210526;0.7814506989044201;0.8709473684210526;0.8237753882915174;4137;1157;613
350;ibex;4750;;0.8357894736842105;0.8115290269828291;0.8357894736842105;0.8234806056834681;3970;922;780
808;sombrero;4750;;0.7658947368421053;0.8888345956511117;0.7658947368421053;0.82279769309058;3638;455;1112
945;bell_pepper;4750;;0.8033684210526316;0.8429423459244533;0.8033684210526316;0.8226797456074163;3816;711;934
57;garter_snake;4750;;0.8197894736842105;0.8255246979012084;0.8197894736842105;0.822647089891201;3894;823;856
571;gas_pump;4750;;0.7248421052631578;0.9508423087544877;0.7248421052631578;0.8226018396846255;3443;178;1307
422;barbell;4750;;0.7747368421052632;0.8747325885429047;0.7747368421052632;0.821703695433739;3680;527;1070
486;cello;4750;;0.7608421052631579;0.8927865612648221;0.7608421052631579;0.8215503523528075;3614;434;1136
821;steel_arch_bridge;4750;;0.8368421052631579;0.8059610705596107;0.8368421052631579;0.8211113406321009;3975;957;775
612;jinrikisha;4750;;0.8747368421052631;0.7724484104852203;0.8747368421052631;0.8204166255306545;4155;1224;595
642;marimba;4750;;0.7949473684210526;0.8472066412385012;0.7949473684210526;0.8202454654067557;3776;681;974
707;pay-phone;4750;;0.7557894736842106;0.8954851583936144;0.7557894736842106;0.8197282794839593;3590;419;1160
261;keeshond;4750;;0.7877894736842105;0.8541428897511983;0.7877894736842105;0.8196254517577484;3742;639;1008
592;hard_disc;4750;;0.7661052631578947;0.8804742317928865;0.7661052631578947;0.8193177980412022;3639;494;1111
507;combination_lock;4750;;0.74;0.9163190823774765;0.74;0.8187747495923596;3515;321;1235
466;bullet_train;4750;;0.8627368421052631;0.7784954407294833;0.8627368421052631;0.8184541641701619;4098;1166;652
451;bolo_tie;4750;;0.8557894736842105;0.7841435185185185;0.8557894736842105;0.8184014495671431;4065;1119;685
98;red-breasted_merganser;4750;;0.8947368421052632;0.7532789790854307;0.8947368421052632;0.8179368745188607;4250;1392;500
306;rhinoceros_beetle;4750;;0.7469473684210526;0.9037187977585328;0.7469473684210526;0.8178884278469339;3548;378;1202
800;slot;4750;;0.8513684210526316;0.7860058309037901;0.8513684210526316;0.8173825164224355;4044;1101;706
716;picket_fence;4750;;0.8134736842105263;0.820730671197961;0.8134736842105263;0.8170860647071262;3864;844;886
97;drake;4750;;0.7143157894736842;0.9538937306719145;0.7143157894736842;0.8169014084507044;3393;164;1357
156;Blenheim_spaniel;4750;;0.9023157894736842;0.7457804071689578;0.9023157894736842;0.8166142707440222;4286;1461;464
678;neck_brace;4750;;0.7610526315789473;0.8806333739342266;0.7610526315789473;0.8164878599661208;3615;490;1135
401;accordion;4750;;0.7804210526315789;0.855724838411819;0.7804210526315789;0.8163400132129486;3707;625;1043
953;pineapple;4750;;0.7261052631578947;0.9271505376344086;0.7261052631578947;0.8144037780401417;3449;271;1301
545;electric_fan;4750;;0.8035789473684211;0.8252972972972973;0.8035789473684211;0.8142933333333333;3817;808;933
566;French_horn;4750;;0.7181052631578947;0.9399283549187104;0.7181052631578947;0.8141783029001074;3411;218;1339
559;folding_chair;4750;;0.724421052631579;0.9282438629619638;0.724421052631579;0.8137637460092231;3441;266;1309
609;jeep;4750;;0.7467368421052631;0.8934508816120906;0.7467368421052631;0.8135321100917431;3547;423;1203
229;Old_English_sheepdog;4750;;0.8376842105263158;0.7905821577587919;0.8376842105263158;0.8134519063681898;3979;1054;771
852;tennis_ball;4750;;0.8686315789473684;0.7642155954806445;0.8686315789473684;0.8130850330081782;4126;1273;624
719;piggy_bank;4750;;0.7705263157894737;0.8599624060150376;0.7705263157894737;0.8127914723517655;3660;596;1090
379;howler_monkey;4750;;0.8069473684210526;0.81744508423971;0.8069473684210526;0.8121623053289544;3833;856;917
448;birdhouse;4750;;0.7972631578947369;0.8266753983846322;0.7972631578947369;0.8117029257314329;3787;794;963
802;snowmobile;4750;;0.8250526315789474;0.7984922575387123;0.8250526315789474;0.8115551874094015;3919;989;831
245;French_bulldog;4750;;0.7258947368421053;0.919957310565635;0.7258947368421053;0.8114850553071311;3448;300;1302
398;abacus;4750;;0.7686315789473684;0.8588567395906845;0.7686315789473684;0.8112431952005333;3651;600;1099
732;Polaroid_camera;4750;;0.7730526315789473;0.8533581222402975;0.7730526315789473;0.8112227990721308;3672;631;1078
685;odometer;4750;;0.9406315789473684;0.7128270580727505;0.9406315789473684;0.8110364857505898;4468;1800;282
659;mixing_bowl;4750;;0.74;0.895769622833843;0.74;0.8104680654830527;3515;409;1235
260;chow;4750;;0.8553684210526316;0.7695075757575758;0.8553684210526316;0.8101694915254237;4063;1217;687
952;fig;4750;;0.7743157894736842;0.8488345257327486;0.7743157894736842;0.8098645821865023;3678;655;1072
366;gorilla;4750;;0.7837894736842105;0.8370053956834532;0.7837894736842105;0.8095238095238095;3723;725;1027
561;forklift;4750;;0.7610526315789473;0.8644189383070301;0.7610526315789473;0.809449171518137;3615;567;1135
954;banana;4750;;0.7338947368421053;0.9019404915912032;0.7338947368421053;0.8092861288450378;3486;379;1264
354;Arabian_camel;4750;;0.8536842105263158;0.7690119476578797;0.8536842105263158;0.809138980345206;4055;1218;695
594;harp;4750;;0.8389473684210527;0.7809131883205958;0.8389473684210527;0.8088906931898914;3985;1118;765
872;tripod;4750;;0.7587368421052632;0.8653061224489796;0.7587368421052632;0.8085249579360627;3604;561;1146
364;three-toed_sloth;4750;;0.7696842105263157;0.8512223515715949;0.7696842105263157;0.8084024322830293;3656;639;1094
127;white_stork;4750;;0.6924210526315789;0.9707792207792207;0.6924210526315789;0.8083067092651758;3289;99;1461
920;traffic_light;4750;;0.796;0.8199956625460855;0.796;0.8078196773848948;3781;830;969
668;mosque;4750;;0.8244210526315789;0.7914308811641068;0.8244210526315789;0.8075891936481748;3916;1032;834
575;golfcart;4750;;0.7372631578947368;0.8920020376974019;0.7372631578947368;0.8072844628861227;3502;424;1248
392;rock_beauty;4750;;0.9494736842105264;0.7013996889580093;0.9494736842105264;0.8067978533094812;4510;1920;240
95;jacamar;4750;;0.9357894736842105;0.7079152731326644;0.9357894736842105;0.8060567594523528;4445;1834;305
672;mountain_tent;4750;;0.7648421052631579;0.8504213483146067;0.7648421052631579;0.8053646641542894;3633;639;1117
745;projector;4750;;0.7195789473684211;0.913903743315508;0.7195789473684211;0.8051825677267374;3418;322;1332
888;viaduct;4750;;0.7349473684210527;0.8901070882202957;0.7349473684210527;0.8051199261992621;3491;431;1259
293;cheetah;4750;;0.8637894736842106;0.7536737692872888;0.8637894736842106;0.8049833235236414;4103;1341;647
457;bow_tie;4750;;0.7863157894736842;0.8241394527802295;0.7863157894736842;0.8047834518422753;3735;797;1015
901;whiskey_jug;4750;;0.8541052631578947;0.7605924259467567;0.8541052631578947;0.8046410154700515;4057;1277;693
264;Cardigan;4750;;0.7406315789473684;0.8795;0.7406315789473684;0.8041142857142857;3518;482;1232
902;whistle;4750;;0.8585263157894737;0.7553250601963326;0.8585263157894737;0.8036259730022662;4078;1321;672
320;damselfly;4750;;0.8517894736842105;0.7605263157894737;0.8517894736842105;0.8035749751737835;4046;1274;704
217;English_springer;4750;;0.7608421052631579;0.8513545347467609;0.7608421052631579;0.8035575319622013;3614;631;1136
210;German_short-haired_pointer;4750;;0.8115789473684211;0.7946815089672232;0.8115789473684211;0.8030413498593898;3855;996;895
757;recreational_vehicle;4750;;0.776;0.8307414919990985;0.776;0.8024382279307717;3686;751;1064
891;waffle_iron;4750;;0.7286315789473684;0.8927005416559195;0.7286315789473684;0.8023646690622465;3461;416;1289
988;acorn;4750;;0.7547368421052632;0.8560171919770774;0.7547368421052632;0.8021928843141644;3585;603;1165
23;vulture;4750;;0.7166315789473684;0.9094309377504676;0.7166315789473684;0.8016013187330743;3404;339;1346
444;bicycle-built-for-two;4750;;0.8351578947368421;0.7702912621359224;0.8351578947368421;0.8014141414141414;3967;1183;783
613;joystick;4750;;0.8273684210526315;0.7765263781861292;0.8273684210526315;0.8011415757822851;3930;1131;820
301;ladybug;4750;;0.8442105263157895;0.7610552286961473;0.8442105263157895;0.800479089729514;4010;1259;740
540;drilling_platform;4750;;0.8650526315789474;0.7447888345115099;0.8650526315789474;0.8004285575143665;4109;1408;641
515;cowboy_hat;4750;;0.752421052631579;0.8531869181188828;0.752421052631579;0.7996420181228325;3574;615;1176
912;worm_fence;4750;;0.7802105263157895;0.8199115044247788;0.7802105263157895;0.7995685005393744;3706;814;1044
521;Crock_Pot;4750;;0.7071578947368421;0.9192665571975916;0.7071578947368421;0.7993812470252261;3359;295;1391
773;saltshaker;4750;;0.8082105263157895;0.7907312049433574;0.8082105263157895;0.7993753253513795;3839;1016;911
919;street_sign;4750;;0.7741052631578947;0.8262921348314607;0.7741052631578947;0.7993478260869565;3677;773;1073
629;lipstick;4750;;0.7970526315789473;0.8014394580863675;0.7970526315789473;0.7992400253324888;3786;938;964
937;broccoli;4750;;0.8258947368421052;0.7740726124704025;0.8258947368421052;0.7991444286005296;3923;1145;827
495;china_cabinet;4750;;0.755578947368421;0.8478620363808174;0.755578947368421;0.7990649003673604;3589;644;1161
522;croquet_ball;4750;;0.8498947368421053;0.753874883286648;0.8498947368421053;0.7990103908955962;4037;1318;713
711;perfume;4750;;0.7465263157894737;0.8550759585242343;0.7465263157894737;0.7971226256041363;3546;601;1204
289;snow_leopard;4750;;0.832;0.7648538803948133;0.832;0.7970152263789453;3952;1215;798
428;barrow;4750;;0.7296842105263158;0.8779128672745694;0.7296842105263158;0.7969648194987353;3466;482;1284
18;magpie;4750;;0.6703157894736842;0.982412835544585;0.6703157894736842;0.7968965085721436;3184;57;1566
823;stethoscope;4750;;0.7058947368421052;0.9138729899155084;0.7058947368421052;0.7965316545908064;3353;316;1397
816;spindle;4750;;0.6854736842105263;0.950379451255108;0.6854736842105263;0.7964774951076322;3256;170;1494
614;kimono;4750;;0.7968421052631579;0.7960042060988434;0.7968421052631579;0.7964229352972121;3785;970;965
213;Irish_setter;4750;;0.7652631578947369;0.8297192421821502;0.7652631578947369;0.7961888073595443;3635;746;1115
553;file;4750;;0.7227368421052631;0.8847938144329897;0.7227368421052631;0.7955967555040556;3433;447;1317
605;iPod;4750;;0.7258947368421053;0.8800408371618172;0.7258947368421053;0.7955699123211813;3448;470;1302
870;tricycle;4750;;0.7071578947368421;0.9085745198809846;0.7071578947368421;0.7953119450692554;3359;338;1391
472;canoe;4750;;0.6947368421052632;0.9298393913778529;0.6947368421052632;0.7952765393420893;3300;249;1450
258;Samoyed;4750;;0.7856842105263158;0.8048307095104593;0.7856842105263158;0.7951422179610099;3732;905;1018
532;dining_table;4750;;0.7431578947368421;0.8538945331398161;0.7431578947368421;0.7946870778928411;3530;604;1220
198;standard_schnauzer;4750;;0.7517894736842106;0.8410268487988696;0.7517894736842106;0.7939084037349933;3571;675;1179
610;jersey;4750;;0.7381052631578947;0.857841937851725;0.7381052631578947;0.7934819508883105;3506;581;1244
132;American_egret;4750;;0.8336842105263158;0.7564469914040115;0.8336842105263158;0.7931897846770155;3960;1275;790
262;Brabancon_griffon;4750;;0.7677894736842106;0.8199190647482014;0.7677894736842106;0.7929984779299847;3647;801;1103
28;spotted_salamander;4750;;0.7229473684210527;0.8760204081632653;0.7229473684210527;0.7921568627450981;3434;486;1316
710;pencil_sharpener;4750;;0.6907368421052632;0.9281471004243281;0.6907368421052632;0.792033796016898;3281;254;1469
670;motor_scooter;4750;;0.8463157894736842;0.7433431952662722;0.8463157894736842;0.7914943886591849;4020;1388;730
105;koala;4750;;0.7269473684210527;0.8675879396984925;0.7269473684210527;0.79106529209622;3453;527;1297
215;Brittany_spaniel;4750;;0.708421052631579;0.8949468085106383;0.708421052631579;0.790834312573443;3365;395;1385
929;ice_lolly;4750;;0.704;0.9020771513353115;0.704;0.7908241693271846;3344;363;1406
877;turnstile;4750;;0.7357894736842105;0.8541055718475073;0.7357894736842105;0.7905451255372088;3495;597;1255
203;West_Highland_white_terrier;4750;;0.816;0.7664623294443346;0.816;0.7904557968797797;3876;1181;874
51;triceratops;4750;;0.752;0.8328281650734437;0.752;0.7903529151454807;3572;717;1178
768;rugby_ball;4750;;0.752;0.8326340326340327;0.752;0.7902654867256638;3572;718;1178
432;bassoon;4750;;0.764;0.8180793507664562;0.764;0.7901153929893316;3629;807;1121
152;Japanese_spaniel;4750;;0.832;0.7521888085268367;0.832;0.7900839664134345;3952;1302;798
715;pickelhaube;4750;;0.7985263157894736;0.7817394888705689;0.7985263157894736;0.7900437408873151;3793;1059;957
761;remote_control;4750;;0.7343157894736843;0.8542738182708792;0.7343157894736843;0.7897656515340203;3488;595;1262
467;butcher_shop;4750;;0.7073684210526315;0.8910103420843277;0.7073684210526315;0.7886398310057505;3360;411;1390
140;red-backed_sandpiper;4750;;0.7042105263157895;0.8960621484061077;0.7042105263157895;0.7886360957208535;3345;388;1405
686;oil_filter;4750;;0.7852631578947369;0.7912600763682648;0.7852631578947369;0.7882502113271345;3730;984;1020
647;measuring_cup;4750;;0.7029473684210527;0.8970983342289092;0.7029473684210527;0.7882436260623229;3339;383;1411
427;barrel;4750;;0.7736842105263158;0.8027522935779816;0.7736842105263158;0.7879502572898799;3675;903;1075
518;crash_helmet;4750;;0.7949473684210526;0.7801652892561983;0.7949473684210526;0.7874869655891554;3776;1064;974
882;vacuum;4750;;0.672;0.9508489722966935;0.672;0.7874676205748119;3192;165;1558
99;goose;4750;;0.7421052631578947;0.8382877526753865;0.7421052631578947;0.7872696817420436;3525;680;1225
239;Bernese_mountain_dog;4750;;0.8486315789473684;0.7338430730020026;0.8486315789473684;0.7870740993849459;4031;1462;719
826;stopwatch;4750;;0.7223157894736842;0.8644494834971026;0.7223157894736842;0.7870168597316206;3431;538;1319
157;papillon;4750;;0.8587368421052631;0.7260590957636169;0.8587368421052631;0.7868441358024691;4079;1539;671
307;weevil;4750;;0.6736842105263158;0.9456264775413712;0.6736842105263158;0.7868207523973445;3200;184;1550
147;grey_whale;4750;;0.7833684210526316;0.7901889997876407;0.7833684210526316;0.7867639285336716;3721;988;1029
316;cicada;4750;;0.6842105263157895;0.9253986332574032;0.6842105263157895;0.7867344468651658;3250;262;1500
756;rain_barrel;4750;;0.6823157894736842;0.9286532951289398;0.6823157894736842;0.7866504854368933;3241;249;1509
786;sewing_machine;4750;;0.6768421052631579;0.9389602803738317;0.6768421052631579;0.7866405676535356;3215;209;1535
276;hyena;4750;;0.8256842105263158;0.750478377344049;0.8256842105263158;0.7862870890136328;3922;1304;828
983;scuba_diver;4750;;0.7509473684210526;0.8239778239778239;0.7509473684210526;0.7857693578587949;3567;762;1183
7;cock;4750;;0.7953684210526316;0.7759293489422879;0.7953684210526316;0.7855286412308973;3778;1091;972
822;steel_drum;4750;;0.78;0.7909906063193851;0.78;0.7854568581725674;3705;979;1045
471;cannon;4750;;0.6913684210526316;0.90868843386829;0.6913684210526316;0.785270205643233;3284;330;1466
531;digital_watch;4750;;0.7572631578947369;0.8152765185856754;0.7572631578947369;0.7851997380484611;3597;815;1153
551;face_powder;4750;;0.824;0.749521256223669;0.824;0.7849979943842761;3914;1308;836
589;hand_blower;4750;;0.6741052631578948;0.9390029325513196;0.6741052631578948;0.7848039215686275;3202;208;1548
846;table_lamp;4750;;0.8143157894736842;0.75546875;0.8143157894736842;0.7837892603850051;3868;1252;882
645;maypole;4750;;0.9098947368421053;0.6871224165341813;0.9098947368421053;0.7829710144927536;4322;1968;428
148;killer_whale;4750;;0.9113684210526316;0.6862714013950539;0.9113684210526316;0.7829625610417796;4329;1979;421
494;chime;4750;;0.7023157894736842;0.8844114528101803;0.7023157894736842;0.7829148087303449;3336;436;1414
429;baseball;4750;;0.736;0.8351648351648352;0.736;0.782452999104745;3496;690;1254
875;trombone;4750;;0.7317894736842105;0.8404255319148937;0.7317894736842105;0.7823542651361693;3476;660;1274
957;pomegranate;4750;;0.6806315789473685;0.9192493602502132;0.6806315789473685;0.7821458812144672;3233;284;1517
766;rotisserie;4750;;0.7738947368421053;0.7898581865062312;0.7738947368421053;0.781794980859209;3676;978;1074
228;komondor;4750;;0.8134736842105263;0.7517509727626459;0.8134736842105263;0.7813953488372093;3864;1276;886
279;Arctic_fox;4750;;0.7842105263157895;0.7768508863399375;0.7842105263157895;0.7805133577789419;3725;1070;1025
717;pickup;4750;;0.6909473684210526;0.8962315674494812;0.6909473684210526;0.7803138373751785;3282;380;1468
859;toaster;4750;;0.7393684210526316;0.8253819036427732;0.7393684210526316;0.780011104941699;3512;743;1238
934;hotdog;4750;;0.7378947368421053;0.8270410571024068;0.7378947368421053;0.7799287939474856;3505;733;1245
263;Pembroke;4750;;0.6827368421052632;0.9084033613445378;0.6827368421052632;0.7795673076923078;3243;327;1507
383;Madagascar_cat;4750;;0.8536842105263158;0.7165576957059551;0.8536842105263158;0.7791334422134691;4055;1604;695
765;rocking_chair;4750;;0.7037894736842105;0.8723903966597077;0.7037894736842105;0.7790724772780239;3343;489;1407
273;dingo;4750;;0.752421052631579;0.8075011296882061;0.752421052631579;0.7789886660854404;3574;852;1176
752;racket;4750;;0.7267368421052631;0.8388821385176185;0.7267368421052631;0.7787930062041737;3452;663;1298
840;swab;4750;;0.7391578947368421;0.8222482435597189;0.7391578947368421;0.7784922394678492;3511;759;1239
737;pop_bottle;4750;;0.688;0.8950972336346207;0.688;0.7780026187358648;3268;383;1482
286;cougar;4750;;0.756421052631579;0.8007577445954981;0.756421052631579;0.7779582115405435;3593;894;1157
699;panpipe;4750;;0.8124210526315789;0.7459887879373671;0.8124210526315789;0.7777889751083341;3859;1314;891
676;muzzle;4750;;0.6747368421052632;0.9175493844832522;0.6747368421052632;0.7776295038214243;3205;288;1545
731;plunger;4750;;0.6768421052631579;0.9136118215402103;0.6768421052631579;0.7776030959003507;3215;304;1535
966;red_wine;4750;;0.7338947368421053;0.8266540194451032;0.7338947368421053;0.7775175644028104;3486;731;1264
666;mortar;4750;;0.7418947368421053;0.8164967562557924;0.7418947368421053;0.7774101036840944;3524;792;1226
10;brambling;4750;;0.8477894736842105;0.7168031327874689;0.8477894736842105;0.7768132716049384;4027;1591;723
423;barber_chair;4750;;0.759578947368421;0.7947136563876652;0.759578947368421;0.7767491926803014;3608;932;1142
772;safety_pin;4750;;0.6985263157894737;0.8740779768177028;0.6985263157894737;0.7765036274280366;3318;478;1432
837;sunglasses;4750;;0.7016842105263158;0.868873826903024;0.7016842105263158;0.7763801537386442;3333;503;1417
70;harvestman;4750;;0.6993684210526315;0.8710015731515469;0.6993684210526315;0.7758056982718357;3322;492;1428
174;Norwegian_elkhound;4750;;0.7711578947368422;0.7801916932907348;0.7711578947368422;0.7756484912652196;3663;1032;1087
853;thatch;4750;;0.7732631578947369;0.7773544973544974;0.7732631578947369;0.7753034300791557;3673;1052;1077
924;guacamole;4750;;0.720421052631579;0.8391368317802844;0.720421052631579;0.7752605346624376;3422;656;1328
53;ringneck_snake;4750;;0.7557894736842106;0.795303500221533;0.7557894736842106;0.7750431778929189;3590;924;1160
517;crane;4750;;0.7269473684210527;0.828852616418627;0.7269473684210527;0.7745625841184389;3453;713;1297
214;Gordon_setter;4750;;0.7867368421052632;0.7623419012647898;0.7867368421052632;0.7743472855366763;3737;1165;1013
941;acorn_squash;4750;;0.7231578947368421;0.8319205618793897;0.7231578947368421;0.7737357810564253;3435;694;1315
770;running_shoe;4750;;0.7090526315789474;0.8505050505050505;0.7090526315789474;0.7733639494833524;3368;592;1382
41;whiptail;4750;;0.7610526315789473;0.7858695652173913;0.7610526315789473;0.7732620320855613;3615;985;1135
963;pizza;4750;;0.6852631578947368;0.8871627146361406;0.6852631578947368;0.773250979926357;3255;414;1495
86;partridge;4750;;0.7882105263157895;0.7582017010935601;0.7882105263157895;0.7729149463253508;3744;1194;1006
220;Sussex_spaniel;4750;;0.7056842105263158;0.854230377166157;0.7056842105263158;0.7728844823610791;3352;572;1398
573;go-kart;4750;;0.8488421052631578;0.7084870848708487;0.8488421052631578;0.7723398141940426;4032;1659;718
439;bearskin;4750;;0.8829473684210526;0.6863033873343152;0.8829473684210526;0.7723045760058925;4194;1917;556
959;carbonara;4750;;0.7736842105263158;0.7704402515723271;0.7736842105263158;0.7720588235294117;3675;1095;1075
458;brass;4750;;0.6633684210526316;0.9221539362013462;0.6633684210526316;0.771641973796988;3151;266;1599
806;sock;4750;;0.6981052631578948;0.8621944877795111;0.6981052631578948;0.7715216379711494;3316;530;1434
190;Sealyham_terrier;4750;;0.8418947368421053;0.7116924719701014;0.8418947368421053;0.7713376410454238;3999;1620;751
971;bubble;4750;;0.7183157894736842;0.8328044910910423;0.7183157894736842;0.7713349157906634;3412;685;1338
570;gasmask;4750;;0.7722105263157895;0.7704263810123924;0.7722105263157895;0.7713174219324992;3668;1093;1082
855;thimble;4750;;0.7178947368421053;0.8331297336916687;0.7178947368421053;0.7712314825285537;3410;683;1340
949;strawberry;4750;;0.8273684210526315;0.721895664952241;0.8273684210526315;0.7710417892878163;3930;1514;820
173;Ibizan_hound;4750;;0.7016842105263158;0.8554928131416838;0.7016842105263158;0.7709923664122137;3333;563;1417
704;parking_meter;4750;;0.7578947368421053;0.7843137254901961;0.7578947368421053;0.7708779443254817;3600;990;1150
597;holster;4750;;0.6726315789473685;0.902542372881356;0.6726315789473685;0.7708082026537998;3195;345;1555
759;reflex_camera;4750;;0.7408421052631579;0.8032412691166401;0.7408421052631579;0.7707808564231738;3519;862;1231
410;apiary;4750;;0.6978947368421052;0.8583635422061108;0.6978947368421052;0.7698560148629818;3315;547;1435
352;impala;4750;;0.7848421052631579;0.754350465398624;0.7848421052631579;0.7692942633099463;3728;1214;1022
1;goldfish;4750;;0.8204210526315789;0.7235425176383216;0.8204210526315789;0.7689423835832676;3897;1489;853
632;loudspeaker;4750;;0.7061052631578948;0.8433492582348504;0.7061052631578948;0.7686490202818838;3354;623;1396
938;cauliflower;4750;;0.7309473684210527;0.8097014925373134;0.7309473684210527;0.7683115733569374;3472;816;1278
958;hay;4750;;0.7098947368421052;0.8358948934060486;0.7098947368421052;0.7677595628415301;3372;662;1378
338;guinea_pig;4750;;0.6545263157894737;0.9283368169602867;0.6545263157894737;0.7677491048277565;3109;240;1641
503;cocktail_shaker;4750;;0.7825263157894737;0.75273390036452;0.7825263157894737;0.7673410404624278;3717;1221;1033
496;Christmas_stocking;4750;;0.868;0.6875104218776055;0.868;0.7672838931794919;4123;1874;627
243;bull_mastiff;4750;;0.6882105263157895;0.8666489925768823;0.6882105263157895;0.767190800281624;3269;503;1481
326;lycaenid;4750;;0.8682105263157894;0.6872187968671888;0.8682105263157894;0.7671844479583293;4124;1877;626
45;Gila_monster;4750;;0.6696842105263158;0.8963088193857425;0.6696842105263158;0.7665983853476322;3181;368;1569
270;white_wolf;4750;;0.7088421052631579;0.8342418235877106;0.7088421052631579;0.7664466196221261;3367;669;1383
487;cellular_telephone;4750;;0.7448421052631579;0.7890276538804639;0.7448421052631579;0.7662984622048948;3538;946;1212
514;cowboy_boot;4750;;0.7107368421052631;0.8303000491883915;0.7107368421052631;0.7658802177858439;3376;690;1374
169;borzoi;4750;;0.8315789473684211;0.7096658282429034;0.8315789473684211;0.7658006979449401;3950;1616;800
641;maraca;4750;;0.8814736842105263;0.6769603880355699;0.8814736842105263;0.7657978966620941;4187;1998;563
500;cliff_dwelling;4750;;0.7265263157894737;0.8091441969519344;0.7265263157894737;0.7656128674431504;3451;814;1299
308;fly;4750;;0.6572631578947369;0.9160798122065728;0.6572631578947369;0.7653836724687423;3122;286;1628
223;schipperke;4750;;0.6957894736842105;0.8500514403292181;0.6957894736842105;0.7652234313498495;3305;583;1445
185;Norfolk_terrier;4750;;0.688;0.8609062170706007;0.688;0.7648022466651064;3268;528;1482
171;Italian_greyhound;4750;;0.6926315789473684;0.8536585365853658;0.6926315789473684;0.7647605764760577;3290;564;1460
236;Doberman;4750;;0.7136842105263158;0.8234151080884139;0.7136842105263158;0.7646329085372731;3390;727;1360
914;yawl;4750;;0.7010526315789474;0.8406967937389548;0.7010526315789474;0.7645505682470439;3330;631;1420
441;beer_glass;4750;;0.7269473684210527;0.8056462902473168;0.7269473684210527;0.7642762284196547;3453;833;1297
194;Dandie_Dinmont;4750;;0.8309473684210527;0.7059560007154355;0.8309473684210527;0.7633691132385648;3947;1644;803
778;scale;4750;;0.6292631578947369;0.967940414507772;0.6292631578947369;0.7626945649400357;2989;99;1761
110;flatworm;4750;;0.8107368421052632;0.7198130841121495;0.8107368421052632;0.7625742574257426;3851;1499;899
897;washer;4750;;0.6534736842105263;0.91482463896257;0.6534736842105263;0.7623725899545623;3104;289;1646
520;crib;4750;;0.7008421052631579;0.8341267852668505;0.7008421052631579;0.7616977462532891;3329;662;1421
346;water_buffalo;4750;;0.7050526315789474;0.8279357231149568;0.7050526315789474;0.7615690733371234;3349;696;1401
626;lighter;4750;;0.7345263157894737;0.7902604756511892;0.7345263157894737;0.7613747954173485;3489;926;1261
694;paddlewheel;4750;;0.8370526315789474;0.6979111813235036;0.8370526315789474;0.761175457069015;3976;1721;774
557;flagpole;4750;;0.7677894736842106;0.7546037657769501;0.7677894736842106;0.7611395178962745;3647;1186;1103
384;indri;4750;;0.8132631578947368;0.7152379189039066;0.8132631578947368;0.761107280070929;3863;1538;887
297;sloth_bear;4750;;0.7191578947368421;0.8079470198675497;0.7191578947368421;0.7609712630875474;3416;812;1334
927;trifle;4750;;0.8728421052631579;0.674255976581558;0.8728421052631579;0.7608037434627029;4146;2003;604
544;Dutch_oven;4750;;0.7075789473684211;0.8225648556045032;0.7075789473684211;0.760751471253961;3361;725;1389
709;pencil_box;4750;;0.6545263157894737;0.9074722708698191;0.6545263157894737;0.7605185909980432;3109;317;1641
48;Komodo_dragon;4750;;0.6749473684210526;0.870722433460076;0.6749473684210526;0.7604364326375711;3206;476;1544
543;dumbbell;4750;;0.7082105263157895;0.8208882381649585;0.7082105263157895;0.7603978300180833;3364;734;1386
368;gibbon;4750;;0.7928421052631579;0.730269536552259;0.7928421052631579;0.7602705157969113;3766;1391;984
896;washbasin;4750;;0.7650526315789473;0.7553523176054874;0.7650526315789473;0.7601715301746678;3634;1177;1116
149;dugong;4750;;0.7654736842105263;0.7545133845196099;0.7654736842105263;0.7599540181837183;3636;1183;1114
654;minibus;4750;;0.7907368421052632;0.7314508276533593;0.7907368421052632;0.7599393019726859;3756;1379;994
27;eft;4750;;0.7149473684210527;0.8105011933174224;0.7149473684210527;0.7597315436241611;3396;794;1354
939;zucchini;4750;;0.7185263157894737;0.8059031877213695;0.7185263157894737;0.7597106288258206;3413;822;1337
393;anemone_fish;4750;;0.6282105263157894;0.9607211848036059;0.6282105263157894;0.7596741344195518;2984;122;1766
596;hatchet;4750;;0.6621052631578948;0.8909348441926346;0.6621052631578948;0.7596618357487923;3145;385;1605
56;king_snake;4750;;0.6509473684210526;0.9112879457707044;0.6509473684210526;0.7594252732408204;3092;301;1658
234;Rottweiler;4750;;0.7357894736842105;0.7836322869955157;0.7357894736842105;0.758957654723127;3495;965;1255
404;airliner;4750;;0.8113684210526316;0.7126479289940828;0.8113684210526316;0.7588107895254972;3854;1554;896
796;ski_mask;4750;;0.8391578947368421;0.6918937684429787;0.8391578947368421;0.7584435353439254;3986;1775;764
784;screwdriver;4750;;0.6501052631578947;0.9090373859287607;0.6501052631578947;0.7580704553823494;3088;309;1662
75;black_widow;4750;;0.8208421052631579;0.7036635986284064;0.8208421052631579;0.7577494898454962;3899;1642;851
177;Scottish_deerhound;4750;;0.7941052631578948;0.7244094488188977;0.7941052631578948;0.757657929095109;3772;1435;978
850;teddy;4750;;0.756421052631579;0.758817317845829;0.756421052631579;0.7576172904586189;3593;1142;1157
767;rubber_eraser;4750;;0.6707368421052632;0.8702540289538377;0.6707368421052632;0.7575793603614315;3186;475;1564
616;knot;4750;;0.752421052631579;0.7626973965002134;0.752421052631579;0.7575243747350573;3574;1112;1176
172;whippet;4750;;0.672;0.8671556642216789;0.672;0.7572055509429486;3192;489;1558
474;cardigan;4750;;0.7322105263157894;0.7835097995043929;0.7322105263157894;0.7569920557187942;3478;961;1272
523;crutch;4750;;0.6669473684210526;0.8751381215469614;0.6669473684210526;0.756989247311828;3168;452;1582
956;custard_apple;4750;;0.8469473684210527;0.6841836734693878;0.8469473684210527;0.7569143932267168;4023;1857;727
811;space_heater;4750;;0.6747368421052632;0.861327600107498;0.6747368421052632;0.756699327116043;3205;516;1545
8;hen;4750;;0.6724210526315789;0.8646453708716838;0.6724210526315789;0.7565135007105637;3194;500;1556
631;lotion;4750;;0.8018947368421052;0.7159774436090226;0.8018947368421052;0.7565044687189671;3809;1511;941
785;seat_belt;4750;;0.7166315789473684;0.8005644402634055;0.7166315789473684;0.7562763830259942;3404;848;1346
774;sandal;4750;;0.66;0.8848433530906011;0.66;0.756059327143374;3135;408;1615
154;Pekinese;4750;;0.6808421052631579;0.8497109826589595;0.6808421052631579;0.7559607293127629;3234;572;1516
463;bucket;4750;;0.6995789473684211;0.8217111770524234;0.6995789473684211;0.7557425517398226;3323;721;1427
537;dogsled;4750;;0.9187368421052632;0.6418590969260185;0.9187368421052632;0.7557364273963112;4364;2435;386
760;refrigerator;4750;;0.704;0.8156097560975609;0.704;0.7557062146892655;3344;756;1406
295;American_black_bear;4750;;0.7907368421052632;0.7230028873917228;0.7907368421052632;0.7553544494720964;3756;1439;994
391;coho;4750;;0.6509473684210526;0.8996217631655513;0.6509473684210526;0.7553438377916208;3092;345;1658
39;common_iguana;4750;;0.712;0.8033254156769596;0.712;0.7549107142857142;3382;828;1368
259;Pomeranian;4750;;0.8191578947368421;0.6989401832225616;0.8191578947368421;0.7542890375109044;3891;1676;859
179;Staffordshire_bullterrier;4750;;0.6938947368421052;0.8256513026052105;0.6938947368421052;0.7540608556394418;3296;696;1454
122;American_lobster;4750;;0.8141052631578948;0.7007973903588257;0.8141052631578948;0.7532138683287886;3867;1651;883
502;clog;4750;;0.7456842105263158;0.7607388316151202;0.7456842105263158;0.7531362959812886;3542;1114;1208
655;miniskirt;4750;;0.6572631578947369;0.8814229249011858;0.6572631578947369;0.7530149541726965;3122;420;1628
176;Saluki;4750;;0.7037894736842105;0.8096391378057641;0.7037894736842105;0.7530127266584076;3343;786;1407
830;stretcher;4750;;0.6751578947368421;0.850888829928363;0.6751578947368421;0.7529052705716633;3207;562;1543
332;Angora;4750;;0.7945263157894736;0.7153146322971948;0.7945263157894736;0.7528426092160383;3774;1502;976
720;pill_bottle;4750;;0.7341052631578947;0.7719725481514279;0.7341052631578947;0.7525628574511707;3487;1030;1263
580;greenhouse;4750;;0.6667368421052632;0.8629427792915532;0.6667368421052632;0.7522565320665083;3167;503;1583
828;strainer;4750;;0.6366315789473684;0.918869644484959;0.6366315789473684;0.7521452555652284;3024;267;1726
550;espresso_maker;4750;;0.7218947368421053;0.7848477912565804;0.7218947368421053;0.7520561465072925;3429;940;1321
530;digital_clock;4750;;0.6957894736842105;0.818069306930693;0.6957894736842105;0.7519908987485779;3305;735;1445
235;German_shepherd;4750;;0.7088421052631579;0.8005230622919639;0.7088421052631579;0.7518981688253685;3367;839;1383
781;scoreboard;4750;;0.7932631578947369;0.714448236632537;0.7932631578947369;0.7517956903431763;3768;1506;982
682;obelisk;4750;;0.6570526315789473;0.8776715410573678;0.6570526315789473;0.7515049361907055;3121;435;1629
367;chimpanzee;4750;;0.7901052631578948;0.7160847166571265;0.7901052631578948;0.7512761485336803;3753;1488;997
665;moped;4750;;0.688;0.8273417721518987;0.688;0.7512643678160918;3268;682;1482
643;mask;4750;;0.6865263157894737;0.8293489318413021;0.6865263157894737;0.751209398756047;3261;671;1489
538;dome;4750;;0.66;0.8713173985547527;0.66;0.7510781025395304;3135;463;1615
79;centipede;4750;;0.6913684210526316;0.8212053013253313;0.6913684210526316;0.7507143673562693;3284;715;1466
679;necklace;4750;;0.748421052631579;0.7526995553673512;0.748421052631579;0.7505542066927057;3555;1168;1195
443;bib;4750;;0.676;0.8434462831625952;0.676;0.750496669393479;3211;596;1539
703;park_bench;4750;;0.7303157894736843;0.7714031576606627;0.7303157894736843;0.7502973937493241;3469;1028;1281
113;snail;4750;;0.7793684210526316;0.722200546234881;0.7793684210526316;0.7496962332928311;3702;1424;1048
564;four-poster;4750;;0.7821052631578947;0.719403563129357;0.7821052631578947;0.7494452289691345;3715;1449;1035
158;toy_terrier;4750;;0.747578947368421;0.7494723512030392;0.747578947368421;0.7485244519392917;3551;1187;1199
662;modem;4750;;0.6612631578947369;0.8612558267068824;0.6612631578947369;0.7481243301178994;3141;506;1609
117;chambered_nautilus;4750;;0.8315789473684211;0.6797453106177939;0.8315789473684211;0.7480352239371272;3950;1861;800
833;submarine;4750;;0.6983157894736842;0.8041212121212121;0.6983157894736842;0.7474929577464788;3317;808;1433
43;frilled_lizard;4750;;0.6629473684210526;0.8566376496191512;0.6629473684210526;0.7474483740802279;3149;527;1601
421;bannister;4750;;0.7311578947368421;0.7638003078953156;0.7311578947368421;0.7471227277616436;3473;1074;1277
31;tree_frog;4750;;0.7187368421052631;0.7776765375854214;0.7187368421052631;0.7470459518599563;3414;976;1336
812;space_shuttle;4750;;0.7776842105263158;0.718537249562342;0.7776842105263158;0.7469416641391163;3694;1447;1056
777;scabbard;4750;;0.772;0.7231315322421613;0.772;0.7467671316566542;3667;1404;1083
780;schooner;4750;;0.8353684210526315;0.6750595440626064;0.8353684210526315;0.7467068121942041;3968;1910;782
224;groenendael;4750;;0.7141052631578947;0.7822878228782287;0.7141052631578947;0.7466431873211534;3392;944;1358
330;wood_rabbit;4750;;0.7751578947368422;0.7194216490816725;0.7751578947368422;0.7462505066882854;3682;1436;1068
725;pitcher;4750;;0.6267368421052631;0.9219572623103128;0.6267368421052631;0.7462087980949994;2977;252;1773
572;goblet;4750;;0.6789473684210526;0.82798459563543;0.6789473684210526;0.746096009253904;3225;670;1525
769;rule;4750;;0.7094736842105264;0.7866479925303455;0.7094736842105264;0.7460704007084348;3370;914;1380
593;harmonica;4750;;0.7995789473684211;0.6988040478380865;0.7995789473684211;0.7458026509572901;3798;1637;952
903;wig;4750;;0.8288421052631579;0.6765767313971472;0.8288421052631579;0.7450089885514241;3937;1882;813
464;buckle;4750;;0.6534736842105263;0.8663131454088753;0.6534736842105263;0.7449897995919837;3104;479;1646
292;tiger;4750;;0.8821052631578947;0.6447145714725342;0.8821052631578947;0.7449551071206328;4190;2309;560
449;boathouse;4750;;0.6913684210526316;0.8068796068796069;0.6913684210526316;0.744671201814059;3284;786;1466
790;shopping_basket;4750;;0.7101052631578947;0.7825986078886311;0.7101052631578947;0.7445916114790287;3373;937;1377
951;lemon;4750;;0.704421052631579;0.7884071630537229;0.704421052631579;0.7440515899488549;3346;898;1404
211;vizsla;4750;;0.6802105263157895;0.8210927573062262;0.6802105263157895;0.7440414507772021;3231;704;1519
667;mortarboard;4750;;0.8488421052631578;0.6619602692497127;0.8488421052631578;0.7438428189281432;4032;2059;718
290;jaguar;4750;;0.6696842105263158;0.8362250262881178;0.6696842105263158;0.7437456160860416;3181;623;1569
844;switch;4750;;0.6545263157894737;0.8602656336469287;0.6545263157894737;0.7434241989478719;3109;505;1641
804;soap_dispenser;4750;;0.6271578947368421;0.9107306634056863;0.6271578947368421;0.7428001496072809;2979;292;1771
581;grille;4750;;0.6303157894736842;0.9037126471476004;0.6303157894736842;0.7426516185042787;2994;319;1756
883;vase;4750;;0.6764210526315789;0.8232129131437356;0.6764210526315789;0.7426326129666012;3213;690;1537
831;studio_couch;4750;;0.740421052631579;0.7448115205421432;0.740421052631579;0.7426097972972974;3517;1205;1233
299;meerkat;4750;;0.8235789473684211;0.6759979263867288;0.8235789473684211;0.7425263357691942;3912;1875;838
125;hermit_crab;4750;;0.643578947368421;0.8766848293662174;0.643578947368421;0.7422605317469952;3057;430;1693
440;beer_bottle;4750;;0.7467368421052631;0.7368093061902784;0.7467368421052631;0.7417398578000837;3547;1267;1203
942;butternut_squash;4750;;0.6753684210526316;0.8225641025641026;0.6753684210526316;0.7417341040462428;3208;692;1542
579;grand_piano;4750;;0.6410526315789473;0.8787878787878788;0.6410526315789473;0.7413268411442484;3045;420;1705
511;convertible;4750;;0.8349473684210527;0.6664426146866073;0.8349473684210527;0.7412391365292964;3966;1985;784
653;milk_can;4750;;0.7077894736842105;0.7771613499768839;0.7077894736842105;0.740855002203614;3362;964;1388
730;plow;4750;;0.6650526315789473;0.8350515463917526;0.6650526315789473;0.7404195476385796;3159;624;1591
186;Norwich_terrier;4750;;0.7654736842105263;0.716735659373152;0.7654736842105263;0.7403033696426754;3636;1437;1114
708;pedestal;4750;;0.6709473684210526;0.8256476683937823;0.6709473684210526;0.740301974448316;3187;673;1563
820;steam_locomotive;4750;;0.8021052631578948;0.6871055004508566;0.8021052631578948;0.740165128703254;3810;1735;940
994;stinkhorn;4750;;0.8050526315789474;0.6849364141142755;0.8050526315789474;0.7401529081583276;3824;1759;926
287;lynx;4750;;0.6949473684210526;0.7908481073310972;0.6949473684210526;0.7398027790228596;3301;873;1449
418;ballpoint;4750;;0.7191578947368421;0.7613104524180967;0.7191578947368421;0.7396340803291112;3416;1071;1334
150;sea_lion;4750;;0.6581052631578947;0.8421336206896551;0.6581052631578947;0.738832427322146;3126;586;1624
331;hare;4750;;0.7968421052631579;0.688557394942696;0.7968421052631579;0.7387528056992291;3785;1712;965
916;web_site;4750;;0.8168421052631579;0.6740792216817234;0.8168421052631579;0.7386255473063011;3880;1876;870
209;Chesapeake_Bay_retriever;4750;;0.6581052631578947;0.8414535666218035;0.6581052631578947;0.7385705847607797;3126;589;1624
834;suit;4750;;0.619578947368421;0.9139751552795031;0.619578947368421;0.7385194479297366;2943;277;1807
650;microphone;4750;;0.6381052631578947;0.8762648164209309;0.6381052631578947;0.7384577902302351;3031;428;1719
412;ashcan;4750;;0.6317894736842106;0.8878698224852071;0.6317894736842106;0.7382533825338253;3001;379;1749
505;coffeepot;4750;;0.7237894736842105;0.7532865907099036;0.7237894736842105;0.7382435044019756;3438;1126;1312
869;trench_coat;4750;;0.6206315789473684;0.9107198022860673;0.6206315789473684;0.7381995743082508;2948;289;1802
758;reel;4750;;0.6701052631578948;0.8199381761978362;0.6701052631578948;0.7374884151992586;3183;699;1567
889;violin;4750;;0.708;0.7686857142857143;0.708;0.7370958904109589;3363;1012;1387
227;kelpie;4750;;0.7578947368421053;0.716275368085953;0.7578947368421053;0.7364975450081833;3600;1426;1150
296;ice_bear;4750;;0.8248421052631579;0.6650823289764047;0.8248421052631579;0.7363969551733859;3918;1973;832
232;Border_collie;4750;;0.8195789473684211;0.6680967908014416;0.8195789473684211;0.7361255554505057;3893;1934;857
196;miniature_schnauzer;4750;;0.7075789473684211;0.7670013692377909;0.7075789473684211;0.7360928602715726;3361;1021;1389
128;black_stork;4750;;0.8570526315789474;0.6449619771863118;0.8570526315789474;0.7360332670403182;4071;2241;679
651;microwave;4750;;0.659157894736842;0.8324913586812018;0.659157894736842;0.7357537304664552;3131;630;1619
981;ballplayer;4750;;0.804;0.6780894886363636;0.804;0.7356963976112504;3819;1813;931
838;sunscreen;4750;;0.6046315789473684;0.937949052906597;0.6046315789473684;0.7352790578597029;2872;190;1878
205;flat-coated_retriever;4750;;0.7094736842105264;0.7626159764652637;0.7094736842105264;0.7350856145708365;3370;1049;1380
638;maillot;4750;;0.6764210526315789;0.8046581517655897;0.6764210526315789;0.7349879903923137;3213;780;1537
776;sax;4750;;0.7157894736842105;0.7543820723319281;0.7157894736842105;0.7345792373339095;3400;1107;1350
288;leopard;4750;;0.7143157894736842;0.7558476275339719;0.7143157894736842;0.7344950752245913;3393;1096;1357
881;upright;4750;;0.8381052631578947;0.6534799737360473;0.8381052631578947;0.7343663530713891;3981;2111;769
192;cairn;4750;;0.6922105263157895;0.7817403708987162;0.6922105263157895;0.7342563644484145;3288;918;1462
252;affenpinscher;4750;;0.7989473684210526;0.6786480686695279;0.7989473684210526;0.7339005994971958;3795;1797;955
775;sarong;4750;;0.6450526315789473;0.8511111111111112;0.6450526315789473;0.7338922155688623;3064;536;1686
789;shoji;4750;;0.8094736842105263;0.6710296684118674;0.8094736842105263;0.7337786259541985;3845;1885;905
697;pajama;4750;;0.7147368421052631;0.753607103218646;0.7147368421052631;0.7336574824419233;3395;1110;1355
932;pretzel;4750;;0.7223157894736842;0.7440902190414227;0.7223157894736842;0.733041341736994;3431;1180;1319
845;syringe;4750;;0.6618947368421053;0.8213166144200627;0.6618947368421053;0.7330380041967824;3144;684;1606
161;basset;4750;;0.7547368421052632;0.7121573301549463;0.7547368421052632;0.7328291087489778;3585;1449;1165
389;barracouta;4750;;0.8637894736842106;0.6363213399503722;0.8637894736842106;0.7328094302554029;4103;2345;647
841;sweatshirt;4750;;0.6027368421052631;0.9343994778067886;0.6027368421052631;0.7327873048374711;2863;201;1887
417;balloon;4750;;0.7943157894736842;0.6798198198198199;0.7943157894736842;0.732621359223301;3773;1777;977
221;Irish_water_spaniel;4750;;0.8195789473684211;0.6621874468447014;0.8195789473684211;0.7325242261736757;3893;1986;857
630;Loafer;4750;;0.7326315789473684;0.7323232323232324;0.7326315789473684;0.7324773731845928;3480;1272;1270
729;plate_rack;4750;;0.66;0.8215408805031447;0.66;0.7319635769320569;3135;681;1615
864;tow_truck;4750;;0.6987368421052632;0.768287037037037;0.6987368421052632;0.7318632855567806;3319;1001;1431
242;boxer;4750;;0.6743157894736842;0.7997503121098627;0.6743157894736842;0.731696173615077;3203;802;1547
256;Newfoundland;4750;;0.6326315789473684;0.8674942263279446;0.6326315789473684;0.7316776235695155;3005;459;1745
400;academic_gown;4750;;0.624;0.8834575260804769;0.624;0.7314003701418877;2964;391;1786
943;cucumber;4750;;0.6749473684210526;0.7965217391304348;0.6749473684210526;0.7307122507122507;3206;819;1544
940;spaghetti_squash;4750;;0.7088421052631579;0.7518981688253684;0.7088421052631579;0.7297355873428694;3367;1111;1383
468;cab;4750;;0.7993684210526316;0.6710851891127607;0.7993684210526316;0.7296310530361261;3797;1861;953
798;slide_rule;4750;;0.6541052631578947;0.8239193847785733;0.6541052631578947;0.7292571294449008;3107;664;1643
622;lens_cap;4750;;0.5957894736842105;0.9392631928310654;0.5957894736842105;0.7290995749066083;2830;183;1920
504;coffee_mug;4750;;0.6913684210526316;0.770349519117992;0.6913684210526316;0.7287251747475868;3284;979;1466
813;spatula;4750;;0.6372631578947369;0.8500421229991575;0.6372631578947369;0.7284321982914209;3027;534;1723
175;otterhound;4750;;0.7334736842105263;0.7231216272312163;0.7334736842105263;0.7282608695652173;3484;1334;1266
644;matchstick;4750;;0.6842105263157895;0.7771401243424199;0.6842105263157895;0.7277205553067622;3250;932;1500
219;cocker_spaniel;4750;;0.6705263157894736;0.7952559300873908;0.6705263157894736;0.7275842375785264;3185;820;1565
541;drum;4750;;0.6987368421052632;0.7588020118884317;0.6987368421052632;0.7275317843051293;3319;1055;1431
134;crane;4750;;0.5957894736842105;0.933993399339934;0.5957894736842105;0.7275064267352186;2830;200;1920
608;jean;4750;;0.768;0.6907782616928612;0.768;0.7273452297876583;3648;1633;1102
818;spotlight;4750;;0.6389473684210526;0.8437586877953851;0.6389473684210526;0.7272073798969689;3035;562;1715
635;magnetic_compass;4750;;0.8018947368421052;0.6652113168005589;0.8018947368421052;0.7271859488354334;3809;1917;941
827;stove;4750;;0.6825263157894736;0.7774580335731415;0.6825263157894736;0.7269058295964125;3242;928;1508
182;Border_terrier;4750;;0.7113684210526315;0.7431273367055201;0.7113684210526315;0.7269011509088954;3379;1168;1371
237;miniature_pinscher;4750;;0.7313684210526316;0.7223955084217093;0.7313684210526316;0.7268542734595669;3474;1335;1276
114;slug;4750;;0.6614736842105263;0.8064681724845996;0.6614736842105263;0.7268100855887115;3142;754;1608
907;wine_bottle;4750;;0.696;0.7603495860165593;0.696;0.7267531325566058;3306;1042;1444
104;wallaby;4750;;0.6629473684210526;0.8039315802910391;0.6629473684210526;0.726664359063113;3149;768;1601
740;power_drill;4750;;0.615578947368421;0.8863291906638375;0.615578947368421;0.7265498819729158;2924;375;1826
303;long-horned_beetle;4750;;0.7189473684210527;0.7342506987744571;0.7189473684210527;0.7265184554834593;3415;1236;1335
793;shower_cap;4750;;0.7770526315789473;0.6817510158847433;0.7770526315789473;0.726288862652499;3691;1723;1059
455;bottlecap;4750;;0.6955789473684211;0.7593656630659619;0.6955789473684211;0.7260740577958467;3304;1047;1446
950;orange;4750;;0.659157894736842;0.808;0.659157894736842;0.7260289855072464;3131;744;1619
931;bagel;4750;;0.6433684210526316;0.8322440087145969;0.6433684210526316;0.725718356684873;3056;616;1694
426;barometer;4750;;0.8311578947368421;0.643520782396088;0.8311578947368421;0.7254019292604501;3948;2187;802
633;loupe;4750;;0.6330526315789474;0.8489553924336533;0.6330526315789474;0.7252773757838881;3007;535;1743
491;chain_saw;4750;;0.8210526315789474;0.6492425503579158;0.8210526315789474;0.7251092311982895;3900;2107;850
337;beaver;4750;;0.6658947368421053;0.7949233475747676;0.6658947368421053;0.7247107343338299;3163;816;1587
640;manhole_cover;4750;;0.6884210526315789;0.7643758765778401;0.6884210526315789;0.7244129375276916;3270;1008;1480
155;Shih-Tzu;4750;;0.7501052631578947;0.6998625024553133;0.7501052631578947;0.7241134031094402;3563;1528;1187
866;tractor;4750;;0.7618947368421053;0.6894646599352258;0.7618947368421053;0.7238723872387239;3619;1630;1131
52;thunder_snake;4750;;0.7210526315789474;0.7267133460640781;0.7210526315789474;0.7238719222233964;3425;1288;1325
370;guenon;4750;;0.596;0.9200519987000325;0.596;0.7233933818832248;2831;246;1919
787;shield;4750;;0.627578947368421;0.8536655211912944;0.627578947368421;0.723368114535307;2981;511;1769
519;crate;4750;;0.6402105263157895;0.8308743169398907;0.6402105263157895;0.7231866825208084;3041;619;1709
858;tile_roof;4750;;0.6353684210526316;0.8385662684078911;0.6353684210526316;0.7229608336327704;3018;581;1732
249;malamute;4750;;0.6823157894736842;0.7687381404174574;0.6823157894736842;0.7229533794334152;3241;975;1509
212;English_setter;4750;;0.6766315789473685;0.7746444926488311;0.6766315789473685;0.7223283515001686;3214;935;1536
369;siamang;4750;;0.735578947368421;0.7092976045473001;0.735578947368421;0.722199255890864;3494;1432;1256
165;black-and-tan_coonhound;4750;;0.6633684210526316;0.7923057581091275;0.6633684210526316;0.722126733127077;3151;826;1599
542;drumstick;4750;;0.6831578947368421;0.7640687544148811;0.6831578947368421;0.7213515616316549;3245;1002;1505
208;Labrador_retriever;4750;;0.655578947368421;0.801750772399588;0.655578947368421;0.7213342599027103;3114;770;1636
199;Scotch_terrier;4750;;0.6684210526315789;0.782983970406905;0.6684210526315789;0.7211811470755254;3175;880;1575
47;African_chameleon;4750;;0.8178947368421052;0.6438515081206496;0.8178947368421052;0.7205118694362017;3885;2149;865
151;Chihuahua;4750;;0.6545263157894737;0.8002574002574002;0.6545263157894737;0.720092646207296;3109;776;1641
343;warthog;4750;;0.696;0.7450980392156863;0.696;0.7197126374224446;3306;1131;1444
649;megalith;4750;;0.696;0.7450980392156863;0.696;0.7197126374224446;3306;1131;1444
283;Persian_cat;4750;;0.792;0.6593059936908517;0.792;0.7195868400918132;3762;1944;988
80;black_grouse;4750;;0.868421052631579;0.6142963514519731;0.868421052631579;0.7195813344962931;4125;2590;625
357;mink;4750;;0.6886315789473684;0.7531660142758462;0.6886315789473684;0.7194545254591443;3271;1072;1479
534;dishwasher;4750;;0.6242105263157894;0.8485975958786491;0.6242105263157894;0.7193110140708394;2965;529;1785
452;bonnet;4750;;0.6298947368421053;0.8373915477190036;0.6298947368421053;0.7189715246906164;2992;581;1758
489;chainlink_fence;4750;;0.7511578947368421;0.6892022406799304;0.7511578947368421;0.7188475873879319;3568;1609;1182
529;diaper;4750;;0.7235789473684211;0.7141076251817993;0.7235789473684211;0.7188120882568231;3437;1376;1313
371;patas;4750;;0.6130526315789474;0.8679582712369598;0.6130526315789474;0.718568784700802;2912;443;1838
29;axolotl;4750;;0.8042105263157895;0.6489976214746856;0.8042105263157895;0.7183151560737119;3820;2066;930
386;African_elephant;4750;;0.6844210526315789;0.7556950255695025;0.6844210526315789;0.7182942996022977;3251;1051;1499
372;baboon;4750;;0.7856842105263158;0.6611160318866254;0.7856842105263158;0.718037518037518;3732;1913;1018
724;pirate;4750;;0.6351578947368421;0.825218818380744;0.6351578947368421;0.7178206043302403;3017;639;1733
202;soft-coated_wheaten_terrier;4750;;0.6258947368421053;0.841018387553041;0.6258947368421053;0.7176825588412795;2973;562;1777
506;coil;4750;;0.7086315789473684;0.7259003666163468;0.7086315789473684;0.7171620325982743;3366;1271;1384
600;hook;4750;;0.592421052631579;0.908327953518399;0.592421052631579;0.717125382262997;2814;284;1936
590;hand-held_computer;4750;;0.7642105263157895;0.6750976380881533;0.7642105263157895;0.7168954280635923;3630;1747;1120
656;minivan;4750;;0.6757894736842105;0.7621082621082621;0.6757894736842105;0.7163579558134344;3210;1002;1540
967;espresso;4750;;0.7122105263157895;0.7205537806176784;0.7122105263157895;0.7163578613022763;3383;1312;1367
674;mousetrap;4750;;0.7787368421052632;0.6631409107206884;0.7787368421052632;0.716305189775368;3699;1879;1051
548;entertainment_center;4750;;0.8886315789473684;0.5995738636363637;0.8886315789473684;0.716030534351145;4221;2819;529
753;radiator;4750;;0.6928421052631579;0.7403824521934759;0.6928421052631579;0.7158238172920066;3291;1154;1459
336;marmot;4750;;0.7614736842105263;0.674058889303019;0.7614736842105263;0.7151047844998024;3617;1749;1133
748;purse;4750;;0.6073684210526316;0.8692377222054836;0.6073684210526316;0.7150824141777172;2885;434;1865
510;container_ship;4750;;0.8433684210526315;0.6203158872716011;0.8433684210526315;0.7148465381870093;4006;2452;744
965;burrito;4750;;0.5888421052631579;0.9087069525666017;0.5888421052631579;0.7146142054164538;2797;281;1953
477;carpenter's_kit;4750;;0.764;0.6709188389720836;0.764;0.7144403976769368;3629;1780;1121
411;apron;4750;;0.5995789473684211;0.8836487744337573;0.5995789473684211;0.7144111375893641;2848;375;1902
164;bluetick;4750;;0.7614736842105263;0.6726799330481681;0.7614736842105263;0.7143280339685988;3617;1760;1133
922;menu;4750;;0.5974736842105263;0.8865979381443299;0.5974736842105263;0.7138724688718399;2838;363;1912
533;dishrag;4750;;0.6271578947368421;0.8275;0.6271578947368421;0.7135329341317366;2979;621;1771
201;silky_terrier;4750;;0.6143157894736843;0.8492433061699651;0.6143157894736843;0.7129245052528708;2918;518;1832
69;trilobite;4750;;0.7294736842105263;0.6969026548672567;0.7294736842105263;0.7128162929438386;3465;1507;1285
437;beacon;4750;;0.704421052631579;0.7212761370985126;0.704421052631579;0.7127489615507507;3346;1293;1404
490;chain_mail;4750;;0.7776842105263158;0.6575293698825204;0.7776842105263158;0.7125771604938271;3694;1924;1056
4;hammerhead;4750;;0.7376842105263158;0.6889500589854503;0.7376842105263158;0.7124847498983325;3504;1582;1246
835;sundial;4750;;0.5947368421052631;0.8883647798742138;0.5947368421052631;0.712484237074401;2825;355;1925
492;chest;4750;;0.6366315789473684;0.8085561497326204;0.6366315789473684;0.7123674911660777;3024;716;1726
498;cinema;4750;;0.636;0.8094855305466238;0.636;0.7123319971704788;3021;711;1729
403;aircraft_carrier;4750;;0.7553684210526316;0.6738028169014084;0.7553684210526316;0.712258064516129;3588;1737;1162
692;packet;4750;;0.647578947368421;0.7909488300334276;0.647578947368421;0.712119458270633;3076;813;1674
675;moving_van;4750;;0.6494736842105263;0.7879948914431673;0.6494736842105263;0.7120600115406809;3085;830;1665
327;starfish;4750;;0.8357894736842105;0.6191515907673113;0.8357894736842105;0.711342053395449;3970;2442;780
116;chiton;4750;;0.7412631578947368;0.6830261881668284;0.7412631578947368;0.7109540636042403;3521;1634;1229
871;trimaran;4750;;0.8181052631578948;0.6285991588482692;0.8181052631578948;0.7109403585803148;3886;2296;864
680;nipple;4750;;0.763578947368421;0.6645291315500184;0.763578947368421;0.7106191222570533;3627;1831;1123
456;bow;4750;;0.8111578947368421;0.6320538057742782;0.8111578947368421;0.7104923474091831;3853;2243;897
480;cash_machine;4750;;0.7250526315789474;0.6963202587949858;0.7250526315789474;0.7103960396039605;3444;1502;1306
361;skunk;4750;;0.8698947368421053;0.6003196280691558;0.8698947368421053;0.7103928479326055;4132;2751;618
639;maillot;4750;;0.6829473684210526;0.739626082991336;0.6829473684210526;0.7101576182136602;3244;1142;1506
791;shopping_cart;4750;;0.7170526315789474;0.7031379025598679;0.7170526315789474;0.7100271002710027;3406;1438;1344
586;half_track;4750;;0.7315789473684211;0.6893473517159294;0.7315789473684211;0.709835563272393;3475;1566;1275
602;horizontal_bar;4750;;0.5890526315789474;0.8916507329509241;0.5890526315789474;0.7094320486815415;2798;340;1952
618;ladle;4750;;0.5629473684210526;0.9587665830046612;0.5629473684210526;0.7093779015784587;2674;115;2076
862;torch;4750;;0.7572631578947369;0.6670994065281899;0.7572631578947369;0.7093275488069415;3597;1795;1153
936;head_cabbage;4750;;0.7833684210526316;0.6479192059899007;0.7833684210526316;0.7092347279138473;3721;2022;1029
168;redbone;4750;;0.7673684210526316;0.6584176300578035;0.7673684210526316;0.7087303130468598;3645;1891;1105
921;book_jacket;4750;;0.6701052631578948;0.7514164305949008;0.6701052631578948;0.7084353438682396;3183;1053;1567
419;Band_Aid;4750;;0.7454736842105263;0.674733231707317;0.7454736842105263;0.7083416683336667;3541;1707;1209
842;swimming_trunks;4750;;0.7701052631578947;0.6540318254961559;0.7701052631578947;0.7073382964323697;3658;1935;1092
193;Australian_terrier;4750;;0.6717894736842105;0.7467821202901942;0.6717894736842105;0.7073035575750858;3191;1082;1559
587;hammer;4750;;0.5972631578947368;0.8667888787045523;0.5972631578947368;0.7072167518384644;2837;436;1913
964;potpie;4750;;0.6753684210526316;0.7420772611612306;0.6753684210526316;0.7071530915904333;3208;1115;1542
414;backpack;4750;;0.5791578947368421;0.9076212471131639;0.5791578947368421;0.7071070556483743;2751;280;1999
567;frying_pan;4750;;0.6197894736842106;0.8221167271711812;0.6197894736842106;0.7067578922098188;2944;637;1806
435;bathtub;4750;;0.6117894736842105;0.8362589928057554;0.6117894736842105;0.7066261398176292;2906;569;1844
2;great_white_shark;4750;;0.6938947368421052;0.7182392678143387;0.6938947368421052;0.705857158153978;3296;1293;1454
475;car_mirror;4750;;0.9145263157894736;0.574527178944584;0.9145263157894736;0.705710340346032;4344;3217;406
595;harvester;4750;;0.7802105263157895;0.6441856422735964;0.7802105263157895;0.7057031324383509;3706;2047;1044
197;giant_schnauzer;4750;;0.5873684210526315;0.8831908831908832;0.5873684210526315;0.7055253508661019;2790;369;1960
470;candle;4750;;0.6932631578947368;0.7180549498473615;0.6932631578947368;0.7054413024850041;3293;1293;1457
349;bighorn;4750;;0.7884210526315789;0.6375553285665645;0.7884210526315789;0.7050075301204819;3745;2129;1005
585;hair_spray;4750;;0.5909473684210527;0.873094867807154;0.5909473684210527;0.7048336472065285;2807;408;1943
910;wooden_spoon;4750;;0.5671578947368421;0.9292859606760953;0.5671578947368421;0.7044058046803504;2694;205;2056
857;throne;4750;;0.767578947368421;0.6508389860764013;0.767578947368421;0.7044049459041731;3646;1956;1104
652;military_uniform;4750;;0.620421052631579;0.8143133462282398;0.620421052631579;0.7042657426215796;2947;672;1803
465;bulletproof_vest;4750;;0.7766315789473685;0.6422353760445683;0.7766315789473685;0.7030684200495522;3689;2055;1061
913;wreck;4750;;0.6642105263157895;0.7463922403595931;0.6642105263157895;0.7029074300991422;3155;1072;1595
898;water_bottle;4750;;0.5865263157894737;0.8763762189367725;0.5865263157894737;0.7027367890023963;2786;393;1964
713;photocopier;4750;;0.852421052631579;0.5976383763837638;0.852421052631579;0.7026464208242951;4049;2726;701
42;agama;4750;;0.76;0.6525668835864064;0.76;0.7021980159502043;3610;1922;1140
394;sturgeon;4750;;0.6122105263157894;0.8230965185394848;0.6122105263157894;0.7021610527586623;2908;625;1842
438;beaker;4750;;0.6334736842105263;0.7870782108291917;0.6334736842105263;0.7019713052607022;3009;814;1741
445;bikini;4750;;0.6669473684210526;0.7398411957029426;0.6669473684210526;0.7015057573073517;3168;1114;1582
683;oboe;4750;;0.7745263157894737;0.6409407665505227;0.7745263157894737;0.7014299332697808;3679;2061;1071
180;American_Staffordshire_terrier;4750;;0.6349473684210526;0.7821576763485477;0.6349473684210526;0.7009063444108762;3016;840;1734
126;isopod;4750;;0.6646315789473685;0.740905890636001;0.6646315789473685;0.700699145488847;3157;1104;1593
315;mantis;4750;;0.6191578947368421;0.8061951754385965;0.6191578947368421;0.7004048582995952;2941;707;1809
38;banded_gecko;4750;;0.7709473684210526;0.6407699037620297;0.7709473684210526;0.6998566650740564;3662;2053;1088
969;eggnog;4750;;0.6766315789473685;0.7246899661781285;0.6766315789473685;0.6998366902558519;3214;1221;1536
696;paintbrush;4750;;0.6791578947368421;0.7217002237136465;0.6791578947368421;0.6997830802603037;3226;1244;1524
513;cornet;4750;;0.6498947368421053;0.7568031380240255;0.6498947368421053;0.6992864424057085;3087;992;1663
433;bathing_cap;4750;;0.7903157894736842;0.6270252213128445;0.7903157894736842;0.6992642265064729;3754;2233;996
636;mailbag;4750;;0.756;0.6501901140684411;0.756;0.699114182809306;3591;1932;1159
706;patio;4750;;0.5574736842105263;0.9370134465675867;0.5574736842105263;0.6990496304118268;2648;178;2102
879;umbrella;4750;;0.6421052631578947;0.7669097309529797;0.6421052631578947;0.6989801764638478;3050;927;1700
469;caldron;4750;;0.640421052631579;0.7685699848408287;0.640421052631579;0.6986678915939366;3042;916;1708
619;lampshade;4750;;0.5778947368421052;0.8823529411764706;0.5778947368421052;0.6983844294619005;2745;366;2005
677;nail;4750;;0.6029473684210527;0.8296639629200464;0.6029473684210527;0.698366252133626;2864;588;1886
313;walking_stick;4750;;0.5991578947368421;0.8358296622613803;0.5991578947368421;0.6979767014101779;2846;559;1904
446;binder;4750;;0.6875789473684211;0.7084598698481562;0.6875789473684211;0.6978632478632478;3266;1344;1484
899;water_jug;4750;;0.5625263157894737;0.9185287040220007;0.5625263157894737;0.69774121948035;2672;237;2078
191;Airedale;4750;;0.7747368421052632;0.6343733838993277;0.7747368421052632;0.6975642119230405;3680;2121;1070
568;fur_coat;4750;;0.7288421052631578;0.6683397683397684;0.7288421052631578;0.6972809667673716;3462;1718;1288
318;lacewing;4750;;0.7692631578947369;0.6373626373626373;0.7692631578947369;0.6971286845368693;3654;2079;1096
397;puffer;4750;;0.5938947368421053;0.8436004784688995;0.5938947368421053;0.697059550284161;2821;523;1929
749;quill;4750;;0.6968421052631579;0.6958166911919277;0.6968421052631579;0.6963290207215735;3310;1447;1440
118;Dungeness_crab;4750;;0.7218947368421053;0.6724848009413611;0.7218947368421053;0.696314346634176;3429;1670;1321
868;tray;4750;;0.6288421052631579;0.7788787483702738;0.6288421052631579;0.6958648806057076;2987;848;1763
3;tiger_shark;4750;;0.7174736842105263;0.6744508212942806;0.7174736842105263;0.6952973579516475;3408;1645;1342
76;tarantula;4750;;0.7170526315789474;0.674589027530204;0.7170526315789474;0.6951729768343708;3406;1643;1344
159;Rhodesian_ridgeback;4750;;0.6541052631578947;0.7413505130040563;0.6541052631578947;0.6950005592215636;3107;1084;1643
120;fiddler_crab;4750;;0.7545263157894737;0.6435625785598851;0.7545263157894737;0.6946409535807734;3584;1985;1166
880;unicycle;4750;;0.7256842105263158;0.6660869565217391;0.7256842105263158;0.6946095717884132;3447;1728;1303
876;tub;4750;;0.5978947368421053;0.8270238788584741;0.5978947368421053;0.6940371456500488;2840;594;1910
795;ski;4750;;0.78;0.6251054496372532;0.78;0.6940151728013487;3705;2222;1045
78;tick;4750;;0.8498947368421053;0.5860917537746806;0.8498947368421053;0.6937618147448016;4037;2851;713
574;golf_ball;4750;;0.8052631578947368;0.6078182107103131;0.8052631578947368;0.6927465362673186;3825;2468;925
72;black_and_gold_garden_spider;4750;;0.9223157894736842;0.5545569620253165;0.9223157894736842;0.6926482213438735;4381;3519;369
319;dragonfly;4750;;0.6065263157894737;0.8070028011204482;0.6065263157894737;0.692548076923077;2881;689;1869
493;chiffonier;4750;;0.6090526315789474;0.8020515663986693;0.6090526315789474;0.6923537154481273;2893;714;1857
478;carton;4750;;0.5816842105263158;0.8548886138613861;0.5816842105263158;0.6923076923076923;2763;469;1987
453;bookcase;4750;;0.7218947368421053;0.6647925552539744;0.7218947368421053;0.6921679450948729;3429;1729;1321
395;gar;4750;;0.659578947368421;0.7275894101254065;0.659578947368421;0.6919169611307422;3133;1173;1617
747;punching_bag;4750;;0.6871578947368421;0.6935826604334892;0.6871578947368421;0.6903553299492385;3264;1442;1486
81;ptarmigan;4750;;0.7246315789473684;0.658755980861244;0.7246315789473684;0.690125313283208;3442;1783;1308
558;flute;4750;;0.5936842105263158;0.8235981308411215;0.5936842105263158;0.689992659652557;2820;604;1930
65;sea_snake;4750;;0.6688421052631579;0.7121721587088097;0.6688421052631579;0.6898273803061558;3177;1284;1573
894;wardrobe;4750;;0.6732631578947369;0.7062720848056537;0.6732631578947369;0.6893727096356974;3198;1330;1552
750;quilt;4750;;0.6528421052631579;0.7287896592244418;0.6528421052631579;0.6887284841754581;3101;1154;1649
402;acoustic_guitar;4750;;0.7166315789473684;0.6625145971195018;0.7166315789473684;0.6885113268608415;3404;1734;1346
700;paper_towel;4750;;0.6130526315789474;0.7849056603773585;0.6130526315789474;0.6884160756501183;2912;798;1838
546;electric_guitar;4750;;0.724;0.6557971014492754;0.724;0.688212927756654;3439;1805;1311
121;king_crab;4750;;0.6861052631578948;0.6903198474899386;0.6861052631578948;0.6882061028402492;3259;1462;1491
123;spiny_lobster;4750;;0.5543157894736842;0.9073053066850448;0.5543157894736842;0.6881860951385259;2633;269;2117
250;Siberian_husky;4750;;0.6690526315789473;0.7082683307332294;0.6690526315789473;0.6881021976832304;3178;1309;1572
693;paddle;4750;;0.7572631578947369;0.6303890641430073;0.7572631578947369;0.6880260137719969;3597;2109;1153
601;hoopskirt;4750;;0.728421052631579;0.651355421686747;0.728421052631579;0.6877360365732459;3460;1852;1290
893;wallet;4750;;0.6145263157894737;0.7806900240706072;0.6145263157894737;0.6877135116032512;2919;820;1831
744;projectile;4750;;0.6014736842105263;0.8027535824669851;0.6014736842105263;0.6876880491033819;2857;702;1893
21;kite;4750;;0.8082105263157895;0.5984411535463757;0.8082105263157895;0.6876847290640393;3839;2576;911
588;hamper;4750;;0.6913684210526316;0.6837393295856756;0.6913684210526316;0.6875327122369936;3284;1519;1466
342;wild_boar;4750;;0.7738947368421053;0.6180228648285138;0.7738947368421053;0.687231258179099;3676;2272;1074
314;cockroach;4750;;0.5835789473684211;0.8351913226875565;0.5835789473684211;0.6870739868633041;2772;547;1978
985;daisy;4750;;0.9755789473684211;0.5300240192153723;0.9755789473684211;0.6868746757578004;4634;4109;116
409;analog_clock;4750;;0.8023157894736842;0.5995909376966646;0.8023157894736842;0.6862956960201694;3811;2545;939
481;cassette;4750;;0.6467368421052632;0.7303851640513552;0.6467368421052632;0.68602054488611;3072;1134;1678
690;oxcart;4750;;0.8490526315789474;0.5750748609724797;0.8490526315789474;0.6857094278670408;4033;2980;717
206;curly-coated_retriever;4750;;0.6785263157894736;0.69177935179223;0.6785263157894736;0.6850887448187905;3223;1436;1527
183;Kerry_blue_terrier;4750;;0.7810526315789473;0.609395532194481;0.7810526315789473;0.6846281601771544;3710;2378;1040
184;Irish_terrier;4750;;0.6484210526315789;0.7248764415156508;0.6484210526315789;0.6845205022780309;3080;1169;1670
854;theater_curtain;4750;;0.8701052631578947;0.5641550641550641;0.8701052631578947;0.6844981782047035;4133;3193;617
792;shovel;4750;;0.5976842105263158;0.7999436460974922;0.5976842105263158;0.6841788167249065;2839;710;1911
267;standard_poodle;4750;;0.7210526315789474;0.6501518602885346;0.7210526315789474;0.6837692154122579;3425;1843;1325
935;mashed_potato;4750;;0.6069473684210527;0.7821486706456864;0.6069473684210527;0.6834992887624467;2883;803;1867
499;cleaver;4750;;0.5528421052631579;0.8944141689373297;0.5528421052631579;0.683320322664585;2626;310;2124
257;Great_Pyrenees;4750;;0.6056842105263158;0.7824313298884961;0.6056842105263158;0.6828052687789248;2877;800;1873
353;gazelle;4750;;0.6808421052631579;0.684010152284264;0.6808421052631579;0.6824224519940916;3234;1494;1516
738;pot;4750;;0.8452631578947368;0.5719373219373219;0.8452631578947368;0.6822429906542056;4015;3005;735
577;gong;4750;;0.8957894736842106;0.5503815806493338;0.8957894736842106;0.6818363913147985;4255;3476;495
930;French_loaf;4750;;0.6418947368421053;0.7264712890159638;0.6418947368421053;0.6815692410863977;3049;1148;1701
803;snowplow;4750;;0.8587368421052631;0.5649584487534626;0.8587368421052631;0.6815371762740183;4079;3141;671
207;golden_retriever;4750;;0.7250526315789474;0.642897143923838;0.7250526315789474;0.6815078658355596;3444;1913;1306
660;mobile_home;4750;;0.6654736842105263;0.6976384903994703;0.6654736842105263;0.6811765973494236;3161;1370;1589
962;meat_loaf;4750;;0.6418947368421053;0.7242280285035629;0.6418947368421053;0.6805803571428571;3049;1161;1701
181;Bedlington_terrier;4750;;0.8147368421052632;0.5840627829761545;0.8147368421052632;0.6803797468354431;3870;2756;880
501;cloak;4750;;0.5831578947368421;0.8161461402474955;0.5831578947368421;0.6802554027504911;2770;624;1980
447;binoculars;4750;;0.708421052631579;0.6530176596157579;0.708421052631579;0.6795920428153085;3365;1788;1385
691;oxygen_mask;4750;;0.6549473684210526;0.7043242019470228;0.6549473684210526;0.6787389549470927;3111;1306;1639
246;Great_Dane;4750;;0.6564210526315789;0.7020941229452826;0.6564210526315789;0.6784898270046784;3118;1323;1632
390;eel;4750;;0.5831578947368421;0.8092316681273737;0.5831578947368421;0.6778416738039887;2770;653;1980
946;cardoon;4750;;0.9509473684210527;0.5260889820638248;0.9509473684210527;0.6774145170965806;4517;4069;233
624;library;4750;;0.6290526315789474;0.7330716388616291;0.6290526315789474;0.6770904146838885;2988;1088;1762
309;bee;4750;;0.667578947368421;0.686809616634178;0.667578947368421;0.6770577559517456;3171;1446;1579
797;sleeping_bag;4750;;0.6694736842105263;0.6840180684018068;0.6694736842105263;0.6766677306096394;3180;1469;1570
847;tank;4750;;0.7061052631578948;0.648366518461241;0.7061052631578948;0.6760052403507004;3354;1819;1396
508;computer_keyboard;4750;;0.7126315789473684;0.6420713201820941;0.7126315789473684;0.6755138694871283;3385;1887;1365
578;gown;4750;;0.6517894736842105;0.6987136086662153;0.6517894736842105;0.6744363359111207;3096;1335;1654
189;Lakeland_terrier;4750;;0.5974736842105263;0.7735077677841373;0.5974736842105263;0.6741893336500772;2838;831;1912
462;broom;4750;;0.6648421052631579;0.6822207820263556;0.6648421052631579;0.6734193410811387;3158;1471;1592
311;grasshopper;4750;;0.6326315789473684;0.7175262655205349;0.6326315789473684;0.6724099351085254;3005;1183;1745
825;stone_wall;4750;;0.66;0.6847968545216252;0.66;0.6721698113207548;3135;1443;1615
721;pillow;4750;;0.523578947368421;0.9384905660377358;0.523578947368421;0.6721621621621622;2487;163;2263
106;wombat;4750;;0.552;0.858265139116203;0.552;0.6718770019218451;2622;433;2128
867;trailer_truck;4750;;0.7743157894736842;0.5927477840451248;0.7743157894736842;0.6714742126882701;3678;2527;1072
623;letter_opener;4750;;0.5477894736842105;0.8667554963357762;0.5477894736842105;0.6713106295149638;2602;400;2148
233;Bouvier_des_Flandres;4750;;0.6825263157894736;0.6602851323828921;0.6825263157894736;0.6712215320910974;3242;1668;1508
378;capuchin;4750;;0.7621052631578947;0.5994369928796158;0.7621052631578947;0.6710538511446844;3620;2419;1130
982;groom;4750;;0.5212631578947369;0.9396584440227704;0.5212631578947369;0.6705484089370345;2476;159;2274
743;prison;4750;;0.712421052631579;0.6325233644859813;0.712421052631579;0.6700990099009901;3384;1966;1366
960;chocolate_sauce;4750;;0.6450526315789473;0.697155858930603;0.6450526315789473;0.670092946965555;3064;1331;1686
851;television;4750;;0.6431578947368422;0.6992446784161135;0.6431578947368422;0.670029608509705;3055;1314;1695
413;assault_rifle;4750;;0.8058947368421052;0.5730538922155689;0.8058947368421052;0.6698162729658793;3828;2852;922
40;American_chameleon;4750;;0.6612631578947369;0.6767937944408533;0.6612631578947369;0.6689383452241507;3141;1500;1609
944;artichoke;4750;;0.5267368421052632;0.9158125915080527;0.5267368421052632;0.6688051323175621;2502;230;2248
50;American_alligator;4750;;0.5631578947368421;0.8225707257072571;0.5631578947368421;0.6685828542864285;2675;577;2075
305;dung_beetle;4750;;0.6755789473684211;0.660559901193907;0.6755789473684211;0.667985012489592;3209;1649;1541
204;Lhasa;4750;;0.5591578947368421;0.8253573648228714;0.5591578947368421;0.6666666666666666;2656;562;2094
861;toilet_seat;4750;;0.6926315789473684;0.64145057516085;0.6926315789473684;0.6660593177447109;3290;1839;1460
377;marmoset;4750;;0.748;0.5999662276258021;0.748;0.6658545727136431;3553;2369;1197
723;pinwheel;4750;;0.7888421052631579;0.5760184473481937;0.7888421052631579;0.6658374055975124;3747;2758;1003
200;Tibetan_terrier;4750;;0.5627368421052632;0.8151875571820677;0.5627368421052632;0.6658363432556982;2673;606;2077
187;Yorkshire_terrier;4750;;0.7231578947368421;0.6147100930565498;0.7231578947368421;0.6645385954730122;3435;2153;1315
33;loggerhead;4750;;0.743578947368421;0.6006802721088436;0.743578947368421;0.6645343367826906;3532;2348;1218
436;beach_wagon;4750;;0.6218947368421053;0.7118072289156626;0.6218947368421053;0.6638202247191011;2954;1196;1796
705;passenger_car;4750;;0.5831578947368421;0.7694444444444445;0.5831578947368421;0.6634730538922154;2770;830;1980
906;Windsor_tie;4750;;0.7065263157894737;0.6242559523809523;0.7065263157894737;0.6628481137665415;3356;2020;1394
762;restaurant;4750;;0.5991578947368421;0.7394128345024682;0.5991578947368421;0.6619374345854169;2846;1003;1904
30;bullfrog;4750;;0.5410526315789473;0.851275256707519;0.5410526315789473;0.6616038100141588;2570;449;2180
382;squirrel_monkey;4750;;0.8793684210526316;0.5300761421319797;0.8793684210526316;0.6614410134600159;4177;3703;573
702;parallel_bars;4750;;0.8258947368421052;0.5509831460674157;0.8258947368421052;0.6609941027801179;3923;3197;827
280;grey_fox;4750;;0.7033684210526315;0.6214657738095238;0.7033684210526315;0.6598854434129963;3341;2035;1409
112;conch;4750;;0.6050526315789474;0.7253912165572943;0.6050526315789474;0.6597796143250689;2874;1088;1876
459;brassiere;4750;;0.7418947368421053;0.5920698924731183;0.7418947368421053;0.6585684918706785;3524;2428;1226
163;bloodhound;4750;;0.564;0.7897995283018868;0.564;0.658069270449521;2679;713;2071
733;pole;4750;;0.6067368421052631;0.7176294820717132;0.6067368421052631;0.6575404973762263;2882;1134;1868
556;fire_screen;4750;;0.6981052631578948;0.621206444361184;0.6981052631578948;0.6574147501982555;3316;2022;1434
271;red_wolf;4750;;0.6178947368421053;0.7008118433619867;0.6178947368421053;0.6567464757216379;2935;1253;1815
82;ruffed_grouse;4750;;0.7972631578947369;0.5583075335397317;0.7972631578947369;0.6567241827798492;3787;2996;963
526;desk;4750;;0.6536842105263158;0.6565870162825121;0.6536842105263158;0.6551323979322713;3105;1624;1645
814;speedboat;4750;;0.8541052631578947;0.5308125081774172;0.8541052631578947;0.6547244412168159;4057;3586;693
887;vestment;4750;;0.7021052631578948;0.6123760558207859;0.7021052631578948;0.6541781090623775;3335;2111;1415
153;Maltese_dog;4750;;0.7098947368421052;0.6058210564139418;0.7098947368421052;0.6537417603722373;3372;2194;1378
909;wok;4750;;0.5461052631578948;0.8136762860727729;0.5461052631578948;0.653565129755606;2594;594;2156
634;lumbermill;4750;;0.68;0.629016553067186;0.68;0.6535154274152757;3230;1905;1520
992;agaric;4750;;0.624;0.683894785417628;0.624;0.6525759577278732;2964;1370;1786
817;sports_car;4750;;0.5962105263157895;0.718964204112719;0.5962105263157895;0.6518586718839912;2832;1107;1918
764;rifle;4750;;0.5071578947368421;0.9118092354277063;0.5071578947368421;0.6517857142857144;2409;233;2341
884;vault;4750;;0.6806315789473685;0.6240108087241846;0.6806315789473685;0.6510925385157589;3233;1948;1517
406;altar;4750;;0.747578947368421;0.576461038961039;0.747578947368421;0.6509624197983501;3551;2609;1199
241;EntleBucher;4750;;0.8507368421052631;0.5267892061008995;0.8507368421052631;0.650672248611223;4041;3630;709
399;abaya;4750;;0.8237894736842105;0.5374261777228403;0.8237894736842105;0.6504862438700025;3913;3368;837
109;brain_coral;4750;;0.7412631578947368;0.5778762514360741;0.7412631578947368;0.6494512588766947;3521;2572;1229
59;vine_snake;4750;;0.6821052631578948;0.6185567010309279;0.6821052631578948;0.6487785342410893;3240;1998;1510
658;mitten;4750;;0.7202105263157895;0.5902346445824707;0.7202105263157895;0.648776787407548;3421;2375;1329
839;suspension_bridge;4750;;0.5414736842105263;0.8090594526580686;0.5414736842105263;0.6487577248076681;2572;607;2178
302;ground_beetle;4750;;0.6972631578947368;0.6060384263494968;0.6972631578947368;0.6484581497797356;3312;2153;1438
856;thresher;4750;;0.6661052631578948;0.6299024487358152;0.6661052631578948;0.6474982093522972;3164;1859;1586
698;palace;4750;;0.6075789473684211;0.6925845932325414;0.6075789473684211;0.6473029045643153;2886;1281;1864
628;liner;4750;;0.7631578947368421;0.561754222842089;0.7631578947368421;0.6471480853342855;3625;2828;1125
424;barbershop;4750;;0.4945263157894737;0.9354838709677419;0.4945263157894737;0.6470183170362209;2349;162;2401
226;briard;4750;;0.5957894736842105;0.7069697726704971;0.5957894736842105;0.6466354392779617;2830;1173;1920
584;hair_slide;4750;;0.6894736842105263;0.6085098476402824;0.6894736842105263;0.6464666403474142;3275;2107;1475
67;diamondback;4750;;0.5816842105263158;0.7225418410041841;0.5816842105263158;0.6445066480055984;2763;1061;1987
735;poncho;4750;;0.7549473684210526;0.5621570779118984;0.7549473684210526;0.6444424476592685;3586;2793;1164
360;otter;4750;;0.8054736842105263;0.5367564534231201;0.8054736842105263;0.6442161980131335;3826;3302;924
565;freight_car;4750;;0.8901052631578947;0.504594820384294;0.8901052631578947;0.6440703785512986;4228;4151;522
434;bath_towel;4750;;0.5326315789473685;0.8127208480565371;0.5326315789473685;0.6435202848785451;2530;583;2220
617;lab_coat;4750;;0.7949473684210526;0.5397369925671812;0.7949473684210526;0.6429422782223736;3776;3220;974
298;mongoose;4750;;0.6065263157894737;0.6839981006647673;0.6065263157894737;0.6429368444543628;2881;1331;1869
998;ear;4750;;0.7526315789473684;0.5604326696974448;0.7526315789473684;0.6424656303351604;3575;2804;1175
908;wing;4750;;0.5381052631578948;0.7945290643456636;0.5381052631578948;0.6416467930212125;2556;661;2194
115;sea_slug;4750;;0.6263157894736842;0.6571681024961343;0.6263157894736842;0.6413711329093458;2975;1552;1775
442;bell_cote;4750;;0.6541052631578947;0.6280574085304225;0.6541052631578947;0.6408167474476643;3107;1840;1643
926;hot_pot;4750;;0.7446315789473684;0.5623211446740859;0.7446315789473684;0.6407608695652175;3537;2753;1213
479;car_wheel;4750;;0.5284210526315789;0.8125606992554225;0.5284210526315789;0.6403878045669091;2510;579;2240
627;limousine;4750;;0.7511578947368421;0.5561964146531566;0.7511578947368421;0.639140170174653;3568;2847;1182
819;stage;4750;;0.5983157894736842;0.6815347721822542;0.5983157894736842;0.637219730941704;2842;1328;1908
648;medicine_chest;4750;;0.5143157894736842;0.8363574118452585;0.5143157894736842;0.6369443358101942;2443;478;2307
222;kuvasz;4750;;0.6787368421052632;0.5998139534883721;0.6787368421052632;0.6368395061728395;3224;2151;1526
380;titi;4750;;0.5052631578947369;0.8605234851201148;0.5052631578947369;0.6366892160764028;2400;389;2350
431;bassinet;4750;;0.7090526315789474;0.5776024695592523;0.7090526315789474;0.6366127965220679;3368;2463;1382
598;home_theater;4750;;0.676;0.5978402532116924;0.676;0.6345222804070745;3211;2160;1539
373;macaque;4750;;0.7570526315789474;0.5455924745865575;0.7570526315789474;0.6341592452164713;3596;2995;1154
310;ant;4750;;0.7429473684210526;0.5517510944340213;0.7429473684210526;0.633231652610802;3529;2867;1221
917;comic_book;4750;;0.7132631578947368;0.569124811019654;0.7132631578947368;0.6330935251798561;3388;2565;1362
334;porcupine;4750;;0.7414736842105263;0.5486835955756348;0.7414736842105263;0.6306741874832125;3522;2897;1228
742;printer;4750;;0.515578947368421;0.8093192333113021;0.515578947368421;0.6298868312757202;2449;577;2301
101;tusker;4750;;0.5162105263157895;0.8036709275647329;0.5162105263157895;0.6286373541853608;2452;599;2298
231;collie;4750;;0.6145263157894737;0.6412565905096661;0.6145263157894737;0.6276069662438186;2919;1633;1831
997;bolete;4750;;0.8149473684210526;0.5094761779415635;0.8149473684210526;0.626984126984127;3871;3727;879
718;pier;4750;;0.5387368421052632;0.7493411420204978;0.5387368421052632;0.626821800367422;2559;856;2191
509;confectionery;4750;;0.6374736842105263;0.6156974379829199;0.6374736842105263;0.6263963591228796;3028;1890;1722
754;radio;4750;;0.4806315789473684;0.897758552890287;0.4806315789473684;0.6260798025503909;2283;260;2467
905;window_shade;4750;;0.7025263157894737;0.5637776651461396;0.7025263157894737;0.6255506607929514;3337;2582;1413
669;mosquito_net;4750;;0.7101052631578947;0.5588137839628893;0.7101052631578947;0.6254403856851473;3373;2663;1377
928;ice_cream;4750;;0.4848421052631579;0.8773333333333333;0.4848421052631579;0.6245423728813558;2303;322;2447
63;Indian_cobra;4750;;0.8185263157894737;0.504149377593361;0.8185263157894737;0.6239768897448242;3888;3824;862
739;potter's_wheel;4750;;0.8463157894736842;0.49397886458589335;0.8463157894736842;0.6238361266294227;4020;4118;730
230;Shetland_sheepdog;4750;;0.5951578947368421;0.65485290711142;0.5951578947368421;0.6235800154406088;2827;1490;1923
999;toilet_tissue;4750;;0.4688421052631579;0.9267582188930503;0.4688421052631579;0.6226758003634838;2227;176;2523
61;boa_constrictor;4750;;0.516421052631579;0.7804645243398027;0.516421052631579;0.6215634106170024;2453;690;2297
516;cradle;4750;;0.531157894736842;0.7471128220313888;0.531157894736842;0.6208933185677371;2523;854;2227
77;wolf_spider;4750;;0.7762105263157895;0.5145847871598046;0.7762105263157895;0.6188837599664289;3687;3478;1063
552;feather_boa;4750;;0.7246315789473684;0.5396676074004391;0.7246315789473684;0.6186196980589505;3442;2936;1308
824;stole;4750;;0.6050526315789474;0.6308165057067603;0.6050526315789474;0.617666021921341;2874;1682;1876
904;window_screen;4750;;0.752;0.5226042428675932;0.752;0.6166594734570565;3572;3263;1178
788;shoe_shop;4750;;0.624;0.6087492298213185;0.624;0.6162802786152407;2964;1905;1786
925;consomme;4750;;0.8286315789473684;0.4891871737509321;0.8286315789473684;0.6151922475773679;3936;4110;814
892;wall_clock;4750;;0.4825263157894737;0.8454444854297307;0.4825263157894737;0.6143948532368315;2292;419;2458
701;parachute;4750;;0.9056842105263158;0.46462900961226916;0.9056842105263158;0.6141766007566564;4302;4957;448
269;timber_wolf;4750;;0.7429473684210526;0.5231248147050104;0.7429473684210526;0.6139526791927626;3529;3217;1221
44;alligator_lizard;4750;;0.4766315789473684;0.8611639406618486;0.4766315789473684;0.61363328364277;2264;365;2486
968;cup;4750;;0.6263157894736842;0.5982304443997587;0.6263157894736842;0.6119510439164866;2975;1998;1775
476;carousel;4750;;0.8867368421052632;0.4667036011080332;0.8867368421052632;0.6115426497277677;4212;4813;538
976;promontory;4750;;0.7010526315789474;0.5416395575797007;0.7010526315789474;0.6111213066617728;3330;2818;1420
484;catamaran;4750;;0.46042105263157895;0.9078455790784558;0.46042105263157895;0.6109791870372957;2187;222;2563
385;Indian_elephant;4750;;0.7063157894736842;0.5380914194065758;0.7063157894736842;0.6108329540282202;3355;2880;1395
454;bookshop;4750;;0.5174736842105263;0.7450742649287663;0.5174736842105263;0.61075910050938;2458;841;2292
673;mouse;4750;;0.5010526315789474;0.7818659658344284;0.5010526315789474;0.6107261996407494;2380;664;2370
843;swing;4750;;0.8101052631578948;0.48857287963433216;0.8101052631578948;0.6095358783462697;3848;4028;902
49;African_crocodile;4750;;0.48757894736842106;0.8083769633507853;0.48757894736842106;0.6082731451083387;2316;549;2434
989;hip;4750;;0.8783157894736842;0.46505406309218594;0.8783157894736842;0.6081189417680927;4172;4799;578
5;electric_ray;4750;;0.7513684210526316;0.5107326846021751;0.7513684210526316;0.608110410632135;3569;3419;1181
416;balance_beam;4750;;0.8536842105263158;0.47217047042384724;0.8536842105263158;0.6080371869845554;4055;4533;695
170;Irish_wolfhound;4750;;0.5589473684210526;0.660776505724241;0.5589473684210526;0.6056113138686132;2655;1363;2095
408;amphibian;4750;;0.6884210526315789;0.5399603698811096;0.6884210526315789;0.6052193225985564;3270;2786;1480
37;box_turtle;4750;;0.4743157894736842;0.8350630096367679;0.4743157894736842;0.6049946294307196;2253;445;2497
64;green_mamba;4750;;0.7178947368421053;0.5225252834814588;0.7178947368421053;0.6048244058176658;3410;3116;1340
591;handkerchief;4750;;0.6858947368421052;0.5408366533864541;0.6858947368421052;0.6047893075923519;3258;2766;1492
923;plate;4750;;0.5092631578947369;0.7433927473878303;0.5092631578947369;0.604447776111944;2419;835;2331
312;cricket;4750;;0.49157894736842106;0.7838200738502853;0.49157894736842106;0.604217880709018;2335;644;2415
281;tabby;4750;;0.8206315789473684;0.4780475840078489;0.8206315789473684;0.6041537507749535;3898;4256;852
987;corn;4750;;0.5755789473684211;0.6347805897376364;0.5755789473684211;0.6037319200618307;2734;1573;2016
549;envelope;4750;;0.6143157894736843;0.5928484355952864;0.6143157894736843;0.6033912324234906;2918;2004;1832
124;crayfish;4750;;0.4997894736842105;0.7606536366549183;0.4997894736842105;0.6032270359547707;2374;747;2376
107;jellyfish;4750;;0.8073684210526316;0.48130020080321284;0.8073684210526316;0.6030822456361062;3835;4133;915
335;fox_squirrel;4750;;0.8341052631578947;0.47088186356073214;0.8341052631578947;0.6019446976602857;3962;4452;788
620;laptop;4750;;0.8082105263157895;0.4788574279655732;0.8082105263157895;0.6013942194720764;3839;4178;911
272;coyote;4750;;0.684;0.5353435491843797;0.684;0.6006100378962936;3249;2820;1501
460;breakwater;4750;;0.49094736842105263;0.7693830419003629;0.49094736842105263;0.5994088163475132;2332;699;2418
341;hog;4750;;0.5595789473684211;0.6395572666025024;0.5595789473684211;0.5969009656411408;2658;1498;2092
304;leaf_beetle;4750;;0.4829473684210526;0.7778908104442184;0.4829473684210526;0.5959215482530199;2294;655;2456
62;rock_python;4750;;0.6082105263157894;0.5828121847891871;0.6082105263157894;0.5952405480581024;2889;2068;1861
524;cuirass;4750;;0.46357894736842103;0.8300037693177534;0.46357894736842103;0.5948939619073349;2202;451;2548
266;miniature_poodle;4750;;0.5696842105263158;0.6209270307480496;0.5696842105263158;0.5942028985507245;2706;1652;2044
348;ram;4750;;0.45389473684210524;0.8599920223374551;0.45389473684210524;0.5941849249000964;2156;351;2594
277;red_fox;4750;;0.7587368421052632;0.4855834007006198;0.7587368421052632;0.5921787709497206;3604;3818;1146
664;monitor;4750;;0.4787368421052632;0.7726809378185525;0.4787368421052632;0.591186793188613;2274;669;2476
103;platypus;4750;;0.7271578947368421;0.49790975926192876;0.7271578947368421;0.591084110550184;3454;3483;1296
329;sea_cucumber;4750;;0.6454736842105263;0.5442925616900408;0.6454736842105263;0.5905807570066455;3066;2567;1684
689;overskirt;4750;;0.5945263157894737;0.586622351474865;0.5945263157894737;0.590547887913007;2824;1990;1926
527;desktop_computer;4750;;0.651578947368421;0.5356524749048114;0.651578947368421;0.5879559270516718;3095;2683;1655
794;shower_curtain;4750;;0.6042105263157894;0.5704631286026635;0.6042105263157894;0.5868520601165524;2870;2161;1880
975;lakeside;4750;;0.5406315789473685;0.6402393418100224;0.5406315789473685;0.5862344481223605;2568;1443;2182
848;tape_player;4750;;0.45242105263157895;0.8211692777990065;0.45242105263157895;0.5834125152708022;2149;468;2601
751;racer;4750;;0.7551578947368421;0.4717874523214521;0.7551578947368421;0.5807496154780215;3587;4016;1163
611;jigsaw_puzzle;4750;;0.6955789473684211;0.49729078868151716;0.6955789473684211;0.5799543619448833;3304;3340;1446
671;mountain_bike;4750;;0.8355789473684211;0.4427710843373494;0.8355789473684211;0.5788245588449759;3969;4995;781
356;weasel;4750;;0.5218947368421053;0.6496331236897275;0.5218947368421053;0.5787999066075182;2479;1337;2271
68;sidewinder;4750;;0.6421052631578947;0.5228870221155495;0.6421052631578947;0.5763961069639989;3050;2783;1700
815;spider_web;4750;;0.5517894736842105;0.5999084458686198;0.5517894736842105;0.5748437328654458;2621;1748;2129
860;tobacco_shop;4750;;0.6564210526315789;0.5056762893285761;0.6564210526315789;0.5712715280322462;3118;3048;1632
58;water_snake;4750;;0.49073684210526314;0.6809815950920245;0.49073684210526314;0.5704147803744035;2331;1092;2419
285;Egyptian_cat;4750;;0.4303157894736842;0.8446280991735537;0.4303157894736842;0.5701534170153417;2044;376;2706
415;bakery;4750;;0.512;0.6421969897016108;0.512;0.5697551833196673;2432;1355;2318
359;black-footed_ferret;4750;;0.496;0.6645980253878703;0.496;0.5680530440024111;2356;1189;2394
54;hognose_snake;4750;;0.48673684210526313;0.6808009422850412;0.48673684210526313;0.567640559783943;2312;1084;2438
615;knee_pad;4750;;0.8345263157894737;0.4289579049886376;0.8345263157894737;0.566649989278822;3964;5277;786
657;missile;4750;;0.6610526315789473;0.4956590370955012;0.6610526315789473;0.566531348669373;3140;3195;1610
582;grocery_store;4750;;0.6412631578947369;0.5053924008627841;0.6412631578947369;0.5652779066530574;3046;2981;1704
885;velvet;4750;;0.5147368421052632;0.626280737704918;0.5147368421052632;0.5650566212156228;2445;1459;2305
497;church;4750;;0.43326315789473685;0.8086444007858546;0.43326315789473685;0.564222069910898;2058;487;2692
646;maze;4750;;0.8970526315789473;0.410263816676295;0.8970526315789473;0.5630285412262156;4261;6125;489
728;plastic_bag;4750;;0.5515789473684211;0.5731787355064537;0.5515789473684211;0.5621714408325287;2620;1951;2130
167;English_foxhound;4750;;0.8275789473684211;0.42492703491514433;0.8275789473684211;0.5615313191914864;3931;5320;819
6;stingray;4750;;0.5109473684210526;0.6164592329184658;0.5109473684210526;0.5587659721422815;2427;1510;2323
485;CD_player;4750;;0.4185263157894737;0.8367003367003367;0.4185263157894737;0.5579567779960708;1988;388;2762
807;solar_dish;4750;;0.7764210526315789;0.4316984665808264;0.7764210526315789;0.5548785074851426;3688;4855;1062
599;honeycomb;4750;;0.6282105263157894;0.49159802306425043;0.6282105263157894;0.5515711645101663;2984;3086;1766
979;valley;4750;;0.78;0.4264993668700357;0.78;0.5514623799955347;3705;4982;1045
119;rock_crab;4750;;0.4322105263157895;0.7614985163204748;0.4322105263157895;0.5514370131614289;2053;643;2697
482;cassette_player;4750;;0.7732631578947369;0.4284881007932804;0.7732631578947369;0.551418705900015;3673;4899;1077
536;dock;4750;;0.428;0.7741812642802742;0.428;0.5512472885032538;2033;593;2717
836;sunglass;4750;;0.6532631578947369;0.4767245352588723;0.6532631578947369;0.5512034816591171;3103;3406;1647
961;dough;4750;;0.4086315789473684;0.8450152372659991;0.4086315789473684;0.5508727117922521;1941;356;2809
265;toy_poodle;4750;;0.5486315789473685;0.5516511430990686;0.5486315789473685;0.5501372176483006;2606;2118;2144
162;beagle;4750;;0.4111578947368421;0.8168130489335006;0.4111578947368421;0.5469822153759978;1953;438;2797
488;chain;4750;;0.6366315789473684;0.47832964251819043;0.6366315789473684;0.546242774566474;3024;3298;1726
35;mud_turtle;4750;;0.4421052631578947;0.7106598984771574;0.4421052631578947;0.54510058403634;2100;855;2650
865;toyshop;4750;;0.6938947368421052;0.44685466377440347;0.6938947368421052;0.5436252680191325;3296;4080;1454
381;spider_monkey;4750;;0.4494736842105263;0.6853932584269663;0.4494736842105263;0.5429116338207247;2135;980;2615
483;castle;4750;;0.740421052631579;0.4257353831255296;0.740421052631579;0.5406194758281454;3517;4744;1233
248;Eskimo_dog;4750;;0.4366315789473684;0.7040054310930075;0.4366315789473684;0.5389812889812889;2074;872;2676
663;monastery;4750;;0.580421052631579;0.5019115237575096;0.580421052631579;0.5383188518988578;2757;2736;1993
809;soup_bowl;4750;;0.38989473684210524;0.8570106432207312;0.38989473684210524;0.5359571697294168;1852;309;2898
111;nematode;4750;;0.8789473684210526;0.38497003227293686;0.8789473684210526;0.5354280218018596;4175;6670;575
810;space_bar;4750;;0.6587368421052632;0.45092952875054043;0.6587368421052632;0.5353751390195911;3129;3810;1621
450;bobsled;4750;;0.8;0.4003371260008428;0.8;0.5336329167251791;3800;5692;950
345;ox;4750;;0.4113684210526316;0.7472275334608031;0.4113684210526316;0.5306177868295996;1954;661;2796
461;breastplate;4750;;0.752421052631579;0.40864395152069516;0.752421052631579;0.52963841138115;3574;5172;1176
712;Petri_dish;4750;;0.6861052631578948;0.4308566895822316;0.6861052631578948;0.5293162254344649;3259;4305;1491
328;sea_urchin;4750;;0.7389473684210527;0.4118751466791833;0.7389473684210527;0.5289330922242315;3510;5012;1240
108;sea_anemone;4750;;0.6711578947368421;0.42797690965230234;0.6711578947368421;0.5226657922780555;3188;4261;1562
782;screen;4750;;0.4374736842105263;0.641358024691358;0.4374736842105263;0.5201501877346684;2078;1162;2672
525;dam;4750;;0.7206315789473684;0.40294290759270157;0.7206315789473684;0.5168742921857304;3423;5072;1327
36;terrapin;4750;;0.7052631578947368;0.4032258064516129;0.7052631578947368;0.513095420431919;3350;4958;1400
358;polecat;4750;;0.7294736842105263;0.39568345323741005;0.7294736842105263;0.513067298437847;3465;5292;1285
977;sandbar;4750;;0.735578947368421;0.385226019845645;0.735578947368421;0.505643994211288;3494;5576;1256
34;leatherback_turtle;4750;;0.6216842105263158;0.42023623167781415;0.6216842105263158;0.5014859471851915;2953;4074;1797
970;alp;4750;;0.5654736842105264;0.4481895544802269;0.5654736842105264;0.5000465419342828;2686;3307;2064
374;langur;4750;;0.7482105263157894;0.37324091577399704;0.7482105263157894;0.4980381165919282;3554;5968;1196
980;volcano;4750;;0.6947368421052632;0.3853789559733738;0.6947368421052632;0.4957560279426124;3300;5263;1450
978;seashore;4750;;0.43557894736842107;0.5610086767895879;0.43557894736842107;0.49040056885517896;2069;1619;2681
681;notebook;4750;;0.3894736842105263;0.6392536281962682;0.3894736842105263;0.48403976975405544;1850;1044;2900
972;cliff;4750;;0.4368421052631579;0.5423418714061683;0.4368421052631579;0.4839085820895523;2075;1751;2675
188;wire-haired_fox_terrier;4750;;0.7884210526315789;0.3433574768497295;0.7884210526315789;0.47838027719231013;3745;7162;1005
166;Walker_hound;4750;;0.3644210526315789;0.6910179640718563;0.3644210526315789;0.47718814610613364;1731;774;3019
799;sliding_door;4750;;0.5393684210526316;0.41842234198922096;0.5393684210526316;0.4712590821300469;2562;3561;2188
240;Appenzeller;4750;;0.3701052631578947;0.6467991169977925;0.3701052631578947;0.4708087841456882;1758;960;2992
73;barn_spider;4750;;0.6309473684210526;0.3687707641196013;0.6309473684210526;0.4654810903160674;2997;5130;1753
60;night_snake;4750;;0.33221052631578946;0.7720156555772995;0.33221052631578946;0.46452752428613475;1578;466;3172
974;geyser;4750;;0.784;0.32689606741573035;0.784;0.4614050303555941;3724;7668;1026
26;common_newt;4750;;0.6823157894736842;0.34692785270819954;0.6823157894736842;0.45997729208061305;3241;6101;1509
32;tailed_frog;4750;;0.5585263157894736;0.3858347876672484;0.5585263157894736;0.45639084809908814;2653;4223;2097
238;Greater_Swiss_Mountain_dog;4750;;0.3126315789473684;0.8009708737864077;0.3126315789473684;0.4497274379164143;1485;369;3265
46;green_lizard;4750;;0.32673684210526316;0.7138914443422263;0.32673684210526316;0.44829578278451765;1552;622;3198
878;typewriter_keyboard;4750;;0.32294736842105265;0.7046394120349104;0.32294736842105265;0.4429045762956547;1534;643;3216
539;doormat;4750;;0.5673684210526316;0.355822550831793;0.5673684210526316;0.4373580006491399;2695;4879;2055
282;tiger_cat;4750;;0.2945263157894737;0.8473652331920049;0.2945263157894737;0.4371192001249805;1399;252;3351
603;horse_cart;4750;;0.7301052631578947;0.30986418870621874;0.7301052631578947;0.4350771546857358;3468;7724;1282
405;airship;4750;;0.7233684210526315;0.308742923892533;0.7233684210526315;0.43277284463757165;3436;7693;1314
278;kit_fox;4750;;0.288;0.833130328867235;0.288;0.42803504380475593;1368;274;3382
66;horned_viper;4750;;0.4730526315789474;0.3866804336602994;0.4730526315789474;0.42552788561689237;2247;3564;2503
996;hen-of-the-woods;4750;;0.8004210526315789;0.28505023241865346;0.8004210526315789;0.4203892083149049;3802;9536;948
973;coral_reef;4750;;0.6907368421052632;0.2913595595417814;0.6907368421052632;0.40984323277746554;3281;7980;1469
741;prayer_rug;4750;;0.7928421052631579;0.22625413036948033;0.7928421052631579;0.3520448702967983;3766;12879;984
947;mushroom;4750;;0.24568421052631578;0.6151818661043753;0.24568421052631578;0.35113585075974124;1167;730;3583
911;wool;4750;;0.5778947368421052;0.2514427040395713;0.5778947368421052;0.3504180762111444;2745;8172;2005
562;fountain;4750;;0.7465263157894737;0.21899703557312253;0.7465263157894737;0.3386496036672715;3546;12646;1204
55;green_snake;4750;;0.21957894736842104;0.5882684715172025;0.21957894736842104;0.3197915069753181;1043;730;3707
895;warplane;4750;;0.732;0.15041529676414606;0.732;0.24955142467523148;3477;19639;1273
74;garden_spider;4750;;0.05768421052631579;0.7486338797814208;0.05768421052631579;0.10711493354182956;274;92;4476
