class_idx;class_label;support;base_accuracy;overall_accuracy;precision;recall;f1;tp;fp;fn
136;European_gallinule;4750;;0.9774736842105263;0.9887137989778535;0.9774736842105263;0.9830616133813255;4643;53;107
129;spoonbill;4750;;0.9842105263157894;0.9749739311783108;0.9842105263157894;0.9795704557359873;4675;120;75
88;macaw;4750;;0.9795789473684211;0.9789606564275195;0.9795789473684211;0.9792697043039041;4653;100;97
321;admiral;4750;;0.9623157894736842;0.9924012158054711;0.9623157894736842;0.9771269773407439;4571;35;179
135;limpkin;4750;;0.9625263157894737;0.9883268482490273;0.9625263157894737;0.9752559726962458;4572;54;178
19;chickadee;4750;;0.9568421052631579;0.9904118544345173;0.9568421052631579;0.9733376164471571;4545;44;205
323;monarch;4750;;0.9633684210526315;0.9832402234636871;0.9633684210526315;0.9732028923862185;4576;78;174
130;flamingo;4750;;0.9562105263157895;0.986747773191397;0.9562105263157895;0.9712391745963862;4542;61;208
100;black_swan;4750;;0.9823157894736843;0.9592927631578947;0.9823157894736843;0.970667776159767;4666;198;84
11;goldfinch;4750;;0.9610526315789474;0.9798239965657867;0.9610526315789474;0.9703475395897545;4565;94;185
90;lorikeet;4750;;0.988421052631579;0.9525258673158856;0.988421052631579;0.9701415435478872;4695;234;55
339;sorrel;4750;;0.9783157894736842;0.9611168562564633;0.9783157894736842;0.969640062597809;4647;188;103
0;tench;4750;;0.9496842105263158;0.988170865279299;0.9496842105263158;0.9685453569511541;4511;54;239
91;coucal;4750;;0.9452631578947368;0.9924845269672856;0.9452631578947368;0.9682984688376104;4490;34;260
986;yellow_lady's_slipper;4750;;0.9976842105263158;0.9391597304795878;0.9976842105263158;0.9675377705185791;4739;307;11
376;proboscis_monkey;4750;;0.9711578947368421;0.9610416666666667;0.9711578947368421;0.9660732984293194;4613;187;137
139;ruddy_turnstone;4750;;0.9711578947368421;0.9582467802243456;0.9711578947368421;0.9646591384358009;4613;201;137
351;hartebeest;4750;;0.9488421052631579;0.977021461088229;0.9488421052631579;0.9627256221296594;4507;106;243
15;robin;4750;;0.9425263157894737;0.979435572084883;0.9425263157894737;0.9606265422165002;4477;94;273
900;water_tower;4750;;0.9467368421052632;0.9748536743984392;0.9467368421052632;0.9605895546299263;4497;116;253
255;Leonberg;4750;;0.9536842105263158;0.9675352413498505;0.9536842105263158;0.960559796437659;4530;152;220
13;junco;4750;;0.9322105263157895;0.9899396378269618;0.9322105263157895;0.9602081752141386;4428;45;322
14;indigo_bunting;4750;;0.9671578947368421;0.9497622493280959;0.9671578947368421;0.9583811411286117;4594;243;156
685;odometer;4750;;0.9888421052631579;0.9295468038788838;0.9888421052631579;0.9582780781393451;4697;356;53
17;jay;4750;;0.9416842105263158;0.9738732854343566;0.9416842105263158;0.9575082949801991;4473;120;277
607;jack-o'-lantern;4750;;0.9774736842105263;0.934769478558486;0.9774736842105263;0.955644746320881;4643;324;107
984;rapeseed;4750;;0.9821052631578947;0.9300239234449761;0.9821052631578947;0.9553553143559288;4665;351;85
95;jacamar;4750;;0.9781052631578947;0.9331191002209279;0.9781052631578947;0.9550827423167849;4646;333;104
16;bulbul;4750;;0.9277894736842105;0.9826086956521739;0.9277894736842105;0.9544125609095832;4407;78;343
24;great_grey_owl;4750;;0.9374736842105263;0.97036391370669;0.9374736842105263;0.9536352928579077;4453;136;297
528;dial_telephone;4750;;0.9294736842105263;0.9767699115044248;0.9294736842105263;0.952535059331176;4415;105;335
995;earthstar;4750;;0.9787368421052631;0.9273887891482147;0.9787368421052631;0.9523711973778551;4649;364;101
143;oystercatcher;4750;;0.9193684210526316;0.9877855688758199;0.9193684210526316;0.952349798277178;4367;54;383
22;bald_eagle;4750;;0.9414736842105264;0.9621342512908778;0.9414736842105264;0.9516918493296446;4472;176;278
92;bee_eater;4750;;0.9378947368421052;0.9644944793245291;0.9378947368421052;0.9510086455331412;4455;164;295
625;lifeboat;4750;;0.9583157894736842;0.9436152570480929;0.9583157894736842;0.9509087110925423;4552;272;198
96;toucan;4750;;0.9263157894736842;0.9764758100310696;0.9263157894736842;0.950734658599827;4400;106;350
430;basketball;4750;;0.9456842105263158;0.9545261368465788;0.9456842105263158;0.9500846023688663;4492;214;258
12;house_finch;4750;;0.9328421052631579;0.9651492049662382;0.9328421052631579;0.9487206937158762;4431;160;319
141;redshank;4750;;0.9189473684210526;0.9802380417695935;0.9189473684210526;0.9486037161795067;4365;88;385
145;king_penguin;4750;;0.9463157894736842;0.9491131756756757;0.9463157894736842;0.9477124183006537;4495;241;255
84;peacock;4750;;0.9414736842105264;0.9537214757944125;0.9414736842105264;0.9475580040258502;4472;217;278
87;African_grey;4750;;0.9256842105263158;0.9702118270079435;0.9256842105263158;0.9474251238957122;4397;135;353
560;football_helmet;4750;;0.9395789473684211;0.9552654109589042;0.9395789473684211;0.9473572489917216;4463;209;287
9;ostrich;4750;;0.9667368421052631;0.9258064516129032;0.9667368421052631;0.9458290422245108;4592;368;158
915;yurt;4750;;0.9477894736842105;0.9426298157453936;0.9477894736842105;0.9452026034012178;4502;274;248
388;giant_panda;4750;;0.956;0.9328266228430567;0.956;0.9442711582449574;4541;327;209
83;prairie_chicken;4750;;0.9309473684210526;0.9579722703639515;0.9309473684210526;0.9442664958360026;4422;194;328
340;zebra;4750;;0.9568421052631579;0.9302087597216537;0.9568421052631579;0.9433374844333748;4545;341;205
18;magpie;4750;;0.9111578947368421;0.9749943681009237;0.9111578947368421;0.9419958646207421;4328;111;422
425;barn;4750;;0.9587368421052631;0.9244823386114495;0.9587368421052631;0.941298057048367;4554;372;196
420;banjo;4750;;0.9086315789473685;0.974706413730804;0.9086315789473685;0.9405099150141643;4316;112;434
127;white_stork;4750;;0.8974736842105263;0.9874913134120917;0.8974736842105263;0.9403330759898534;4263;54;487
138;bustard;4750;;0.9107368421052632;0.9712617871576111;0.9107368421052632;0.940026075619296;4326;128;424
89;sulphur-crested_cockatoo;4750;;0.9088421052631579;0.9720783607295654;0.9088421052631579;0.9393972364269395;4317;124;433
714;pick;4750;;0.9347368421052632;0.9408773045136681;0.9347368421052632;0.9377970218608089;4440;279;310
768;rugby_ball;4750;;0.908;0.9689957312963379;0.908;0.9375067927399195;4313;138;437
621;lawn_mower;4750;;0.9231578947368421;0.9513994358863094;0.9231578947368421;0.9370659258467785;4385;224;365
576;gondola;4750;;0.964842105263158;0.9105901053049871;0.964842105263158;0.9369314116324235;4583;450;167
94;hummingbird;4750;;0.9734736842105263;0.9027723545490043;0.9734736842105263;0.9367909238249594;4624;498;126
23;vulture;4750;;0.9282105263157895;0.9455286296375723;0.9282105263157895;0.9367895463720387;4409;254;341
722;ping-pong_ball;4750;;0.915578947368421;0.9589856670341786;0.915578947368421;0.9367797522886375;4349;186;401
637;mailbox;4750;;0.9096842105263158;0.9642936844454363;0.9096842105263158;0.9361932618351207;4321;160;429
98;red-breasted_merganser;4750;;0.9376842105263158;0.9345362987830466;0.9376842105263158;0.9361076082387557;4454;312;296
137;American_coot;4750;;0.9111578947368421;0.9619915536785952;0.9111578947368421;0.9358849605362741;4328;171;422
945;bell_pepper;4750;;0.9450526315789474;0.9253762110904968;0.9450526315789474;0.935110925945214;4489;362;261
746;puck;4750;;0.9456842105263158;0.9244700555669891;0.9456842105263158;0.9349568113227182;4492;367;258
25;European_fire_salamander;4750;;0.9181052631578948;0.9517677869925797;0.9181052631578948;0.9346335190741534;4361;221;389
873;triumphal_arch;4750;;0.9305263157894736;0.9384288747346072;0.9305263157894736;0.9344608879492601;4420;290;330
863;totem_pole;4750;;0.9208421052631579;0.9461388708630759;0.9208421052631579;0.9333191080763896;4374;249;376
97;drake;4750;;0.9673684210526315;0.9015106925642535;0.9673684210526315;0.9332791713212146;4595;502;155
933;cheeseburger;4750;;0.9261052631578948;0.9405601881548001;0.9261052631578948;0.9332767582475867;4399;278;351
85;quail;4750;;0.9357894736842105;0.9306951423785594;0.9357894736842105;0.9332353558681502;4445;331;305
890;volleyball;4750;;0.9397894736842105;0.9267178741955574;0.9397894736842105;0.9332079021636875;4464;353;286
993;gyromitra;4750;;0.9492631578947368;0.9164634146341464;0.9492631578947368;0.9325749741468459;4509;411;241
902;whistle;4750;;0.9362105263157895;0.9276178556528994;0.9362105263157895;0.9318943839061191;4447;347;303
606;iron;4750;;0.9111578947368421;0.9524647887323944;0.9111578947368421;0.9313535614374865;4328;216;422
347;bison;4750;;0.9113684210526316;0.9518469656992085;0.9113684210526316;0.9311679931167992;4329;219;421
387;lesser_panda;4750;;0.9261052631578948;0.9361566290700148;0.9261052631578948;0.931103820510107;4399;300;351
325;sulphur_butterfly;4750;;0.9189473684210526;0.941544434857636;0.9189473684210526;0.930108672490944;4365;271;385
392;rock_beauty;4750;;0.9793684210526316;0.8854206318995052;0.9793684210526316;0.9300279888044782;4652;602;98
144;pelican;4750;;0.9225263157894736;0.9369253795167842;0.9225263157894736;0.92967009653124;4382;295;368
800;slot;4750;;0.9431578947368421;0.9152196118488254;0.9431578947368421;0.928978745463971;4480;415;270
322;ringlet;4750;;0.8873684210526316;0.9741160157152762;0.8873684210526316;0.9287209430428556;4215;112;535
919;street_sign;4750;;0.9;0.9585201793721974;0.9;0.9283387622149837;4275;185;475
554;fireboat;4750;;0.9298947368421052;0.9240585774058577;0.9298947368421052;0.9269674711437565;4417;363;333
417;balloon;4750;;0.8964210526315789;0.9596574261888664;0.8964210526315789;0.926962011538043;4258;179;492
727;planetarium;4750;;0.9069473684210526;0.9476462824461065;0.9069473684210526;0.9268502581755593;4308;238;442
457;bow_tie;4750;;0.924;0.9296759161194662;0.924;0.926829268292683;4389;332;361
142;dowitcher;4750;;0.9237894736842105;0.9298580207671117;0.9237894736842105;0.9268138134966734;4388;331;362
473;can_opener;4750;;0.8924210526315789;0.9638472032742156;0.8924210526315789;0.9267599475295146;4239;159;511
832;stupa;4750;;0.9254736842105263;0.9278176445757703;0.9254736842105263;0.9266441821247892;4396;342;354
990;buckeye;4750;;0.9311578947368421;0.9208827815948366;0.9311578947368421;0.9259918350256464;4423;380;327
642;marimba;4750;;0.8976842105263158;0.9554111584136231;0.8976842105263158;0.9256485401063714;4264;199;486
275;African_hunting_dog;4750;;0.9709473684210527;0.88420245398773;0.9709473684210527;0.9255468593216937;4612;604;138
678;neck_brace;4750;;0.9012631578947369;0.9511219728949123;0.9012631578947369;0.9255215652361907;4281;220;469
146;albatross;4750;;0.9427368421052632;0.908685064935065;0.9427368421052632;0.9253978094647655;4478;450;272
711;perfume;4750;;0.9031578947368422;0.9482758620689655;0.9031578947368422;0.9251671339227949;4290;234;460
307;weevil;4750;;0.8871578947368421;0.9662921348314607;0.8871578947368421;0.9250356711667216;4214;147;536
991;coral_fungus;4750;;0.9021052631578947;0.9490586932447398;0.9021052631578947;0.9249865083648138;4285;230;465
954;banana;4750;;0.9027368421052632;0.9482529854046882;0.9027368421052632;0.9249352890422777;4288;234;462
684;ocarina;4750;;0.9218947368421052;0.9279508370417461;0.9218947368421052;0.924912873587496;4379;340;371
133;bittern;4750;;0.8882105263157895;0.9645633287608596;0.8882105263157895;0.9248136782113108;4219;155;531
326;lycaenid;4750;;0.968421052631579;0.8844452989809652;0.968421052631579;0.9245301979700533;4600;601;150
816;spindle;4750;;0.8888421052631579;0.9626082991336069;0.8888421052631579;0.9242556917688266;4222;164;528
732;Polaroid_camera;4750;;0.8938947368421053;0.9567372690401081;0.8938947368421053;0.9242490204614715;4246;192;504
594;harp;4750;;0.9294736842105263;0.9190258118234804;0.9294736842105263;0.9242202218965879;4415;389;335
563;fountain_pen;4750;;0.9063157894736842;0.942838370565046;0.9063157894736842;0.9242164018892229;4305;261;445
609;jeep;4750;;0.8968421052631579;0.9528069783046298;0.8968421052631579;0.9239778765860536;4260;211;490
247;Saint_Bernard;4750;;0.9061052631578947;0.9422066549912435;0.9061052631578947;0.9238033912856836;4304;264;446
953;pineapple;4750;;0.9290526315789474;0.9172729162336313;0.9290526315789474;0.9231251961091936;4413;398;337
355;llama;4750;;0.9130526315789473;0.9326881720430108;0.9130526315789473;0.9227659574468086;4337;313;413
957;pomegranate;4750;;0.907578947368421;0.9383979103178058;0.907578947368421;0.9227311643835617;4311;283;439
771;safe;4750;;0.8694736842105263;0.9826314537235308;0.8694736842105263;0.9225957779515246;4130;73;620
93;hornbill;4750;;0.8985263157894737;0.9476021314387212;0.8985263157894737;0.9224119299762266;4268;236;482
444;bicycle-built-for-two;4750;;0.9117894736842105;0.9332040508511097;0.9117894736842105;0.9223724842934724;4331;310;419
829;streetcar;4750;;0.9364210526315789;0.9081257656186198;0.9364210526315789;0.9220563847429518;4448;450;302
555;fire_engine;4750;;0.9021052631578947;0.9425868895732512;0.9021052631578947;0.9219018932874354;4285;261;465
726;plane;4750;;0.9130526315789473;0.93068669527897;0.9130526315789473;0.9217853347502657;4337;323;413
515;cowboy_hat;4750;;0.92;0.9233044580604268;0.92;0.9216492671095645;4370;363;380
641;maraca;4750;;0.9637894736842105;0.8829315332690453;0.9637894736842105;0.9215903371917463;4578;607;172
471;cannon;4750;;0.8987368421052632;0.9453055801594331;0.8987368421052632;0.9214331966328513;4269;247;481
472;canoe;4750;;0.9557894736842105;0.8888018794048551;0.9557894736842105;0.9210793264353825;4540;568;210
952;fig;4750;;0.9090526315789473;0.9332180678625459;0.9090526315789473;0.9209768582702356;4318;309;432
10;brambling;4750;;0.9183157894736842;0.9216141981829706;0.9183157894736842;0.9199620373299588;4362;371;388
545;electric_fan;4750;;0.9225263157894736;0.9165446559297218;0.9225263157894736;0.9195257580526702;4382;399;368
779;school_bus;4750;;0.9423157894736842;0.8977135980746089;0.9423157894736842;0.9194741166803615;4476;510;274
686;oil_filter;4750;;0.896;0.9440993788819876;0.896;0.9194210412616116;4256;252;494
716;picket_fence;4750;;0.9077894736842105;0.9305135951661632;0.9077894736842105;0.9190110826939472;4312;322;438
317;leafhopper;4750;;0.9027368421052632;0.9342047930283225;0.9027368421052632;0.9182012847965739;4288;302;462
612;jinrikisha;4750;;0.9345263157894736;0.9020524283682179;0.9345263157894736;0.9180022748423121;4439;482;311
308;fly;4750;;0.9122105263157895;0.9228966986155485;0.9122105263157895;0.9175224986765486;4333;362;417
354;Arabian_camel;4750;;0.9555789473684211;0.8820443062572872;0.9555789473684211;0.9173403395311238;4539;607;211
407;ambulance;4750;;0.9109473684210526;0.9235859124866596;0.9109473684210526;0.9172231054583996;4327;358;423
291;lion;4750;;0.956421052631579;0.8807677394338891;0.956421052631579;0.9170367379895034;4543;615;207
610;jersey;4750;;0.9132631578947369;0.9204328453214513;0.9132631578947369;0.9168339849941879;4338;375;412
929;ice_lolly;4750;;0.8911578947368421;0.9438127090301003;0.8911578947368421;0.9167298321602598;4233;252;517
561;forklift;4750;;0.8852631578947369;0.9500677812923634;0.8852631578947369;0.9165213600697472;4205;221;545
128;black_stork;4750;;0.9343157894736842;0.8991085899513777;0.9343157894736842;0.9163741482552137;4438;498;312
451;bolo_tie;4750;;0.9191578947368421;0.9130071099958177;0.9191578947368421;0.9160721779269828;4366;416;384
559;folding_chair;4750;;0.8698947368421053;0.9665497076023392;0.8698947368421053;0.9156786703601107;4132;143;618
324;cabbage_butterfly;4750;;0.8903157894736842;0.9418708240534521;0.8903157894736842;0.9153679653679654;4229;261;521
521;Crock_Pot;4750;;0.864421052631579;0.9713744972793944;0.864421052631579;0.9147822212320376;4106;121;644
99;goose;4750;;0.9065263157894737;0.9228461208744106;0.9065263157894737;0.9146134239592184;4306;360;444
613;joystick;4750;;0.9218947368421052;0.9058750517170046;0.9218947368421052;0.9138146911519198;4379;455;371
522;croquet_ball;4750;;0.9286315789473685;0.8992864424057084;0.9286315789473685;0.9137234593474883;4411;494;339
737;pop_bottle;4750;;0.8898947368421053;0.938707528314457;0.8898947368421053;0.9136496271479521;4227;276;523
668;mosque;4750;;0.9208421052631579;0.9065284974093264;0.9208421052631579;0.9136292428198434;4374;451;376
391;coho;4750;;0.8612631578947368;0.9726581074655254;0.8612631578947368;0.9135774899508708;4091;115;659
736;pool_table;4750;;0.9397894736842105;0.8887119251443361;0.9397894736842105;0.9135372966335823;4464;559;286
102;echidna;4750;;0.9014736842105263;0.9256376999567661;0.9014736842105263;0.91339590443686;4282;344;468
903;wig;4750;;0.9465263157894737;0.8822605965463108;0.9465263157894737;0.9132642697542149;4496;600;254
948;Granny_Smith;4750;;0.9482105263157895;0.8807195932733672;0.9482105263157895;0.9132197891321979;4504;610;246
575;golfcart;4750;;0.8909473684210526;0.9362831858407079;0.8909473684210526;0.9130528586839265;4232;288;518
333;hamster;4750;;0.9381052631578948;0.8890662410215483;0.9381052631578948;0.9129276787543538;4456;556;294
655;miniskirt;4750;;0.8576842105263158;0.9755747126436781;0.8576842105263158;0.9128388976025095;4074;102;676
507;combination_lock;4750;;0.8663157894736843;0.9643777829857042;0.8663157894736843;0.9127204169901297;4115;152;635
849;teapot;4750;;0.9583157894736842;0.8710294680443934;0.9583157894736842;0.9125902165196472;4552;674;198
535;disk_brake;4750;;0.9077894736842105;0.9160824304227746;0.9077894736842105;0.9119170984455959;4312;395;438
532;dining_table;4750;;0.8892631578947369;0.9349269588313412;0.8892631578947369;0.9115235217954251;4224;294;526
428;barrow;4750;;0.8648421052631579;0.9634146341463414;0.8648421052631579;0.9114710450410471;4108;156;642
773;saltshaker;4750;;0.9130526315789473;0.9097965177260331;0.9130526315789473;0.9114216664915413;4337;430;413
573;go-kart;4750;;0.9465263157894737;0.8786398280242329;0.9465263157894737;0.9113205634944765;4496;621;254
316;cicada;4750;;0.8821052631578947;0.9419964028776978;0.8821052631578947;0.9110676233963905;4190;258;560
808;sombrero;4750;;0.8991578947368422;0.9232598357111976;0.8991578947368422;0.9110494880546076;4271;355;479
988;acorn;4750;;0.9101052631578948;0.9102969046114971;0.9101052631578948;0.9102010737972419;4323;426;427
344;hippopotamus;4750;;0.872;0.9515276820583506;0.872;0.9100296605514666;4142;211;608
783;screw;4750;;0.9412631578947368;0.8799448927376501;0.9412631578947368;0.9095717627911707;4471;610;279
363;armadillo;4750;;0.9082105263157895;0.910510764035458;0.9082105263157895;0.9093591905564925;4314;424;436
687;organ;4750;;0.8776842105263158;0.9432126696832579;0.8776842105263158;0.9092693565976009;4169;251;581
870;tricycle;4750;;0.8696842105263158;0.9525017293059719;0.8696842105263158;0.9092109607131067;4131;206;619
566;French_horn;4750;;0.8534736842105263;0.9724154473494843;0.8534736842105263;0.9090705236013005;4054;115;696
719;piggy_bank;4750;;0.8941052631578947;0.9242655059847661;0.8941052631578947;0.9089352594970572;4247;348;503
629;lipstick;4750;;0.8981052631578947;0.919991373733017;0.8981052631578947;0.9089165867689357;4266;371;484
918;crossword_puzzle;4750;;0.888;0.9307149161518093;0.888;0.9088558500323206;4218;314;532
486;cello;4750;;0.892;0.9257155341927027;0.892;0.9085450841642544;4237;340;513
630;Loafer;4750;;0.8654736842105263;0.9556020455602046;0.8654736842105263;0.90830755634114;4111;191;639
401;accordion;4750;;0.8816842105263157;0.9362843729040912;0.8816842105263157;0.9081643716794969;4188;285;562
994;stinkhorn;4750;;0.908;0.9076178451178452;0.908;0.90780888234056;4313;439;437
761;remote_control;4750;;0.8694736842105263;0.9489889705882353;0.8694736842105263;0.9074928587123708;4130;222;620
707;pay-phone;4750;;0.8781052631578947;0.9385688568856886;0.8781052631578947;0.9073308679573634;4171;273;579
837;sunglasses;4750;;0.8629473684210527;0.9563695753616426;0.8629473684210527;0.9072598494909252;4099;187;651
846;table_lamp;4750;;0.9181052631578948;0.8965871710526315;0.9181052631578948;0.9072186394840858;4361;503;389
448;birdhouse;4750;;0.9237894736842105;0.8911454102355808;0.9237894736842105;0.9071738681000621;4388;536;362
439;bearskin;4750;;0.9602105263157895;0.8595929136826235;0.9602105263157895;0.9071201272871917;4561;745;189
934;hotdog;4750;;0.8791578947368421;0.9365328549002019;0.8791578947368421;0.9069388641546314;4176;283;574
260;chow;4750;;0.911578947368421;0.9020833333333333;0.911578947368421;0.9068062827225131;4330;470;420
672;mountain_tent;4750;;0.9126315789473685;0.900498545907769;0.9126315789473685;0.9065244667503137;4335;479;415
140;red-backed_sandpiper;4750;;0.8555789473684211;0.9634898055950688;0.8555789473684211;0.9063336306868867;4064;154;686
216;clumber;4750;;0.8957894736842106;0.9162360034453058;0.8957894736842106;0.9058973813072173;4255;389;495
823;stethoscope;4750;;0.8732631578947369;0.941016333938294;0.8732631578947369;0.9058746451190217;4148;260;602
949;strawberry;4750;;0.9178947368421052;0.8939922083247899;0.9178947368421052;0.9057858107406254;4360;517;390
872;tripod;4750;;0.876;0.9373732822707818;0.876;0.9056480574600067;4161;278;589
379;howler_monkey;4750;;0.8896842105263157;0.9221034257036875;0.8896842105263157;0.9056037715632701;4226;357;524
614;kimono;4750;;0.9303157894736842;0.881508078994614;0.9303157894736842;0.9052545324183141;4419;594;331
697;pajama;4750;;0.9002105263157895;0.9101745423584504;0.9002105263157895;0.9051651143099069;4276;422;474
701;parachute;4750;;0.9452631578947368;0.8679682969263484;0.9452631578947368;0.9049682555678725;4490;683;260
821;steel_arch_bridge;4750;;0.9130526315789473;0.8968155500413565;0.9130526315789473;0.9048612559983308;4337;499;413
592;hard_disc;4750;;0.856421052631579;0.9578526018365905;0.856421052631579;0.9043014338112704;4068;179;682
855;thimble;4750;;0.8705263157894737;0.9404139185808505;0.8705263157894737;0.9041215699136329;4135;262;615
801;snorkel;4750;;0.9170526315789473;0.8915268112975849;0.9170526315789473;0.904109589041096;4356;530;394
756;rain_barrel;4750;;0.8629473684210527;0.9492820750347383;0.8629473684210527;0.9040582267313629;4099;219;651
955;jackfruit;4750;;0.9343157894736842;0.87534516765286;0.9343157894736842;0.9038696537678207;4438;632;312
306;rhinoceros_beetle;4750;;0.8669473684210526;0.9440623567171023;0.8669473684210526;0.9038630377524145;4118;244;632
775;sarong;4750;;0.8713684210526316;0.9387616239510093;0.8713684210526316;0.9038104596571679;4139;270;611
244;Tibetan_mastiff;4750;;0.8905263157894737;0.9171725932350391;0.8905263157894737;0.9036530655842768;4230;382;520
603;horse_cart;4750;;0.8797894736842106;0.9286666666666666;0.8797894736842106;0.9035675675675676;4179;321;571
422;barbell;4750;;0.8856842105263157;0.9217791411042945;0.8856842105263157;0.903371269057333;4207;357;543
253;basenji;4750;;0.8814736842105263;0.9261225392612253;0.8814736842105263;0.9032466832056952;4187;334;563
160;Afghan_hound;4750;;0.9;0.9062963748145008;0.9;0.9031372134783986;4275;442;475
720;pill_bottle;4750;;0.8856842105263157;0.9199650120271157;0.8856842105263157;0.9024991955379169;4207;366;543
551;face_powder;4750;;0.9088421052631579;0.8958290101680847;0.9088421052631579;0.9022886404012957;4317;502;433
593;harmonica;4750;;0.9046315789473685;0.8998952879581151;0.9046315789473685;0.902257217847769;4297;478;453
886;vending_machine;4750;;0.9275789473684211;0.8782140721546741;0.9275789473684211;0.9022217671751817;4406;611;344
631;lotion;4750;;0.9202105263157895;0.8848178137651822;0.9202105263157895;0.9021671826625387;4371;569;379
284;Siamese_cat;4750;;0.9576842105263158;0.8513943477447127;0.9576842105263158;0.901416823541068;4549;794;201
332;Angora;4750;;0.907578947368421;0.8945839385764681;0.907578947368421;0.9010345908663393;4311;508;439
466;bullet_train;4750;;0.9429473684210526;0.8623411628802464;0.9429473684210526;0.9008447304907482;4479;715;271
254;pug;4750;;0.8785263157894737;0.9242524916943522;0.8785263157894737;0.9008094981111711;4173;342;577
51;triceratops;4750;;0.8894736842105263;0.9123299503347009;0.8894736842105263;0.9007568489500053;4225;406;525
786;sewing_machine;4750;;0.8509473684210527;0.9566863905325443;0.8509473684210527;0.9007242339832869;4042;183;708
547;electric_locomotive;4750;;0.9044210526315789;0.8970557527667572;0.9044210526315789;0.900723346262711;4296;493;454
452;bonnet;4750;;0.8406315789473684;0.9696454589606606;0.8406315789473684;0.9005412719891747;3993;125;757
883;vase;4750;;0.8612631578947368;0.9432787641226654;0.8612631578947368;0.9004071750852867;4091;246;659
842;swimming_trunks;4750;;0.9231578947368421;0.8782295213298618;0.9231578947368421;0.9001334291286051;4385;608;365
840;swab;4750;;0.8637894736842106;0.9393315018315018;0.8637894736842106;0.8999780653652116;4103;265;647
901;whiskey_jug;4750;;0.9218947368421052;0.8789642713769571;0.9218947368421052;0.8999177969584875;4379;603;371
796;ski_mask;4750;;0.9216842105263158;0.8791164658634538;0.9216842105263158;0.8998972250770811;4378;602;372
781;scoreboard;4750;;0.9021052631578947;0.8973821989528796;0.9021052631578947;0.8997375328083991;4285;490;465
941;acorn_squash;4750;;0.8551578947368421;0.9484006537473734;0.8551578947368421;0.899368980405181;4062;221;688
503;cocktail_shaker;4750;;0.9065263157894737;0.891880695940348;0.9065263157894737;0.8991438713718941;4306;522;444
924;guacamole;4750;;0.8545263157894737;0.9485861182519281;0.8545263157894737;0.8991028906855687;4059;220;691
543;dumbbell;4750;;0.8743157894736842;0.9249443207126948;0.8743157894736842;0.8989177489177489;4153;337;597
131;little_blue_heron;4750;;0.9168421052631579;0.881578947368421;0.9168421052631579;0.8988648090815273;4355;585;395
605;iPod;4750;;0.8555789473684211;0.9466573491730724;0.8555789473684211;0.8988167643481146;4064;229;686
959;carbonara;4750;;0.880421052631579;0.9177090190915076;0.880421052631579;0.8986784140969164;4182;375;568
71;scorpion;4750;;0.8930526315789473;0.9040920716112532;0.8930526315789473;0.8985384452446514;4242;450;508
512;corkscrew;4750;;0.9366315789473684;0.8632130384167637;0.9366315789473684;0.8984248788368336;4449;705;301
398;abacus;4750;;0.8810526315789474;0.9163564703306328;0.8810526315789474;0.8983578405066008;4185;382;565
178;Weimaraner;4750;;0.8985263157894737;0.8973927670311186;0.8985263157894737;0.8979591836734695;4268;488;482
805;soccer_ball;4750;;0.9570526315789474;0.8451385015802194;0.9570526315789474;0.897620693059532;4546;833;204
496;Christmas_stocking;4750;;0.9486315789473684;0.8516348516348516;0.9486315789473684;0.8975201673140125;4506;785;244
195;Boston_bull;4750;;0.9014736842105263;0.893386188191112;0.9014736842105263;0.8974117153934822;4282;511;468
874;trolleybus;4750;;0.907578947368421;0.8866721513780337;0.907578947368421;0.8970037453183521;4311;551;439
755;radio_telescope;4750;;0.9353684210526316;0.8615474112856312;0.9353684210526316;0.8969415564752196;4443;714;307
20;water_ouzel;4750;;0.8688421052631579;0.9267909274646305;0.8688421052631579;0.8968814517005324;4127;326;623
458;brass;4750;;0.8623157894736843;0.9336676544335537;0.8623157894736843;0.8965743679544709;4096;291;654
661;Model_T;4750;;0.9458947368421052;0.8520766167267211;0.9458947368421052;0.8965379626858226;4493;780;257
752;racket;4750;;0.9111578947368421;0.8821850794944965;0.9111578947368421;0.8964374482187241;4328;578;422
412;ashcan;4750;;0.8345263157894737;0.9677734375;0.8345263157894737;0.896224282161429;3964;132;786
467;butcher_shop;4750;;0.8602105263157894;0.9352254520485237;0.8602105263157894;0.8961508937383486;4086;283;664
745;projector;4750;;0.8536842105263158;0.9430232558139535;0.8536842105263158;0.8961325966850829;4055;245;695
583;guillotine;4750;;0.9092631578947369;0.8828699918233851;0.9092631578947369;0.8958722256793197;4319;573;431
774;sandal;4750;;0.8355789473684211;0.9654585259061056;0.8355789473684211;0.8958356844599933;3969;142;781
778;scale;4750;;0.8301052631578948;0.9728596101653096;0.8301052631578948;0.8958309667158924;3943;110;807
647;measuring_cup;4750;;0.8538947368421053;0.9417227768748548;0.8538947368421053;0.8956608148393508;4056;251;694
932;pretzel;4750;;0.8654736842105263;0.9279909706546275;0.8654736842105263;0.8956427015250544;4111;319;639
147;grey_whale;4750;;0.8949473684210526;0.8951358180669615;0.8949473684210526;0.8950415833245605;4251;498;499
740;power_drill;4750;;0.8385263157894737;0.95906573561281;0.8385263157894737;0.8947545771088398;3983;170;767
688;oscilloscope;4750;;0.964;0.8346700692672256;0.964;0.8946854239937475;4579;907;171
738;pot;4750;;0.9250526315789473;0.86615414941849;0.9250526315789473;0.894635040211748;4394;679;356
831;studio_couch;4750;;0.8821052631578947;0.9073191857947164;0.8821052631578947;0.8945345858240821;4190;428;560
338;guinea_pig;4750;;0.8372631578947368;0.9599324161235819;0.8372631578947368;0.8944113347576745;3977;166;773
364;three-toed_sloth;4750;;0.8806315789473684;0.9085577758470895;0.8806315789473684;0.8943767372247167;4183;421;567
695;padlock;4750;;0.9490526315789474;0.8454613653413353;0.9490526315789474;0.8942670105137871;4508;824;242
699;panpipe;4750;;0.892;0.8963401734715465;0.892;0.894164820090746;4237;490;513
268;Mexican_hairless;4750;;0.9113684210526316;0.8766707168894289;0.9113684210526316;0.8936829066886871;4329;609;421
841;sweatshirt;4750;;0.836;0.95987430505197;0.836;0.8936649037920559;3971;166;779
589;hand_blower;4750;;0.828421052631579;0.9699285186098102;0.828421052631579;0.8936073577835811;3935;122;815
384;indri;4750;;0.8688421052631579;0.9189490091293698;0.8688421052631579;0.8931933773401146;4127;364;623
834;suit;4750;;0.8307368421052631;0.9652641878669276;0.8307368421052631;0.8929622086444897;3946;142;804
251;dalmatian;4750;;0.9021052631578947;0.8838696369636964;0.9021052631578947;0.8928943529902064;4285;563;465
105;koala;4750;;0.876421052631579;0.9097465034965035;0.876421052631579;0.8927728929873473;4163;413;587
565;freight_car;4750;;0.948;0.8435743724241289;0.948;0.8927438540840603;4503;835;247
365;orangutan;4750;;0.9416842105263158;0.8484446130500759;0.9416842105263158;0.8926362003592098;4473;799;277
156;Blenheim_spaniel;4750;;0.9170526315789473;0.8691141260973663;0.9170526315789473;0.892440073755378;4356;656;394
931;bagel;4750;;0.8562105263157894;0.9317296678121421;0.8562105263157894;0.892375205704882;4067;298;683
927;trifle;4750;;0.968;0.8271271811476885;0.968;0.8920360849742944;4598;961;152
569;garbage_truck;4750;;0.9269473684210526;0.8596251464271769;0.9269473684210526;0.8920178282009725;4403;719;347
113;snail;4750;;0.8808421052631579;0.902502157031924;0.8808421052631579;0.8915405923716172;4184;452;566
784;screwdriver;4750;;0.8189473684210526;0.978124214231833;0.8189473684210526;0.891486192276842;3890;87;860
802;snowmobile;4750;;0.9435789473684211;0.8447041085563513;0.9435789473684211;0.8914081145584726;4482;824;268
608;jean;4750;;0.8903157894736842;0.8921940928270042;0.8903157894736842;0.8912539515279241;4229;511;521
474;cardigan;4750;;0.8972631578947369;0.8851505711318796;0.8972631578947369;0.8911657083115526;4262;553;488
790;shopping_basket;4750;;0.863578947368421;0.9201435621354868;0.863578947368421;0.8909643788010426;4102;356;648
679;necklace;4750;;0.904;0.878118609406953;0.904;0.8908713692946059;4294;596;456
122;American_lobster;4750;;0.9113684210526316;0.8712014489836989;0.9113684210526316;0.8908323901635969;4329;640;421
553;file;4750;;0.8425263157894737;0.9449822904368359;0.8425263157894737;0.8908180300500835;4002;233;748
877;turnstile;4750;;0.8391578947368421;0.949047619047619;0.8391578947368421;0.8907262569832401;3986;214;764
502;clog;4750;;0.872421052631579;0.9095697980684812;0.872421052631579;0.8906082097571459;4144;412;606
717;pickup;4750;;0.8372631578947368;0.9507530480516376;0.8372631578947368;0.8904063584462106;3977;206;773
694;paddlewheel;4750;;0.9204210526315789;0.8618174650108417;0.9204210526315789;0.8901557568970783;4372;701;378
653;milk_can;4750;;0.8701052631578947;0.9105529852390394;0.8701052631578947;0.8898697384002583;4133;406;617
814;speedboat;4750;;0.9402105263157895;0.8443940253356021;0.9402105263157895;0.8897300527941031;4466;823;284
540;drilling_platform;4750;;0.9469473684210526;0.8388660947407683;0.9469473684210526;0.8896360759493671;4498;864;252
704;parking_meter;4750;;0.8781052631578947;0.9010585439619788;0.8781052631578947;0.8894338415609339;4171;458;579
693;paddle;4750;;0.8355789473684211;0.9506586826347305;0.8355789473684211;0.8894117647058823;3969;206;781
806;sock;4750;;0.8812631578947369;0.8973204715969989;0.8812631578947369;0.8892193308550186;4186;479;564
7;cock;4750;;0.8968421052631579;0.8810754912099276;0.8968421052631579;0.8888888888888887;4260;575;490
981;ballplayer;4750;;0.9216842105263158;0.8582630856694766;0.9216842105263158;0.8888437722058675;4378;723;372
767;rubber_eraser;4750;;0.8334736842105264;0.9519115171916326;0.8334736842105264;0.88876417106297;3959;200;791
757;recreational_vehicle;4750;;0.8917894736842106;0.8854515050167224;0.8917894736842106;0.8886091881686595;4236;548;514
245;French_bulldog;4750;;0.8376842105263158;0.9460294816928198;0.8376842105263158;0.8885663242518983;3979;227;771
80;black_grouse;4750;;0.9042105263157895;0.8733224888165921;0.9042105263157895;0.8884981381878362;4295;623;455
411;apron;4750;;0.8227368421052632;0.9656535705460835;0.8227368421052632;0.8884847106968286;3908;139;842
57;garter_snake;4750;;0.8581052631578947;0.920921825576141;0.8581052631578947;0.8884045335658238;4076;350;674
937;broccoli;4750;;0.9101052631578948;0.8675496688741722;0.9101052631578948;0.8883180930853797;4323;660;427
882;vacuum;4750;;0.832;0.95274831243973;0.832;0.8882895032591593;3952;196;798
393;anemone_fish;4750;;0.883578947368421;0.892219387755102;0.883578947368421;0.8878781468161624;4197;507;553
659;mixing_bowl;4750;;0.871578947368421;0.9045226130653267;0.871578947368421;0.8877452557092314;4140;437;610
148;killer_whale;4750;;0.9326315789473684;0.8468744025998853;0.9326315789473684;0.8876866045486425;4430;801;320
763;revolver;4750;;0.9545263157894737;0.8294914013904134;0.9545263157894737;0.8876272513703994;4534;932;216
38;banded_gecko;4750;;0.8802105263157894;0.8949058219178082;0.8802105263157894;0.8874973466355338;4181;491;569
888;viaduct;4750;;0.8574736842105263;0.9183765501691094;0.8574736842105263;0.8868807838867718;4073;362;677
859;toaster;4750;;0.859578947368421;0.9154708520179372;0.859578947368421;0.8866449511400651;4083;377;667
830;stretcher;4750;;0.8421052631578947;0.9361104610344021;0.8421052631578947;0.8866230743655104;4000;273;750
375;colobus;4750;;0.8983157894736842;0.8751025430680885;0.8983157894736842;0.88655724080615;4267;609;483
652;military_uniform;4750;;0.8334736842105264;0.9453199617956065;0.8334736842105264;0.8858805101812486;3959;229;791
838;sunscreen;4750;;0.8168421052631579;0.9675810473815462;0.8168421052631579;0.8858447488584476;3880;130;870
725;pitcher;4750;;0.8191578947368421;0.9643122676579926;0.8191578947368421;0.8858281161070005;3891;144;859
132;American_egret;4750;;0.9221052631578948;0.8519743240614667;0.9221052631578948;0.8856536245071276;4380;761;370
777;scabbard;4750;;0.8732631578947369;0.8978354978354979;0.8732631578947369;0.8853788687299894;4148;472;602
31;tree_frog;4750;;0.9067368421052632;0.864859437751004;0.9067368421052632;0.8853031860226105;4307;673;443
963;pizza;4750;;0.8802105263157894;0.889953171562367;0.8802105263157894;0.8850550381033023;4181;517;569
896;washbasin;4750;;0.8991578947368422;0.8712770297837618;0.8991578947368422;0.8849979278905927;4271;631;479
441;beer_glass;4750;;0.9328421052631579;0.8415954415954416;0.9328421052631579;0.8848726909635547;4431;834;319
649;megalith;4750;;0.8665263157894737;0.9038208168642952;0.8665263157894737;0.8847807394668958;4116;438;634
920;traffic_light;4750;;0.895578947368421;0.87422934648582;0.895578947368421;0.8847753743760399;4254;612;496
429;baseball;4750;;0.8389473684210527;0.9356656492134304;0.8389473684210527;0.8846708846708846;3985;274;765
770;running_shoe;4750;;0.8930526315789473;0.8760842627013631;0.8930526315789473;0.8844870725604671;4242;600;508
447;binoculars;4750;;0.8970526315789473;0.8720835038886615;0.8970526315789473;0.8843918638439187;4261;625;489
867;trailer_truck;4750;;0.8770526315789474;0.8903611882880957;0.8770526315789474;0.8836568034786298;4166;513;584
303;long-horned_beetle;4750;;0.8349473684210527;0.9380321665089877;0.8349473684210527;0.8834929828469592;3966;262;784
517;crane;4750;;0.8547368421052631;0.9142085115964873;0.8547368421052631;0.8834729626808835;4060;381;690
70;harvestman;4750;;0.8191578947368421;0.9583743842364532;0.8191578947368421;0.8833144154370034;3891;169;859
541;drum;4750;;0.844;0.9262939001848429;0.844;0.883234192553426;4009;319;741
463;bucket;4750;;0.8406315789473684;0.929685681024447;0.8406315789473684;0.8829187396351574;3993;302;757
958;hay;4750;;0.872;0.8940211526009065;0.872;0.8828732814664819;4142;491;608
396;lionfish;4750;;0.9298947368421052;0.8400532521871434;0.9298947368421052;0.8826938449240607;4417;841;333
294;brown_bear;4750;;0.916;0.8516343707183401;0.916;0.8826452987118368;4351;758;399
889;violin;4750;;0.8570526315789474;0.9097206703910614;0.8570526315789474;0.8826016260162601;4071;404;679
907;wine_bottle;4750;;0.8391578947368421;0.9306560821853841;0.8391578947368421;0.8825417912100076;3986;297;764
936;head_cabbage;4750;;0.8949473684210526;0.8700368399508801;0.8949473684210526;0.8823163138231631;4251;635;499
261;keeshond;4750;;0.8888421052631579;0.8757519186890687;0.8888421052631579;0.8822484588862187;4222;599;528
891;waffle_iron;4750;;0.856;0.909416237978081;0.856;0.8819000108448108;4066;405;684
286;cougar;4750;;0.8486315789473684;0.9175961757341224;0.8486315789473684;0.8817674723832439;4031;362;719
646;maze;4750;;0.9423157894736842;0.8284286507495836;0.9423157894736842;0.8817098394563184;4476;927;274
912;worm_fence;4750;;0.8705263157894737;0.8928957028719499;0.8705263157894737;0.8815691290907153;4135;496;615
274;dhole;4750;;0.8545263157894737;0.9094779296437374;0.8545263157894737;0.8811462064474114;4059;404;691
514;cowboy_boot;4750;;0.8583157894736843;0.9051953818827708;0.8583157894736843;0.8811324832504862;4077;427;673
218;Welsh_springer_spaniel;4750;;0.9027368421052632;0.8605257876781056;0.9027368421052632;0.8811260659611632;4288;695;462
477;carpenter's_kit;4750;;0.8726315789473684;0.8894849785407726;0.8726315789473684;0.8809776833156218;4145;515;605
983;scuba_diver;4750;;0.876421052631579;0.8853679285410464;0.876421052631579;0.8808717731696994;4163;539;587
557;flagpole;4750;;0.8669473684210526;0.8950228211258422;0.8669473684210526;0.8807614158913484;4118;483;632
427;barrel;4750;;0.904;0.858628274345131;0.904;0.8807301815198442;4294;707;456
531;digital_watch;4750;;0.8671578947368421;0.8942683456361268;0.8671578947368421;0.8805044890979051;4119;487;631
982;groom;4750;;0.8237894736842105;0.9453974389949263;0.8237894736842105;0.8804139948250647;3913;226;837
529;diaper;4750;;0.8237894736842105;0.9453974389949263;0.8237894736842105;0.8804139948250647;3913;226;837
715;pickelhaube;4750;;0.8741052631578947;0.8868005126014523;0.8741052631578947;0.8804071246819338;4152;530;598
826;stopwatch;4750;;0.8406315789473684;0.9236641221374046;0.8406315789473684;0.8801939821448252;3993;330;757
765;rocking_chair;4750;;0.8372631578947368;0.9276883601586191;0.8372631578947368;0.8801593449153481;3977;310;773
632;loudspeaker;4750;;0.8452631578947368;0.9179240969364426;0.8452631578947368;0.8800964489259095;4015;359;735
544;Dutch_oven;4750;;0.8757894736842106;0.8843537414965986;0.8757894736842106;0.8800507721599323;4160;544;590
852;tennis_ball;4750;;0.8776842105263158;0.8819547281573937;0.8776842105263158;0.8798142872216945;4169;558;581
504;coffee_mug;4750;;0.8202105263157895;0.9486242999756513;0.8202105263157895;0.879756125098792;3896;211;854
149;dugong;4750;;0.8978947368421053;0.8621386699009501;0.8978947368421053;0.8796535010828093;4265;682;485
626;lighter;4750;;0.8421052631578947;0.9199632014719411;0.8421052631578947;0.8793141349747198;4000;348;750
650;microphone;4750;;0.8202105263157895;0.9474708171206225;0.8202105263157895;0.8792597607763485;3896;216;854
665;moped;4750;;0.8273684210526315;0.9379474940334129;0.8273684210526315;0.8791946308724832;3930;260;820
627;limousine;4750;;0.8896842105263157;0.8688322368421053;0.8896842105263157;0.879134595381735;4226;638;524
443;bib;4750;;0.859578947368421;0.8995373430270985;0.859578947368421;0.879104316934008;4083;456;667
709;pencil_box;4750;;0.8082105263157895;0.9636044176706827;0.8082105263157895;0.8790931989924434;3839;145;911
785;seat_belt;4750;;0.8947368421052632;0.8638211382113821;0.8947368421052632;0.8790072388831437;4250;670;500
346;water_buffalo;4750;;0.8562105263157894;0.9027746947835739;0.8562105263157894;0.8788762830902215;4067;438;683
628;liner;4750;;0.8726315789473684;0.885116378389921;0.8726315789473684;0.8788296406233436;4145;538;605
468;cab;4750;;0.891578947368421;0.866230312947433;0.891578947368421;0.8787218591140159;4235;654;515
942;butternut_squash;4750;;0.8492631578947368;0.9101985559566786;0.8492631578947368;0.878675669788717;4034;398;716
666;mortar;4750;;0.9046315789473685;0.8537651500099345;0.9046315789473685;0.878462639272207;4297;736;453
79;centipede;4750;;0.856421052631579;0.9013959672058498;0.856421052631579;0.878333153406024;4068;445;682
938;cauliflower;4750;;0.8753684210526316;0.8813056379821959;0.8753684210526316;0.8783269961977186;4158;560;592
300;tiger_beetle;4750;;0.9105263157894737;0.8480392156862745;0.9105263157894737;0.8781725888324873;4325;775;425
53;ringneck_snake;4750;;0.8492631578947368;0.9083539743301058;0.8492631578947368;0.8778152540528777;4034;407;716
875;trombone;4750;;0.8452631578947368;0.9129149613460664;0.8452631578947368;0.8777874945343245;4015;383;735
225;malinois;4750;;0.9181052631578948;0.8405936777178104;0.9181052631578948;0.877641376534514;4361;827;389
279;Arctic_fox;4750;;0.8837894736842106;0.8714967822296035;0.8837894736842106;0.8776000836207798;4198;619;552
682;obelisk;4750;;0.8568421052631578;0.8992487847989394;0.8568421052631578;0.877533419577404;4070;456;680
289;snow_leopard;4750;;0.8983157894736842;0.857516077170418;0.8983157894736842;0.8774419082870656;4267;709;483
1;goldfish;4750;;0.9467368421052632;0.8174877295037266;0.9467368421052632;0.8773778167983611;4497;1004;253
731;plunger;4750;;0.8050526315789474;0.9632241813602015;0.8050526315789474;0.8770642201834862;3824;146;926
350;ibex;4750;;0.9303157894736842;0.8295475877604656;0.9303157894736842;0.8770467401012206;4419;908;331
75;black_widow;4750;;0.9058947368421053;0.8498913687537033;0.9058947368421053;0.8769998980943646;4303;760;447
812;space_shuttle;4750;;0.92;0.8378067484662577;0.92;0.8769817379088901;4370;846;380
495;china_cabinet;4750;;0.8648421052631579;0.8891774891774892;0.8648421052631579;0.8768409818569903;4108;512;642
989;hip;4750;;0.9677894736842105;0.801150226559777;0.9677894736842105;0.8766209000762777;4597;1141;153
748;purse;4750;;0.7917894736842105;0.9814718162839249;0.7917894736842105;0.8764856676765321;3761;71;989
853;thatch;4750;;0.9021052631578947;0.8522275258552108;0.9021052631578947;0.8764573532419717;4285;743;465
86;partridge;4750;;0.8473684210526315;0.9071444669821952;0.8473684210526315;0.876238162621095;4025;412;725
117;chambered_nautilus;4750;;0.9267368421052632;0.830879577198943;0.9267368421052632;0.8761942675159237;4402;896;348
596;hatchet;4750;;0.8414736842105263;0.9121405750798722;0.8414736842105263;0.875383267630311;3997;385;753
710;pencil_sharpener;4750;;0.8467368421052631;0.9058558558558558;0.8467368421052631;0.8752992383025026;4022;418;728
858;tile_roof;4750;;0.8486315789473684;0.9036090562654113;0.8486315789473684;0.8752578438823146;4031;430;719
423;barber_chair;4750;;0.8770526315789474;0.8728263146867798;0.8770526315789474;0.8749343694214008;4166;607;584
827;stove;4750;;0.8612631578947368;0.8885751520417029;0.8612631578947368;0.8747060081248664;4091;513;659
28;spotted_salamander;4750;;0.836421052631579;0.9160710168319115;0.836421052631579;0.8744360074832178;3973;364;777
734;police_van;4750;;0.8888421052631579;0.8604035051966579;0.8888421052631579;0.8743916330123227;4222;685;528
56;king_snake;4750;;0.7882105263157895;0.9816465652857892;0.7882105263157895;0.8743577767398412;3744;70;1006
301;ladybug;4750;;0.9311578947368421;0.823956780923994;0.9311578947368421;0.8742834552283061;4423;945;327
804;soap_dispenser;4750;;0.7981052631578948;0.9663522814172827;0.7981052631578948;0.8742073100426611;3791;132;959
658;mitten;4750;;0.875578947368421;0.8722734899328859;0.875578947368421;0.873923093086783;4159;609;591
440;beer_bottle;4750;;0.9227368421052632;0.8297993184399849;0.9227368421052632;0.8738038277511962;4383;899;367
41;whiptail;4750;;0.8263157894736842;0.9263629926835025;0.8263157894736842;0.8734839212195393;3925;312;825
8;hen;4750;;0.8471578947368421;0.9012318029115342;0.8471578947368421;0.8733586543678783;4024;441;726
985;daisy;4750;;0.9890526315789474;0.7816971713810316;0.9890526315789474;0.8732342007434944;4698;1312;52
494;chime;4750;;0.8496842105263158;0.8980863373386738;0.8496842105263158;0.87321505841627;4036;458;714
587;hammer;4750;;0.8250526315789474;0.927135083983913;0.8250526315789474;0.8731201960565892;3919;308;831
910;wooden_spoon;4750;;0.8111578947368421;0.9448258950465914;0.8111578947368421;0.8729043951064794;3853;225;897
813;spatula;4750;;0.8178947368421052;0.9356936416184971;0.8178947368421052;0.8728375645922265;3885;267;865
706;patio;4750;;0.8082105263157895;0.9486039041265135;0.8082105263157895;0.8727975446174833;3839;208;911
759;reflex_camera;4750;;0.8991578947368422;0.8475888073030363;0.8991578947368422;0.8726121156400041;4271;768;479
217;English_springer;4750;;0.8585263157894737;0.8859439495980882;0.8585263157894737;0.8720196728322464;4078;525;672
703;park_bench;4750;;0.8833684210526316;0.8608945424702503;0.8833684210526316;0.8719866999168745;4196;678;554
210;German_short-haired_pointer;4750;;0.8612631578947368;0.8820612332902112;0.8612631578947368;0.8715381337878142;4091;547;659
616;knot;4750;;0.8978947368421053;0.8462301587301587;0.8978947368421053;0.8712972420837589;4265;775;485
296;ice_bear;4750;;0.8978947368421053;0.8457267499504263;0.8978947368421053;0.8710303277851527;4265;778;485
580;greenhouse;4750;;0.8545263157894737;0.8876011371091187;0.8545263157894737;0.870749758661375;4059;514;691
500;cliff_dwelling;4750;;0.8557894736842105;0.8862001308044474;0.8557894736842105;0.870729356324301;4065;522;685
880;unicycle;4750;;0.8783157894736842;0.8632319470308297;0.8783157894736842;0.870708546384222;4172;661;578
844;switch;4750;;0.8374736842105264;0.906563354603464;0.8374736842105264;0.870650032829941;3978;410;772
857;throne;4750;;0.8901052631578947;0.851389448248087;0.8901052631578947;0.8703170028818444;4228;738;522
676;muzzle;4750;;0.7981052631578948;0.9568399798081777;0.7981052631578948;0.8702938475665749;3791;171;959
772;safety_pin;4750;;0.8210526315789474;0.9254864736592311;0.8210526315789474;0.8701472556894244;3900;314;850
951;lemon;4750;;0.8402105263157895;0.902124773960217;0.8402105263157895;0.8700675822977981;3991;433;759
584;hair_slide;4750;;0.8402105263157895;0.901513440252993;0.8402105263157895;0.869783153536014;3991;436;759
825;stone_wall;4750;;0.8414736842105263;0.9000225174510246;0.8414736842105263;0.8697638994668698;3997;444;753
730;plow;4750;;0.8103157894736842;0.9385515727871251;0.8103157894736842;0.8697322336459158;3849;252;901
418;ballpoint;4750;;0.8273684210526315;0.9162975052459781;0.8273684210526315;0.8695652173913043;3930;359;820
758;reel;4750;;0.8532631578947368;0.886482939632546;0.8532631578947368;0.8695558892941428;4053;519;697
4;hammerhead;4750;;0.8181052631578948;0.9276677011219862;0.8181052631578948;0.8694484841704889;3886;303;864
538;dome;4750;;0.8686315789473684;0.8700970054829186;0.8686315789473684;0.8693636746734092;4126;616;624
793;shower_cap;4750;;0.891578947368421;0.8481874624474264;0.891578947368421;0.8693420917581853;4235;758;515
276;hyena;4750;;0.9122105263157895;0.8302356773328223;0.9122105263157895;0.8692948139231618;4333;886;417
670;motor_scooter;4750;;0.9381052631578948;0.8098873137041076;0.9381052631578948;0.869293796332423;4456;1046;294
635;magnetic_compass;4750;;0.9128421052631579;0.8292216484987569;0.9128421052631579;0.8690249524000401;4336;893;414
213;Irish_setter;4750;;0.8671578947368421;0.8708245243128964;0.8671578947368421;0.8689873417721518;4119;611;631
950;orange;4750;;0.8490526315789474;0.8893054024255789;0.8490526315789474;0.8687129779213787;4033;502;717
601;hoopskirt;4750;;0.88;0.8570842731187205;0.88;0.8683909836917004;4180;697;570
640;manhole_cover;4750;;0.8216842105263158;0.92008486562942;0.8216842105263158;0.8681049822064056;3903;339;847
962;meat_loaf;4750;;0.8307368421052631;0.9079613437643811;0.8307368421052631;0.8676341248900616;3946;400;804
578;gown;4750;;0.8368421052631579;0.9005437245129134;0.8368421052631579;0.8675250982103885;3975;439;775
619;lampshade;4750;;0.7882105263157895;0.9639546858908342;0.7882105263157895;0.8672689367616401;3744;140;1006
571;gas_pump;4750;;0.8846315789473684;0.8502630513961958;0.8846315789473684;0.8671068922822947;4202;740;548
967;espresso;4750;;0.8869473684210526;0.8480273752012882;0.8869473684210526;0.8670508335048364;4213;755;537
487;cellular_telephone;4750;;0.9086315789473685;0.8290434114483288;0.9086315789473685;0.8670148654077944;4316;890;434
643;mask;4750;;0.8814736842105263;0.8522287807856707;0.8814736842105263;0.8666045741488151;4187;726;563
320;damselfly;4750;;0.9058947368421053;0.8303743728290235;0.9058947368421053;0.8664921465968587;4303;879;447
394;sturgeon;4750;;0.8143157894736842;0.925580282364202;0.8143157894736842;0.8663904132601635;3868;311;882
510;container_ship;4750;;0.9568421052631579;0.791398223924778;0.9568421052631579;0.8662918135900124;4545;1198;205
747;punching_bag;4750;;0.8566315789473684;0.8758071459319845;0.8566315789473684;0.866113239676458;4069;577;681
739;potter's_wheel;4750;;0.9242105263157895;0.8147735708982925;0.9242105263157895;0.8660485302821069;4390;998;360
570;gasmask;4750;;0.9214736842105263;0.8167568576226908;0.9214736842105263;0.86596102482936;4377;982;373
367;chimpanzee;4750;;0.9042105263157895;0.8304331013147719;0.9042105263157895;0.865752872404757;4295;877;455
506;coil;4750;;0.8362105263157895;0.8974243108901943;0.8362105263157895;0.865736704446382;3972;454;778
134;crane;4750;;0.7797894736842105;0.9729445757814552;0.7797894736842105;0.8657239686806124;3704;103;1046
114;slug;4750;;0.8164210526315789;0.9211401425178147;0.8164210526315789;0.865625;3878;332;872
776;sax;4750;;0.8216842105263158;0.9144798500468604;0.8216842105263158;0.865602129075183;3903;365;847
766;rotisserie;4750;;0.8978947368421053;0.8351282553358136;0.8978947368421053;0.8653748605052246;4265;842;485
104;wallaby;4750;;0.836;0.8965906525174983;0.836;0.8652358644732541;3971;458;779
969;eggnog;4750;;0.8545263157894737;0.8761061946902655;0.8545263157894737;0.865181711606096;4059;574;691
897;washer;4750;;0.8061052631578948;0.9332195954179868;0.8061052631578948;0.8650175081893143;3829;274;921
567;frying_pan;4750;;0.8267368421052631;0.9067190025398292;0.8267368421052631;0.8648827221671622;3927;404;823
618;ladle;4750;;0.7677894736842106;0.989956568946797;0.7677894736842106;0.8648328195399573;3647;37;1103
157;papillon;4750;;0.8850526315789473;0.8450251256281407;0.8850526315789473;0.8645758354755784;4204;771;546
604;hourglass;4750;;0.9743157894736842;0.7770315648085964;0.9743157894736842;0.8645619278909022;4628;1328;122
469;caldron;4750;;0.8349473684210527;0.8960686850429281;0.8349473684210527;0.8644289450741064;3966;460;784
150;sea_lion;4750;;0.7957894736842105;0.9459459459459459;0.7957894736842105;0.8643951520695174;3780;216;970
654;minibus;4750;;0.8985263157894737;0.8326180257510729;0.8985263157894737;0.8643175374645605;4268;858;482
45;Gila_monster;4750;;0.7850526315789473;0.9610824742268042;0.7850526315789473;0.8641946697566628;3729;151;1021
432;bassoon;4750;;0.864;0.8643639427127211;0.864;0.8641819330385344;4104;644;646
518;crash_helmet;4750;;0.9050526315789473;0.8267307692307693;0.9050526315789473;0.8641206030150753;4299;901;451
692;packet;4750;;0.8218947368421052;0.91002331002331;0.8218947368421052;0.8637168141592919;3904;386;846
675;moving_van;4750;;0.8181052631578948;0.9145681336785126;0.8181052631578948;0.863651516835204;3886;363;864
523;crutch;4750;;0.8271578947368421;0.9021814006888633;0.8271578947368421;0.8630422844590884;3929;426;821
519;crate;4750;;0.8433684210526315;0.8835465372739303;0.8433684210526315;0.862990090478242;4006;528;744
542;drumstick;4750;;0.8258947368421052;0.90329265484688;0.8258947368421052;0.8628615418453754;3923;420;827
708;pedestal;4750;;0.8008421052631579;0.9351032448377581;0.8008421052631579;0.8627806758902247;3804;264;946
179;Staffordshire_bullterrier;4750;;0.8056842105263158;0.9284327996118389;0.8056842105263158;0.8627141568981064;3827;295;923
906;Windsor_tie;4750;;0.8909473684210526;0.8358680624135888;0.8909473684210526;0.8625292978701722;4232;831;518
845;syringe;4750;;0.8423157894736842;0.883613074204947;0.8423157894736842;0.8624703599913774;4001;527;749
318;lacewing;4750;;0.8827368421052632;0.842644694533762;0.8827368421052632;0.8622249640139831;4193;783;557
29;axolotl;4750;;0.8970526315789473;0.8299571484222829;0.8970526315789473;0.8622015378389317;4261;873;489
769;rule;4750;;0.840421052631579;0.884555727897186;0.840421052631579;0.8619237827917522;3992;521;758
662;modem;4750;;0.7808421052631579;0.9616282084521649;0.7808421052631579;0.8618566283257814;3709;148;1041
174;Norwegian_elkhound;4750;;0.8650526315789474;0.8585457584621814;0.8650526315789474;0.861786912751678;4109;677;641
537;dogsled;4750;;0.9694736842105263;0.7752525252525253;0.9694736842105263;0.86155285313377;4605;1335;145
586;half_track;4750;;0.8772631578947369;0.8462632006498781;0.8772631578947369;0.8614843911515402;4167;757;583
585;hair_spray;4750;;0.792;0.9440401505646173;0.792;0.8613623354321696;3762;223;988
30;bullfrog;4750;;0.8623157894736843;0.8599622086920008;0.8623157894736843;0.8611373909387154;4096;667;654
47;African_chameleon;4750;;0.8738947368421053;0.8487016969944796;0.8738947368421053;0.8611139923244476;4151;740;599
572;goblet;4750;;0.8292631578947368;0.8954307797226643;0.8292631578947368;0.8610777134113018;3939;460;811
971;bubble;4750;;0.8642105263157894;0.857709987463435;0.8642105263157894;0.8609479865771812;4105;681;645
674;mousetrap;4750;;0.8985263157894737;0.8256916231379378;0.8985263157894737;0.8605706220385121;4268;901;482
309;bee;4750;;0.8235789473684211;0.9003452243958573;0.8235789473684211;0.8602528862012094;3912;433;838
215;Brittany_spaniel;4750;;0.8383157894736842;0.883318544809228;0.8383157894736842;0.8602289911427954;3982;526;768
419;Band_Aid;4750;;0.8665263157894737;0.8539419087136929;0.8665263157894737;0.8601880877742947;4116;704;634
498;cinema;4750;;0.8309473684210527;0.8911718220817341;0.8309473684210527;0.8600065366597669;3947;482;803
198;standard_schnauzer;4750;;0.7688421052631579;0.9743863393810032;0.7688421052631579;0.8594963520828429;3652;96;1098
638;maillot;4750;;0.8545263157894737;0.8641686182669789;0.8545263157894737;0.8593204191806924;4059;638;691
820;steam_locomotive;4750;;0.9282105263157895;0.7997460547796118;0.9282105263157895;0.8592029620968528;4409;1104;341
660;mobile_home;4750;;0.8181052631578948;0.9039311467783205;0.8181052631578948;0.8588794341916234;3886;413;864
864;tow_truck;4750;;0.8149473684210526;0.907620164126612;0.8149473684210526;0.8587909040488075;3871;394;879
811;space_heater;4750;;0.7772631578947369;0.9582143784064365;0.7772631578947369;0.8583052423573173;3692;161;1058
404;airliner;4750;;0.9225263157894736;0.8021233754347428;0.9225263157894736;0.8581220013708019;4382;1081;368
520;crib;4750;;0.8303157894736842;0.8874887488748875;0.8303157894736842;0.8579508375027193;3944;500;806
264;Cardigan;4750;;0.7901052631578948;0.9380154961259685;0.7901052631578948;0.8577305450805622;3753;248;997
480;cash_machine;4750;;0.8124210526315789;0.9075729068673566;0.8124210526315789;0.8573650299933349;3859;393;891
636;mailbag;4750;;0.8976842105263158;0.820473350009621;0.8976842105263158;0.8573439227907911;4264;933;486
645;maypole;4750;;0.964421052631579;0.7716018191005558;0.964421052631579;0.857303265649855;4581;1356;169
305;dung_beetle;4750;;0.8313684210526315;0.8846326164874552;0.8313684210526315;0.8571738658563056;3949;515;801
787;shield;4750;;0.8025263157894736;0.9196622436670687;0.8025263157894736;0.8571107363687464;3812;333;938
617;lab_coat;4750;;0.8926315789473684;0.8241010689990281;0.8926315789473684;0.8569984840828702;4240;905;510
366;gorilla;4750;;0.891578947368421;0.824732229795521;0.891578947368421;0.856853818917552;4235;900;515
721;pillow;4750;;0.7665263157894737;0.9711923179514538;0.7665263157894737;0.8568066831391931;3641;108;1109
287;lynx;4750;;0.8530526315789474;0.8604799320450202;0.8530526315789474;0.8567501850089863;4052;657;698
828;strainer;4750;;0.7844210526315789;0.9428137651821862;0.7844210526315789;0.8563548609515053;3726;226;1024
597;holster;4750;;0.7768421052631579;0.9537348151977255;0.7768421052631579;0.8562478245736164;3690;179;1060
939;zucchini;4750;;0.8044210526315789;0.9143335726250299;0.8044210526315789;0.8558629185799081;3821;358;929
410;apiary;4750;;0.8648421052631579;0.8464867092520091;0.8648421052631579;0.8555659689680308;4108;745;642
588;hamper;4750;;0.8378947368421052;0.8729984645755648;0.8378947368421052;0.8550864754538618;3980;579;770
223;schipperke;4750;;0.8191578947368421;0.894277177660308;0.8191578947368421;0.8550708713328206;3891;460;859
383;Madagascar_cat;4750;;0.9315789473684211;0.7898964655480185;0.9315789473684211;0.8549072642967542;4425;1177;325
395;gar;4750;;0.8507368421052631;0.8588735387885228;0.8507368421052631;0.8547858276044421;4041;664;709
293;cheetah;4750;;0.9231578947368421;0.79568136454364;0.9231578947368421;0.85469252509502;4385;1126;365
283;Persian_cat;4750;;0.8865263157894737;0.825039184952978;0.8865263157894737;0.8546783032271159;4211;893;539
639;maillot;4750;;0.8267368421052631;0.8844594594594595;0.8267368421052631;0.8546245919477693;3927;513;823
235;German_shepherd;4750;;0.8336842105263158;0.8761061946902655;0.8336842105263158;0.8543689320388349;3960;560;790
729;plate_rack;4750;;0.787578947368421;0.9331504115739586;0.787578947368421;0.854207101267268;3741;268;1009
336;marmot;4750;;0.8625263157894737;0.8454395377631035;0.8625263157894737;0.853897457273864;4097;749;653
760;refrigerator;4750;;0.8538947368421053;0.8538947368421053;0.8538947368421053;0.8538947368421052;4056;694;694
377;marmoset;4750;;0.8433684210526315;0.8646665227714224;0.8433684210526315;0.8538846850687413;4006;627;744
81;ptarmigan;4750;;0.796;0.9199513381995134;0.796;0.8534988713318286;3781;329;969
818;spotlight;4750;;0.8122105263157895;0.8982537834691502;0.8122105263157895;0.8530679933665009;3858;437;892
568;fur_coat;4750;;0.8901052631578947;0.8189037381367422;0.8901052631578947;0.8530212851810755;4228;935;522
940;spaghetti_squash;4750;;0.8037894736842105;0.9083987627884844;0.8037894736842105;0.8528984697866636;3818;385;932
229;Old_English_sheepdog;4750;;0.9153684210526316;0.7972130546387972;0.9153684210526316;0.8522148177185418;4348;1106;402
789;shoji;4750;;0.9033684210526316;0.8064273632775794;0.9033684210526316;0.8521497368682356;4291;1030;459
546;electric_guitar;4750;;0.8618947368421053;0.8411752619683583;0.8618947368421053;0.8514089632941666;4094;773;656
400;academic_gown;4750;;0.7530526315789474;0.9791951820421572;0.7530526315789474;0.8513626085921695;3577;76;1173
270;white_wolf;4750;;0.8103157894736842;0.896784715750233;0.8103157894736842;0.8513603185136032;3849;443;901
499;cleaver;4750;;0.8048421052631579;0.9033553875236295;0.8048421052631579;0.8512580716989534;3823;409;927
21;kite;4750;;0.919578947368421;0.7923090876111011;0.919578947368421;0.8512130955860859;4368;1145;382
445;bikini;4750;;0.8730526315789474;0.8303964757709251;0.8730526315789474;0.8511904761904763;4147;847;603
48;Komodo_dragon;4750;;0.8572631578947368;0.8451639684516397;0.8572631578947368;0.8511705685618729;4072;746;678
273;dingo;4750;;0.8204210526315789;0.8838738943070991;0.8204210526315789;0.8509662626924336;3897;512;853
965;burrito;4750;;0.7663157894736842;0.9563846558066211;0.7663157894736842;0.8508648901355773;3640;166;1110
753;radiator;4750;;0.8326315789473684;0.8698042665493733;0.8326315789473684;0.85081208992148;3955;592;795
331;hare;4750;;0.8301052631578948;0.8725381721619827;0.8301052631578948;0.8507929657999784;3943;576;807
893;wallet;4750;;0.7938947368421052;0.9159582220063153;0.7938947368421052;0.8505695274613737;3771;346;979
898;water_bottle;4750;;0.8067368421052632;0.8988974900304949;0.8067368421052632;0.8503273050038832;3832;431;918
492;chest;4750;;0.8193684210526315;0.8835414301929625;0.8193684210526315;0.8502457673402513;3892;513;858
634;lumbermill;4750;;0.82;0.8826195331973714;0.82;0.8501582451162283;3895;518;855
310;ant;4750;;0.9084210526315789;0.798630390523783;0.9084210526315789;0.8499950753471879;4315;1088;435
600;hook;4750;;0.7677894736842106;0.9514740412209758;0.7677894736842106;0.8498194104625423;3647;186;1103
437;beacon;4750;;0.8290526315789474;0.8714317326842221;0.8290526315789474;0.8497141007659942;3938;581;812
361;skunk;4750;;0.9364210526315789;0.7776223776223776;0.9364210526315789;0.849665711556829;4448;1272;302
489;chainlink_fence;4750;;0.8391578947368421;0.8603496654435571;0.8391578947368421;0.8496216561867207;3986;647;764
595;harvester;4750;;0.9265263157894736;0.7843521653894137;0.9265263157894736;0.849531898465399;4401;1210;349
943;cucumber;4750;;0.8549473684210527;0.8439318370739817;0.8549473684210527;0.849403890399498;4061;751;689
836;sunglass;4750;;0.848;0.8506863780359029;0.848;0.8493410648392198;4028;707;722
220;Sussex_spaniel;4750;;0.7983157894736842;0.907177033492823;0.7983157894736842;0.8492721164613661;3792;388;958
809;soup_bowl;4750;;0.7789473684210526;0.9331651954602774;0.7789473684210526;0.849110728628801;3700;265;1050
633;loupe;4750;;0.8183157894736842;0.8822060826146164;0.8183157894736842;0.8490607252075142;3887;519;863
795;ski;4750;;0.9244210526315789;0.7848078641644325;0.9244210526315789;0.8489125181246978;4391;1204;359
211;vizsla;4750;;0.8168421052631579;0.8828213879408419;0.8168421052631579;0.8485511208310552;3880;515;870
343;warthog;4750;;0.8330526315789474;0.86435124508519;0.8330526315789474;0.8484133790737565;3957;621;793
327;starfish;4750;;0.9421052631578948;0.7711528519731173;0.9421052631578948;0.8481000663318489;4475;1328;275
125;hermit_crab;4750;;0.82;0.8780432822362488;0.82;0.8480296102765077;3895;541;855
822;steel_drum;4750;;0.8633684210526316;0.8330286410725167;0.8633684210526316;0.8479272200971777;4101;822;649
505;coffeepot;4750;;0.8589473684210527;0.8369230769230769;0.8589473684210527;0.8477922077922078;4080;795;670
556;fire_screen;4750;;0.8418947368421053;0.8537574722459437;0.8418947368421053;0.8477846088615645;3999;685;751
866;tractor;4750;;0.8077894736842105;0.891496282527881;0.8077894736842105;0.8475811795891318;3837;467;913
352;impala;4750;;0.8970526315789473;0.8032045240339303;0.8970526315789473;0.8475385380407756;4261;1044;489
749;quill;4750;;0.848421052631579;0.8464608275572358;0.848421052631579;0.8474398065397961;4030;731;720
964;potpie;4750;;0.836421052631579;0.8584701815038893;0.836421052631579;0.8473021966304115;3973;655;777
33;loggerhead;4750;;0.8488421052631578;0.8447517284726587;0.8488421052631578;0.846791977318072;4032;741;718
470;candle;4750;;0.8277894736842105;0.8664609960334949;0.8277894736842105;0.8466838931955211;3932;606;818
173;Ibizan_hound;4750;;0.7587368421052632;0.9572377158034528;0.7587368421052632;0.8465061655901351;3604;161;1146
689;overskirt;4750;;0.7793684210526316;0.9261946459844884;0.7793684210526316;0.846461643992226;3702;295;1048
397;puffer;4750;;0.8187368421052632;0.8759009009009009;0.8187368421052632;0.846354733405876;3889;551;861
513;cornet;4750;;0.8214736842105264;0.8723451822043371;0.8214736842105264;0.8461455058007156;3902;571;848
237;miniature_pinscher;4750;;0.8258947368421052;0.8671529619805481;0.8258947368421052;0.8460211343541082;3923;601;827
196;miniature_schnauzer;4750;;0.8688421052631579;0.8240814696485623;0.8688421052631579;0.8458700553392089;4127;881;623
835;sundial;4750;;0.7936842105263158;0.9053794428434198;0.7936842105263158;0.8458604442450078;3770;394;980
462;broom;4750;;0.8016842105263158;0.8943165805542508;0.8016842105263158;0.8454706927175843;3808;450;942
262;Brabancon_griffon;4750;;0.8197894736842105;0.8727028238458091;0.8197894736842105;0.8454190186712983;3894;568;856
850;teddy;4750;;0.9212631578947369;0.780870806566738;0.9212631578947369;0.8452771875603631;4376;1228;374
52;thunder_snake;4750;;0.8389473684210527;0.8516777089121608;0.8389473684210527;0.845264609184431;3985;694;765
236;Doberman;4750;;0.7741052631578947;0.930414979757085;0.7741052631578947;0.8450930820501034;3677;275;1073
478;carton;4750;;0.7861052631578948;0.9122892743708771;0.7861052631578948;0.8445097817482755;3734;359;1016
579;grand_piano;4750;;0.7943157894736842;0.9013377926421404;0.7943157894736842;0.8444494180841541;3773;413;977
550;espresso_maker;4750;;0.8052631578947368;0.8874709976798144;0.8052631578947368;0.8443708609271523;3825;485;925
390;eel;4750;;0.7663157894736842;0.9395973154362416;0.7663157894736842;0.844155844155844;3640;234;1110
833;submarine;4750;;0.8494736842105263;0.8385286783042394;0.8494736842105263;0.8439656975528131;4035;777;715
227;kelpie;4750;;0.8117894736842105;0.8787602552415679;0.8117894736842105;0.8439483475596411;3856;532;894
702;parallel_bars;4750;;0.916;0.7818508535489668;0.916;0.8436257876878333;4351;1214;399
413;assault_rifle;4750;;0.8909473684210526;0.8007568590350047;0.8909473684210526;0.84344793223717;4232;1053;518
803;snowplow;4750;;0.9267368421052632;0.7730944854232525;0.9267368421052632;0.8429720413634623;4402;1292;348
414;backpack;4750;;0.7412631578947368;0.9764281752634498;0.7412631578947368;0.8427477261847774;3521;85;1229
762;restaurant;4750;;0.8501052631578947;0.8353330575093091;0.8501052631578947;0.8426544240400666;4038;796;712
243;bull_mastiff;4750;;0.8006315789473685;0.8889668069191211;0.8006315789473685;0.8424900310146212;3803;475;947
928;ice_cream;4750;;0.772;0.9269464105156724;0.772;0.8424075350333103;3667;289;1083
290;jaguar;4750;;0.7646315789473684;0.9365652398143373;0.7646315789473684;0.8419100602688919;3632;246;1118
171;Italian_greyhound;4750;;0.8;0.8880579574666978;0.8;0.8417321962565069;3800;479;950
923;plate;4750;;0.7585263157894737;0.94492525570417;0.7585263157894737;0.8415275020436762;3603;210;1147
935;mashed_potato;4750;;0.8105263157894737;0.8748011815496478;0.8105263157894737;0.8414380941973555;3850;551;900
27;eft;4750;;0.7797894736842105;0.9136655155402073;0.7797894736842105;0.8414357110404361;3704;350;1046
623;letter_opener;4750;;0.7421052631578947;0.9713419674841555;0.7421052631578947;0.8413891872538488;3525;104;1225
442;bell_cote;4750;;0.8206315789473684;0.8631532329495128;0.8206315789473684;0.8413554932009497;3898;618;852
501;cloak;4750;;0.8006315789473685;0.8854481955762514;0.8006315789473685;0.8409065782200111;3803;492;947
434;bath_towel;4750;;0.7677894736842106;0.9294087665647298;0.7677894736842106;0.8409038505879639;3647;277;1103
930;French_loaf;4750;;0.8322105263157895;0.8495594240275092;0.8322105263157895;0.8407954908008082;3953;700;797
39;common_iguana;4750;;0.8658947368421053;0.8167196187450357;0.8658947368421053;0.8405885959534027;4113;923;637
449;boathouse;4750;;0.8557894736842105;0.8258837870784234;0.8557894736842105;0.8405707196029777;4065;857;685
723;pinwheel;4750;;0.9265263157894736;0.7688679245283019;0.9265263157894736;0.8403666221118962;4401;1323;349
680;nipple;4750;;0.8943157894736842;0.7925373134328358;0.8943157894736842;0.8403560830860535;4248;1112;502
433;bathing_cap;4750;;0.9145263157894736;0.7769629762117689;0.9145263157894736;0.8401508558166522;4344;1247;406
683;oboe;4750;;0.9227368421052632;0.7711118930330753;0.9227368421052632;0.8401380103507763;4383;1301;367
807;solar_dish;4750;;0.8768421052631579;0.806077027288562;0.8768421052631579;0.8399717656549359;4165;1002;585
295;American_black_bear;4750;;0.8938947368421053;0.791130985653065;0.8938947368421053;0.8393792626272611;4246;1121;504
259;Pomeranian;4750;;0.88;0.8019953952417498;0.88;0.8391889178879745;4180;1032;570
956;custard_apple;4750;;0.9366315789473684;0.759863364645602;0.9366315789473684;0.8390381895332389;4449;1406;301
169;borzoi;4750;;0.8861052631578947;0.7958026091888826;0.8861052631578947;0.8385297340372547;4209;1080;541
362;badger;4750;;0.9416842105263158;0.7553191489361702;0.9416842105263158;0.8382683658170915;4473;1449;277
158;toy_terrier;4750;;0.8421052631578947;0.8342022940563086;0.8421052631578947;0.8381351492928235;4000;795;750
43;frilled_lizard;4750;;0.7810526315789473;0.9033357682006331;0.7810526315789473;0.8377554476685108;3710;397;1040
292;tiger;4750;;0.9322105263157895;0.7603021978021978;0.9322105263157895;0.837526007187441;4428;1396;322
879;umbrella;4750;;0.8568421052631578;0.8187487427077047;0.8568421052631578;0.8373624112745602;4070;901;680
402;acoustic_guitar;4750;;0.8501052631578947;0.8247549019607843;0.8501052631578947;0.8372382334646485;4038;858;712
713;photocopier;4750;;0.9185263157894736;0.768539721683988;0.9185263157894736;0.8368658290975353;4363;1314;387
574;golf_ball;4750;;0.9033684210526316;0.7793316382128587;0.9033684210526316;0.8367784711388455;4291;1215;459
925;consomme;4750;;0.9027368421052632;0.7797781414802691;0.9027368421052632;0.8367645623963312;4288;1211;462
724;pirate;4750;;0.7814736842105263;0.9003153043900073;0.7814736842105263;0.8366955933731546;3712;411;1038
368;gibbon;4750;;0.8475789473684211;0.8258461538461539;0.8475789473684211;0.8365714285714287;4026;849;724
435;bathtub;4750;;0.7907368421052632;0.8879432624113475;0.7907368421052632;0.8365256124721603;3756;474;994
177;Scottish_deerhound;4750;;0.8829473684210526;0.7940174176448315;0.8829473684210526;0.8361244019138756;4194;1088;556
263;Pembroke;4750;;0.8286315789473684;0.8437299035369775;0.8286315789473684;0.83611258629846;3936;729;814
656;minivan;4750;;0.7532631578947369;0.9393541611971646;0.7532631578947369;0.8360789811893913;3578;231;1172
792;shovel;4750;;0.7766315789473685;0.9048319843021829;0.7766315789473685;0.8358445678033307;3689;388;1061
946;cardoon;4750;;0.98;0.7282540675844806;0.98;0.8355770956740262;4655;1737;95
464;buckle;4750;;0.8023157894736842;0.8716834400731931;0.8023157894736842;0.8355623766717825;3811;561;939
180;American_Staffordshire_terrier;4750;;0.7728421052631579;0.9093386177854843;0.7728421052631579;0.8355525207693184;3671;366;1079
258;Samoyed;4750;;0.8614736842105263;0.8111000991080277;0.8614736842105263;0.8355283307810107;4092;953;658
798;slide_rule;4750;;0.7618947368421053;0.924629535002555;0.7618947368421053;0.8354108956602031;3619;295;1131
791;shopping_cart;4750;;0.8437894736842105;0.8270738753611225;0.8437894736842105;0.8353480616923719;4008;838;742
966;red_wine;4750;;0.8932631578947369;0.784433351821039;0.8932631578947369;0.835318436854021;4243;1166;507
403;aircraft_carrier;4750;;0.8825263157894737;0.7928882163797996;0.8825263157894737;0.8353093553850753;4192;1095;558
69;trilobite;4750;;0.860421052631579;0.8113956720270002;0.860421052631579;0.8351895371411057;4087;950;663
76;tarantula;4750;;0.8275789473684211;0.8424774967852551;0.8275789473684211;0.8349617672047578;3931;735;819
856;thresher;4750;;0.8170526315789474;0.8535297998680449;0.8170526315789474;0.834892976228891;3881;666;869
913;wreck;4750;;0.8050526315789474;0.8665307047360072;0.8050526315789474;0.8346611371821455;3824;589;926
733;pole;4750;;0.7482105263157894;0.941956003180493;0.7482105263157894;0.8339786460166607;3554;219;1196
459;brassiere;4750;;0.9006315789473684;0.7758433079434167;0.9006315789473684;0.8335931410756041;4278;1236;472
228;komondor;4750;;0.9227368421052632;0.7600138720305185;0.9227368421052632;0.8335076542740326;4383;1384;367
797;sleeping_bag;4750;;0.7930526315789473;0.8782933084635113;0.7930526315789473;0.8334992808939041;3767;522;983
475;car_mirror;4750;;0.9709473684210527;0.7290546949098957;0.9709473684210527;0.832791621524016;4612;1714;138
839;suspension_bridge;4750;;0.7574736842105263;0.924698021074274;0.7574736842105263;0.8327739844925357;3598;293;1152
372;baboon;4750;;0.8983157894736842;0.7761004001455074;0.8983157894736842;0.8327478532396565;4267;1231;483
922;menu;4750;;0.7608421052631579;0.9188914314772438;0.7608421052631579;0.8324311873776346;3614;319;1136
201;silky_terrier;4750;;0.7528421052631579;0.9305230288836847;0.7528421052631579;0.8323053648318398;3576;267;1174
944;artichoke;4750;;0.732;0.9634247714048213;0.732;0.8319176935040076;3477;132;1273
530;digital_clock;4750;;0.8195789473684211;0.8439193583351399;0.8195789473684211;0.8315710776460536;3893;720;857
421;bannister;4750;;0.8774736842105263;0.7901421800947868;0.8774736842105263;0.8315211970074813;4168;1107;582
491;chain_saw;4750;;0.9362105263157895;0.7476462676529926;0.9362105263157895;0.8313703495980557;4447;1501;303
862;torch;4750;;0.9058947368421053;0.7679814385150812;0.9058947368421053;0.8312566405872693;4303;1300;447
40;American_chameleon;4750;;0.8357894736842105;0.8263946711074105;0.8357894736842105;0.8310655222943271;3970;834;780
438;beaker;4750;;0.824;0.8381156316916488;0.824;0.8309978768577495;3914;756;836
899;water_jug;4750;;0.7235789473684211;0.9725523486134692;0.7235789473684211;0.8297923708353453;3437;97;1313
667;mortarboard;4750;;0.9501052631578948;0.7364556135770235;0.9501052631578948;0.8297481154624012;4513;1615;237
190;Sealyham_terrier;4750;;0.8882105263157895;0.7784132841328413;0.8882105263157895;0.8296951819075712;4219;1201;531
209;Chesapeake_Bay_retriever;4750;;0.7517894736842106;0.925369266649391;0.7517894736842106;0.829596933441747;3571;288;1179
337;beaver;4750;;0.7757894736842105;0.8911729141475212;0.7757894736842105;0.8294879009566685;3685;450;1065
192;cairn;4750;;0.7581052631578947;0.9155860666158149;0.7581052631578947;0.8294368305885064;3601;332;1149
735;poncho;4750;;0.883578947368421;0.7814187302178365;0.883578947368421;0.8293646872838653;4197;1174;553
110;flatworm;4750;;0.8905263157894737;0.7758620689655172;0.8905263157894737;0.8292491668300334;4230;1222;520
415;bakery;4750;;0.7964210526315789;0.864290610006854;0.7964210526315789;0.8289689930974032;3783;594;967
854;theater_curtain;4750;;0.9069473684210526;0.7631532329495129;0.9069473684210526;0.8288600288600289;4308;1337;442
370;guenon;4750;;0.7181052631578947;0.9796094198736358;0.7181052631578947;0.8287172011661808;3411;71;1339
224;groenendael;4750;;0.8178947368421052;0.8398184176394293;0.8178947368421052;0.8287116040955631;3885;741;865
42;agama;4750;;0.8545263157894737;0.8043995243757431;0.8545263157894737;0.8287055941200488;4059;987;691
696;paintbrush;4750;;0.8349473684210527;0.8224802986312734;0.8349473684210527;0.8286669452569997;3966;856;784
304;leaf_beetle;4750;;0.736;0.947682298725942;0.736;0.82853418651499;3496;193;1254
389;barracouta;4750;;0.9658947368421053;0.7252608283275371;0.9658947368421053;0.8284579270494763;4588;1738;162
182;Border_terrier;4750;;0.8134736842105263;0.8438523695129941;0.8134736842105263;0.8283846071390287;3864;715;886
861;toilet_seat;4750;;0.8652631578947368;0.7943563973714728;0.8652631578947368;0.8282950423216445;4110;1064;640
406;altar;4750;;0.8275789473684211;0.8286256323777403;0.8275789473684211;0.8281019591320834;3931;813;819
369;siamang;4750;;0.8197894736842105;0.836340206185567;0.8197894736842105;0.8279821390601744;3894;762;856
548;entertainment_center;4750;;0.9484210526315789;0.7340720221606648;0.9484210526315789;0.8275925415633324;4505;1632;245
622;lens_cap;4750;;0.7315789473684211;0.9512729263618943;0.7315789473684211;0.8270855646792812;3475;178;1275
151;Chihuahua;4750;;0.7589473684210526;0.9085181451612904;0.7589473684210526;0.82702454691443;3605;363;1145
214;Gordon_setter;4750;;0.8602105263157894;0.7960257159555816;0.8602105263157894;0.8268744308408378;4086;1047;664
860;tobacco_shop;4750;;0.8111578947368421;0.8431072210065645;0.8111578947368421;0.8268240343347639;3853;717;897
154;Pekinese;4750;;0.7896842105263158;0.8672832369942196;0.7896842105263158;0.8266666666666667;3751;574;999
881;upright;4750;;0.9050526315789473;0.7607503096797027;0.9050526315789473;0.8266512835304297;4299;1352;451
624;library;4750;;0.7945263157894736;0.8614471581830633;0.7945263157894736;0.8266345416712298;3774;607;976
424;barbershop;4750;;0.7326315789473684;0.9469387755102041;0.7326315789473684;0.826112759643917;3480;195;1270
644;matchstick;4750;;0.8465263157894737;0.806296370563465;0.8465263157894737;0.8259217418095923;4021;966;729
82;ruffed_grouse;4750;;0.8646315789473684;0.7899596076168494;0.8646315789473684;0.8256106141320735;4107;1092;643
126;isopod;4750;;0.8056842105263158;0.8457458563535911;0.8056842105263158;0.8252291105121293;3827;698;923
353;gazelle;4750;;0.7791578947368422;0.8770142180094787;0.7791578947368422;0.8251950947603122;3701;519;1049
534;dishwasher;4750;;0.7654736842105263;0.8944649446494465;0.7654736842105263;0.8249574588769142;3636;429;1114
378;capuchin;4750;;0.7882105263157895;0.8650646950092421;0.7882105263157895;0.8248512888301388;3744;584;1006
50;American_alligator;4750;;0.8054736842105263;0.8449646643109541;0.8054736842105263;0.8247467126535891;3826;702;924
868;tray;4750;;0.8221052631578948;0.8269800931808555;0.8221052631578948;0.824535472972973;3905;817;845
887;vestment;4750;;0.876;0.7783389450056116;0.876;0.8242868462757528;4161;1185;589
431;bassinet;4750;;0.8566315789473684;0.7941061670569868;0.8566315789473684;0.8241847275673487;4069;1055;681
121;king_crab;4750;;0.8044210526315789;0.844606542882405;0.8044210526315789;0.8240241535475522;3821;703;929
168;redbone;4750;;0.8237894736842105;0.8236160808250894;0.8237894736842105;0.8237027681296706;3913;838;837
315;mantis;4750;;0.7789473684210526;0.8732593816379514;0.7789473684210526;0.8234115945254257;3700;537;1050
446;binder;4750;;0.8084210526315789;0.8384279475982532;0.8084210526315789;0.8231511254019293;3840;740;910
493;chiffonier;4750;;0.7602105263157894;0.8969200198708396;0.7602105263157894;0.8229261622607109;3611;415;1139
651;microwave;4750;;0.8227368421052632;0.823083403538332;0.8227368421052632;0.822910086333965;3908;840;842
926;hot_pot;4750;;0.8806315789473684;0.7720561092654116;0.8806315789473684;0.8227773406766327;4183;1235;567
490;chain_mail;4750;;0.8722105263157894;0.7783204959609243;0.8722105263157894;0.8225950560905391;4143;1180;607
968;cup;4750;;0.7623157894736842;0.8929716399506782;0.7623157894736842;0.8224872231686543;3621;434;1129
311;grasshopper;4750;;0.7570526315789474;0.8998998998998999;0.7570526315789474;0.8223187742968214;3596;400;1154
185;Norfolk_terrier;4750;;0.7602105263157894;0.8946977205153618;0.7602105263157894;0.8219895287958114;3611;425;1139
199;Scotch_terrier;4750;;0.7534736842105263;0.9037878787878788;0.7534736842105263;0.8218140068886338;3579;381;1171
112;conch;4750;;0.7926315789473685;0.852967829632986;0.7926315789473685;0.8216935835879529;3765;649;985
118;Dungeness_crab;4750;;0.8410526315789474;0.8031765178930438;0.8410526315789474;0.8216783216783217;3995;979;755
164;bluetick;4750;;0.7989473684210526;0.8450233800935204;0.7989473684210526;0.8213396818526134;3795;696;955
916;web_site;4750;;0.9225263157894736;0.7390791027154664;0.9225263157894736;0.8206760932671598;4382;1547;368
581;grille;4750;;0.7326315789473684;0.9319764327798608;0.7326315789473684;0.8203677510608203;3480;254;1270
2;great_white_shark;4750;;0.9526315789473684;0.7201973579500238;0.9526315789473684;0.8202664733073506;4525;1758;225
219;cocker_spaniel;4750;;0.7728421052631579;0.8738395620090454;0.7728421052631579;0.8202435482069043;3671;530;1079
357;mink;4750;;0.7553684210526316;0.8972243060765192;0.7553684210526316;0.8202080237741457;3588;411;1162
960;chocolate_sauce;4750;;0.8309473684210527;0.8088114754098361;0.8309473684210527;0.819730010384216;3947;933;803
409;analog_clock;4750;;0.8892631578947369;0.7595756158964215;0.8892631578947369;0.8193191736979926;4224;1337;526
61;boa_constrictor;4750;;0.7658947368421053;0.8798065296251512;0.7658947368421053;0.8189082723691614;3638;497;1112
232;Border_collie;4750;;0.8711578947368421;0.7711516958628402;0.8711578947368421;0.8181099248714907;4138;1228;612
509;confectionery;4750;;0.8088421052631579;0.826592082616179;0.8088421052631579;0.8176207703766759;3842;806;908
590;hand-held_computer;4750;;0.8873684210526316;0.7574123989218329;0.8873684210526316;0.8172564226854095;4215;1350;535
558;flute;4750;;0.7208421052631578;0.9432506887052342;0.7208421052631578;0.8171837708830548;3424;206;1326
234;Rottweiler;4750;;0.7898947368421053;0.8463794270245883;0.7898947368421053;0.8171621474463683;3752;681;998
330;wood_rabbit;4750;;0.9023157894736842;0.7464298153953326;0.9023157894736842;0.8170034311856652;4286;1456;464
456;bow;4750;;0.9191578947368421;0.735016835016835;0.9191578947368421;0.8168381665107577;4366;1574;384
524;cuirass;4750;;0.7543157894736842;0.8906288839174745;0.7543157894736842;0.8168243474296135;3583;440;1167
671;mountain_bike;4750;;0.9421052631578948;0.7208440721649485;0.9421052631578948;0.816754882277788;4475;1733;275
313;walking_stick;4750;;0.7458947368421053;0.9022154316271963;0.7458947368421053;0.8166416964388614;3543;384;1207
909;wok;4750;;0.7206315789473684;0.9416781292984869;0.7206315789473684;0.8164579606440072;3423;212;1327
843;swing;4750;;0.9208421052631579;0.7331545424069729;0.9208421052631579;0.8163493840985444;4374;1592;376
450;bobsled;4750;;0.9296842105263158;0.7275123558484349;0.9296842105263158;0.8162661737523106;4416;1654;334
876;tub;4750;;0.78;0.8554606326483492;0.78;0.8159894284770399;3705;626;1045
416;balance_beam;4750;;0.9494736842105264;0.7138334916112694;0.9494736842105264;0.8149620527647272;4510;1808;240
750;quilt;4750;;0.7393684210526316;0.9074935400516796;0.7393684210526316;0.8148491879350347;3512;358;1238
312;cricket;4750;;0.7814736842105263;0.8511809218069251;0.7814736842105263;0.8148392053561628;3712;649;1038
212;English_setter;4750;;0.8004210526315789;0.8297686599738106;0.8004210526315789;0.8148306900985856;3802;780;948
577;gong;4750;;0.9467368421052632;0.714830710538865;0.9467368421052632;0.8146001268001087;4497;1794;253
288;leopard;4750;;0.8351578947368421;0.794035228182546;0.8351578947368421;0.8140775702852452;3967;1029;783
123;spiny_lobster;4750;;0.7258947368421053;0.9263836646963998;0.7258947368421053;0.813975448536355;3448;274;1302
921;book_jacket;4750;;0.8646315789473684;0.7682379349046016;0.8646315789473684;0.8135895404120443;4107;1239;643
602;horizontal_bar;4750;;0.6934736842105264;0.9835771872200657;0.6934736842105264;0.813433757253982;3294;55;1456
455;bottlecap;4750;;0.8486315789473684;0.7799922600619195;0.8486315789473684;0.8128654970760233;4031;1137;719
246;Great_Dane;4750;;0.7229473684210527;0.9271058315334774;0.7229473684210527;0.8123964986988409;3434;270;1316
194;Dandie_Dinmont;4750;;0.9006315789473684;0.7397544527062079;0.9006315789473684;0.8123041868413557;4278;1505;472
525;dam;4750;;0.8705263157894737;0.761369913459768;0.8705263157894737;0.8122974167567036;4135;1296;615
700;paper_towel;4750;;0.7850526315789473;0.8411910669975186;0.7850526315789473;0.8121528912120222;3729;704;1021
481;cassette;4750;;0.8132631578947368;0.811043460004199;0.8132631578947368;0.8121517922842426;3863;900;887
161;basset;4750;;0.844421052631579;0.782176287051482;0.844421052631579;0.8121077141121684;4011;1117;739
591;handkerchief;4750;;0.7852631578947369;0.8408476104598738;0.7852631578947369;0.812105377748748;3730;706;1020
461;breastplate;4750;;0.8534736842105263;0.7742551566080977;0.8534736842105263;0.8119367113959544;4054;1182;696
479;car_wheel;4750;;0.736;0.9052304505437597;0.736;0.8118903855085926;3496;366;1254
677;nail;4750;;0.7717894736842106;0.8561419897244278;0.7717894736842106;0.8117803365810451;3666;616;1084
359;black-footed_ferret;4750;;0.7496842105263158;0.8842811025577353;0.7496842105263158;0.8114389882647831;3561;466;1189
203;West_Highland_white_terrier;4750;;0.8608421052631579;0.7673109401388628;0.8608421052631579;0.8113900188510765;4089;1240;661
908;wing;4750;;0.7029473684210527;0.9592071243895433;0.7029473684210527;0.8113230470173733;3339;142;1411
533;dishrag;4750;;0.768;0.8589592653637862;0.768;0.8109369789929977;3648;599;1102
186;Norwich_terrier;4750;;0.8204210526315789;0.8005341002465078;0.8204210526315789;0.8103555832813475;3897;971;853
460;breakwater;4750;;0.7157894736842105;0.9330406147091108;0.7157894736842105;0.8101024541339051;3400;244;1350
249;malamute;4750;;0.7614736842105263;0.8651040420951925;0.7614736842105263;0.8099876833501288;3617;564;1133
851;television;4750;;0.8570526315789474;0.7669555388093444;0.8570526315789474;0.8095048717438854;4071;1237;679
205;flat-coated_retriever;4750;;0.7978947368421052;0.8214130905938448;0.7978947368421052;0.8094831268688595;3790;824;960
465;bulletproof_vest;4750;;0.9353684210526316;0.7132766094076096;0.9353684210526316;0.8093633299936243;4443;1786;307
371;patas;4750;;0.7336842105263158;0.8988908950219242;0.7336842105263158;0.8079285962675321;3485;392;1265
914;yawl;4750;;0.6890526315789474;0.9761407694601849;0.6890526315789474;0.8078489448352462;3273;80;1477
516;cradle;4750;;0.7061052631578948;0.9434599156118143;0.7061052631578948;0.8077062010836845;3354;201;1396
3;tiger_shark;4750;;0.7389473684210527;0.889282999746643;0.7389473684210527;0.8071748878923768;3510;437;1240
691;oxygen_mask;4750;;0.7469473684210526;0.8769154720711814;0.7469473684210526;0.8067303319690767;3548;498;1202
894;wardrobe;4750;;0.7882105263157895;0.8257609175121305;0.7882105263157895;0.8065489013356312;3744;790;1006
698;palace;4750;;0.7846315789473685;0.8296972395369546;0.7846315789473685;0.8065353819519586;3727;765;1023
564;four-poster;4750;;0.9082105263157895;0.7239469709682833;0.9082105263157895;0.8056774675506583;4314;1645;436
239;Bernese_mountain_dog;4750;;0.9357894736842105;0.7072394590294352;0.9357894736842105;0.8056184866334392;4445;1840;305
905;window_shade;4750;;0.7993684210526316;0.8114981833725154;0.7993684210526316;0.805387633895429;3797;882;953
476;carousel;4750;;0.9442105263157895;0.7018779342723005;0.9442105263157895;0.8052064631956912;4485;1905;265
242;boxer;4750;;0.7538947368421053;0.8637240713941148;0.7538947368421053;0.8050809352517986;3581;565;1169
44;alligator_lizard;4750;;0.6873684210526316;0.9708593517692536;0.6873684210526316;0.8048810550967582;3265;98;1485
208;Labrador_retriever;4750;;0.755578947368421;0.8604651162790697;0.755578947368421;0.8046183163322497;3589;582;1161
172;whippet;4750;;0.7033684210526315;0.9384831460674158;0.7033684210526315;0.8040914560770157;3341;219;1409
267;standard_poodle;4750;;0.8166315789473684;0.7900203665987781;0.8166315789473684;0.8031055900621117;3879;1031;871
116;chiton;4750;;0.840842105263158;0.7683724509426703;0.840842105263158;0.8029754724567753;3994;1204;756
297;sloth_bear;4750;;0.7581052631578947;0.8531153755034352;0.7581052631578947;0.8028090513878051;3601;620;1149
488;chain;4750;;0.7867368421052632;0.8182614407707467;0.7867368421052632;0.802189545991199;3737;830;1013
187;Yorkshire_terrier;4750;;0.7943157894736842;0.8089622641509434;0.7943157894736842;0.8015721266199278;3773;891;977
299;meerkat;4750;;0.9218947368421052;0.7086907266547985;0.9218947368421052;0.8013541952603166;4379;1800;371
193;Australian_terrier;4750;;0.7368421052631579;0.8763144717075614;0.7368421052631579;0.8005489478499543;3500;494;1250
159;Rhodesian_ridgeback;4750;;0.7922105263157895;0.8076840523717536;0.7922105263157895;0.7998724625358697;3763;896;987
202;soft-coated_wheaten_terrier;4750;;0.7227368421052631;0.8954094940010433;0.7227368421052631;0.7998602050326188;3433;401;1317
847;tank;4750;;0.7077894736842105;0.9180775532495904;0.7077894736842105;0.7993342843556823;3362;300;1388
256;Newfoundland;4750;;0.7378947368421053;0.8718905472636815;0.7378947368421053;0.799315849486887;3505;515;1245
106;wombat;4750;;0.712421052631579;0.9101667563206025;0.712421052631579;0.7992442135096834;3384;334;1366
78;tick;4750;;0.9149473684210526;0.7092036553524804;0.9149473684210526;0.7990439419010847;4346;1782;404
319;dragonfly;4750;;0.7602105263157894;0.8415287811698905;0.7602105263157894;0.7988054418758987;3611;680;1139
884;vault;4750;;0.8576842105263158;0.746974697469747;0.8576842105263158;0.7985103880831047;4074;1380;676
207;golden_retriever;4750;;0.8018947368421052;0.7950323523272803;0.8018947368421052;0.7984487999161513;3809;982;941
582;grocery_store;4750;;0.856421052631579;0.7465590016516792;0.856421052631579;0.7977252671830571;4068;1381;682
155;Shih-Tzu;4750;;0.7987368421052632;0.7942223152606238;0.7987368421052632;0.7964731814842029;3794;983;956
124;crayfish;4750;;0.6997894736842105;0.9223085460599334;0.6997894736842105;0.7957864496049796;3324;280;1426
669;mosquito_net;4750;;0.7943157894736842;0.7971688147052609;0.7943157894736842;0.7957397448064958;3773;960;977
302;ground_beetle;4750;;0.755578947368421;0.8403184265979864;0.755578947368421;0.7956989247311826;3589;682;1161
399;abaya;4750;;0.9191578947368421;0.7012528107934468;0.9191578947368421;0.7955539358600582;4366;1860;384
176;Saluki;4750;;0.8058947368421052;0.7852307692307692;0.8058947368421052;0.7954285714285714;3828;1047;922
436;beach_wagon;4750;;0.7505263157894737;0.8459895586141434;0.7505263157894737;0.7954038375725123;3565;649;1185
917;comic_book;4750;;0.8665263157894737;0.7339514978601998;0.8665263157894737;0.7947480208534466;4116;1492;634
165;black-and-tan_coonhound;4750;;0.7673684210526316;0.8239150090415913;0.7673684210526316;0.7946370176586004;3645;779;1105
109;brain_coral;4750;;0.787578947368421;0.8012422360248447;0.787578947368421;0.7943518420214459;3741;928;1009
819;stage;4750;;0.7747368421052632;0.8148804251550045;0.7747368421052632;0.7943017483272178;3680;836;1070
742;printer;4750;;0.7381052631578947;0.8561660561660561;0.7381052631578947;0.7927642736009045;3506;589;1244
648;medicine_chest;4750;;0.7290526315789474;0.8683550651955868;0.7290526315789474;0.7926298924238957;3463;525;1287
788;shoe_shop;4750;;0.8086315789473684;0.7769012944983819;0.8086315789473684;0.7924489374871055;3841;1103;909
329;sea_cucumber;4750;;0.7888421052631579;0.7960484384958573;0.7888421052631579;0.792428888653907;3747;960;1003
349;bighorn;4750;;0.8326315789473684;0.7557806229696159;0.8326315789473684;0.7923469898828007;3955;1278;795
508;computer_keyboard;4750;;0.8313684210526315;0.7563685117793526;0.8313684210526315;0.7920970815364556;3949;1272;801
824;stole;4750;;0.7589473684210526;0.8281644842637261;0.7589473684210526;0.7920465780511918;3605;748;1145
764;rifle;4750;;0.7456842105263158;0.8445398187887458;0.7456842105263158;0.7920393559928445;3542;652;1208
360;otter;4750;;0.9084210526315789;0.7012839265398992;0.9084210526315789;0.7915252682747868;4315;1838;435
754;radio;4750;;0.6783157894736842;0.9493223335297584;0.6783157894736842;0.7912573673870333;3222;172;1528
181;Bedlington_terrier;4750;;0.8686315789473684;0.7256419275413296;0.8686315789473684;0.7907244154848602;4126;1560;624
250;Siberian_husky;4750;;0.7195789473684211;0.8773100616016427;0.7195789473684211;0.7906546379828824;3418;478;1332
869;trench_coat;4750;;0.8349473684210527;0.7501418573860412;0.8349473684210527;0.7902759788781509;3966;1321;784
314;cockroach;4750;;0.7576842105263157;0.8254587155963303;0.7576842105263157;0.7901207464324916;3599;761;1151
885;velvet;4750;;0.7568421052631579;0.8256775378961874;0.7568421052631579;0.789762741652021;3595;759;1155
115;sea_slug;4750;;0.7004210526315789;0.9023596419853539;0.7004210526315789;0.7886689581604835;3327;360;1423
865;toyshop;4750;;0.8282105263157895;0.7526305720298451;0.8282105263157895;0.7886138117670642;3934;1293;816
895;warplane;4750;;0.8456842105263158;0.7382834037860687;0.8456842105263158;0.7883426552840743;4017;1424;733
454;bookshop;4750;;0.7989473684210526;0.777027027027027;0.7989473684210526;0.7878347519202824;3795;1089;955
197;giant_schnauzer;4750;;0.6848421052631579;0.9210079275198187;0.6848421052631579;0.785559043709249;3253;279;1497
373;macaque;4750;;0.8671578947368421;0.7178459393516905;0.8671578947368421;0.7854691075514875;4119;1619;631
780;schooner;4750;;0.9547368421052631;0.6670098543903515;0.9547368421052631;0.7853493808987791;4535;2264;215
999;toilet_tissue;4750;;0.6602105263157895;0.9687982700030893;0.6602105263157895;0.7852760736196319;3136;101;1614
718;pier;4750;;0.7145263157894737;0.8691421254801537;0.7145263157894737;0.7842865395725014;3394;511;1356
120;fiddler_crab;4750;;0.9;0.6943316550267987;0.9;0.7839002475474466;4275;1882;475
162;beagle;4750;;0.6842105263157895;0.9167842031029619;0.6842105263157895;0.7836045810729355;3250;295;1500
663;monastery;4750;;0.7656842105263157;0.8023384072358262;0.7656842105263157;0.7835828934611655;3637;896;1113
871;trimaran;4750;;0.9334736842105263;0.6750913520097442;0.9334736842105263;0.7835306591270542;4434;2134;316
976;promontory;4750;;0.8065263157894736;0.7601190476190476;0.8065263157894736;0.7826353421859038;3831;1209;919
183;Kerry_blue_terrier;4750;;0.8463157894736842;0.7266811279826464;0.8463157894736842;0.7819490371523049;4020;1512;730
152;Japanese_spaniel;4750;;0.9061052631578947;0.6864433811802233;0.9061052631578947;0.7811252268602541;4304;1966;446
65;sea_snake;4750;;0.7945263157894736;0.7664500406173842;0.7945263157894736;0.780235683274757;3774;1150;976
252;affenpinscher;4750;;0.8938947368421053;0.6905187835420393;0.8938947368421053;0.7791540508303514;4246;1903;504
342;wild_boar;4750;;0.8429473684210527;0.7236580516898609;0.8429473684210527;0.7787610619469025;4004;1529;746
751;racer;4750;;0.8271578947368421;0.7337068160597572;0.8271578947368421;0.777634834240475;3929;1426;821
741;prayer_rug;4750;;0.8966315789473684;0.6853878339233987;0.8966315789473684;0.7769062385990515;4259;1955;491
374;langur;4750;;0.8071578947368421;0.7480975609756098;0.8071578947368421;0.776506329113924;3834;1291;916
298;mongoose;4750;;0.7248421052631578;0.8346666666666667;0.7248421052631578;0.7758873239436619;3443;682;1307
673;mouse;4750;;0.6724210526315789;0.9146620847651775;0.6724210526315789;0.7750545983984469;3194;298;1556
998;ear;4750;;0.8852631578947369;0.6882160392798691;0.8852631578947369;0.774401473296501;4205;1905;545
598;home_theater;4750;;0.7804210526315789;0.7682901554404145;0.7804210526315789;0.774308093994778;3707;1118;1043
408;amphibian;4750;;0.884;0.6876842450049132;0.884;0.773581429624171;4199;1907;551
386;African_elephant;4750;;0.8063157894736842;0.7412425004838398;0.8063157894736842;0.7724110113945749;3830;1337;920
59;vine_snake;4750;;0.7347368421052631;0.8138992537313433;0.7347368421052631;0.7722947554768755;3490;798;1260
204;Lhasa;4750;;0.6863157894736842;0.8827511508258868;0.6863157894736842;0.772237356389909;3260;433;1490
49;African_crocodile;4750;;0.6650526315789473;0.9191155077102124;0.6650526315789473;0.7717112495419567;3159;278;1591
35;mud_turtle;4750;;0.6829473684210526;0.8846468502863376;0.6829473684210526;0.7708209575858382;3244;423;1506
175;otterhound;4750;;0.7724210526315789;0.7686989314896292;0.7724210526315789;0.7705554972172634;3669;1104;1081
206;curly-coated_retriever;4750;;0.7616842105263157;0.7772287862513426;0.7616842105263157;0.7693779904306219;3618;1037;1132
163;bloodhound;4750;;0.6730526315789473;0.8972775750771822;0.6730526315789473;0.7691567424515818;3197;366;1553
37;box_turtle;4750;;0.7090526315789474;0.8399002493765586;0.7090526315789474;0.7689497716894977;3368;642;1382
892;wall_clock;4750;;0.6863157894736842;0.8688699360341151;0.6863157894736842;0.7668783815572805;3260;492;1490
335;fox_squirrel;4750;;0.9275789473684211;0.6526440527329285;0.9275789473684211;0.7661942439787844;4406;2345;344
153;Maltese_dog;4750;;0.7421052631578947;0.7908907336773614;0.7421052631578947;0.7657217334636689;3525;932;1225
904;window_screen;4750;;0.8414736842105263;0.7022136331693605;0.8414736842105263;0.7655621528442828;3997;1695;753
32;tailed_frog;4750;;0.6498947368421053;0.9309408926417371;0.6498947368421053;0.7654351599305728;3087;229;1663
972;cliff;4750;;0.6772631578947368;0.8784817039868924;0.6772631578947368;0.7648597242035188;3217;445;1533
497;church;4750;;0.6703157894736842;0.8898826159865847;0.6703157894736842;0.7646493756003843;3184;394;1566
975;lakeside;4750;;0.7221052631578947;0.8108747044917257;0.7221052631578947;0.7639198218262806;3430;800;1320
221;Irish_water_spaniel;4750;;0.9088421052631579;0.6580792682926829;0.9088421052631579;0.763395225464191;4317;2243;433
341;hog;4750;;0.6922105263157895;0.8489542989930287;0.6922105263157895;0.7626116200858171;3288;585;1462
184;Irish_terrier;4750;;0.7303157894736843;0.7958247304427621;0.7303157894736843;0.7616642880667472;3469;890;1281
348;ram;4750;;0.7242105263157895;0.8009313154831199;0.7242105263157895;0.7606412382531788;3440;855;1310
744;projectile;4750;;0.7473684210526316;0.7724107919930374;0.7473684210526316;0.7596832869676867;3550;1046;1200
743;prison;4750;;0.8808421052631579;0.6667729083665339;0.8808421052631579;0.7590022675736962;4184;2091;566
980;volcano;4750;;0.8610526315789474;0.677264447756251;0.8610526315789474;0.758179627398276;4090;1949;660
961;dough;4750;;0.647578947368421;0.9100591715976332;0.647578947368421;0.7567035670356703;3076;304;1674
705;passenger_car;4750;;0.632;0.938125;0.632;0.7552201257861635;3002;198;1748
997;bolete;4750;;0.9086315789473685;0.6438907951663434;0.9086315789473685;0.7536889897843361;4316;2387;434
615;knee_pad;4750;;0.8981052631578947;0.6485253876558225;0.8981052631578947;0.753177966101695;4266;2312;484
405;airship;4750;;0.7901052631578948;0.7181400688863375;0.7901052631578948;0.7524057738572575;3753;1473;997
72;black_and_gold_garden_spider;4750;;0.9717894736842105;0.6123640222870788;0.9717894736842105;0.7513020833333333;4616;2922;134
848;tape_player;4750;;0.6193684210526316;0.9542653259811872;0.6193684210526316;0.7511809013149495;2942;141;1808
426;barometer;4750;;0.8966315789473684;0.645890203215044;0.8966315789473684;0.7508815232722145;4259;2335;491
382;squirrel_monkey;4750;;0.956421052631579;0.6166689290077372;0.956421052631579;0.7498555748122473;4543;2824;207
664;monitor;4750;;0.6915789473684211;0.8141263940520446;0.6915789473684211;0.7478656801365965;3285;750;1465
280;grey_fox;4750;;0.8067368421052632;0.6962209302325582;0.8067368421052632;0.7474156426760289;3832;1672;918
526;desk;4750;;0.7873684210526316;0.7091391733029958;0.7873684210526316;0.7462090981644054;3740;1534;1010
67;diamondback;4750;;0.743578947368421;0.7486222975837219;0.743578947368421;0.7460920997042669;3532;1186;1218
266;miniature_poodle;4750;;0.7134736842105264;0.7812355924389119;0.7134736842105264;0.745818661971831;3389;949;1361
191;Airedale;4750;;0.8827368421052632;0.6455735180908391;0.8827368421052632;0.7457536682970208;4193;2302;557
511;convertible;4750;;0.9602105263157895;0.6078091684434968;0.9602105263157895;0.7444099885751592;4561;2943;189
103;platypus;4750;;0.8311578947368421;0.6710861805201428;0.8311578947368421;0.7425938117182358;3948;1935;802
552;feather_boa;4750;;0.8892631578947369;0.6370079927612728;0.8892631578947369;0.7422897812143046;4224;2407;526
265;toy_poodle;4750;;0.7157894736842105;0.7702763932940644;0.7157894736842105;0.7420340462680053;3400;1014;1350
233;Bouvier_des_Flandres;4750;;0.740421052631579;0.7435517970401692;0.740421052631579;0.7419831223628691;3517;1213;1233
34;leatherback_turtle;4750;;0.7850526315789473;0.7025244913338358;0.7850526315789473;0.7414993040365879;3729;1579;1021
63;Indian_cobra;4750;;0.9124210526315789;0.6242258389745067;0.9124210526315789;0.7412982126058325;4334;2609;416
794;shower_curtain;4750;;0.7505263157894737;0.7321831998356952;0.7505263157894737;0.741241293273729;3565;1304;1185
453;bookcase;4750;;0.8326315789473684;0.6677359446226574;0.8326315789473684;0.7411224585402417;3955;1968;795
358;polecat;4750;;0.8536842105263158;0.6547715162279993;0.8536842105263158;0.741113040299735;4055;2138;695
108;sea_anemone;4750;;0.6949473684210526;0.792747358309318;0.6949473684210526;0.740632712586942;3301;863;1449
549;envelope;4750;;0.8058947368421052;0.6841823056300268;0.8058947368421052;0.7400676655389078;3828;1767;922
257;Great_Pyrenees;4750;;0.6237894736842106;0.9088957055214724;0.6237894736842106;0.7398252184769039;2963;297;1787
269;timber_wolf;4750;;0.8652631578947368;0.6449082064961557;0.8652631578947368;0.7390092600917018;4110;2263;640
54;hognose_snake;4750;;0.6768421052631579;0.8131006575619626;0.6768421052631579;0.7387408088235293;3215;739;1535
987;corn;4750;;0.6347368421052632;0.8820947922761849;0.6347368421052632;0.7382468168462292;3015;403;1735
974;geyser;4750;;0.8924210526315789;0.6293052256532067;0.8924210526315789;0.738115967264496;4239;2497;511
992;agaric;4750;;0.9098947368421053;0.6207986210858949;0.9098947368421053;0.7380464480874318;4322;2640;428
485;CD_player;4750;;0.6136842105263158;0.9224683544303798;0.6136842105263158;0.7370417193426043;2915;245;1835
657;missile;4750;;0.8122105263157895;0.6723597072150576;0.8122105263157895;0.7356979405034325;3858;1880;892
271;red_wolf;4750;;0.6665263157894736;0.8176652892561983;0.6665263157894736;0.7344003711435861;3166;706;1584
334;porcupine;4750;;0.863578947368421;0.635968992248062;0.863578947368421;0.7325;4102;2348;648
189;Lakeland_terrier;4750;;0.6764210526315789;0.7956909361069836;0.6764210526315789;0.7312243969048703;3213;825;1537
107;jellyfish;4750;;0.8768421052631579;0.6270701595904848;0.8768421052631579;0.7312148876404495;4165;2477;585
728;plastic_bag;4750;;0.7698947368421053;0.6959086584205518;0.7698947368421053;0.7310344827586207;3657;1598;1093
6;stingray;4750;;0.671578947368421;0.7994987468671679;0.671578947368421;0.7299771167048055;3190;800;1560
381;spider_monkey;4750;;0.6322105263157894;0.8624353819643883;0.6322105263157894;0.7295918367346939;3003;479;1747
62;rock_python;4750;;0.7307368421052631;0.7229743803374297;0.7307368421052631;0.7268348863993298;3471;1330;1279
996;hen-of-the-woods;4750;;0.8665263157894737;0.6247723132969034;0.8665263157894737;0.7260539777738577;4116;2472;634
58;water_snake;4750;;0.6825263157894736;0.7731934176007632;0.6825263157894736;0.7250363412725037;3242;951;1508
285;Egyptian_cat;4750;;0.5802105263157895;0.9566122874002083;0.5802105263157895;0.7223168654173765;2756;125;1994
782;screen;4750;;0.6054736842105263;0.8940006216972335;0.6054736842105263;0.7219781599096272;2876;341;1874
978;seashore;4750;;0.6576842105263158;0.7993858751279427;0.6576842105263158;0.7216447216447216;3124;784;1626
36;terrapin;4750;;0.8090526315789474;0.6511352084039309;0.8090526315789474;0.7215546376267368;3843;2059;907
222;kuvasz;4750;;0.7890526315789473;0.6631280962491154;0.7890526315789473;0.7206306479523168;3748;1904;1002
483;castle;4750;;0.8705263157894737;0.6138657957244655;0.8705263157894737;0.7200069650008707;4135;2601;615
226;briard;4750;;0.6517894736842105;0.8012422360248447;0.6517894736842105;0.7188298119340607;3096;768;1654
231;collie;4750;;0.716842105263158;0.7192648922686945;0.716842105263158;0.7180514550822438;3405;1329;1345
170;Irish_wolfhound;4750;;0.7058947368421052;0.7303419734262688;0.7058947368421052;0.7179102879777327;3353;1238;1397
599;honeycomb;4750;;0.751578947368421;0.6856155175724986;0.751578947368421;0.7170834588731545;3570;1637;1180
380;titi;4750;;0.5629473684210526;0.9874446085672083;0.5629473684210526;0.7170823277017968;2674;34;2076
817;sports_car;4750;;0.5774736842105264;0.9429357167411482;0.5774736842105264;0.7162814988901947;2743;166;2007
272;coyote;4750;;0.760421052631579;0.6767847105115233;0.760421052631579;0.7161693268563498;3612;1725;1138
815;spider_web;4750;;0.6541052631578947;0.7907864596589463;0.6541052631578947;0.7159811038138034;3107;822;1643
230;Shetland_sheepdog;4750;;0.6612631578947369;0.776706231454006;0.6612631578947369;0.7143506936547647;3141;903;1609
536;dock;4750;;0.6077894736842105;0.8648891551827441;0.6077894736842105;0.7138971315529179;2887;451;1863
979;valley;4750;;0.912;0.581554571083367;0.912;0.7102221493565047;4332;3117;418
484;catamaran;4750;;0.5646315789473684;0.955468471677948;0.5646315789473684;0.7098054783644302;2682;125;2068
385;Indian_elephant;4750;;0.8357894736842105;0.6160769708255742;0.8357894736842105;0.709308558156155;3970;2474;780
200;Tibetan_terrier;4750;;0.5749473684210527;0.9232589587559161;0.5749473684210527;0.7086144265697976;2731;227;2019
248;Eskimo_dog;4750;;0.6974736842105264;0.7181877303273357;0.6974736842105264;0.7076791626615401;3313;1300;1437
46;green_lizard;4750;;0.5873684210526315;0.886558627264061;0.5873684210526315;0.7065974420666075;2790;357;1960
281;tabby;4750;;0.9258947368421052;0.5701322271195229;0.9258947368421052;0.7057124518613608;4398;3316;352
527;desktop_computer;4750;;0.7726315789473684;0.6490979837283339;0.7726315789473684;0.7054978854286812;3670;1984;1080
64;green_mamba;4750;;0.792;0.6336533602829711;0.792;0.7040329372134368;3762;2175;988
690;oxcart;4750;;0.9410526315789474;0.5561776782381486;0.9410526315789474;0.6991475717525611;4470;3567;280
77;wolf_spider;4750;;0.8652631578947368;0.5837239028547081;0.8652631578947368;0.6971418878805868;4110;2931;640
620;laptop;4750;;0.9128421052631579;0.5591952540624194;0.9128421052631579;0.6935380678182982;4336;3418;414
167;English_foxhound;4750;;0.8669473684210526;0.5742574257425742;0.8669473684210526;0.6908816374465229;4118;3053;632
356;weasel;4750;;0.6783157894736842;0.7001303780964798;0.6783157894736842;0.6890504704875963;3222;1380;1528
241;EntleBucher;4750;;0.9191578947368421;0.5480793371830278;0.9191578947368421;0.6866939289084617;4366;3600;384
970;alp;4750;;0.6141052631578947;0.7778666666666667;0.6141052631578947;0.6863529411764706;2917;833;1833
5;electric_ray;4750;;0.8528421052631578;0.572984441301273;0.8528421052631578;0.6854483925549916;4051;3019;699
345;ox;4750;;0.5218947368421053;0.9864703541583765;0.5218947368421053;0.6826380283629354;2479;34;2271
166;Walker_hound;4750;;0.5650526315789474;0.8564135290363752;0.5650526315789474;0.6808726534753933;2684;450;2066
911;wool;4750;;0.7957894736842105;0.586046511627907;0.7957894736842105;0.675;3780;2670;970
539;doormat;4750;;0.7311578947368421;0.6258785366732744;0.7311578947368421;0.6744344111078746;3473;2076;1277
26;common_newt;4750;;0.7381052631578947;0.6130442385032349;0.7381052631578947;0.6697869901614291;3506;2213;1244
482;cassette_player;4750;;0.867578947368421;0.5438828032202718;0.867578947368421;0.6686136123955545;4121;3456;629
277;red_fox;4750;;0.8812631578947369;0.5328411405295316;0.8812631578947369;0.6641281929240044;4186;3670;564
973;coral_reef;4750;;0.7562105263157894;0.5904981094854512;0.7562105263157894;0.6631588664266593;3592;2491;1158
681;notebook;4750;;0.5328421052631579;0.8530502190765082;0.5328421052631579;0.6559543864195931;2531;436;2219
119;rock_crab;4750;;0.4905263157894737;0.929397686477862;0.4905263157894737;0.6421386247760784;2330;177;2420
977;sandbar;4750;;0.8631578947368421;0.5030057661636609;0.8631578947368421;0.6356096426633594;4100;4051;650
66;horned_viper;4750;;0.6206315789473684;0.5956758941200242;0.6206315789473684;0.6078977214145789;2948;2001;1802
60;night_snake;4750;;0.4397894736842105;0.9802909432191459;0.4397894736842105;0.6071791890713559;2089;42;2661
240;Appenzeller;4750;;0.4665263157894737;0.8496932515337423;0.4665263157894737;0.6023375917368851;2216;392;2534
68;sidewinder;4750;;0.608;0.5958324736950691;0.608;0.6018547462748776;2888;1959;1862
799;sliding_door;4750;;0.7098947368421052;0.5218198700092851;0.7098947368421052;0.6014983945772387;3372;3090;1378
712;Petri_dish;4750;;0.8553684210526316;0.461023488029048;0.8553684210526316;0.5991299859912999;4063;4750;687
810;space_bar;4750;;0.7181052631578947;0.5130094751090389;0.7181052631578947;0.5984735503114308;3411;3238;1339
282;tiger_cat;4750;;0.4713684210526316;0.8036611629576453;0.4713684210526316;0.5942144373673036;2239;547;2511
73;barn_spider;4750;;0.6212631578947369;0.568922305764411;0.6212631578947369;0.5939418335513736;2951;2236;1799
101;tusker;4750;;0.42336842105263156;0.9267281105990783;0.42336842105263156;0.5812138728323699;2011;159;2739
238;Greater_Swiss_Mountain_dog;4750;;0.4130526315789474;0.9622363903874448;0.4130526315789474;0.5779938135218736;1962;77;2788
55;green_snake;4750;;0.5387368421052632;0.57235517781257;0.5387368421052632;0.5550374145971153;2559;1912;2191
111;nematode;4750;;0.9543157894736842;0.38330796549974633;0.9543157894736842;0.5469353281853282;4533;7293;217
611;jigsaw_puzzle;4750;;0.8187368421052632;0.4011346054667354;0.8187368421052632;0.5384562132225684;3889;5806;861
328;sea_urchin;4750;;0.8722105263157894;0.3791525578841402;0.8722105263157894;0.52854500223257;4143;6784;607
188;wire-haired_fox_terrier;4750;;0.8551578947368421;0.3583590648434054;0.8551578947368421;0.5050668324525955;4062;7273;688
278;kit_fox;4750;;0.30526315789473685;0.9235668789808917;0.30526315789473685;0.45886075949367083;1450;120;3300
878;typewriter_keyboard;4750;;0.3096842105263158;0.8552325581395349;0.3096842105263158;0.4547140649149923;1471;249;3279
562;fountain;4750;;0.8812631578947369;0.2871647115318653;0.8812631578947369;0.4331763853676205;4186;10391;564
74;garden_spider;4750;;0.24357894736842106;0.8666666666666667;0.24357894736842106;0.38027937551355795;1157;178;3593
947;mushroom;4750;;0.22715789473684211;0.8844262295081967;0.22715789473684211;0.3614740368509213;1079;141;3671
