class_idx;class_label;support;base_accuracy;overall_accuracy;precision;recall;f1;tp;fp;fn
986;yellow_lady's_slipper;4750;;0.9968421052631579;0.9639657980456026;0.9968421052631579;0.980128337818257;4735;177;15
129;spoonbill;4750;;0.9831578947368421;0.9674746219183759;0.9831578947368421;0.975253210817584;4670;157;80
88;macaw;4750;;0.9726315789473684;0.9689597315436241;0.9726315789473684;0.9707921832317714;4620;148;130
136;European_gallinule;4750;;0.9661052631578947;0.9743099787685775;0.9661052631578947;0.9701902748414376;4589;121;161
130;flamingo;4750;;0.9452631578947368;0.9848651019960518;0.9452631578947368;0.9646578579868943;4490;69;260
100;black_swan;4750;;0.9612631578947368;0.9679881280474878;0.9612631578947368;0.9646139220449984;4566;151;184
19;chickadee;4750;;0.9435789473684211;0.9835418038183015;0.9435789473684211;0.9631460191253896;4482;75;268
339;sorrel;4750;;0.9473684210526315;0.9774109470026064;0.9473684210526315;0.9621552277100706;4500;104;250
321;admiral;4750;;0.9408421052631579;0.9837112040501871;0.9408421052631579;0.9617992037017109;4469;74;281
685;odometer;4750;;0.9665263157894737;0.9481619165634035;0.9665263157894737;0.957256046705588;4591;251;159
90;lorikeet;4750;;0.9808421052631578;0.9329195034040849;0.9808421052631578;0.9562807881773399;4659;335;91
11;goldfinch;4750;;0.9261052631578948;0.98455684870188;0.9261052631578948;0.9544369711434152;4399;69;351
135;limpkin;4750;;0.9534736842105264;0.9528718703976435;0.9534736842105264;0.9531726823108491;4529;224;221
985;daisy;4750;;0.9646315789473684;0.9360572012257405;0.9646315789473684;0.9501296008294453;4582;313;168
323;monarch;4750;;0.9223157894736842;0.9794321484462329;0.9223157894736842;0.9500162636886046;4381;92;369
139;ruddy_turnstone;4750;;0.9637894736842105;0.9361963190184049;0.9637894736842105;0.9497925311203319;4578;312;172
984;rapeseed;4750;;0.9551578947368421;0.9410910599460692;0.9551578947368421;0.9480723017448542;4537;284;213
376;proboscis_monkey;4750;;0.976;0.9142181029382764;0.976;0.9440993788819875;4636;435;114
993;gyromitra;4750;;0.9418947368421052;0.9436827673486606;0.9418947368421052;0.9427879043304183;4474;267;276
13;junco;4750;;0.9103157894736842;0.9773960216998192;0.9103157894736842;0.9426640505777196;4324;100;426
0;tench;4750;;0.9484210526315789;0.9363957597173145;0.9484210526315789;0.9423700449743752;4505;306;245
255;Leonberg;4750;;0.9435789473684211;0.9345287739783152;0.9435789473684211;0.9390320553111251;4482;314;268
84;peacock;4750;;0.9141052631578948;0.9653179190751445;0.9141052631578948;0.9390138408304498;4342;156;408
351;hartebeest;4750;;0.9442105263157895;0.9335970024979184;0.9442105263157895;0.9388737701486288;4485;319;265
91;coucal;4750;;0.9187368421052632;0.9557599649583881;0.9187368421052632;0.9368827823100044;4364;202;386
340;zebra;4750;;0.9166315789473685;0.9575544314932923;0.9166315789473685;0.936646229966656;4354;193;396
24;great_grey_owl;4750;;0.9296842105263158;0.942381562099872;0.9296842105263158;0.9359898261975413;4416;270;334
17;jay;4750;;0.9031578947368422;0.9712474530224134;0.9031578947368422;0.9359659648740046;4290;127;460
92;bee_eater;4750;;0.9372631578947368;0.933920704845815;0.9372631578947368;0.935588946096459;4452;315;298
22;bald_eagle;4750;;0.9050526315789473;0.9608851139919535;0.9050526315789473;0.9321335646140503;4299;175;451
326;lycaenid;4750;;0.9256842105263158;0.9385272145144077;0.9256842105263158;0.9320614732379437;4397;288;353
387;lesser_panda;4750;;0.9246315789473685;0.9376601195559351;0.9246315789473685;0.9311002755988976;4392;292;358
607;jack-o'-lantern;4750;;0.9509473684210527;0.9117884537747275;0.9509473684210527;0.9309563066776587;4517;437;233
388;giant_panda;4750;;0.9315789473684211;0.9302081143577885;0.9315789473684211;0.9308930261912275;4425;332;325
900;water_tower;4750;;0.9065263157894737;0.9564637938693914;0.9065263157894737;0.930825767401643;4306;196;444
430;basketball;4750;;0.9172631578947369;0.9436863764349145;0.9172631578947369;0.9302871783922281;4357;260;393
15;robin;4750;;0.8913684210526316;0.967329220927576;0.8913684210526316;0.9277966473101787;4234;143;516
915;yurt;4750;;0.9265263157894736;0.9267214150347441;0.9265263157894736;0.9266238551426467;4401;348;349
145;king_penguin;4750;;0.9261052631578948;0.926690541394565;0.9261052631578948;0.9263978098346847;4399;348;351
96;toucan;4750;;0.9061052631578947;0.9385085041430441;0.9061052631578947;0.9220222793487576;4304;282;446
87;African_grey;4750;;0.9082105263157895;0.9357917570498916;0.9082105263157895;0.9217948717948719;4314;296;436
12;house_finch;4750;;0.8698947368421053;0.978219696969697;0.8698947368421053;0.9208825495876978;4132;92;618
275;African_hunting_dog;4750;;0.9705263157894737;0.8755935422602089;0.9705263157894737;0.9206190713929107;4610;655;140
291;lion;4750;;0.9334736842105263;0.9078624078624079;0.9334736842105263;0.9204899314926303;4434;450;316
143;oystercatcher;4750;;0.8808421052631579;0.9638332181524994;0.8808421052631579;0.920470795292047;4184;157;566
141;redshank;4750;;0.8926315789473684;0.9485458612975392;0.8926315789473684;0.9197396963123644;4240;230;510
392;rock_beauty;4750;;0.952421052631579;0.8865373309817755;0.952421052631579;0.9182989952298792;4524;579;226
528;dial_telephone;4750;;0.8882105263157895;0.9491563554555681;0.8882105263157895;0.9176726481783578;4219;226;531
97;drake;4750;;0.8924210526315789;0.9436776491540516;0.8924210526315789;0.9173339104090024;4239;253;511
89;sulphur-crested_cockatoo;4750;;0.8726315789473684;0.9657502329916123;0.8726315789473684;0.9168325591683255;4145;147;605
945;bell_pepper;4750;;0.891578947368421;0.9357048166151127;0.891578947368421;0.913109098749461;4235;291;515
565;freight_car;4750;;0.9170526315789473;0.906744379683597;0.9170526315789473;0.9118693740841531;4356;448;394
625;lifeboat;4750;;0.9214736842105263;0.9008026342868903;0.9214736842105263;0.9110209178894786;4377;482;373
995;earthstar;4750;;0.9772631578947368;0.8512745277828718;0.9772631578947368;0.9099284524159561;4642;811;108
14;indigo_bunting;4750;;0.9494736842105264;0.8733539891556933;0.9494736842105264;0.9098244906193262;4510;654;240
325;sulphur_butterfly;4750;;0.9147368421052632;0.9038901601830663;0.9147368421052632;0.9092811551742178;4345;462;405
990;buckeye;4750;;0.919578947368421;0.899135446685879;0.919578947368421;0.9092422980849292;4368;490;382
576;gondola;4750;;0.9404210526315789;0.8777755944193358;0.9404210526315789;0.9080191076328895;4467;622;283
991;coral_fungus;4750;;0.8905263157894737;0.9247923043288151;0.8905263157894737;0.9073359073359074;4230;344;520
137;American_coot;4750;;0.8597894736842105;0.9555451567618156;0.8597894736842105;0.9051418439716312;4084;190;666
133;bittern;4750;;0.8658947368421053;0.9479142659598986;0.8658947368421053;0.9050500605127075;4113;226;637
560;football_helmet;4750;;0.8810526315789474;0.9281437125748503;0.8810526315789474;0.9039853115887244;4185;324;565
83;prairie_chicken;4750;;0.9061052631578947;0.9006068215107763;0.9061052631578947;0.9033476755168433;4304;475;446
138;bustard;4750;;0.875578947368421;0.9298010283925777;0.875578947368421;0.901875745419061;4159;314;591
94;hummingbird;4750;;0.903578947368421;0.8984718442537157;0.903578947368421;0.901018158916763;4292;485;458
16;bulbul;4750;;0.844;0.9657913755721513;0.844;0.9007976631839119;4009;142;741
146;albatross;4750;;0.9181052631578948;0.8827935222672065;0.9181052631578948;0.9001031991744066;4361;579;389
142;dowitcher;4750;;0.8808421052631579;0.9191564147627417;0.8808421052631579;0.8995914857019994;4184;368;566
25;European_fire_salamander;4750;;0.8690526315789474;0.9320388349514563;0.8690526315789474;0.8994443839198172;4128;301;622
820;steam_locomotive;4750;;0.8928421052631579;0.9056160580824258;0.8928421052631579;0.8991837167391074;4241;442;509
102;echidna;4750;;0.8924210526315789;0.9049957301451751;0.8924210526315789;0.8986644053423787;4239;445;511
322;ringlet;4750;;0.896;0.9011221681134872;0.896;0.8985537844399873;4256;467;494
554;fireboat;4750;;0.899578947368421;0.8973120537589249;0.899578947368421;0.8984440706476031;4273;489;477
23;vulture;4750;;0.8911578947368421;0.9017895185342991;0.8911578947368421;0.8964421855146125;4233;461;517
93;hornbill;4750;;0.8677894736842106;0.9262921348314607;0.8677894736842106;0.8960869565217392;4122;328;628
18;magpie;4750;;0.844421052631579;0.9536376604850214;0.844421052631579;0.8957123715944618;4011;195;739
955;jackfruit;4750;;0.9242105263157895;0.8687908173362359;0.9242105263157895;0.895644190553912;4390;663;360
324;cabbage_butterfly;4750;;0.8812631578947369;0.9078291043157667;0.8812631578947369;0.8943488943488943;4186;425;564
365;orangutan;4750;;0.8698947368421053;0.9194481530930129;0.8698947368421053;0.893985287754219;4132;362;618
420;banjo;4750;;0.8789473684210526;0.9093879329122195;0.8789473684210526;0.8939085750990258;4175;416;575
347;bison;4750;;0.8673684210526316;0.9212880143112702;0.8673684210526316;0.8935155063977445;4120;352;630
396;lionfish;4750;;0.8863157894736842;0.9001496685909771;0.8863157894736842;0.8931791662246739;4210;467;540
317;leafhopper;4750;;0.8490526315789474;0.942069609904228;0.8490526315789474;0.8931458310264644;4033;248;717
466;bullet_train;4750;;0.9204210526315789;0.863008290564548;0.9204210526315789;0.8907905460472697;4372;694;378
144;pelican;4750;;0.8768421052631579;0.9044516829533116;0.8768421052631579;0.8904329235702833;4165;440;585
276;hyena;4750;;0.8789473684210526;0.9001724881414402;0.8789473684210526;0.8894333191308053;4175;463;575
9;ostrich;4750;;0.9669473684210527;0.8229707937645583;0.9669473684210527;0.8891685219243055;4593;988;157
354;Arabian_camel;4750;;0.9338947368421052;0.8472116119174943;0.9338947368421052;0.8884438213498898;4436;800;314
307;weevil;4750;;0.8313684210526315;0.9536343878290268;0.8313684210526315;0.888314025418963;3949;192;801
316;cicada;4750;;0.86;0.9157139654785923;0.86;0.886982955162306;4085;376;665
594;harp;4750;;0.9042105263157895;0.8699615150901358;0.9042105263157895;0.8867554454423454;4295;642;455
355;llama;4750;;0.8861052631578947;0.8855459709657059;0.8861052631578947;0.8858255287803851;4209;544;541
85;quail;4750;;0.8562105263157894;0.916403785488959;0.8562105263157894;0.8852851545494123;4067;371;683
873;triumphal_arch;4750;;0.8703157894736843;0.9002613240418118;0.8703157894736843;0.8850353243416827;4134;458;616
933;cheeseburger;4750;;0.8461052631578947;0.9268911439114391;0.8461052631578947;0.8846577151661897;4019;317;731
890;volleyball;4750;;0.8905263157894737;0.8785046728971962;0.8905263157894737;0.8844746471510716;4230;585;520
344;hippopotamus;4750;;0.852;0.9193548387096774;0.852;0.8843968531468531;4047;355;703
768;rugby_ball;4750;;0.828421052631579;0.9484213063388769;0.828421052631579;0.8843690302281155;3935;214;815
425;barn;4750;;0.88;0.8878504672897196;0.88;0.8839078029181646;4180;528;570
95;jacamar;4750;;0.9406315789473684;0.8329604772557793;0.9406315789473684;0.8835277832707138;4468;896;282
98;red-breasted_merganser;4750;;0.9187368421052632;0.850848118541626;0.9187368421052632;0.8834902318048385;4364;765;386
779;school_bus;4750;;0.9016842105263158;0.8659522846744845;0.9016842105263158;0.8834570957095709;4283;663;467
333;hamster;4750;;0.9204210526315789;0.847944142746315;0.9204210526315789;0.8826973551382999;4372;784;378
863;totem_pole;4750;;0.8336842105263158;0.9346235544016993;0.8336842105263158;0.8812729498164015;3960;277;790
364;three-toed_sloth;4750;;0.8631578947368421;0.8975481611208407;0.8631578947368421;0.8800171710667526;4100;468;650
755;radio_telescope;4750;;0.8867368421052632;0.8729533678756477;0.8867368421052632;0.8797911227154047;4212;613;538
535;disk_brake;4750;;0.832;0.9311969839773798;0.832;0.8788080942850789;3952;292;798
726;plane;4750;;0.8136842105263158;0.9545566806618918;0.8136842105263158;0.8785089214683487;3865;184;885
953;pineapple;4750;;0.8646315789473684;0.8928260869565218;0.8646315789473684;0.8785026737967914;4107;493;643
746;puck;4750;;0.8991578947368422;0.858147478400643;0.8991578947368422;0.8781741544155445;4271;706;479
350;ibex;4750;;0.9202105263157895;0.8360749808722264;0.9202105263157895;0.8761274804570054;4371;857;379
694;paddlewheel;4750;;0.8823157894736842;0.8689612274517935;0.8823157894736842;0.8755875900971481;4191;632;559
800;slot;4750;;0.9109473684210526;0.8400310619297224;0.9109473684210526;0.8740531259468741;4327;824;423
284;Siamese_cat;4750;;0.9305263157894736;0.8238583410997204;0.9305263157894736;0.8739495798319328;4420;945;330
247;Saint_Bernard;4750;;0.8591578947368421;0.8889130908298846;0.8591578947368421;0.873782250294401;4081;510;669
293;cheetah;4750;;0.8934736842105263;0.8547834843907351;0.8934736842105263;0.8737004632012352;4244;721;506
957;pomegranate;4750;;0.844;0.9049661399548533;0.844;0.8734204793028323;4009;421;741
956;custard_apple;4750;;0.8736842105263158;0.8718487394957983;0.8736842105263158;0.8727655099894848;4150;610;600
289;snow_leopard;4750;;0.8517894736842105;0.8945390227724961;0.8517894736842105;0.8726410007548798;4046;477;704
832;stupa;4750;;0.8458947368421053;0.8992837958818263;0.8458947368421053;0.8717726187893251;4018;450;732
426;barometer;4750;;0.836421052631579;0.9091533180778032;0.836421052631579;0.8712719298245613;3973;397;777
948;Granny_Smith;4750;;0.8648421052631579;0.877402819307988;0.8648421052631579;0.8710771840542832;4108;574;642
687;organ;4750;;0.8176842105263158;0.9311915607767921;0.8176842105263158;0.8707543997309718;3884;287;866
937;broccoli;4750;;0.8551578947368421;0.8849673202614379;0.8551578947368421;0.8698072805139186;4062;528;688
105;koala;4750;;0.8286315789473684;0.9144981412639405;0.8286315789473684;0.8694499668654737;3936;368;814
251;dalmatian;4750;;0.8606315789473684;0.8718276818084879;0.8606315789473684;0.8661934526962601;4088;601;662
131;little_blue_heron;4750;;0.8467368421052631;0.8860982595285305;0.8467368421052631;0.8659705027451825;4022;517;728
736;pool_table;4750;;0.867578947368421;0.864122457538268;0.867578947368421;0.8658472528626957;4121;648;629
763;revolver;4750;;0.9109473684210526;0.8246617114541643;0.9109473684210526;0.8656596979093729;4327;920;423
874;trolleybus;4750;;0.8867368421052632;0.84375;0.8867368421052632;0.8647095052350646;4212;780;538
1;goldfish;4750;;0.9082105263157895;0.8246989103421908;0.9082105263157895;0.8644424406372107;4314;917;436
661;Model_T;4750;;0.8997894736842105;0.8300640901145854;0.8997894736842105;0.8635215678351349;4274;875;476
362;badger;4750;;0.8947368421052632;0.8341511285574092;0.8947368421052632;0.8633824276282378;4250;845;500
363;armadillo;4750;;0.8694736842105263;0.8572021585720215;0.8694736842105263;0.8632943143812708;4130;688;620
727;planetarium;4750;;0.86;0.8641844721810874;0.86;0.8620871583834547;4085;642;665
69;trilobite;4750;;0.8212631578947368;0.9051044083526683;0.8212631578947368;0.8611479028697571;3901;409;849
300;tiger_beetle;4750;;0.8962105263157895;0.8282101167315176;0.8962105263157895;0.8608695652173913;4257;883;493
988;acorn;4750;;0.8970526315789473;0.826576139670223;0.8970526315789473;0.8603735487127713;4261;894;489
391;coho;4750;;0.8250526315789474;0.897823596792669;0.8250526315789474;0.8599012616566101;3919;446;831
510;container_ship;4750;;0.8682105263157894;0.8508355683928203;0.8682105263157894;0.8594352401792226;4124;723;626
51;triceratops;4750;;0.8376842105263158;0.8822616407982261;0.8376842105263158;0.8593952483801296;3979;531;771
160;Afghan_hound;4750;;0.8671578947368421;0.8513848697809012;0.8671578947368421;0.8591989987484355;4119;719;631
606;iron;4750;;0.8555789473684211;0.8628450106157113;0.8555789473684211;0.8591966173361522;4064;646;686
512;corkscrew;4750;;0.8677894736842106;0.8486720197652872;0.8677894736842106;0.8581242843759758;4122;735;628
802;snowmobile;4750;;0.907157894736842;0.8130188679245283;0.907157894736842;0.8575124378109451;4309;991;441
147;grey_whale;4750;;0.8671578947368421;0.8477052891541469;0.8671578947368421;0.857321261317515;4119;740;631
294;brown_bear;4750;;0.8869473684210526;0.8291674867152136;0.8869473684210526;0.857084731970298;4213;868;537
375;colobus;4750;;0.8446315789473684;0.8699045967042498;0.8446315789473684;0.8570818201239052;4012;600;738
216;clumber;4750;;0.8711578947368421;0.8432851029142042;0.8711578947368421;0.8569949259604432;4138;769;612
148;killer_whale;4750;;0.9189473684210526;0.8025372311086597;0.9189473684210526;0.8568063597997841;4365;1074;385
688;oscilloscope;4750;;0.9193684210526316;0.801137405980554;0.9193684210526316;0.8561905695520047;4367;1084;383
71;scorpion;4750;;0.8534736842105263;0.8587163736496505;0.8534736842105263;0.8560870024284658;4054;667;696
10;brambling;4750;;0.9124210526315789;0.8052768487551096;0.9124210526315789;0.8555073035925779;4334;1048;416
952;fig;4750;;0.864421052631579;0.8464234178519893;0.864421052631579;0.855327570044787;4106;745;644
117;chambered_nautilus;4750;;0.8717894736842106;0.8385986229242608;0.8717894736842106;0.8548720066061105;4141;797;609
672;mountain_tent;4750;;0.864;0.8454882571075402;0.864;0.8546438983756769;4104;750;646
486;cello;4750;;0.8414736842105263;0.8679695982627579;0.8414736842105263;0.8545163014430786;3997;608;753
140;red-backed_sandpiper;4750;;0.7909473684210526;0.929030662710188;0.7909473684210526;0.8544462133272687;3757;287;993
941;acorn_squash;4750;;0.7905263157894736;0.9289955467590302;0.7905263157894736;0.8541856232939035;3755;287;995
48;Komodo_dragon;4750;;0.8271578947368421;0.8827229835991912;0.8271578947368421;0.8540376046081948;3929;522;821
886;vending_machine;4750;;0.8970526315789473;0.8139446036294173;0.8970526315789473;0.8534802203304956;4261;974;489
668;mosque;4750;;0.9096842105263158;0.8021162056803416;0.9096842105263158;0.8525204695669331;4321;1066;429
994;stinkhorn;4750;;0.8465263157894737;0.8571733105947559;0.8465263157894737;0.8518165448575361;4021;670;729
573;go-kart;4750;;0.9191578947368421;0.7935296255906943;0.9191578947368421;0.8517362465860319;4366;1136;384
946;cardoon;4750;;0.9534736842105264;0.7689303904923599;0.9534736842105264;0.8513157894736842;4529;1361;221
178;Weimaraner;4750;;0.848421052631579;0.8530906011854361;0.848421052631579;0.8507494194637957;4030;694;720
99;goose;4750;;0.8208421052631579;0.8823263181715321;0.8208421052631579;0.8504744246918966;3899;520;851
471;cannon;4750;;0.8330526315789474;0.865107127240927;0.8330526315789474;0.8487773487773487;3957;617;793
244;Tibetan_mastiff;4750;;0.876;0.8218447560734742;0.876;0.8480586976459797;4161;902;589
306;rhinoceros_beetle;4750;;0.8115789473684211;0.8870225494707777;0.8115789473684211;0.8476253298153035;3855;491;895
821;steel_arch_bridge;4750;;0.8629473684210527;0.8327915481511581;0.8629473684210527;0.847601323407775;4099;823;651
20;water_ouzel;4750;;0.8202105263157895;0.8760962446593209;0.8202105263157895;0.8472327933021638;3896;551;854
320;damselfly;4750;;0.8726315789473684;0.822257488593533;0.8726315789473684;0.8466959452558471;4145;896;605
540;drilling_platform;4750;;0.9136842105263158;0.7880878881423643;0.9136842105263158;0.8462513405479186;4340;1167;410
156;Blenheim_spaniel;4750;;0.863578947368421;0.829357056207036;0.863578947368421;0.8461221122112211;4102;844;648
261;keeshond;4750;;0.8437894736842105;0.8482539682539683;0.8437894736842105;0.8460158311345646;4008;717;742
389;barracouta;4750;;0.8435789473684211;0.8442899283607248;0.8435789473684211;0.8439342881213141;4007;739;743
260;chow;4750;;0.8450526315789474;0.8425692695214105;0.8450526315789474;0.843809123397099;4014;750;736
621;lawn_mower;4750;;0.8682105263157894;0.8202068416865553;0.8682105263157894;0.8435262834935568;4124;904;626
555;fire_engine;4750;;0.8345263157894737;0.8511917543482929;0.8345263157894737;0.8427766556819389;3964;693;786
254;pug;4750;;0.8286315789473684;0.857329557830538;0.8286315789473684;0.8427363237340756;3936;655;814
268;Mexican_hairless;4750;;0.8435789473684211;0.8412765064035271;0.8435789473684211;0.8424261536844319;4007;756;743
719;piggy_bank;4750;;0.8427368421052631;0.8411430972893466;0.8427368421052631;0.8419392154800714;4003;756;747
253;basenji;4750;;0.8446315789473684;0.8382783117425825;0.8446315789473684;0.8414429530201342;4012;774;738
561;forklift;4750;;0.8313684210526315;0.8503445305770887;0.8313684210526315;0.8407494145199063;3949;695;801
547;electric_locomotive;4750;;0.836;0.8443546672336806;0.836;0.8401565640537395;3971;732;779
28;spotted_salamander;4750;;0.8164210526315789;0.8638895076854534;0.8164210526315789;0.8394847927264856;3878;611;872
816;spindle;4750;;0.764421052631579;0.9307869776980261;0.764421052631579;0.8394405271066929;3631;270;1119
571;gas_pump;4750;;0.7991578947368421;0.8807424593967518;0.7991578947368421;0.8379690949227373;3796;514;954
122;American_lobster;4750;;0.8258947368421052;0.8500541711809317;0.8258947368421052;0.8378003203416977;3923;692;827
642;marimba;4750;;0.8315789473684211;0.8409623163721525;0.8315789473684211;0.8362443103630782;3950;747;800
496;Christmas_stocking;4750;;0.9122105263157895;0.771545584045584;0.9122105263157895;0.8360023152614315;4333;1283;417
366;gorilla;4750;;0.7970526315789473;0.8749711116246822;0.7970526315789473;0.8341963203701663;3786;541;964
332;Angora;4750;;0.9006315789473684;0.7762656505171476;0.9006315789473684;0.8338368580060422;4278;1233;472
132;American_egret;4750;;0.884421052631579;0.7886239909892998;0.884421052631579;0.8337798948099633;4201;1126;549
938;cauliflower;4750;;0.8101052631578948;0.858545292280232;0.8101052631578948;0.8336221837088388;3848;634;902
149;dugong;4750;;0.8507368421052631;0.8166936135812449;0.8507368421052631;0.8333677046813777;4041;907;709
274;dhole;4750;;0.8498947368421053;0.8167104996965405;0.8498947368421053;0.8329722480140308;4037;906;713
959;carbonara;4750;;0.7646315789473684;0.9109606220215701;0.7646315789473684;0.8314066613253978;3632;355;1118
569;garbage_truck;4750;;0.8625263157894737;0.8017612524461839;0.8625263157894737;0.8310344827586208;4097;1013;653
805;soccer_ball;4750;;0.8852631578947369;0.7830540037243948;0.8852631578947369;0.8310276679841898;4205;1165;545
801;snorkel;4750;;0.8515789473684211;0.8111088830960498;0.8515789473684211;0.8308513915990551;4045;942;705
954;banana;4750;;0.784;0.8835112692763938;0.784;0.8307863915225878;3724;491;1026
989;hip;4750;;0.956421052631579;0.7342815581057055;0.956421052631579;0.8307579775075431;4543;1644;207
407;ambulance;4750;;0.8656842105263158;0.7976721629485936;0.8656842105263158;0.8302877334679455;4112;1043;638
292;tiger;4750;;0.9096842105263158;0.7634275618374559;0.9096842105263158;0.8301633045148896;4321;1339;429
814;speedboat;4750;;0.9143157894736842;0.7599300087489064;0.9143157894736842;0.8300047778308647;4343;1372;407
338;guinea_pig;4750;;0.7562105263157894;0.9186700767263427;0.7562105263157894;0.8295612009237875;3592;318;1158
829;streetcar;4750;;0.863578947368421;0.7980544747081713;0.863578947368421;0.8295247724974721;4102;1038;648
614;kimono;4750;;0.8307368421052631;0.8282955499580185;0.8307368421052631;0.8295143998318267;3946;818;804
628;liner;4750;;0.8170526315789474;0.8422309027777778;0.8170526315789474;0.8294507373370378;3881;727;869
225;malinois;4750;;0.86;0.800039169604387;0.86;0.8289366883116883;4085;1021;665
914;yawl;4750;;0.7787368421052632;0.8851399856424982;0.7787368421052632;0.8285362302609475;3699;480;1051
545;electric_fan;4750;;0.8536842105263158;0.8024935681773204;0.8536842105263158;0.8272977659900032;4055;998;695
127;white_stork;4750;;0.7147368421052631;0.9814975426423822;0.7147368421052631;0.8271409428675844;3395;64;1355
752;racket;4750;;0.7976842105263158;0.8578220511659498;0.7976842105263158;0.826660848696411;3789;628;961
296;ice_bear;4750;;0.8191578947368421;0.8333690297708288;0.8191578947368421;0.8262023569381038;3891;778;859
537;dogsled;4750;;0.9284210526315789;0.7430497051390059;0.9284210526315789;0.8254562470753394;4410;1525;340
707;pay-phone;4750;;0.7848421052631579;0.8702147525676938;0.7848421052631579;0.8253265441664821;3728;556;1022
716;picket_fence;4750;;0.8035789473684211;0.8476571174772374;0.8035789473684211;0.8250297200907813;3817;686;933
195;Boston_bull;4750;;0.8435789473684211;0.8049417436721575;0.8435789473684211;0.8238075657894738;4007;971;743
57;garter_snake;4750;;0.76;0.8989043824701195;0.76;0.8236367784622405;3610;406;1140
783;screw;4750;;0.8869473684210526;0.7686553548622514;0.8869473684210526;0.8235754080735022;4213;1268;537
934;hotdog;4750;;0.8397894736842105;0.8071630918656414;0.8397894736842105;0.8231531159719355;3989;953;761
458;brass;4750;;0.7305263157894737;0.9398699891657638;0.7305263157894737;0.8220800758114191;3470;222;1280
218;Welsh_springer_spaniel;4750;;0.859578947368421;0.7871602082128398;0.859578947368421;0.8217771963369226;4083;1104;667
401;accordion;4750;;0.8368421052631579;0.8071065989847716;0.8368421052631579;0.8217054263565893;3975;950;775
786;sewing_machine;4750;;0.78;0.867072314533115;0.78;0.8212346226310541;3705;568;1045
888;viaduct;4750;;0.767578947368421;0.8825950133139676;0.767578947368421;0.8210787073527755;3646;485;1104
500;cliff_dwelling;4750;;0.7317894736842105;0.9344086021505377;0.7317894736842105;0.8207792207792207;3476;244;1274
781;scoreboard;4750;;0.82;0.8206911083017278;0.82;0.8203454085930918;3895;851;855
958;hay;4750;;0.7461052631578947;0.9101181304571135;0.7461052631578947;0.8199907450254511;3544;350;1206
29;axolotl;4750;;0.8326315789473684;0.8076373289769246;0.8326315789473684;0.8199440240489271;3955;942;795
927;trifle;4750;;0.9168421052631579;0.7411504424778761;0.9168421052631579;0.8196875588179936;4355;1521;395
343;warthog;4750;;0.7877894736842105;0.8539479689639434;0.7877894736842105;0.8195356986421375;3742;640;1008
918;crossword_puzzle;4750;;0.7922105263157895;0.8479044614691302;0.7922105263157895;0.8191118850674793;3763;675;987
640;manhole_cover;4750;;0.7311578947368421;0.9310991957104557;0.7311578947368421;0.8191037735849056;3473;257;1277
603;horse_cart;4750;;0.8317894736842105;0.804848237930332;0.8317894736842105;0.8180971115022259;3951;958;799
308;fly;4750;;0.7741052631578947;0.8672169811320755;0.7741052631578947;0.818020022246941;3677;563;1073
70;harvestman;4750;;0.7682105263157895;0.8744308650850707;0.7682105263157895;0.8178863610893197;3649;524;1101
335;fox_squirrel;4750;;0.8654736842105263;0.7723088483937629;0.8654736842105263;0.8162414375062047;4111;1212;639
714;pick;4750;;0.8351578947368421;0.7977076211542329;0.8351578947368421;0.8160032911652781;3967;1006;783
379;howler_monkey;4750;;0.808;0.823781927452243;0.808;0.815814645552131;3838;821;912
439;bearskin;4750;;0.9151578947368421;0.735781990521327;0.9151578947368421;0.8157252767873896;4347;1561;403
566;French_horn;4750;;0.7246315789473684;0.9327913279132791;0.7246315789473684;0.8156398104265403;3442;248;1308
936;head_cabbage;4750;;0.8477894736842105;0.7852964118564743;0.8477894736842105;0.8153472362826484;4027;1101;723
229;Old_English_sheepdog;4750;;0.8669473684210526;0.7692882495796749;0.8669473684210526;0.8152034049292289;4118;1235;632
346;water_buffalo;4750;;0.7871578947368421;0.8451627486437613;0.7871578947368421;0.8151297144102898;3739;685;1011
684;ocarina;4750;;0.8467368421052631;0.7849336455893833;0.8467368421052631;0.8146647761798663;4022;1102;728
279;Arctic_fox;4750;;0.892;0.7479258605472198;0.892;0.813634181469035;4237;1428;513
286;cougar;4750;;0.8473684210526315;0.7818570318570318;0.8473684210526315;0.8132956152758132;4025;1123;725
21;kite;4750;;0.8757894736842106;0.7567764235037293;0.8757894736842106;0.8119449595003415;4160;1337;590
609;jeep;4750;;0.7696842105263157;0.8578132332238386;0.7696842105263157;0.8113626276076342;3656;606;1094
548;entertainment_center;4750;;0.8349473684210527;0.788782816229117;0.8349473684210527;0.8112088361628145;3966;1062;784
444;bicycle-built-for-two;4750;;0.8130526315789474;0.8086264656616415;0.8130526315789474;0.8108335082930926;3862;914;888
575;golfcart;4750;;0.7713684210526316;0.8542783865702961;0.7713684210526316;0.8107091492421727;3664;625;1086
318;lacewing;4750;;0.7968421052631579;0.8249782040104621;0.7968421052631579;0.8106660955236668;3785;803;965
472;canoe;4750;;0.8797894736842106;0.7512133740787345;0.8797894736842106;0.8104334335304955;4179;1384;571
451;bolo_tie;4750;;0.8107368421052632;0.8092036142046648;0.8107368421052632;0.8099695025765065;3851;908;899
944;artichoke;4750;;0.7021052631578948;0.9550400916380298;0.7021052631578948;0.8092695947585539;3335;157;1415
38;banded_gecko;4750;;0.8355789473684211;0.784542399683732;0.8355789473684211;0.8092568049750231;3969;1090;781
563;fountain_pen;4750;;0.7387368421052631;0.8940127388535032;0.7387368421052631;0.8089913544668588;3509;416;1241
383;Madagascar_cat;4750;;0.728421052631579;0.9095688748685594;0.728421052631579;0.8089782557867664;3460;344;1290
283;Persian_cat;4750;;0.8050526315789474;0.8122344944774851;0.8050526315789474;0.8086276168323111;3824;884;926
963;pizza;4750;;0.7448421052631579;0.8838371221583812;0.7448421052631579;0.8084085456414944;3538;465;1212
75;black_widow;4750;;0.8103157894736842;0.8060732984293194;0.8103157894736842;0.8081889763779528;3849;926;901
853;thatch;4750;;0.7650526315789473;0.8560659599528857;0.7650526315789473;0.8080044469149528;3634;611;1116
637;mailbox;4750;;0.7509473684210526;0.8740504778240628;0.7509473684210526;0.8078360321594383;3567;514;1183
404;airliner;4750;;0.8953684210526316;0.7351771823681936;0.8953684210526316;0.8074038917892739;4253;1532;497
81;ptarmigan;4750;;0.7275789473684211;0.906610703043022;0.7275789473684211;0.8072880168185004;3456;356;1294
612;jinrikisha;4750;;0.9107368421052632;0.7246231155778895;0.9107368421052632;0.8070895522388061;4326;1644;424
771;safe;4750;;0.7503157894736842;0.8722466960352423;0.7503157894736842;0.806699864191942;3564;522;1186
812;space_shuttle;4750;;0.8854736842105263;0.7406233491811939;0.8854736842105263;0.8065969891648289;4206;1473;544
270;white_wolf;4750;;0.8162105263157895;0.7967529798602548;0.8162105263157895;0.8063643926788686;3877;989;873
104;wallaby;4750;;0.783578947368421;0.8304328424810352;0.783578947368421;0.8063258232235703;3722;760;1028
128;black_stork;4750;;0.9006315789473684;0.72978505629478;0.9006315789473684;0.8062570674707877;4278;1584;472
699;panpipe;4750;;0.8132631578947368;0.7969878275221787;0.8132631578947368;0.8050432426800042;3863;984;887
770;running_shoe;4750;;0.7614736842105263;0.8518605746585021;0.7614736842105263;0.8041351711871942;3617;629;1133
613;joystick;4750;;0.836421052631579;0.773408604243722;0.836421052631579;0.8036816021037726;3973;1164;777
757;recreational_vehicle;4750;;0.8031578947368421;0.8026509572901326;0.8031578947368421;0.8029043459960014;3815;938;935
258;Samoyed;4750;;0.8355789473684211;0.7724795640326976;0.8355789473684211;0.8027912621359224;3969;1169;781
245;French_bulldog;4750;;0.752;0.8601011317120154;0.752;0.8024261484892732;3572;581;1178
397;puffer;4750;;0.7581052631578947;0.8519044239413296;0.7581052631578947;0.8022724741004789;3601;626;1149
367;chimpanzee;4750;;0.8726315789473684;0.7421665174574754;0.8726315789473684;0.8021286889211418;4145;1440;605
522;croquet_ball;4750;;0.8086315789473684;0.7955675227837614;0.8086315789473684;0.8020463562330341;3841;987;909
86;partridge;4750;;0.7905263157894736;0.813474870017331;0.7905263157894736;0.8018364296391202;3755;861;995
649;megalith;4750;;0.7412631578947368;0.8728309370352008;0.7412631578947368;0.8016848816029144;3521;513;1229
615;knee_pad;4750;;0.7825263157894737;0.8217996904709264;0.7825263157894737;0.8016823034616629;3717;806;1033
47;African_chameleon;4750;;0.828;0.7769656262346899;0.828;0.8016714227476559;3933;1129;817
932;pretzel;4750;;0.7602105263157894;0.8478516083587697;0.7602105263157894;0.8016428016428017;3611;648;1139
604;hourglass;4750;;0.9513684210526315;0.6924609255286546;0.9513684210526315;0.8015253636041149;4519;2007;231
4;hammerhead;4750;;0.795578947368421;0.8073061311685538;0.795578947368421;0.8013996394867989;3779;902;971
732;Polaroid_camera;4750;;0.7882105263157895;0.8135593220338984;0.7882105263157895;0.8006843455945253;3744;858;1006
417;balloon;4750;;0.8383157894736842;0.7647397733819858;0.8383157894736842;0.799839309028824;3982;1225;768
682;obelisk;4750;;0.7614736842105263;0.8409672169262962;0.7614736842105263;0.7992487018009058;3617;684;1133
76;tarantula;4750;;0.751578947368421;0.8520286396181385;0.751578947368421;0.7986577181208053;3570;620;1180
924;guacamole;4750;;0.7094736842105264;0.912043301759134;0.7094736842105264;0.798105387803434;3370;325;1380
301;ladybug;4750;;0.8797894736842106;0.7293193717277487;0.8797894736842106;0.7975190839694657;4179;1551;571
169;borzoi;4750;;0.8578947368421053;0.7448364101626759;0.8578947368421053;0.7973779473632717;4075;1396;675
331;hare;4750;;0.8665263157894737;0.7382959641255605;0.8665263157894737;0.7972881355932204;4116;1459;634
303;long-horned_beetle;4750;;0.767578947368421;0.8284480799818223;0.767578947368421;0.7968528029723528;3646;755;1104
45;Gila_monster;4750;;0.692;0.9386065105653912;0.692;0.7966553562772661;3287;215;1463
288;leopard;4750;;0.8263157894736842;0.7675009777082519;0.8263157894736842;0.7958231954582319;3925;1189;825
217;English_springer;4750;;0.7402105263157894;0.860078277886497;0.7402105263157894;0.7956551255940258;3516;572;1234
113;snail;4750;;0.8187368421052632;0.7731610337972167;0.8187368421052632;0.7952965235173824;3889;1141;861
670;motor_scooter;4750;;0.8658947368421053;0.7347266881028939;0.8658947368421053;0.7949362195593352;4113;1485;637
228;komondor;4750;;0.844;0.751171069889451;0.844;0.794884504808169;4009;1328;741
2;great_white_shark;4750;;0.7873684210526316;0.802058760454643;0.7873684210526316;0.7946457027515139;3740;923;1010
983;scuba_diver;4750;;0.7553684210526316;0.8379262027090145;0.7553684210526316;0.7945084145261293;3588;694;1162
916;web_site;4750;;0.8250526315789474;0.7639376218323587;0.8250526315789474;0.7933198380566802;3919;1211;831
336;marmot;4750;;0.8355789473684211;0.7549933422103862;0.8355789473684211;0.7932447286899171;3969;1288;781
722;ping-pong_ball;4750;;0.8136842105263158;0.7736188951160928;0.8136842105263158;0.7931459060127233;3865;1131;885
174;Norwegian_elkhound;4750;;0.8141052631578948;0.7723187537447573;0.8141052631578948;0.7926616787947114;3867;1140;883
723;pinwheel;4750;;0.8606315789473684;0.7336683417085427;0.8606315789473684;0.7920945553187366;4088;1484;662
8;hen;4750;;0.788;0.7943548387096774;0.788;0.7911646586345381;3743;969;1007
150;sea_lion;4750;;0.7732631578947369;0.8097442680776014;0.7732631578947369;0.7910833512814991;3673;863;1077
56;king_snake;4750;;0.6814736842105263;0.942632498543972;0.6814736842105263;0.7910557184750733;3237;197;1513
605;iPod;4750;;0.735578947368421;0.85490579887448;0.735578947368421;0.7907660970917733;3494;593;1256
190;Sealyham_terrier;4750;;0.7867368421052632;0.7945991920051031;0.7867368421052632;0.7906484713847455;3737;966;1013
645;maypole;4750;;0.9486315789473684;0.6771866546438232;0.9486315789473684;0.7902490354261663;4506;2148;244
370;guenon;4750;;0.7658947368421053;0.8160610139075819;0.7658947368421053;0.7901824500434407;3638;820;1112
327;starfish;4750;;0.8808421052631579;0.7163156993665468;0.8808421052631579;0.7901048059673307;4184;1657;566
213;Irish_setter;4750;;0.7627368421052632;0.8194978511648948;0.7627368421052632;0.7900992258205213;3623;798;1127
152;Japanese_spaniel;4750;;0.7562105263157894;0.8257471264367816;0.7562105263157894;0.7894505494505494;3592;758;1158
715;pickelhaube;4750;;0.7166315789473684;0.8786783686112545;0.7166315789473684;0.7894248608534322;3404;470;1346
592;hard_disc;4750;;0.7029473684210527;0.8995150862068966;0.7029473684210527;0.7891751359016781;3339;373;1411
766;rotisserie;4750;;0.8050526315789474;0.7734627831715211;0.8050526315789474;0.7889416133690942;3824;1120;926
210;German_short-haired_pointer;4750;;0.7804210526315789;0.797375779737578;0.7804210526315789;0.7888073199276519;3707;942;1043
448;birdhouse;4750;;0.844421052631579;0.7393548387096774;0.844421052631579;0.7884029484029484;4011;1414;739
564;four-poster;4750;;0.8050526315789474;0.7719014937424303;0.8050526315789474;0.7881286067600989;3824;1130;926
902;whistle;4750;;0.8393684210526315;0.74149153803236;0.8393684210526315;0.7874000197491853;3987;1390;763
134;crane;4750;;0.6962105263157895;0.9060273972602739;0.6962105263157895;0.7873809523809524;3307;343;1443
951;lemon;4750;;0.7854736842105263;0.7887949260042283;0.7854736842105263;0.7871308016877636;3731;999;1019
259;Pomeranian;4750;;0.8282105263157895;0.7493333333333333;0.8282105263157895;0.7867999999999999;3934;1316;816
290;jaguar;4750;;0.7016842105263158;0.8950053705692803;0.7016842105263158;0.7866414916214303;3333;391;1417
870;tricycle;4750;;0.8018947368421052;0.7718338399189463;0.8018947368421052;0.7865771812080536;3809;1126;941
393;anemone_fish;4750;;0.6915789473684211;0.9102244389027432;0.6915789473684211;0.7859791841129321;3285;324;1465
872;tripod;4750;;0.7517894736842106;0.8228110599078341;0.7517894736842106;0.7856985698569858;3571;769;1179
262;Brabancon_griffon;4750;;0.7682105263157895;0.8023306948109059;0.7682105263157895;0.7848999784899978;3649;899;1101
734;police_van;4750;;0.767578947368421;0.8020237571491421;0.767578947368421;0.7844234079173839;3646;900;1104
641;maraca;4750;;0.8688421052631579;0.7147558018704537;0.8688421052631579;0.7843025465602432;4127;1647;623
780;schooner;4750;;0.8543157894736843;0.7246428571428571;0.8543157894736843;0.7841545893719807;4058;1542;692
79;centipede;4750;;0.7246315789473684;0.8536706349206349;0.7246315789473684;0.7838761102254612;3442;590;1308
372;baboon;4750;;0.8467368421052631;0.7295483402865953;0.8467368421052631;0.7837864172269318;4022;1491;728
295;American_black_bear;4750;;0.8021052631578948;0.7659831121833535;0.8021052631578948;0.7836281365693131;3810;1164;940
299;meerkat;4750;;0.8833684210526316;0.7039087401442711;0.8833684210526316;0.7834936047054428;4196;1765;554
403;aircraft_carrier;4750;;0.7776842105263158;0.7883055911224925;0.7776842105263158;0.7829588808817296;3694;992;1056
384;indri;4750;;0.8894736842105263;0.698809130003308;0.8894736842105263;0.7826972952945536;4225;1821;525
903;wig;4750;;0.7745263157894737;0.7908426483233018;0.7745263157894737;0.782599446926186;3679;973;1071
330;wood_rabbit;4750;;0.7296842105263158;0.8435142370406425;0.7296842105263158;0.7824810926741168;3466;643;1284
398;abacus;4750;;0.7722105263157895;0.7922246220302376;0.7722105263157895;0.7820895522388059;3668;962;1082
450;bobsled;4750;;0.8757894736842106;0.7058025110281643;0.8757894736842106;0.7816610296880873;4160;1734;590
495;china_cabinet;4750;;0.7583157894736842;0.8056363229702528;0.7583157894736842;0.7812601670100857;3602;869;1148
432;bassoon;4750;;0.7922105263157895;0.7704750204750205;0.7922105263157895;0.7811916130371599;3763;1121;987
940;spaghetti_squash;4750;;0.7816842105263158;0.7800420168067227;0.7816842105263158;0.7808622502628811;3713;1047;1037
50;American_alligator;4750;;0.7414736842105263;0.8225128444652032;0.7414736842105263;0.7798937112488928;3522;760;1228
491;chain_saw;4750;;0.8477894736842105;0.7216845878136201;0.8477894736842105;0.7796708615682478;4027;1553;723
920;traffic_light;4750;;0.7408421052631579;0.8216203595610553;0.7408421052631579;0.779143141813351;3519;764;1231
410;apiary;4750;;0.7566315789473684;0.8024112525117214;0.7566315789473684;0.778849279445227;3594;885;1156
352;impala;4750;;0.7557894736842106;0.8016971862438589;0.7557894736842106;0.7780667533593412;3590;888;1160
981;ballplayer;4750;;0.8292631578947368;0.7325646271154919;0.8292631578947368;0.7779204107830552;3939;1438;811
931;bagel;4750;;0.7126315789473684;0.8530745967741935;0.7126315789473684;0.7765542555632026;3385;583;1365
394;sturgeon;4750;;0.7496842105263158;0.8038374717832957;0.7496842105263158;0.7758169934640523;3561;869;1189
116;chiton;4750;;0.7871578947368421;0.7643090760425184;0.7871578947368421;0.7755652354283344;3739;1153;1011
72;black_and_gold_garden_spider;4750;;0.8355789473684211;0.7224244630506007;0.8355789473684211;0.774892620070285;3969;1525;781
518;crash_helmet;4750;;0.8532631578947368;0.708195002621003;0.8532631578947368;0.7739902606702951;4053;1670;697
559;folding_chair;4750;;0.7235789473684211;0.8315993225260102;0.7235789473684211;0.7738376674546887;3437;696;1313
777;scabbard;4750;;0.7252631578947368;0.8293211362542128;0.7252631578947368;0.7738095238095237;3445;709;1305
360;otter;4750;;0.7793684210526316;0.7675720505909185;0.7793684210526316;0.7734252585396426;3702;1121;1048
521;Crock_Pot;4750;;0.6703157894736842;0.9123209169054441;0.6703157894736842;0.7728155339805824;3184;306;1566
949;strawberry;4750;;0.7128421052631579;0.8406156901688183;0.7128421052631579;0.7714741398951925;3386;642;1364
31;tree_frog;4750;;0.7035789473684211;0.8514649681528662;0.7035789473684211;0.7704899135446686;3342;583;1408
647;measuring_cup;4750;;0.6981052631578948;0.8590673575129534;0.6981052631578948;0.7702671312427412;3316;544;1434
568;fur_coat;4750;;0.7671578947368421;0.7728525980911983;0.7671578947368421;0.7699947173798204;3644;1071;1106
965;burrito;4750;;0.6793684210526316;0.8884911894273128;0.6793684210526316;0.7699832975423527;3227;405;1523
43;frilled_lizard;4750;;0.756;0.7842323651452282;0.756;0.7698574338085539;3591;988;1159
82;ruffed_grouse;4750;;0.7976842105263158;0.7435243328100472;0.7976842105263158;0.7696526508226692;3789;1307;961
125;hermit_crab;4750;;0.7711578947368422;0.7679245283018868;0.7711578947368422;0.7695378151260506;3663;1107;1087
39;common_iguana;4750;;0.7677894736842106;0.7700591216216216;0.7677894736842106;0.768922622812566;3647;1089;1103
287;lynx;4750;;0.7109473684210527;0.8348578491965389;0.7109473684210527;0.7679363274587835;3377;668;1373
305;dung_beetle;4750;;0.744421052631579;0.7898146079964262;0.744421052631579;0.7664462989053864;3536;941;1214
507;combination_lock;4750;;0.7345263157894737;0.8011481056257176;0.7345263157894737;0.7663920922570016;3489;866;1261
635;magnetic_compass;4750;;0.8008421052631579;0.7345047306429813;0.8008421052631579;0.7662403061738343;3804;1375;946
27;eft;4750;;0.6762105263157895;0.8836313617606603;0.6762105263157895;0.7661299940369708;3212;423;1538
666;mortar;4750;;0.7877894736842105;0.7452698665604461;0.7877894736842105;0.7659400266093541;3742;1279;1008
53;ringneck_snake;4750;;0.7551578947368421;0.776070964950238;0.7551578947368421;0.7654716175842936;3587;1035;1163
586;half_track;4750;;0.7829473684210526;0.74798873692679;0.7829473684210526;0.765068915860934;3719;1253;1031
110;flatworm;4750;;0.8682105263157894;0.6836870026525199;0.8682105263157894;0.7649786681506214;4124;1908;626
942;butternut_squash;4750;;0.7263157894736842;0.8079625292740047;0.7263157894736842;0.7649667405764966;3450;820;1300
630;Loafer;4750;;0.7684210526315789;0.7613683771380892;0.7684210526315789;0.7648784576697402;3650;1144;1100
852;tennis_ball;4750;;0.8145263157894737;0.7208869014346935;0.8145263157894737;0.7648512404863101;3869;1498;881
297;sloth_bear;4750;;0.708;0.8316023738872403;0.708;0.7648396634068683;3363;681;1387
877;turnstile;4750;;0.7437894736842106;0.7870349743818222;0.7437894736842106;0.7648013854313238;3533;956;1217
319;dragonfly;4750;;0.7589473684210526;0.7706284737067123;0.7589473684210526;0.764743317776835;3605;1073;1145
473;can_opener;4750;;0.7412631578947368;0.7894618834080718;0.7412631578947368;0.7646036916395222;3521;939;1229
758;reel;4750;;0.7029473684210527;0.8372617853560682;0.7029473684210527;0.7642481116960403;3339;649;1411
724;pirate;4750;;0.7073684210526315;0.830655129789864;0.7073684210526315;0.7640704945992041;3360;685;1390
686;oil_filter;4750;;0.7107368421052631;0.8252261060865315;0.7107368421052631;0.7637145119330393;3376;715;1374
428;barrow;4750;;0.7412631578947368;0.787519570565869;0.7412631578947368;0.7636915735820411;3521;950;1229
785;seat_belt;4750;;0.755578947368421;0.771662008170286;0.755578947368421;0.7635357940644611;3589;1062;1161
361;skunk;4750;;0.9092631578947369;0.6578827113480579;0.9092631578947369;0.7634114007954045;4319;2246;431
882;vacuum;4750;;0.7286315789473684;0.800971997222865;0.7286315789473684;0.7630911696615587;3461;860;1289
580;greenhouse;4750;;0.7210526315789474;0.8095012999290948;0.7210526315789474;0.7627213005233272;3425;806;1325
309;bee;4750;;0.7581052631578947;0.7664963814389102;0.7581052631578947;0.7622777307366638;3601;1097;1149
368;gibbon;4750;;0.7732631578947369;0.7511247443762781;0.7732631578947369;0.7620331950207468;3673;1217;1077
121;king_crab;4750;;0.7972631578947369;0.7292509146928557;0.7972631578947369;0.761741928995273;3787;1406;963
629;lipstick;4750;;0.7741052631578947;0.7488798370672097;0.7741052631578947;0.7612836438923395;3677;1233;1073
235;German_shepherd;4750;;0.7772631578947369;0.7430066411752868;0.7772631578947369;0.7597489453647495;3692;1277;1058
214;Gordon_setter;4750;;0.7945263157894736;0.7274479568234387;0.7945263157894736;0.7595089555242502;3774;1414;976
377;marmoset;4750;;0.6734736842105263;0.8702393906420022;0.6734736842105263;0.7593164016140517;3199;477;1551
701;parachute;4750;;0.9391578947368421;0.637194686473361;0.9391578947368421;0.7592545315292315;4461;2540;289
553;file;4750;;0.724421052631579;0.7948717948717948;0.724421052631579;0.7580129970261041;3441;888;1309
833;submarine;4750;;0.7861052631578948;0.7317264354301392;0.7861052631578948;0.7579417436313813;3734;1369;1016
239;Bernese_mountain_dog;4750;;0.8652631578947368;0.6741020173855995;0.8652631578947368;0.7578132202452291;4110;1987;640
840;swab;4750;;0.7473684210526316;0.7677335640138409;0.7473684210526316;0.7574141241732452;3550;1074;1200
658;mitten;4750;;0.7149473684210527;0.8045486851457001;0.7149473684210527;0.757106231189388;3396;825;1354
789;shoji;4750;;0.7764210526315789;0.7383383383383383;0.7764210526315789;0.756900974858902;3688;1307;1062
3;tiger_shark;4750;;0.7570526315789474;0.7567340067340067;0.7570526315789474;0.7568932856240791;3596;1156;1154
849;teapot;4750;;0.7463157894736843;0.7674821389911236;0.7463157894736843;0.7567509872985377;3545;1074;1205
157;papillon;4750;;0.8962105263157895;0.6539170506912443;0.8962105263157895;0.7561278863232682;4257;2253;493
511;convertible;4750;;0.7235789473684211;0.7904783808647654;0.7235789473684211;0.7555506704770278;3437;911;1313
378;capuchin;4750;;0.7570526315789474;0.7537203940473696;0.7570526315789474;0.7553828379371914;3596;1175;1154
778;scale;4750;;0.6669473684210526;0.8705688375927453;0.6669473684210526;0.7552747645726547;3168;471;1582
215;Brittany_spaniel;4750;;0.7536842105263157;0.7547965422728231;0.7536842105263157;0.7542399662909512;3580;1163;1170
118;Dungeness_crab;4750;;0.6698947368421052;0.861863488624052;0.6698947368421052;0.753849798625918;3182;510;1568
78;tick;4750;;0.8052631578947368;0.7082021847805962;0.8052631578947368;0.7536203329721209;3825;1576;925
659;mixing_bowl;4750;;0.7696842105263157;0.7381385019180294;0.7696842105263157;0.7535813665876533;3656;1297;1094
897;washer;4750;;0.6806315789473685;0.8414888079125455;0.6806315789473685;0.75256052141527;3233;609;1517
177;Scottish_deerhound;4750;;0.8503157894736842;0.6746283614498079;0.8503157894736842;0.7523516811027289;4039;1948;711
891;waffle_iron;4750;;0.7322105263157894;0.7723739729069509;0.7322105263157894;0.7517561871825352;3478;1025;1272
913;wreck;4750;;0.752421052631579;0.749737780574785;0.752421052631579;0.7510770200693496;3574;1193;1176
517;crane;4750;;0.7092631578947368;0.7972077614765736;0.7092631578947368;0.7506684491978609;3369;857;1381
33;loggerhead;4750;;0.8075789473684211;0.7007672634271099;0.8075789473684211;0.7503912363067293;3836;1638;914
570;gasmask;4750;;0.7821052631578947;0.7205197827773467;0.7821052631578947;0.7500504744599232;3715;1441;1035
7;cock;4750;;0.6886315789473684;0.8220658456898718;0.6886315789473684;0.7494558368656203;3271;708;1479
476;carousel;4750;;0.9277894736842105;0.6285836542575952;0.9277894736842105;0.7494260692118018;4407;2604;343
593;harmonica;4750;;0.764421052631579;0.7330910559257016;0.764421052631579;0.7484283211377926;3631;1322;1119
467;butcher_shop;4750;;0.6707368421052632;0.8464399574920297;0.6707368421052632;0.7484143763213531;3186;578;1564
114;slug;4750;;0.6806315789473685;0.8306783144912642;0.6806315789473685;0.7482064336959038;3233;659;1517
416;balance_beam;4750;;0.82;0.6877979869327212;0.82;0.7481033323729953;3895;1768;855
80;black_grouse;4750;;0.908;0.6352923847400206;0.908;0.7475517809168906;4313;2476;437
889;violin;4750;;0.6863157894736842;0.8199195171026157;0.6863157894736842;0.7471922988769195;3260;716;1490
583;guillotine;4750;;0.856421052631579;0.6626486398436228;0.856421052631579;0.7471760492239876;4068;2071;682
109;brain_coral;4750;;0.7134736842105264;0.7824982682983145;0.7134736842105264;0.7463935689901993;3389;942;1361
181;Bedlington_terrier;4750;;0.8021052631578948;0.6970362239297475;0.8021052631578948;0.7458888018794049;3810;1656;940
107;jellyfish;4750;;0.8214736842105264;0.6830036758270611;0.8214736842105264;0.7458663863136769;3902;1811;848
646;maze;4750;;0.9008421052631579;0.6362825278810409;0.9008421052631579;0.7457952069716777;4279;2446;471
236;Doberman;4750;;0.6909473684210526;0.809570794277257;0.6909473684210526;0.7455701953657429;3282;772;1468
730;plow;4750;;0.6804210526315789;0.8244897959183674;0.6804210526315789;0.7455594002306805;3232;688;1518
41;whiptail;4750;;0.8305263157894737;0.676208433321906;0.8305263157894737;0.7454648526077097;3945;1889;805
713;photocopier;4750;;0.8981052631578947;0.6370967741935484;0.8981052631578947;0.7454132448016774;4266;2430;484
676;muzzle;4750;;0.6585263157894737;0.8565169769989047;0.6585263157894737;0.7445846227088789;3128;524;1622
610;jersey;4750;;0.708;0.7833682739343116;0.708;0.743779719119761;3363;930;1387
532;dining_table;4750;;0.7343157894736843;0.753185057223062;0.7343157894736843;0.7436307429911523;3488;1143;1262
203;West_Highland_white_terrier;4750;;0.788;0.7034392031573012;0.788;0.7433224108827327;3743;1578;1007
627;limousine;4750;;0.8113684210526316;0.6847903340440654;0.8113684210526316;0.7427249951821161;3854;1774;896
194;Dandie_Dinmont;4750;;0.7981052631578948;0.6922936449963477;0.7981052631578948;0.741443379620575;3791;1685;959
164;bluetick;4750;;0.756421052631579;0.7239572839008664;0.756421052631579;0.7398332132193968;3593;1370;1157
579;grand_piano;4750;;0.7004210526315789;0.7833765010595715;0.7004210526315789;0.7395798599533179;3327;920;1423
353;gazelle;4750;;0.7591578947368421;0.7209116353458617;0.7591578947368421;0.7395406070549632;3606;1396;1144
551;face_powder;4750;;0.7753684210526316;0.705825986968187;0.7753684210526316;0.7389646869983948;3683;1535;1067
273;dingo;4750;;0.7667368421052632;0.7124413145539906;0.7667368421052632;0.7385925775704725;3642;1470;1108
123;spiny_lobster;4750;;0.6343157894736842;0.8835777126099706;0.6343157894736842;0.7384803921568627;3013;397;1737
221;Irish_water_spaniel;4750;;0.8166315789473684;0.6736714136853074;0.8166315789473684;0.7382946326608297;3879;1879;871
211;vizsla;4750;;0.7427368421052631;0.7330147517141076;0.7427368421052631;0.7378437728746208;3528;1285;1222
440;beer_bottle;4750;;0.7856842105263158;0.6939382670137597;0.7856842105263158;0.7369668246445498;3732;1646;1018
209;Chesapeake_Bay_retriever;4750;;0.6526315789473685;0.8449168710820387;0.6526315789473685;0.7364295046917687;3100;569;1650
349;bighorn;4750;;0.880421052631579;0.6323907455012854;0.880421052631579;0.7360732201003257;4182;2431;568
595;harvester;4750;;0.7258947368421053;0.7463203463203463;0.7258947368421053;0.7359658484525081;3448;1172;1302
825;stone_wall;4750;;0.655578947368421;0.8357487922705314;0.655578947368421;0.7347805568664465;3114;612;1636
803;snowplow;4750;;0.879578947368421;0.6307367149758454;0.879578947368421;0.7346579919113768;4178;2446;572
314;cockroach;4750;;0.6696842105263158;0.8133469700843774;0.6696842105263158;0.7345572104837779;3181;730;1569
220;Sussex_spaniel;4750;;0.6964210526315789;0.7770730561428236;0.6964210526315789;0.7345398023759299;3308;949;1442
753;radiator;4750;;0.6757894736842105;0.8039068369646882;0.6757894736842105;0.7343017270959624;3210;783;1540
597;holster;4750;;0.6505263157894737;0.839902147322642;0.6505263157894737;0.7331830584885514;3090;589;1660
337;beaver;4750;;0.7347368421052631;0.7299728090357666;0.7347368421052631;0.7323470779561431;3490;1291;1260
61;boa_constrictor;4750;;0.6686315789473685;0.809171974522293;0.6686315789473685;0.7322190201729107;3176;749;1574
919;street_sign;4750;;0.7522105263157894;0.7123205741626795;0.7522105263157894;0.7317223018636084;3573;1443;1177
369;siamang;4750;;0.7103157894736842;0.7543035993740219;0.7103157894736842;0.7316491380245039;3374;1099;1376
896;washbasin;4750;;0.7526315789473684;0.7115843949044586;0.7526315789473684;0.7315326376099858;3575;1449;1175
234;Rottweiler;4750;;0.6972631578947368;0.7686238106289163;0.6972631578947368;0.7312065349376311;3312;997;1438
822;steel_drum;4750;;0.8301052631578948;0.652922669316112;0.8301052631578948;0.7309296505700251;3943;2096;807
795;ski;4750;;0.8033684210526316;0.6702968557878096;0.8033684210526316;0.7308244757253664;3816;1877;934
171;Italian_greyhound;4750;;0.6953684210526315;0.7693920335429769;0.6953684210526315;0.7305097865752516;3303;990;1447
315;mantis;4750;;0.6774736842105263;0.7908577045957238;0.6774736842105263;0.7297879578183468;3218;851;1532
596;hatchet;4750;;0.6341052631578947;0.8590986879634912;0.6341052631578947;0.7296511627906976;3012;494;1738
557;flagpole;4750;;0.6861052631578948;0.7787335722819594;0.6861052631578948;0.7294907666480136;3259;926;1491
690;oxcart;4750;;0.8147368421052632;0.6601842374616171;0.8147368421052632;0.7293629852996607;3870;1992;880
243;bull_mastiff;4750;;0.6736842105263158;0.7928642220019821;0.6736842105263158;0.7284315957204643;3200;836;1550
901;whiskey_jug;4750;;0.6808421052631579;0.7828612926652142;0.6808421052631579;0.7282963630221821;3234;897;1516
854;theater_curtain;4750;;0.8187368421052632;0.6557073006238409;0.8187368421052632;0.7282089691976406;3889;2042;861
395;gar;4750;;0.752421052631579;0.7053483323465561;0.752421052631579;0.7281246816746462;3574;1493;1176
423;barber_chair;4750;;0.7482105263157894;0.7083914690053817;0.7482105263157894;0.7277567318521552;3554;1463;1196
859;toaster;4750;;0.7301052631578947;0.7253712612424179;0.7301052631578947;0.7277305634246144;3468;1313;1282
617;lab_coat;4750;;0.7370526315789474;0.7185960591133005;0.7370526315789474;0.727707337351902;3501;1371;1249
342;wild_boar;4750;;0.7743157894736842;0.6861940298507463;0.7743157894736842;0.7275964391691395;3678;1682;1072
298;mongoose;4750;;0.6572631578947369;0.8138686131386861;0.6572631578947369;0.7272303750291171;3122;714;1628
183;Kerry_blue_terrier;4750;;0.7433684210526316;0.711608222490931;0.7433684210526316;0.7271416803953872;3531;1431;1219
589;hand_blower;4750;;0.6442105263157895;0.8342420937840785;0.6442105263157895;0.7270135424091233;3060;608;1690
223;schipperke;4750;;0.7303157894736843;0.7236128493950772;0.7303157894736843;0.7269488683989942;3469;1325;1281
765;rocking_chair;4750;;0.6730526315789473;0.7901631240731587;0.6730526315789473;0.7269213278763073;3197;849;1553
120;fiddler_crab;4750;;0.6987368421052632;0.7567259461924305;0.6987368421052632;0.7265761821366025;3319;1067;1431
252;affenpinscher;4750;;0.8010526315789473;0.6647449336128581;0.8010526315789473;0.7265610082108076;3805;1919;945
678;neck_brace;4750;;0.7378947368421053;0.7151601713935931;0.7378947368421053;0.7263496010776085;3505;1396;1245
711;perfume;4750;;0.7256842105263158;0.7264488935721812;0.7256842105263158;0.7260663507109005;3447;1298;1303
429;baseball;4750;;0.7387368421052631;0.7136465324384788;0.7387368421052631;0.7259749663804695;3509;1408;1241
106;wombat;4750;;0.6623157894736842;0.803165688026551;0.6623157894736842;0.7259720779970001;3146;771;1604
154;Pekinese;4750;;0.7663157894736842;0.6895245311612048;0.7663157894736842;0.7258949047761492;3640;1639;1110
823;stethoscope;4750;;0.7075789473684211;0.7435840707964602;0.7075789473684211;0.7251348435814454;3361;1159;1389
441;beer_glass;4750;;0.7008421052631579;0.7511281588447654;0.7008421052631579;0.7251143541712046;3329;1103;1421
161;basset;4750;;0.72;0.7285896889646357;0.72;0.724269377382465;3420;1274;1330
313;walking_stick;4750;;0.656;0.8068358363542206;0.656;0.7236414305620065;3116;746;1634
457;bow_tie;4750;;0.6673684210526316;0.7893426294820717;0.6673684210526316;0.7232489162673966;3170;846;1580
475;car_mirror;4750;;0.9296842105263158;0.5893500600560523;0.9296842105263158;0.7213918157314383;4416;3077;334
929;ice_lolly;4750;;0.7067368421052631;0.7360228020171015;0.7067368421052631;0.7210825904843733;3357;1204;1393
776;sax;4750;;0.7025263157894737;0.7402395740905058;0.7025263157894737;0.7208900410455822;3337;1171;1413
550;espresso_maker;4750;;0.663578947368421;0.7887887887887888;0.663578947368421;0.7207866453235764;3152;844;1598
992;agaric;4750;;0.8157894736842105;0.6455105780443112;0.8157894736842105;0.7207290988561332;3875;2128;875
421;bannister;4750;;0.7357894736842105;0.705632949727438;0.7357894736842105;0.7203957538905493;3495;1458;1255
546;electric_guitar;4750;;0.6938947368421052;0.7489206998409452;0.6938947368421052;0.7203584307725931;3296;1105;1454
525;dam;4750;;0.7317894736842105;0.708664627930683;0.7317894736842105;0.7200414293112376;3476;1429;1274
798;slide_rule;4750;;0.612421052631579;0.8733113179225458;0.612421052631579;0.7199604009404776;2909;422;1841
653;milk_can;4750;;0.7176842105263158;0.7214814814814815;0.7176842105263158;0.7195778364116096;3409;1316;1341
42;agama;4750;;0.6821052631578948;0.7610993657505285;0.6821052631578948;0.7194404352170534;3240;1017;1510
334;porcupine;4750;;0.8117894736842105;0.6456798392498325;0.8117894736842105;0.719268793135609;3856;2116;894
212;English_setter;4750;;0.7414736842105263;0.6982553528945281;0.7414736842105263;0.7192158464365938;3522;1522;1228
881;upright;4750;;0.7865263157894736;0.6624113475177305;0.7865263157894736;0.7191530317613088;3736;1904;1014
703;park_bench;4750;;0.7349473684210527;0.7017085427135679;0.7349473684210527;0.7179434447300771;3491;1484;1259
717;pickup;4750;;0.6505263157894737;0.8009331259720062;0.6505263157894737;0.7179368029739778;3090;768;1660
474;cardigan;4750;;0.7115789473684211;0.7243891984569224;0.7115789473684211;0.7179269328802039;3380;1286;1370
654;minibus;4750;;0.8183157894736842;0.6385740101856415;0.8183157894736842;0.7173572021777246;3887;2200;863
791;shopping_cart;4750;;0.7065263157894737;0.7281405944890432;0.7065263157894737;0.7171706378886632;3356;1253;1394
176;Saluki;4750;;0.7092631578947368;0.7248278829604131;0.7092631578947368;0.7169610555437327;3369;1279;1381
697;pajama;4750;;0.6755789473684211;0.7609675124496087;0.6755789473684211;0.7157354745176758;3209;1008;1541
808;sombrero;4750;;0.7;0.7314122305323362;0.7;0.7153614457831324;3325;1221;1425
577;gong;4750;;0.8174736842105264;0.6357236411263916;0.8174736842105264;0.7152330079204273;3883;2225;867
871;trimaran;4750;;0.7658947368421053;0.670475488389237;0.7658947368421053;0.7150157232704403;3638;1788;1112
720;pill_bottle;4750;;0.8136842105263158;0.6374731980867557;0.8136842105263158;0.7148802367520576;3865;2198;885
182;Border_terrier;4750;;0.724;0.7045687359147715;0.724;0.7141522167999169;3439;1442;1311
37;box_turtle;4750;;0.6686315789473685;0.7660395561987458;0.6686315789473685;0.7140287769784174;3176;970;1574
665;moped;4750;;0.6423157894736842;0.803740779768177;0.6423157894736842;0.7140182541539902;3051;745;1699
875;trombone;4750;;0.6917894736842105;0.7372672201032084;0.6917894736842105;0.7138047138047139;3286;1171;1464
390;eel;4750;;0.6536842105263158;0.7860759493670886;0.6536842105263158;0.7137931034482757;3105;845;1645
761;remote_control;4750;;0.7673684210526316;0.6668496158068057;0.7673684210526316;0.7135865309318716;3645;1821;1105
950;orange;4750;;0.68;0.7490723562152134;0.68;0.7128669167954095;3230;1082;1520
831;studio_couch;4750;;0.7665263157894737;0.6657524227463887;0.7665263157894737;0.7125941872981701;3641;1828;1109
695;padlock;4750;;0.7654736842105263;0.6664222873900293;0.7654736842105263;0.7125220458553791;3636;1820;1114
533;dishrag;4750;;0.5917894736842105;0.894937917860554;0.5917894736842105;0.7124572297554176;2811;330;1939
468;cab;4750;;0.720421052631579;0.7044051049814739;0.720421052631579;0.7123230641132391;3422;1436;1328
63;Indian_cobra;4750;;0.8383157894736842;0.6191883066397139;0.8383157894736842;0.7122797603076647;3982;2449;768
616;knot;4750;;0.787578947368421;0.6484659386375455;0.787578947368421;0.7112843426181196;3741;2028;1009
544;Dutch_oven;4750;;0.655578947368421;0.7759780712683778;0.655578947368421;0.7107155083875385;3114;899;1636
939;zucchini;4750;;0.6366315789473684;0.801909307875895;0.6366315789473684;0.7097758479051756;3024;747;1726
173;Ibizan_hound;4750;;0.612421052631579;0.8431884057971014;0.612421052631579;0.7095121951219513;2909;541;1841
574;golf_ball;4750;;0.8372631578947368;0.6146831530139104;0.8372631578947368;0.7089126559714796;3977;2493;773
480;cash_machine;4750;;0.6922105263157895;0.726148409893993;0.6922105263157895;0.7087734425522741;3288;1240;1462
704;parking_meter;4750;;0.8002105263157895;0.6346635498413759;0.8002105263157895;0.7078871403296397;3801;2188;949
739;potter's_wheel;4750;;0.9077894736842105;0.5799596503026228;0.9077894736842105;0.7077554370127206;4312;3123;438
462;broom;4750;;0.6332631578947369;0.7983014861995754;0.6332631578947369;0.7062690772481803;3008;760;1742
867;trailer_truck;4750;;0.8311578947368421;0.6123778501628665;0.8311578947368421;0.7051888898812182;3948;2499;802
449;boathouse;4750;;0.7098947368421052;0.7004570004154549;0.7098947368421052;0.7051442910915934;3372;1442;1378
198;standard_schnauzer;4750;;0.8189473684210526;0.6189339697692919;0.8189473684210526;0.7050294517444494;3890;2395;860
490;chain_mail;4750;;0.6858947368421052;0.7244829886591061;0.6858947368421052;0.7046609711257705;3258;1239;1492
756;rain_barrel;4750;;0.6564210526315789;0.7603023652767618;0.6564210526315789;0.7045531578352728;3118;983;1632
115;sea_slug;4750;;0.6296842105263157;0.7965379494007989;0.6296842105263157;0.7033509700176366;2991;764;1759
520;crib;4750;;0.6597894736842105;0.7526416906820365;0.6597894736842105;0.7031635629347094;3134;1030;1616
857;throne;4750;;0.7341052631578947;0.6717395492198035;0.7341052631578947;0.7015390805753948;3487;1704;1263
399;abaya;4750;;0.787578947368421;0.6319256756756757;0.787578947368421;0.7012183692596065;3741;2179;1009
760;refrigerator;4750;;0.7366315789473684;0.6686413147334225;0.7366315789473684;0.7009916858659722;3499;1734;1251
437;beacon;4750;;0.712;0.6896411092985318;0.712;0.7006422208411022;3382;1522;1368
680;nipple;4750;;0.7423157894736843;0.6622839969947408;0.7423157894736843;0.7000198530871551;3526;1798;1224
30;bullfrog;4750;;0.5806315789473684;0.8811501597444089;0.5806315789473684;0.7000000000000001;2758;372;1992
826;stopwatch;4750;;0.655578947368421;0.7481979817395483;0.655578947368421;0.6988330341113106;3114;1048;1636
112;conch;4750;;0.6915789473684211;0.7050869285254346;0.6915789473684211;0.698267616112233;3285;1374;1465
242;boxer;4750;;0.6684210526315789;0.7300528857208554;0.6684210526315789;0.697878887789867;3175;1174;1575
602;horizontal_bar;4750;;0.6953684210526315;0.7002331990672037;0.6953684210526315;0.6977923312559418;3303;1414;1447
982;groom;4750;;0.5724210526315789;0.8914754098360655;0.5724210526315789;0.6971794871794872;2719;331;2031
943;cucumber;4750;;0.7328421052631579;0.6648204736440031;0.7328421052631579;0.6971760464650512;3481;1755;1269
634;lumbermill;4750;;0.6964210526315789;0.6973018549747049;0.6964210526315789;0.6968611754792501;3308;1436;1442
737;pop_bottle;4750;;0.6833684210526316;0.7095081967213115;0.6833684210526316;0.6961930294906167;3246;1329;1504
806;sock;4750;;0.6492631578947369;0.750182437363172;0.6492631578947369;0.6960839634352783;3084;1027;1666
452;bonnet;4750;;0.6389473684210526;0.7637141419224962;0.6389473684210526;0.695781751490142;3035;939;1715
669;mosquito_net;4750;;0.7351578947368421;0.6594900849858357;0.7351578947368421;0.6952712792434047;3492;1803;1258
738;pot;4750;;0.7997894736842105;0.6140294165185065;0.7997894736842105;0.6947060437048551;3799;2388;951
172;whippet;4750;;0.7101052631578947;0.6782626181379449;0.7101052631578947;0.6938187802118687;3373;1600;1377
729;plate_rack;4750;;0.6082105263157894;0.8060825892857143;0.6082105263157894;0.693304535637149;2889;695;1861
796;ski_mask;4750;;0.8370526315789474;0.5916666666666667;0.8370526315789474;0.6932868352223192;3976;2744;774
922;menu;4750;;0.5810526315789474;0.8566108007448789;0.5810526315789474;0.6924234821876568;2760;462;1990
256;Newfoundland;4750;;0.632421052631579;0.7647657841140529;0.632421052631579;0.6923254206038257;3004;924;1746
52;thunder_snake;4750;;0.7334736842105263;0.6552567237163814;0.7334736842105263;0.6921625111751267;3484;1833;1266
866;tractor;4750;;0.7701052631578947;0.6270140555365101;0.7701052631578947;0.6912320483749055;3658;2176;1092
749;quill;4750;;0.7465263157894737;0.6432069653546164;0.7465263157894737;0.6910260157848583;3546;1967;1204
772;safety_pin;4750;;0.6381052631578947;0.7530434782608696;0.6381052631578947;0.6908262108262108;3031;994;1719
773;saltshaker;4750;;0.6170526315789474;0.7843189724377844;0.6170526315789474;0.6907034287734182;2931;806;1819
49;African_crocodile;4750;;0.5871578947368421;0.8385447985568251;0.5871578947368421;0.6906884596334819;2789;537;1961
443;bib;4750;;0.6372631578947369;0.7535474234503361;0.6372631578947369;0.6905440857762062;3027;990;1723
702;parallel_bars;4750;;0.7035789473684211;0.6776155717761557;0.7035789473684211;0.6903532328031398;3342;1590;1408
858;tile_roof;4750;;0.5816842105263158;0.8480662983425414;0.5816842105263158;0.6900599400599401;2763;495;1987
864;tow_truck;4750;;0.6366315789473684;0.753175591531756;0.6366315789473684;0.6900171135196805;3024;991;1726
759;reflex_camera;4750;;0.6890526315789474;0.6909436352121596;0.6890526315789474;0.689996837778012;3273;1464;1477
199;Scotch_terrier;4750;;0.7077894736842105;0.6721311475409836;0.7077894736842105;0.6894995898277275;3362;1640;1388
880;unicycle;4750;;0.7458947368421053;0.6404555314533622;0.7458947368421053;0.6891655319976658;3543;1989;1207
456;bow;4750;;0.8351578947368421;0.5862272794443624;0.8351578947368421;0.6888946774333594;3967;2800;783
908;wing;4750;;0.576;0.8555347091932458;0.576;0.688475088072471;2736;462;2014
644;matchstick;4750;;0.7149473684210527;0.6636701192104749;0.7149473684210527;0.6883551231377318;3396;1721;1354
224;groenendael;4750;;0.6568421052631579;0.7228915662650602;0.6568421052631579;0.6882859033752481;3120;1196;1630
807;solar_dish;4750;;0.8286315789473684;0.5881649731022116;0.8286315789473684;0.6879916098584163;3936;2756;814
847;tank;4750;;0.7242105263157895;0.654490106544901;0.7242105263157895;0.687587447531481;3440;1816;1310
912;worm_fence;4750;;0.7778947368421053;0.6157307115480753;0.7778947368421053;0.6873779183331783;3695;2306;1055
310;ant;4750;;0.8103157894736842;0.5952675533560161;0.8103157894736842;0.6863409415121257;3849;2617;901
514;cowboy_boot;4750;;0.7162105263157895;0.6585365853658537;0.7162105263157895;0.6861637757160145;3402;1764;1348
447;binoculars;4750;;0.7507368421052631;0.6305923961096375;0.7507368421052631;0.6854396924555501;3566;2089;1184
427;barrel;4750;;0.6456842105263157;0.7286766452839154;0.6456842105263157;0.6846746288648287;3067;1142;1683
502;clog;4750;;0.6414736842105263;0.7340399903637678;0.6414736842105263;0.6846421750365128;3047;1104;1703
774;sandal;4750;;0.6191578947368421;0.7607346094154165;0.6191578947368421;0.6826833797585887;2941;925;1809
626;lighter;4750;;0.7138947368421052;0.6538758195140764;0.7138947368421052;0.6825684380032205;3391;1795;1359
374;langur;4750;;0.6823157894736842;0.6827469981040657;0.6823157894736842;0.6825313256817942;3241;1506;1509
237;miniature_pinscher;4750;;0.6532631578947369;0.7136614535418583;0.6532631578947369;0.6821279402066388;3103;1245;1647
219;cocker_spaniel;4750;;0.6572631578947369;0.7087400681044268;0.6572631578947369;0.6820316766794102;3122;1283;1628
850;teddy;4750;;0.6850526315789474;0.6786235662148071;0.6850526315789474;0.6818229439497119;3254;1541;1496
329;sea_cucumber;4750;;0.6208421052631579;0.7542199488491048;0.6208421052631579;0.6810623556581986;2949;961;1801
400;academic_gown;4750;;0.7113684210526315;0.6529468599033816;0.7113684210526315;0.6809068010075567;3379;1796;1371
974;geyser;4750;;0.8541052631578947;0.5659877232142857;0.8541052631578947;0.6808189293505622;4057;3111;693
538;dome;4750;;0.6027368421052631;0.7815997815997816;0.6027368421052631;0.680613336503031;2863;800;1887
455;bottlecap;4750;;0.6644210526315789;0.6965349812403443;0.6644210526315789;0.6800991272492187;3156;1375;1594
408;amphibian;4750;;0.6301052631578947;0.7381011097410605;0.6301052631578947;0.6798409994321409;2993;1062;1757
264;Cardigan;4750;;0.712;0.6490117060065247;0.712;0.6790482883244654;3382;1829;1368
373;macaque;4750;;0.6583157894736842;0.7008068130883012;0.6583157894736842;0.6788970907511941;3127;1335;1623
503;cocktail_shaker;4750;;0.6776842105263158;0.6781124921002739;0.6776842105263158;0.677898283668527;3219;1528;1531
192;cairn;4750;;0.6021052631578947;0.7754880694143167;0.6021052631578947;0.677885754918227;2860;828;1890
745;projector;4750;;0.6665263157894736;0.688560243584167;0.6665263157894736;0.6773641420624732;3166;1432;1584
413;assault_rifle;4750;;0.7069473684210527;0.6486382074560556;0.7069473684210527;0.6765387327490682;3358;1819;1392
357;mink;4750;;0.7231578947368421;0.6345834103085165;0.7231578947368421;0.6759815015251402;3435;1978;1315
484;catamaran;4750;;0.608;0.7606004740584672;0.608;0.6757926757926758;2888;909;1862
158;toy_terrier;4750;;0.6581052631578947;0.6934338952972493;0.6581052631578947;0.675307841866494;3126;1382;1624
835;sundial;4750;;0.5930526315789474;0.7840244920679098;0.5930526315789474;0.6752966558791802;2817;776;1933
693;paddle;4750;;0.6423157894736842;0.7095348837209302;0.6423157894736842;0.6742541436464088;3051;1249;1699
405;airship;4750;;0.6530526315789473;0.6950481738740757;0.6530526315789473;0.6733962878541191;3102;1361;1648
964;potpie;4750;;0.6983157894736842;0.6487385096812047;0.6983157894736842;0.6726148230761433;3317;1796;1433
997;bolete;4750;;0.5829473684210527;0.7943201376936316;0.5829473684210527;0.6724137931034483;2769;717;1981
793;shower_cap;4750;;0.7157894736842105;0.6333830104321908;0.7157894736842105;0.6720695789681754;3400;1968;1350
790;shopping_basket;4750;;0.639578947368421;0.7073341094295693;0.639578947368421;0.6717523493642897;3038;1257;1712
492;chest;4750;;0.6210526315789474;0.7311028500619579;0.6210526315789474;0.6715993170176437;2950;1085;1800
529;diaper;4750;;0.6566315789473685;0.686550737398195;0.6566315789473685;0.6712579360809211;3119;1424;1631
844;switch;4750;;0.6490526315789473;0.6931205035971223;0.6490526315789473;0.6703631224179168;3083;1365;1667
267;standard_poodle;4750;;0.7964210526315789;0.5786173141633527;0.7964210526315789;0.6702693125442948;3783;2755;967
232;Border_collie;4750;;0.7776842105263158;0.5887790883009244;0.7776842105263158;0.6701741654571842;3694;2580;1056
165;black-and-tan_coonhound;4750;;0.6050526315789474;0.7490226739640344;0.6050526315789474;0.6693839524863165;2874;963;1876
842;swimming_trunks;4750;;0.6892631578947368;0.6498610559745931;0.6892631578947368;0.6689824274621987;3274;1764;1476
506;coil;4750;;0.6842105263157895;0.6533976678729393;0.6842105263157895;0.6684491978609626;3250;1724;1500
515;cowboy_hat;4750;;0.6229473684210526;0.7210038986354775;0.6229473684210526;0.6683984639710865;2959;1145;1791
191;Airedale;4750;;0.7471578947368421;0.6039823008849557;0.7471578947368421;0.6679841897233202;3549;2327;1201
769;rule;4750;;0.6863157894736842;0.650438946528332;0.6863157894736842;0.6678959229666052;3260;1752;1490
207;golden_retriever;4750;;0.6989473684210527;0.6379707916986933;0.6989473684210527;0.667068515169781;3320;1884;1430
263;Pembroke;4750;;0.6187368421052631;0.7208731910718665;0.6187368421052631;0.6659114081794494;2939;1138;1811
206;curly-coated_retriever;4750;;0.6734736842105263;0.6585014409221902;0.6734736842105263;0.6659034138218152;3199;1659;1551
168;redbone;4750;;0.6366315789473684;0.6978998384491115;0.6366315789473684;0.6658592975889024;3024;1309;1726
419;Band_Aid;4750;;0.6955789473684211;0.6383307573415765;0.6955789473684211;0.6657263751763046;3304;1872;1446
483;castle;4750;;0.6730526315789473;0.65822524191888;0.6730526315789473;0.6655563651504111;3197;1660;1553
126;isopod;4750;;0.6692631578947369;0.661877992921091;0.6692631578947369;0.6655500889772846;3179;1624;1571
887;vestment;4750;;0.624;0.713014192927592;0.624;0.6655439541933311;2964;1193;1786
465;bulletproof_vest;4750;;0.6989473684210527;0.6329837940896091;0.6989473684210527;0.6643321660830415;3320;1925;1430
65;sea_snake;4750;;0.7370526315789474;0.6043500776799585;0.7370526315789474;0.6641373423124348;3501;2292;1249
632;loudspeaker;4750;;0.6090526315789474;0.7288989669942051;0.6090526315789474;0.6636082119509118;2893;1076;1857
979;valley;4750;;0.7227368421052631;0.6121611982881597;0.7227368421052631;0.6628692797837421;3433;2175;1317
855;thimble;4750;;0.7172631578947368;0.6154263005780347;0.7172631578947368;0.662453820727202;3407;2129;1343
302;ground_beetle;4750;;0.6848421052631579;0.6412379262763651;0.6848421052631579;0.6623231192100173;3253;1820;1497
674;mousetrap;4750;;0.8701052631578947;0.5338413846551279;0.8701052631578947;0.6617034902337495;4133;3609;617
249;malamute;4750;;0.6378947368421053;0.6859859633235228;0.6378947368421053;0.6610668702956257;3030;1387;1720
124;crayfish;4750;;0.6046315789473684;0.7289340101522843;0.6046315789473684;0.6609896432681243;2872;1068;1878
175;otterhound;4750;;0.6707368421052632;0.6499388004895961;0.6707368421052632;0.6601740571902197;3186;1716;1564
572;goblet;4750;;0.5974736842105263;0.7375259875259875;0.5974736842105263;0.6601535240753663;2838;1010;1912
269;timber_wolf;4750;;0.6865263157894737;0.6343123905854892;0.6865263157894737;0.659387321807704;3261;1880;1489
788;shoe_shop;4750;;0.6623157894736842;0.6555532402583871;0.6623157894736842;0.6589171641009529;3146;1653;1604
382;squirrel_monkey;4750;;0.7103157894736842;0.612897366030881;0.7103157894736842;0.6580204778156996;3374;2131;1376
827;stove;4750;;0.6534736842105263;0.6614106115491157;0.6534736842105263;0.6574181933707508;3104;1589;1646
662;modem;4750;;0.6338947368421053;0.6793772563176895;0.6338947368421053;0.6558483990416032;3011;1421;1739
792;shovel;4750;;0.6536842105263158;0.6579783852511125;0.6536842105263158;0.6558242686661738;3105;1614;1645
775;sarong;4750;;0.7027368421052631;0.6146197753636531;0.7027368421052631;0.6557312641194382;3338;2093;1412
667;mortarboard;4750;;0.6370526315789473;0.674392689993314;0.6370526315789473;0.655191079354769;3026;1461;1724
498;cinema;4750;;0.64;0.6703417861080485;0.64;0.6548196015078083;3040;1495;1710
652;military_uniform;4750;;0.6517894736842105;0.6569064290260981;0.6517894736842105;0.6543379477966819;3096;1617;1654
481;cassette;4750;;0.6317894736842106;0.6765103697024346;0.6317894736842106;0.6533855867624646;3001;1435;1749
830;stretcher;4750;;0.6966315789473684;0.6142565435307221;0.6966315789473684;0.6528558745190884;3309;2078;1441
402;acoustic_guitar;4750;;0.5983157894736842;0.7167717528373266;0.5983157894736842;0.6522088353413654;2842;1123;1908
608;jean;4750;;0.6507368421052632;0.6529362061681453;0.6507368421052632;0.6518346689160691;3091;1643;1659
205;flat-coated_retriever;4750;;0.6176842105263158;0.6893796992481203;0.6176842105263158;0.6515656229180546;2934;1322;1816
162;beagle;4750;;0.676;0.628498727735369;0.676;0.6513845217567705;3211;1898;1539
588;hamper;4750;;0.6151578947368421;0.6917613636363636;0.6151578947368421;0.651214620013372;2922;1302;1828
581;grille;4750;;0.5298947368421053;0.8437814280925243;0.5298947368421053;0.6509763351868616;2517;466;2233
740;power_drill;4750;;0.5715789473684211;0.7541666666666667;0.5715789473684211;0.6502994011976049;2715;885;2035
371;patas;4750;;0.6330526315789474;0.6680737613863585;0.6330526315789474;0.6500918819587072;3007;1494;1743
935;mashed_potato;4750;;0.5303157894736842;0.8374335106382979;0.5303157894736842;0.6493941737561226;2519;489;2231
721;pillow;4750;;0.5185263157894737;0.8675589996477633;0.5185263157894737;0.6490973777836343;2463;376;2287
179;Staffordshire_bullterrier;4750;;0.6202105263157894;0.6786454733932273;0.6202105263157894;0.6481135188648113;2946;1395;1804
431;bassinet;4750;;0.6696842105263158;0.6272924472490633;0.6696842105263158;0.6477955401690256;3181;1890;1569
487;cellular_telephone;4750;;0.6848421052631579;0.6144692104268984;0.6848421052631579;0.6477499004380726;3253;2041;1497
930;French_loaf;4750;;0.6307368421052632;0.6653342216300244;0.6307368421052632;0.6475737598616664;2996;1507;1754
523;crutch;4750;;0.6037894736842105;0.6978102189781021;0.6037894736842105;0.6474040632054175;2868;1242;1882
679;necklace;4750;;0.6936842105263158;0.6068139963167587;0.6936842105263158;0.6473477406679765;3295;2135;1455
246;Great_Dane;4750;;0.5991578947368421;0.7039327232253277;0.5991578947368421;0.647333105879677;2846;1197;1904
895;warplane;4750;;0.7938947368421052;0.5458098132870169;0.7938947368421052;0.6468822368985334;3771;3138;979
44;alligator_lizard;4750;;0.5286315789473685;0.8325596816976127;0.5286315789473685;0.6466649497810971;2511;505;2239
884;vault;4750;;0.6905263157894737;0.6076324564653576;0.6905263157894737;0.6464327946393379;3280;2118;1470
418;ballpoint;4750;;0.6513684210526316;0.6392561983471075;0.6513684210526316;0.6452554744525547;3094;1746;1656
513;cornet;4750;;0.6282105263157894;0.6625222024866785;0.6282105263157894;0.6449103090555435;2984;1520;1766
846;table_lamp;4750;;0.6589473684210526;0.6306669353213782;0.6589473684210526;0.644497065788119;3130;1833;1620
839;suspension_bridge;4750;;0.531578947368421;0.8182112767336358;0.531578947368421;0.644461459928535;2525;561;2225
747;punching_bag;4750;;0.6684210526315789;0.620844739929605;0.6684210526315789;0.6437550689375506;3175;1939;1575
159;Rhodesian_ridgeback;4750;;0.6770526315789474;0.6125714285714285;0.6770526315789474;0.6432;3216;2034;1534
155;Shih-Tzu;4750;;0.6968421052631579;0.5968265416516408;0.6968421052631579;0.6429681429681429;3310;2236;1440
59;vine_snake;4750;;0.6764210526315789;0.6124666412504766;0.6764210526315789;0.6428571428571429;3213;2033;1537
590;hand-held_computer;4750;;0.628;0.6567591369440775;0.628;0.6420576840292724;2983;1559;1767
531;digital_watch;4750;;0.6037894736842105;0.6851409460105112;0.6037894736842105;0.6418979409131602;2868;1318;1882
101;tusker;4750;;0.7778947368421053;0.545870881961885;0.7778947368421053;0.6415487455508291;3695;3074;1055
311;grasshopper;4750;;0.6370526315789473;0.644927536231884;0.6370526315789473;0.6409658970557085;3026;1666;1724
643;mask;4750;;0.6088421052631579;0.6758588455246552;0.6088421052631579;0.6406025030457415;2892;1387;1858
741;prayer_rug;4750;;0.7654736842105263;0.5501588742623695;0.7654736842105263;0.6401972004577868;3636;2973;1114
153;Maltese_dog;4750;;0.6684210526315789;0.6134080370942813;0.6684210526315789;0.6397340318355833;3175;2001;1575
710;pencil_sharpener;4750;;0.5991578947368421;0.6861137897782064;0.5991578947368421;0.639694313328838;2846;1302;1904
459;brassiere;4750;;0.7402105263157894;0.5631907736665065;0.7402105263157894;0.6396797962339671;3516;2727;1234
879;umbrella;4750;;0.6772631578947368;0.6053820097854723;0.6772631578947368;0.6393084260731319;3217;2097;1533
477;carpenter's_kit;4750;;0.6823157894736842;0.5995190529041805;0.6823157894736842;0.6382434029145333;3241;2165;1509
962;meat_loaf;4750;;0.6048421052631578;0.6747299201503053;0.6048421052631578;0.6378774422735345;2873;1385;1877
861;toilet_seat;4750;;0.688;0.59375;0.688;0.6374097913009558;3268;2236;1482
926;hot_pot;4750;;0.7132631578947368;0.5758966513683494;0.7132631578947368;0.6372613561553654;3388;2495;1362
552;feather_boa;4750;;0.7178947368421053;0.571476453829395;0.7178947368421053;0.6363721190631706;3410;2557;1340
708;pedestal;4750;;0.5945263157894737;0.6827852998065764;0.5945263157894737;0.6356065721359442;2824;1312;1926
108;sea_anemone;4750;;0.5391578947368421;0.7739498337866425;0.5391578947368421;0.6355627249038341;2561;748;2189
433;bathing_cap;4750;;0.7317894736842105;0.5610071013557134;0.7317894736842105;0.6351178512698703;3476;2720;1274
304;leaf_beetle;4750;;0.5296842105263158;0.7919420837267863;0.5296842105263158;0.6347924813927085;2516;661;2234
280;grey_fox;4750;;0.7334736842105263;0.5588707090150786;0.7334736842105263;0.6343772760378733;3484;2750;1266
735;poncho;4750;;0.6583157894736842;0.611578329747702;0.6583157894736842;0.6340869917874886;3127;1986;1623
103;platypus;4750;;0.7442105263157894;0.552084960174918;0.7442105263157894;0.6339101587016946;3535;2868;1215
489;chainlink_fence;4750;;0.5585263157894736;0.7324682495858642;0.5585263157894736;0.6337792642140468;2653;969;2097
683;oboe;4750;;0.6846315789473684;0.5891304347826087;0.6846315789473684;0.633300876338851;3252;2268;1498
910;wooden_spoon;4750;;0.5591578947368421;0.729269632070291;0.5591578947368421;0.6329837940896093;2656;986;2094
675;moving_van;4750;;0.5686315789473684;0.7130411826821542;0.5686315789473684;0.6327008667135161;2701;1087;2049
499;cleaver;4750;;0.5692631578947368;0.7093389296956978;0.5692631578947368;0.6316281242700302;2704;1108;2046
345;ox;4750;;0.5515789473684211;0.7363687464867903;0.5515789473684211;0.6307173808377466;2620;938;2130
967;espresso;4750;;0.5370526315789473;0.7599046767947573;0.5370526315789473;0.6293326754656469;2551;806;2199
40;American_chameleon;4750;;0.6174736842105263;0.6413732779357096;0.6174736842105263;0.6291966105330903;2933;1640;1817
208;Labrador_retriever;4750;;0.5917894736842105;0.6715241280458671;0.5917894736842105;0.6291405550581916;2811;1375;1939
671;mountain_bike;4750;;0.9044210526315789;0.48123669765878796;0.9044210526315789;0.6282079403377934;4296;4631;454
530;digital_clock;4750;;0.6296842105263157;0.6254705144291092;0.6296842105263157;0.6275702895509861;2991;1791;1759
709;pencil_box;4750;;0.5856842105263158;0.675242718446602;0.5856842105263158;0.6272829763246901;2782;1338;1968
651;microwave;4750;;0.6147368421052631;0.6390895163055373;0.6147368421052631;0.62667668204743;2920;1649;1830
233;Bouvier_des_Flandres;4750;;0.6461052631578947;0.60820451843044;0.6461052631578947;0.6265822784810127;3069;1977;1681
409;analog_clock;4750;;0.6669473684210526;0.5879732739420935;0.6669473684210526;0.6249753403038075;3168;2220;1582
186;Norwich_terrier;4750;;0.6688421052631579;0.5863787375415282;0.6688421052631579;0.624901652242329;3177;2241;1573
436;beach_wagon;4750;;0.5821052631578948;0.6737329434697856;0.5821052631578948;0.6245764626157669;2765;1339;1985
869;trench_coat;4750;;0.5294736842105263;0.7609682299546142;0.5294736842105263;0.6244568590937306;2515;790;2235
453;bookcase;4750;;0.7014736842105264;0.5614153327716933;0.7014736842105264;0.623678053345812;3332;2603;1418
804;soap_dispenser;4750;;0.5728421052631579;0.6841840583354287;0.5728421052631579;0.6235819869370918;2721;1256;2029
660;mobile_home;4750;;0.6307368421052632;0.6153214212363936;0.6307368421052632;0.6229337768998857;2996;1873;1754
386;African_elephant;4750;;0.5328421052631579;0.7488165680473373;0.5328421052631579;0.6226322263222633;2531;849;2219
845;syringe;4750;;0.5943157894736842;0.6533209905114556;0.5943157894736842;0.6224231066034616;2823;1498;1927
494;chime;4750;;0.5854736842105264;0.6632482709277367;0.5854736842105264;0.621938946662194;2781;1412;1969
828;strainer;4750;;0.5448421052631579;0.7231070131321599;0.5448421052631579;0.621443150438228;2588;991;2162
696;paintbrush;4750;;0.7214736842105263;0.5449197010653523;0.7214736842105263;0.6208895733309177;3427;2862;1323
257;Great_Pyrenees;4750;;0.5736842105263158;0.6765143992055611;0.5736842105263158;0.620870357712463;2725;1303;2025
464;buckle;4750;;0.5587368421052632;0.6982373059721126;0.5587368421052632;0.6207461115658988;2654;1147;2096
587;hammer;4750;;0.5625263157894737;0.6916903960652343;0.5625263157894737;0.6204574480436549;2672;1191;2078
185;Norfolk_terrier;4750;;0.6048421052631578;0.6361824623560673;0.6048421052631578;0.6201165551478524;2873;1643;1877
543;dumbbell;4750;;0.6458947368421053;0.5911368015414258;0.6458947368421053;0.6173038229376258;3068;2122;1682
811;space_heater;4750;;0.5503157894736842;0.700992223116117;0.5503157894736842;0.6165821441207691;2614;1115;2136
892;wall_clock;4750;;0.6210526315789474;0.6111456391133209;0.6210526315789474;0.6160593087605722;2950;1877;1800
411;apron;4750;;0.5197894736842106;0.7534330180042722;0.5197894736842106;0.6151737884639342;2469;808;2281
971;bubble;4750;;0.7804210526315789;0.5073911853271283;0.7804210526315789;0.614963503649635;3707;3599;1043
442;bell_cote;4750;;0.6549473684210526;0.5791139240506329;0.6549473684210526;0.6147006520450503;3111;2261;1639
862;torch;4750;;0.755578947368421;0.5166258816755434;0.755578947368421;0.6136616226382832;3589;3358;1161
556;fire_screen;4750;;0.5901052631578947;0.6380605508763942;0.5901052631578947;0.6131466695832877;2803;1590;1947
996;hen-of-the-woods;4750;;0.8315789473684211;0.4834761321909425;0.8315789473684211;0.6114551083591331;3950;4220;800
202;soft-coated_wheaten_terrier;4750;;0.5515789473684211;0.6831812255541069;0.5515789473684211;0.6103669190448456;2620;1215;2130
797;sleeping_bag;4750;;0.5827368421052631;0.6398520573277855;0.5827368421052631;0.6099603349493169;2768;1558;1982
601;hoopskirt;4750;;0.7111578947368421;0.531215599937097;0.7111578947368421;0.6081555495544153;3378;2981;1372
241;EntleBucher;4750;;0.7048421052631579;0.5314285714285715;0.7048421052631579;0.6059728506787331;3348;2952;1402
843;swing;4750;;0.8465263157894737;0.471229344896285;0.8465263157894737;0.6054355190845442;4021;4512;729
578;gown;4750;;0.5189473684210526;0.7260677466863034;0.5189473684210526;0.6052793124616328;2465;930;2285
591;handkerchief;4750;;0.5856842105263158;0.6250280835767243;0.5856842105263158;0.6047168786001522;2782;1669;1968
277;red_fox;4750;;0.6031578947368421;0.6043028896857203;0.6031578947368421;0.6037298493309451;2865;1876;1885
422;barbell;4750;;0.5867368421052631;0.6205744822979292;0.5867368421052631;0.6031814738664646;2787;1704;1963
341;hog;4750;;0.6343157894736842;0.574232894987612;0.6343157894736842;0.6027808342502752;3013;2234;1737
636;mailbag;4750;;0.6625263157894736;0.5523959978936283;0.6625263157894736;0.6024696085000478;3147;2550;1603
463;bucket;4750;;0.5509473684210526;0.6640446587160619;0.5509473684210526;0.6022321942239098;2617;1324;2133
359;black-footed_ferret;4750;;0.6768421052631579;0.5424329340307069;0.6768421052631579;0.6022290905685118;3215;2712;1535
966;red_wine;4750;;0.6884210526315789;0.534838076545633;0.6884210526315789;0.6019882179675994;3270;2844;1480
894;wardrobe;4750;;0.6541052631578947;0.5560128847530422;0.6541052631578947;0.6010833816985879;3107;2481;1643
412;ashcan;4750;;0.5774736842105264;0.6251139471285324;0.5774736842105264;0.6003501860363318;2743;1645;2007
856;thresher;4750;;0.5669473684210526;0.637396449704142;0.5669473684210526;0.6001114206128134;2693;1532;2057
54;hognose_snake;4750;;0.47536842105263155;0.8128149748020158;0.47536842105263155;0.599893730074389;2258;520;2492
271;red_wolf;4750;;0.5604210526315789;0.6447081617825139;0.5604210526315789;0.5996170739948192;2662;1467;2088
227;kelpie;4750;;0.6237894736842106;0.5767957952112128;0.6237894736842106;0.5993729139273793;2963;2174;1787
460;breakwater;4750;;0.4770526315789474;0.8041163946061036;0.4770526315789474;0.5988372093023256;2266;552;2484
815;spider_web;4750;;0.47368421052631576;0.8128612716763006;0.47368421052631576;0.5985634477254589;2250;518;2500
624;library;4750;;0.6086315789473684;0.5878405856039041;0.6086315789473684;0.5980554406288787;2891;2027;1859
977;sandbar;4750;;0.5383157894736842;0.6707764952780693;0.5383157894736842;0.5972903527213268;2557;1255;2193
230;Shetland_sheepdog;4750;;0.5741052631578948;0.6211845102505694;0.5741052631578948;0.5967177242888403;2727;1663;2023
648;medicine_chest;4750;;0.5515789473684211;0.6488360574541853;0.5515789473684211;0.596267637687756;2620;1418;2130
743;prison;4750;;0.7469473684210526;0.4958077138065959;0.7469473684210526;0.5960020157903577;3548;3608;1202
166;Walker_hound;4750;;0.5955789473684211;0.5960809102402023;0.5955789473684211;0.5958298230834036;2829;1917;1921
64;green_mamba;4750;;0.7189473684210527;0.5081089123642315;0.7189473684210527;0.5954145235812048;3415;3306;1335
438;beaker;4750;;0.6128421052631579;0.5780381254964257;0.6128421052631579;0.5949315348456979;2911;2125;1839
541;drum;4750;;0.5503157894736842;0.6468695867359564;0.5503157894736842;0.5946991241041975;2614;1427;2136
567;frying_pan;4750;;0.5608421052631579;0.6326288292567086;0.5608421052631579;0.5945764981586877;2664;1547;2086
505;coffeepot;4750;;0.6772631578947368;0.5287639710716634;0.6772631578947368;0.5938711463909913;3217;2867;1533
631;lotion;4750;;0.584;0.6038310840226382;0.584;0.5937499999999999;2774;1820;1976
196;miniature_schnauzer;4750;;0.4886315789473684;0.7550422901756669;0.4886315789473684;0.5933026584867076;2321;753;2429
34;leatherback_turtle;4750;;0.6370526315789473;0.5550256786500367;0.6370526315789473;0.5932170162713193;3026;2426;1724
787;shield;4750;;0.5608421052631579;0.6293408929836996;0.5608421052631579;0.59312033841701;2664;1569;2086
599;honeycomb;4750;;0.6505263157894737;0.5446853516657852;0.6505263157894737;0.5929195049409959;3090;2583;1660
5;electric_ray;4750;;0.783578947368421;0.4766905737704918;0.783578947368421;0.5927695492912884;3722;4086;1028
380;titi;4750;;0.7014736842105264;0.5130100076982294;0.7014736842105264;0.5926189417518898;3332;3163;1418
700;paper_towel;4750;;0.5381052631578948;0.6580844490216272;0.5381052631578948;0.592077831827658;2556;1328;2194
272;coyote;4750;;0.5951578947368421;0.5868798007058335;0.5951578947368421;0.5909898609804536;2827;1990;1923
67;diamondback;4750;;0.47978947368421054;0.7673400673400673;0.47978947368421054;0.5904145077720206;2279;691;2471
434;bath_towel;4750;;0.4616842105263158;0.8131256952169077;0.4616842105263158;0.5889619981200485;2193;504;2557
62;rock_python;4750;;0.5654736842105264;0.6140832190214907;0.5654736842105264;0.5887768522577818;2686;1688;2064
509;confectionery;4750;;0.5378947368421053;0.6496313246885329;0.5378947368421053;0.5885062766325003;2555;1378;2195
222;kuvasz;4750;;0.604421052631579;0.5731682970652825;0.604421052631579;0.5883799569628035;2871;2138;1879
883;vase;4750;;0.5178947368421053;0.6801216477743987;0.5178947368421053;0.588024381498745;2460;1157;2290
750;quilt;4750;;0.5578947368421052;0.6195931727846622;0.5578947368421052;0.5871275063697796;2650;1627;2100
406;altar;4750;;0.6136842105263158;0.5620902429618203;0.6136842105263158;0.586755233494364;2915;2271;1835
817;sports_car;4750;;0.5987368421052631;0.5747776879547292;0.5987368421052631;0.5865126830274283;2844;2104;1906
58;water_snake;4750;;0.5698947368421052;0.6037020517395183;0.5698947368421052;0.586311457656487;2707;1777;2043
151;Chihuahua;4750;;0.5909473684210527;0.5797191243287898;0.5909473684210527;0.585279399499583;2807;2035;1943
187;Yorkshire_terrier;4750;;0.5496842105263158;0.6222592945662536;0.5496842105263158;0.5837245696400626;2611;1585;2139
598;home_theater;4750;;0.5498947368421052;0.6216087577344122;0.5498947368421052;0.583556747095621;2612;1590;2138
698;palace;4750;;0.68;0.5104298356510746;0.68;0.5831377504964796;3230;3098;1520
446;binder;4750;;0.5715789473684211;0.5943520140105079;0.5715789473684211;0.5827430779137154;2715;1853;2035
197;giant_schnauzer;4750;;0.4846315789473684;0.7303299492385786;0.4846315789473684;0.5826373070108832;2302;850;2448
691;oxygen_mask;4750;;0.6128421052631579;0.553106593197796;0.6128421052631579;0.5814441226405673;2911;2352;1839
312;cricket;4750;;0.5136842105263157;0.6663025669033316;0.5136842105263157;0.5801236329053733;2440;1222;2310
278;kit_fox;4750;;0.5334736842105263;0.6342928660826033;0.5334736842105263;0.5795311606632362;2534;1461;2216
824;stole;4750;;0.6218947368421053;0.5420183486238532;0.6218947368421053;0.5792156862745098;2954;2496;1796
542;drumstick;4750;;0.5688421052631579;0.5884146341463414;0.5688421052631579;0.5784628559195034;2702;1890;2048
470;candle;4750;;0.6349473684210526;0.5309859154929577;0.6349473684210526;0.5783317353787152;3016;2664;1734
925;consomme;4750;;0.7574736842105263;0.4675763482781027;0.7574736842105263;0.5782241864202491;3598;4097;1152
163;bloodhound;4750;;0.47768421052631577;0.7321716682800904;0.47768421052631577;0.578162823289591;2269;830;2481
184;Irish_terrier;4750;;0.5728421052631579;0.5832797427652733;0.5728421052631579;0.5780138077535847;2721;1944;2029
519;crate;4750;;0.5393684210526316;0.6200387221684415;0.5393684210526316;0.5768970952488178;2562;1570;2188
170;Irish_wolfhound;4750;;0.4993684210526316;0.6782956820131542;0.4993684210526316;0.5752394810234024;2372;1125;2378
534;dishwasher;4750;;0.4745263157894737;0.7292138466515691;0.4745263157894737;0.5749266675168984;2254;837;2496
742;printer;4750;;0.4536842105263158;0.7824981844589688;0.4536842105263158;0.574360341151386;2155;599;2595
705;passenger_car;4750;;0.47326315789473683;0.7286871961102107;0.47326315789473683;0.5738353541799617;2248;837;2502
751;racer;4750;;0.7425263157894737;0.46177009688400106;0.7425263157894737;0.5694220213109461;3527;4111;1223
6;stingray;4750;;0.5042105263157894;0.6513462061463149;0.5042105263157894;0.5684110596890946;2395;1282;2355
706;patio;4750;;0.48105263157894734;0.6901238296587133;0.48105263157894734;0.5669271802505892;2285;1026;2465
841;sweatshirt;4750;;0.43473684210526314;0.8123524783634933;0.43473684210526314;0.5663741086121777;2065;477;2685
998;ear;4750;;0.6113684210526316;0.5269461077844312;0.6113684210526316;0.5660267030503848;2904;2607;1846
226;briard;4750;;0.4663157894736842;0.7149774047772757;0.4663157894736842;0.5644750254841997;2215;883;2535
200;Tibetan_terrier;4750;;0.4981052631578947;0.6491083676268862;0.4981052631578947;0.5636688505062537;2366;1279;2384
718;pier;4750;;0.5437894736842105;0.5808410164155611;0.5437894736842105;0.5617049037729694;2583;1864;2167
767;rubber_eraser;4750;;0.5623157894736842;0.5592546063651591;0.5623157894736842;0.5607810203653161;2671;2105;2079
508;computer_keyboard;4750;;0.5574736842105263;0.5638841567291312;0.5574736842105263;0.5606605970781283;2648;2048;2102
385;Indian_elephant;4750;;0.47578947368421054;0.6794948887552615;0.47578947368421054;0.559683011391778;2260;1066;2490
834;suit;4750;;0.6075789473684211;0.5184120711334651;0.6075789473684211;0.5594649607444024;2886;2681;1864
445;bikini;4750;;0.5898947368421052;0.5308829101932551;0.5898947368421052;0.5588352612684483;2802;2476;1948
928;ice_cream;4750;;0.4475789473684211;0.7436166491780343;0.4475789473684211;0.5588119332369562;2126;733;2624
878;typewriter_keyboard;4750;;0.4787368421052632;0.6705986434680036;0.4787368421052632;0.558653728043238;2274;1117;2476
231;collie;4750;;0.5025263157894737;0.6225873761085029;0.5025263157894737;0.5561509785647718;2387;1447;2363
180;American_Staffordshire_terrier;4750;;0.5189473684210526;0.5984462248118475;0.5189473684210526;0.5558687563423159;2465;1654;2285
972;cliff;4750;;0.5143157894736842;0.6023175542406312;0.5143157894736842;0.5548489666136723;2443;1613;2307
26;common_newt;4750;;0.6258947368421053;0.49525237381309345;0.6258947368421053;0.5529619641030411;2973;3030;1777
731;plunger;4750;;0.5421052631578948;0.5629645824223874;0.5421052631578948;0.5523380523380524;2575;1999;2175
813;spatula;4750;;0.464;0.6769041769041769;0.464;0.5505870597052211;2204;1052;2546
348;ram;4750;;0.4111578947368421;0.8285956724649979;0.4111578947368421;0.5495989869143099;1953;404;2797
960;chocolate_sauce;4750;;0.5033684210526316;0.6018122325698465;0.5033684210526316;0.5482058924681875;2391;1582;2359
281;tabby;4750;;0.6416842105263157;0.47826769182488627;0.6416842105263157;0.5480535826665467;3048;3325;1702
582;grocery_store;4750;;0.6229473684210526;0.4887677568549719;0.6229473684210526;0.5477600888559793;2959;3095;1791
754;radio;4750;;0.46378947368421053;0.6673735231747955;0.46378947368421053;0.5472612097876041;2203;1098;2547
35;mud_turtle;4750;;0.5006315789473684;0.6030940907938118;0.5006315789473684;0.5471068675946164;2378;1565;2372
980;volcano;4750;;0.7785263157894737;0.42075321424507905;0.7785263157894737;0.5462737277494645;3698;5091;1052
655;miniskirt;4750;;0.504;0.5949304174950298;0.504;0.5457032140414863;2394;1630;2356
189;Lakeland_terrier;4750;;0.6412631578947369;0.47254111076636673;0.6412631578947369;0.5441229010360843;3046;3400;1704
111;nematode;4750;;0.9101052631578948;0.38792175161521897;0.9101052631578948;0.5439788599471499;4323;6821;427
201;silky_terrier;4750;;0.392;0.8849809885931559;0.392;0.543332360665305;1862;242;2888
969;eggnog;4750;;0.6058947368421053;0.4910424842177103;0.6058947368421053;0.5424559419470361;2878;2983;1872
250;Siberian_husky;4750;;0.5543157894736842;0.5304190169218372;0.5543157894736842;0.5421041795346921;2633;2331;2117
851;television;4750;;0.7368421052631579;0.427037579306979;0.7368421052631579;0.540707554456975;3500;4696;1250
764;rifle;4750;;0.4945263157894737;0.5937815975733064;0.4945263157894737;0.5396278428669884;2349;1607;2401
898;water_bottle;4750;;0.5031578947368421;0.5816500365052324;0.5031578947368421;0.539564284908003;2390;1719;2360
558;flute;4750;;0.507578947368421;0.5747318235995232;0.507578947368421;0.5390721073225265;2411;1784;2339
819;stage;4750;;0.5393684210526316;0.5386879730866274;0.5393684210526316;0.5390279823269514;2562;2194;2188
905;window_shade;4750;;0.5109473684210526;0.5690504103165299;0.5109473684210526;0.5384359400998336;2427;1838;2323
976;promontory;4750;;0.45789473684210524;0.6525652565256526;0.45789473684210524;0.5381665223308177;2175;1158;2575
656;minivan;4750;;0.4393684210526316;0.6942781104457751;0.4393684210526316;0.538164002062919;2087;919;2663
119;rock_crab;4750;;0.5452631578947369;0.5233380480905233;0.5452631578947369;0.5340756779049387;2590;2359;2160
865;toyshop;4750;;0.6943157894736842;0.4325813221406086;0.6943157894736842;0.5330531760142234;3298;4326;1452
639;maillot;4750;;0.655578947368421;0.4467718794835007;0.655578947368421;0.5313993174061433;3114;3856;1636
622;lens_cap;4750;;0.4025263157894737;0.7807268272764394;0.4025263157894737;0.531184886789832;1912;537;2838
712;Petri_dish;4750;;0.7170526315789474;0.42163901955929683;0.7170526315789474;0.5310258808855628;3406;4672;1344
904;window_screen;4750;;0.6206315789473684;0.46105724116359087;0.6206315789473684;0.5290739411342427;2948;3446;1802
167;English_foxhound;4750;;0.4633684210526316;0.6144611948632049;0.4633684210526316;0.5283245319251081;2201;1381;2549
584;hair_slide;4750;;0.5549473684210526;0.5035339063992359;0.5549473684210526;0.527991987981973;2636;2599;2114
906;Windsor_tie;4750;;0.4073684210526316;0.7258064516129032;0.4073684210526316;0.5218446601941747;1935;731;2815
838;sunscreen;4750;;0.5069473684210526;0.5352300511224717;0.5069473684210526;0.5207049410747108;2408;2091;2342
633;loupe;4750;;0.4631578947368421;0.5944339367738449;0.4631578947368421;0.5206484439711278;2200;1501;2550
907;wine_bottle;4750;;0.44842105263157894;0.6202679091438555;0.44842105263157894;0.5205278592375366;2130;1304;2620
794;shower_curtain;4750;;0.5816842105263158;0.47077866757539616;0.5816842105263158;0.520387983802618;2763;3106;1987
917;comic_book;4750;;0.6414736842105263;0.4374102784955498;0.6414736842105263;0.5201433936497099;3047;3919;1703
479;car_wheel;4750;;0.42526315789473684;0.6673273868516684;0.42526315789473684;0.5194805194805195;2020;1007;2730
32;tailed_frog;4750;;0.6134736842105263;0.44892928670466803;0.6134736842105263;0.5184592118138955;2914;3577;1836
784;screwdriver;4750;;0.4393684210526316;0.6314674735249621;0.4393684210526316;0.5181874612042209;2087;1218;2663
204;Lhasa;4750;;0.4010526315789474;0.7312859884836852;0.4010526315789474;0.5180149558123724;1905;700;2845
600;hook;4750;;0.49873684210526315;0.5348837209302325;0.49873684210526315;0.5161782329229764;2369;2060;2381
893;wallet;4750;;0.5107368421052632;0.5214961306964746;0.5107368421052632;0.5160604126781535;2426;2226;2324
585;hair_spray;4750;;0.519578947368421;0.5031600407747197;0.519578947368421;0.5112377006732264;2468;2437;2282
619;lampshade;4750;;0.464;0.5690679060160082;0.464;0.5111910008117825;2204;1669;2546
36;terrapin;4750;;0.5738947368421052;0.45930918281381633;0.5738947368421052;0.5102480112306973;2726;3209;2024
921;book_jacket;4750;;0.42210526315789476;0.6430404105195638;0.42210526315789476;0.5096593797661414;2005;1113;2745
748;purse;4750;;0.4328421052631579;0.6194636938836999;0.4328421052631579;0.5096046598091462;2056;1263;2694
469;caldron;4750;;0.6517894736842105;0.4146243471273604;0.6517894736842105;0.5068347384791683;3096;4371;1654
733;pole;4750;;0.44842105263157894;0.5778621812262615;0.44842105263157894;0.5049786628733998;2130;1556;2620
493;chiffonier;4750;;0.3854736842105263;0.7297728178557195;0.3854736842105263;0.504477200716352;1831;678;2919
328;sea_urchin;4750;;0.8033684210526316;0.3623931623931624;0.8033684210526316;0.4994764397905759;3816;6714;934
504;coffee_mug;4750;;0.4692631578947368;0.5332535885167464;0.4692631578947368;0.49921612541993277;2229;1951;2521
611;jigsaw_puzzle;4750;;0.7751578947368422;0.3642298941537244;0.7751578947368422;0.4955918971667003;3682;6427;1068
424;barbershop;4750;;0.3896842105263158;0.6510728104115371;0.3896842105263158;0.48755432635322005;1851;992;2899
66;horned_viper;4750;;0.612421052631579;0.4031319290465632;0.612421052631579;0.4862109309710848;2909;4307;1841
356;weasel;4750;;0.4336842105263158;0.5505077498663816;0.4336842105263158;0.4851625058878945;2060;1682;2690
526;desk;4750;;0.5458947368421052;0.4344111241413972;0.5458947368421052;0.4838137885996827;2593;3376;2157
238;Greater_Swiss_Mountain_dog;4750;;0.44526315789473686;0.5290145072536269;0.44526315789473686;0.4835390946502058;2115;1883;2635
55;green_snake;4750;;0.3623157894736842;0.7264668636555509;0.3623157894736842;0.48349487287540394;1721;648;3029
868;tray;4750;;0.5244210526315789;0.44786048184106436;0.5244210526315789;0.48312645461598136;2491;3071;2259
663;monastery;4750;;0.6037894736842105;0.4003908976685746;0.6037894736842105;0.48149080836061436;2868;4295;1882
650;microphone;4750;;0.5515789473684211;0.4264322916666667;0.5515789473684211;0.48099871488892976;2620;3524;2130
461;breastplate;4750;;0.6210526315789474;0.3916622411046203;0.6210526315789474;0.480377788633773;2950;4582;1800
454;bookshop;4750;;0.40231578947368424;0.5899969126273541;0.40231578947368424;0.47840781073976724;1911;1328;2839
193;Australian_terrier;4750;;0.5027368421052631;0.45624761176920137;0.5027368421052631;0.47836538461538464;2388;2846;2362
285;Egyptian_cat;4750;;0.49157894736842106;0.4612801264322402;0.49157894736842106;0.47594781899714633;2335;2727;2415
381;spider_monkey;4750;;0.41010526315789475;0.5651290977661735;0.41010526315789475;0.47529583994144203;1948;1499;2802
478;carton;4750;;0.37957894736842107;0.6324096808137496;0.37957894736842107;0.47441126167609526;1803;1048;2947
973;coral_reef;4750;;0.6589473684210526;0.3695395513577332;0.6589473684210526;0.4735249621785174;3130;5340;1620
265;toy_poodle;4750;;0.4938947368421053;0.4515011547344111;0.4938947368421053;0.4717474361552383;2346;2850;2404
909;wok;4750;;0.4517894736842105;0.4927669345579793;0.4517894736842105;0.471389346512905;2146;2209;2604
497;church;4750;;0.4046315789473684;0.5623171445289643;0.4046315789473684;0.4706170421155729;1922;1496;2828
911;wool;4750;;0.4208421052631579;0.5329245534524127;0.4208421052631579;0.47029761204564174;1999;1752;2751
673;mouse;4750;;0.4071578947368421;0.5274065994000545;0.4071578947368421;0.45954615658785786;1934;1733;2816
999;toilet_tissue;4750;;0.34189473684210525;0.6996984058595433;0.34189473684210525;0.4593409701598077;1624;697;3126
970;alp;4750;;0.45094736842105265;0.46233541981437515;0.45094736842105265;0.4565703932644144;2142;2491;2608
762;restaurant;4750;;0.49094736842105263;0.424;0.49094736842105263;0.4550243902439024;2332;3168;2418
539;doormat;4750;;0.5408421052631579;0.3896556954345518;0.5408421052631579;0.45296658732257783;2569;4024;2181
860;tobacco_shop;4750;;0.5065263157894737;0.4094622191967325;0.5065263157894737;0.4528514963297572;2406;3470;2344
527;desktop_computer;4750;;0.4985263157894737;0.413696715583508;0.4985263157894737;0.45216727133855256;2368;3356;2382
562;fountain;4750;;0.7783157894736842;0.3115099427030671;0.7783157894736842;0.444939222529787;3697;8171;1053
987;corn;4750;;0.3974736842105263;0.5041388518024033;0.3974736842105263;0.44449676280164807;1888;1857;2862
516;cradle;4750;;0.3736842105263158;0.5411585365853658;0.3736842105263158;0.4420921544209216;1775;1505;2975
414;backpack;4750;;0.3077894736842105;0.7826552462526767;0.3077894736842105;0.44182532487156234;1462;406;3288
623;letter_opener;4750;;0.3271578947368421;0.6777147841255996;0.3271578947368421;0.44128922334232573;1554;739;3196
810;space_bar;4750;;0.4768421052631579;0.40591397849462363;0.4768421052631579;0.4385285575992256;2265;3315;2485
689;overskirt;4750;;0.37726315789473686;0.5215366705471478;0.37726315789473686;0.43782066943562176;1792;1644;2958
536;dock;4750;;0.3288421052631579;0.6459884201819686;0.3288421052631579;0.43582589285714285;1562;856;3188
524;cuirass;4750;;0.35536842105263156;0.5630420280186791;0.35536842105263156;0.4357253484770263;1688;1310;3062
485;CD_player;4750;;0.3351578947368421;0.6041745730550284;0.3351578947368421;0.43114421123899793;1592;1043;3158
975;lakeside;4750;;0.5528421052631579;0.3488773747841105;0.5528421052631579;0.42779180581575305;2626;4901;2124
549;envelope;4750;;0.43136842105263157;0.4210850801479655;0.43136842105263157;0.4261647254575707;2049;2817;2701
358;polecat;4750;;0.3757894736842105;0.4901153212520593;0.3757894736842105;0.4254051477597712;1785;1857;2965
188;wire-haired_fox_terrier;4750;;0.7663157894736842;0.2903869166334264;0.7663157894736842;0.4211744286954006;3640;8895;1110
248;Eskimo_dog;4750;;0.4052631578947368;0.43591485507246375;0.4052631578947368;0.42003054767619463;1925;2491;2825
836;sunglass;4750;;0.39010526315789473;0.4526135808500244;0.39010526315789473;0.419041157847128;1853;2241;2897
501;cloak;4750;;0.4629473684210526;0.3804498269896194;0.4629473684210526;0.41766381766381766;2199;3581;2551
618;ladle;4750;;0.3351578947368421;0.5440874914559125;0.3351578947368421;0.41479937467430955;1592;1334;3158
692;packet;4750;;0.5027368421052631;0.3489187609585038;0.5027368421052631;0.4119372089011558;2388;4456;2362
266;miniature_poodle;4750;;0.344;0.5041653810552299;0.344;0.4089600800901013;1634;1607;3116
73;barn_spider;4750;;0.7934736842105263;0.27535067212156633;0.7934736842105263;0.4088295910619373;3769;9919;981
725;pitcher;4750;;0.3237894736842105;0.5516499282639885;0.3237894736842105;0.40806579994693554;1538;1250;3212
46;green_lizard;4750;;0.3467368421052632;0.4914950760966876;0.3467368421052632;0.4066164671028268;1647;1704;3103
799;sliding_door;4750;;0.31073684210526314;0.5703245749613601;0.31073684210526314;0.4022894521668029;1476;1112;3274
818;spotlight;4750;;0.3757894736842105;0.42991329479768786;0.3757894736842105;0.4010334756234554;1785;2367;2965
923;plate;4750;;0.4978947368421053;0.33560380303675325;0.4978947368421053;0.4009493939137069;2365;4682;2385
435;bathtub;4750;;0.3722105263157895;0.4322738386308069;0.3722105263157895;0.4;1768;2322;2982
809;soup_bowl;4750;;0.29473684210526313;0.5852842809364549;0.29473684210526313;0.39204704564547743;1400;992;3350
677;nail;4750;;0.5389473684210526;0.3077662899735513;0.5389473684210526;0.391796755433119;2560;5758;2190
415;bakery;4750;;0.33410526315789474;0.4514935988620199;0.33410526315789474;0.3840290381125227;1587;1928;3163
978;seashore;4750;;0.4286315789473684;0.346376318475672;0.4286315789473684;0.3831388784343245;2036;3842;2714
961;dough;4750;;0.26273684210526316;0.6937187326292384;0.26273684210526316;0.3811268896014659;1248;551;3502
77;wolf_spider;4750;;0.2513684210526316;0.7571337983512999;0.2513684210526316;0.37743006164058795;1194;383;3556
968;cup;4750;;0.3734736842105263;0.37128505650899957;0.3734736842105263;0.3723761544920235;1774;3004;2976
947;mushroom;4750;;0.32463157894736844;0.436456269459383;0.32463157894736844;0.3723288663527708;1542;1991;3208
728;plastic_bag;4750;;0.4130526315789474;0.3348122866894198;0.4130526315789474;0.3698397737983035;1962;3898;2788
848;tape_player;4750;;0.48105263157894734;0.29853671282989286;0.48105263157894734;0.36842953885843277;2285;5369;2465
744;projectile;4750;;0.46610526315789474;0.3020463847203274;0.46610526315789474;0.36655629139072843;2214;5116;2536
488;chain;4750;;0.46273684210526317;0.29345794392523367;0.46273684210526317;0.3591503267973856;2198;5292;2552
60;night_snake;4750;;0.29536842105263156;0.4439873417721519;0.29536842105263156;0.3547408343868521;1403;1757;3347
876;tub;4750;;0.3136842105263158;0.38058748403575987;0.3136842105263158;0.3439122908251586;1490;2425;3260
899;water_jug;4750;;0.33242105263157895;0.35245535714285714;0.33242105263157895;0.3421451787648971;1579;2901;3171
482;cassette_player;4750;;0.2962105263157895;0.39126807563959953;0.2962105263157895;0.33716750539180446;1407;2189;3343
782;screen;4750;;0.29789473684210527;0.34529038555392877;0.29789473684210527;0.31984629294755873;1415;2683;3335
620;laptop;4750;;0.3631578947368421;0.28455955130320026;0.3631578947368421;0.3190899001109878;1725;4337;3025
240;Appenzeller;4750;;0.2256842105263158;0.4182598517362466;0.2256842105263158;0.293176534937782;1072;1491;3678
657;missile;4750;;0.2294736842105263;0.33756580984825024;0.2294736842105263;0.27321719513723525;1090;2139;3660
837;sunglasses;4750;;0.18442105263157896;0.5078260869565218;0.18442105263157896;0.2705791505791506;876;849;3874
885;velvet;4750;;0.2517894736842105;0.24901103476993547;0.2517894736842105;0.25039254684392337;1196;3607;3554
664;monitor;4750;;0.16147368421052632;0.3974093264248705;0.16147368421052632;0.22964071856287424;767;1163;3983
68;sidewinder;4750;;0.2296842105263158;0.20446026986506746;0.2296842105263158;0.2163394804679754;1091;4245;3659
74;garden_spider;4750;;0.12;0.6447963800904978;0.12;0.20234291799787008;570;314;4180
282;tiger_cat;4750;;0.11326315789473684;0.5822510822510822;0.11326315789473684;0.18963694043003174;538;386;4212
681;notebook;4750;;0.15810526315789475;0.22120765832106037;0.15810526315789475;0.18440761203192144;751;2644;3999
638;maillot;4750;;0.053052631578947365;0.1836734693877551;0.053052631578947365;0.08232603724273112;252;1120;4498
