class_idx;class_label;support;base_accuracy;overall_accuracy;precision;recall;f1;tp;fp;fn
100;black_swan;4750;;0.8130526315789474;0.9268058555315575;0.8130526315789474;0.8662106089491982;3862;305;888
340;zebra;4750;;0.8273684210526315;0.8927760109041345;0.8273684210526315;0.8588286713286712;3930;472;820
685;odometer;4750;;0.876;0.841796479870524;0.876;0.8585577220674714;4161;782;589
986;yellow_lady's_slipper;4750;;0.9185263157894736;0.7876873081783715;0.9185263157894736;0.8480901934104383;4363;1176;387
130;flamingo;4750;;0.7477894736842106;0.9597406106457714;0.7477894736842106;0.840610578629748;3552;149;1198
129;spoonbill;4750;;0.8183157894736842;0.8639697710602356;0.8183157894736842;0.8405232998161963;3887;612;863
139;ruddy_turnstone;4750;;0.8168421052631579;0.8651059085841695;0.8168421052631579;0.8402815376285868;3880;605;870
321;admiral;4750;;0.7494736842105263;0.9559613319011815;0.7494736842105263;0.840217134765164;3560;164;1190
88;macaw;4750;;0.7898947368421053;0.8924833491912464;0.7898947368421053;0.8380612016975654;3752;452;998
323;monarch;4750;;0.8044210526315789;0.8636980108499096;0.8044210526315789;0.8330063222149553;3821;603;929
90;lorikeet;4750;;0.8414736842105263;0.8192252510760402;0.8414736842105263;0.8302004361823657;3997;882;753
135;limpkin;4750;;0.8164210526315789;0.8437771975630983;0.8164210526315789;0.8298737427776589;3878;718;872
339;sorrel;4750;;0.8048421052631579;0.8488010657193605;0.8048421052631579;0.8262373027879836;3823;681;927
387;lesser_panda;4750;;0.8071578947368421;0.8316702819956616;0.8071578947368421;0.8192307692307692;3834;776;916
984;rapeseed;4750;;0.8035789473684211;0.8319529206625981;0.8035789473684211;0.8175198115228101;3817;771;933
136;European_gallinule;4750;;0.7246315789473684;0.9317812669193286;0.7246315789473684;0.8152534343912836;3442;252;1308
900;water_tower;4750;;0.7793684210526316;0.8450125542113672;0.7793684210526316;0.8108640893658964;3702;679;1048
96;toucan;4750;;0.7549473684210526;0.8742077035592394;0.7549473684210526;0.8102123813827384;3586;516;1164
255;Leonberg;4750;;0.7898947368421053;0.8300884955752212;0.7898947368421053;0.8094929881337648;3752;768;998
607;jack-o'-lantern;4750;;0.8376842105263158;0.7742751508075502;0.8376842105263158;0.8047325310951562;3979;1160;771
11;goldfinch;4750;;0.7010526315789474;0.9401468097120271;0.7010526315789474;0.8031837916063675;3330;212;1420
625;lifeboat;4750;;0.740421052631579;0.8746580452623726;0.740421052631579;0.8019610078668339;3517;504;1233
15;robin;4750;;0.7149473684210527;0.907051282051282;0.7149473684210527;0.7996232634801037;3396;348;1354
388;giant_panda;4750;;0.7149473684210527;0.8974630021141649;0.7149473684210527;0.79587532224045;3396;388;1354
143;oystercatcher;4750;;0.7338947368421053;0.8673799452600149;0.7338947368421053;0.7950735545672255;3486;533;1264
325;sulphur_butterfly;4750;;0.764;0.8114937388193202;0.764;0.787031012795489;3629;843;1121
145;king_penguin;4750;;0.7210526315789474;0.8635905194150277;0.7210526315789474;0.7859109683340982;3425;541;1325
25;European_fire_salamander;4750;;0.7237894736842105;0.8531017369727047;0.7237894736842105;0.7831435079726652;3438;592;1312
92;bee_eater;4750;;0.7766315789473685;0.7855621805792163;0.7766315789473685;0.7810713529536312;3689;1007;1061
17;jay;4750;;0.6964210526315789;0.8866255695523988;0.6964210526315789;0.7800966867114728;3308;423;1442
19;chickadee;4750;;0.6852631578947368;0.8937397034596376;0.6852631578947368;0.7757387988560532;3255;387;1495
392;rock_beauty;4750;;0.8837894736842106;0.6856116282867876;0.8837894736842106;0.7721879885956038;4198;1925;552
396;lionfish;4750;;0.7056842105263158;0.847749114820435;0.7056842105263158;0.770220588235294;3352;602;1398
84;peacock;4750;;0.6867368421052632;0.875;0.6867368421052632;0.7695211134701581;3262;466;1488
102;echidna;4750;;0.7372631578947368;0.8041331802525833;0.7372631578947368;0.7692476661175179;3502;853;1248
407;ambulance;4750;;0.8023157894736842;0.7307766059443912;0.8023157894736842;0.7648770697441043;3811;1404;939
985;daisy;4750;;0.8762105263157894;0.6780710329097426;0.8762105263157894;0.7645113886847905;4162;1976;588
324;cabbage_butterfly;4750;;0.744;0.7801324503311259;0.744;0.7616379310344827;3534;996;1216
915;yurt;4750;;0.6964210526315789;0.838317283324886;0.6964210526315789;0.7608095676172953;3308;638;1442
91;coucal;4750;;0.7023157894736842;0.8296443670728675;0.7023157894736842;0.7606886329950976;3336;685;1414
0;tench;4750;;0.7267368421052631;0.7955750172850887;0.7267368421052631;0.7595995158983386;3452;887;1298
13;junco;4750;;0.6661052631578948;0.8801112656467316;0.6661052631578948;0.7582983822648292;3164;431;1586
779;school_bus;4750;;0.7566315789473684;0.759830866807611;0.7566315789473684;0.7582278481012659;3594;1136;1156
576;gondola;4750;;0.763578947368421;0.7517098445595854;0.763578947368421;0.757597911227154;3627;1198;1123
873;triumphal_arch;4750;;0.7208421052631578;0.795908879590888;0.7208421052631578;0.7565178965974368;3424;878;1326
87;African_grey;4750;;0.6825263157894736;0.8451511991657977;0.6825263157894736;0.7551828558117866;3242;594;1508
291;lion;4750;;0.7334736842105263;0.7778521991515963;0.7334736842105263;0.7550113771806263;3484;995;1266
144;pelican;4750;;0.6465263157894737;0.9053655660377359;0.6465263157894737;0.7543601080815525;3071;321;1679
284;Siamese_cat;4750;;0.7858947368421053;0.724432369493499;0.7858947368421053;0.753912955669999;3733;1420;1017
141;redshank;4750;;0.7374736842105263;0.7710763812458727;0.7374736842105263;0.7539007855375013;3503;1040;1247
376;proboscis_monkey;4750;;0.8166315789473684;0.6999278238902923;0.8166315789473684;0.7537893509521959;3879;1663;871
293;cheetah;4750;;0.7456842105263158;0.755062886378171;0.7456842105263158;0.7503442431945769;3542;1149;1208
326;lycaenid;4750;;0.6654736842105263;0.8575691806836679;0.6654736842105263;0.7494073020388811;3161;525;1589
300;tiger_beetle;4750;;0.7631578947368421;0.733954241749342;0.7631578947368421;0.7482712354216122;3625;1314;1125
832;stupa;4750;;0.6957894736842105;0.8070818070818071;0.6957894736842105;0.7473148671565857;3305;790;1445
727;planetarium;4750;;0.7488421052631579;0.7455460071263886;0.7488421052631579;0.7471904211742464;3557;1214;1193
425;barn;4750;;0.7056842105263158;0.7922476955802411;0.7056842105263158;0.7464647589355307;3352;879;1398
874;trolleybus;4750;;0.748;0.74392797319933;0.748;0.7459584295612011;3553;1223;1197
14;indigo_bunting;4750;;0.8021052631578948;0.6948750683932154;0.8021052631578948;0.7446496628554676;3810;1673;940
351;hartebeest;4750;;0.8033684210526316;0.693565976008724;0.8033684210526316;0.7444401092469762;3816;1686;934
24;great_grey_owl;4750;;0.7703157894736842;0.7159068675405987;0.7703157894736842;0.7421154041172295;3659;1452;1091
244;Tibetan_mastiff;4750;;0.7482105263157894;0.7349048800661704;0.7482105263157894;0.7414980179428332;3554;1282;1196
863;totem_pole;4750;;0.6258947368421053;0.9077862595419848;0.6258947368421053;0.7409345794392523;2973;302;1777
594;harp;4750;;0.7642105263157895;0.7151300236406619;0.7642105263157895;0.7388560960716467;3630;1446;1120
317;leafhopper;4750;;0.6452631578947369;0.8616811920157436;0.6452631578947369;0.7379318646924281;3065;492;1685
275;African_hunting_dog;4750;;0.8370526315789474;0.6594791839442694;0.8370526315789474;0.737730772798961;3976;2053;774
560;football_helmet;4750;;0.6410526315789473;0.8662873399715505;0.6410526315789473;0.736842105263158;3045;470;1705
131;little_blue_heron;4750;;0.6614736842105263;0.830338266384778;0.6614736842105263;0.7363487227560347;3142;642;1608
12;house_finch;4750;;0.6448421052631579;0.8484764542936288;0.6448421052631579;0.732775119617225;3063;547;1687
763;revolver;4750;;0.6993684210526315;0.7668513388734995;0.6993684210526315;0.7315569257872716;3322;1010;1428
821;steel_arch_bridge;4750;;0.7035789473684211;0.759718117754035;0.7035789473684211;0.7305716471745546;3342;1057;1408
995;earthstar;4750;;0.8736842105263158;0.6259426847662142;0.8736842105263158;0.7293497363796133;4150;2480;600
137;American_coot;4750;;0.6562105263157895;0.8155416012558869;0.6562105263157895;0.7272515165655624;3117;705;1633
547;electric_locomotive;4750;;0.6442105263157895;0.8342420937840785;0.6442105263157895;0.7270135424091233;3060;608;1690
133;bittern;4750;;0.643578947368421;0.8325163398692811;0.643578947368421;0.7259558299691284;3057;615;1693
156;Blenheim_spaniel;4750;;0.7566315789473684;0.6947612603904891;0.7566315789473684;0.7243777083543284;3594;1579;1156
216;clumber;4750;;0.7429473684210526;0.7065065065065065;0.7429473684210526;0.7242688558234993;3529;1466;1221
350;ibex;4750;;0.7334736842105263;0.7143735903219192;0.7334736842105263;0.7237976524358575;3484;1393;1266
948;Granny_Smith;4750;;0.6837894736842105;0.7674858223062382;0.6837894736842105;0.7232242262302383;3248;984;1502
604;hourglass;4750;;0.7938947368421052;0.6625087842586086;0.7938947368421052;0.7222754261635702;3771;1921;979
661;Model_T;4750;;0.6762105263157895;0.7749095295536791;0.6762105263157895;0.722203485103991;3212;933;1538
955;jackfruit;4750;;0.6962105263157895;0.7473446327683616;0.6962105263157895;0.7208719346049046;3307;1118;1443
89;sulphur-crested_cockatoo;4750;;0.6069473684210527;0.8859864781807006;0.6069473684210527;0.7203898050974513;2883;371;1867
138;bustard;4750;;0.7132631578947368;0.7265708771177354;0.7132631578947368;0.7198555189631359;3388;1275;1362
755;radio_telescope;4750;;0.6608421052631579;0.7879016064257028;0.6608421052631579;0.7188000915960615;3139;845;1611
746;puck;4750;;0.7035789473684211;0.7333772218564846;0.7035789473684211;0.7181691200171915;3342;1215;1408
142;dowitcher;4750;;0.7094736842105264;0.7258238208055137;0.7094736842105264;0.7175556265303951;3370;1273;1380
347;bison;4750;;0.6576842105263158;0.7882916982084279;0.6576842105263158;0.7170894066337656;3124;839;1626
85;quail;4750;;0.6557894736842105;0.7898073022312373;0.6557894736842105;0.71658615136876;3115;829;1635
333;hamster;4750;;0.7366315789473684;0.6953497615262321;0.7366315789473684;0.7153956246166429;3499;1533;1251
990;buckeye;4750;;0.6837894736842105;0.7489047728844823;0.6837894736842105;0.714867392978981;3248;1089;1502
98;red-breasted_merganser;4750;;0.7804210526315789;0.6547156481808548;0.7804210526315789;0.7120630042258932;3707;1955;1043
535;disk_brake;4750;;0.6526315789473685;0.7822356800403735;0.6526315789473685;0.7115803971077699;3100;863;1650
528;dial_telephone;4750;;0.6153684210526316;0.8426059383107524;0.6153684210526316;0.7112787443727946;2923;546;1827
426;barometer;4750;;0.655157894736842;0.7762534297829883;0.655157894736842;0.710583399931499;3112;897;1638
16;bulbul;4750;;0.628421052631579;0.8155737704918032;0.628421052631579;0.7098692033293698;2985;675;1765
247;Saint_Bernard;4750;;0.6867368421052632;0.7341886112986721;0.6867368421052632;0.7096704013923638;3262;1181;1488
148;killer_whale;4750;;0.7823157894736842;0.6480641785838855;0.7823157894736842;0.7088897367417016;3716;2018;1034
937;broccoli;4750;;0.6317894736842106;0.8060703733548213;0.6317894736842106;0.708367756402691;3001;722;1749
127;white_stork;4750;;0.5631578947368421;0.9479092841956059;0.5631578947368421;0.7065504490227152;2675;147;2075
554;fireboat;4750;;0.7345263157894737;0.6789258610624636;0.7345263157894737;0.7056325209829103;3489;1650;1261
327;starfish;4750;;0.6724210526315789;0.7403801576263329;0.6724210526315789;0.7047661076787289;3194;1120;1556
93;hornbill;4750;;0.5983157894736842;0.8570566948130277;0.5983157894736842;0.7046863377138607;2842;474;1908
800;slot;4750;;0.7067368421052631;0.7023012552301255;0.7067368421052631;0.7045120671563484;3357;1423;1393
83;prairie_chicken;4750;;0.7671578947368421;0.6496701729363523;0.7671578947368421;0.7035428130128392;3644;1965;1106
466;bullet_train;4750;;0.7113684210526315;0.695840197693575;0.7113684210526315;0.7035186341869665;3379;1477;1371
472;canoe;4750;;0.6597894736842105;0.7533653846153846;0.6597894736842105;0.7034792368125702;3134;1026;1616
261;keeshond;4750;;0.6671578947368421;0.7423284141485126;0.6671578947368421;0.7027386628229294;3169;1100;1581
668;mosque;4750;;0.7178947368421053;0.6876386368219399;0.7178947368421053;0.7024410340920795;3410;1549;1340
420;banjo;4750;;0.6810526315789474;0.7250112057373376;0.6810526315789474;0.7023447676943119;3235;1227;1515
292;tiger;4750;;0.7549473684210526;0.6523558304529743;0.7549473684210526;0.6999121694154387;3586;1911;1164
195;Boston_bull;4750;;0.6343157894736842;0.7747492928773464;0.6343157894736842;0.6975344368561177;3013;876;1737
160;Afghan_hound;4750;;0.6585263157894737;0.7410566216536366;0.6585263157894737;0.6973581540519452;3128;1093;1622
365;orangutan;4750;;0.6522105263157895;0.7445325642874309;0.6522105263157895;0.6953203905285602;3098;1063;1652
294;brown_bear;4750;;0.6730526315789473;0.7132976349843819;0.6730526315789473;0.6925909878682841;3197;1285;1553
991;coral_fungus;4750;;0.7223157894736842;0.664922480620155;0.7223157894736842;0.6924318869828456;3431;1729;1319
258;Samoyed;4750;;0.6772631578947368;0.7082782915015412;0.6772631578947368;0.6924235901851056;3217;1325;1533
687;organ;4750;;0.6029473684210527;0.811101670914755;0.6029473684210527;0.6917039004951092;2864;667;1886
886;vending_machine;4750;;0.6618947368421053;0.723423838011965;0.6618947368421053;0.6912928759894459;3144;1202;1606
18;magpie;4750;;0.5850526315789474;0.8390700483091788;0.5850526315789474;0.6894070950136443;2779;533;1971
146;albatross;4750;;0.6566315789473685;0.7243381328379006;0.6566315789473685;0.6888250883392226;3119;1187;1631
301;ladybug;4750;;0.6753684210526316;0.7013554875382597;0.6753684210526316;0.6881166881166881;3208;1366;1542
178;Weimaraner;4750;;0.6250526315789474;0.7648119526017517;0.6250526315789474;0.68790546802595;2969;913;1781
274;dhole;4750;;0.7092631578947368;0.6658102766798419;0.7092631578947368;0.6868501529051988;3369;1691;1381
322;ringlet;4750;;0.7551578947368421;0.6292982456140351;0.7551578947368421;0.6865071770334928;3587;2113;1163
218;Welsh_springer_spaniel;4750;;0.7162105263157895;0.6589192330040674;0.7162105263157895;0.6863714314536468;3402;1761;1348
375;colobus;4750;;0.6425263157894737;0.7364864864864865;0.6425263157894737;0.6863053744097145;3052;1092;1698
320;damselfly;4750;;0.7223157894736842;0.6532749428789033;0.7223157894736842;0.6860627874425116;3431;1821;1319
289;snow_leopard;4750;;0.6711578947368421;0.6978984238178634;0.6711578947368421;0.6842670100880017;3188;1380;1562
95;jacamar;4750;;0.8286315789473684;0.5807022720566539;0.8286315789473684;0.6828591256072173;3936;2842;814
290;jaguar;4750;;0.580421052631579;0.8269346130773845;0.580421052631579;0.6820880752102919;2757;577;1993
239;Bernese_mountain_dog;4750;;0.6926315789473684;0.6712915731483371;0.6926315789473684;0.6817946326805512;3290;1611;1460
430;basketball;4750;;0.619578947368421;0.756360832690825;0.619578947368421;0.6811711607452842;2943;948;1807
288;leopard;4750;;0.6437894736842106;0.7208863743517209;0.6437894736842106;0.6801601423487545;3058;1184;1692
888;viaduct;4750;;0.5947368421052631;0.7935393258426966;0.5947368421052631;0.6799037304452465;2825;735;1925
736;pool_table;4750;;0.6153684210526316;0.7594180306573136;0.6153684210526316;0.6798464937783463;2923;926;1827
672;mountain_tent;4750;;0.576421052631579;0.827190332326284;0.576421052631579;0.6794044665012406;2738;572;2012
97;drake;4750;;0.5288421052631579;0.9486404833836858;0.5288421052631579;0.6791024601243579;2512;136;2238
132;American_egret;4750;;0.696;0.6623923061510719;0.696;0.6787804126886356;3306;1685;1444
344;hippopotamus;4750;;0.5823157894736842;0.8130511463844797;0.5823157894736842;0.6786064769381747;2766;636;1984
251;dalmatian;4750;;0.6437894736842106;0.7168307548054383;0.6437894736842106;0.6783496007098492;3058;1208;1692
9;ostrich;4750;;0.764;0.6091992613731744;0.764;0.6778742878490708;3629;2328;1121
306;rhinoceros_beetle;4750;;0.5894736842105263;0.7920792079207921;0.5894736842105263;0.675920337960169;2800;735;1950
140;red-backed_sandpiper;4750;;0.6301052631578947;0.7219006271104679;0.6301052631578947;0.672886690647482;2993;1153;1757
734;police_van;4750;;0.6301052631578947;0.7215525554484089;0.6301052631578947;0.6727354461676782;2993;1155;1757
890;volleyball;4750;;0.6193684210526316;0.7351324337831084;0.6193684210526316;0.6723034734917733;2942;1060;1808
22;bald_eagle;4750;;0.6416842105263157;0.7044141437485556;0.6416842105263157;0.6715875289192464;3048;1279;1702
190;Sealyham_terrier;4750;;0.6751578947368421;0.6671520698980653;0.6751578947368421;0.6711311080883122;3207;1600;1543
401;accordion;4750;;0.6069473684210527;0.7494151286716922;0.6069473684210527;0.6706990810747935;2883;964;1867
152;Japanese_spaniel;4750;;0.6254736842105263;0.7159036144578313;0.6254736842105263;0.6676404494382022;2971;1179;1779
512;corkscrew;4750;;0.5966315789473684;0.7567423230974633;0.5966315789473684;0.6672160094173043;2834;911;1916
945;bell_pepper;4750;;0.5753684210526315;0.7935540069686411;0.5753684210526315;0.6670734683915059;2733;711;2017
993;gyromitra;4750;;0.8014736842105263;0.5711071107110711;0.8014736842105263;0.6669586545199719;3807;2859;943
953;pineapple;4750;;0.556;0.8315491183879093;0.556;0.6664143325763311;2641;535;2109
575;golfcart;4750;;0.5595789473684211;0.8213844252163165;0.5595789473684211;0.6656649135987979;2658;578;2092
260;chow;4750;;0.7541052631578947;0.595115467685662;0.7541052631578947;0.6652428266319993;3582;2437;1168
225;malinois;4750;;0.6250526315789474;0.7106270943034945;0.6250526315789474;0.6650985663082437;2969;1209;1781
20;water_ouzel;4750;;0.644;0.6871069182389937;0.644;0.6648554662029993;3059;1393;1691
253;basenji;4750;;0.612;0.7272954716037028;0.612;0.664685034869098;2907;1090;1843
852;tennis_ball;4750;;0.6797894736842105;0.6496981891348088;0.6797894736842105;0.66440329218107;3229;1741;1521
606;iron;4750;;0.5738947368421052;0.7862705509085665;0.5738947368421052;0.6635024948277961;2726;741;2024
316;cicada;4750;;0.5397894736842105;0.8583863408101774;0.5397894736842105;0.6627891947783379;2564;423;2186
486;cello;4750;;0.6021052631578947;0.7340862422997947;0.6021052631578947;0.6615776081424936;2860;1036;1890
262;Brabancon_griffon;4750;;0.640421052631579;0.6835955056179776;0.640421052631579;0.6613043478260869;3042;1408;1708
276;hyena;4750;;0.6945263157894737;0.6293399465852728;0.6945263157894737;0.660328262610088;3299;1943;1451
918;crossword_puzzle;4750;;0.6113684210526316;0.717037037037037;0.6113684210526316;0.66;2904;1146;1846
956;custard_apple;4750;;0.655578947368421;0.6638243444894478;0.655578947368421;0.6596758817921831;3114;1577;1636
566;French_horn;4750;;0.5273684210526316;0.8801827125790583;0.5273684210526316;0.6595576619273301;2505;341;2245
105;koala;4750;;0.5301052631578947;0.8709789000345901;0.5301052631578947;0.65907603716791;2518;373;2232
70;harvestman;4750;;0.6111578947368421;0.7122178606476938;0.6111578947368421;0.6578291411738046;2903;1173;1847
364;three-toed_sloth;4750;;0.612421052631579;0.7093391855644965;0.612421052631579;0.6573268557225171;2909;1192;1841
726;plane;4750;;0.6151578947368421;0.7018976699495556;0.6151578947368421;0.6556714910804443;2922;1241;1828
688;oscilloscope;4750;;0.7509473684210526;0.5813233376792699;0.7509473684210526;0.6553371302590484;3567;2569;1183
268;Mexican_hairless;4750;;0.6503157894736842;0.660042735042735;0.6503157894736842;0.6551431601272535;3089;1591;1661
920;traffic_light;4750;;0.5654736842105264;0.7751803751803752;0.5654736842105264;0.6539257455873403;2686;779;2064
916;web_site;4750;;0.6271578947368421;0.6810699588477366;0.6271578947368421;0.6530030688294608;2979;1395;1771
946;cardoon;4750;;0.8275789473684211;0.5389361118727721;0.8275789473684211;0.6527731650614413;3931;3363;819
28;spotted_salamander;4750;;0.5892631578947368;0.7294761532447225;0.5892631578947368;0.6519156865028531;2799;1038;1951
628;liner;4750;;0.6046315789473684;0.7066929133858267;0.6046315789473684;0.651690492398457;2872;1192;1878
952;fig;4750;;0.5597894736842105;0.7783957845433255;0.5597894736842105;0.6512368356600539;2659;757;2091
57;garter_snake;4750;;0.5338947368421053;0.8325673013788575;0.5338947368421053;0.650590046177527;2536;510;2214
783;screw;4750;;0.7218947368421053;0.5905959352394075;0.7218947368421053;0.649677908298598;3429;2377;1321
245;French_bulldog;4750;;0.5486315789473685;0.7962114268255424;0.5486315789473685;0.6496323071170386;2606;667;2144
714;pick;4750;;0.6631578947368421;0.63623510401939;0.6631578947368421;0.6494175858158953;3150;1801;1600
938;cauliflower;4750;;0.5492631578947369;0.7875037730153939;0.5492631578947369;0.6471536648889993;2609;704;2141
757;recreational_vehicle;4750;;0.5642105263157895;0.7577042691546508;0.5642105263157895;0.6467961867986003;2680;857;2070
72;black_and_gold_garden_spider;4750;;0.6292631578947369;0.6649610678531702;0.6292631578947369;0.6466197944835046;2989;1506;1761
254;pug;4750;;0.6267368421052631;0.6673391616229545;0.6267368421052631;0.6464010422321137;2977;1484;1773
645;maypole;4750;;0.8063157894736842;0.5389811426963129;0.8063157894736842;0.6460863697705803;3830;3276;920
732;Polaroid_camera;4750;;0.5983157894736842;0.7008631319358817;0.5983157894736842;0.645542305508234;2842;1213;1908
548;entertainment_center;4750;;0.756421052631579;0.5616695325934031;0.756421052631579;0.6446577554498969;3593;2804;1157
270;white_wolf;4750;;0.6433684210526316;0.6417471650566988;0.6433684210526316;0.6425567703952901;3056;1706;1694
10;brambling;4750;;0.7507368421052631;0.5594603074992156;0.7507368421052631;0.641136281912981;3566;2808;1184
914;yawl;4750;;0.5888421052631579;0.7013540621865597;0.5888421052631579;0.6401922636758984;2797;1191;1953
540;drilling_platform;4750;;0.7090526315789474;0.5817930557954741;0.7090526315789474;0.6391498244615239;3368;2421;1382
716;picket_fence;4750;;0.5372631578947369;0.7861983980283426;0.5372631578947369;0.6383191595797899;2552;694;2198
555;fire_engine;4750;;0.6126315789473684;0.6645352820278603;0.6126315789473684;0.6375287545185672;2910;1469;1840
642;marimba;4750;;0.5901052631578947;0.6926118112181863;0.5901052631578947;0.6372627031942707;2803;1244;1947
355;llama;4750;;0.5574736842105263;0.741113909879653;0.5574736842105263;0.6363090231887542;2648;925;2102
39;common_iguana;4750;;0.5473684210526316;0.758681062153487;0.5473684210526316;0.6359300476947537;2600;827;2150
217;English_springer;4750;;0.5646315789473684;0.7274206672091131;0.5646315789473684;0.6357710086523647;2682;1005;2068
330;wood_rabbit;4750;;0.6086315789473684;0.6606489945155393;0.6086315789473684;0.6335744028051721;2891;1485;1859
448;birdhouse;4750;;0.6094736842105263;0.6564625850340136;0.6094736842105263;0.6320960698689956;2895;1515;1855
621;lawn_mower;4750;;0.5896842105263158;0.6787012357644778;0.5896842105263158;0.6310690548608765;2801;1326;1949
308;fly;4750;;0.5669473684210526;0.7105540897097625;0.5669473684210526;0.6306791569086652;2693;1097;2057
801;snorkel;4750;;0.647578947368421;0.6145854145854146;0.647578947368421;0.6306509482316761;3076;1929;1674
404;airliner;4750;;0.6616842105263158;0.6019919555640681;0.6616842105263158;0.6304282419015144;3143;2078;1607
569;garbage_truck;4750;;0.6991578947368421;0.5731791508457025;0.6991578947368421;0.6299317147192716;3321;2473;1429
458;brass;4750;;0.5174736842105263;0.8040562643114164;0.5174736842105263;0.6296913026770846;2458;599;2292
439;bearskin;4750;;0.7922105263157895;0.521624618796784;0.7922105263157895;0.62905382815112;3763;3451;987
307;weevil;4750;;0.5105263157894737;0.8173238961914392;0.5105263157894737;0.6284825709472592;2425;542;2325
988;acorn;4750;;0.5663157894736842;0.7054812483608707;0.5663157894736842;0.6282844797384094;2690;1123;2060
684;ocarina;4750;;0.636;0.6207109102116294;0.636;0.6282624519080795;3021;1846;1729
86;partridge;4750;;0.647578947368421;0.608747278844251;0.647578947368421;0.6275629909211466;3076;1977;1674
432;bassoon;4750;;0.5787368421052631;0.6853652455746697;0.5787368421052631;0.6275539321995205;2749;1262;2001
637;mailbox;4750;;0.47978947368421054;0.9054429876837505;0.47978947368421054;0.6272189349112427;2279;238;2471
957;pomegranate;4750;;0.5170526315789473;0.7958522359040829;0.5170526315789473;0.6268504338948443;2456;630;2294
451;bolo_tie;4750;;0.6631578947368421;0.5942275042444821;0.6631578947368421;0.626803303153915;3150;2151;1600
363;armadillo;4750;;0.7031578947368421;0.5648570945374598;0.7031578947368421;0.6264653474631904;3340;2573;1410
802;snowmobile;4750;;0.7042105263157895;0.5637957188606102;0.7042105263157895;0.6262285874754282;3345;2588;1405
94;hummingbird;4750;;0.6766315789473685;0.5818247646632875;0.6766315789473685;0.6256569982480047;3214;2310;1536
338;guinea_pig;4750;;0.5151578947368421;0.7942226549821486;0.5151578947368421;0.6249521133954795;2447;634;2303
571;gas_pump;4750;;0.49326315789473685;0.8495286439448876;0.49326315789473685;0.6241342567927544;2343;415;2407
719;piggy_bank;4750;;0.5686315789473684;0.690439672801636;0.5686315789473684;0.6236435003463403;2701;1211;2049
444;bicycle-built-for-two;4750;;0.6587368421052632;0.5918290145640249;0.6587368421052632;0.6234930756202052;3129;2158;1621
110;flatworm;4750;;0.6528421052631579;0.5965756060023086;0.6528421052631579;0.6234418978689183;3101;2097;1649
780;schooner;4750;;0.656;0.5934107788992573;0.656;0.623137686231377;3116;2135;1634
609;jeep;4750;;0.5111578947368421;0.7973727422003284;0.5111578947368421;0.622963438101347;2428;617;2322
510;container_ship;4750;;0.6343157894736842;0.6106607215241183;0.6343157894736842;0.6222635274679883;3013;1921;1737
352;impala;4750;;0.5648421052631579;0.6913166709610925;0.5648421052631579;0.6217124319314101;2683;1198;2067
612;jinrikisha;4750;;0.7357894736842105;0.5381062355658198;0.7357894736842105;0.6216096042685638;3495;3000;1255
203;West_Highland_white_terrier;4750;;0.631578947368421;0.6113715100876299;0.631578947368421;0.6213109661385524;3000;1907;1750
398;abacus;4750;;0.6061052631578947;0.6354005738247628;0.6061052631578947;0.6204072836978775;2879;1652;1871
116;chiton;4750;;0.5945263157894737;0.6460764127202013;0.5945263157894737;0.6192303475496107;2824;1547;1926
229;Old_English_sheepdog;4750;;0.6572631578947369;0.5850824587706147;0.6572631578947369;0.6190759468570296;3122;2214;1628
299;meerkat;4750;;0.6669473684210526;0.5774699234414874;0.6669473684210526;0.6189917936694022;3168;2318;1582
154;Pekinese;4750;;0.5945263157894737;0.6422560836934273;0.5945263157894737;0.6174702088116323;2824;1573;1926
243;bull_mastiff;4750;;0.5136842105263157;0.772640911969601;0.5136842105263157;0.6170966110268084;2440;718;2310
495;china_cabinet;4750;;0.5595789473684211;0.6873545384018619;0.5595789473684211;0.616920041777881;2658;1209;2092
362;badger;4750;;0.6852631578947368;0.5595667870036101;0.6852631578947368;0.6160688937257499;3255;2562;1495
496;Christmas_stocking;4750;;0.7374736842105263;0.528116990803558;0.7374736842105263;0.6154792234033207;3503;3130;1247
682;obelisk;4750;;0.5338947368421053;0.7254004576659039;0.5338947368421053;0.6150861023526559;2536;960;2214
349;bighorn;4750;;0.6938947368421052;0.5522788203753352;0.6938947368421052;0.6150401194252659;3296;2672;1454
368;gibbon;4750;;0.5962105263157895;0.6346929627969521;0.5962105263157895;0.6148501953973079;2832;1630;1918
43;frilled_lizard;4750;;0.5298947368421053;0.7302001740644039;0.5298947368421053;0.614127119677931;2517;930;2233
781;scoreboard;4750;;0.6587368421052632;0.5743392070484582;0.6587368421052632;0.6136497352422043;3129;2319;1621
771;safe;4750;;0.5541052631578948;0.6859525671097212;0.5541052631578948;0.6130196809130081;2632;1205;2118
198;standard_schnauzer;4750;;0.6661052631578948;0.5676354503049874;0.6661052631578948;0.6129407206509104;3164;2410;1586
128;black_stork;4750;;0.7301052631578947;0.5264915743130408;0.7301052631578947;0.6118020640381052;3468;3119;1282
944;artichoke;4750;;0.4646315789473684;0.8920776071139854;0.4646315789473684;0.6110188261351052;2207;267;2543
933;cheeseburger;4750;;0.4597894736842105;0.9103793247186328;0.4597894736842105;0.6109945446915652;2184;215;2566
297;sloth_bear;4750;;0.5795789473684211;0.6441272812353767;0.5795789473684211;0.6101507092198583;2753;1521;1997
475;car_mirror;4750;;0.8174736842105264;0.48665246271462587;0.8174736842105264;0.6101029146044465;3883;4096;867
51;triceratops;4750;;0.608;0.6097972972972973;0.608;0.6088973223698081;2888;1848;1862
48;Komodo_dragon;4750;;0.5905263157894737;0.6279382135661518;0.5905263157894737;0.6086579147227948;2805;1662;1945
545;electric_fan;4750;;0.6221052631578947;0.5957661290322581;0.6221052631578947;0.6086508753861998;2955;2005;1795
592;hard_disc;4750;;0.5313684210526316;0.7097862767154106;0.5313684210526316;0.6077534312545148;2524;1032;2226
8;hen;4750;;0.5534736842105263;0.6725505244308008;0.5534736842105263;0.6072294722254302;2629;1280;2121
27;eft;4750;;0.5130526315789473;0.7427613532459616;0.5130526315789473;0.6068982692068234;2437;844;2313
766;rotisserie;4750;;0.6446315789473684;0.5723364485981308;0.6446315789473684;0.6063366336633664;3062;2288;1688
564;four-poster;4750;;0.5863157894736842;0.6264057579847053;0.5863157894736842;0.6056981296215747;2785;1661;1965
234;Rottweiler;4750;;0.5646315789473684;0.6528724440116845;0.5646315789473684;0.6055543011966584;2682;1426;2068
71;scorpion;4750;;0.6309473684210526;0.5795784181009476;0.6309473684210526;0.6041729664348352;2997;2174;1753
941;acorn_squash;4750;;0.5092631578947369;0.7422522246087757;0.5092631578947369;0.6040704207766263;2419;840;2331
259;Pomeranian;4750;;0.7075789473684211;0.5264724310776943;0.7075789473684211;0.6037363032153763;3361;3023;1389
614;kimono;4750;;0.5517894736842105;0.6655662772981209;0.5517894736842105;0.6033609576427256;2621;1317;2129
210;German_short-haired_pointer;4750;;0.6722105263157895;0.546559397466621;0.6722105263157895;0.6029078549848942;3193;2649;1557
213;Irish_setter;4750;;0.5783157894736842;0.629468377635197;0.5783157894736842;0.6028088654816766;2747;1617;2003
41;whiptail;4750;;0.6631578947368421;0.5514705882352942;0.6631578947368421;0.6021793156184285;3150;2562;1600
699;panpipe;4750;;0.6183157894736843;0.5861105567750948;0.6183157894736843;0.6017826042413686;2937;2074;1813
354;Arabian_camel;4750;;0.7227368421052631;0.515078769692423;0.7227368421052631;0.6014892685063513;3433;3232;1317
853;thatch;4750;;0.5191578947368422;0.7143684820393974;0.5191578947368422;0.6013167520117045;2466;986;2284
605;iPod;4750;;0.49726315789473685;0.75584;0.49726315789473685;0.5998730158730159;2362;763;2388
169;borzoi;4750;;0.6871578947368421;0.5317693059628543;0.6871578947368421;0.5995591476855254;3264;2874;1486
654;minibus;4750;;0.6042105263157894;0.5943259474011182;0.6042105263157894;0.5992274767721055;2870;1959;1880
336;marmot;4750;;0.5934736842105263;0.6046761046761047;0.5934736842105263;0.599022524436889;2819;1843;1931
122;American_lobster;4750;;0.5867368421052631;0.6117208077260755;0.5867368421052631;0.5989684074790458;2787;1769;1963
829;streetcar;4750;;0.6463157894736842;0.5580803490274495;0.6463157894736842;0.5989659545410203;3070;2431;1680
954;banana;4750;;0.4648421052631579;0.8414634146341463;0.4648421052631579;0.5988608624898291;2208;416;2542
177;Scottish_deerhound;4750;;0.655578947368421;0.5510529109892055;0.655578947368421;0.5987885780213441;3114;2537;1636
194;Dandie_Dinmont;4750;;0.6955789473684211;0.5246109876151159;0.6955789473684211;0.5981173062997828;3304;2994;1446
45;Gila_monster;4750;;0.4663157894736842;0.8336469702672187;0.4663157894736842;0.5980828945592007;2215;442;2535
1;goldfish;4750;;0.6776842105263158;0.5334769638713954;0.6776842105263158;0.5969955489614244;3219;2815;1531
951;lemon;4750;;0.5023157894736842;0.7316773995706838;0.5023157894736842;0.5956809387092746;2386;875;2364
99;goose;4750;;0.5149473684210526;0.704290238986467;0.5149473684210526;0.5949166970691961;2446;1027;2304
715;pickelhaube;4750;;0.5383157894736842;0.6643283969862301;0.5383157894736842;0.5947203163158507;2557;1292;2193
174;Norwegian_elkhound;4750;;0.6362105263157894;0.5573589081519734;0.6362105263157894;0.5941801022414471;3022;2400;1728
561;forklift;4750;;0.5922105263157895;0.5953439153439154;0.5922105263157895;0.5937730870712402;2813;1912;1937
147;grey_whale;4750;;0.6696842105263158;0.53292008711677;0.6696842105263158;0.5935255154398731;3181;2788;1569
224;groenendael;4750;;0.5488421052631579;0.6437037037037037;0.5488421052631579;0.5925;2607;1443;2143
389;barracouta;4750;;0.5957894736842105;0.5884799334580993;0.5957894736842105;0.5921121456219269;2830;1979;1920
53;ringneck_snake;4750;;0.5113684210526316;0.6995967741935484;0.5113684210526316;0.5908538068596448;2429;1043;2321
805;soccer_ball;4750;;0.6928421052631579;0.5147817925856405;0.6928421052631579;0.5906847348110922;3291;3102;1459
157;papillon;4750;;0.74;0.49147091722595077;0.74;0.5906570324315241;3515;3637;1235
370;guenon;4750;;0.4690526315789474;0.7968526466380543;0.4690526315789474;0.5905115292870395;2228;568;2522
958;hay;4750;;0.4957894736842105;0.7291021671826625;0.4957894736842105;0.5902255639097743;2355;875;2395
553;file;4750;;0.5227368421052632;0.6763824570961591;0.5227368421052632;0.5897161857261607;2483;1188;2267
215;Brittany_spaniel;4750;;0.5627368421052632;0.61860680398056;0.5627368421052632;0.5893506779847867;2673;1648;2077
557;flagpole;4750;;0.5269473684210526;0.6672887230071981;0.5269473684210526;0.5888718974238324;2503;1248;2247
563;fountain_pen;4750;;0.49705263157894736;0.721797615408132;0.49705263157894736;0.5887046502929809;2361;910;2389
417;balloon;4750;;0.7235789473684211;0.49595959595959593;0.7235789473684211;0.5885273972602739;3437;3493;1313
353;gazelle;4750;;0.5671578947368421;0.6113002042205582;0.5671578947368421;0.5884023151687234;2694;1713;2056
471;cannon;4750;;0.49642105263157893;0.721763085399449;0.49642105263157893;0.5882499688162655;2358;909;2392
490;chain_mail;4750;;0.531157894736842;0.6582311505348292;0.531157894736842;0.5879063264592801;2523;1310;2227
500;cliff_dwelling;4750;;0.47221052631578947;0.7785491148906629;0.47221052631578947;0.5878652863320666;2243;638;2507
816;spindle;4750;;0.4789473684210526;0.7606151788699431;0.4789473684210526;0.5877793566722646;2275;716;2475
507;combination_lock;4750;;0.52;0.6750478272752118;0.52;0.5874658104411941;2470;1189;2280
7;cock;4750;;0.5082105263157894;0.6952764976958525;0.5082105263157894;0.5872050595962053;2414;1058;2336
221;Irish_water_spaniel;4750;;0.624421052631579;0.5540818232766673;0.624421052631579;0.5871523309907949;2966;2387;1784
646;maze;4750;;0.7061052631578948;0.5020958083832335;0.7061052631578948;0.5868766404199475;3354;3326;1396
252;affenpinscher;4750;;0.6418947368421053;0.5399327076323712;0.6418947368421053;0.5865153409637396;3049;2598;1701
109;brain_coral;4750;;0.5785263157894737;0.5940337224383917;0.5785263157894737;0.5861774744027304;2748;1878;2002
372;baboon;4750;;0.5861052631578947;0.5858585858585859;0.5861052631578947;0.5859818985476741;2784;1968;1966
242;boxer;4750;;0.4945263157894737;0.718348623853211;0.4945263157894737;0.5857855361596009;2349;921;2401
963;pizza;4750;;0.4928421052631579;0.7211953173136167;0.4928421052631579;0.5855427713856929;2341;905;2409
959;carbonara;4750;;0.508;0.690414878397711;0.508;0.585324439053972;2413;1082;2337
724;pirate;4750;;0.47242105263157896;0.7679671457905544;0.47242105263157896;0.5849843587069865;2244;678;2506
56;king_snake;4750;;0.49094736842105263;0.7235494880546075;0.49094736842105263;0.5849742882227518;2332;891;2418
63;Indian_cobra;4750;;0.6402105263157895;0.5374690703428774;0.6402105263157895;0.584358186010761;3041;2617;1709
881;upright;4750;;0.6650526315789473;0.5205998681608438;0.6650526315789473;0.5840266222961731;3159;2909;1591
521;Crock_Pot;4750;;0.4368421052631579;0.8755274261603375;0.4368421052631579;0.5828651685393259;2075;295;2675
346;water_buffalo;4750;;0.48926315789473684;0.7197274698048931;0.48926315789473684;0.5825291389898483;2324;905;2426
287;lynx;4750;;0.5370526315789473;0.6361596009975062;0.5370526315789473;0.5824200913242009;2551;1459;2199
822;steel_drum;4750;;0.6408421052631579;0.5337541644748378;0.6408421052631579;0.5824165311393859;3044;2659;1706
511;convertible;4750;;0.5397894736842105;0.6305951795376291;0.5397894736842105;0.5816696914700544;2564;1502;2186
927;trifle;4750;;0.7237894736842105;0.4860050890585242;0.7237894736842105;0.5815290933694182;3438;3636;1312
214;Gordon_setter;4750;;0.6122105263157894;0.5526415811478526;0.6122105263157894;0.5809029165001998;2908;2354;1842
235;German_shepherd;4750;;0.6429473684210526;0.5280082987551867;0.6429473684210526;0.5798367191949876;3054;2730;1696
134;crane;4750;;0.45452631578947367;0.8005190952910641;0.45452631578947367;0.5798308043507453;2159;538;2591
574;golf_ball;4750;;0.6507368421052632;0.5222165906403109;0.6507368421052632;0.5794357484300309;3091;2828;1659
161;basset;4750;;0.5252631578947369;0.6458710846492364;0.5252631578947369;0.579356786253338;2495;1368;2255
286;cougar;4750;;0.6557894736842105;0.5183028286189684;0.6557894736842105;0.5789962825278809;3115;2895;1635
786;sewing_machine;4750;;0.4646315789473684;0.767919276270007;0.4646315789473684;0.5789611752360966;2207;667;2543
579;grand_piano;4750;;0.5208421052631579;0.6507101525512888;0.5208421052631579;0.578578110383536;2474;1328;2276
42;agama;4750;;0.5208421052631579;0.6498555292881534;0.5208421052631579;0.5782400373962838;2474;1333;2276
983;scuba_diver;4750;;0.5065263157894737;0.6733837111670865;0.5065263157894737;0.5781569145740719;2406;1167;2344
570;gasmask;4750;;0.5522105263157895;0.6061936676681303;0.5522105263157895;0.5779442547097059;2623;1704;2127
125;hermit_crab;4750;;0.46673684210526317;0.7574308165357021;0.46673684210526317;0.5775693630324344;2217;710;2533
559;folding_chair;4750;;0.4648421052631579;0.7619047619047619;0.4648421052631579;0.5774058577405857;2208;690;2542
659;mixing_bowl;4750;;0.5178947368421053;0.6506215286961121;0.5178947368421053;0.5767201969288477;2460;1321;2290
610;jersey;4750;;0.5077894736842106;0.6659304251794589;0.5077894736842106;0.5762064022933588;2412;1210;2338
318;lacewing;4750;;0.6086315789473684;0.5470198675496689;0.6086315789473684;0.5761833582461385;2891;2394;1859
707;pay-phone;4750;;0.5402105263157895;0.6171236171236171;0.5402105263157895;0.5761113605747642;2566;1592;2184
694;paddlewheel;4750;;0.7077894736842105;0.48520710059171596;0.7077894736842105;0.5757342238205325;3362;3567;1388
423;barber_chair;4750;;0.5166315789473684;0.6480063374702931;0.5166315789473684;0.5749092186950919;2454;1333;2296
871;trimaran;4750;;0.5898947368421052;0.5586124401913876;0.5898947368421052;0.5738275650215032;2802;2214;1948
367;chimpanzee;4750;;0.5972631578947368;0.5516235660120552;0.5972631578947368;0.5735368442332963;2837;2306;1913
82;ruffed_grouse;4750;;0.5810526315789474;0.5658056580565806;0.5810526315789474;0.5733277939343582;2760;2118;1990
981;ballplayer;4750;;0.5814736842105264;0.5654042988741044;0.5814736842105264;0.573326414115205;2762;2123;1988
901;whiskey_jug;4750;;0.6231578947368421;0.5304659498207885;0.6231578947368421;0.5730880929332043;2960;2620;1790
228;komondor;4750;;0.6488421052631579;0.5130680872315632;0.6488421052631579;0.5730222180905457;3082;2925;1668
613;joystick;4750;;0.5709473684210526;0.5748198389147944;0.5709473684210526;0.5728770595690748;2712;2006;2038
770;running_shoe;4750;;0.4905263157894737;0.6881275841701122;0.4905263157894737;0.572763028515241;2330;1056;2420
429;baseball;4750;;0.5490526315789473;0.5973431058176821;0.5490526315789473;0.5721807810443177;2608;1758;2142
273;dingo;4750;;0.5223157894736842;0.6301752603505207;0.5223157894736842;0.5711983423506389;2481;1456;2269
603;horse_cart;4750;;0.5530526315789474;0.5904697684873005;0.5530526315789474;0.5711490379389064;2627;1822;2123
379;howler_monkey;4750;;0.6246315789473684;0.5254117230387817;0.6246315789473684;0.5707415600654036;2967;2680;1783
37;box_turtle;4750;;0.4610526315789474;0.7469304229195088;0.4610526315789474;0.570164019786514;2190;742;2560
897;washer;4750;;0.4652631578947368;0.7354409317803661;0.4652631578947368;0.5699548678272082;2210;795;2540
391;coho;4750;;0.4633684210526316;0.7393349009069533;0.4633684210526316;0.5696906949657047;2201;776;2549
393;anemone_fish;4750;;0.40610526315789475;0.9516526887025161;0.40610526315789475;0.5692784417884019;1929;98;2821
670;motor_scooter;4750;;0.5905263157894737;0.5489236790606654;0.5905263157894737;0.5689655172413793;2805;2305;1945
640;manhole_cover;4750;;0.5387368421052632;0.6016929226428404;0.5387368421052632;0.5684771742752416;2559;1694;2191
919;street_sign;4750;;0.5751578947368421;0.561100842062025;0.5751578947368421;0.5680424160515647;2732;2137;2018
236;Doberman;4750;;0.5033684210526316;0.6507893304300489;0.5033684210526316;0.5676638176638176;2391;1283;2359
113;snail;4750;;0.604;0.5351613504943108;0.604;0.5675007417663931;2869;2492;1881
75;black_widow;4750;;0.6208421052631579;0.5211168050892384;0.6208421052631579;0.5666250360265155;2949;2710;1801
812;space_shuttle;4750;;0.712421052631579;0.4701959149645686;0.712421052631579;0.5665020507240311;3384;3813;1366
518;crash_helmet;4750;;0.6446315789473684;0.5051138238205213;0.6446315789473684;0.5664076951535331;3062;3000;1688
704;parking_meter;4750;;0.5661052631578948;0.5658670033670034;0.5661052631578948;0.56598610818775;2689;2063;2061
949;strawberry;4750;;0.5288421052631579;0.6061776061776062;0.5288421052631579;0.5648751967618619;2512;1632;2238
796;ski_mask;4750;;0.6574736842105263;0.4949286846275753;0.6574736842105263;0.564737793851718;3123;3187;1627
722;ping-pong_ball;4750;;0.5296842105263158;0.6042267050912584;0.5296842105263158;0.5645052726048913;2516;1648;2234
383;Madagascar_cat;4750;;0.44526315789473686;0.7704918032786885;0.44526315789473686;0.5643762508338893;2115;630;2635
331;hare;4750;;0.7437894736842106;0.45440514469453375;0.7437894736842106;0.5641516966067864;3533;4242;1217
164;bluetick;4750;;0.596;0.5339494530365899;0.596;0.5632709908475925;2831;2471;1919
942;butternut_squash;4750;;0.47957894736842105;0.6806095010457126;0.47957894736842105;0.5626775348894653;2278;1069;2472
81;ptarmigan;4750;;0.5570526315789474;0.5661103979460848;0.5570526315789474;0.5615449915110357;2646;2028;2104
994;stinkhorn;4750;;0.6338947368421053;0.5039330543933055;0.6338947368421053;0.5614918414918416;3011;2964;1739
279;Arctic_fox;4750;;0.6751578947368421;0.47980251346499103;0.6751578947368421;0.5609585446912716;3207;3477;1543
573;go-kart;4750;;0.6669473684210526;0.48366412213740456;0.6669473684210526;0.5607079646017699;3168;3382;1582
382;squirrel_monkey;4750;;0.5882105263157895;0.5355568334291738;0.5882105263157895;0.5606501454800843;2794;2423;1956
798;slide_rule;4750;;0.47242105263157896;0.6894009216589861;0.47242105263157896;0.5606495940037477;2244;1011;2506
183;Kerry_blue_terrier;4750;;0.5517894736842105;0.5689168656392446;0.5517894736842105;0.5602222934701293;2621;1986;2129
232;Border_collie;4750;;0.5997894736842105;0.5254518627812615;0.5997894736842105;0.5601651592607156;2849;2573;1901
533;dishrag;4750;;0.45789473684210524;0.7197220383851753;0.45789473684210524;0.5597014925373134;2175;847;2575
121;king_crab;4750;;0.5477894736842105;0.5719938448010552;0.5477894736842105;0.5596300677492203;2602;1947;2148
840;swab;4750;;0.5132631578947369;0.6142605190224237;0.5132631578947369;0.559238444775777;2438;1531;2312
117;chambered_nautilus;4750;;0.7265263157894737;0.4541387024608501;0.7265263157894737;0.5589116527654061;3451;4148;1299
241;EntleBucher;4750;;0.6471578947368422;0.49128975547386927;0.6471578947368422;0.5585536476787498;3074;3183;1676
522;croquet_ball;4750;;0.6625263157894736;0.48274275195582145;0.6625263157894736;0.558523382731387;3147;3372;1603
695;padlock;4750;;0.4978947368421053;0.6347289318303811;0.4978947368421053;0.5580462482302974;2365;1361;2385
223;schipperke;4750;;0.5738947368421052;0.5393747526711515;0.5738947368421052;0.5560995512035903;2726;2328;2024
872;tripod;4750;;0.46610526315789474;0.6888612321095209;0.46610526315789474;0.5560020090406831;2214;1000;2536
29;axolotl;4750;;0.6117894736842105;0.5094670406732118;0.6117894736842105;0.5559594413621581;2906;2798;1844
366;gorilla;4750;;0.5917894736842105;0.5239515377446412;0.5917894736842105;0.5558082056351953;2811;2554;1939
649;megalith;4750;;0.47368421052631576;0.6716417910447762;0.47368421052631576;0.5555555555555555;2250;1100;2500
104;wallaby;4750;;0.4633684210526316;0.6930100755667506;0.4633684210526316;0.5553873328286653;2201;975;2549
264;Cardigan;4750;;0.6138947368421053;0.5061621246311404;0.6138947368421053;0.5548473028256113;2916;2845;1834
295;American_black_bear;4750;;0.5873684210526315;0.5248306997742663;0.5873684210526315;0.5543413471090801;2790;2526;1960
337;beaver;4750;;0.5566315789473684;0.5503746877601998;0.5566315789473684;0.5534854511199497;2644;2160;2106
155;Shih-Tzu;4750;;0.5288421052631579;0.5801385681293303;0.5288421052631579;0.5533039647577093;2512;1818;2238
491;chain_saw;4750;;0.6035789473684211;0.5105966162065895;0.6035789473684211;0.5532079112397492;2867;2748;1883
172;whippet;4750;;0.4576842105263158;0.6990353697749196;0.4576842105263158;0.5531806615776083;2174;936;2576
629;lipstick;4750;;0.5385263157894736;0.5685707935096688;0.5385263157894736;0.5531408800951454;2558;1941;2192
593;harmonica;4750;;0.5216842105263158;0.5881794445763114;0.5216842105263158;0.55293986388486;2478;1735;2272
173;Ibizan_hound;4750;;0.5027368421052631;0.6130937098844673;0.5027368421052631;0.552458068247542;2388;1507;2362
249;malamute;4750;;0.4806315789473684;0.6483953422323203;0.4806315789473684;0.5520493289807763;2283;1238;2467
854;theater_curtain;4750;;0.6452631578947369;0.48199402421764426;0.6452631578947369;0.5518048429201549;3065;3294;1685
877;turnstile;4750;;0.48336842105263156;0.6418786692759295;0.48336842105263156;0.5514591089227814;2296;1281;2454
934;hotdog;4750;;0.512421052631579;0.5968612064737616;0.512421052631579;0.5514272768463978;2434;1644;2316
891;waffle_iron;4750;;0.516421052631579;0.5898052416446261;0.516421052631579;0.5506790885621282;2453;1706;2297
896;washbasin;4750;;0.48947368421052634;0.6261782924858605;0.48947368421052634;0.5494505494505495;2325;1388;2425
717;pickup;4750;;0.42526315789473684;0.7757296466973886;0.42526315789473684;0.5493608920315475;2020;584;2730
627;limousine;4750;;0.6153684210526316;0.495928062436376;0.6153684210526316;0.5492296129274709;2923;2971;1827
665;moped;4750;;0.4882105263157895;0.625910931174089;0.4882105263157895;0.5485511531638083;2319;1386;2431
428;barrow;4750;;0.43326315789473685;0.7472766884531591;0.43326315789473685;0.5485074626865672;2058;696;2692
171;Italian_greyhound;4750;;0.5132631578947369;0.5881785283474065;0.5132631578947369;0.5481731309724563;2438;1707;2312
283;Persian_cat;4750;;0.6313684210526316;0.4841000807102502;0.6313684210526316;0.5480127912288716;2999;3196;1751
870;tricycle;4750;;0.5454736842105263;0.5499893865421355;0.5454736842105263;0.5477222280942818;2591;2120;2159
635;magnetic_compass;4750;;0.6107368421052631;0.495727956254272;0.6107368421052631;0.5472552348613469;2901;2951;1849
713;photocopier;4750;;0.7029473684210527;0.4474072088972263;0.7029473684210527;0.5467943994104643;3339;4124;1411
120;fiddler_crab;4750;;0.5557894736842105;0.5372405372405372;0.5557894736842105;0.5463576158940397;2640;2274;2110
487;cellular_telephone;4750;;0.4831578947368421;0.6268779022125103;0.4831578947368421;0.545713946023065;2295;1366;2455
182;Border_terrier;4750;;0.5551578947368421;0.5364117168429617;0.5551578947368421;0.5456238361266293;2637;2279;2113
641;maraca;4750;;0.6168421052631579;0.48906693373393423;0.6168421052631579;0.5455730378921888;2930;3061;1820
303;long-horned_beetle;4750;;0.4924210526315789;0.6113434396236278;0.4924210526315789;0.5454757462686566;2339;1487;2411
256;Newfoundland;4750;;0.4709473684210526;0.647092855076656;0.4709473684210526;0.5451443889362738;2237;1220;2513
538;dome;4750;;0.448;0.6945169712793734;0.448;0.5446634246224725;2128;936;2622
269;timber_wolf;4750;;0.5136842105263157;0.5786103865307091;0.5136842105263157;0.54421768707483;2440;1777;2310
123;spiny_lobster;4750;;0.44084210526315787;0.7100712105798576;0.44084210526315787;0.5439667489284322;2094;855;2656
176;Saluki;4750;;0.5107368421052632;0.5817745803357314;0.5107368421052632;0.5439461883408071;2426;1744;2324
753;radiator;4750;;0.44905263157894737;0.688953488372093;0.44905263157894737;0.5437165434616364;2133;963;2617
583;guillotine;4750;;0.6644210526315789;0.4594555248216625;0.6644210526315789;0.5432481280660987;3156;3713;1594
397;puffer;4750;;0.4707368421052632;0.6399542072123641;0.4707368421052632;0.542455118874333;2236;1258;2514
118;Dungeness_crab;4750;;0.43494736842105264;0.7196098920236851;0.43494736842105264;0.5421860648208896;2066;805;2684
3;tiger_shark;4750;;0.5770526315789474;0.5110945366399403;0.5770526315789474;0.5420745575002471;2741;2622;2009
369;siamang;4750;;0.5206315789473684;0.5652571428571429;0.5206315789473684;0.5420273972602739;2473;1902;2277
319;dragonfly;4750;;0.4871578947368421;0.6103930361382222;0.4871578947368421;0.5418569254185693;2314;1477;2436
457;bow_tie;4750;;0.4652631578947368;0.6469555035128806;0.4652631578947368;0.541268674993877;2210;1206;2540
616;knot;4750;;0.535578947368421;0.5446371226718048;0.535578947368421;0.5400700562572975;2544;2127;2206
789;shoji;4750;;0.6138947368421053;0.48182419035029744;0.6138947368421053;0.5399000185150898;2916;3136;1834
47;African_chameleon;4750;;0.6391578947368421;0.467005076142132;0.6391578947368421;0.5396853613012177;3036;3465;1714
31;tree_frog;4750;;0.4263157894736842;0.7339615802827111;0.4263157894736842;0.5393527766679984;2025;734;2725
950;orange;4750;;0.43726315789473685;0.7033525228581105;0.43726315789473685;0.5392704141243672;2077;876;2673
580;greenhouse;4750;;0.4665263157894737;0.6376978417266187;0.4665263157894737;0.5388449848024315;2216;1259;2534
676;muzzle;4750;;0.4326315789473684;0.7140375260597637;0.4326315789473684;0.5388044048243315;2055;823;2695
343;warthog;4750;;0.6052631578947368;0.4851501856226797;0.6052631578947368;0.5385912326714125;2875;3051;1875
785;seat_belt;4750;;0.44821052631578945;0.6743744060817232;0.44821052631578945;0.5385101808524093;2129;1028;2621
80;black_grouse;4750;;0.8355789473684211;0.39705882352941174;0.8355789473684211;0.5383154753831547;3969;6027;781
150;sea_lion;4750;;0.4393684210526316;0.6947403462050599;0.4393684210526316;0.5383028114521536;2087;917;2663
165;black-and-tan_coonhound;4750;;0.47957894736842105;0.6110515021459227;0.47957894736842105;0.5373908940787921;2278;1450;2472
2;great_white_shark;4750;;0.500421052631579;0.5794734275962945;0.500421052631579;0.5370537731586084;2377;1725;2373
769;rule;4750;;0.5172631578947369;0.5571428571428572;0.5172631578947369;0.5364628820960698;2457;1953;2293
302;ground_beetle;4750;;0.5713684210526315;0.5029651593773166;0.5713684210526315;0.5349891582889809;2714;2682;2036
181;Bedlington_terrier;4750;;0.6547368421052632;0.451969190524633;0.6547368421052632;0.5347777491187344;3110;3771;1640
467;butcher_shop;4750;;0.4151578947368421;0.7483870967741936;0.4151578947368421;0.5340555179417739;1972;663;2778
4;hammerhead;4750;;0.580421052631579;0.4941745832586485;0.580421052631579;0.5338367702584955;2757;2822;1993
936;head_cabbage;4750;;0.6305263157894737;0.4609110495537088;0.6305263157894737;0.5325391180654339;2995;3503;1755
199;Scotch_terrier;4750;;0.5541052631578948;0.5119626531803151;0.5541052631578948;0.5322009907997169;2632;2509;2118
328;sea_urchin;4750;;0.5492631578947369;0.5140886699507389;0.5492631578947369;0.5310941475826972;2609;2466;2141
421;bannister;4750;;0.48210526315789476;0.5880842321520288;0.48210526315789476;0.5298472929199445;2290;1604;2460
690;oxcart;4750;;0.6058947368421053;0.47041516835567176;0.6058947368421053;0.5296282664703718;2878;3240;1872
759;reflex_camera;4750;;0.4374736842105263;0.670755326016785;0.4374736842105263;0.5295616717635065;2078;1020;2672
630;Loafer;4750;;0.5018947368421053;0.5604137282557593;0.5018947368421053;0.5295424255886274;2384;1870;2366
875;trombone;4750;;0.45094736842105265;0.6403587443946188;0.45094736842105265;0.5292155651636813;2142;1203;2608
394;sturgeon;4750;;0.4936842105263158;0.5697278911564626;0.4936842105263158;0.5289871418903677;2345;1771;2405
360;otter;4750;;0.4896842105263158;0.5747467259698542;0.4896842105263158;0.528816642037058;2326;1721;2424
296;ice_bear;4750;;0.5938947368421053;0.47523584905660377;0.5938947368421053;0.5279805352798053;2821;3115;1929
185;Norfolk_terrier;4750;;0.4433684210526316;0.6522143078352431;0.4433684210526316;0.5278856999624013;2106;1123;2644
971;bubble;4750;;0.4941052631578947;0.5658148505303761;0.4941052631578947;0.5275342773657001;2347;1801;2403
378;capuchin;4750;;0.5675789473684211;0.4926900584795322;0.5675789473684211;0.5274897280375661;2696;2776;2054
207;golden_retriever;4750;;0.5528421052631579;0.5038372985418266;0.5528421052631579;0.5272033728167035;2626;2586;2124
205;flat-coated_retriever;4750;;0.4983157894736842;0.5594422122429685;0.4983157894736842;0.5271127936755372;2367;1864;2383
186;Norwich_terrier;4750;;0.624;0.45614035087719296;0.624;0.527027027027027;2964;3534;1786
410;apiary;4750;;0.5181052631578947;0.5355821545157781;0.5181052631578947;0.5266987693953986;2461;2134;2289
514;cowboy_boot;4750;;0.46442105263157896;0.6073788546255506;0.46442105263157896;0.5263660224290146;2206;1426;2544
211;vizsla;4750;;0.4663157894736842;0.6033778262053936;0.4663157894736842;0.5260657879111745;2215;1456;2535
912;worm_fence;4750;;0.6088421052631579;0.4629422122618857;0.6088421052631579;0.5259616258979721;2892;3355;1858
590;hand-held_computer;4750;;0.4749473684210526;0.5862785862785863;0.4749473684210526;0.5247732030704815;2256;1592;2494
263;Pembroke;4750;;0.4391578947368421;0.6514678326046222;0.4391578947368421;0.5246478873239436;2086;1116;2664
666;mortar;4750;;0.5181052631578947;0.5313039723661486;0.5181052631578947;0.5246216158601579;2461;2171;2289
61;boa_constrictor;4750;;0.4244210526315789;0.6852481305234535;0.4244210526315789;0.5241809672386897;2016;926;2734
305;dung_beetle;4750;;0.5787368421052631;0.4782533054975644;0.5787368421052631;0.5237188035816346;2749;2999;2001
756;rain_barrel;4750;;0.4126315789473684;0.7158509861212564;0.4126315789473684;0.5235042735042735;1960;778;2790
483;castle;4750;;0.4941052631578947;0.5561611374407583;0.4941052631578947;0.5232998885172798;2347;1873;2403
752;racket;4750;;0.420421052631579;0.6905255878284924;0.420421052631579;0.5226380528657419;1997;895;2753
231;collie;4750;;0.4673684210526316;0.5924739791833467;0.4673684210526316;0.5225373661292221;2220;1527;2530
220;Sussex_spaniel;4750;;0.5477894736842105;0.4984674329501916;0.5477894736842105;0.5219658976930792;2602;2618;2148
175;otterhound;4750;;0.5425263157894736;0.5022412785032158;0.5425263157894736;0.5216071247849408;2577;2554;2173
768;rugby_ball;4750;;0.4665263157894737;0.5914064585001334;0.4665263157894737;0.5215958573614217;2216;1531;2534
814;speedboat;4750;;0.6863157894736842;0.42026556658501996;0.6863157894736842;0.5213080674822099;3260;4497;1490
206;curly-coated_retriever;4750;;0.5471578947368421;0.49675076452599387;0.5471578947368421;0.5207373271889401;2599;2633;2151
30;bullfrog;4750;;0.3848421052631579;0.8038698328935796;0.3848421052631579;0.520501138952164;1828;446;2922
537;dogsled;4750;;0.8202105263157895;0.3809896342655975;0.8202105263157895;0.5202991452991453;3896;6330;854
932;pretzel;4750;;0.47768421052631577;0.5703871292106586;0.47768421052631577;0.51993583868011;2269;1709;2481
23;vulture;4750;;0.584;0.4684228301249578;0.584;0.5198650674662669;2774;3148;1976
615;knee_pad;4750;;0.584;0.4673180592991914;0.584;0.5191839790379936;2774;3162;1976
168;redbone;4750;;0.5442105263157895;0.4961612284069098;0.5442105263157895;0.5190763052208834;2585;2625;2165
940;spaghetti_squash;4750;;0.5037894736842106;0.5343903528360875;0.5037894736842106;0.5186389250108366;2393;2085;2357
114;slug;4750;;0.3991578947368421;0.7383177570093458;0.3991578947368421;0.5181743645804865;1896;672;2854
517;crane;4750;;0.5282105263157895;0.5084093211752786;0.5282105263157895;0.5181208053691275;2509;2426;2241
342;wild_boar;4750;;0.5450526315789473;0.49342481417953116;0.5450526315789473;0.5179553866159848;2589;2658;2161
453;bookcase;4750;;0.48210526315789476;0.5593551538837322;0.48210526315789476;0.5178652193577565;2290;1804;2460
437;beacon;4750;;0.5467368421052632;0.4915767556312701;0.5467368421052632;0.5176916176617163;2597;2686;2153
765;rocking_chair;4750;;0.43305263157894736;0.6400124455507156;0.43305263157894736;0.5165745856353591;2057;1157;2693
192;cairn;4750;;0.4208421052631579;0.6681149732620321;0.4208421052631579;0.5164040299664169;1999;993;2751
468;cab;4750;;0.5305263157894737;0.5029940119760479;0.5305263157894737;0.5163934426229508;2520;2490;2230
237;miniature_pinscher;4750;;0.5233684210526316;0.5095306415249027;0.5233684210526316;0.5163568387163776;2486;2393;2264
922;menu;4750;;0.3776842105263158;0.8092016238159675;0.3776842105263158;0.514999282330989;1794;423;2956
855;thimble;4750;;0.5166315789473684;0.5124243057005637;0.5166315789473684;0.5145193416500681;2454;2335;2296
992;agaric;4750;;0.4711578947368421;0.565865992414665;0.4711578947368421;0.5141872487076393;2238;1717;2512
219;cocker_spaniel;4750;;0.4789473684210526;0.5542021924482339;0.4789473684210526;0.5138339920948617;2275;1830;2475
551;face_powder;4750;;0.5033684210526316;0.5237677984665936;0.5033684210526316;0.513365539452496;2391;2174;2359
377;marmoset;4750;;0.4888421052631579;0.5396235184754822;0.4888421052631579;0.512979122942671;2322;1981;2428
52;thunder_snake;4750;;0.4762105263157895;0.5552282768777614;0.4762105263157895;0.5126926563916592;2262;1812;2488
309;bee;4750;;0.5002105263157894;0.5249668581528943;0.5002105263157894;0.5122897800776196;2376;2150;2374
831;studio_couch;4750;;0.5370526315789473;0.48963531669865645;0.5370526315789473;0.5122489959839357;2551;2659;2199
903;wig;4750;;0.5256842105263158;0.4990007993605116;0.5256842105263158;0.5119950789419725;2497;2507;2253
867;trailer_truck;4750;;0.5374736842105263;0.48795871559633025;0.5374736842105263;0.5115207373271888;2553;2679;2197
808;sombrero;4750;;0.43242105263157893;0.6258379037172456;0.43242105263157893;0.5114541832669323;2054;1228;2696
158;toy_terrier;4750;;0.5214736842105263;0.5015185260174124;0.5214736842105263;0.5113014759005057;2477;2462;2273
76;tarantula;4750;;0.635578947368421;0.4272572884234362;0.635578947368421;0.5110020311442112;3019;4047;1731
311;grasshopper;4750;;0.43642105263157893;0.6134951168984907;0.43642105263157893;0.510025833435847;2073;1306;2677
889;violin;4750;;0.4130526315789474;0.6664402173913043;0.4130526315789474;0.5100077982843774;1962;982;2788
101;tusker;4750;;0.5833684210526315;0.4510825329643497;0.5833684210526315;0.5087670981364179;2771;3372;1979
208;Labrador_retriever;4750;;0.4848421052631579;0.534835113794705;0.4848421052631579;0.508613074204947;2303;2003;2447
520;crib;4750;;0.40378947368421053;0.6867167919799498;0.40378947368421053;0.5085509744133634;1918;875;2832
179;Staffordshire_bullterrier;4750;;0.44084210526315787;0.598114824335904;0.44084210526315787;0.5075748394134044;2094;1407;2656
149;dugong;4750;;0.6568421052631579;0.4134640869334747;0.6568421052631579;0.5074821080026025;3120;4426;1630
989;hip;4750;;0.6890526315789474;0.4013980868285504;0.6890526315789474;0.5072845629262245;3273;4881;1477
849;teapot;4750;;0.38821052631578945;0.7305863708399366;0.38821052631578945;0.5070112730272202;1844;680;2906
484;catamaran;4750;;0.39473684210526316;0.7083490744238761;0.39473684210526316;0.5069622820062186;1875;772;2875
332;Angora;4750;;0.6772631578947368;0.40470499433891055;0.6772631578947368;0.5066540672493898;3217;4732;1533
546;electric_guitar;4750;;0.4671578947368421;0.5510305438291532;0.4671578947368421;0.5056397402301469;2219;1808;2531
806;sock;4750;;0.3863157894736842;0.725870253164557;0.3863157894736842;0.5042594119263535;1835;693;2915
846;table_lamp;4750;;0.5223157894736842;0.4873305833824396;0.5223157894736842;0.5042170511126918;2481;2610;2269
440;beer_bottle;4750;;0.508421052631579;0.49917321207110377;0.508421052631579;0.5037546933667084;2415;2423;2335
791;shopping_cart;4750;;0.43705263157894736;0.5938215102974829;0.43705263157894736;0.5035168566577736;2076;1420;2674
550;espresso_maker;4750;;0.4442105263157895;0.5796703296703297;0.4442105263157895;0.5029797377830751;2110;1530;2640
738;pot;4750;;0.6122105263157894;0.4247735904177622;0.6122105263157894;0.5015522593997931;2908;3938;1842
532;dining_table;4750;;0.46757894736842104;0.5405208079824775;0.46757894736842104;0.5014109944689016;2221;1888;2529
403;aircraft_carrier;4750;;0.5774736842105264;0.44142259414225943;0.5774736842105264;0.5003648303538855;2743;3471;2007
373;macaque;4750;;0.4568421052631579;0.5527254202750892;0.4568421052631579;0.5002305209774089;2170;1756;2580
589;hand_blower;4750;;0.41578947368421054;0.6273824650571792;0.41578947368421054;0.5001266143327425;1975;1173;2775
730;plow;4750;;0.43115789473684213;0.5948300900377578;0.43115789473684213;0.4999389722934213;2048;1395;2702
544;Dutch_oven;4750;;0.4143157894736842;0.6281519310564954;0.4143157894736842;0.4993022960801725;1968;1165;2782
572;goblet;4750;;0.4185263157894737;0.6185438705662726;0.4185263157894737;0.4992466097438473;1988;1226;2762
552;feather_boa;4750;;0.4747368421052632;0.5253960857409133;0.4747368421052632;0.4987834549878345;2255;2037;2495
427;barrel;4750;;0.45094736842105265;0.5572320499479708;0.45094736842105265;0.4984873167326041;2142;1702;2608
405;airship;4750;;0.5132631578947369;0.48382615598333;0.5132631578947369;0.49811012360813156;2438;2601;2312
267;standard_poodle;4750;;0.5330526315789473;0.46741738969909546;0.5330526315789473;0.49808203009737384;2532;2885;2218
902;whistle;4750;;0.5524210526315789;0.4527260179434092;0.5524210526315789;0.49762943296036416;2624;3172;2126
455;bottlecap;4750;;0.4896842105263158;0.5056521739130435;0.4896842105263158;0.4975401069518717;2326;2274;2424
703;park_bench;4750;;0.43894736842105264;0.5717027693995065;0.43894736842105264;0.496605930689532;2085;1562;2665
257;Great_Pyrenees;4750;;0.4341052631578947;0.5795390668915121;0.4341052631578947;0.49638902262879153;2062;1496;2688
683;oboe;4750;;0.46210526315789474;0.5340632603406326;0.46210526315789474;0.4954853273137697;2195;1915;2555
40;American_chameleon;4750;;0.44673684210526315;0.5537578288100209;0.44673684210526315;0.49452342111395947;2122;1710;2628
826;stopwatch;4750;;0.40842105263157896;0.6262104583602324;0.40842105263157896;0.4943934760448522;1940;1158;2810
997;bolete;4750;;0.3875789473684211;0.6823573017049667;0.3875789473684211;0.49436090225563917;1841;857;2909
38;banded_gecko;4750;;0.612;0.41404358353510895;0.612;0.49392574972389774;2907;4114;1843
745;projector;4750;;0.4397894736842105;0.5623149394347241;0.4397894736842105;0.49356172474896626;2089;1626;2661
441;beer_glass;4750;;0.46442105263157896;0.5263660224290145;0.46442105263157896;0.4934571077060731;2206;1985;2544
929;ice_lolly;4750;;0.3797894736842105;0.7041373926619828;0.3797894736842105;0.49343544857768046;1804;758;2946
720;pill_bottle;4750;;0.5277894736842105;0.4628877400295421;0.5277894736842105;0.49321266968325794;2507;2909;2243
153;Maltese_dog;4750;;0.5048421052631579;0.4816228158264712;0.5048421052631579;0.49295919416178435;2398;2581;2352
227;kelpie;4750;;0.4631578947368421;0.5248091603053435;0.4631578947368421;0.4920599418474614;2200;1992;2550
159;Rhodesian_ridgeback;4750;;0.4442105263157895;0.5497655028660761;0.4442105263157895;0.4913833255705636;2110;1728;2640
400;academic_gown;4750;;0.5143157894736842;0.47035040431266845;0.5143157894736842;0.4913515687851971;2443;2751;2307
939;zucchini;4750;;0.39789473684210525;0.641983695652174;0.39789473684210525;0.4912919157785287;1890;1054;2860
943;cucumber;4750;;0.4094736842105263;0.6133711762850835;0.4094736842105263;0.49109960863527324;1945;1226;2805
776;sax;4750;;0.4943157894736842;0.4872380161859307;0.4943157894736842;0.49075138467969487;2348;2471;2402
162;beagle;4750;;0.5517894736842105;0.44169194472531176;0.5517894736842105;0.49064020965930366;2621;3313;2129
647;measuring_cup;4750;;0.4633684210526316;0.5194713240500354;0.4633684210526316;0.48981862690553024;2201;2036;2549
859;toaster;4750;;0.3814736842105263;0.6835156544700113;0.3814736842105263;0.4896635589785164;1812;839;2938
931;bagel;4750;;0.3547368421052632;0.7873831775700935;0.3547368421052632;0.48911465892597966;1685;455;3065
653;milk_can;4750;;0.5128421052631579;0.4671140939597315;0.5128421052631579;0.4889111891620673;2436;2779;2314
399;abaya;4750;;0.547578947368421;0.4383954154727794;0.547578947368421;0.4869418702611626;2601;3332;2149
409;analog_clock;4750;;0.45557894736842103;0.5227053140096618;0.45557894736842103;0.48683914510686155;2164;1976;2586
212;English_setter;4750;;0.4974736842105263;0.4759315206445116;0.4974736842105263;0.4864642305712815;2363;2602;2387
530;digital_clock;4750;;0.4477894736842105;0.5322822822822822;0.4477894736842105;0.4863937800137206;2127;1869;2623
825;stone_wall;4750;;0.3917894736842105;0.6406196213425129;0.3917894736842105;0.4862181580666231;1861;1044;2889
442;bell_cote;4750;;0.5313684210526316;0.44775589852758557;0.5313684210526316;0.48599210551651106;2524;3113;2226
473;can_opener;4750;;0.41410526315789475;0.5875149342891278;0.41410526315789475;0.48579896270684114;1967;1381;2783
196;miniature_schnauzer;4750;;0.38084210526315787;0.6697519437245465;0.38084210526315787;0.48557240638840427;1809;892;2941
698;palace;4750;;0.5370526315789473;0.44173160173160175;0.5370526315789473;0.484750593824228;2551;3224;2199
449;boathouse;4750;;0.42778947368421055;0.5582417582417583;0.42778947368421055;0.4843861740166866;2032;1608;2718
371;patas;4750;;0.49494736842105264;0.47322866344605474;0.49494736842105264;0.48384441243054127;2351;2617;2399
857;throne;4750;;0.49473684210526314;0.469061876247505;0.49473684210526314;0.4815573770491804;2350;2660;2400
773;saltshaker;4750;;0.3776842105263158;0.6634615384615384;0.3776842105263158;0.4813522940702979;1794;910;2956
864;tow_truck;4750;;0.47010526315789475;0.49239250275633956;0.47010526315789475;0.48099084544964993;2233;2302;2517
64;green_mamba;4750;;0.5705263157894737;0.41355104532275294;0.5705263157894737;0.4795187118464124;2710;3843;2040
209;Chesapeake_Bay_retriever;4750;;0.4414736842105263;0.5243810952738185;0.4414736842105263;0.479369070750943;2097;1902;2653
617;lab_coat;4750;;0.508421052631579;0.4528408025501594;0.508421052631579;0.4790240999702469;2415;2918;2335
65;sea_snake;4750;;0.5303157894736842;0.4361904761904762;0.5303157894736842;0.4786698337292162;2519;3256;2231
702;parallel_bars;4750;;0.4976842105263158;0.460639127045986;0.4976842105263158;0.4784456587735276;2364;2768;2386
506;coil;4750;;0.4978947368421053;0.45913414870898855;0.4978947368421053;0.47772952227047777;2365;2786;2385
658;mitten;4750;;0.41578947368421054;0.5593316340979892;0.41578947368421054;0.47699553194058697;1975;1556;2775
335;fox_squirrel;4750;;0.6134736842105263;0.38998929336188437;0.6134736842105263;0.47684503354606445;2914;4558;1836
966;red_wine;4750;;0.4705263157894737;0.4826171453249838;0.4705263157894737;0.4764950431723697;2235;2396;2515
729;plate_rack;4750;;0.42126315789473684;0.5479189485213581;0.42126315789473684;0.47631516305641514;2001;1651;2749
678;neck_brace;4750;;0.49642105263157893;0.4564459930313589;0.49642105263157893;0.4755949979830577;2358;2808;2392
166;Walker_hound;4750;;0.4303157894736842;0.52994555353902;0.4303157894736842;0.474962240037179;2044;1813;2706
880;unicycle;4750;;0.5193684210526316;0.43509700176366845;0.5193684210526316;0.47351247600767754;2467;3203;2283
503;cocktail_shaker;4750;;0.504;0.44589308996088656;0.504;0.47316928550252;2394;2975;2356
723;pinwheel;4750;;0.636;0.37640169449289806;0.636;0.47291797119599255;3021;5005;1729
151;Chihuahua;4750;;0.4343157894736842;0.5188631790744467;0.4343157894736842;0.4728397891359157;2063;1913;2687
820;steam_locomotive;4750;;0.6802105263157895;0.3622603430877901;0.6802105263157895;0.4727485551247348;3231;5688;1519
693;paddle;4750;;0.4305263157894737;0.5238217213114754;0.4305263157894737;0.472613820198752;2045;1859;2705
979;valley;4750;;0.5010526315789474;0.44611059044048734;0.5010526315789474;0.47198810114030737;2380;2955;2370
686;oil_filter;4750;;0.4421052631578947;0.5061460592913956;0.4421052631578947;0.4719631419260591;2100;2049;2650
277;red_fox;4750;;0.5082105263157894;0.4389090909090909;0.5082105263157894;0.4710243902439024;2414;3086;2336
858;tile_roof;4750;;0.35410526315789476;0.6993762993762994;0.35410526315789476;0.4701607267645004;1682;723;3068
924;guacamole;4750;;0.3427368421052632;0.7427007299270073;0.3427368421052632;0.46902909824258143;1628;564;3122
406;altar;4750;;0.4688421052631579;0.46894082964834705;0.4688421052631579;0.46889146225918515;2227;2522;2523
402;acoustic_guitar;4750;;0.38821052631578945;0.5904578930515529;0.38821052631578945;0.46843642829925053;1844;1279;2906
436;beach_wagon;4750;;0.3993684210526316;0.564919594997022;0.3993684210526316;0.46793290577207697;1897;1461;2853
204;Lhasa;4750;;0.3686315789473684;0.640219378427788;0.3686315789473684;0.4678690714762859;1751;984;2999
660;mobile_home;4750;;0.45621052631578946;0.48006202924235714;0.45621052631578946;0.46783246977547494;2167;2347;2583
271;red_wolf;4750;;0.44084210526315787;0.4982155603140614;0.44084210526315787;0.46777616441416286;2094;2109;2656
778;scale;4750;;0.3410526315789474;0.7441433164905834;0.3410526315789474;0.46773495019488964;1620;557;3130
408;amphibian;4750;;0.47557894736842105;0.460081466395112;0.47557894736842105;0.4677018633540373;2259;2651;2491
850;teddy;4750;;0.45642105263157895;0.4792219274977896;0.45642105263157895;0.4675436704766013;2168;2356;2582
33;loggerhead;4750;;0.4789473684210526;0.45600320705552216;0.4789473684210526;0.4671937570592464;2275;2714;2475
823;stethoscope;4750;;0.3993684210526316;0.5584339122755373;0.3993684210526316;0.4656928930894808;1897;1500;2853
882;vacuum;4750;;0.35747368421052633;0.6664050235478807;0.35747368421052633;0.4653329679364209;1698;850;3052
866;tractor;4750;;0.412;0.5338243316966721;0.412;0.4650665399239543;1957;1709;2793
79;centipede;4750;;0.5218947368421053;0.41797336031023435;0.5218947368421053;0.46418874637206253;2479;3452;2271
577;gong;4750;;0.655157894736842;0.35893886966551325;0.655157894736842;0.4637853949329359;3112;5558;1638
280;grey_fox;4750;;0.5703157894736842;0.3896720368239356;0.5703157894736842;0.4629977781575799;2709;4243;2041
250;Siberian_husky;4750;;0.4871578947368421;0.4409298780487805;0.4871578947368421;0.46289257851570315;2314;2934;2436
839;suspension_bridge;4750;;0.3330526315789474;0.7573001436093825;0.3330526315789474;0.4626407369498466;1582;507;3168
230;Shetland_sheepdog;4750;;0.41010526315789475;0.5284861638632664;0.41010526315789475;0.4618302513039355;1948;1738;2802
357;mink;4750;;0.4938947368421053;0.4335612640916651;0.4938947368421053;0.4617655742545025;2346;3065;2404
568;fur_coat;4750;;0.49347368421052634;0.42993396918561994;0.49347368421052634;0.4595177416192903;2344;3108;2406
817;sports_car;4750;;0.4328421052631579;0.4895238095238095;0.4328421052631579;0.45944134078212295;2056;2144;2694
790;shopping_basket;4750;;0.4397894736842105;0.48089318600368325;0.4397894736842105;0.4594237959093908;2089;2255;2661
964;potpie;4750;;0.4922105263157895;0.42993747701360796;0.4922105263157895;0.45897133882999613;2338;3100;2412
761;remote_control;4750;;0.49536842105263157;0.4272743780642818;0.49536842105263157;0.458808618504436;2353;3154;2397
737;pop_bottle;4750;;0.3543157894736842;0.6495561559243536;0.3543157894736842;0.45852063751532485;1683;908;3067
586;half_track;4750;;0.620421052631579;0.3631099063578117;0.620421052631579;0.4581066376496191;2947;5169;1803
443;bib;4750;;0.3816842105263158;0.5715636822194199;0.3816842105263158;0.4577126988134309;1813;1359;2937
835;sundial;4750;;0.3894736842105263;0.5525686977299881;0.3894736842105263;0.45690293899728324;1850;1498;2900
636;mailbag;4750;;0.45094736842105265;0.46263498920086393;0.45094736842105265;0.4567164179104477;2142;2488;2608
201;silky_terrier;4750;;0.3317894736842105;0.731322505800464;0.3317894736842105;0.45648081100651705;1576;579;3174
772;safety_pin;4750;;0.40842105263157896;0.5167820990942994;0.40842105263157896;0.45625587958607716;1940;1814;2810
202;soft-coated_wheaten_terrier;4750;;0.4183157894736842;0.5010085728693898;0.4183157894736842;0.4559430931620009;1987;1979;2763
711;perfume;4750;;0.36926315789473685;0.5951815405497116;0.36926315789473685;0.4557619851890347;1754;1193;2996
298;mongoose;4750;;0.42947368421052634;0.48226950354609927;0.42947368421052634;0.4543429844097996;2040;2190;2710
777;scabbard;4750;;0.47389473684210526;0.43615578376283665;0.47389473684210526;0.45424276056906465;2251;2910;2499
679;necklace;4750;;0.4010526315789474;0.5227771679473107;0.4010526315789474;0.45389563974267333;1905;1739;2845
313;walking_stick;4750;;0.3776842105263158;0.567541917114837;0.3776842105263158;0.45354569586651494;1794;1367;2956
581;grille;4750;;0.3191578947368421;0.7830578512396694;0.3191578947368421;0.4534848938079569;1516;420;3234
531;digital_watch;4750;;0.38694736842105265;0.5475126601131963;0.38694736842105265;0.4534353028247194;1838;1519;2912
226;briard;4750;;0.4149473684210526;0.4997464503042596;0.4149473684210526;0.453416149068323;1971;1973;2779
774;sandal;4750;;0.3833684210526316;0.5538321167883211;0.3833684210526316;0.4530977855187857;1821;1467;2929
892;wall_clock;4750;;0.428;0.47891637220259126;0.428;0.45202890494719283;2033;2212;2717
380;titi;4750;;0.5094736842105263;0.4055639349756997;0.5094736842105263;0.4516189232061211;2420;3547;2330
108;sea_anemone;4750;;0.45242105263157895;0.4499581239530988;0.45242105263157895;0.4511862271677514;2149;2627;2601
329;sea_cucumber;4750;;0.4113684210526316;0.49619095987811074;0.4113684210526316;0.44981583793738494;1954;1984;2796
422;barbell;4750;;0.36905263157894735;0.5747540983606557;0.36905263157894735;0.4494871794871794;1753;1297;2997
314;cockroach;4750;;0.41368421052631577;0.49161871403552665;0.41368421052631577;0.44929690179490106;1965;2032;2785
44;alligator_lizard;4750;;0.33221052631578946;0.6927129060579456;0.33221052631578946;0.4490608992601024;1578;700;3172
502;clog;4750;;0.4071578947368421;0.4997416020671835;0.4071578947368421;0.448723897911833;1934;1936;2816
50;American_alligator;4750;;0.3547368421052632;0.608742774566474;0.3547368421052632;0.44825751529662144;1685;1083;3065
452;bonnet;4750;;0.3791578947368421;0.5446023586332023;0.3791578947368421;0.44706466426709685;1801;1506;2949
413;assault_rifle;4750;;0.5027368421052631;0.40235888795282226;0.5027368421052631;0.44698175011698643;2388;3547;2362
69;trilobite;4750;;0.6532631578947369;0.3396825396825397;0.6532631578947369;0.44695714800144043;3103;6032;1647
49;African_crocodile;4750;;0.3511578947368421;0.6139124033860875;0.3511578947368421;0.44676576938529533;1668;1049;3082
180;American_Staffordshire_terrier;4750;;0.37726315789473686;0.5456760048721072;0.37726315789473686;0.4461040577545432;1792;1492;2958
191;Airedale;4750;;0.5503157894736842;0.3742840778923253;0.5503157894736842;0.44554286688256345;2614;4370;2136
315;mantis;4750;;0.37157894736842106;0.554160125588697;0.37157894736842106;0.4448645242596093;1765;1420;2985
474;cardigan;4750;;0.34968421052631576;0.6106617647058824;0.34968421052631576;0.44471218206157964;1661;1059;3089
222;kuvasz;4750;;0.5166315789473684;0.38946199016029204;0.5166315789473684;0.44412270382770797;2454;3847;2296
667;mortarboard;4750;;0.41157894736842104;0.4805801376597837;0.41157894736842104;0.44341120435472897;1955;2113;2795
508;computer_keyboard;4750;;0.3833684210526316;0.5253894979803808;0.3833684210526316;0.4432814021421616;1821;1645;2929
431;bassinet;4750;;0.4126315789473684;0.4787493893502687;0.4126315789473684;0.44323835368611486;1960;2134;2790
107;jellyfish;4750;;0.7;0.32401091405184174;0.7;0.4429789501731948;3325;6937;1425
749;quill;4750;;0.47978947368421054;0.41129759971124347;0.47978947368421054;0.44291128170245847;2279;3262;2471
386;African_elephant;4750;;0.35368421052631577;0.5915492957746479;0.35368421052631577;0.4426877470355731;1680;1160;3070
281;tabby;4750;;0.5197894736842106;0.38548009367681496;0.5197894736842106;0.442671447781264;2469;3936;2281
184;Irish_terrier;4750;;0.40757894736842104;0.484;0.40757894736842104;0.4425142857142857;1936;2064;2814
456;bow;4750;;0.5176842105263157;0.386331500392773;0.5176842105263157;0.44246513720197933;2459;3906;2291
760;refrigerator;4750;;0.39242105263157895;0.505971769815418;0.39242105263157895;0.44202039364477114;1864;1820;2886
459;brassiere;4750;;0.428;0.4564436461607544;0.428;0.4417644502390265;2033;2421;2717
565;freight_car;4750;;0.7682105263157895;0.3096308867204073;0.7682105263157895;0.4413667977018446;3649;8136;1101
433;bathing_cap;4750;;0.4286315789473684;0.4536541889483066;0.4286315789473684;0.44078804936133364;2036;2452;2714
62;rock_python;4750;;0.39557894736842103;0.4969584765934938;0.39557894736842103;0.4405110772476849;1879;1902;2871
674;mousetrap;4750;;0.6094736842105263;0.34484812388326386;0.6094736842105263;0.44047166222898443;2895;5500;1855
515;cowboy_hat;4750;;0.3543157894736842;0.5813471502590674;0.3543157894736842;0.4402877697841726;1683;1212;3067
596;hatchet;4750;;0.34210526315789475;0.6136706948640483;0.34210526315789475;0.43930792105974587;1625;1023;3125
187;Yorkshire_terrier;4750;;0.3970526315789474;0.491401771756123;0.3970526315789474;0.4392175128085702;1886;1952;2864
310;ant;4750;;0.5492631578947369;0.3655085458111516;0.5492631578947369;0.4389300134589502;2609;4529;2141
304;leaf_beetle;4750;;0.3494736842105263;0.5882352941176471;0.3494736842105263;0.43845747490755416;1660;1162;3090
197;giant_schnauzer;4750;;0.3863157894736842;0.5067660867163767;0.3863157894736842;0.43841834906223864;1835;1786;2915
644;matchstick;4750;;0.4288421052631579;0.44838212634822805;0.4288421052631579;0.4383944904767029;2037;2506;2713
701;parachute;4750;;0.812;0.3001322854252587;0.812;0.43827055280949945;3857;8994;893
21;kite;4750;;0.6654736842105263;0.32671834625323;0.6654736842105263;0.43826689774696703;3161;6514;1589
492;chest;4750;;0.35978947368421055;0.5575856443719412;0.35978947368421055;0.43736404350607805;1709;1356;3041
597;holster;4750;;0.4111578947368421;0.46588740458015265;0.4111578947368421;0.43681503019458734;1953;2239;2797
498;cinema;4750;;0.37305263157894736;0.5262845262845263;0.37305263157894736;0.43661451275101637;1772;1595;2978
810;space_bar;4750;;0.524;0.3737237237237237;0.524;0.43628396143733567;2489;4171;2261
233;Bouvier_des_Flandres;4750;;0.5549473684210526;0.35800624745348364;0.5549473684210526;0.4352348716255263;2636;4727;2114
965;burrito;4750;;0.3256842105263158;0.6538461538461539;0.3256842105263158;0.43479482855536816;1547;819;3203
418;ballpoint;4750;;0.4111578947368421;0.46115702479338844;0.4111578947368421;0.43472454090150253;1953;2282;2797
962;meat_loaf;4750;;0.37242105263157893;0.5181605155243116;0.37242105263157893;0.4333659970602645;1769;1645;2981
477;carpenter's_kit;4750;;0.46231578947368424;0.40772372818418123;0.46231578947368424;0.43330702446724545;2196;3190;2554
54;hognose_snake;4750;;0.3195789473684211;0.6719787516600265;0.3195789473684211;0.43315736909687547;1518;741;3232
595;harvester;4750;;0.41178947368421054;0.45541327124563447;0.41178947368421054;0.4325041459369818;1956;2339;2794
926;hot_pot;4750;;0.4905263157894737;0.3865936618549859;0.4905263157894737;0.4324023383130742;2330;3697;2420
462;broom;4750;;0.4244210526315789;0.4397905759162304;0.4244210526315789;0.4319691450610671;2016;2568;2734
861;toilet_seat;4750;;0.47789473684210526;0.3919875669141772;0.47789473684210526;0.4306991746513614;2270;3521;2480
884;vault;4750;;0.5090526315789474;0.37234370187865723;0.5090526315789474;0.4300960512273212;2418;4076;2332
869;trench_coat;4750;;0.3254736842105263;0.6284552845528455;0.3254736842105263;0.42884882108183076;1546;914;3204
680;nipple;4750;;0.5303157894736842;0.35995998856816236;0.5303157894736842;0.4288389513108614;2519;4479;2231
200;Tibetan_terrier;4750;;0.33031578947368423;0.6039260969976905;0.33031578947368423;0.4270549809471965;1569;1029;3181
735;poncho;4750;;0.5109473684210526;0.36672710788757934;0.5109473684210526;0.4269880365939479;2427;4191;2323
447;binoculars;4750;;0.404;0.4514231945424606;0.404;0.42639706699255636;1919;2332;2831
879;umbrella;4750;;0.3701052631578947;0.4998578333807222;0.3701052631578947;0.42530543123261155;1758;1759;2992
894;wardrobe;4750;;0.3970526315789474;0.45654805131929316;0.3970526315789474;0.4247269451638329;1886;2245;2864
481;cassette;4750;;0.3888421052631579;0.46759493670886076;0.3888421052631579;0.42459770114942524;1847;2103;2903
193;Australian_terrier;4750;;0.38821052631578945;0.46565656565656566;0.38821052631578945;0.4234213547646383;1844;2116;2906
112;conch;4750;;0.3705263157894737;0.4917574741547918;0.3705263157894737;0.42261976227638376;1760;1819;2990
374;langur;4750;;0.44;0.4061406917994559;0.44;0.4223928860145514;2090;3056;2660
913;wreck;4750;;0.4688421052631579;0.3842305037957212;0.4688421052631579;0.4223402237815285;2227;3569;2523
59;vine_snake;4750;;0.5037894736842106;0.36252083017724585;0.5037894736842106;0.4216368601885297;2393;4208;2357
390;eel;4750;;0.3410526315789474;0.5512078938414426;0.3410526315789474;0.42138119391338275;1620;1319;3130
741;prayer_rug;4750;;0.5717894736842105;0.3325171400587659;0.5717894736842105;0.4204985291840842;2716;5452;2034
126;isopod;4750;;0.5174736842105263;0.3510927010427082;0.5174736842105263;0.4183473746915156;2458;4543;2292
35;mud_turtle;4750;;0.39073684210526316;0.44874274661508706;0.39073684210526316;0.4177357641233401;1856;2280;2894
505;coffeepot;4750;;0.4366315789473684;0.39907639022512986;0.4366315789473684;0.41701015381522066;2074;3123;2676
534;dishwasher;4750;;0.32526315789473687;0.5790854572713643;0.32526315789473687;0.416554327311944;1545;1123;3205
106;wombat;4750;;0.4463157894736842;0.38877682009902803;0.4463157894736842;0.41556404978927763;2120;3333;2630
395;gar;4750;;0.5031578947368421;0.35381199111769057;0.5031578947368421;0.4154715341156019;2390;4365;2360
416;balance_beam;4750;;0.5905263157894737;0.31991332116788324;0.5905263157894737;0.4150022192632047;2805;5963;1945
278;kit_fox;4750;;0.31873684210526315;0.5872769588828549;0.31873684210526315;0.41320960698689957;1514;1064;3236
811;space_heater;4750;;0.3391578947368421;0.528023598820059;0.3391578947368421;0.4130239712857326;1611;1440;3139
758;reel;4750;;0.3202105263157895;0.5794285714285714;0.3202105263157895;0.41247457627118644;1521;1104;3229
385;Indian_elephant;4750;;0.3349473684210526;0.5356902356902357;0.3349473684210526;0.41217616580310884;1591;1379;3159
708;pedestal;4750;;0.3522105263157895;0.49673396674584325;0.3522105263157895;0.41217048534121703;1673;1695;3077
731;plunger;4750;;0.3368421052631579;0.5301524188204109;0.3368421052631579;0.4119464469618949;1600;1418;3150
115;sea_slug;4750;;0.44673684210526315;0.3817920115149334;0.44673684210526315;0.4117190531625921;2122;3436;2628
878;typewriter_keyboard;4750;;0.327578947368421;0.5511866808359901;0.327578947368421;0.4109335798230555;1556;1267;3194
463;bucket;4750;;0.3486315789473684;0.5003021148036254;0.3486315789473684;0.4109181141439206;1656;1654;3094
662;modem;4750;;0.3568421052631579;0.48414738646101113;0.3568421052631579;0.41085928978305664;1695;1806;3055
246;Great_Dane;4750;;0.38421052631578945;0.43997107039537126;0.38421052631578945;0.4102045403461452;1825;2323;2925
513;cornet;4750;;0.3406315789473684;0.5146310432569975;0.3406315789473684;0.4099315936154041;1618;1526;3132
705;passenger_car;4750;;0.356;0.48053424268258027;0.356;0.40899746039424356;1691;1828;3059
976;promontory;4750;;0.3349473684210526;0.525082508250825;0.3349473684210526;0.40899742930591254;1591;1439;3159
977;sandbar;4750;;0.33157894736842103;0.5326344267839026;0.33157894736842103;0.4087193460490463;1575;1382;3175
384;indri;4750;;0.7393684210526316;0.28215634289387;0.7393684210526316;0.40844333313950104;3512;8935;1238
998;ear;4750;;0.4301052631578947;0.38796050132928217;0.4301052631578947;0.40794728434504784;2043;3223;2707
602;horizontal_bar;4750;;0.4608421052631579;0.3654424040066778;0.4608421052631579;0.407635009310987;2189;3801;2561
656;minivan;4750;;0.3096842105263158;0.5936238902340597;0.3096842105263158;0.4070282235749862;1471;1007;3279
803;snowplow;4750;;0.7381052631578947;0.28059223689475793;0.7381052631578947;0.406610611771528;3506;8989;1244
78;tick;4750;;0.6835789473684211;0.28905902252292354;0.6835789473684211;0.4063067008696741;3247;7986;1503
419;Band_Aid;4750;;0.4126315789473684;0.3993480032599837;0.4126315789473684;0.4058811348105198;1960;2948;2790
624;library;4750;;0.41936842105263156;0.3920488092895099;0.41936842105263156;0.40524870308208727;1992;3089;2758
632;loudspeaker;4750;;0.39789473684210525;0.41284403669724773;0.39789473684210525;0.40523156089193824;1890;2688;2860
930;French_loaf;4750;;0.3873684210526316;0.42328042328042326;0.3873684210526316;0.4045289655930527;1840;2507;2910
480;cash_machine;4750;;0.46042105263157895;0.35964479526393683;0.46042105263157895;0.40384082725510106;2187;3894;2563
631;lotion;4750;;0.35642105263157897;0.46370857299370033;0.35642105263157897;0.40304725627901444;1693;1958;3057
842;swimming_trunks;4750;;0.44;0.37155555555555553;0.44;0.4028915662650602;2090;3535;2660
795;ski;4750;;0.5345263157894737;0.32274056184059996;0.5345263157894737;0.40247285408575734;2539;5328;2211
845;syringe;4750;;0.3408421052631579;0.4882388419782871;0.3408421052631579;0.40143813538308953;1619;1697;3131
489;chainlink_fence;4750;;0.3490526315789474;0.47075525269733104;0.3490526315789474;0.40087040618955516;1658;1864;3092
700;paper_towel;4750;;0.32821052631578945;0.5126603091088457;0.32821052631578945;0.4002053651649338;1559;1482;3191
598;home_theater;4750;;0.3103157894736842;0.5625954198473282;0.3103157894736842;0.4;1474;1146;3276
643;mask;4750;;0.3837894736842105;0.41706703271562573;0.3837894736842105;0.3997368709571319;1823;2548;2927
967;espresso;4750;;0.2766315789473684;0.7188183807439825;0.2766315789473684;0.3995135299483126;1314;514;3436
721;pillow;4750;;0.26842105263157895;0.7788637751985339;0.26842105263157895;0.3992484734617191;1275;362;3475
651;microwave;4750;;0.3328421052631579;0.4985808893093661;0.3328421052631579;0.3991920212094432;1581;1590;3169
739;potter's_wheel;4750;;0.7086315789473684;0.27776860868130054;0.7086315789473684;0.3990988854635997;3366;8752;1384
828;strainer;4750;;0.304;0.5796868727418707;0.304;0.39883993923491223;1444;1047;3306
935;mashed_potato;4750;;0.2911578947368421;0.6294947655894402;0.2911578947368421;0.39815747804807833;1383;814;3367
189;Lakeland_terrier;4750;;0.47768421052631577;0.34002697437434437;0.47768421052631577;0.39726866847588194;2269;4404;2481
851;television;4750;;0.4376842105263158;0.36181691611555866;0.4376842105263158;0.3961509146341463;2079;3667;2671
361;skunk;4750;;0.7587368421052632;0.26781600653934756;0.7587368421052632;0.39589169000933705;3604;9853;1146
272;coyote;4750;;0.46021052631578946;0.346984126984127;0.46021052631578946;0.39565610859728506;2186;4114;2564
556;fire_screen;4750;;0.4303157894736842;0.36506519021253797;0.4303157894736842;0.3950140110155571;2044;3555;2706
543;dumbbell;4750;;0.3783157894736842;0.41291360294117646;0.3783157894736842;0.3948582729070534;1797;2555;2953
648;medicine_chest;4750;;0.35810526315789476;0.43998965338851526;0.35810526315789476;0.39484679665738165;1701;2165;3049
847;tank;4750;;0.5675789473684211;0.30156599552572705;0.5675789473684211;0.39386413440467494;2696;6244;2054
170;Irish_wolfhound;4750;;0.3376842105263158;0.4719035010297146;0.3376842105263158;0.39366793471591605;1604;1795;3146
856;thresher;4750;;0.5183157894736842;0.3172680412371134;0.5183157894736842;0.39360511590727415;2462;5298;2288
5;electric_ray;4750;;0.5873684210526315;0.2958328915279398;0.5873684210526315;0.3934842394753543;2790;6641;1960
788;shoe_shop;4750;;0.3648421052631579;0.4255893909626719;0.3648421052631579;0.39288143278168214;1733;2339;3017
341;hog;4750;;0.3585263157894737;0.43344362433189104;0.3585263157894737;0.3924415255213734;1703;2226;3047
815;spider_web;4750;;0.3646315789473684;0.4225420834349841;0.3646315789473684;0.3914566617696915;1732;2367;3018
671;mountain_bike;4750;;0.6322105263157894;0.2827151195631708;0.6322105263157894;0.3907103825136612;3003;7619;1747
312;cricket;4750;;0.2890526315789474;0.5915553640672124;0.2890526315789474;0.3883467684910197;1373;948;3377
696;paintbrush;4750;;0.41221052631578947;0.3646861612963308;0.41221052631578947;0.3869947623282933;1958;3411;2792
910;wooden_spoon;4750;;0.2650526315789474;0.7161547212741752;0.2650526315789474;0.38690842040565454;1259;499;3491
718;pier;4750;;0.33031578947368423;0.46516454195078566;0.33031578947368423;0.3863104764249662;1569;1804;3181
523;crutch;4750;;0.30505263157894735;0.5259528130671506;0.30505263157894735;0.3861425716189207;1449;1306;3301
895;warplane;4750;;0.5976842105263158;0.2847257045431752;0.5976842105263158;0.3857074926975069;2839;7132;1911
163;bloodhound;4750;;0.3145263157894737;0.4975024975024975;0.3145263157894737;0.3853992003095576;1494;1509;3256
626;lighter;4750;;0.3543157894736842;0.4220160481444333;0.3543157894736842;0.3852140077821012;1683;2305;3067
238;Greater_Swiss_Mountain_dog;4750;;0.33621052631578946;0.4497324697268375;0.33621052631578946;0.3847729189254307;1597;1954;3153
804;soap_dispenser;4750;;0.332;0.454205069124424;0.332;0.3836049622962783;1577;1895;3173
34;leatherback_turtle;4750;;0.4069473684210526;0.3626641651031895;0.4069473684210526;0.383531746031746;1933;3397;2817
827;stove;4750;;0.32063157894736843;0.4765331664580726;0.32063157894736843;0.3833375283161339;1523;1673;3227
450;bobsled;4750;;0.6406315789473684;0.27203647416413373;0.6406315789473684;0.3819026104417671;3043;8143;1707
904;window_screen;4750;;0.5162105263157895;0.2975367067103507;0.5162105263157895;0.3774921099222539;2452;5789;2298
663;monastery;4750;;0.46021052631578946;0.31991804478267233;0.46021052631578946;0.37744971078304407;2186;4647;2564
639;maillot;4750;;0.3646315789473684;0.39052987598647126;0.3646315789473684;0.37713663581927054;1732;2703;3018
494;chime;4750;;0.3111578947368421;0.47554697554697556;0.3111578947368421;0.37617714431152965;1478;1630;3272
830;stretcher;4750;;0.41157894736842104;0.3457729041386629;0.41157894736842104;0.3758169934640523;1955;3699;2795
476;carousel;4750;;0.735578947368421;0.2520923520923521;0.735578947368421;0.3754970445996776;3494;10366;1256
675;moving_van;4750;;0.4248421052631579;0.33516027238000334;0.4248421052631579;0.3747098690929348;2018;4003;2732
345;ox;4750;;0.31705263157894736;0.4578899361508057;0.31705263157894736;0.3746734668491106;1506;1783;3244
887;vestment;4750;;0.384;0.36509207365892715;0.384;0.3743074081674533;1824;3172;2926
588;hamper;4750;;0.42757894736842106;0.3322427613283167;0.42757894736842106;0.3739298536315934;2031;4082;2719
542;drumstick;4750;;0.30336842105263156;0.48065376917945296;0.30336842105263156;0.3719669592152814;1441;1557;3309
334;porcupine;4750;;0.6149473684210527;0.26636877621739924;0.6149473684210527;0.3717230847543905;2921;8045;1829
925;consomme;4750;;0.6023157894736842;0.2676833832335329;0.6023157894736842;0.37064386578572356;2861;7827;1889
709;pencil_box;4750;;0.25642105263157894;0.6663019693654267;0.25642105263157894;0.3703253268470659;1218;610;3532
608;jean;4750;;0.45789473684210524;0.31049250535331907;0.45789473684210524;0.37005529561888556;2175;4830;2575
599;honeycomb;4750;;0.42926315789473685;0.32499203060248644;0.42926315789473685;0.36992017416545714;2039;4235;2711
710;pencil_sharpener;4750;;0.29705263157894735;0.48976049982644915;0.29705263157894735;0.3698073646966321;1411;1470;3339
446;binder;4750;;0.34610526315789475;0.39462313970235235;0.34610526315789475;0.36877523553162855;1644;2522;3106
359;black-footed_ferret;4750;;0.3936842105263158;0.346039970392302;0.3936842105263158;0.36832775260980893;1870;3534;2880
411;apron;4750;;0.31242105263157893;0.44833836858006043;0.31242105263157893;0.36823821339950374;1484;1826;3266
26;common_newt;4750;;0.5096842105263157;0.28718861209964414;0.5096842105263157;0.36737481031866465;2421;6009;2329
519;crate;4750;;0.34421052631578947;0.38734896943852165;0.34421052631578947;0.3645078586556682;1635;2586;3115
36;terrapin;4750;;0.40968421052631576;0.3271687962340282;0.40968421052631576;0.3638063189381192;1946;4002;2804
834;suit;4750;;0.39010526315789473;0.34012481644640236;0.39010526315789473;0.3634045891351246;1853;3595;2897
66;horned_viper;4750;;0.48105263157894734;0.29182630906768836;0.48105263157894734;0.36327503974562797;2285;5545;2465
691;oxygen_mask;4750;;0.41242105263157897;0.3244451805233521;0.41242105263157897;0.3631813125695217;1959;4079;2791
124;crayfish;4750;;0.2850526315789474;0.49236363636363634;0.2850526315789474;0.36106666666666665;1354;1396;3396
601;hoopskirt;4750;;0.49894736842105264;0.2826475849731664;0.49894736842105264;0.3608679101636848;2370;6015;2380
67;diamondback;4750;;0.24926315789473685;0.6523415977961432;0.24926315789473685;0.3607006854531607;1184;631;3566
792;shovel;4750;;0.2926315789473684;0.4681711013809363;0.2926315789473684;0.36015027853348874;1390;1579;3360
843;swing;4750;;0.5467368421052632;0.2662224500256279;0.5467368421052632;0.35808341951051365;2597;7158;2153
493;chiffonier;4750;;0.2595789473684211;0.5716272600834492;0.2595789473684211;0.3570291009121182;1233;924;3517
917;comic_book;4750;;0.44821052631578945;0.2953252878346511;0.44821052631578945;0.35604983694288816;2129;5080;2621
526;desk;4750;;0.3671578947368421;0.34486849911014433;0.3671578947368421;0.35566432140307946;1744;3313;3006
438;beaker;4750;;0.376;0.3341440598690365;0.376;0.353838533927687;1786;3559;2964
740;power_drill;4750;;0.24842105263157896;0.610134436401241;0.24842105263157896;0.35308198683423103;1180;754;3570
527;desktop_computer;4750;;0.35978947368421055;0.3460915350344269;0.35978947368421055;0.35280759702725023;1709;3229;3041
266;miniature_poodle;4750;;0.32526315789473687;0.385286783042394;0.32526315789473687;0.3527397260273973;1545;2465;3205
921;book_jacket;4750;;0.37642105263157893;0.33184855233853006;0.37642105263157893;0.35273229433813375;1788;3600;2962
652;military_uniform;4750;;0.3543157894736842;0.3503330557868443;0.3543157894736842;0.35231316725978645;1683;3121;3067
445;bikini;4750;;0.392;0.3198213672277568;0.392;0.35225122966326144;1862;3960;2888
751;racer;4750;;0.496;0.2729062898181397;0.496;0.3520884704475828;2356;6277;2394
787;shield;4750;;0.3503157894736842;0.35127717964956723;0.3503157894736842;0.35079582586697583;1664;3073;3086
119;rock_crab;4750;;0.3048421052631579;0.4108967082860386;0.3048421052631579;0.35001208605269524;1448;2076;3302
775;sarong;4750;;0.37473684210526315;0.32792925571112747;0.37473684210526315;0.34977402240125766;1780;3648;2970
824;stole;4750;;0.36378947368421055;0.3365141187925998;0.36378947368421055;0.3496206373292868;1728;3407;3022
356;weasel;4750;;0.3336842105263158;0.3663045990293506;0.3336842105263158;0.34923432852263964;1585;2742;3165
465;bulletproof_vest;4750;;0.5197894736842106;0.26204627467628955;0.5197894736842106;0.3484335309060119;2469;6953;2281
634;lumbermill;4750;;0.49094736842105263;0.26888043352934393;0.49094736842105263;0.34746330924532515;2332;6341;2418
381;spider_monkey;4750;;0.2711578947368421;0.4825777444735856;0.2711578947368421;0.3472166060115919;1288;1381;3462
167;English_foxhound;4750;;0.3082105263157895;0.3969631236442516;0.3082105263157895;0.3470016591609386;1464;2224;3286
470;candle;4750;;0.45621052631578946;0.2782485875706215;0.45621052631578946;0.345669165736162;2167;5621;2583
591;handkerchief;4750;;0.4374736842105263;0.2846185454047391;0.4374736842105263;0.3448676458385196;2078;5223;2672
541;drum;4750;;0.2928421052631579;0.4178431961550015;0.2928421052631579;0.34434954821141234;1391;1938;3359
743;prison;4750;;0.49557894736842106;0.2637535014005602;0.49557894736842106;0.3442778793418647;2354;6571;2396
844;switch;4750;;0.3753684210526316;0.3153519632118854;0.3753684210526316;0.3427527873894656;1783;3871;2967
841;sweatshirt;4750;;0.2414736842105263;0.5855028075548749;0.2414736842105263;0.3419287524221195;1147;812;3603
479;car_wheel;4750;;0.2305263157894737;0.6612318840579711;0.2305263157894737;0.3418669996877927;1095;561;3655
348;ram;4750;;0.21957894736842104;0.7680412371134021;0.21957894736842104;0.34151931892599874;1043;315;3707
285;Egyptian_cat;4750;;0.29726315789473684;0.3961840628507295;0.29726315789473684;0.33966802982920374;1412;2152;3338
833;submarine;4750;;0.5393684210526316;0.24753623188405796;0.5393684210526316;0.33933774834437086;2562;7788;2188
358;polecat;4750;;0.332;0.3468220804926325;0.332;0.3392492201785522;1577;2970;3173
567;frying_pan;4750;;0.34842105263157896;0.3305372478530058;0.34842105263157896;0.3392436199651533;1655;3352;3095
908;wing;4750;;0.3103157894736842;0.3735428281804359;0.3103157894736842;0.3390064397424103;1474;2472;3276
587;hammer;4750;;0.2471578947368421;0.5336363636363637;0.2471578947368421;0.33784172661870504;1174;1026;3576
905;window_shade;4750;;0.32;0.35447761194029853;0.32;0.3363576012392122;1520;2768;3230
819;stage;4750;;0.3351578947368421;0.3370025402201524;0.3351578947368421;0.3360776862993456;1592;3132;3158
464;buckle;4750;;0.2783157894736842;0.42344650864830236;0.2783157894736842;0.33587398373983735;1322;1800;3428
622;lens_cap;4750;;0.22231578947368422;0.6852693056456847;0.22231578947368422;0.3357176919408679;1056;485;3694
767;rubber_eraser;4750;;0.2945263157894737;0.3876420060958714;0.2945263157894737;0.33472903457351355;1399;2210;3351
865;toyshop;4750;;0.5052631578947369;0.24798512089274644;0.5052631578947369;0.3326864430274466;2400;7278;2350
677;nail;4750;;0.3583157894736842;0.31030082041932544;0.3583157894736842;0.3325842696629214;1702;3783;3048
529;diaper;4750;;0.37157894736842106;0.29869690302927737;0.37157894736842106;0.3311755324139225;1765;4144;2985
650;microphone;4750;;0.2848421052631579;0.3899135446685879;0.2848421052631579;0.32919708029197087;1353;2117;3397
412;ashcan;4750;;0.2488421052631579;0.48601973684210525;0.2488421052631579;0.329156223893066;1182;1250;3568
747;punching_bag;4750;;0.37115789473684213;0.2951615603549305;0.37115789473684213;0.3288258882775343;1763;4210;2987
712;Petri_dish;4750;;0.5183157894736842;0.23670800884530332;0.5183157894736842;0.32499504983169425;2462;7939;2288
504;coffee_mug;4750;;0.2688421052631579;0.40720663265306123;0.2688421052631579;0.3238650773522698;1277;1859;3473
578;gown;4750;;0.23621052631578948;0.5125628140703518;0.23621052631578948;0.3233895373973195;1122;1067;3628
509;confectionery;4750;;0.28;0.3787015945330296;0.28;0.32195594287097556;1330;2182;3420
669;mosquito_net;4750;;0.5391578947368421;0.22857907890039272;0.5391578947368421;0.32104801303748276;2561;8643;2189
499;cleaver;4750;;0.2614736842105263;0.41358641358641357;0.2614736842105263;0.32039210628143944;1242;1761;3508
862;torch;4750;;0.4974736842105263;0.2357342378292099;0.4974736842105263;0.31988628671991337;2363;7661;2387
898;water_bottle;4750;;0.2608421052631579;0.4071639829116004;0.2608421052631579;0.31797767226998586;1239;1804;3511
582;grocery_store;4750;;0.38842105263157894;0.2668498698293318;0.38842105263157894;0.316358024691358;1845;5069;2905
883;vase;4750;;0.328;0.3053106016068979;0.328;0.3162488582157718;1558;3545;3192
793;shower_cap;4750;;0.5016842105263158;0.22847555129434324;0.5016842105263158;0.313965744400527;2383;8047;2367
973;coral_reef;4750;;0.47957894736842105;0.23242526272829303;0.47957894736842105;0.3131056284791423;2278;7523;2472
265;toy_poodle;4750;;0.30926315789473685;0.31469580119965723;0.30926315789473685;0.31195582926311316;1469;3199;3281
460;breakwater;4750;;0.2065263157894737;0.615819209039548;0.2065263157894737;0.30931735771716856;981;612;3769
111;nematode;4750;;0.7814736842105263;0.19156732208288177;0.7814736842105263;0.3077050607203548;3712;15665;1038
558;flute;4750;;0.26821052631578945;0.3585702223473121;0.26821052631578945;0.3068770323979284;1274;2279;3476
240;Appenzeller;4750;;0.25284210526315787;0.38867313915857604;0.25284210526315787;0.30637755102040815;1201;1889;3549
970;alp;4750;;0.42189473684210527;0.23994252873563218;0.42189473684210527;0.30590749503892534;2004;6348;2746
906;Windsor_tie;4750;;0.27957894736842104;0.33688483003551495;0.27957894736842104;0.3055683387022549;1328;2614;3422
524;cuirass;4750;;0.3134736842105263;0.29714627818798645;0.3134736842105263;0.30509169142505893;1489;3522;3261
497;church;4750;;0.20505263157894738;0.59209726443769;0.20505263157894738;0.30461297888975764;974;671;3776
909;wok;4750;;0.23642105263157895;0.42154654654654655;0.23642105263157895;0.3029403830590774;1123;1541;3627
697;pajama;4750;;0.44442105263157894;0.2296062649554057;0.44442105263157894;0.30278255880665517;2111;7083;2639
947;mushroom;4750;;0.2650526315789474;0.35206935123042504;0.2650526315789474;0.302426134998799;1259;2317;3491
706;patio;4750;;0.19221052631578947;0.7044753086419753;0.19221052631578947;0.3020178630499504;913;383;3837
969;eggnog;4750;;0.352;0.26256281407035176;0.352;0.30077352041734123;1672;4696;3078
764;rifle;4750;;0.25284210526315787;0.36953846153846154;0.25284210526315787;0.30025;1201;2049;3549
58;water_snake;4750;;0.272;0.3323045267489712;0.272;0.29914332021301226;1292;2596;3458
960;chocolate_sauce;4750;;0.2553684210526316;0.3601543942992874;0.2553684210526316;0.2988420793298842;1213;2155;3537
750;quilt;4750;;0.2711578947368421;0.33264462809917356;0.2711578947368421;0.29877058687079566;1288;2584;3462
748;purse;4750;;0.22757894736842105;0.42458758837391986;0.22757894736842105;0.2963267543859649;1081;1465;3669
516;cradle;4750;;0.24989473684210525;0.35538922155688624;0.24989473684210525;0.2934487021013597;1187;2153;3563
968;cup;4750;;0.24126315789473685;0.36766121270452357;0.24126315789473685;0.2913435871361383;1146;1971;3604
893;wallet;4750;;0.28989473684210526;0.29155197967393603;0.28989473684210526;0.2907209965164151;1377;3346;3373
762;restaurant;4750;;0.2976842105263158;0.2840498192044998;0.2976842105263158;0.29070723684210525;1414;3564;3336
807;solar_dish;4750;;0.6090526315789474;0.1904667851734808;0.6090526315789474;0.290185064446562;2893;12296;1857
619;lampshade;4750;;0.244;0.3548683404776485;0.244;0.2891716566866267;1159;2107;3591
982;groom;4750;;0.17410526315789474;0.8447395301327886;0.17410526315789474;0.28870658055507076;827;152;3923
838;sunscreen;4750;;0.22336842105263158;0.4077632590315142;0.22336842105263158;0.2886289445048966;1061;1541;3689
461;breastplate;4750;;0.36926315789473685;0.23661135842438957;0.36926315789473685;0.2884156869193456;1754;5659;2996
424;barbershop;4750;;0.21494736842105264;0.4311655405405405;0.21494736842105264;0.2868783366114077;1021;1347;3729
907;wine_bottle;4750;;0.20842105263157895;0.4558011049723757;0.20842105263157895;0.2860444958104594;990;1182;3760
813;spatula;4750;;0.19621052631578947;0.5230078563411896;0.19621052631578947;0.28536436007348437;932;850;3818
434;bath_towel;4750;;0.2503157894736842;0.3316596931659693;0.2503157894736842;0.2853029394121176;1189;2396;3561
478;carton;4750;;0.232;0.3632168754119974;0.232;0.2831449126413155;1102;1932;3648
974;geyser;4750;;0.6783157894736842;0.17603671529257497;0.6783157894736842;0.2795297792044419;3222;15081;1528
248;Eskimo_dog;4750;;0.21494736842105264;0.3983612953570035;0.21494736842105264;0.27922877068234647;1021;1542;3729
972;cliff;4750;;0.36947368421052634;0.22339613034623218;0.36947368421052634;0.2784388386482627;1755;6101;2995
868;tray;4750;;0.3101052631578947;0.2525287159266244;0.3101052631578947;0.2783709723140886;1473;4360;3277
482;cassette_player;4750;;0.24;0.3295750216825672;0.24;0.27774393957851135;1140;2319;3610
525;dam;4750;;0.4770526315789474;0.19495827239094898;0.4770526315789474;0.2767971660660844;2266;9357;2484
620;laptop;4750;;0.24568421052631578;0.3099601593625498;0.24568421052631578;0.2741045214327657;1167;2598;3583
501;cloak;4750;;0.25494736842105264;0.289505139851781;0.25494736842105264;0.27112951975819993;1211;2972;3539
633;loupe;4750;;0.25494736842105264;0.2894359464627151;0.25494736842105264;0.27109917170360415;1211;2973;3539
485;CD_player;4750;;0.196;0.4375;0.196;0.2707182320441989;931;1197;3819
188;wire-haired_fox_terrier;4750;;0.632421052631579;0.17132428424774723;0.632421052631579;0.2696104828576557;3004;14530;1746
689;overskirt;4750;;0.30505263157894735;0.2405378486055777;0.30505263157894735;0.268980879896046;1449;4575;3301
725;pitcher;4750;;0.19031578947368422;0.44205378973105136;0.19031578947368422;0.26607799852832964;904;1141;3846
32;tailed_frog;4750;;0.43557894736842107;0.19129068047337278;0.43557894736842107;0.265835795965566;2069;8747;2681
797;sleeping_bag;4750;;0.34042105263157896;0.21739714977144395;0.34042105263157896;0.26534296028880866;1617;5821;3133
784;screwdriver;4750;;0.19747368421052633;0.4027479604980678;0.19747368421052633;0.2650091820878655;938;1391;3812
742;printer;4750;;0.18357894736842106;0.4723726977248104;0.18357894736842106;0.2644026682838084;872;974;3878
103;platypus;4750;;0.5882105263157895;0.16743572841133816;0.5882105263157895;0.26067080281755844;2794;13893;1956
73;barn_spider;4750;;0.6738947368421052;0.16122695678452706;0.6738947368421052;0.2602015932368721;3201;16653;1549
562;fountain;4750;;0.519578947368421;0.17298661246232563;0.519578947368421;0.25955723826050375;2468;11799;2282
733;pole;4750;;0.196;0.3817138171381714;0.196;0.2590068159688413;931;1508;3819
794;shower_curtain;4750;;0.41747368421052633;0.18716375648890987;0.41747368421052633;0.25845552297165203;1983;8612;2767
673;mouse;4750;;0.18589473684210525;0.42248803827751197;0.18589473684210525;0.25818713450292397;883;1207;3867
996;hen-of-the-woods;4750;;0.692;0.15799846183426264;0.692;0.2572591375127181;3287;17517;1463
585;hair_spray;4750;;0.23473684210526316;0.2824930326830504;0.23473684210526316;0.2564102564102564;1115;2832;3635
987;corn;4750;;0.20189473684210527;0.33496332518337407;0.20189473684210527;0.25193747537107575;959;1904;3791
454;bookshop;4750;;0.17157894736842105;0.4667812142038946;0.17157894736842105;0.250923645320197;815;931;3935
655;miniskirt;4750;;0.2023157894736842;0.3223750419322375;0.2023157894736842;0.24860949424395293;961;2020;3789
46;green_lizard;4750;;0.16715789473684212;0.4823815309842041;0.16715789473684212;0.2482801751094434;794;852;3956
848;tape_player;4750;;0.28757894736842105;0.21755056537665232;0.28757894736842105;0.2477105811950313;1366;4913;3384
414;backpack;4750;;0.16105263157894736;0.4696132596685083;0.16105263157894736;0.23984950619219317;765;864;3985
836;sunglass;4750;;0.1888421052631579;0.32821075740944017;0.1888421052631579;0.23974341841507416;897;1836;3853
860;tobacco_shop;4750;;0.3665263157894737;0.17635737439222043;0.3665263157894737;0.23813431815073177;1741;8131;3009
435;bathtub;4750;;0.18821052631578947;0.3237957261861644;0.18821052631578947;0.2380508587405139;894;1867;3856
999;toilet_tissue;4750;;0.15368421052631578;0.5104895104895105;0.15368421052631578;0.23624595469255663;730;700;4020
754;radio;4750;;0.14421052631578948;0.5956521739130435;0.14421052631578948;0.2322033898305085;685;465;4065
980;volcano;4750;;0.5688421052631579;0.1455505279034691;0.5688421052631579;0.23179205627519947;2702;15862;2048
611;jigsaw_puzzle;4750;;0.5231578947368422;0.14741650352969093;0.5231578947368422;0.23001804970611375;2485;14372;2265
6;stingray;4750;;0.2774736842105263;0.1942806603773585;0.2774736842105263;0.22854170279174615;1318;5466;3432
539;doormat;4750;;0.28968421052631577;0.18751703461433633;0.28968421052631577;0.22766379880873594;1376;5962;3374
923;plate;4750;;0.2783157894736842;0.19254296533644044;0.2783157894736842;0.22761707988980717;1322;5544;3428
584;hair_slide;4750;;0.4147368421052632;0.15602724536670362;0.4147368421052632;0.22674953959484345;1970;10656;2780
975;lakeside;4750;;0.4090526315789474;0.15342703727100443;0.4090526315789474;0.22315378431147354;1943;10721;2807
77;wolf_spider;4750;;0.13936842105263159;0.5262321144674086;0.13936842105263159;0.2203728362183755;662;596;4088
549;envelope;4750;;0.22631578947368422;0.20597815673500672;0.22631578947368422;0.21566857257498245;1075;4144;3675
978;seashore;4750;;0.2562105263157895;0.18320036128255307;0.2562105263157895;0.21363995435793912;1217;5426;3533
692;packet;4750;;0.30126315789473684;0.165318853974122;0.30126315789473684;0.21348649858272414;1431;7225;3319
911;wool;4750;;0.31663157894736843;0.15861632566968994;0.31663157894736843;0.21135469364811693;1504;7978;3246
799;sliding_door;4750;;0.15368421052631578;0.3111679454390452;0.15368421052631578;0.205749718151071;730;1616;4020
618;ladle;4750;;0.15957894736842104;0.28832255610498286;0.15957894736842104;0.20544789266838323;758;1871;3992
928;ice_cream;4750;;0.12357894736842105;0.5977596741344195;0.12357894736842105;0.20481507327285417;587;395;4163
60;night_snake;4750;;0.14126315789473684;0.3603651987110634;0.14126315789473684;0.2029643073200242;671;1191;4079
415;bakery;4750;;0.1528421052631579;0.2986425339366516;0.1528421052631579;0.20220025066146774;726;1705;4024
664;monitor;4750;;0.156;0.28239329268292684;0.156;0.20097640358014648;741;1883;4009
623;letter_opener;4750;;0.14842105263157895;0.30387931034482757;0.14842105263157895;0.19943422913719944;705;1615;4045
536;dock;4750;;0.11873684210526315;0.6157205240174672;0.11873684210526315;0.19908224496999646;564;352;4186
469;caldron;4750;;0.3934736842105263;0.13209414092868754;0.3934736842105263;0.1977882427641674;1869;12280;2881
488;chain;4750;;0.2650526315789474;0.15284691028286998;0.2650526315789474;0.1938861938861939;1259;6978;3491
837;sunglasses;4750;;0.12863157894736843;0.3712029161603888;0.12863157894736843;0.1910569105691057;611;1035;4139
782;screen;4750;;0.148;0.2614354778728152;0.148;0.18900389837343726;703;1986;4047
818;spotlight;4750;;0.19326315789473683;0.18474542161400684;0.19326315789473683;0.18890832390163595;918;4051;3832
657;missile;4750;;0.27873684210526317;0.1421668635241061;0.27873684210526317;0.1882955272701415;1324;7989;3426
899;water_jug;4750;;0.13515789473684212;0.30556877677296523;0.13515789473684212;0.18741789519778135;642;1459;4108
876;tub;4750;;0.1423157894736842;0.27061649319455566;0.1423157894736842;0.18653421633554085;676;1822;4074
55;green_snake;4750;;0.10778947368421053;0.6854082998661312;0.10778947368421053;0.18628342732399492;512;235;4238
600;hook;4750;;0.1482105263157895;0.23537278502173187;0.1482105263157895;0.18188864487792278;704;2287;4046
68;sidewinder;4750;;0.18863157894736843;0.1649788252623826;0.18863157894736843;0.1760141439937138;896;4535;3854
961;dough;4750;;0.11263157894736842;0.3036322360953462;0.11263157894736842;0.16431203931203928;535;1227;4215
744;projectile;4750;;0.15894736842105264;0.16770324300310974;0.15894736842105264;0.16320795503674881;755;3747;3995
681;notebook;4750;;0.12105263157894737;0.23421588594704684;0.12105263157894737;0.1596113809854268;575;1880;4175
728;plastic_bag;4750;;0.2305263157894737;0.11347150259067358;0.2305263157894737;0.15208333333333335;1095;8555;3655
282;tiger_cat;4750;;0.07789473684210527;0.45566502463054187;0.07789473684210527;0.13304566702624956;370;442;4380
809;soup_bowl;4750;;0.06842105263157895;0.46628407460545196;0.06842105263157895;0.11933174224343678;325;372;4425
74;garden_spider;4750;;0.06589473684210527;0.38930348258706465;0.06589473684210527;0.11271155923658625;313;491;4437
885;velvet;4750;;0.1248421052631579;0.06925951880401775;0.1248421052631579;0.08909254807692309;593;7969;4157
638;maillot;4750;;0.049473684210526316;0.14063435068821065;0.049473684210526316;0.07319732128951877;235;1436;4515
