class_idx;class_label;support;base_accuracy;overall_accuracy;precision;recall;f1;tp;fp;fn
986;yellow_lady's_slipper;4750;;0.9877894736842106;0.9519172245891662;0.9877894736842106;0.9695216447980164;4692;237;58
129;spoonbill;4750;;0.9570526315789474;0.9816454329518463;0.9570526315789474;0.9691930497814732;4546;85;204
100;black_swan;4750;;0.9581052631578947;0.96912265758092;0.9581052631578947;0.9635824687698497;4551;145;199
376;proboscis_monkey;4750;;0.9755789473684211;0.9434039087947883;0.9755789473684211;0.9592216932312151;4634;278;116
136;European_gallinule;4750;;0.9452631578947368;0.9722823733217844;0.9452631578947368;0.9585824081981213;4490;128;260
255;Leonberg;4750;;0.9629473684210527;0.9444559157546975;0.9629473684210527;0.953612008756385;4574;269;176
130;flamingo;4750;;0.9261052631578948;0.9814814814814815;0.9261052631578948;0.9529896013864819;4399;83;351
685;odometer;4750;;0.9608421052631579;0.9423910799091473;0.9608421052631579;0.951527155217346;4564;279;186
90;lorikeet;4750;;0.9595789473684211;0.936896197327852;0.9595789473684211;0.9481019240769631;4558;307;192
339;sorrel;4750;;0.9389473684210526;0.9501491265445249;0.9389473684210526;0.9445150360016942;4460;234;290
135;limpkin;4750;;0.9629473684210527;0.9182895001003815;0.9629473684210527;0.9400883773507348;4574;407;176
275;African_hunting_dog;4750;;0.9625263157894737;0.9184411410204901;0.9625263157894737;0.939967105263158;4572;406;178
88;macaw;4750;;0.9246315789473685;0.9549902152641878;0.9246315789473685;0.9395657289549684;4392;207;358
388;giant_panda;4750;;0.9252631578947368;0.9447549441100602;0.9252631578947368;0.9349074664964901;4395;257;355
19;chickadee;4750;;0.8936842105263157;0.9785615491009682;0.8936842105263157;0.9341989436619718;4245;93;505
340;zebra;4750;;0.8894736842105263;0.9800510322430991;0.8894736842105263;0.9325681492109038;4225;86;525
323;monarch;4750;;0.9016842105263158;0.9618234897821694;0.9016842105263158;0.9307834401825491;4283;170;467
24;great_grey_owl;4750;;0.9117894736842105;0.9504059688391485;0.9117894736842105;0.9306973245943913;4331;226;419
139;ruddy_turnstone;4750;;0.9391578947368421;0.9218846869187849;0.9391578947368421;0.9304411304619876;4461;378;289
91;coucal;4750;;0.904;0.9574136008918618;0.904;0.9299404439631835;4294;191;456
145;king_penguin;4750;;0.8972631578947369;0.9644715999094818;0.8972631578947369;0.9296542698222271;4262;157;488
247;Saint_Bernard;4750;;0.908;0.9491637323943662;0.908;0.9281256724768668;4313;231;437
387;lesser_panda;4750;;0.924;0.9304642781428875;0.924;0.9272208725044894;4389;328;361
13;junco;4750;;0.8928421052631579;0.963206904383375;0.8928421052631579;0.9266907025019119;4241;162;509
25;European_fire_salamander;4750;;0.9073684210526316;0.9426946631671042;0.9073684210526316;0.9246942716155332;4310;262;440
0;tench;4750;;0.9170526315789473;0.9305703909421064;0.9170526315789473;0.9237620612872441;4356;325;394
84;peacock;4750;;0.8873684210526316;0.962109107509701;0.8873684210526316;0.9232285620413975;4215;166;535
355;llama;4750;;0.8823157894736842;0.9638914443422263;0.8823157894736842;0.9213013849197627;4191;157;559
915;yurt;4750;;0.8978947368421053;0.9450476401506758;0.8978947368421053;0.9208679693403864;4265;248;485
87;African_grey;4750;;0.8863157894736842;0.9570356899295295;0.8863157894736842;0.920319160563996;4210;189;540
430;basketball;4750;;0.8932631578947369;0.9468868556125865;0.8932631578947369;0.9192936843245587;4243;238;507
594;harp;4750;;0.9157894736842105;0.9216101694915254;0.9157894736842105;0.9186906019007393;4350;370;400
576;gondola;4750;;0.9134736842105263;0.9231914893617021;0.9134736842105263;0.9183068783068783;4339;361;411
321;admiral;4750;;0.876;0.9572118702553485;0.876;0.9148070792568977;4161;186;589
9;ostrich;4750;;0.9576842105263158;0.8746394924053067;0.9576842105263158;0.9142799718621244;4549;652;201
15;robin;4750;;0.8621052631578947;0.9715302491103203;0.8621052631578947;0.9135527049637477;4095;120;655
291;lion;4750;;0.956421052631579;0.8741581681739465;0.956421052631579;0.9134412385643913;4543;654;207
260;chow;4750;;0.8941052631578947;0.933201494177104;0.8941052631578947;0.9132351360068809;4247;304;503
900;water_tower;4750;;0.8585263157894737;0.9737344794651385;0.8585263157894737;0.9125083911389573;4078;110;672
993;gyromitra;4750;;0.9357894736842105;0.8898898898898899;0.9357894736842105;0.9122626988199077;4445;550;305
143;oystercatcher;4750;;0.8825263157894737;0.9439315469488854;0.8825263157894737;0.9121967141769123;4192;249;558
11;goldfinch;4750;;0.8585263157894737;0.9709523809523809;0.8585263157894737;0.9112849162011173;4078;122;672
96;toucan;4750;;0.8913684210526316;0.9315731573157315;0.8913684210526316;0.9110274341043573;4234;311;516
333;hamster;4750;;0.9292631578947368;0.890637610976594;0.9292631578947368;0.909540490418298;4414;542;336
874;trolleybus;4750;;0.916;0.9025098527276498;0.916;0.9092048897711837;4351;470;399
253;basenji;4750;;0.9012631578947369;0.912015338730294;0.9012631578947369;0.9066073697585769;4281;413;469
625;lifeboat;4750;;0.912;0.9006237006237007;0.912;0.9062761506276151;4332;478;418
354;Arabian_camel;4750;;0.9221052631578948;0.8887987012987013;0.9221052631578948;0.9051456912585245;4380;548;370
694;paddlewheel;4750;;0.8854736842105263;0.9241924851680949;0.8854736842105263;0.9044188796903558;4206;345;544
160;Afghan_hound;4750;;0.9208421052631579;0.886322188449848;0.9208421052631579;0.9032524522457408;4374;561;376
89;sulphur-crested_cockatoo;4750;;0.8446315789473684;0.9688481043226274;0.8446315789473684;0.9024856596558317;4012;129;738
284;Siamese_cat;4750;;0.9256842105263158;0.8797519007603041;0.9256842105263158;0.902133771029955;4397;601;353
216;clumber;4750;;0.8949473684210526;0.90891597177678;0.8949473684210526;0.9018775856582157;4251;426;499
17;jay;4750;;0.8294736842105264;0.9815645241654211;0.8294736842105264;0.8991328160657235;3940;74;810
138;bustard;4750;;0.888421052631579;0.9092867916397328;0.888421052631579;0.8987328293046534;4220;421;530
351;hartebeest;4750;;0.9410526315789474;0.859119738612339;0.9410526315789474;0.8982216417160654;4470;733;280
347;bison;4750;;0.8536842105263158;0.9454418279319189;0.8536842105263158;0.8972231441531143;4055;234;695
92;bee_eater;4750;;0.8711578947368421;0.9240732469852613;0.8711578947368421;0.8968357173818812;4138;340;612
137;American_coot;4750;;0.8463157894736842;0.9532843253497747;0.8463157894736842;0.896620943459351;4020;197;730
554;fireboat;4750;;0.872421052631579;0.9217081850533808;0.872421052631579;0.8963876270819814;4144;352;606
565;freight_car;4750;;0.9090526315789473;0.8839303991811669;0.9090526315789473;0.8963155163466529;4318;567;432
178;Weimaraner;4750;;0.864421052631579;0.9293798098687189;0.864421052631579;0.8957242582897034;4106;312;644
365;orangutan;4750;;0.895578947368421;0.8927597061909759;0.895578947368421;0.8941671045717289;4254;511;496
466;bullet_train;4750;;0.8901052631578947;0.896712619300106;0.8901052631578947;0.8933967247754886;4228;487;522
22;bald_eagle;4750;;0.8631578947368421;0.9225922592259226;0.8631578947368421;0.891886012616924;4100;344;650
93;hornbill;4750;;0.8602105263157894;0.9259007477906186;0.8602105263157894;0.8918476481501691;4086;327;664
325;sulphur_butterfly;4750;;0.9077894736842105;0.8764227642276423;0.9077894736842105;0.8918304033092037;4312;608;438
144;pelican;4750;;0.856;0.9297964783901213;0.856;0.8913734517154446;4066;307;684
141;redshank;4750;;0.8570526315789474;0.9283922462941847;0.8570526315789474;0.891297208538588;4071;314;679
396;lionfish;4750;;0.8376842105263158;0.9516861994738101;0.8376842105263158;0.8910536334117122;3979;202;771
984;rapeseed;4750;;0.9069473684210526;0.875609756097561;0.9069473684210526;0.8910031023784902;4308;612;442
890;volleyball;4750;;0.8709473684210526;0.9114342366159948;0.8709473684210526;0.8907309721175585;4137;402;613
420;banjo;4750;;0.8787368421052631;0.9005393743257821;0.8787368421052631;0.8895045285029302;4174;461;576
190;Sealyham_terrier;4750;;0.9061052631578947;0.8728452646522004;0.9061052631578947;0.8891643425265985;4304;627;446
146;albatross;4750;;0.8741052631578947;0.9041811846689896;0.8741052631578947;0.888888888888889;4152;440;598
254;pug;4750;;0.8547368421052631;0.9254615910645088;0.8547368421052631;0.8886943197986209;4060;327;690
307;weevil;4750;;0.8343157894736842;0.9492215568862276;0.8343157894736842;0.8880672268907563;3963;212;787
12;house_finch;4750;;0.8189473684210526;0.9695912263210369;0.8189473684210526;0.8879251312485734;3890;122;860
528;dial_telephone;4750;;0.8378947368421052;0.9422348484848485;0.8378947368421052;0.8870069088477825;3980;244;770
244;Tibetan_mastiff;4750;;0.9054736842105263;0.8687133912340941;0.9054736842105263;0.8867127100298938;4301;650;449
133;bittern;4750;;0.8307368421052631;0.9494706448508181;0.8307368421052631;0.8861441724679991;3946;210;804
218;Welsh_springer_spaniel;4750;;0.9117894736842105;0.860691573926868;0.9117894736842105;0.8855039869147413;4331;701;419
364;three-toed_sloth;4750;;0.8852631578947369;0.8852631578947369;0.8852631578947369;0.8852631578947369;4205;545;545
350;ibex;4750;;0.9210526315789473;0.8518302180685359;0.9210526315789473;0.8850900262998179;4375;761;375
560;football_helmet;4750;;0.8621052631578947;0.9083850931677019;0.8621052631578947;0.8846403110823071;4095;413;655
258;Samoyed;4750;;0.8949473684210526;0.8745114174038263;0.8949473684210526;0.8846113827905525;4251;610;499
251;dalmatian;4750;;0.868421052631579;0.8986928104575164;0.868421052631579;0.8832976445396146;4125;465;625
344;hippopotamus;4750;;0.828421052631579;0.9429666906302421;0.828421052631579;0.8819903619858792;3935;238;815
279;Arctic_fox;4750;;0.9136842105263158;0.8519827247742442;0.9136842105263158;0.8817553839902478;4340;754;410
274;dhole;4750;;0.8983157894736842;0.8651662611516626;0.8983157894736842;0.8814294567238173;4267;665;483
71;scorpion;4750;;0.8587368421052631;0.9034330011074198;0.8587368421052631;0.8805180787911494;4079;436;671
102;echidna;4750;;0.8572631578947368;0.9044868947134607;0.8572631578947368;0.8802421098140943;4072;430;678
225;malinois;4750;;0.8781052631578947;0.8823778294901629;0.8781052631578947;0.8802363617178433;4171;556;579
239;Bernese_mountain_dog;4750;;0.9204210526315789;0.8427139552814187;0.9204210526315789;0.8798551016301067;4372;816;378
276;hyena;4750;;0.8926315789473684;0.8668983847883869;0.8926315789473684;0.8795768073851261;4240;651;510
661;Model_T;4750;;0.8736842105263158;0.8850501172957986;0.8736842105263158;0.8793304375463503;4150;539;600
820;steam_locomotive;4750;;0.8374736842105264;0.9255467659376454;0.8374736842105264;0.8793103448275863;3978;320;772
306;rhinoceros_beetle;4750;;0.8117894736842105;0.9572989076464746;0.8117894736842105;0.8785600364547732;3856;172;894
195;Boston_bull;4750;;0.8968421052631579;0.8600847970926712;0.8968421052631579;0.8780789446562918;4260;693;490
990;buckeye;4750;;0.8858947368421053;0.8669138854552946;0.8858947368421053;0.8763015410245731;4208;646;542
326;lycaenid;4750;;0.8505263157894737;0.9029950827000447;0.8505263157894737;0.8759757155247181;4040;434;710
156;Blenheim_spaniel;4750;;0.9351578947368421;0.8236603003893936;0.9351578947368421;0.8758749876762298;4442;951;308
802;snowmobile;4750;;0.8936842105263157;0.8580958156458459;0.8936842105263157;0.8755285139733938;4245;702;505
16;bulbul;4750;;0.7985263157894736;0.9683431197344907;0.7985263157894736;0.875274027922003;3793;124;957
779;school_bus;4750;;0.8583157894736843;0.892904073587385;0.8583157894736843;0.8752683555173896;4077;489;673
142;dowitcher;4750;;0.8867368421052632;0.8638228055783429;0.8867368421052632;0.8751298566382714;4212;664;538
569;garbage_truck;4750;;0.8846315789473684;0.865677791512155;0.8846315789473684;0.875052061640983;4202;652;548
606;iron;4750;;0.856421052631579;0.8921052631578947;0.856421052631579;0.8738990332975296;4068;492;682
51;triceratops;4750;;0.8530526315789474;0.8954696132596686;0.8530526315789474;0.8737466307277628;4052;473;698
991;coral_fungus;4750;;0.8572631578947368;0.8900546448087432;0.8572631578947368;0.8733512064343164;4072;503;678
604;hourglass;4750;;0.9547368421052631;0.8046486870120653;0.9547368421052631;0.8732909686115925;4535;1101;215
317;leafhopper;4750;;0.8454736842105263;0.9028776978417267;0.8454736842105263;0.8732333115894759;4016;432;734
719;piggy_bank;4750;;0.8505263157894737;0.8963834035944087;0.8505263157894737;0.8728529761261749;4040;467;710
324;cabbage_butterfly;4750;;0.8515789473684211;0.8951095375082982;0.8515789473684211;0.8728018124932571;4045;474;705
157;papillon;4750;;0.9178947368421052;0.8312678741658722;0.9178947368421052;0.8724362181090545;4360;885;390
262;Brabancon_griffon;4750;;0.896;0.848823294774631;0.896;0.8717738631708316;4256;758;494
14;indigo_bunting;4750;;0.9273684210526316;0.8222885943625163;0.9273684210526316;0.8716730978529733;4405;952;345
268;Mexican_hairless;4750;;0.9117894736842105;0.8340073175428462;0.9117894736842105;0.8711656441717792;4331;862;419
261;keeshond;4750;;0.8650526315789474;0.8759326369643999;0.8650526315789474;0.8704586378561594;4109;582;641
873;triumphal_arch;4750;;0.8705263157894737;0.8701599326599326;0.8705263157894737;0.8703430856661755;4135;617;615
105;koala;4750;;0.8048421052631579;0.9439506172839506;0.8048421052631579;0.8688636363636364;3823;227;927
886;vending_machine;4750;;0.8669473684210526;0.8706131078224102;0.8669473684210526;0.868776371308017;4118;612;632
229;Old_English_sheepdog;4750;;0.8863157894736842;0.8515372168284789;0.8863157894736842;0.8685785021662884;4210;734;540
800;slot;4750;;0.9246315789473685;0.8177248184695587;0.9246315789473685;0.8678984290089913;4392;979;358
259;Pomeranian;4750;;0.9086315789473685;0.8295214299442629;0.9086315789473685;0.8672761981312167;4316;887;434
174;Norwegian_elkhound;4750;;0.8776842105263158;0.8565851653996301;0.8776842105263158;0.867006342934387;4169;698;581
286;cougar;4750;;0.844421052631579;0.8905417406749556;0.844421052631579;0.8668683812405447;4011;493;739
300;tiger_beetle;4750;;0.9012631578947369;0.8349912229373903;0.9012631578947369;0.8668624076136479;4281;846;469
988;acorn;4750;;0.8551578947368421;0.8780804150453956;0.8551578947368421;0.866467576791809;4062;564;688
375;colobus;4750;;0.8477894736842105;0.8850549450549451;0.8477894736842105;0.8660215053763441;4027;523;723
18;magpie;4750;;0.8086315789473684;0.9318292091217856;0.8086315789473684;0.8658701532912533;3841;281;909
293;cheetah;4750;;0.9021052631578947;0.8323620823620823;0.9021052631578947;0.8658314811072944;4285;863;465
614;kimono;4750;;0.8366315789473684;0.8968630106070864;0.8366315789473684;0.8657009040409541;3974;457;776
955;jackfruit;4750;;0.8509473684210527;0.8798432738354375;0.8509473684210527;0.8651541095890412;4042;552;708
607;jack-o'-lantern;4750;;0.9349473684210526;0.8045289855072464;0.9349473684210526;0.8648490749756573;4441;1079;309
338;guinea_pig;4750;;0.8170526315789474;0.915762151958471;0.8170526315789474;0.8635959056519804;3881;357;869
169;borzoi;4750;;0.92;0.8130232558139535;0.92;0.8632098765432099;4370;1005;380
755;radio_telescope;4750;;0.8033684210526316;0.931640625;0.8033684210526316;0.8627628306579245;3816;280;934
148;killer_whale;4750;;0.9088421052631579;0.8196316688817163;0.9088421052631579;0.8619347109913148;4317;950;433
23;vulture;4750;;0.8456842105263158;0.8786089238845144;0.8456842105263158;0.8618322248444539;4017;555;733
316;cicada;4750;;0.8305263157894737;0.8945578231292517;0.8305263157894737;0.8613537117903931;3945;465;805
863;totem_pole;4750;;0.8029473684210526;0.9279805352798054;0.8029473684210526;0.8609480812641084;3814;296;936
294;brown_bear;4750;;0.8901052631578947;0.833596214511041;0.8901052631578947;0.8609244553044186;4228;844;522
363;armadillo;4750;;0.8612631578947368;0.8571129268803688;0.8612631578947368;0.8591830305575974;4091;682;659
362;badger;4750;;0.883578947368421;0.8345595545834162;0.883578947368421;0.8583699764802127;4197;832;553
289;snow_leopard;4750;;0.8246315789473684;0.894905186200594;0.8246315789473684;0.858332420291443;3917;460;833
83;prairie_chicken;4750;;0.8917894736842106;0.8263753413968006;0.8917894736842106;0.8578371810449574;4236;890;514
937;broccoli;4750;;0.8147368421052632;0.9039943938332166;0.8147368421052632;0.8570479459639021;3870;411;880
1;goldfish;4750;;0.8696842105263158;0.8427172582619339;0.8696842105263158;0.8559883961873186;4131;771;619
425;barn;4750;;0.8503157894736842;0.8599105812220567;0.8503157894736842;0.8550862707737907;4039;658;711
85;quail;4750;;0.8090526315789474;0.9063679245283018;0.8090526315789474;0.8549499443826474;3843;397;907
621;lawn_mower;4750;;0.8442105263157895;0.8644104332830351;0.8442105263157895;0.8541910746618383;4010;629;740
746;puck;4750;;0.8614736842105263;0.8466790813159528;0.8614736842105263;0.8540123134717729;4092;741;658
575;golfcart;4750;;0.7804210526315789;0.9363475625157868;0.7804210526315789;0.8513032495119991;3707;252;1043
985;daisy;4750;;0.9541052631578948;0.7682658077640278;0.9541052631578948;0.8511597333082919;4532;1367;218
140;red-backed_sandpiper;4750;;0.7892631578947369;0.9229443623830625;0.7892631578947369;0.8508851566046302;3749;313;1001
832;stupa;4750;;0.8248421052631579;0.8780815777678171;0.8248421052631579;0.8506296135475466;3918;544;832
535;disk_brake;4750;;0.7903157894736842;0.9189718482252142;0.7903157894736842;0.8498019241652518;3754;331;996
245;French_bulldog;4750;;0.7995789473684211;0.9062276306370795;0.7995789473684211;0.8495693993960408;3798;393;952
296;ice_bear;4750;;0.8534736842105263;0.8456403838130997;0.8534736842105263;0.8495389773679798;4054;740;696
270;white_wolf;4750;;0.8292631578947368;0.8704972375690607;0.8292631578947368;0.8493800539083557;3939;586;811
486;cello;4750;;0.8351578947368421;0.8640818993683294;0.8351578947368421;0.8493737287228348;3967;624;783
48;Komodo_dragon;4750;;0.7924210526315789;0.9120426459898231;0.7924210526315789;0.8480342458037624;3764;363;986
131;little_blue_heron;4750;;0.7877894736842105;0.917831739023792;0.7877894736842105;0.8478531777500848;3742;335;1008
401;accordion;4750;;0.8204210526315789;0.8759271746459879;0.8204210526315789;0.8472660071746928;3897;552;853
181;Bedlington_terrier;4750;;0.9;0.8001122964626615;0.9;0.8471217675616765;4275;1068;475
668;mosque;4750;;0.8736842105263158;0.8219449395919984;0.8736842105263158;0.8470252066537403;4150;899;600
366;gorilla;4750;;0.7936842105263158;0.9071222329162656;0.7936842105263158;0.8466202560071862;3770;386;980
214;Gordon_setter;4750;;0.8437894736842105;0.8489726752806609;0.8437894736842105;0.8463731390560659;4008;713;742
426;barometer;4750;;0.8433684210526315;0.8492686029255883;0.8433684210526315;0.8463082285835005;4006;711;744
512;corkscrew;4750;;0.8498947368421053;0.8419186652763295;0.8498947368421053;0.8458878994237821;4037;758;713
829;streetcar;4750;;0.8421052631578947;0.8487163165711861;0.8421052631578947;0.8453978653703899;4000;713;750
379;howler_monkey;4750;;0.8673684210526316;0.8243297318927572;0.8673684210526316;0.8453016003282725;4120;878;630
561;forklift;4750;;0.8332631578947368;0.8572666233484947;0.8332631578947368;0.8450944806234653;3958;659;792
392;rock_beauty;4750;;0.9675789473684211;0.7497553017944535;0.9675789473684211;0.8448529411764707;4596;1534;154
28;spotted_salamander;4750;;0.8111578947368421;0.8800822293284605;0.8111578947368421;0.8442156003505696;3853;525;897
945;bell_pepper;4750;;0.8256842105263158;0.8627364716234052;0.8256842105263158;0.8438037865748709;3922;624;828
609;jeep;4750;;0.7696842105263157;0.9312277126846663;0.7696842105263157;0.8427846934071002;3656;270;1094
736;pool_table;4750;;0.8197894736842105;0.8664886515353805;0.8197894736842105;0.842492427520554;3894;600;856
727;planetarium;4750;;0.8652631578947368;0.8192146701215866;0.8652631578947368;0.8416095013822054;4110;907;640
672;mountain_tent;4750;;0.836421052631579;0.846580012784999;0.836421052631579;0.8414698718627556;3973;720;777
20;water_ouzel;4750;;0.8107368421052632;0.8734406894987525;0.8107368421052632;0.8409214979801288;3851;558;899
444;bicycle-built-for-two;4750;;0.8381052631578947;0.839873417721519;0.8381052631578947;0.8389884088514226;3981;759;769
94;hummingbird;4750;;0.7964210526315789;0.8855337078651685;0.7964210526315789;0.8386167146974062;3783;489;967
956;custard_apple;4750;;0.8507368421052631;0.8258736971183324;0.8507368421052631;0.8381209167271596;4041;852;709
726;plane;4750;;0.8174736842105264;0.8596413548815586;0.8174736842105264;0.8380274090860041;3883;634;867
70;harvestman;4750;;0.7886315789473685;0.8936068702290076;0.7886315789473685;0.8378438828002686;3746;446;1004
320;damselfly;4750;;0.8962105263157895;0.7864400517273231;0.8962105263157895;0.8377447604053921;4257;1156;493
235;German_shepherd;4750;;0.840421052631579;0.8346226217854903;0.840421052631579;0.837511801111927;3992;791;758
215;Brittany_spaniel;4750;;0.8376842105263158;0.8373316498316499;0.8376842105263158;0.8375078930751421;3979;773;771
688;oscilloscope;4750;;0.8861052631578947;0.7931034482758621;0.8861052631578947;0.8370289350701003;4209;1098;541
332;Angora;4750;;0.9296842105263158;0.7609856970532484;0.9296842105263158;0.836918411826021;4416;1387;334
545;electric_fan;4750;;0.8164210526315789;0.856827220503756;0.8164210526315789;0.8361362656317378;3878;648;872
571;gas_pump;4750;;0.7608421052631579;0.9276180698151951;0.7608421052631579;0.8359935230164237;3614;282;1136
687;organ;4750;;0.7886315789473685;0.8887307236061684;0.7886315789473685;0.8356943669827106;3746;469;1004
948;Granny_Smith;4750;;0.8383157894736842;0.8325318837549655;0.8383157894736842;0.8354138256582399;3982;801;768
989;hip;4750;;0.9170526315789473;0.7664965687137075;0.9170526315789473;0.835042653119908;4356;1327;394
816;spindle;4750;;0.7587368421052632;0.9260020554984584;0.7587368421052632;0.8340661883823189;3604;288;1146
933;cheeseburger;4750;;0.7764210526315789;0.8995121951219512;0.7764210526315789;0.8334463276836157;3688;412;1062
573;go-kart;4750;;0.8871578947368421;0.7851686230668903;0.8871578947368421;0.8330532766630425;4214;1153;536
952;fig;4750;;0.7894736842105263;0.8809020436927414;0.7894736842105263;0.8326856889086266;3750;507;1000
888;viaduct;4750;;0.7696842105263157;0.904950495049505;0.7696842105263157;0.8318543799772469;3656;384;1094
217;English_springer;4750;;0.7583157894736842;0.9207566462167689;0.7583157894736842;0.8316785961671669;3602;310;1148
914;yawl;4750;;0.8349473684210527;0.82625;0.8349473684210527;0.8305759162303665;3966;834;784
213;Irish_setter;4750;;0.787578947368421;0.876317638791286;0.787578947368421;0.8295819935691319;3741;528;1009
322;ringlet;4750;;0.8570526315789474;0.8031169855987375;0.8570526315789474;0.82920867705469;4071;998;679
821;steel_arch_bridge;4750;;0.8846315789473684;0.7801708132194578;0.8846315789473684;0.8291239147592738;4202;1184;548
642;marimba;4750;;0.844421052631579;0.8130954794242854;0.844421052631579;0.8284622534338532;4011;922;739
763;revolver;4750;;0.9183157894736842;0.754019014693172;0.9183157894736842;0.8280968201233981;4362;1423;388
472;canoe;4750;;0.8589473684210527;0.7978099335158388;0.8589473684210527;0.8272506082725061;4080;1034;670
327;starfish;4750;;0.8467368421052631;0.8079550020088389;0.8467368421052631;0.826891447368421;4022;956;728
786;sewing_machine;4750;;0.7566315789473684;0.910795742524075;0.7566315789473684;0.8265869365225391;3594;352;1156
243;bull_mastiff;4750;;0.7623157894736842;0.9000745712155108;0.7623157894736842;0.8254872905505528;3621;402;1129
637;mailbox;4750;;0.7608421052631579;0.9019216371350137;0.7608421052631579;0.8253968253968254;3614;393;1136
236;Doberman;4750;;0.8136842105263158;0.836037205277958;0.8136842105263158;0.8247092713112131;3865;758;885
957;pomegranate;4750;;0.7477894736842106;0.9135802469135802;0.7477894736842106;0.8224125955082195;3552;336;1198
367;chimpanzee;4750;;0.8507368421052631;0.7957857424182749;0.8507368421052631;0.8223443223443223;4041;1037;709
801;snorkel;4750;;0.8677894736842106;0.7814218009478673;0.8677894736842106;0.8223441396508729;4122;1153;628
448;birdhouse;4750;;0.8271578947368421;0.8161611965101786;0.8271578947368421;0.8216227519866165;3929;885;821
2;great_white_shark;4750;;0.8128421052631579;0.8294307196562836;0.8128421052631579;0.8210526315789474;3861;794;889
612;jinrikisha;4750;;0.9058947368421053;0.7500435767822904;0.9058947368421053;0.8206350719938973;4303;1434;447
934;hotdog;4750;;0.8223157894736842;0.8186962900859358;0.8223157894736842;0.8205020481041907;3906;865;844
283;Persian_cat;4750;;0.8837894736842106;0.7654996353026987;0.8837894736842106;0.8204025796365058;4198;1286;552
99;goose;4750;;0.788;0.8555428571428572;0.788;0.8203835616438356;3743;632;1007
221;Irish_water_spaniel;4750;;0.8503157894736842;0.7907204385277995;0.8503157894736842;0.81943599107324;4039;1069;711
540;drilling_platform;4750;;0.9138947368421053;0.7424320164186763;0.9138947368421053;0.8192884778710956;4341;1506;409
234;Rottweiler;4750;;0.8073684210526316;0.8304460805543525;0.8073684210526316;0.818744662681469;3835;783;915
645;maypole;4750;;0.9402105263157895;0.725;0.9402105263157895;0.818698441796517;4466;1694;284
953;pineapple;4750;;0.7269473684210527;0.9367878459034183;0.7269473684210527;0.8186344238975819;3453;233;1297
918;crossword_puzzle;4750;;0.7850526315789473;0.8550791102958037;0.7850526315789473;0.8185709581824169;3729;632;1021
104;wallaby;4750;;0.775578947368421;0.8662120855866448;0.775578947368421;0.81839386871043;3684;569;1066
343;warthog;4750;;0.7924210526315789;0.8452728497642039;0.7924210526315789;0.8179941323481473;3764;689;986
707;pay-phone;4750;;0.7732631578947369;0.866682397357244;0.7732631578947369;0.8173119715175791;3673;565;1077
75;black_widow;4750;;0.7511578947368421;0.8940115259333501;0.7511578947368421;0.8163825649239218;3568;423;1182
210;German_short-haired_pointer;4750;;0.8362105263157895;0.7974302348925918;0.8362105263157895;0.8163600863220635;3972;1009;778
152;Japanese_spaniel;4750;;0.8498947368421053;0.7847978227060654;0.8498947368421053;0.8160501313927632;4037;1107;713
292;tiger;4750;;0.9029473684210526;0.7439722463139635;0.9029473684210526;0.8157869709938183;4289;1476;461
566;French_horn;4750;;0.7267368421052631;0.92845615922539;0.7267368421052631;0.8153046764289089;3452;266;1298
4;hammerhead;4750;;0.7791578947368422;0.854931854931855;0.7791578947368422;0.8152880273157836;3701;628;1049
564;four-poster;4750;;0.8261052631578948;0.8039336201598033;0.8261052631578948;0.8148686533070295;3924;957;826
766;rotisserie;4750;;0.8214736842105264;0.8077002690954254;0.8214736842105264;0.8145287548272623;3902;929;848
132;American_egret;4750;;0.8576842105263158;0.7751141552511416;0.8576842105263158;0.8143114131521089;4074;1182;676
410;apiary;4750;;0.76;0.8768520767549186;0.76;0.8142551031916094;3610;507;1140
149;dugong;4750;;0.8701052631578947;0.7646623496762257;0.8701052631578947;0.8139832594780896;4133;1272;617
511;convertible;4750;;0.768;0.8646598720075848;0.768;0.813468614115286;3648;571;1102
537;dogsled;4750;;0.9086315789473685;0.7345132743362832;0.9086315789473685;0.8123470732166385;4316;1560;434
768;rugby_ball;4750;;0.6985263157894737;0.9704591985960808;0.6985263157894737;0.8123393316195373;3318;101;1432
583;guillotine;4750;;0.8949473684210526;0.7431818181818182;0.8949473684210526;0.8120343839541548;4251;1469;499
69;trilobite;4750;;0.8088421052631579;0.8150190920661858;0.8088421052631579;0.8119188503803889;3842;872;908
407;ambulance;4750;;0.8890526315789473;0.7470369715195472;0.8890526315789473;0.8118811881188119;4223;1430;527
372;baboon;4750;;0.8637894736842106;0.7656279156559059;0.8637894736842106;0.8117519042437431;4103;1256;647
154;Pekinese;4750;;0.8037894736842105;0.819665092314298;0.8037894736842105;0.8116496598639455;3818;840;932
288;leopard;4750;;0.8341052631578947;0.7895575926664009;0.8341052631578947;0.8112203112203111;3962;1056;788
603;horse_cart;4750;;0.767578947368421;0.8592976667452275;0.767578947368421;0.8108528855776715;3646;597;1104
938;cauliflower;4750;;0.7692631578947369;0.8565400843881856;0.7692631578947369;0.81055900621118;3654;612;1096
684;ocarina;4750;;0.8471578947368421;0.7766840378305346;0.8471578947368421;0.8103917027489679;4024;1157;726
303;long-horned_beetle;4750;;0.7877894736842105;0.8337789661319073;0.7877894736842105;0.8101320632171466;3742;746;1008
147;grey_whale;4750;;0.8722105263157894;0.7557460780736958;0.8722105263157894;0.8098123534010945;4143;1339;607
995;earthstar;4750;;0.9778947368421053;0.6901931649331352;0.9778947368421053;0.8092334494773519;4645;2085;105
714;pick;4750;;0.8726315789473684;0.7539105129137869;0.8726315789473684;0.8089383294301327;4145;1353;605
780;schooner;4750;;0.8149473684210526;0.8029454470026965;0.8149473684210526;0.8089018911294535;3871;950;879
555;fire_engine;4750;;0.7812631578947369;0.8371306113241597;0.7812631578947369;0.8082326037242732;3711;722;1039
164;bluetick;4750;;0.8181052631578948;0.7948455716915525;0.8181052631578948;0.8063077082684926;3886;1003;864
331;hare;4750;;0.8717894736842106;0.749095513748191;0.8717894736842106;0.8057987935395992;4141;1387;609
336;marmot;4750;;0.8294736842105264;0.7822116339090729;0.8294736842105264;0.8051496883621131;3940;1097;810
613;joystick;4750;;0.836421052631579;0.7756735650136666;0.836421052631579;0.8049027552674229;3973;1149;777
805;soccer_ball;4750;;0.8909473684210526;0.7339576829691293;0.8909473684210526;0.804868771395968;4232;1534;518
125;hermit_crab;4750;;0.8071578947368421;0.8012539184952978;0.8071578947368421;0.8041950707918195;3834;951;916
628;liner;4750;;0.7894736842105263;0.8191349934469201;0.7894736842105263;0.8040308747855919;3750;828;1000
471;cannon;4750;;0.7827368421052632;0.8262222222222222;0.7827368421052632;0.8038918918918918;3718;782;1032
223;schipperke;4750;;0.7762105263157895;0.8335971060366267;0.7762105263157895;0.8038809549765616;3687;736;1063
177;Scottish_deerhound;4750;;0.8812631578947369;0.7374911909795631;0.8812631578947369;0.8029925187032418;4186;1490;564
547;electric_locomotive;4750;;0.744421052631579;0.8705071393402265;0.744421052631579;0.802541988197912;3536;526;1214
389;barracouta;4750;;0.8357894736842105;0.7713231008354381;0.8357894736842105;0.8022633121147822;3970;1177;780
182;Border_terrier;4750;;0.8261052631578948;0.7794994040524433;0.8261052631578948;0.8021259198691741;3924;1110;826
29;axolotl;4750;;0.8442105263157895;0.7626473944465576;0.8442105263157895;0.8013589128697044;4010;1248;740
242;boxer;4750;;0.7648421052631579;0.8413617415470125;0.7648421052631579;0.8012792236435818;3633;685;1117
47;African_chameleon;4750;;0.7911578947368421;0.8102630444156964;0.7911578947368421;0.8005965061780997;3758;880;992
732;Polaroid_camera;4750;;0.7663157894736842;0.8379373848987108;0.7663157894736842;0.800527820541016;3640;704;1110
715;pickelhaube;4750;;0.7863157894736842;0.8146128680479825;0.7863157894736842;0.8002142474558115;3735;850;1015
510;container_ship;4750;;0.8503157894736842;0.7550944101701252;0.8503157894736842;0.7998811763540945;4039;1310;711
630;Loafer;4750;;0.8075789473684211;0.791907514450867;0.8075789473684211;0.7996664582030436;3836;1008;914
398;abacus;4750;;0.7343157894736843;0.8768225238813474;0.7343157894736843;0.7992667277726856;3488;490;1262
81;ptarmigan;4750;;0.7498947368421053;0.8546065259117083;0.7498947368421053;0.7988338192419826;3562;606;1188
116;chiton;4750;;0.8012631578947368;0.7955685618729097;0.8012631578947368;0.7984057058946926;3806;978;944
877;turnstile;4750;;0.7873684210526316;0.8095238095238095;0.7873684210526316;0.7982924226254002;3740;880;1010
45;Gila_monster;4750;;0.7046315789473684;0.9205170517051705;0.7046315789473684;0.7982351538278082;3347;289;1403
404;airliner;4750;;0.9023157894736842;0.7155258764607679;0.9023157894736842;0.7981378026070763;4286;1704;464
783;screw;4750;;0.8930526315789473;0.7204483695652174;0.8930526315789473;0.7975183305132545;4242;1646;508
57;garter_snake;4750;;0.7301052631578947;0.8779746835443037;0.7301052631578947;0.7972413793103448;3468;482;1282
954;banana;4750;;0.7223157894736842;0.888860103626943;0.7223157894736842;0.7969802555168408;3431;429;1319
432;bassoon;4750;;0.8164210526315789;0.7779338014042126;0.8164210526315789;0.796712891628146;3878;1107;872
932;pretzel;4750;;0.7530526315789474;0.8454266130938313;0.7530526315789474;0.7965705378020265;3577;654;1173
586;half_track;4750;;0.7926315789473685;0.7998725302740599;0.7926315789473685;0.796235592682669;3765;942;985
203;West_Highland_white_terrier;4750;;0.8235789473684211;0.7684148497348262;0.8235789473684211;0.7950411543542322;3912;1179;838
496;Christmas_stocking;4750;;0.9265263157894736;0.6961404618791521;0.9265263157894736;0.794978323699422;4401;1921;349
605;iPod;4750;;0.7113684210526315;0.9003463895550227;0.7113684210526315;0.7947783135363989;3379;374;1371
593;harmonica;4750;;0.8254736842105264;0.7649239172844323;0.8254736842105264;0.7940461725394897;3921;1205;829
290;jaguar;4750;;0.7101052631578947;0.8997065884235796;0.7101052631578947;0.7937404400517708;3373;376;1377
183;Kerry_blue_terrier;4750;;0.8282105263157895;0.7619601007166377;0.8282105263157895;0.7937052355492787;3934;1229;816
273;dingo;4750;;0.7747368421052632;0.8132596685082873;0.7747368421052632;0.7935309973045823;3680;845;1070
757;recreational_vehicle;4750;;0.739578947368421;0.8553688823959095;0.739578947368421;0.7932708592074066;3513;594;1237
299;meerkat;4750;;0.8867368421052632;0.7171803167035586;0.8867368421052632;0.7929963287207005;4212;1661;538
352;impala;4750;;0.764;0.8232758620689655;0.764;0.7925311203319502;3629;779;1121
941;acorn_squash;4750;;0.7090526315789474;0.8974154010125233;0.7090526315789474;0.7921909914147947;3368;385;1382
122;American_lobster;4750;;0.8707368421052631;0.7265062357280871;0.8707368421052631;0.7921095470650197;4136;1557;614
870;tricycle;4750;;0.8223157894736842;0.7637856863511928;0.8223157894736842;0.791970802919708;3906;1208;844
781;scoreboard;4750;;0.8303157894736842;0.7570057581573897;0.8303157894736842;0.7919678714859438;3944;1266;806
308;fly;4750;;0.7282105263157894;0.8651825912956478;0.7282105263157894;0.7908093278463647;3459;539;1291
98;red-breasted_merganser;4750;;0.9374736842105263;0.6838144963144963;0.9374736842105263;0.790800923459421;4453;2059;297
397;puffer;4750;;0.7277894736842105;0.8640339915021245;0.7277894736842105;0.7900811335847332;3457;544;1293
228;komondor;4750;;0.9107368421052632;0.6975169300225733;0.9107368421052632;0.7899926953981007;4326;1876;424
559;folding_chair;4750;;0.74;0.8467839074921706;0.74;0.7897988990001122;3515;636;1235
946;cardoon;4750;;0.9452631578947368;0.6777358490566038;0.9452631578947368;0.7894505494505495;4490;2135;260
771;safe;4750;;0.748;0.835410298612744;0.748;0.7892924580695323;3553;700;1197
171;Italian_greyhound;4750;;0.8197894736842105;0.7602499023818821;0.8197894736842105;0.788897893030794;3894;1228;856
734;police_van;4750;;0.7465263157894737;0.8359264497878359;0.7465263157894737;0.7887010676156585;3546;696;1204
370;guenon;4750;;0.7286315789473684;0.8581700967022068;0.7286315789473684;0.7881134008880791;3461;572;1289
43;frilled_lizard;4750;;0.8094736842105263;0.7674650698602794;0.8094736842105263;0.7879098360655737;3845;1165;905
548;entertainment_center;4750;;0.871578947368421;0.7185005206525512;0.871578947368421;0.7876712328767124;4140;1622;610
79;centipede;4750;;0.6909473684210526;0.9154811715481171;0.6909473684210526;0.7875224955008998;3282;303;1468
3;tiger_shark;4750;;0.7728421052631579;0.8018785495849716;0.7728421052631579;0.7870926243567753;3671;907;1079
301;ladybug;4750;;0.8528421052631578;0.7305680793507665;0.8528421052631578;0.7869839728023312;4051;1494;699
423;barber_chair;4750;;0.7827368421052632;0.7908955541374175;0.7827368421052632;0.7867950481430536;3718;983;1032
199;Scotch_terrier;4750;;0.7730526315789473;0.8008724100327154;0.7730526315789473;0.7867166577396894;3672;913;1078
428;barrow;4750;;0.7707368421052632;0.8032031592803861;0.7707368421052632;0.7866351525569402;3661;897;1089
495;china_cabinet;4750;;0.7553684210526316;0.8193651518611555;0.7553684210526316;0.7860663818600065;3588;791;1162
224;groenendael;4750;;0.751578947368421;0.8237194277803415;0.751578947368421;0.7859973579920739;3570;764;1180
38;banded_gecko;4750;;0.8124210526315789;0.7608438485804416;0.8124210526315789;0.7857870087558543;3859;1213;891
958;hay;4750;;0.7058947368421052;0.8849300607020322;0.7058947368421052;0.7853378615762969;3353;436;1397
959;carbonara;4750;;0.7054736842105264;0.885336856010568;0.7054736842105264;0.785237258347979;3351;434;1399
417;balloon;4750;;0.8141052631578948;0.758086649676534;0.8141052631578948;0.7850979595980104;3867;1234;883
209;Chesapeake_Bay_retriever;4750;;0.7069473684210527;0.8815962194801785;0.7069473684210527;0.784671106437668;3358;451;1392
53;ringneck_snake;4750;;0.7924210526315789;0.7762425242318004;0.7924210526315789;0.7842483592040839;3764;1085;986
394;sturgeon;4750;;0.7402105263157894;0.833570412517781;0.7402105263157894;0.784121320249777;3516;702;1234
134;crane;4750;;0.684;0.9167607223476298;0.684;0.783457921388956;3249;295;1501
994;stinkhorn;4750;;0.8296842105263158;0.741486359360301;0.8296842105263158;0.7831097863884748;3941;1374;809
897;washer;4750;;0.6770526315789474;0.9281385281385282;0.6770526315789474;0.7829580036518564;3216;249;1534
211;vizsla;4750;;0.7682105263157895;0.7975956284153005;0.7682105263157895;0.7826273458445041;3649;926;1101
315;mantis;4750;;0.7711578947368422;0.7933723196881092;0.7711578947368422;0.7821073983132273;3663;954;1087
194;Dandie_Dinmont;4750;;0.8743157894736842;0.7071343436063341;0.8743157894736842;0.7818883554551445;4153;1720;597
191;Airedale;4750;;0.7995789473684211;0.7641851106639839;0.7995789473684211;0.7814814814814814;3798;1172;952
518;crash_helmet;4750;;0.8608421052631579;0.7147351861562664;0.8608421052631579;0.7810142297774807;4089;1632;661
695;padlock;4750;;0.7235789473684211;0.846760285784676;0.7235789473684211;0.7803382903848338;3437;622;1313
615;knee_pad;4750;;0.8153684210526316;0.7479721900347625;0.8153684210526316;0.7802175664786463;3873;1305;877
176;Saluki;4750;;0.739578947368421;0.8248415120920404;0.739578947368421;0.7798867798867799;3513;746;1237
86;partridge;4750;;0.7884210526315789;0.7712108731466227;0.7884210526315789;0.7797210077035186;3745;1111;1005
676;muzzle;4750;;0.736421052631579;0.828125;0.736421052631579;0.7795854691330509;3498;726;1252
882;vacuum;4750;;0.6882105263157895;0.8983237153064029;0.6882105263157895;0.7793539158421744;3269;370;1481
391;coho;4750;;0.6970526315789474;0.8834044823906083;0.6970526315789474;0.7792421746293245;3311;437;1439
916;web_site;4750;;0.7785263157894737;0.7793466807165438;0.7785263157894737;0.778936282253818;3698;1047;1052
369;siamang;4750;;0.7776842105263158;0.7793248945147679;0.7776842105263158;0.7785036880927292;3694;1046;1056
368;gibbon;4750;;0.8061052631578948;0.7516686297605025;0.8061052631578948;0.7779357984559122;3829;1265;921
110;flatworm;4750;;0.844421052631579;0.7204957786958864;0.844421052631579;0.777551613841233;4011;1556;739
117;chambered_nautilus;4750;;0.8370526315789474;0.7259448603249954;0.8370526315789474;0.7775496235455168;3976;1501;774
150;sea_lion;4750;;0.7456842105263158;0.8120128381476387;0.7456842105263158;0.7774363476733978;3542;820;1208
699;panpipe;4750;;0.8397894736842105;0.7223831944947483;0.8397894736842105;0.7766744548286605;3989;1533;761
451;bolo_tie;4750;;0.8778947368421053;0.6960440660991487;0.8778947368421053;0.7764640163858114;4170;1821;580
97;drake;4750;;0.6463157894736842;0.9705975339867214;0.6463157894736842;0.7759383293314799;3070;93;1680
739;potter's_wheel;4750;;0.8970526315789473;0.6836194448901011;0.8970526315789473;0.7759264317581718;4261;1972;489
669;mosquito_net;4750;;0.7021052631578948;0.8657840083073728;0.7021052631578948;0.7754010695187166;3335;517;1415
287;lynx;4750;;0.7176842105263158;0.8421442687747036;0.7176842105263158;0.774948852011821;3409;639;1341
670;motor_scooter;4750;;0.8709473684210526;0.697403910991234;0.8709473684210526;0.7745740498034076;4137;1795;613
256;Newfoundland;4750;;0.7301052631578947;0.8239486813970064;0.7301052631578947;0.7741935483870966;3468;741;1282
319;dragonfly;4750;;0.712421052631579;0.8466349762321741;0.712421052631579;0.7737510003429746;3384;613;1366
106;wombat;4750;;0.6905263157894737;0.8793565683646113;0.6905263157894737;0.7735849056603773;3280;450;1470
403;aircraft_carrier;4750;;0.7509473684210526;0.797094972067039;0.7509473684210526;0.7733333333333332;3567;908;1183
981;ballplayer;4750;;0.7789473684210526;0.7662041830606751;0.7789473684210526;0.7725232278943523;3700;1129;1050
95;jacamar;4750;;0.9587368421052631;0.6467831273966766;0.9587368421052631;0.7724535662793657;4554;2487;196
295;American_black_bear;4750;;0.7941052631578948;0.751843731313534;0.7941052631578948;0.7723968465240093;3772;1245;978
161;basset;4750;;0.7574736842105263;0.7876532399299475;0.7574736842105263;0.772268727194677;3598;970;1152
724;pirate;4750;;0.7309473684210527;0.8175182481751825;0.7309473684210527;0.7718128264977214;3472;775;1278
113;snail;4750;;0.7888421052631579;0.7554435483870968;0.7888421052631579;0.7717816683831102;3747;1213;1003
267;standard_poodle;4750;;0.8509473684210527;0.7051639916259596;0.8509473684210527;0.7712268651020798;4042;1690;708
665;moped;4750;;0.7366315789473684;0.809204440333025;0.7366315789473684;0.771214458893542;3499;825;1251
318;lacewing;4750;;0.791578947368421;0.7515490705576654;0.791578947368421;0.7710448067261356;3760;1243;990
814;speedboat;4750;;0.9058947368421053;0.671085464753587;0.9058947368421053;0.7710087797885683;4303;2109;447
500;cliff_dwelling;4750;;0.6858947368421052;0.880064829821718;0.6858947368421052;0.770941788925698;3258;444;1492
346;water_buffalo;4750;;0.6995789473684211;0.8582128099173554;0.6995789473684211;0.7708188355369985;3323;549;1427
297;sloth_bear;4750;;0.7686315789473684;0.7725349132458739;0.7686315789473684;0.770578303081469;3651;1075;1099
833;submarine;4750;;0.8109473684210526;0.7338540674414175;0.8109473684210526;0.7704770477047704;3852;1397;898
666;mortar;4750;;0.8042105263157895;0.7393071414747435;0.8042105263157895;0.7703942724614298;3820;1347;930
785;seat_belt;4750;;0.7178947368421053;0.8310991957104558;0.7178947368421053;0.7703603298316954;3410;693;1340
8;hen;4750;;0.7307368421052631;0.8138335287221571;0.7307368421052631;0.7700499168053245;3471;794;1279
10;brambling;4750;;0.9227368421052632;0.6605877920120573;0.9227368421052632;0.7699604743083003;4383;2252;367
521;Crock_Pot;4750;;0.6722105263157895;0.9007052186177715;0.6722105263157895;0.7698613622664254;3193;352;1557
507;combination_lock;4750;;0.7732631578947369;0.7664858096828047;0.7732631578947369;0.7698595682246909;3673;1119;1077
770;running_shoe;4750;;0.7132631578947368;0.8344827586206897;0.7132631578947368;0.7691259931895572;3388;672;1362
522;croquet_ball;4750;;0.871578947368421;0.6878218973251371;0.871578947368421;0.768873618720401;4140;1879;610
212;English_setter;4750;;0.7913684210526316;0.7476133651551312;0.7913684210526316;0.768868889343424;3759;1269;991
796;ski_mask;4750;;0.828421052631579;0.716888322098743;0.828421052631579;0.7686297489989257;3935;1554;815
682;obelisk;4750;;0.7086315789473684;0.8381474103585658;0.7086315789473684;0.7679671457905544;3366;650;1384
39;common_iguana;4750;;0.7311578947368421;0.8082383057947405;0.7311578947368421;0.7677683209903835;3473;824;1277
649;megalith;4750;;0.7096842105263158;0.8344059405940594;0.7096842105263158;0.7670079635949943;3371;669;1379
852;tennis_ball;4750;;0.8305263157894737;0.7119653492149431;0.8305263157894737;0.7666893402001748;3945;1596;805
173;Ibizan_hound;4750;;0.6981052631578948;0.8489503328213006;0.6981052631578948;0.7661737523105362;3316;590;1434
871;trimaran;4750;;0.7995789473684211;0.7339130434782609;0.7995789473684211;0.7653400503778337;3798;1377;952
429;baseball;4750;;0.7210526315789474;0.8152820756962628;0.7210526315789474;0.7652776226119987;3425;776;1325
983;scuba_diver;4750;;0.6968421052631579;0.8480655905713553;0.6968421052631579;0.7650525829192187;3310;593;1440
305;dung_beetle;4750;;0.7581052631578947;0.7717531075867982;0.7581052631578947;0.7648683092608326;3601;1065;1149
127;white_stork;4750;;0.6345263157894737;0.9598726114649682;0.6345263157894737;0.7640050697084918;3014;126;1736
580;greenhouse;4750;;0.6957894736842105;0.8470015376729882;0.6957894736842105;0.7639852057327785;3305;597;1445
192;cairn;4750;;0.7227368421052631;0.8100519112789052;0.7227368421052631;0.7639074321317312;3433;805;1317
264;Cardigan;4750;;0.8282105263157895;0.7067912324829321;0.8282105263157895;0.762698720434277;3934;1632;816
646;maze;4750;;0.9031578947368422;0.66;0.9031578947368422;0.7626666666666667;4290;2210;460
458;brass;4750;;0.6534736842105263;0.912672743310791;0.6534736842105263;0.7616243405717089;3104;297;1646
31;tree_frog;4750;;0.668;0.8855707507675132;0.668;0.7615504620184808;3173;410;1577
378;capuchin;4750;;0.7823157894736842;0.7412726910033912;0.7823157894736842;0.7612414216941514;3716;1297;1034
627;limousine;4750;;0.8155789473684211;0.7126563649742458;0.8155789473684211;0.7606518751227175;3874;1562;876
7;cock;4750;;0.7012631578947368;0.8298455406078724;0.7012631578947368;0.7601551802829758;3331;683;1419
249;malamute;4750;;0.7743157894736842;0.74649888370205;0.7743157894736842;0.7601529399607317;3678;1249;1072
635;magnetic_compass;4750;;0.7804210526315789;0.7408073541167066;0.7804210526315789;0.7600984211605495;3707;1297;1043
765;rocking_chair;4750;;0.7248421052631578;0.7988399071925754;0.7248421052631578;0.7600441501103752;3443;867;1307
198;standard_schnauzer;4750;;0.9134736842105263;0.6504272223055014;0.9134736842105263;0.7598283863059276;4339;2332;411
647;measuring_cup;4750;;0.7056842105263158;0.8215686274509804;0.7056842105263158;0.7592298980747451;3352;728;1398
563;fountain_pen;4750;;0.6644210526315789;0.883538633818589;0.6644210526315789;0.7584715212689257;3156;416;1594
903;wig;4750;;0.7703157894736842;0.7462777891087089;0.7703157894736842;0.7581062882005594;3659;1244;1091
568;fur_coat;4750;;0.7456842105263158;0.7705025016314988;0.7456842105263158;0.7578902321600512;3542;1055;1208
929;ice_lolly;4750;;0.696;0.8291948833709556;0.696;0.7567815039487238;3306;681;1444
889;violin;4750;;0.6848421052631579;0.8453742203742204;0.6848421052631579;0.7566876017678531;3253;595;1497
374;langur;4750;;0.7646315789473684;0.748711605854463;0.7646315789473684;0.7565878554317258;3632;1219;1118
353;gazelle;4750;;0.7532631578947369;0.7594990447887922;0.7532631578947369;0.7563682485995138;3578;1133;1172
237;miniature_pinscher;4750;;0.7166315789473684;0.8007527640555163;0.7166315789473684;0.7563604043995111;3404;847;1346
82;ruffed_grouse;4750;;0.759578947368421;0.7510407993338885;0.759578947368421;0.7552857441909148;3608;1196;1142
722;ping-pong_ball;4750;;0.8195789473684211;0.6999280834232291;0.8195789473684211;0.7550426687354539;3893;1669;857
822;steel_drum;4750;;0.8136842105263158;0.7029829028737723;0.8136842105263158;0.7542935206869633;3865;1633;885
931;bagel;4750;;0.6987368421052632;0.8178905864958107;0.6987368421052632;0.7536330608537692;3319;739;1431
753;radiator;4750;;0.7176842105263158;0.7933441936234582;0.7176842105263158;0.7536199845252569;3409;888;1341
128;black_stork;4750;;0.8869473684210526;0.6542941450535797;0.8869473684210526;0.7530610420949145;4213;2226;537
570;gasmask;4750;;0.744;0.7619663648124192;0.744;0.7528760119301235;3534;1104;1216
56;king_snake;4750;;0.632;0.929124110182606;0.632;0.7522866808670593;3002;229;1748
330;wood_rabbit;4750;;0.7174736842105263;0.7905358385525401;0.7174736842105263;0.7522348526652687;3408;903;1342
713;photocopier;4750;;0.895578947368421;0.6482779640353551;0.895578947368421;0.7521216407355021;4254;2308;496
592;hard_disc;4750;;0.6486315789473684;0.8933024064946361;0.6486315789473684;0.7515550676911819;3081;368;1669
795;ski;4750;;0.8046315789473685;0.7049059387679822;0.8046315789473685;0.7514746362563901;3822;1600;928
360;otter;4750;;0.7292631578947368;0.7749440715883669;0.7292631578947368;0.751409978308026;3464;1006;1286
920;traffic_light;4750;;0.6833684210526316;0.8344473007712082;0.6833684210526316;0.7513888888888889;3246;644;1504
491;chain_saw;4750;;0.8503157894736842;0.6714879467996675;0.8503157894736842;0.75039479795634;4039;1976;711
658;mitten;4750;;0.7423157894736843;0.7584426758442676;0.7423157894736843;0.7502925843174806;3526;1123;1224
553;file;4750;;0.7033684210526315;0.8035113035113035;0.7033684210526315;0.7501122586439155;3341;817;1409
927;trifle;4750;;0.9029473684210526;0.6411061285500748;0.9029473684210526;0.7498251748251749;4289;2401;461
891;waffle_iron;4750;;0.7473684210526316;0.7506872488898287;0.7473684210526316;0.749024158666526;3550;1179;1200
395;gar;4750;;0.752421052631579;0.7448937057107128;0.752421052631579;0.7486384583158776;3574;1224;1176
640;manhole_cover;4750;;0.6724210526315789;0.8440803382663847;0.6724210526315789;0.748535270681978;3194;590;1556
335;fox_squirrel;4750;;0.887578947368421;0.646328376513874;0.887578947368421;0.747981903663621;4216;2307;534
936;head_cabbage;4750;;0.7711578947368422;0.7257776897166633;0.7711578947368422;0.7477799326324386;3663;1384;1087
186;Norwich_terrier;4750;;0.8341052631578947;0.6773807488459566;0.8341052631578947;0.7476176997829983;3962;1887;788
27;eft;4750;;0.6728421052631579;0.8410526315789474;0.6728421052631579;0.7476023391812867;3196;604;1554
63;Indian_cobra;4750;;0.8035789473684211;0.6980614484272128;0.8035789473684211;0.7471129379526326;3817;1651;933
165;black-and-tan_coonhound;4750;;0.7229473684210527;0.771685393258427;0.7229473684210527;0.7465217391304347;3434;1016;1316
853;thatch;4750;;0.7585263157894737;0.7330620549338759;0.7585263157894737;0.7455768235902742;3603;1312;1147
115;sea_slug;4750;;0.6757894736842105;0.8307453416149069;0.6757894736842105;0.7452983515207802;3210;654;1540
377;marmoset;4750;;0.7223157894736842;0.7677332736630118;0.7223157894736842;0.7443323570886212;3431;1038;1319
33;loggerhead;4750;;0.7216842105263158;0.768437570051558;0.7216842105263158;0.7443274345890784;3428;1033;1322
349;bighorn;4750;;0.8974736842105263;0.6347528290649196;0.8974736842105263;0.7435897435897437;4263;2453;487
433;bathing_cap;4750;;0.7263157894736842;0.7612533097969991;0.7263157894736842;0.7433742727860375;3450;1082;1300
386;African_elephant;4750;;0.6804210526315789;0.8182278481012658;0.6804210526315789;0.7429885057471265;3232;718;1518
298;mongoose;4750;;0.6924210526315789;0.8004380627889998;0.6924210526315789;0.7425217293148211;3289;820;1461
674;mousetrap;4750;;0.8475789473684211;0.6604330708661418;0.8475789473684211;0.7423935091277891;4026;2070;724
416;balance_beam;4750;;0.8229473684210526;0.67618059159315;0.8229473684210526;0.7423796410597284;3909;1872;841
951;lemon;4750;;0.7122105263157895;0.7752062328139322;0.7122105263157895;0.7423743691024797;3383;981;1367
840;swab;4750;;0.7301052631578947;0.7544050467696324;0.7301052631578947;0.7420562747405585;3468;1129;1282
337;beaver;4750;;0.744421052631579;0.73943956503555;0.744421052631579;0.7419219471254721;3536;1246;1214
574;golf_ball;4750;;0.8044210526315789;0.6879726323370544;0.8044210526315789;0.7416537267080746;3821;1733;929
843;swing;4750;;0.8349473684210527;0.6670030272452069;0.8349473684210527;0.7415856394913986;3966;1980;784
896;washbasin;4750;;0.7282105263157894;0.7545811518324608;0.7282105263157894;0.7411613456181702;3459;1125;1291
859;toaster;4750;;0.7069473684210527;0.7783959202596198;0.7069473684210527;0.7409532215357457;3358;956;1392
172;whippet;4750;;0.7269473684210527;0.753601047577477;0.7269473684210527;0.7400342906129448;3453;1129;1297
118;Dungeness_crab;4750;;0.6637894736842105;0.8352317880794702;0.6637894736842105;0.7397067448680352;3153;622;1597
808;sombrero;4750;;0.6930526315789474;0.7913461538461538;0.6930526315789474;0.7389450056116724;3292;868;1458
121;king_crab;4750;;0.771578947368421;0.7080757341576507;0.771578947368421;0.7384646383235945;3665;1511;1085
447;binoculars;4750;;0.7275789473684211;0.748213899112362;0.7275789473684211;0.7377521613832855;3456;1163;1294
361;skunk;4750;;0.9214736842105263;0.6143157894736843;0.9214736842105263;0.7371789473684212;4377;2748;373
629;lipstick;4750;;0.7673684210526316;0.7091439688715954;0.7673684210526316;0.7371081900910009;3645;1495;1105
185;Norfolk_terrier;4750;;0.6806315789473685;0.8036291324881929;0.6806315789473685;0.7370340818420154;3233;790;1517
963;pizza;4750;;0.6286315789473684;0.8884260636715263;0.6286315789473684;0.7362840586857353;2986;375;1764
450;bobsled;4750;;0.8730526315789474;0.6360429447852761;0.8730526315789474;0.7359361135758652;4147;2373;603
752;racket;4750;;0.6452631578947369;0.8556672250139586;0.6452631578947369;0.7357177148343734;3065;517;1685
342;wild_boar;4750;;0.7701052631578947;0.7040030792917629;0.7701052631578947;0.7355720892821235;3658;1538;1092
246;Great_Dane;4750;;0.6762105263157895;0.8062248995983936;0.6762105263157895;0.7355163727959698;3212;772;1538
686;oil_filter;4750;;0.6955789473684211;0.779613025011798;0.6955789473684211;0.7352024922118379;3304;934;1446
881;upright;4750;;0.8311578947368421;0.6583291645822912;0.8311578947368421;0.7347166651158463;3948;2049;802
857;throne;4750;;0.7572631578947369;0.7128418549346016;0.7572631578947369;0.7343813801551654;3597;1449;1153
776;sax;4750;;0.704421052631579;0.766376546037563;0.704421052631579;0.7340939008336991;3346;1020;1404
120;fiddler_crab;4750;;0.7505263157894737;0.7177370646265351;0.7505263157894737;0.7337655655037563;3565;1402;1185
42;agama;4750;;0.7267368421052631;0.7406136022312808;0.7267368421052631;0.7336096057804696;3452;1209;1298
155;Shih-Tzu;4750;;0.7322105263157894;0.7332911659287371;0.7322105263157894;0.732750447698304;3478;1265;1272
716;picket_fence;4750;;0.624421052631579;0.8845809722636445;0.624421052631579;0.7320745402937184;2966;387;1784
803;snowplow;4750;;0.9048421052631579;0.6140877268181169;0.9048421052631579;0.73163673504128;4298;2701;452
872;tripod;4750;;0.6993684210526315;0.7657906869525127;0.6993684210526315;0.7310739436619719;3322;1016;1428
965;burrito;4750;;0.6273684210526316;0.8751835535976505;0.6273684210526316;0.7308399754751685;2980;425;1770
825;stone_wall;4750;;0.6370526315789473;0.8567383918459797;0.6370526315789473;0.7307413668196088;3026;506;1724
610;jersey;4750;;0.7275789473684211;0.7337579617834394;0.7275789473684211;0.7306553911205073;3456;1254;1294
309;bee;4750;;0.6785263157894736;0.791114383897889;0.6785263157894736;0.7305077062556662;3223;851;1527
159;Rhodesian_ridgeback;4750;;0.7397894736842106;0.7212643678160919;0.7397894736842106;0.730409478278944;3514;1358;1236
659;mixing_bowl;4750;;0.7229473684210527;0.7380184826993338;0.7229473684210527;0.730405189833032;3434;1219;1316
589;hand_blower;4750;;0.6806315789473685;0.7870009737098345;0.6806315789473685;0.7299616166177466;3233;875;1517
944;artichoke;4750;;0.5941052631578947;0.9450770261219023;0.5941052631578947;0.7295760082730094;2822;164;1928
730;plow;4750;;0.6505263157894737;0.8297529538131042;0.6505263157894737;0.7292895916922352;3090;634;1660
473;can_opener;4750;;0.744421052631579;0.7141991516865279;0.744421052631579;0.728997010617462;3536;1415;1214
480;cash_machine;4750;;0.7115789473684211;0.7466313231720786;0.7115789473684211;0.7286838417591894;3380;1147;1370
902;whistle;4750;;0.8442105263157895;0.6405750798722045;0.8442105263157895;0.7284287011807449;4010;2250;740
880;unicycle;4750;;0.7661052631578947;0.6934070121951219;0.7661052631578947;0.7279455891178236;3639;1609;1111
864;tow_truck;4750;;0.6762105263157895;0.7868691817736404;0.6762105263157895;0.7273550724637683;3212;870;1538
550;espresso_maker;4750;;0.7378947368421053;0.7166223676139849;0.7378947368421053;0.7271029976143554;3505;1386;1245
50;American_alligator;4750;;0.6208421052631579;0.8768956289027654;0.6208421052631579;0.7269813878959693;2949;414;1801
517;crane;4750;;0.6861052631578948;0.7717262609519299;0.6861052631578948;0.7264014265017276;3259;964;1491
205;flat-coated_retriever;4750;;0.6888421052631579;0.7682554590279408;0.6888421052631579;0.7263847263847264;3272;987;1478
543;dumbbell;4750;;0.7692631578947369;0.6878765060240963;0.7692631578947369;0.7262969588550984;3654;1658;1096
421;bannister;4750;;0.7458947368421053;0.7069034317637669;0.7458947368421053;0.7258758451137062;3543;1469;1207
617;lab_coat;4750;;0.6903157894736842;0.7648705388383485;0.6903157894736842;0.7256833019807458;3279;1008;1471
232;Border_collie;4750;;0.7821052631578947;0.6761922096832909;0.7821052631578947;0.7253026161655602;3715;1779;1035
109;brain_coral;4750;;0.7122105263157895;0.7378407851690294;0.7122105263157895;0.7247991430101767;3383;1202;1367
723;pinwheel;4750;;0.884;0.6141582565452683;0.884;0.724777768188487;4199;2638;551
123;spiny_lobster;4750;;0.6412631578947369;0.8311050477489768;0.6412631578947369;0.7239453357100416;3046;619;1704
252;affenpinscher;4750;;0.883578947368421;0.6118075801749271;0.883578947368421;0.7229974160206718;4197;2663;553
233;Bouvier_des_Flandres;4750;;0.7528421052631579;0.6940993788819876;0.7528421052631579;0.7222783276105837;3576;1576;1174
456;bow;4750;;0.7932631578947369;0.662563741867417;0.7932631578947369;0.7220465651049153;3768;1919;982
179;Staffordshire_bullterrier;4750;;0.6764210526315789;0.7732851985559567;0.6764210526315789;0.7216170690623245;3213;942;1537
452;bonnet;4750;;0.6825263157894736;0.7651640311541185;0.6825263157894736;0.7214865917436296;3242;995;1508
778;scale;4750;;0.6006315789473684;0.9028481012658228;0.6006315789473684;0.7213653603034135;2853;307;1897
875;trombone;4750;;0.6856842105263158;0.7608035505722962;0.6856842105263158;0.7212933229985605;3257;1024;1493
72;black_and_gold_garden_spider;4750;;0.7267368421052631;0.7155887230514096;0.7267368421052631;0.7211196991852934;3452;1372;1298
654;minibus;4750;;0.7749473684210526;0.6740523713605566;0.7749473684210526;0.7209871706982665;3681;1780;1069
114;slug;4750;;0.6429473684210526;0.8200859291084855;0.6429473684210526;0.7207930139249469;3054;670;1696
924;guacamole;4750;;0.6168421052631579;0.8648170011806375;0.6168421052631579;0.720078643401327;2930;458;1820
850;teddy;4750;;0.6726315789473685;0.7730462134043068;0.6726315789473685;0.7193515704154002;3195;938;1555
823;stethoscope;4750;;0.6789473684210526;0.7647616789186625;0.6789473684210526;0.7193041150886583;3225;992;1525
313;walking_stick;4750;;0.6336842105263157;0.8298869589192169;0.6336842105263157;0.7186343559746925;3010;617;1740
690;oxcart;4750;;0.844421052631579;0.6253507951356407;0.844421052631579;0.7185596560372626;4011;2403;739
849;teapot;4750;;0.643578947368421;0.8123837363805474;0.643578947368421;0.7181957006930576;3057;706;1693
702;parallel_bars;4750;;0.7673684210526316;0.6740014792899408;0.7673684210526316;0.7176609568812758;3645;1763;1105
158;toy_terrier;4750;;0.7701052631578947;0.6710695285268758;0.7701052631578947;0.7171845897461034;3658;1793;1092
162;beagle;4750;;0.7067368421052631;0.7275682704811444;0.7067368421052631;0.7170012815036308;3357;1257;1393
791;shopping_cart;4750;;0.6677894736842105;0.7738472798243474;0.6677894736842105;0.7169171657814442;3172;927;1578
207;golden_retriever;4750;;0.7869473684210526;0.6582144743792921;0.7869473684210526;0.7168472528526225;3738;1941;1012
596;hatchet;4750;;0.6553684210526316;0.7907035814071628;0.6553684210526316;0.716703119604006;3113;824;1637
717;pickup;4750;;0.6092631578947368;0.8701142513529766;0.6092631578947368;0.716691431401684;2894;432;1856
175;otterhound;4750;;0.8326315789473684;0.6281766200762389;0.8326315789473684;0.7160963244613435;3955;2341;795
220;Sussex_spaniel;4750;;0.728;0.7027027027027027;0.728;0.7151277013752456;3458;1463;1292
579;grand_piano;4750;;0.6263157894736842;0.8319351230425056;0.6263157894736842;0.7146288734085996;2975;601;1775
678;neck_brace;4750;;0.7707368421052632;0.6657574104382615;0.7707368421052632;0.7144111620645917;3661;1838;1089
457;bow_tie;4750;;0.6446315789473684;0.7990605427974948;0.6446315789473684;0.7135865765555814;3062;770;1688
393;anemone_fish;4750;;0.5677894736842105;0.9577414772727273;0.5677894736842105;0.7129262490087231;2697;119;2053
153;Maltese_dog;4750;;0.7627368421052632;0.6680803983035221;0.7627368421052632;0.7122775975621745;3623;1800;1127
226;briard;4750;;0.6389473684210526;0.8043996819507023;0.6389473684210526;0.7121905432359498;3035;738;1715
942;butternut_squash;4750;;0.6383157894736842;0.8053120849933599;0.6383157894736842;0.7121550205519671;3032;733;1718
334;porcupine;4750;;0.7816842105263158;0.6538122908962846;0.7816842105263158;0.7120529293316713;3713;1966;1037
867;trailer_truck;4750;;0.7406315789473684;0.6853691798168712;0.7406315789473684;0.7119295760396641;3518;1615;1232
532;dining_table;4750;;0.6981052631578948;0.7257605602976581;0.6981052631578948;0.711664341667561;3316;1253;1434
812;space_shuttle;4750;;0.876;0.5990498128419234;0.876;0.7115253077975376;4161;2785;589
756;rain_barrel;4750;;0.6294736842105263;0.8173865500273373;0.6294736842105263;0.7112274024738345;2990;668;1760
671;mountain_bike;4750;;0.8621052631578947;0.60523204256577;0.8621052631578947;0.7111844390413337;4095;2671;655
399;abaya;4750;;0.7736842105263158;0.6576592698639943;0.7736842105263158;0.7109692396982008;3675;1913;1075
777;scabbard;4750;;0.7162105263157895;0.7055163832434674;0.7162105263157895;0.7108232344337653;3402;1420;1348
383;Madagascar_cat;4750;;0.5818947368421052;0.9125123803235391;0.5818947368421052;0.7106311865278312;2764;265;1986
971;bubble;4750;;0.7176842105263158;0.7033216422529399;0.7176842105263158;0.7104303428154631;3409;1438;1341
101;tusker;4750;;0.7873684210526316;0.6464995678478824;0.7873684210526316;0.7100142382534409;3740;2045;1010
202;soft-coated_wheaten_terrier;4750;;0.7147368421052631;0.7046492320464923;0.7147368421052631;0.7096571906354515;3395;1423;1355
390;eel;4750;;0.6793684210526316;0.742692750287687;0.6793684210526316;0.7096206706981859;3227;1118;1523
901;whiskey_jug;4750;;0.7532631578947369;0.6702884975646309;0.7532631578947369;0.7093576526566218;3578;1760;1172
546;electric_guitar;4750;;0.7111578947368421;0.707434554973822;0.7111578947368421;0.7092913385826772;3378;1397;1372
758;reel;4750;;0.6570526315789473;0.7704270550481362;0.6570526315789473;0.7092375866378821;3121;930;1629
641;maraca;4750;;0.8913684210526316;0.5888734353268429;0.8913684210526316;0.709212730318258;4234;2956;516
793;shower_cap;4750;;0.7128421052631579;0.7055636590956449;0.7128421052631579;0.7091842077704472;3386;1413;1364
720;pill_bottle;4750;;0.7898947368421053;0.6433470507544582;0.7898947368421053;0.7091287091287092;3752;2080;998
206;curly-coated_retriever;4750;;0.7231578947368421;0.694079612042837;0.7231578947368421;0.7083204454067429;3435;1514;1315
704;parking_meter;4750;;0.8176842105263158;0.6247386199131414;0.8176842105263158;0.7083067383970092;3884;2333;866
107;jellyfish;4750;;0.795578947368421;0.6375906866880378;0.795578947368421;0.7078767444038586;3779;2148;971
468;cab;4750;;0.7543157894736842;0.6667286937104577;0.7543157894736842;0.7078229948636904;3583;1791;1167
738;pot;4750;;0.7705263157894737;0.6545064377682404;0.7705263157894737;0.7077934635467028;3660;1932;1090
761;remote_control;4750;;0.739578947368421;0.6771395528141866;0.739578947368421;0.706983296437915;3513;1675;1237
263;Pembroke;4750;;0.6075789473684211;0.8446005267778753;0.6075789473684211;0.7067466634014937;2886;531;1864
520;crib;4750;;0.6088421052631579;0.8419213973799127;0.6088421052631579;0.706658521686011;2892;543;1858
314;cockroach;4750;;0.6536842105263158;0.7685643564356436;0.6536842105263158;0.7064846416382252;3105;935;1645
616;knot;4750;;0.7406315789473684;0.6749808135072909;0.7406315789473684;0.706283878739209;3518;1694;1232
449;boathouse;4750;;0.7086315789473684;0.703301295445048;0.7086315789473684;0.7059563758389261;3366;1420;1384
257;Great_Pyrenees;4750;;0.6949473684210526;0.7151213171577123;0.6949473684210526;0.704890027759983;3301;1315;1449
373;macaque;4750;;0.6684210526315789;0.7419957934096751;0.6684210526315789;0.7032894008195812;3175;1104;1575
949;strawberry;4750;;0.684;0.7234468937875751;0.684;0.7031706525267828;3249;1242;1501
41;whiptail;4750;;0.8608421052631579;0.5938135347081034;0.8608421052631579;0.7028188380886903;4089;2797;661
37;box_turtle;4750;;0.6172631578947368;0.8108407079646017;0.6172631578947368;0.7009323452067893;2932;684;1818
437;beacon;4750;;0.6629473684210526;0.7433899905571294;0.6629473684210526;0.7008680169152014;3149;1087;1601
475;car_mirror;4750;;0.907578947368421;0.5707665828147755;0.907578947368421;0.7008046817849306;4311;3242;439
533;dishrag;4750;;0.6181052631578947;0.8090383025626895;0.6181052631578947;0.7007996180928512;2936;693;1814
557;flagpole;4750;;0.6458947368421053;0.7650872817955112;0.6458947368421053;0.7004566210045662;3068;942;1682
112;conch;4750;;0.6433684210526316;0.7684184058335428;0.6433684210526316;0.7003552194339406;3056;921;1694
597;holster;4750;;0.6117894736842105;0.8181306306306306;0.6117894736842105;0.700072271741749;2906;646;1844
703;park_bench;4750;;0.7170526315789474;0.6818818818818819;0.7170526315789474;0.699025141097999;3406;1589;1344
644;matchstick;4750;;0.6797894736842105;0.718833481745325;0.6797894736842105;0.6987665007574119;3229;1263;1521
208;Labrador_retriever;4750;;0.6797894736842105;0.7177150477883975;0.6797894736842105;0.6982376473132231;3229;1270;1521
78;tick;4750;;0.7823157894736842;0.6301509241987451;0.7823157894736842;0.6980370057293134;3716;2181;1034
467;butcher_shop;4750;;0.6202105263157894;0.7972936400541272;0.6202105263157894;0.6976909413854352;2946;749;1804
184;Irish_terrier;4750;;0.6812631578947368;0.7127753303964758;0.6812631578947368;0.6966630785791174;3236;1304;1514
357;mink;4750;;0.7776842105263158;0.6308060109289617;0.7776842105263158;0.6965868376390721;3694;2162;1056
219;cocker_spaniel;4750;;0.6526315789473685;0.741272118603539;0.6526315789473685;0.6941334527541424;3100;1082;1650
484;catamaran;4750;;0.612421052631579;0.7998350288699477;0.612421052631579;0.6936926195302254;2909;728;1841
280;grey_fox;4750;;0.7372631578947368;0.6548242333582648;0.7372631578947368;0.6936026936026936;3502;1846;1248
196;miniature_schnauzer;4750;;0.5644210526315789;0.8987596379483741;0.5644210526315789;0.6933919565498512;2681;302;2069
701;parachute;4750;;0.916;0.5566786079836233;0.916;0.6925035810918351;4351;3465;399
222;kuvasz;4750;;0.7147368421052631;0.6712139185448794;0.7147368421052631;0.6922920065252854;3395;1663;1355
997;bolete;4750;;0.6353684210526316;0.7596274855273093;0.6353684210526316;0.6919637739309871;3018;955;1732
577;gong;4750;;0.7945263157894736;0.6110751295336787;0.7945263157894736;0.6908292147171883;3774;2402;976
474;cardigan;4750;;0.62;0.7795129698253044;0.62;0.6906660412757973;2945;833;1805
151;Chihuahua;4750;;0.6837894736842105;0.6958011996572407;0.6837894736842105;0.6897430452325334;3248;1420;1502
61;boa_constrictor;4750;;0.5648421052631579;0.8854785478547855;0.5648421052631579;0.6897172236503857;2683;347;2067
879;umbrella;4750;;0.6136842105263158;0.7815013404825737;0.6136842105263158;0.6875;2915;815;1835
919;street_sign;4750;;0.6875789473684211;0.6864228667507356;0.6875789473684211;0.6870004206983593;3266;1492;1484
745;projector;4750;;0.6454736842105263;0.7336683417085427;0.6454736842105263;0.6867510359502743;3066;1113;1684
806;sock;4750;;0.5987368421052631;0.8040712468193384;0.5987368421052631;0.6863762519609026;2844;693;1906
626;lighter;4750;;0.6972631578947368;0.6756425948592412;0.6972631578947368;0.6862826357231661;3312;1590;1438
269;timber_wolf;4750;;0.6774736842105263;0.6935344827586207;0.6774736842105263;0.6854100106496273;3218;1422;1532
103;platypus;4750;;0.7677894736842106;0.6182403797253772;0.7677894736842106;0.6849469433749649;3647;2252;1103
204;Lhasa;4750;;0.636421052631579;0.7400244798041615;0.636421052631579;0.6843237125070741;3023;1062;1727
552;feather_boa;4750;;0.6930526315789474;0.673899692937564;0.6930526315789474;0.6833419823559937;3292;1593;1458
503;cocktail_shaker;4750;;0.6903157894736842;0.6728914426431356;0.6903157894736842;0.6814922581315598;3279;1594;1471
76;tarantula;4750;;0.6387368421052632;0.7302045728038508;0.6387368421052632;0.681414935429534;3034;1121;1716
529;diaper;4750;;0.7117894736842105;0.6524507912003088;0.7117894736842105;0.6808296415626259;3381;1801;1369
790;shopping_basket;4750;;0.712421052631579;0.6517719568567026;0.712421052631579;0.6807483403741703;3384;1808;1366
400;academic_gown;4750;;0.7846315789473685;0.6009351821992905;0.7846315789473685;0.6806062819576334;3727;2475;1023
740;power_drill;4750;;0.6056842105263158;0.7744279946164199;0.6056842105263158;0.6797401063201417;2877;838;1873
721;pillow;4750;;0.5317894736842105;0.9414834140887067;0.5317894736842105;0.6796717341584825;2526;157;2224
847;tank;4750;;0.7315789473684211;0.6344714259631185;0.7315789473684211;0.6795736775202895;3475;2002;1275
551;face_powder;4750;;0.8025263157894736;0.588453226304415;0.8025263157894736;0.6790167438546492;3812;2666;938
189;Lakeland_terrier;4750;;0.6930526315789474;0.6653193209377526;0.6930526315789474;0.6789028665704269;3292;1656;1458
200;Tibetan_terrier;4750;;0.635578947368421;0.7269443775583915;0.635578947368421;0.6781983601033359;3019;1134;1731
310;ant;4750;;0.7833684210526316;0.5976549951814969;0.7833684210526316;0.6780247813411079;3721;2505;1029
835;sundial;4750;;0.5926315789473684;0.7920652785593697;0.5926315789473684;0.6779865125240848;2815;739;1935
774;sandal;4750;;0.5776842105263158;0.8176400476758046;0.5776842105263158;0.6770293609671848;2744;612;2006
490;chain_mail;4750;;0.6362105263157894;0.7227935900502273;0.6362105263157894;0.6767439256522226;3022;1159;1728
440;beer_bottle;4750;;0.6711578947368421;0.6822169912261931;0.6711578947368421;0.6766422583041495;3188;1485;1562
483;castle;4750;;0.6673684210526316;0.6855536332179931;0.6673684210526316;0.6763388094730104;3170;1454;1580
798;slide_rule;4750;;0.6282105263157894;0.7322699386503068;0.6282105263157894;0.6762606232294617;2984;1091;1766
773;saltshaker;4750;;0.5732631578947368;0.8241525423728814;0.5732631578947368;0.6761857462130618;2723;581;2027
476;carousel;4750;;0.9090526315789473;0.5380685358255451;0.9090526315789473;0.6760078277886497;4318;3707;432
302;ground_beetle;4750;;0.720421052631579;0.6351150705270973;0.720421052631579;0.6750838429670546;3422;1966;1328
431;bassinet;4750;;0.7082105263157895;0.6441976254308694;0.7082105263157895;0.6746891295627758;3364;1858;1386
788;shoe_shop;4750;;0.6772631578947368;0.6718880534670009;0.6772631578947368;0.6745648983015308;3217;1571;1533
180;American_Staffordshire_terrier;4750;;0.7132631578947368;0.6390041493775933;0.7132631578947368;0.6740947075208913;3388;1914;1362
227;kelpie;4750;;0.7023157894736842;0.6477669902912622;0.7023157894736842;0.673939393939394;3336;1814;1414
939;zucchini;4750;;0.5846315789473684;0.7943363844393593;0.5846315789473684;0.6735386854232356;2777;719;1973
439;bearskin;4750;;0.9338947368421052;0.5259039715471251;0.9338947368421052;0.6728858551384149;4436;3999;314
80;black_grouse;4750;;0.9223157894736842;0.5295539707482171;0.9223157894736842;0.6728096444751593;4381;3892;369
197;giant_schnauzer;4750;;0.576421052631579;0.8074314361545267;0.576421052631579;0.6726446382508292;2738;653;2012
380;titi;4750;;0.767578947368421;0.5985880807749138;0.767578947368421;0.6726316760446454;3646;2445;1104
443;bib;4750;;0.6103157894736843;0.7485153627678802;0.6103157894736843;0.6723878000695813;2899;974;1851
697;pajama;4750;;0.6818947368421052;0.6629144494474007;0.6818947368421052;0.6722706517227065;3239;1647;1511
459;brassiere;4750;;0.6654736842105263;0.6787631522439339;0.6654736842105263;0.6720527266928883;3161;1496;1589
590;hand-held_computer;4750;;0.7073684210526315;0.6398781184536279;0.7073684210526315;0.671932806719328;3360;1891;1390
913;wreck;4750;;0.7136842105263158;0.6338818249813014;0.7136842105263158;0.6714200831847891;3390;1958;1360
49;African_crocodile;4750;;0.592421052631579;0.7743533296642818;0.592421052631579;0.6712786259541986;2814;820;1936
759;reflex_camera;4750;;0.6566315789473685;0.6856451967465377;0.6566315789473685;0.6708248198731047;3119;1430;1631
455;bottlecap;4750;;0.640421052631579;0.7040037028465633;0.640421052631579;0.670708852386727;3042;1279;1708
940;spaghetti_squash;4750;;0.7745263157894737;0.5908141962421712;0.7745263157894737;0.6703106495399473;3679;2548;1071
544;Dutch_oven;4750;;0.6031578947368421;0.7519685039370079;0.6031578947368421;0.6693925233644861;2865;945;1885
514;cowboy_boot;4750;;0.6827368421052632;0.6564777327935223;0.6827368421052632;0.6693498452012384;3243;1697;1507
409;analog_clock;4750;;0.6621052631578948;0.6754725085910653;0.6621052631578948;0.6687220922815225;3145;1511;1605
230;Shetland_sheepdog;4750;;0.6966315789473684;0.6428987759860113;0.6966315789473684;0.6686874810548651;3309;1838;1441
792;shovel;4750;;0.6071578947368421;0.7431074465343983;0.6071578947368421;0.6682887266828873;2884;997;1866
826;stopwatch;4750;;0.6225263157894737;0.7210436478907584;0.6225263157894737;0.6681730877866907;2957;1144;1793
760;refrigerator;4750;;0.7046315789473684;0.6351043643263757;0.7046315789473684;0.668063872255489;3347;1923;1403
170;Irish_wolfhound;4750;;0.6286315789473684;0.7116301239275501;0.6286315789473684;0.6675609210820478;2986;1210;1764
465;bulletproof_vest;4750;;0.7303157894736843;0.6136564655934902;0.7303157894736843;0.6669230029799097;3469;2184;1281
789;shoji;4750;;0.7882105263157895;0.5776886282981022;0.7882105263157895;0.6667260261775443;3744;2737;1006
382;squirrel_monkey;4750;;0.7042105263157895;0.6325642965204236;0.7042105263157895;0.6664674237895994;3345;1943;1405
922;menu;4750;;0.5543157894736842;0.8340196388976877;0.5543157894736842;0.6659921588465917;2633;524;2117
441;beer_glass;4750;;0.6132631578947368;0.7253486055776892;0.6132631578947368;0.6646132785763176;2913;1103;1837
201;silky_terrier;4750;;0.535578947368421;0.8742268041237113;0.535578947368421;0.6642297650130548;2544;366;2206
166;Walker_hound;4750;;0.6955789473684211;0.6353846153846154;0.6955789473684211;0.6641206030150754;3304;1896;1446
436;beach_wagon;4750;;0.6627368421052632;0.6632954066582385;0.6627368421052632;0.6630160067396799;3148;1598;1602
729;plate_rack;4750;;0.6385263157894737;0.6890049977283054;0.6385263157894737;0.6628059440559442;3033;1369;1717
842;swimming_trunks;4750;;0.6772631578947368;0.6481966552488414;0.6772631578947368;0.6624112014825491;3217;1746;1533
807;solar_dish;4750;;0.7957894736842105;0.5670567056705671;0.7957894736842105;0.6622284512964262;3780;2886;970
737;pop_bottle;4750;;0.5898947368421052;0.75464583894425;0.5898947368421052;0.662176533144275;2802;911;1948
422;barbell;4750;;0.5722105263157895;0.7823834196891192;0.5722105263157895;0.6609922178988328;2718;756;2032
492;chest;4750;;0.5943157894736842;0.7434816960758494;0.5943157894736842;0.6605826605826606;2823;974;1927
861;toilet_seat;4750;;0.6427368421052632;0.6782937125083315;0.6427368421052632;0.660036752783483;3053;1448;1697
498;cinema;4750;;0.592421052631579;0.7438540840602696;0.592421052631579;0.6595570139458573;2814;969;1936
572;goblet;4750;;0.5513684210526316;0.8199749530369442;0.5513684210526316;0.6593655589123868;2619;575;2131
52;thunder_snake;4750;;0.7088421052631579;0.6163280248947465;0.7088421052631579;0.6593557230980124;3367;2096;1383
523;crutch;4750;;0.5717894736842105;0.7766657134686874;0.5717894736842105;0.6586637565175214;2716;781;2034
831;studio_couch;4750;;0.8002105263157895;0.5596289752650176;0.8002105263157895;0.6586380176745799;3801;2991;949
40;American_chameleon;4750;;0.6741052631578948;0.6424558587479936;0.6741052631578948;0.6579001438257654;3202;1782;1548
964;potpie;4750;;0.7151578947368421;0.6084542360737955;0.7151578947368421;0.6575050808090582;3397;2186;1353
749;quill;4750;;0.732;0.594562243502052;0.732;0.6561615399131913;3477;2371;1273
462;broom;4750;;0.6690526315789473;0.6437107555195463;0.6690526315789473;0.6561370909466295;3178;1759;1572
643;mask;4750;;0.5768421052631579;0.7604773799611435;0.5768421052631579;0.6560517179456482;2740;863;2010
711;perfume;4750;;0.5724210526315789;0.7633352049410443;0.5724210526315789;0.6542348411934553;2719;843;2031
385;Indian_elephant;4750;;0.5825263157894737;0.7450188476036618;0.5825263157894737;0.65382797731569;2767;947;1983
402;acoustic_guitar;4750;;0.6056842105263158;0.7087952697708795;0.6056842105263158;0.6531955954137814;2877;1182;1873
602;horizontal_bar;4750;;0.6993684210526315;0.612237375598968;0.6993684210526315;0.6529088050314465;3322;2104;1428
241;EntleBucher;4750;;0.8242105263157895;0.5403726708074534;0.8242105263157895;0.6527719883284702;3915;3330;835
869;trench_coat;4750;;0.5722105263157895;0.759217877094972;0.5722105263157895;0.6525810324129652;2718;862;2032
168;redbone;4750;;0.8006315789473685;0.5502821588771524;0.8006315789473685;0.652259668982077;3803;3108;947
126;isopod;4750;;0.7248421052631578;0.5924969884701429;0.7248421052631578;0.6520215888646909;3443;2368;1307
693;paddle;4750;;0.6553684210526316;0.6486768076682642;0.6553684210526316;0.6520054455963975;3113;1686;1637
992;agaric;4750;;0.6197894736842106;0.6860871591703566;0.6197894736842106;0.6512553921026436;2944;1347;1806
506;coil;4750;;0.6976842105263158;0.6095273128563546;0.6976842105263158;0.6506331599096888;3314;2123;1436
427;barrel;4750;;0.6389473684210526;0.6623745089480576;0.6389473684210526;0.6504500642948993;3035;1547;1715
311;grasshopper;4750;;0.6347368421052632;0.6646825396825397;0.6347368421052632;0.6493646349343097;3015;1521;1735
943;cucumber;4750;;0.6277894736842106;0.6713192255740658;0.6277894736842106;0.6488250652741515;2982;1460;1768
525;dam;4750;;0.6814736842105263;0.6185744314924517;0.6814736842105263;0.6485024541720925;3237;1996;1513
710;pencil_sharpener;4750;;0.5917894736842105;0.7170918367346939;0.5917894736842105;0.6484429065743945;2811;1109;1939
858;tile_roof;4750;;0.5463157894736842;0.7945499081445193;0.5463157894736842;0.6474550898203593;2595;671;2155
804;soap_dispenser;4750;;0.6387368421052632;0.656;0.6387368421052632;0.6472533333333333;3034;1591;1716
384;indri;4750;;0.9174736842105263;0.4990838295923042;0.9174736842105263;0.6464916184542353;4358;4374;392
187;Yorkshire_terrier;4750;;0.6351578947368421;0.657728362764334;0.6351578947368421;0.6462461175966584;3017;1570;1733
188;wire-haired_fox_terrier;4750;;0.8978947368421053;0.5041967135595224;0.8978947368421053;0.6457718222424105;4265;4194;485
950;orange;4750;;0.5692631578947368;0.7442884668318195;0.5692631578947368;0.6451151139210307;2704;929;2046
667;mortarboard;4750;;0.5511578947368421;0.7757037037037037;0.5511578947368421;0.6444307692307693;2618;757;2132
124;crayfish;4750;;0.5536842105263158;0.7692307692307693;0.5536842105263158;0.6438976618925204;2630;789;2120
608;jean;4750;;0.5717894736842105;0.7354454373138369;0.5717894736842105;0.643373208575151;2716;977;2034
453;bookcase;4750;;0.6433684210526316;0.6428270929743374;0.6433684210526316;0.6430976430976431;3056;1698;1694
854;theater_curtain;4750;;0.844;0.5174906415386601;0.844;0.6415939825558133;4009;3738;741
329;sea_cucumber;4750;;0.6378947368421053;0.6445437141033823;0.6378947368421053;0.6412019892074913;3030;1671;1720
708;pedestal;4750;;0.6503157894736842;0.6315681864649356;0.6503157894736842;0.6408048957577015;3089;1802;1661
419;Band_Aid;4750;;0.7141052631578947;0.5809213906490838;0.7141052631578947;0.6406648408726037;3392;2447;1358
502;clog;4750;;0.6848421052631579;0.6012939001848429;0.6848421052631579;0.6403543307086615;3253;2157;1497
680;nipple;4750;;0.7616842105263157;0.5521978021978022;0.7616842105263157;0.6402406653689613;3618;2934;1132
271;red_wolf;4750;;0.5867368421052631;0.7037878787878787;0.5867368421052631;0.6399540757749712;2787;1173;1963
775;sarong;4750;;0.6437894736842106;0.6352305774823431;0.6437894736842106;0.6394813885403597;3058;1756;1692
895;warplane;4750;;0.7505263157894737;0.5564226627126581;0.7505263157894737;0.6390606793941024;3565;2842;1185
413;assault_rifle;4750;;0.7458947368421053;0.5583044437440907;0.7458947368421053;0.6386085075702956;3543;2803;1207
341;hog;4750;;0.592;0.6914187361691665;0.592;0.6378586820914144;2812;1255;1938
513;cornet;4750;;0.6231578947368421;0.6531332744924978;0.6231578947368421;0.6377935789700496;2960;1572;1790
735;poncho;4750;;0.6732631578947369;0.6055671274379852;0.6732631578947369;0.6376233675605624;3198;2083;1552
463;bucket;4750;;0.5774736842105264;0.7102537545313309;0.5774736842105264;0.6370181142591732;2743;1119;2007
411;apron;4750;;0.5494736842105263;0.7560834298957126;0.5494736842105263;0.6364301389904902;2610;842;2140
634;lumbermill;4750;;0.6781052631578948;0.5994788758607854;0.6781052631578948;0.6363726168131977;3221;2152;1529
827;stove;4750;;0.5968421052631578;0.6805088814210274;0.5968421052631578;0.635935397039031;2835;1331;1915
651;microwave;4750;;0.6098947368421053;0.6642971795459757;0.6098947368421053;0.6359345845681045;2897;1464;1853
531;digital_watch;4750;;0.6008421052631578;0.674864034050603;0.6008421052631578;0.6357055351375431;2854;1375;1896
855;thimble;4750;;0.6949473684210526;0.5850762141084722;0.6949473684210526;0.6352963818321785;3301;2341;1449
839;suspension_bridge;4750;;0.5098947368421053;0.8412643278916291;0.5098947368421053;0.6349456023069865;2422;457;2328
438;beaker;4750;;0.6317894736842106;0.6381033382947056;0.6317894736842106;0.634930709827568;3001;1702;1749
830;stretcher;4750;;0.7543157894736842;0.547440794499618;0.7543157894736842;0.6344400177069499;3583;2962;1167
691;oxygen_mask;4750;;0.6202105263157894;0.6493277496142825;0.6202105263157894;0.6344352320447938;2946;1591;1804
648;medicine_chest;4750;;0.5846315789473684;0.6932101847229156;0.5846315789473684;0.6343079031521243;2777;1229;1973
696;paintbrush;4750;;0.6431578947368422;0.6244889615699101;0.6431578947368422;0.6336859572702759;3055;1837;1695
30;bullfrog;4750;;0.4983157894736842;0.8689427312775331;0.4983157894736842;0.6333957720096334;2367;357;2383
499;cleaver;4750;;0.5703157894736842;0.7078651685393258;0.5703157894736842;0.6316894018887723;2709;1118;2041
65;sea_snake;4750;;0.6789473684210526;0.5903349807797913;0.6789473684210526;0.6315480270243807;3225;2238;1525
683;oboe;4750;;0.6751578947368421;0.5904989872951575;0.6751578947368421;0.629997053334643;3207;2224;1543
250;Siberian_husky;4750;;0.655578947368421;0.6063084112149533;0.655578947368421;0.6299817924337446;3114;2022;1636
44;alligator_lizard;4750;;0.5210526315789473;0.7937780628608082;0.5210526315789473;0.6291306558210472;2475;643;2275
769;rule;4750;;0.6193684210526316;0.638870792616721;0.6193684210526316;0.6289684660609299;2942;1663;1808
487;cellular_telephone;4750;;0.5829473684210527;0.6811808118081181;0.5829473684210527;0.6282473057288713;2769;1296;1981
538;dome;4750;;0.5414736842105263;0.7470229451060122;0.5414736842105263;0.6278530452825583;2572;871;2178
772;safety_pin;4750;;0.6071578947368421;0.6498422712933754;0.6071578947368421;0.6277753591641271;2884;1554;1866
371;patas;4750;;0.6951578947368421;0.5708852005532503;0.6951578947368421;0.6269223466869185;3302;2482;1448
966;red_wine;4750;;0.6429473684210526;0.6084877465630604;0.6429473684210526;0.6252431159791176;3054;1965;1696
489;chainlink_fence;4750;;0.5341052631578947;0.7497044917257684;0.5341052631578947;0.6238013277600197;2537;847;2213
817;sports_car;4750;;0.6755789473684211;0.5785109067964666;0.6755789473684211;0.6232883364086627;3209;2338;1541
811;space_heater;4750;;0.604421052631579;0.6422818791946309;0.604421052631579;0.6227765726681128;2871;1599;1879
979;valley;4750;;0.6157894736842106;0.6280867511273351;0.6157894736842106;0.6218773253959818;2925;1732;1825
908;wing;4750;;0.5067368421052632;0.8031364698031365;0.5067368421052632;0.6214018329676003;2407;590;2343
581;grille;4750;;0.4928421052631579;0.8399712952996053;0.4928421052631579;0.6212020697890408;2341;446;2409
892;wall_clock;4750;;0.6610526315789473;0.5840773809523809;0.6610526315789473;0.6201856606754889;3140;2236;1610
712;Petri_dish;4750;;0.6917894736842105;0.5611338797814208;0.6917894736842105;0.6196492551386007;3286;2570;1464
418;ballpoint;4750;;0.6654736842105263;0.5796809095910508;0.6654736842105263;0.6196216798980692;3161;2292;1589
845;syringe;4750;;0.531578947368421;0.7424286974419289;0.531578947368421;0.6195558827137774;2525;876;2225
935;mashed_potato;4750;;0.5172631578947369;0.7721558768070396;0.5172631578947369;0.6195158850226928;2457;725;2293
844;switch;4750;;0.6014736842105263;0.6385784532856504;0.6014736842105263;0.6194709453599306;2857;1617;1893
591;handkerchief;4750;;0.5831578947368421;0.6595238095238095;0.5831578947368421;0.6189944134078211;2770;1430;1980
405;airship;4750;;0.6505263157894737;0.5884593410778899;0.6505263157894737;0.617938206179382;3090;2161;1660
862;torch;4750;;0.7494736842105263;0.5256164181308135;0.7494736842105263;0.6178946454916253;3560;3213;1190
515;cowboy_hat;4750;;0.5418947368421053;0.7155963302752294;0.5418947368421053;0.6167485324068528;2574;1023;2176
588;hamper;4750;;0.6334736842105263;0.5998803827751196;0.6334736842105263;0.6162195371697727;3009;2007;1741
359;black-footed_ferret;4750;;0.6216842105263158;0.6089915446483811;0.6216842105263158;0.6152724242108553;2953;1896;1797
887;vestment;4750;;0.5755789473684211;0.6603864734299517;0.5755789473684211;0.6150731158605175;2734;1406;2016
662;modem;4750;;0.5974736842105263;0.6316492321388827;0.5974736842105263;0.6140863356053228;2838;1655;1912
328;sea_urchin;4750;;0.7372631578947368;0.5251162093267356;0.7372631578947368;0.6133636920921272;3502;3167;1248
446;binder;4750;;0.6048421052631578;0.6194480379473911;0.6048421052631578;0.612057946314444;2873;1765;1877
866;tractor;4750;;0.5534736842105263;0.6839229968782519;0.5534736842105263;0.6118222015359553;2629;1215;2121
534;dishwasher;4750;;0.5309473684210526;0.7216022889842633;0.5309473684210526;0.6117647058823529;2522;973;2228
700;paper_towel;4750;;0.5583157894736842;0.6717325227963525;0.5583157894736842;0.6097953552540814;2652;1296;2098
464;buckle;4750;;0.5648421052631579;0.6590518300171948;0.5648421052631579;0.6083210520349168;2683;1388;2067
481;cassette;4750;;0.6181052631578947;0.5977198697068404;0.6181052631578947;0.6077416683916373;2936;1976;1814
611;jigsaw_puzzle;4750;;0.7309473684210527;0.519916142557652;0.7309473684210527;0.607630381519076;3472;3206;1278
962;meat_loaf;4750;;0.6153684210526316;0.5999589490968801;0.6153684210526316;0.607565994595718;2923;1949;1827
5;electric_ray;4750;;0.7778947368421053;0.49817985708507484;0.7778947368421053;0.607380619709049;3695;3722;1055
912;worm_fence;4750;;0.828;0.4786418400876232;0.828;0.6066167964833808;3933;4284;817
59;vine_snake;4750;;0.7341052631578947;0.5152948130633959;0.7341052631578947;0.6055396370582616;3487;3280;1263
751;racer;4750;;0.6509473684210526;0.5646457268078889;0.6509473684210526;0.604733033444162;3092;2384;1658
846;table_lamp;4750;;0.6943157894736842;0.5355634946411173;0.6943157894736842;0.6046938027136047;3298;2860;1452
556;fire_screen;4750;;0.6442105263157895;0.5688789737869493;0.6442105263157895;0.6042057458781716;3060;2319;1690
587;hammer;4750;;0.49515789473684213;0.7747035573122529;0.49515789473684213;0.6041613151810943;2352;684;2398
272;coyote;4750;;0.6381052631578947;0.5732929827879705;0.6381052631578947;0.6039653282853442;3031;2256;1719
312;cricket;4750;;0.5378947368421053;0.6877523553162853;0.5378947368421053;0.6036621382161843;2555;1160;2195
277;red_fox;4750;;0.6513684210526316;0.5618303976756855;0.6513684210526316;0.6032953105196452;3094;2413;1656
163;bloodhound;4750;;0.47157894736842104;0.8324043106651803;0.47157894736842104;0.6020696142991534;2240;451;2510
883;vase;4750;;0.5675789473684211;0.6384087141842292;0.5675789473684211;0.6009138526691185;2696;1527;2054
412;ashcan;4750;;0.5353684210526316;0.6845222072678331;0.5353684210526316;0.6008269344359125;2543;1172;2207
108;sea_anemone;4750;;0.5452631578947369;0.6683870967741935;0.5452631578947369;0.6005797101449276;2590;1285;2160
598;home_theater;4750;;0.5730526315789474;0.6290732609198059;0.5730526315789474;0.5997576291726342;2722;1605;2028
797;sleeping_bag;4750;;0.5915789473684211;0.607304949211152;0.5915789473684211;0.5993388077210194;2810;1817;1940
910;wooden_spoon;4750;;0.5103157894736842;0.725097218067604;0.5103157894736842;0.5990362041270233;2424;919;2326
442;bell_cote;4750;;0.6953684210526315;0.5252027349340118;0.6953684210526315;0.5984237702690463;3303;2986;1447
675;moving_van;4750;;0.6915789473684211;0.5271181001283697;0.6915789473684211;0.5982516845747587;3285;2947;1465
408;amphibian;4750;;0.676;0.5350774870854857;0.676;0.5973397823458284;3211;2790;1539
884;vault;4750;;0.6625263157894736;0.5438050803525143;0.6625263157894736;0.5973237164278258;3147;2640;1603
434;bath_towel;4750;;0.5176842105263157;0.7045845272206304;0.5176842105263157;0.5968446601941748;2459;1031;2291
894;wardrobe;4750;;0.628421052631579;0.5661987860394537;0.628421052631579;0.5956894831370985;2985;2287;1765
660;mobile_home;4750;;0.6604210526315789;0.5418897909828986;0.6604210526315789;0.595312648258848;3137;2652;1613
21;kite;4750;;0.8475789473684211;0.45859437293541405;0.8475789473684211;0.5951659398329514;4026;4753;724
477;carpenter's_kit;4750;;0.6757894736842105;0.530403172504957;0.6757894736842105;0.5943343825217552;3210;2842;1540
851;television;4750;;0.6884210526315789;0.5214479349386063;0.6884210526315789;0.5934125759912893;3270;3001;1480
731;plunger;4750;;0.5646315789473684;0.624883504193849;0.5646315789473684;0.5932315859323158;2682;1610;2068
977;sandbar;4750;;0.5610526315789474;0.6266165059957677;0.5610526315789474;0.5920248805953571;2665;1588;2085
111;nematode;4750;;0.8964210526315789;0.4393767413063667;0.8964210526315789;0.5897098538882349;4258;5433;492
709;pencil_box;4750;;0.5033684210526316;0.7057260920897285;0.5033684210526316;0.5876136642909806;2391;997;2359
787;shield;4750;;0.5265263157894737;0.6626921038685745;0.5265263157894737;0.5868137024870953;2501;1273;2249
698;palace;4750;;0.6391578947368421;0.541466024612092;0.6391578947368421;0.5862701554504202;3036;2571;1714
636;mailbag;4750;;0.6305263157894737;0.5477322604242868;0.6305263157894737;0.5862203953807008;2995;2473;1755
718;pier;4750;;0.5898947368421052;0.5820523473203157;0.5898947368421052;0.5859473023839399;2802;2012;1948
278;kit_fox;4750;;0.5254736842105263;0.6601428193599577;0.5254736842105263;0.585160004688782;2496;1285;2254
747;punching_bag;4750;;0.6743157894736842;0.5152831402831403;0.6743157894736842;0.5841692504103593;3203;3013;1547
904;window_screen;4750;;0.5856842105263158;0.5799457994579946;0.5856842105263158;0.5828008798575469;2782;2015;1968
470;candle;4750;;0.6271578947368421;0.5407514975494645;0.6271578947368421;0.5807583585144751;2979;2530;1771
653;milk_can;4750;;0.7616842105263157;0.46816770186335405;0.7616842105263157;0.5799006251001763;3618;4110;1132
562;fountain;4750;;0.7096842105263158;0.4877025462962963;0.7096842105263158;0.5781169610701424;3371;3541;1379
530;digital_clock;4750;;0.5652631578947368;0.5908890845070423;0.5652631578947368;0.577792123950936;2685;1859;2065
62;rock_python;4750;;0.6048421052631578;0.5530317613089509;0.6048421052631578;0.5777777777777778;2873;2322;1877
926;hot_pot;4750;;0.7269473684210527;0.47832109710486215;0.7269473684210527;0.5769905589439385;3453;3766;1297
304;leaf_beetle;4750;;0.46610526315789474;0.7556313993174062;0.46610526315789474;0.5765625;2214;716;2536
445;bikini;4750;;0.5298947368421053;0.6314601103863522;0.5298947368421053;0.5762362637362638;2517;1469;2233
841;sweatshirt;4750;;0.4802105263157895;0.7202399747395011;0.4802105263157895;0.5762283693318176;2281;886;2469
193;Australian_terrier;4750;;0.5305263157894737;0.6263982102908278;0.5305263157894737;0.5744899122307078;2520;1503;2230
345;ox;4750;;0.5242105263157895;0.6352040816326531;0.5242105263157895;0.5743944636678201;2490;1430;2260
679;necklace;4750;;0.5551578947368421;0.5921850437907029;0.5551578947368421;0.5730739976094752;2637;1816;2113
494;chime;4750;;0.5669473684210526;0.5748132337246531;0.5669473684210526;0.5708532061473237;2693;1992;2057
34;leatherback_turtle;4750;;0.627578947368421;0.5230742235479908;0.627578947368421;0.5705809168341468;2981;2718;1769
824;stole;4750;;0.5972631578947368;0.545786841092728;0.5972631578947368;0.570365902694009;2837;2361;1913
652;military_uniform;4750;;0.4711578947368421;0.7212375120850789;0.4711578947368421;0.5699732586272762;2238;865;2512
238;Greater_Swiss_Mountain_dog;4750;;0.5381052631578948;0.6058307655842616;0.5381052631578948;0.5699632066005129;2556;1663;2194
595;harvester;4750;;0.5016842105263158;0.657923799006074;0.5016842105263158;0.5692785475394171;2383;1239;2367
705;passenger_car;4750;;0.5934736842105263;0.5461061604029446;0.5934736842105263;0.5688054882970137;2819;2343;1931
982;groom;4750;;0.41578947368421054;0.8969118982742961;0.41578947368421054;0.5681818181818182;1975;227;2775
64;green_mamba;4750;;0.708;0.47439695302581464;0.708;0.5681223076273334;3363;3726;1387
656;minivan;4750;;0.4442105263157895;0.7879014189693802;0.4442105263157895;0.5681206246634357;2110;568;2640
624;library;4750;;0.5608421052631579;0.5746333045729077;0.5608421052631579;0.567653952695504;2664;1972;2086
967;espresso;4750;;0.45810526315789474;0.7452054794520548;0.45810526315789474;0.5674054758800522;2176;744;2574
54;hognose_snake;4750;;0.43326315789473685;0.8176400476758046;0.43326315789473685;0.5663960368790423;2058;459;2692
815;spider_web;4750;;0.44063157894736843;0.7916036308623298;0.44063157894736843;0.5661347038139032;2093;551;2657
632;loudspeaker;4750;;0.531157894736842;0.6047459252157239;0.531157894736842;0.5655682582380632;2523;1649;2227
930;French_loaf;4750;;0.6181052631578947;0.5207520397304009;0.6181052631578947;0.5652676164805545;2936;2702;1814
828;strainer;4750;;0.476;0.6916488222698073;0.476;0.5639107120588602;2261;1008;2489
742;printer;4750;;0.4296842105263158;0.8167266906762705;0.4296842105263158;0.5631121534004689;2041;458;2709
381;spider_monkey;4750;;0.46442105263157896;0.7129928894634777;0.46442105263157896;0.5624681285058644;2206;888;2544
519;crate;4750;;0.5233684210526316;0.6072300928187592;0.5233684210526316;0.5621890547263682;2486;1608;2264
231;collie;4750;;0.504421052631579;0.6338624338624339;0.504421052631579;0.5617819460726846;2396;1384;2354
26;common_newt;4750;;0.6562105263157895;0.4900943396226415;0.6562105263157895;0.5611161116111612;3117;3243;1633
32;tailed_frog;4750;;0.6966315789473684;0.4693617021276596;0.6966315789473684;0.5608474576271187;3309;3741;1441
542;drumstick;4750;;0.5218947368421053;0.6055202735710796;0.5218947368421053;0.5606060606060606;2479;1615;2271
469;caldron;4750;;0.6328421052631579;0.5018363939899833;0.6328421052631579;0.5597765363128492;3006;2984;1744
541;drum;4750;;0.4886315789473684;0.6490492170022372;0.4886315789473684;0.5575306269517175;2321;1255;2429
601;hoopskirt;4750;;0.6993684210526315;0.4616453585325181;0.6993684210526315;0.5561694290976059;3322;3874;1428
631;lotion;4750;;0.5545263157894736;0.5518541797611565;0.5545263157894736;0.5531870208967762;2634;2139;2116
893;wallet;4750;;0.5204210526315789;0.5842590404159773;0.5204210526315789;0.550495490479902;2472;1759;2278
567;frying_pan;4750;;0.5848421052631579;0.5198353293413174;0.5848421052631579;0.5504259956409749;2778;2566;1972
905;window_shade;4750;;0.5595789473684211;0.5395858708891595;0.5595789473684211;0.5494005787515502;2658;2268;2092
639;maillot;4750;;0.7570526315789474;0.4280442804428044;0.7570526315789474;0.5468785643677286;3596;4805;1154
980;volcano;4750;;0.7056842105263158;0.44574468085106383;0.7056842105263158;0.5463732681336594;3352;4168;1398
998;ear;4750;;0.6206315789473684;0.4867899603698811;0.6206315789473684;0.5456228021469554;2948;3108;1802
813;spatula;4750;;0.5187368421052632;0.5747609050618148;0.5187368421052632;0.5453137103020914;2464;1823;2286
505;coffeepot;4750;;0.5776842105263158;0.5125140082181546;0.5776842105263158;0.5431512272367378;2744;2610;2006
509;confectionery;4750;;0.47410526315789475;0.630812324929972;0.47410526315789475;0.5413461538461538;2252;1318;2498
743;prison;4750;;0.7212631578947368;0.43312262958280656;0.7212631578947368;0.5412322274881517;3426;4484;1324
558;flute;4750;;0.49305263157894735;0.5994369081136421;0.49305263157894735;0.5410650340764699;2342;1565;2408
976;promontory;4750;;0.5012631578947369;0.5835784313725491;0.5012631578947369;0.5392978482446206;2381;1699;2369
119;rock_crab;4750;;0.5033684210526316;0.5806216610004856;0.5033684210526316;0.5392422192151556;2391;1727;2359
35;mud_turtle;4750;;0.49473684210526314;0.589711417816813;0.49473684210526314;0.5380652547223812;2350;1635;2400
622;lens_cap;4750;;0.392;0.8541284403669724;0.392;0.5373737373737375;1862;318;2888
281;tabby;4750;;0.592842105263158;0.4882954742500433;0.592842105263158;0.5355139298278977;2816;2951;1934
167;English_foxhound;4750;;0.5267368421052632;0.5441496302740322;0.5267368421052632;0.5353016688061616;2502;2096;2248
878;typewriter_keyboard;4750;;0.4014736842105263;0.7995807127882599;0.4014736842105263;0.5345480028030833;1907;478;2843
460;breakwater;4750;;0.4296842105263158;0.6989726027397261;0.4296842105263158;0.5322033898305084;2041;879;2709
868;tray;4750;;0.4808421052631579;0.5949466006772597;0.4808421052631579;0.5318430550704389;2284;1555;2466
285;Egyptian_cat;4750;;0.5728421052631579;0.49186550976138826;0.5728421052631579;0.5292744602217467;2721;2811;2029
741;prayer_rug;4750;;0.7191578947368421;0.4143619602134886;0.7191578947368421;0.5257811297521933;3416;4828;1334
794;shower_curtain;4750;;0.5606315789473684;0.493879821958457;0.5606315789473684;0.5251429698284362;2663;2729;2087
493;chiffonier;4750;;0.4418947368421053;0.646442870341854;0.4418947368421053;0.5249468550706515;2099;1148;2651
834;suit;4750;;0.524;0.5249947268508753;0.524;0.5244968917922243;2489;2252;2261
265;toy_poodle;4750;;0.5595789473684211;0.4886029411764706;0.5595789473684211;0.5216879293424925;2658;2782;2092
266;miniature_poodle;4750;;0.4938947368421053;0.552;0.4938947368421053;0.5213333333333334;2346;1904;2404
921;book_jacket;4750;;0.5336842105263158;0.5093429776974081;0.5336842105263158;0.5212295671841267;2535;2442;2215
750;quilt;4750;;0.4286315789473684;0.6603957184560493;0.4286315789473684;0.519851908591855;2036;1047;2714
66;horned_viper;4750;;0.640421052631579;0.4372574385510996;0.640421052631579;0.5196890749124455;3042;3915;1708
36;terrapin;4750;;0.5905263157894737;0.45870809484873265;0.5905263157894737;0.5163368614818223;2805;3310;1945
819;stage;4750;;0.492;0.5412227883279296;0.492;0.515438906043229;2337;1981;2413
677;nail;4750;;0.5665263157894737;0.47235387045813587;0.5665263157894737;0.5151718196611467;2691;3006;2059
58;water_snake;4750;;0.47242105263157896;0.559322033898305;0.47242105263157896;0.5122118237845241;2244;1768;2506
917;comic_book;4750;;0.5997894736842105;0.4462020360219264;0.5997894736842105;0.5117198024247868;2849;3536;1901
655;miniskirt;4750;;0.44652631578947366;0.5959539196403484;0.44652631578947366;0.510530749789385;2121;1438;2629
970;alp;4750;;0.5555789473684211;0.472177491501163;0.5555789473684211;0.5104942450914015;2639;2950;2111
898;water_bottle;4750;;0.4458947368421053;0.5932773109243697;0.4458947368421053;0.5091346153846155;2118;1452;2632
767;rubber_eraser;4750;;0.5048421052631579;0.513380432455577;0.5048421052631579;0.5090754696953614;2398;2273;2352
633;loupe;4750;;0.5284210526315789;0.49090553491101113;0.5284210526315789;0.5089729291290682;2510;2603;2240
784;screwdriver;4750;;0.4166315789473684;0.6482148706190632;0.4166315789473684;0.5072408048186595;1979;1074;2771
508;computer_keyboard;4750;;0.44042105263157894;0.5978851100314375;0.44042105263157894;0.5072129955146079;2092;1407;2658
960;chocolate_sauce;4750;;0.44463157894736843;0.5878096298357918;0.44463157894736843;0.5062927004674577;2112;1481;2638
972;cliff;4750;;0.5170526315789473;0.48963317384370014;0.5170526315789473;0.5029694859717386;2456;2560;2294
865;toyshop;4750;;0.7096842105263158;0.38552150045745653;0.7096842105263158;0.4996294649473841;3371;5373;1379
706;patio;4750;;0.3778947368421053;0.7064147973238882;0.3778947368421053;0.4923878754628995;1795;746;2955
348;ram;4750;;0.33873684210526317;0.8953811908736784;0.33873684210526317;0.4915228348862074;1609;188;3141
925;consomme;4750;;0.7450526315789474;0.36544816191656343;0.7450526315789474;0.49036995981709847;3539;6145;1211
424;barbershop;4750;;0.37157894736842106;0.7201142390860873;0.37157894736842106;0.4902096930981808;1765;686;2985
838;sunscreen;4750;;0.4806315789473684;0.49890734265734266;0.4806315789473684;0.4895989706197727;2283;2293;2467
406;altar;4750;;0.5021052631578947;0.47728637182309386;0.5021052631578947;0.48938134810710987;2385;2612;2365
810;space_bar;4750;;0.6216842105263158;0.4029199072179015;0.6216842105263158;0.4889477605762067;2953;4376;1797
582;grocery_store;4750;;0.5648421052631579;0.4305198973042362;0.5648421052631579;0.48861773811691855;2683;3549;2067
356;weasel;4750;;0.4458947368421053;0.5400305966343703;0.4458947368421053;0.48846863468634694;2118;1804;2632
856;thresher;4750;;0.7225263157894737;0.3673731535003211;0.7225263157894737;0.4870848708487085;3432;5910;1318
536;dock;4750;;0.4029473684210526;0.6111111111111112;0.4029473684210526;0.4856635371733063;1914;1218;2836
504;coffee_mug;4750;;0.4225263157894737;0.5701704545454546;0.4225263157894737;0.48536880290205564;2007;1513;2743
585;hair_spray;4750;;0.524;0.447581370257148;0.524;0.4827853748424013;2489;3072;2261
599;honeycomb;4750;;0.600421052631579;0.4031665253039299;0.600421052631579;0.4824086603518268;2852;4222;1898
524;cuirass;4750;;0.44821052631578945;0.520665199315236;0.44821052631578945;0.4817287023418939;2129;1960;2621
748;purse;4750;;0.4;0.6018371872030409;0.4;0.4805868218034653;1900;1257;2850
358;polecat;4750;;0.49157894736842106;0.4691581273859755;0.49157894736842106;0.4801069188855762;2335;2642;2415
527;desktop_computer;4750;;0.5269473684210526;0.43758741258741257;0.5269473684210526;0.4781279847182425;2503;3217;2247
909;wok;4750;;0.40589473684210525;0.5812481157672595;0.40589473684210525;0.47799677699268617;1928;1389;2822
764;rifle;4750;;0.3658947368421053;0.6880443388756928;0.3658947368421053;0.4777350192413415;1738;788;3012
516;cradle;4750;;0.45621052631578946;0.49988465974625146;0.45621052631578946;0.4770500825536599;2167;2168;2583
996;hen-of-the-woods;4750;;0.808;0.3371102327624067;0.808;0.4757359776882554;3838;7547;912
6;stingray;4750;;0.35873684210526313;0.6915584415584416;0.35873684210526313;0.4724147490989742;1704;760;3046
999;toilet_tissue;4750;;0.3494736842105263;0.7280701754385965;0.3494736842105263;0.4722617354196301;1660;620;3090
526;desk;4750;;0.4856842105263158;0.459378733572282;0.4856842105263158;0.47216537044617274;2307;2715;2443
479;car_wheel;4750;;0.3658947368421053;0.6615911686334222;0.3658947368421053;0.4711942524061271;1738;889;3012
461;breastplate;4750;;0.5431578947368421;0.4102401017649865;0.5431578947368421;0.4674336443518434;2580;3709;2170
584;hair_slide;4750;;0.6218947368421053;0.37335692618806876;0.6218947368421053;0.4665929552993208;2954;4958;1796
928;ice_cream;4750;;0.3412631578947368;0.7344811961939284;0.3412631578947368;0.46600546212447885;1621;586;3129
650;microphone;4750;;0.484421052631579;0.4481885469419556;0.484421052631579;0.46560097126669364;2301;2833;2449
906;Windsor_tie;4750;;0.5233684210526316;0.4183072522295137;0.5233684210526316;0.46497708781445807;2486;3457;2264
478;carton;4750;;0.3757894736842105;0.6079700272479565;0.3757894736842105;0.4644808743169399;1785;1151;2965
501;cloak;4750;;0.43705263157894736;0.4947569113441373;0.43705263157894736;0.4641180415828303;2076;2120;2674
973;coral_reef;4750;;0.6153684210526316;0.3697192006071338;0.6153684210526316;0.46191529709228824;2923;4983;1827
67;diamondback;4750;;0.3103157894736842;0.7976190476190477;0.3103157894736842;0.446802061230676;1474;374;3276
619;lampshade;4750;;0.3778947368421053;0.5413148371531966;0.3778947368421053;0.44507810562856437;1795;1521;2955
248;Eskimo_dog;4750;;0.3863157894736842;0.518947963800905;0.3863157894736842;0.44291576152546464;1835;1701;2915
907;wine_bottle;4750;;0.3425263157894737;0.6260100038476337;0.3425263157894737;0.4427813307933052;1627;972;3123
663;monastery;4750;;0.5995789473684211;0.3506957271272011;0.5995789473684211;0.4425452567788051;2848;5273;1902
689;overskirt;4750;;0.5412631578947369;0.3727167294868078;0.5412631578947369;0.4414491758241758;2571;4327;2179
435;bathtub;4750;;0.42378947368421055;0.4562556663644606;0.42378947368421055;0.4394237066142764;2013;2399;2737
733;pole;4750;;0.3783157894736842;0.5138690305976551;0.3783157894736842;0.43579483448526735;1797;1700;2953
623;letter_opener;4750;;0.36673684210526314;0.534683855125844;0.36673684210526314;0.435064935064935;1742;1516;3008
454;bookshop;4750;;0.3317894736842105;0.6249008723235527;0.3317894736842105;0.43344334433443343;1576;946;3174
578;gown;4750;;0.3031578947368421;0.7582938388625592;0.3031578947368421;0.4331478417807189;1440;459;3310
836;sunglass;4750;;0.4263157894736842;0.4393577782599262;0.4263157894736842;0.43273854044235494;2025;2584;2725
673;mouse;4750;;0.34421052631578947;0.5726795096322241;0.34421052631578947;0.42998027613412226;1635;1220;3115
754;radio;4750;;0.32252631578947366;0.620997162545602;0.32252631578947366;0.4245531384231675;1532;935;3218
762;restaurant;4750;;0.4298947368421053;0.414535119772635;0.4298947368421053;0.42207523770152955;2042;2884;2708
618;ladle;4750;;0.33810526315789474;0.5568654646324549;0.33810526315789474;0.4207492795389049;1606;1278;3144
969;eggnog;4750;;0.5709473684210526;0.33186490455212925;0.5709473684210526;0.4197492648196874;2712;5460;2038
600;hook;4750;;0.37894736842105264;0.46789706264621783;0.37894736842105264;0.41875072699779;1800;2047;2950
549;envelope;4750;;0.3389473684210526;0.5018703241895262;0.3389473684210526;0.40462427745664736;1610;1598;3140
497;church;4750;;0.2945263157894737;0.6391046139789859;0.2945263157894737;0.4032281308545901;1399;790;3351
620;laptop;4750;;0.4665263157894737;0.3502449818239292;0.4665263157894737;0.4001083325810237;2216;4111;2534
818;spotlight;4750;;0.3823157894736842;0.4111387819787186;0.3823157894736842;0.39620377440820337;1816;2601;2934
975;lakeside;4750;;0.5789473684210527;0.2905441098784997;0.5789473684210527;0.3869152303904326;2750;6715;2000
488;chain;4750;;0.44842105263157894;0.338525111252384;0.44842105263157894;0.3857996739721065;2130;4162;2620
947;mushroom;4750;;0.31494736842105264;0.48602988953866144;0.31494736842105264;0.3822176801226367;1496;1582;3254
240;Appenzeller;4750;;0.28421052631578947;0.5761843790012804;0.28421052631578947;0.3806569857606091;1350;993;3400
485;CD_player;4750;;0.2888421052631579;0.5399449035812672;0.2888421052631579;0.3763544095460156;1372;1169;3378
978;seashore;4750;;0.448;0.32439024390243903;0.448;0.3763041556145004;2128;4432;2622
860;tobacco_shop;4750;;0.5530526315789474;0.2781954887218045;0.5530526315789474;0.37018248432325795;2627;6816;2123
539;doormat;4750;;0.5345263157894737;0.2825506343200534;0.5345263157894737;0.36968549796156086;2539;6447;2211
414;backpack;4750;;0.2505263157894737;0.6796116504854369;0.2505263157894737;0.36609752345792956;1190;561;3560
961;dough;4750;;0.26210526315789473;0.605544747081712;0.26210526315789473;0.36585365853658536;1245;811;3505
73;barn_spider;4750;;0.8488421052631578;0.232284825440719;0.8488421052631578;0.3647548398769676;4032;13326;718
911;wool;4750;;0.4143157894736842;0.3253430319061002;0.4143157894736842;0.3644781924252246;1968;4081;2782
728;plastic_bag;4750;;0.4063157894736842;0.3260135135135135;0.4063157894736842;0.3617619493908153;1930;3990;2820
482;cassette_player;4750;;0.42336842105263156;0.3125097125097125;0.42336842105263156;0.35958873491282967;2011;4424;2739
692;packet;4750;;0.4625263157894737;0.28080265848670755;0.4625263157894737;0.3494512486082392;2197;5627;2553
923;plate;4750;;0.4663157894736842;0.27471164578940843;0.4663157894736842;0.3457426051666277;2215;5848;2535
899;water_jug;4750;;0.3728421052631579;0.31927167838471243;0.3728421052631579;0.34398368456832085;1771;3776;2979
848;tape_player;4750;;0.4107368421052632;0.2892084198043285;0.4107368421052632;0.33942240779401534;1951;4795;2799
799;sliding_door;4750;;0.24421052631578946;0.5469118340405469;0.24421052631578946;0.3376509969436763;1160;961;3590
46;green_lizard;4750;;0.24547368421052632;0.522635589421784;0.24547368421052632;0.33404956309984246;1166;1065;3584
60;night_snake;4750;;0.2448421052631579;0.4974337040205304;0.2448421052631579;0.32816027088036115;1163;1175;3587
415;bakery;4750;;0.26821052631578945;0.42255389718076286;0.26821052631578945;0.3281390856406954;1274;1741;3476
968;cup;4750;;0.2774736842105263;0.3943746259724716;0.2774736842105263;0.32575383094414234;1318;2024;3432
744;projectile;4750;;0.4126315789473684;0.26529507309149974;0.4126315789473684;0.3229527104959631;1960;5428;2790
55;green_snake;4750;;0.204;0.7623918174665618;0.204;0.3218734429496762;969;302;3781
782;screen;4750;;0.3802105263157895;0.27166064981949456;0.3802105263157895;0.3168977013511143;1806;4842;2944
974;geyser;4750;;0.8425263157894737;0.19274671290275971;0.8425263157894737;0.3137224160232039;4002;16761;748
876;tub;4750;;0.2305263157894737;0.474025974025974;0.2305263157894737;0.3101983002832861;1095;1215;3655
725;pitcher;4750;;0.2071578947368421;0.574430823117338;0.2071578947368421;0.3045025529939656;984;729;3766
987;corn;4750;;0.2334736842105263;0.3590158627387504;0.2334736842105263;0.28294425309350685;1109;1980;3641
68;sidewinder;4750;;0.37957894736842107;0.22063142437591776;0.37957894736842107;0.27905896919981427;1803;6369;2947
664;monitor;4750;;0.19915789473684212;0.3853360488798371;0.19915789473684212;0.26259541984732826;946;1509;3804
657;missile;4750;;0.2785263157894737;0.23557692307692307;0.2785263157894737;0.25525757283426587;1323;4293;3427
837;sunglasses;4750;;0.1488421052631579;0.5553809897879026;0.1488421052631579;0.23476672754441308;707;566;4043
77;wolf_spider;4750;;0.13515789473684212;0.71731843575419;0.13515789473684212;0.2274579273693534;642;253;4108
74;garden_spider;4750;;0.12252631578947368;0.7114914425427873;0.12252631578947368;0.20905172413793102;582;236;4168
885;velvet;4750;;0.22778947368421051;0.188666085440279;0.22778947368421051;0.20639008106819265;1082;4653;3668
809;soup_bowl;4750;;0.12126315789473684;0.4725184577522559;0.12126315789473684;0.1929971519517507;576;643;4174
282;tiger_cat;4750;;0.11052631578947368;0.5657327586206896;0.11052631578947368;0.18492426910884113;525;403;4225
681;notebook;4750;;0.12294736842105262;0.23576907549454987;0.12294736842105262;0.16161616161616163;584;1893;4166
638;maillot;4750;;0.032842105263157895;0.11071682044002838;0.032842105263157895;0.050657574281539205;156;1253;4594
