class_idx;class_label;support;base_accuracy;overall_accuracy;precision;recall;f1;tp;fp;fn
986;yellow_lady's_slipper;4750;;0.9892631578947368;0.9761113419194017;0.9892631578947368;0.9826432455039732;4699;115;51
129;spoonbill;4750;;0.9658947368421053;0.9600334798074911;0.9658947368421053;0.9629551894217652;4588;191;162
136;European_gallinule;4750;;0.9486315789473684;0.9681993983669961;0.9486315789473684;0.9583156103785623;4506;148;244
339;sorrel;4750;;0.9374736842105263;0.9748248686514887;0.9374736842105263;0.9557845031122558;4453;115;297
88;macaw;4750;;0.9450526315789474;0.9624785591766724;0.9450526315789474;0.9536859995751008;4489;175;261
100;black_swan;4750;;0.9511578947368421;0.9541710665258711;0.9511578947368421;0.9526620980495518;4518;217;232
130;flamingo;4750;;0.9206315789473685;0.9824758481240171;0.9206315789473685;0.9505488533855015;4373;78;377
90;lorikeet;4750;;0.9810526315789474;0.9151610369206599;0.9810526315789474;0.9469619995935786;4660;432;90
685;odometer;4750;;0.9566315789473684;0.9365210222588624;0.9566315789473684;0.9464694855238492;4544;308;206
19;chickadee;4750;;0.9132631578947369;0.9818922589406971;0.9132631578947369;0.9463350785340313;4338;80;412
321;admiral;4750;;0.9065263157894737;0.9842285714285715;0.9065263157894737;0.9437808219178083;4306;69;444
139;ruddy_turnstone;4750;;0.9507368421052631;0.9353769676884839;0.9507368421052631;0.9429943620797661;4516;312;234
0;tench;4750;;0.932;0.9485751017784444;0.932;0.9402145056812148;4427;240;323
323;monarch;4750;;0.9086315789473685;0.9731679819616685;0.9086315789473685;0.9397931409907457;4316;119;434
135;limpkin;4750;;0.9216842105263158;0.9490570127899415;0.9216842105263158;0.9351703513831037;4378;235;372
255;Leonberg;4750;;0.9343157894736842;0.9337260677466863;0.9343157894736842;0.9340208355256235;4438;315;312
13;junco;4750;;0.8974736842105263;0.9717346706177342;0.8974736842105263;0.933129035788552;4263;124;487
340;zebra;4750;;0.9124210526315789;0.9537852112676056;0.9124210526315789;0.9326447170217345;4334;210;416
984;rapeseed;4750;;0.9585263157894737;0.9058893752487067;0.9585263157894737;0.9314648117839607;4553;473;197
11;goldfinch;4750;;0.8821052631578947;0.978743284279374;0.8821052631578947;0.9279149595836562;4190;91;560
376;proboscis_monkey;4750;;0.9595789473684211;0.897597479322568;0.9595789473684211;0.9275539275539275;4558;520;192
387;lesser_panda;4750;;0.9191578947368421;0.9343034453242028;0.9191578947368421;0.9266687891329726;4366;307;384
24;great_grey_owl;4750;;0.9172631578947369;0.9266269672479795;0.9172631578947369;0.9219212865002115;4357;345;393
993;gyromitra;4750;;0.9221052631578948;0.9211356466876972;0.9221052631578948;0.9216201998947923;4380;375;370
17;jay;4750;;0.879578947368421;0.963116643614569;0.879578947368421;0.9194542253521126;4178;160;572
91;coucal;4750;;0.8831578947368421;0.9566704675028507;0.8831578947368421;0.9184455391351944;4195;190;555
985;daisy;4750;;0.9549473684210527;0.8843829206472996;0.9549473684210527;0.9183115699969632;4536;593;214
145;king_penguin;4750;;0.8943157894736842;0.9408637873754153;0.8943157894736842;0.9169994603345926;4248;267;502
392;rock_beauty;4750;;0.9463157894736842;0.8890427215189873;0.9463157894736842;0.9167856414440139;4495;561;255
388;giant_panda;4750;;0.8991578947368422;0.9337560122431132;0.8991578947368422;0.9161304161304161;4271;303;479
15;robin;4750;;0.8778947368421053;0.9546703296703297;0.8778947368421053;0.9146742706733934;4170;198;580
351;hartebeest;4750;;0.9296842105263158;0.8975609756097561;0.9296842105263158;0.9133402275077559;4416;504;334
12;house_finch;4750;;0.8572631578947368;0.9743957884661403;0.8572631578947368;0.912084219957442;4072;107;678
576;gondola;4750;;0.915578947368421;0.908312447786132;0.915578947368421;0.9119312224785071;4349;439;401
22;bald_eagle;4750;;0.8774736842105263;0.9489981785063752;0.8774736842105263;0.911835484576679;4168;224;582
915;yurt;4750;;0.8985263157894737;0.924409789906866;0.8985263157894737;0.9112842959325291;4268;349;482
97;drake;4750;;0.879578947368421;0.9431151241534989;0.879578947368421;0.9102396514161221;4178;252;572
87;African_grey;4750;;0.8863157894736842;0.9349322673773041;0.8863157894736842;0.9099751431968011;4210;293;540
92;bee_eater;4750;;0.9088421052631579;0.9090334807327859;0.9088421052631579;0.9089377829245184;4317;432;433
326;lycaenid;4750;;0.8688421052631579;0.9443935926773456;0.8688421052631579;0.9050438596491229;4127;243;623
900;water_tower;4750;;0.8768421052631579;0.9346947935368043;0.8768421052631579;0.9048446665218335;4165;291;585
607;jack-o'-lantern;4750;;0.9397894736842105;0.8676384839650145;0.9397894736842105;0.9022738756947954;4464;681;286
291;lion;4750;;0.9256842105263158;0.8774695669527041;0.9256842105263158;0.9009322815285319;4397;614;353
25;European_fire_salamander;4750;;0.8814736842105263;0.9204220707847879;0.8814736842105263;0.900526938380471;4187;362;563
96;toucan;4750;;0.8825263157894737;0.919096689322517;0.8825263157894737;0.9004403393835249;4192;369;558
141;redshank;4750;;0.8606315789473684;0.9425870417339175;0.8606315789473684;0.8997468911632002;4088;249;662
9;ostrich;4750;;0.9488421052631579;0.854569586651498;0.9488421052631579;0.8992418196328811;4507;767;243
143;oystercatcher;4750;;0.852421052631579;0.9509159229685298;0.852421052631579;0.8989786856127886;4049;209;701
990;buckeye;4750;;0.8911578947368421;0.9062299293513166;0.8911578947368421;0.8986307186073667;4233;438;517
991;coral_fungus;4750;;0.8625263157894737;0.937099725526075;0.8625263157894737;0.8982679237009428;4097;275;653
14;indigo_bunting;4750;;0.9218947368421052;0.8714427860696518;0.9218947368421052;0.8959590792838875;4379;646;371
430;basketball;4750;;0.8766315789473684;0.9137590520079;0.8766315789473684;0.8948103577952079;4164;393;586
83;prairie_chicken;4750;;0.8776842105263158;0.9088729016786571;0.8776842105263158;0.8930063189461283;4169;418;581
625;lifeboat;4750;;0.9130526315789473;0.8708835341365462;0.9130526315789473;0.891469681397739;4337;643;413
84;peacock;4750;;0.8907368421052632;0.8901746265516516;0.8907368421052632;0.8904556455856045;4231;522;519
945;bell_pepper;4750;;0.8661052631578947;0.9134103019538188;0.8661052631578947;0.8891290252863627;4114;390;636
89;sulphur-crested_cockatoo;4750;;0.8303157894736842;0.9533478365965675;0.8303157894736842;0.8875886125801732;3944;193;806
144;pelican;4750;;0.8581052631578947;0.9143113503813369;0.8581052631578947;0.8853171155516941;4076;382;674
275;African_hunting_dog;4750;;0.9581052631578947;0.8217768147345612;0.9581052631578947;0.8847200622083982;4551;987;199
138;bustard;4750;;0.8509473684210527;0.9190541155070486;0.8509473684210527;0.8836904241364233;4042;356;708
325;sulphur_butterfly;4750;;0.8869473684210526;0.8802758044295863;0.8869473684210526;0.8835989932885906;4213;573;537
565;freight_car;4750;;0.9023157894736842;0.8637646110439339;0.9023157894736842;0.8826194398682042;4286;676;464
284;Siamese_cat;4750;;0.9189473684210526;0.8487264242659927;0.9189473684210526;0.8824421307995554;4365;778;385
396;lionfish;4750;;0.8538947368421053;0.9118705035971223;0.8538947368421053;0.8819308545335942;4056;392;694
102;echidna;4750;;0.8610526315789474;0.9034680804064502;0.8610526315789474;0.8817505659157056;4090;437;660
347;bison;4750;;0.8505263157894737;0.9150622876557192;0.8505263157894737;0.8816148390616476;4040;375;710
528;dial_telephone;4750;;0.844842105263158;0.9208352455254704;0.844842105263158;0.8812033377250769;4013;345;737
365;orangutan;4750;;0.8627368421052631;0.9000658906215682;0.8627368421052631;0.8810061270557884;4098;455;652
18;magpie;4750;;0.8271578947368421;0.9399521531100479;0.8271578947368421;0.8799552071668533;3929;251;821
466;bullet_train;4750;;0.8941052631578947;0.8656746840603343;0.8941052631578947;0.8796603148301574;4247;659;503
142;dowitcher;4750;;0.8435789473684211;0.916723861816518;0.8435789473684211;0.878631728977086;4007;364;743
137;American_coot;4750;;0.8113684210526316;0.9560903001736542;0.8113684210526316;0.8778043503017879;3854;177;896
133;bittern;4750;;0.824;0.9388342528184217;0.824;0.8776768696042159;3914;255;836
995;earthstar;4750;;0.9663157894736842;0.8014667365112624;0.9663157894736842;0.8762050205211416;4590;1137;160
560;football_helmet;4750;;0.8482105263157895;0.9049865229110512;0.8482105263157895;0.8756792001738752;4029;423;721
324;cabbage_butterfly;4750;;0.8418947368421053;0.9111414900888585;0.8418947368421053;0.8751504540978225;3999;390;751
554;fireboat;4750;;0.8673684210526316;0.8829832833261895;0.8673684210526316;0.8751062022090059;4120;546;630
863;totem_pole;4750;;0.8208421052631579;0.936359269932757;0.8208421052631579;0.8748036796051156;3899;265;851
146;albatross;4750;;0.8890526315789473;0.8578102782855982;0.8890526315789473;0.8731520727799028;4223;700;527
16;bulbul;4750;;0.8075789473684211;0.9499752352649826;0.8075789473684211;0.8730086481565771;3836;202;914
820;steam_locomotive;4750;;0.8581052631578947;0.8851248642779588;0.8581052631578947;0.8714056654195618;4076;529;674
317;leafhopper;4750;;0.8263157894736842;0.9200656352555087;0.8263157894736842;0.8706743566992015;3925;341;825
890;volleyball;4750;;0.8406315789473684;0.9003382187147689;0.8406315789473684;0.8694610778443114;3993;442;757
955;jackfruit;4750;;0.9042105263157895;0.8365796649785742;0.9042105263157895;0.8690813435855929;4295;839;455
98;red-breasted_merganser;4750;;0.9103157894736842;0.8294647995396125;0.9103157894736842;0.8680116430793938;4324;889;426
93;hornbill;4750;;0.8294736842105264;0.9097206187947356;0.8294736842105264;0.867745842968836;3940;391;810
957;pomegranate;4750;;0.8246315789473684;0.9128408296434397;0.8246315789473684;0.8664970689083065;3917;374;833
420;banjo;4750;;0.8532631578947368;0.8799392097264438;0.8532631578947368;0.8663958956819154;4053;553;697
322;ringlet;4750;;0.8703157894736843;0.8619683069224353;0.8703157894736843;0.8661219358893778;4134;662;616
873;triumphal_arch;4750;;0.8338947368421052;0.8979823169349354;0.8338947368421052;0.8647527562493178;3961;450;789
355;llama;4750;;0.8391578947368421;0.8889384478144514;0.8391578947368421;0.8633311674247348;3986;498;764
425;barn;4750;;0.8707368421052631;0.8485843249897415;0.8707368421052631;0.8595178719866999;4136;738;614
251;dalmatian;4750;;0.852421052631579;0.866652397260274;0.852421052631579;0.8594778178730631;4049;623;701
800;slot;4750;;0.876;0.8414560161779575;0.876;0.858380608561114;4161;784;589
948;Granny_Smith;4750;;0.8477894736842105;0.8680750161672774;0.8477894736842105;0.857812333581851;4027;612;723
688;oscilloscope;4750;;0.8825263157894737;0.8343949044585988;0.8825263157894737;0.8577859627583385;4192;832;558
933;cheeseburger;4750;;0.8052631578947368;0.9174862077236747;0.8052631578947368;0.8577194752774975;3825;344;925
247;Saint_Bernard;4750;;0.8585263157894737;0.8563628727425452;0.8585263157894737;0.8574432296047099;4078;684;672
23;vulture;4750;;0.8414736842105263;0.8738522081329252;0.8414736842105263;0.8573573573573573;3997;577;753
344;hippopotamus;4750;;0.8109473684210526;0.9080622347949081;0.8109473684210526;0.856761565836299;3852;390;898
874;trolleybus;4750;;0.8629473684210527;0.8490057995028998;0.8629473684210527;0.8559198162455629;4099;729;651
94;hummingbird;4750;;0.8810526315789474;0.8308516974389517;0.8810526315789474;0.8552161029937673;4185;852;565
364;three-toed_sloth;4750;;0.8218947368421052;0.891324200913242;0.8218947368421052;0.8552026286966046;3904;476;846
594;harp;4750;;0.88;0.8311791608669715;0.88;0.8548931383577053;4180;849;570
661;Model_T;4750;;0.8543157894736843;0.8541359713744475;0.8543157894736843;0.8542258709609515;4058;693;692
354;Arabian_camel;4750;;0.8983157894736842;0.8112167300380229;0.8983157894736842;0.8525474525474526;4267;993;483
307;weevil;4750;;0.7768421052631579;0.9442169907881269;0.7768421052631579;0.8523908523908524;3690;218;1060
736;pool_table;4750;;0.8223157894736842;0.8833107191316146;0.8223157894736842;0.8517226341037942;3906;516;844
131;little_blue_heron;4750;;0.8174736842105264;0.888761730373083;0.8174736842105264;0.8516284680337757;3883;486;867
726;plane;4750;;0.7949473684210526;0.9140643911885742;0.7949473684210526;0.8503546897871862;3776;355;974
727;planetarium;4750;;0.8212631578947368;0.8803881742270367;0.8212631578947368;0.8497984968957628;3901;530;849
95;jacamar;4750;;0.9282105263157895;0.783126110124334;0.9282105263157895;0.8495183044315994;4409;1221;341
316;cicada;4750;;0.8303157894736842;0.8683399383531484;0.8303157894736842;0.8489022815325011;3944;598;806
956;custard_apple;4750;;0.8618947368421053;0.8361928104575164;0.8618947368421053;0.8488492639436035;4094;802;656
779;school_bus;4750;;0.8768421052631579;0.8214990138067061;0.8768421052631579;0.8482688391038696;4165;905;585
148;killer_whale;4750;;0.9023157894736842;0.7993286087280865;0.9023157894736842;0.8477056962025317;4286;1076;464
85;quail;4750;;0.8147368421052632;0.8833599634786579;0.8147368421052632;0.8476618114116746;3870;511;880
140;red-backed_sandpiper;4750;;0.7936842105263158;0.9088717454194792;0.7936842105263158;0.8473814340301191;3770;378;980
952;fig;4750;;0.856421052631579;0.8375540457072267;0.856421052631579;0.846882481523889;4068;789;682
937;broccoli;4750;;0.8341052631578947;0.8599956587801172;0.8341052631578947;0.8468526237041786;3962;645;788
333;hamster;4750;;0.8968421052631579;0.8015051740357478;0.8968421052631579;0.8464977645305514;4260;1055;490
540;drilling_platform;4750;;0.8877894736842106;0.8072358346094947;0.8877894736842106;0.8455985562462403;4217;1007;533
672;mountain_tent;4750;;0.8410526315789474;0.85;0.8410526315789474;0.8455026455026455;3995;705;755
1;goldfish;4750;;0.879578947368421;0.8136319376825706;0.879578947368421;0.8453211937278704;4178;957;572
953;pineapple;4750;;0.8442105263157895;0.8438552188552189;0.8442105263157895;0.844032835192591;4010;742;740
300;tiger_beetle;4750;;0.8621052631578947;0.826104498688723;0.8621052631578947;0.8437210260636653;4095;862;655
486;cello;4750;;0.8189473684210526;0.8692737430167597;0.8189473684210526;0.8433604336043361;3890;585;860
426;barometer;4750;;0.8132631578947368;0.8739819004524887;0.8132631578947368;0.8425299890948745;3863;557;887
216;clumber;4750;;0.8402105263157895;0.8409186683522967;0.8402105263157895;0.8405644481887111;3991;755;759
156;Blenheim_spaniel;4750;;0.8383157894736842;0.840793918918919;0.8383157894736842;0.8395530255112797;3982;754;768
694;paddlewheel;4750;;0.8471578947368421;0.8319206119495555;0.8471578947368421;0.8394701157817878;4024;813;726
350;ibex;4750;;0.8972631578947369;0.7879460158994269;0.8972631578947369;0.8390589624963086;4262;1147;488
746;puck;4750;;0.8730526315789474;0.8074376947040498;0.8730526315789474;0.8389641917863645;4147;989;603
244;Tibetan_mastiff;4750;;0.8701052631578947;0.809757053291536;0.8701052631578947;0.8388471686624722;4133;971;617
768;rugby_ball;4750;;0.775578947368421;0.9130111524163569;0.775578947368421;0.8387023335230507;3684;351;1066
306;rhinoceros_beetle;4750;;0.7903157894736842;0.8927467300832342;0.7903157894736842;0.8384142936906757;3754;451;996
375;colobus;4750;;0.8018947368421052;0.8772455089820359;0.8018947368421052;0.8378794544654642;3809;533;941
555;fire_engine;4750;;0.7989473684210526;0.879286376274328;0.7989473684210526;0.8371939113170087;3795;521;955
147;grey_whale;4750;;0.8084210526315789;0.8666215301286392;0.8084210526315789;0.8365101840758087;3840;591;910
547;electric_locomotive;4750;;0.808;0.8665613005193046;0.808;0.8362566728401786;3838;591;912
127;white_stork;4750;;0.7298947368421053;0.9779971791255289;0.7298947368421053;0.8359252561784206;3467;78;1283
755;radio_telescope;4750;;0.8549473684210527;0.8174315619967794;0.8549473684210527;0.835768676682445;4061;907;689
294;brown_bear;4750;;0.8825263157894737;0.7928882163797996;0.8825263157894737;0.8353093553850753;4192;1095;558
28;spotted_salamander;4750;;0.8141052631578948;0.8557202921000221;0.8141052631578948;0.8343942172834179;3867;652;883
832;stupa;4750;;0.8191578947368421;0.8497488534614545;0.8191578947368421;0.8341730088969879;3891;688;859
535;disk_brake;4750;;0.775578947368421;0.9022777369581191;0.775578947368421;0.8341446847050832;3684;399;1066
105;koala;4750;;0.7629473684210526;0.91816569546491;0.7629473684210526;0.8333908244222145;3624;323;1126
510;container_ship;4750;;0.8277894736842105;0.8389161510561126;0.8277894736842105;0.8333156723535021;3932;755;818
289;snow_leopard;4750;;0.8315789473684211;0.8328062407758803;0.8315789473684211;0.8321921415780049;3950;793;800
389;barracouta;4750;;0.8463157894736842;0.8174054493696624;0.8463157894736842;0.83160943318163;4020;898;730
606;iron;4750;;0.8242105263157895;0.8376123234916559;0.8242105263157895;0.8308573853989814;3915;759;835
160;Afghan_hound;4750;;0.8347368421052631;0.8267306088407006;0.8347368421052631;0.8307144353655982;3965;831;785
687;organ;4750;;0.756;0.9214780600461894;0.756;0.8305770787556378;3591;306;1159
886;vending_machine;4750;;0.8602105263157894;0.8024351924587588;0.8602105263157894;0.8303190408453566;4086;1006;664
946;cardoon;4750;;0.936;0.7453478625314334;0.936;0.8298646756882875;4446;1519;304
10;brambling;4750;;0.8898947368421053;0.7761659933896438;0.8898947368421053;0.8291486857591212;4227;1219;523
292;tiger;4750;;0.9077894736842105;0.7626459143968871;0.9077894736842105;0.8289119569396386;4312;1342;438
20;water_ouzel;4750;;0.7911578947368421;0.8685001155535013;0.7911578947368421;0.8280268811281261;3758;569;992
178;Weimaraner;4750;;0.8016842105263158;0.8547699214365881;0.8016842105263158;0.8273764258555133;3808;647;942
821;steel_arch_bridge;4750;;0.8242105263157895;0.8296249205340115;0.8242105263157895;0.8269088604921322;3915;804;835
988;acorn;4750;;0.8663157894736843;0.7904341144832885;0.8663157894736843;0.8266372036962636;4115;1091;635
274;dhole;4750;;0.8383157894736842;0.8139820114472608;0.8383157894736842;0.8259697158265921;3982;910;768
276;hyena;4750;;0.8652631578947368;0.7846506300114547;0.8652631578947368;0.8229875851021226;4110;1128;640
293;cheetah;4750;;0.8810526315789474;0.7719977863862756;0.8810526315789474;0.8229279323567005;4185;1236;565
260;chow;4750;;0.836;0.8094170403587444;0.836;0.8224937862468931;3971;935;779
668;mosque;4750;;0.8671578947368421;0.7820391114486425;0.8671578947368421;0.8224019167415394;4119;1148;631
117;chambered_nautilus;4750;;0.8494736842105263;0.7958579881656804;0.8494736842105263;0.8217922606924642;4035;1035;715
763;revolver;4750;;0.8825263157894737;0.7676249771104193;0.8825263157894737;0.8210753109391833;4192;1269;558
391;coho;4750;;0.7753684210526316;0.8706855791962175;0.7753684210526316;0.8202672605790646;3683;547;1067
363;armadillo;4750;;0.8433684210526315;0.7978490340569607;0.8433684210526315;0.8199774843925902;4006;1015;744
320;damselfly;4750;;0.8088421052631579;0.8294473229706391;0.8088421052631579;0.8190151353655937;3842;790;908
512;corkscrew;4750;;0.8296842105263158;0.8082444626743233;0.8296842105263158;0.8188240182838147;3941;935;809
802;snowmobile;4750;;0.8738947368421053;0.7677085259848345;0.8738947368421053;0.8173673328738802;4151;1256;599
132;American_egret;4750;;0.8572631578947368;0.7806748466257669;0.8572631578947368;0.8171784065823802;4072;1144;678
941;acorn_squash;4750;;0.744;0.9052254098360656;0.744;0.8167321469840536;3534;370;1216
994;stinkhorn;4750;;0.8166315789473684;0.8164596926962745;0.8166315789473684;0.8165456267761287;3879;872;871
71;scorpion;4750;;0.8349473684210527;0.7987915407854985;0.8349473684210527;0.8164693772516728;3966;999;784
48;Komodo_dragon;4750;;0.7896842105263158;0.8433003597122302;0.7896842105263158;0.8156120895846923;3751;697;999
573;go-kart;4750;;0.8793684210526316;0.7602839461230433;0.8793684210526316;0.8155017571261226;4177;1317;573
57;garter_snake;4750;;0.7513684210526316;0.8913586413586414;0.7513684210526316;0.8153986748914782;3569;435;1181
51;triceratops;4750;;0.8168421052631579;0.8108672936259144;0.8168421052631579;0.8138437336130048;3880;905;870
944;artichoke;4750;;0.7126315789473684;0.9481792717086834;0.7126315789473684;0.813701923076923;3385;185;1365
383;Madagascar_cat;4750;;0.7557894736842106;0.8809815950920246;0.7557894736842106;0.8135977337110482;3590;485;1160
938;cauliflower;4750;;0.7856842105263158;0.841867809609745;0.7856842105263158;0.8128062724599803;3732;701;1018
70;harvestman;4750;;0.7442105263157894;0.8938053097345132;0.7442105263157894;0.8121769098219414;3535;420;1215
628;liner;4750;;0.7829473684210526;0.8415931206155238;0.7829473684210526;0.8112116915694186;3719;700;1031
268;Mexican_hairless;4750;;0.8178947368421052;0.8018575851393189;0.8178947368421052;0.8097967691505992;3885;960;865
959;carbonara;4750;;0.7473684210526316;0.8835241413638626;0.7473684210526316;0.8097627737226278;3550;468;1200
261;keeshond;4750;;0.8141052631578948;0.803448992312487;0.8141052631578948;0.8087420265607026;3867;946;883
439;bearskin;4750;;0.9004210526315789;0.7323630136986301;0.9004210526315789;0.8077431539187914;4277;1563;473
571;gas_pump;4750;;0.7349473684210527;0.8946694003075346;0.7349473684210527;0.8069810448451226;3491;411;1259
934;hotdog;4750;;0.7966315789473685;0.8171021377672208;0.7966315789473685;0.806737021639484;3784;847;966
225;malinois;4750;;0.8395789473684211;0.775724567204824;0.8395789473684211;0.8063896471539783;3988;1153;762
254;pug;4750;;0.7787368421052632;0.8355545516150892;0.7787368421052632;0.8061457992808105;3699;728;1051
829;streetcar;4750;;0.8263157894736842;0.7865731462925851;0.8263157894736842;0.8059548254620124;3925;1065;825
218;Welsh_springer_spaniel;4750;;0.8658947368421053;0.7528830313014827;0.8658947368421053;0.805444041907373;4113;1350;637
407;ambulance;4750;;0.86;0.757322951427512;0.86;0.8054022082018928;4085;1309;665
814;speedboat;4750;;0.8465263157894737;0.7669273316803357;0.8465263157894737;0.8047633343340338;4021;1222;729
122;American_lobster;4750;;0.7951578947368421;0.8079144385026737;0.7951578947368421;0.8014854111405836;3777;898;973
99;goose;4750;;0.7597894736842106;0.8477801268498943;0.7597894736842106;0.8013767070056623;3609;648;1141
332;Angora;4750;;0.8490526315789474;0.757655457448807;0.8490526315789474;0.8007544922068898;4033;1290;717
684;ocarina;4750;;0.8101052631578948;0.7898193760262726;0.8101052631578948;0.7998337144044897;3848;1024;902
781;scoreboard;4750;;0.7932631578947369;0.8058169375534645;0.7932631578947369;0.7994907702100573;3768;908;982
569;garbage_truck;4750;;0.8082105263157895;0.7908941079522044;0.8082105263157895;0.7994585589337777;3839;1015;911
471;cannon;4750;;0.7930526315789473;0.8057754010695187;0.7930526315789473;0.7993633952254642;3767;908;983
989;hip;4750;;0.9423157894736842;0.693953488372093;0.9423157894736842;0.7992857142857143;4476;1974;274
954;banana;4750;;0.7509473684210526;0.8535534816941852;0.7509473684210526;0.798969649456826;3567;612;1183
816;spindle;4750;;0.751578947368421;0.8520286396181385;0.751578947368421;0.7986577181208053;3570;620;1180
888;viaduct;4750;;0.7446315789473684;0.8605839416058394;0.7446315789473684;0.7984198645598193;3537;573;1213
366;gorilla;4750;;0.7669473684210526;0.8324954296160878;0.7669473684210526;0.7983782599167214;3643;733;1107
404;airliner;4750;;0.8831578947368421;0.7282986111111112;0.8831578947368421;0.7982873453853473;4195;1565;555
149;dugong;4750;;0.7856842105263158;0.8098958333333334;0.7856842105263158;0.7976063261380636;3732;876;1018
936;head_cabbage;4750;;0.7945263157894736;0.800424178154825;0.7945263157894736;0.7974643423137877;3774;941;976
401;accordion;4750;;0.8101052631578948;0.7848256169692025;0.8101052631578948;0.7972650989329744;3848;1055;902
253;basenji;4750;;0.7785263157894737;0.8148964301454386;0.7785263157894737;0.7962962962962963;3698;840;1052
338;guinea_pig;4750;;0.7176842105263158;0.892875851231011;0.7176842105263158;0.7957516339869282;3409;409;1341
393;anemone_fish;4750;;0.7014736842105264;0.9191724137931034;0.7014736842105264;0.7957014925373135;3332;293;1418
561;forklift;4750;;0.7686315789473684;0.8247119945787215;0.7686315789473684;0.7956848643347499;3651;776;1099
719;piggy_bank;4750;;0.7787368421052632;0.8117182356813694;0.7787368421052632;0.7948855700010744;3699;858;1051
752;racket;4750;;0.7810526315789473;0.8089838639337112;0.7810526315789473;0.7947729220222793;3710;876;1040
783;screw;4750;;0.8621052631578947;0.7370410367170627;0.8621052631578947;0.7946827091014943;4095;1461;655
603;horse_cart;4750;;0.7949473684210526;0.7919463087248322;0.7949473684210526;0.7934440008405127;3776;992;974
69;trilobite;4750;;0.8061052631578948;0.781109751121991;0.8061052631578948;0.7934106920845421;3829;1073;921
707;pay-phone;4750;;0.7427368421052631;0.8493018777082331;0.7427368421052631;0.7924528301886793;3528;626;1222
563;fountain_pen;4750;;0.7467368421052631;0.8437202664129401;0.7467368421052631;0.7922716104534288;3547;657;1203
286;cougar;4750;;0.8185263157894737;0.7674694038689301;0.8185263157894737;0.7921760391198045;3888;1178;862
379;howler_monkey;4750;;0.7947368421052632;0.7894186532831451;0.7947368421052632;0.7920688208140998;3775;1007;975
279;Arctic_fox;4750;;0.8191578947368421;0.7663974788260783;0.8191578947368421;0.7918998677114073;3891;1186;859
308;fly;4750;;0.732;0.8621373667245227;0.732;0.7917568029147216;3477;556;1273
801;snorkel;4750;;0.8315789473684211;0.755113744981839;0.8315789473684211;0.7915038573289251;3950;1281;800
258;Samoyed;4750;;0.8267368421052631;0.7591339648173207;0.8267368421052631;0.791494507709362;3927;1246;823
75;black_widow;4750;;0.7650526315789473;0.8177317731773177;0.7650526315789473;0.7905155536219273;3634;810;1116
714;pick;4750;;0.8010526315789473;0.7771650326797386;0.8010526315789473;0.7889280530789965;3805;1091;945
362;badger;4750;;0.8726315789473684;0.7196180555555556;0.8726315789473684;0.7887725975261656;4145;1615;605
609;jeep;4750;;0.7372631578947368;0.8479418886198548;0.7372631578947368;0.7887387387387388;3502;628;1248
566;French_horn;4750;;0.6821052631578948;0.9342560553633218;0.6821052631578948;0.788513020199562;3240;228;1510
927;trifle;4750;;0.9267368421052632;0.6844969678121599;0.9267368421052632;0.7874072086575441;4402;2029;348
604;hourglass;4750;;0.9214736842105263;0.6873429648241206;0.9214736842105263;0.7873718294657313;4377;1991;373
716;picket_fence;4750;;0.7911578947368421;0.7819392426133999;0.7911578947368421;0.7865215571368773;3758;1048;992
548;entertainment_center;4750;;0.7833684210526316;0.7891834570519618;0.7833684210526316;0.7862651875330164;3721;994;1029
270;white_wolf;4750;;0.7825263157894737;0.7893395625398174;0.7825263157894737;0.7859181731684111;3717;992;1033
2;great_white_shark;4750;;0.7589473684210526;0.8146892655367232;0.7589473684210526;0.7858310626702998;3605;820;1145
786;sewing_machine;4750;;0.7086315789473684;0.88;0.7086315789473684;0.7850728862973761;3366;459;1384
575;golfcart;4750;;0.7473684210526316;0.8257734356827169;0.7473684210526316;0.784617084760747;3550;749;1200
53;ringneck_snake;4750;;0.7665263157894737;0.8035753696755683;0.7665263157894737;0.7846137269690766;3641;890;1109
262;Brabancon_griffon;4750;;0.7301052631578947;0.8477144952334392;0.7301052631578947;0.7845266372582286;3468;623;1282
537;dogsled;4750;;0.9082105263157895;0.6901295792673172;0.9082105263157895;0.7842923370602672;4314;1937;436
914;yawl;4750;;0.724;0.8552598856005968;0.724;0.7841751225629917;3439;582;1311
757;recreational_vehicle;4750;;0.7909473684210526;0.7749587458745875;0.7909473684210526;0.7828714315482392;3757;1091;993
229;Old_English_sheepdog;4750;;0.8336842105263158;0.7366071428571429;0.8336842105263158;0.7821449733359669;3960;1416;790
195;Boston_bull;4750;;0.7658947368421053;0.7985074626865671;0.7658947368421053;0.7818611648398881;3638;918;1112
335;fox_squirrel;4750;;0.8176842105263158;0.7483622350674374;0.8176842105263158;0.7814889336016098;3884;1306;866
640;manhole_cover;4750;;0.7397894736842106;0.8270181219110379;0.7397894736842106;0.7809756639626625;3514;735;1236
343;warthog;4750;;0.7341052631578947;0.8334130019120459;0.7341052631578947;0.7806133870606671;3487;697;1263
331;hare;4750;;0.8410526315789474;0.7276867030965392;0.8410526315789474;0.7802734375;3995;1495;755
621;lawn_mower;4750;;0.8303157894736842;0.7356836411117329;0.8303157894736842;0.7801404411037483;3944;1417;806
417;balloon;4750;;0.8250526315789474;0.7390156515180086;0.8250526315789474;0.7796677608674027;3919;1384;831
432;bassoon;4750;;0.7498947368421053;0.8099135970895862;0.7498947368421053;0.7787494534324443;3562;836;1188
458;brass;4750;;0.7002105263157895;0.8754935509344565;0.7002105263157895;0.7781027020704177;3326;473;1424
920;traffic_light;4750;;0.7349473684210527;0.8262721893491124;0.7349473684210527;0.7779387186629527;3491;734;1259
86;partridge;4750;;0.7846315789473685;0.771156631491827;0.7846315789473685;0.7778357508087238;3727;1106;1023
301;ladybug;4750;;0.8633684210526316;0.707679033649698;0.8633684210526316;0.777809388335704;4101;1694;649
805;soccer_ball;4750;;0.8698947368421053;0.7033191489361702;0.8698947368421053;0.7777882352941176;4132;1743;618
637;mailbox;4750;;0.7157894736842105;0.8512769153730596;0.7157894736842105;0.7776761207685271;3400;594;1350
283;Persian_cat;4750;;0.8069473684210526;0.7495111458740712;0.8069473684210526;0.7771695052716949;3833;1281;917
500;cliff_dwelling;4750;;0.6850526315789474;0.8976551724137931;0.6850526315789474;0.7770746268656716;3254;371;1496
963;pizza;4750;;0.7166315789473684;0.8473985561364202;0.7166315789473684;0.7765484202121592;3404;613;1346
924;guacamole;4750;;0.7098947368421052;0.8569250317662007;0.7098947368421052;0.7765112262521588;3372;563;1378
545;electric_fan;4750;;0.8157894736842105;0.7407761422290193;0.8157894736842105;0.7764753030758442;3875;1356;875
522;croquet_ball;4750;;0.7917894736842105;0.7601050929668552;0.7917894736842105;0.7756238399670035;3761;1187;989
4;hammerhead;4750;;0.7614736842105263;0.7902556259558663;0.7614736842105263;0.7755977270290555;3617;960;1133
110;flatworm;4750;;0.8221052631578948;0.7338846081563616;0.8221052631578948;0.7754939926521696;3905;1416;845
682;obelisk;4750;;0.7383157894736843;0.8165308498253784;0.7383157894736843;0.7754560530679935;3507;788;1243
771;safe;4750;;0.7181052631578947;0.8426383399209486;0.7181052631578947;0.7754035007956354;3411;637;1339
918;crossword_puzzle;4750;;0.7486315789473684;0.804161013116237;0.7486315789473684;0.7754034016572177;3556;866;1194
812;space_shuttle;4750;;0.8362105263157895;0.722707423580786;0.8362105263157895;0.7753269568612141;3972;1524;778
983;scuba_diver;4750;;0.7673684210526316;0.7815180102915952;0.7673684210526316;0.7743785850860421;3645;1019;1105
614;kimono;4750;;0.7743157894736842;0.7741528099347506;0.7743157894736842;0.7742342911272497;3678;1073;1072
352;impala;4750;;0.747578947368421;0.8021233340862887;0.747578947368421;0.7738912498637899;3551;876;1199
472;canoe;4750;;0.8677894736842106;0.698170731707317;0.8677894736842106;0.7737938802327764;4122;1782;628
8;hen;4750;;0.7458947368421053;0.8037658802177858;0.7458947368421053;0.7737497270146321;3543;865;1207
642;marimba;4750;;0.7926315789473685;0.7557205941389;0.7926315789473685;0.7737361282367449;3765;1217;985
699;panpipe;4750;;0.772;0.7752642706131079;0.772;0.7736286919831225;3667;1063;1083
245;French_bulldog;4750;;0.7393684210526316;0.8107109879963066;0.7393684210526316;0.7733979299713719;3512;820;1238
932;pretzel;4750;;0.7469473684210526;0.8016267510167194;0.7469473684210526;0.7733217088055798;3548;878;1202
150;sea_lion;4750;;0.744421052631579;0.8043676069153776;0.744421052631579;0.7732342007434945;3536;860;1214
217;English_springer;4750;;0.7473684210526316;0.8004509582863585;0.7473684210526316;0.772999455634186;3550;885;1200
612;jinrikisha;4750;;0.8947368421052632;0.6794564348521183;0.8947368421052632;0.7723761926397091;4250;2005;500
29;axolotl;4750;;0.8002105263157895;0.7455865045115732;0.8002105263157895;0.7719333874898455;3801;1297;949
290;jaguar;4750;;0.6934736842105264;0.8700475435816165;0.6934736842105264;0.7717900656044986;3294;492;1456
951;lemon;4750;;0.7452631578947368;0.8;0.7452631578947368;0.7716621253405995;3540;885;1210
104;wallaby;4750;;0.7589473684210526;0.7842070915814662;0.7589473684210526;0.7713704932063764;3605;992;1145
346;water_buffalo;4750;;0.7261052631578947;0.8217774600905409;0.7261052631578947;0.7709846876047838;3449;748;1301
76;tarantula;4750;;0.7543157894736842;0.7883388338833883;0.7543157894736842;0.7709521247982787;3583;962;1167
715;pickelhaube;4750;;0.7153684210526315;0.8340697103583702;0.7153684210526315;0.770172257479601;3398;676;1352
766;rotisserie;4750;;0.7867368421052632;0.7540355125100888;0.7867368421052632;0.7700391510405934;3737;1219;1013
981;ballplayer;4750;;0.8433684210526315;0.7078989220710373;0.8433684210526315;0.7697185128254396;4006;1653;744
448;birdhouse;4750;;0.8223157894736842;0.7233333333333334;0.8223157894736842;0.7696551724137932;3906;1494;844
367;chimpanzee;4750;;0.8189473684210526;0.7257462686567164;0.8189473684210526;0.7695351137487637;3890;1470;860
56;king_snake;4750;;0.6517894736842105;0.9390354868061874;0.6517894736842105;0.7694793090592766;3096;201;1654
190;Sealyham_terrier;4750;;0.7208421052631578;0.8238691049085659;0.7208421052631578;0.7689198293285425;3424;732;1326
450;bobsled;4750;;0.8254736842105264;0.7194495412844036;0.8254736842105264;0.7688235294117647;3921;1529;829
629;lipstick;4750;;0.7503157894736842;0.7881468376824414;0.7503157894736842;0.7687661777394305;3564;958;1186
210;German_short-haired_pointer;4750;;0.7749473684210526;0.7619540467812047;0.7749473684210526;0.7683957833211564;3681;1150;1069
318;lacewing;4750;;0.7785263157894737;0.7579422012707522;0.7785263157894737;0.7680963755322463;3698;1181;1052
770;running_shoe;4750;;0.7183157894736842;0.8251511487303507;0.7183157894736842;0.7680360157568937;3412;723;1338
605;iPod;4750;;0.6924210526315789;0.8605442176870748;0.6924210526315789;0.7673821745216987;3289;533;1461
916;web_site;4750;;0.7696842105263157;0.7637351159390015;0.7696842105263157;0.766698123099507;3656;1131;1094
645;maypole;4750;;0.9313684210526316;0.6513545347467609;0.9313684210526316;0.766591578582568;4424;2368;326
451;bolo_tie;4750;;0.7711578947368422;0.7615384615384615;0.7711578947368422;0.7663179916317991;3663;1147;1087
45;Gila_monster;4750;;0.6734736842105263;0.8876248612652609;0.6734736842105263;0.7658606655494375;3199;405;1551
174;Norwegian_elkhound;4750;;0.7825263157894737;0.749848698809764;0.7825263157894737;0.7658390851962501;3717;1240;1033
958;hay;4750;;0.7090526315789474;0.8309893905748829;0.7090526315789474;0.7651936839713734;3368;685;1382
444;bicycle-built-for-two;4750;;0.7867368421052632;0.7441258462763839;0.7867368421052632;0.7648383135489152;3737;1285;1013
732;Polaroid_camera;4750;;0.7347368421052631;0.7971676564641389;0.7347368421052631;0.7646801051709026;3490;888;1260
213;Irish_setter;4750;;0.7433684210526316;0.7869400490305326;0.7433684210526316;0.7645339395907761;3531;956;1219
38;banded_gecko;4750;;0.8054736842105263;0.7275147366419471;0.8054736842105263;0.7645119392546709;3826;1433;924
384;indri;4750;;0.8705263157894737;0.6808825950930347;0.8705263157894737;0.7641134620715143;4135;1938;615
327;starfish;4750;;0.8334736842105264;0.7053269196508106;0.8334736842105264;0.7640644600984271;3959;1654;791
296;ice_bear;4750;;0.7581052631578947;0.7694444444444445;0.7581052631578947;0.7637327677624604;3601;1079;1149
592;hard_disc;4750;;0.6766315789473685;0.876226826608506;0.6766315789473685;0.7636018056545498;3214;454;1536
495;china_cabinet;4750;;0.7275789473684211;0.803160585637927;0.7275789473684211;0.7635038108914173;3456;847;1294
116;chiton;4750;;0.743578947368421;0.7840177580466149;0.743578947368421;0.7632631010264722;3532;973;1218
336;marmot;4750;;0.8204210526315789;0.7093192573716782;0.8204210526315789;0.7608356110894182;3897;1597;853
228;komondor;4750;;0.8212631578947368;0.7078570132462348;0.8212631578947368;0.7603547412532891;3901;1610;849
872;tripod;4750;;0.7058947368421052;0.8238329238329238;0.7058947368421052;0.7603174603174602;3353;717;1397
303;long-horned_beetle;4750;;0.7181052631578947;0.8073372781065089;0.7181052631578947;0.7601114206128134;3411;814;1339
615;knee_pad;4750;;0.7456842105263158;0.775054704595186;0.7456842105263158;0.7600858369098712;3542;1028;1208
734;police_van;4750;;0.6991578947368421;0.8294205794205795;0.6991578947368421;0.7587388622344072;3321;683;1429
288;leopard;4750;;0.756421052631579;0.7609063955950869;0.756421052631579;0.7586570945945946;3593;1129;1157
134;crane;4750;;0.6658947368421053;0.8813039843967679;0.6658947368421053;0.7586041491785587;3163;426;1587
113;snail;4750;;0.7711578947368422;0.7463325183374083;0.7711578947368422;0.7585421412300684;3663;1245;1087
613;joystick;4750;;0.7987368421052632;0.7215671357930772;0.7987368421052632;0.7581934452438049;3794;1464;956
410;apiary;4750;;0.7414736842105263;0.7738958470665788;0.7414736842105263;0.7573379206536931;3522;1029;1228
295;American_black_bear;4750;;0.7816842105263158;0.733794466403162;0.7816842105263158;0.7569826707441387;3713;1347;1037
259;Pomeranian;4750;;0.8313684210526315;0.6926854937730222;0.8313684210526315;0.7557171562529902;3949;1752;801
491;chain_saw;4750;;0.7844210526315789;0.7290158481706124;0.7844210526315789;0.7557042896257985;3726;1385;1024
902;whistle;4750;;0.7907368421052632;0.7218912166058044;0.7907368421052632;0.7547473123681302;3756;1447;994
81;ptarmigan;4750;;0.6747368421052632;0.8553509474246064;0.6747368421052632;0.7543839002000707;3205;542;1545
305;dung_beetle;4750;;0.7298947368421053;0.7805042773525439;0.7298947368421053;0.7543516100957355;3467;975;1283
27;eft;4750;;0.6858947368421052;0.8368867197534036;0.6858947368421052;0.7539048941339812;3258;635;1492
564;four-poster;4750;;0.7738947368421053;0.7343188174190971;0.7738947368421053;0.7535875358753588;3676;1330;1074
78;tick;4750;;0.7913684210526316;0.7170927127050744;0.7913684210526316;0.7524019215372298;3759;1483;991
31;tree_frog;4750;;0.6726315789473685;0.8529097704217833;0.6726315789473685;0.7521186440677966;3195;551;1555
239;Bernese_mountain_dog;4750;;0.8534736842105263;0.6717481358740679;0.8534736842105263;0.751784886416319;4054;1981;696
397;puffer;4750;;0.7111578947368421;0.795947219604147;0.7111578947368421;0.7511674449633089;3378;866;1372
476;carousel;4750;;0.883578947368421;0.6527216174183514;0.883578947368421;0.7508050089445438;4197;2233;553
666;mortar;4750;;0.7709473684210526;0.7312300319488818;0.7709473684210526;0.7505636400901825;3662;1346;1088
670;motor_scooter;4750;;0.7865263157894736;0.7172201958149357;0.7865263157894736;0.7502761321417812;3736;1473;1014
152;Japanese_spaniel;4750;;0.6903157894736842;0.8205705705705706;0.6903157894736842;0.749828493025383;3279;717;1471
370;guenon;4750;;0.6957894736842105;0.812238879331531;0.6957894736842105;0.7495180859507881;3305;764;1445
853;thatch;4750;;0.7667368421052632;0.7325020112630732;0.7667368421052632;0.7492285537955153;3642;1330;1108
518;crash_helmet;4750;;0.8376842105263158;0.6770461119618854;0.8376842105263158;0.748847275806907;3979;1898;771
398;abacus;4750;;0.7501052631578947;0.7447742474916388;0.7501052631578947;0.7474302496328928;3563;1221;1187
128;black_stork;4750;;0.8627368421052631;0.6592664092664092;0.8627368421052631;0.7474010578150646;4098;2118;652
47;African_chameleon;4750;;0.7717894736842106;0.7230769230769231;0.7717894736842106;0.7466395112016292;3666;1404;1084
630;Loafer;4750;;0.7429473684210526;0.7502125850340136;0.7429473684210526;0.7465623016712503;3529;1175;1221
72;black_and_gold_garden_spider;4750;;0.7787368421052632;0.7167215655880643;0.7787368421052632;0.7464433457774191;3699;1462;1051
553;file;4750;;0.7132631578947368;0.7811851510260549;0.7132631578947368;0.7456806426763507;3388;949;1362
780;schooner;4750;;0.8063157894736842;0.6934636972659787;0.8063157894736842;0.7456439209578507;3830;1693;920
785;seat_belt;4750;;0.7208421052631578;0.7709975230803873;0.7208421052631578;0.7450767054727451;3424;1017;1326
169;borzoi;4750;;0.8313684210526315;0.674812030075188;0.8313684210526315;0.7449537823052254;3949;1903;801
39;common_iguana;4750;;0.7406315789473684;0.7488292890591741;0.7406315789473684;0.7447078746824726;3518;1180;1232
852;tennis_ball;4750;;0.8023157894736842;0.6941712204007287;0.8023157894736842;0.7443359375;3811;1679;939
724;pirate;4750;;0.6867368421052632;0.8110392839383391;0.6867368421052632;0.7437300501595988;3262;760;1488
330;wood_rabbit;4750;;0.7134736842105264;0.7765811182401466;0.7134736842105264;0.7436910247970157;3389;975;1361
649;megalith;4750;;0.704421052631579;0.7874794069192751;0.704421052631579;0.7436381820202245;3346;903;1404
79;centipede;4750;;0.7105263157894737;0.7772915707047443;0.7105263157894737;0.7424109106907171;3375;967;1375
833;submarine;4750;;0.7494736842105263;0.7347781217750258;0.7494736842105263;0.7420531526836894;3560;1285;1190
372;baboon;4750;;0.7945263157894736;0.695539992628087;0.7945263157894736;0.741745283018868;3774;1652;976
394;sturgeon;4750;;0.7033684210526315;0.7844564451749237;0.7033684210526315;0.7417027417027416;3341;918;1409
521;Crock_Pot;4750;;0.6391578947368421;0.8833284841431481;0.6391578947368421;0.7416636130450716;3036;401;1714
297;sloth_bear;4750;;0.696;0.7920459990416866;0.696;0.7409233527566114;3306;868;1444
3;tiger_shark;4750;;0.7391578947368421;0.7411864048976146;0.7391578947368421;0.740170759987351;3511;1226;1239
82;ruffed_grouse;4750;;0.7981052631578948;0.6898999090081893;0.7981052631578948;0.7400683260126891;3791;1704;959
319;dragonfly;4750;;0.736;0.7433553051243887;0.736;0.7396593673965935;3496;1207;1254
870;tricycle;4750;;0.7351578947368421;0.7440869379927552;0.7351578947368421;0.7395954675420946;3492;1201;1258
777;scabbard;4750;;0.716842105263158;0.7619154173193108;0.716842105263158;0.7386918320859095;3405;1064;1345
686;oil_filter;4750;;0.6557894736842105;0.8446312364425163;0.6557894736842105;0.738326617681915;3115;573;1635
214;Gordon_setter;4750;;0.759578947368421;0.7181528662420382;0.759578947368421;0.7382852465725394;3608;1416;1142
109;brain_coral;4750;;0.7061052631578948;0.7731673582295989;0.7061052631578948;0.7381161971830985;3354;984;1396
949;strawberry;4750;;0.6652631578947369;0.8283093053735255;0.6652631578947369;0.7378867483946293;3160;655;1590
840;swab;4750;;0.7446315789473684;0.7312383708910482;0.7446315789473684;0.737874204652133;3537;1300;1213
877;turnstile;4750;;0.7132631578947368;0.7635789948163173;0.7132631578947368;0.7375639490584521;3388;1049;1362
157;papillon;4750;;0.8469473684210527;0.6531904529956162;0.8469473684210527;0.7375561463012191;4023;2136;727
473;can_opener;4750;;0.7181052631578947;0.758;0.7181052631578947;0.7375135135135136;3411;1089;1339
377;marmoset;4750;;0.6854736842105263;0.794921875;0.6854736842105263;0.736151933077097;3256;840;1494
583;guillotine;4750;;0.8307368421052631;0.6608608273321052;0.8307368421052631;0.7361253614401642;3946;2025;804
496;Christmas_stocking;4750;;0.9067368421052632;0.6194448439522509;0.9067368421052632;0.7360505853200034;4307;2646;443
722;ping-pong_ball;4750;;0.7894736842105263;0.6885787734116783;0.7894736842105263;0.7355825814044724;3750;1696;1000
559;folding_chair;4750;;0.6766315789473685;0.804908590032557;0.6766315789473685;0.735216744824431;3214;779;1536
739;potter's_wheel;4750;;0.8517894736842105;0.6458100558659218;0.8517894736842105;0.7346345891965502;4046;2219;704
203;West_Highland_white_terrier;4750;;0.7726315789473684;0.6999809269502193;0.7726315789473684;0.7345141599119385;3670;1573;1080
403;aircraft_carrier;4750;;0.764;0.7068562524347487;0.764;0.7343180898421692;3629;1505;1121
360;otter;4750;;0.7136842105263158;0.756021409455843;0.7136842105263158;0.7342430149447694;3390;1094;1360
940;spaghetti_squash;4750;;0.7195789473684211;0.7477576022752133;0.7195789473684211;0.7333977041090012;3418;1153;1332
758;reel;4750;;0.6524210526315789;0.8364372469635628;0.6524210526315789;0.7330573625073922;3099;606;1651
287;lynx;4750;;0.6631578947368421;0.818394388152767;0.6631578947368421;0.7326433306198394;3150;699;1600
177;Scottish_deerhound;4750;;0.8223157894736842;0.6584625758597438;0.8223157894736842;0.7313237221494103;3906;2026;844
942;butternut_squash;4750;;0.6743157894736842;0.7983549351944168;0.6743157894736842;0.7311116183519745;3203;809;1547
881;upright;4750;;0.7985263157894736;0.6740714412653279;0.7985263157894736;0.731039799556712;3793;1834;957
309;bee;4750;;0.7138947368421052;0.7488957597173145;0.7138947368421052;0.730976503556801;3391;1137;1359
965;burrito;4750;;0.6366315789473684;0.857872340425532;0.6366315789473684;0.7308761329305136;3024;501;1726
580;greenhouse;4750;;0.6861052631578948;0.7815347721822542;0.6861052631578948;0.7307174887892377;3259;911;1491
641;maraca;4750;;0.8242105263157895;0.6553398058252428;0.8242105263157895;0.7301380082058934;3915;2059;835
221;Irish_water_spaniel;4750;;0.8096842105263158;0.6644782308223911;0.8096842105263158;0.7299297779464793;3846;1942;904
429;baseball;4750;;0.7029473684210527;0.7585188550658791;0.7029473684210527;0.7296765734265734;3339;1063;1411
220;Sussex_spaniel;4750;;0.6631578947368421;0.8110195674562307;0.6631578947368421;0.7296733842946491;3150;734;1600
789;shoji;4750;;0.7753684210526316;0.6889263000374112;0.7753684210526316;0.7295958795562599;3683;1663;1067
7;cock;4750;;0.7103157894736842;0.7459650674331196;0.7103157894736842;0.7277040871346921;3374;1149;1376
551;face_powder;4750;;0.7467368421052631;0.7091163534586166;0.7467368421052631;0.7274405250205087;3547;1455;1203
646;maze;4750;;0.8705263157894737;0.6241509433962265;0.8705263157894737;0.727032967032967;4135;2490;615
368;gibbon;4750;;0.7488421052631579;0.7063145353455124;0.7488421052631579;0.7269568771714695;3557;1479;1193
517;crane;4750;;0.7494736842105263;0.7050901168548227;0.7494736842105263;0.7266047555873048;3560;1489;1190
889;violin;4750;;0.6816842105263158;0.7772443590974556;0.6816842105263158;0.7263346792283535;3238;928;1512
423;barber_chair;4750;;0.708421052631579;0.7441397611676249;0.708421052631579;0.7258412424503882;3365;1157;1385
21;kite;4750;;0.8612631578947368;0.6268771069567882;0.8612631578947368;0.7256119191202554;4091;2435;659
723;pinwheel;4750;;0.86;0.6272071242131122;0.86;0.7253840007102903;4085;2428;665
41;whiptail;4750;;0.7993684210526316;0.6610376044568245;0.7993684210526316;0.7236516104440631;3797;1947;953
647;measuring_cup;4750;;0.647578947368421;0.8167817312798725;0.647578947368421;0.7224048849224987;3076;690;1674
349;bighorn;4750;;0.8538947368421053;0.6253469010175763;0.8538947368421053;0.7219651121395514;4056;2430;694
849;teapot;4750;;0.7088421052631579;0.7332317073170732;0.7088421052631579;0.7208306572468423;3367;1225;1383
897;washer;4750;;0.6286315789473684;0.8427885972339825;0.6286315789473684;0.7201254069697335;2986;557;1764
125;hermit_crab;4750;;0.6949473684210526;0.7466636507577471;0.6949473684210526;0.7198778759132046;3301;1120;1449
114;slug;4750;;0.6494736842105263;0.8073802669458257;0.6494736842105263;0.7198693267996732;3085;736;1665
822;steel_drum;4750;;0.7793684210526316;0.6683516880303304;0.7793684210526316;0.7196034600058315;3702;1837;1048
467;butcher_shop;4750;;0.6448421052631579;0.8111758474576272;0.6448421052631579;0.7185080928923294;3063;713;1687
903;wig;4750;;0.7246315789473684;0.7124818878079072;0.7246315789473684;0.7185053752217931;3442;1389;1308
659;mixing_bowl;4750;;0.7138947368421052;0.721796509152831;0.7138947368421052;0.7178238780694327;3391;1307;1359
235;German_shepherd;4750;;0.7522105263157894;0.6846139107108642;0.7522105263157894;0.7168221486608487;3573;1646;1177
616;knot;4750;;0.752;0.6841601225818809;0.752;0.7164777855781768;3572;1649;1178
658;mitten;4750;;0.6814736842105263;0.7552496500233318;0.6814736842105263;0.7164674634794156;3237;1049;1513
243;bull_mastiff;4750;;0.6873684210526316;0.747481684981685;0.6873684210526316;0.7161658258389999;3265;1103;1485
568;fur_coat;4750;;0.7673684210526316;0.6711471183944026;0.7673684210526316;0.7160396817601415;3645;1786;1105
440;beer_bottle;4750;;0.7389473684210527;0.6940874035989717;0.7389473684210527;0.7158152340165188;3510;1547;1240
121;king_crab;4750;;0.7576842105263157;0.6781609195402298;0.7576842105263157;0.715720393755593;3599;1708;1151
273;dingo;4750;;0.7252631578947368;0.7063768710272709;0.7252631578947368;0.7156954399085904;3445;1432;1305
931;bagel;4750;;0.6258947368421053;0.8339410939691445;0.6258947368421053;0.7150932050511125;2973;592;1777
950;orange;4750;;0.6829473684210526;0.7504048114735138;0.6829473684210526;0.7150887247878319;3244;1079;1506
610;jersey;4750;;0.66;0.779462953754351;0.66;0.7147742818057455;3135;887;1615
378;capuchin;4750;;0.7351578947368421;0.694234592445328;0.7351578947368421;0.7141104294478529;3492;1538;1258
33;loggerhead;4750;;0.7336842105263158;0.6935323383084577;0.7336842105263158;0.7130434782608696;3485;1540;1265
871;trimaran;4750;;0.736;0.6898184688239937;0.736;0.712161336321043;3496;1572;1254
570;gasmask;4750;;0.7162105263157895;0.7074235807860262;0.7162105263157895;0.7117899361857934;3402;1407;1348
194;Dandie_Dinmont;4750;;0.7722105263157895;0.6600683822206226;0.7722105263157895;0.7117492965945473;3668;1889;1082
252;affenpinscher;4750;;0.7591578947368421;0.6697622585438335;0.7591578947368421;0.7116637063351094;3606;1778;1144
441;beer_glass;4750;;0.6812631578947368;0.7447640966628308;0.6812631578947368;0.7115997800989554;3236;1109;1514
992;agaric;4750;;0.7932631578947369;0.6447638603696099;0.7932631578947369;0.711346044931093;3768;2076;982
713;photocopier;4750;;0.8831578947368421;0.5951198751595971;0.8831578947368421;0.711077209933045;4195;2854;555
353;gazelle;4750;;0.7397894736842106;0.6840568425150866;0.7397894736842106;0.7108324061899464;3514;1623;1236
421;bannister;4750;;0.6945263157894737;0.7271324663874807;0.6945263157894737;0.7104554753957144;3299;1238;1451
831;studio_couch;4750;;0.752421052631579;0.6719308140627938;0.752421052631579;0.7099016784189095;3574;1745;1176
593;harmonica;4750;;0.736421052631579;0.6849422361464657;0.736421052631579;0.7097494166582126;3498;1609;1252
428;barrow;4750;;0.6772631578947368;0.7436430883032825;0.6772631578947368;0.7089026002644336;3217;1109;1533
882;vacuum;4750;;0.6646315789473685;0.7588942307692308;0.6646315789473685;0.7086419753086419;3157;1003;1593
361;skunk;4750;;0.8738947368421053;0.5958088129754557;0.8738947368421053;0.7085431424426047;4151;2816;599
107;jellyfish;4750;;0.7949473684210526;0.638917089678511;0.7949473684210526;0.7084427767354597;3776;2134;974
765;rocking_chair;4750;;0.647578947368421;0.7815040650406504;0.647578947368421;0.7082661754547548;3076;860;1674
761;remote_control;4750;;0.7471578947368421;0.6731790591805766;0.7471578947368421;0.7082418678906406;3549;1723;1201
901;whiskey_jug;4750;;0.6328421052631579;0.8039582776143354;0.6328421052631579;0.7082106255153728;3006;733;1744
234;Rottweiler;4750;;0.7233684210526315;0.6935809446911586;0.7233684210526315;0.708161582852432;3436;1518;1314
507;combination_lock;4750;;0.6983157894736842;0.7176546949372566;0.6983157894736842;0.7078531796841656;3317;1305;1433
171;Italian_greyhound;4750;;0.659157894736842;0.764217720283134;0.659157894736842;0.7078105572510455;3131;966;1619
181;Bedlington_terrier;4750;;0.7882105263157895;0.6421955403087478;0.7882105263157895;0.7077504725897921;3744;2086;1006
579;grand_piano;4750;;0.6385263157894737;0.7929411764705883;0.6385263157894737;0.7074052478134111;3033;792;1717
595;harvester;4750;;0.7229473684210527;0.6921991533964926;0.7229473684210527;0.7072392132633097;3434;1527;1316
123;spiny_lobster;4750;;0.6063157894736843;0.8430913348946136;0.6063157894736843;0.7053637031594416;2880;536;1870
586;half_track;4750;;0.748421052631579;0.6658550290316538;0.748421052631579;0.7047279214986619;3555;1784;1195
37;box_turtle;4750;;0.6452631578947369;0.7741854003536246;0.6452631578947369;0.7038695602250545;3065;894;1685
198;standard_schnauzer;4750;;0.7829473684210526;0.6385645604395604;0.7829473684210526;0.7034234915831284;3719;2105;1031
299;meerkat;4750;;0.8467368421052631;0.6006571087216248;0.8467368421052631;0.7027782631486983;4022;2674;728
511;convertible;4750;;0.6181052631578947;0.8139728306071528;0.6181052631578947;0.7026444896493956;2936;671;1814
557;flagpole;4750;;0.6541052631578947;0.758544921875;0.6541052631578947;0.7024643906850554;3107;989;1643
919;street_sign;4750;;0.7250526315789474;0.6811708860759493;0.7250526315789474;0.7024270854578829;3444;1612;1306
118;Dungeness_crab;4750;;0.6416842105263157;0.774390243902439;0.6416842105263157;0.7018190191112135;3048;888;1702
753;radiator;4750;;0.6627368421052632;0.7443840151336013;0.6627368421052632;0.701191669450941;3148;1081;1602
854;theater_curtain;4750;;0.7951578947368421;0.6268879668049793;0.7951578947368421;0.7010672853828307;3777;2248;973
215;Brittany_spaniel;4750;;0.6692631578947369;0.7348589921405455;0.6692631578947369;0.7005288673424416;3179;1147;1571
164;bluetick;4750;;0.7218947368421053;0.6790099009900991;0.7218947368421053;0.699795918367347;3429;1621;1321
550;espresso_maker;4750;;0.6652631578947369;0.7379729098552078;0.6652631578947369;0.6997342781222321;3160;1122;1590
80;black_grouse;4750;;0.8949473684210526;0.5736842105263158;0.8949473684210526;0.6991776315789474;4251;3159;499
891;waffle_iron;4750;;0.655157894736842;0.7486167909550157;0.655157894736842;0.6987762434040641;3112;1045;1638
695;padlock;4750;;0.7336842105263158;0.6669856459330143;0.7336842105263158;0.6987468671679198;3485;1740;1265
730;plow;4750;;0.6835789473684211;0.714568661971831;0.6835789473684211;0.6987303636754896;3247;1297;1503
798;slide_rule;4750;;0.5818947368421052;0.8735777496839444;0.5818947368421052;0.6985089714430125;2764;400;1986
334;porcupine;4750;;0.751578947368421;0.6512221816855163;0.751578947368421;0.6978107896794371;3570;1912;1180
211;vizsla;4750;;0.6907368421052632;0.7049849591749033;0.6907368421052632;0.6977881752445767;3281;1373;1469
546;electric_guitar;4750;;0.7033684210526315;0.6917184265010352;0.7033684210526315;0.6974947807933194;3341;1489;1409
416;balance_beam;4750;;0.8044210526315789;0.615099806825499;0.8044210526315789;0.6971355592045247;3821;2391;929
825;stone_wall;4750;;0.6101052631578947;0.8119921546651723;0.6101052631578947;0.6967183555715831;2898;671;1852
929;ice_lolly;4750;;0.6810526315789474;0.7128691053327457;0.6810526315789474;0.6965977605512489;3235;1303;1515
106;wombat;4750;;0.6296842105263157;0.7766813814593612;0.6296842105263157;0.6955005231949772;2991;860;1759
43;frilled_lizard;4750;;0.7431578947368421;0.6526160103531152;0.7431578947368421;0.6949502903829117;3530;1879;1220
236;Doberman;4750;;0.6814736842105263;0.708780380994088;0.6814736842105263;0.6948588601481165;3237;1330;1513
437;beacon;4750;;0.7075789473684211;0.6814679643146796;0.7075789473684211;0.694278041726916;3361;1571;1389
154;Pekinese;4750;;0.7473684210526316;0.647928454097463;0.7473684210526316;0.6941049956007429;3550;1929;1200
717;pickup;4750;;0.5842105263157895;0.8522727272727273;0.5842105263157895;0.6932300774419186;2775;481;1975
532;dining_table;4750;;0.692;0.6943388255175328;0.692;0.6931674398987768;3287;1447;1463
690;oxcart;4750;;0.784;0.6211843202668891;0.784;0.6931596091205211;3724;2271;1026
52;thunder_snake;4750;;0.6772631578947368;0.7087464199162811;0.6772631578947368;0.6926472171385509;3217;1322;1533
395;gar;4750;;0.7231578947368421;0.6645385954730122;0.7231578947368421;0.6926101421514266;3435;1734;1315
738;pot;4750;;0.7717894736842106;0.6276322547508988;0.7717894736842106;0.692285903125295;3666;2175;1084
50;American_alligator;4750;;0.6061052631578947;0.8062167460095211;0.6061052631578947;0.6919841365220526;2879;692;1871
808;sombrero;4750;;0.6774736842105263;0.7070973412436827;0.6774736842105263;0.6919686055262875;3218;1333;1532
61;boa_constrictor;4750;;0.6290526315789474;0.7687162335991767;0.6290526315789474;0.6919069121222646;2988;899;1762
711;perfume;4750;;0.7018947368421052;0.6819390468398445;0.7018947368421052;0.6917730054984957;3334;1555;1416
703;park_bench;4750;;0.6928421052631579;0.689937106918239;0.6928421052631579;0.6913865546218487;3291;1479;1459
468;cab;4750;;0.6854736842105263;0.6963216424294268;0.6854736842105263;0.6908550816889455;3256;1420;1494
313;walking_stick;4750;;0.6494736842105263;0.7375089648577576;0.6494736842105263;0.6906974140826151;3085;1098;1665
209;Chesapeake_Bay_retriever;4750;;0.6227368421052631;0.7735355648535565;0.6227368421052631;0.6899930020993701;2958;866;1792
701;parachute;4750;;0.9134736842105263;0.5543631020825348;0.9134736842105263;0.6899896636717818;4339;3488;411
581;grille;4750;;0.6122105263157894;0.7902173913043479;0.6122105263157894;0.6899169632265717;2908;772;1842
161;basset;4750;;0.7376842105263158;0.647450110864745;0.7376842105263158;0.6896280259791381;3504;1908;1246
720;pill_bottle;4750;;0.792;0.6104170047055005;0.792;0.6894529460276734;3762;2401;988
63;Indian_cobra;4750;;0.8105263157894737;0.5995950786481856;0.8105263157894737;0.6892847551696357;3850;2571;900
913;wreck;4750;;0.7532631578947369;0.6347347880078056;0.7532631578947369;0.6889380956965439;3578;2059;1172
627;limousine;4750;;0.7884210526315789;0.6101335940045618;0.7884210526315789;0.68791329904482;3745;2393;1005
635;magnetic_compass;4750;;0.7623157894736842;0.626145599169981;0.7623157894736842;0.6875534035887212;3621;2162;1129
342;wild_boar;4750;;0.7345263157894737;0.6456328645447816;0.7345263157894737;0.6872168603506007;3489;1915;1261
676;muzzle;4750;;0.6082105263157894;0.7880523731587561;0.6082105263157894;0.6865494296577946;2889;777;1861
314;cockroach;4750;;0.6341052631578947;0.7477656405163853;0.6341052631578947;0.6862611073137389;3012;1016;1738
912;worm_fence;4750;;0.7353684210526316;0.6424498804487769;0.7353684210526316;0.6857759890055954;3493;1944;1257
793;shower_cap;4750;;0.6741052631578948;0.6972996515679443;0.6741052631578948;0.685506315564119;3202;1390;1548
223;schipperke;4750;;0.6863157894736842;0.6845863082738345;0.6863157894736842;0.6854499579478553;3260;1502;1490
866;tractor;4750;;0.7496842105263158;0.6310473152578415;0.7496842105263158;0.6852689310112575;3561;2082;1189
520;crib;4750;;0.6389473684210526;0.7382631963026027;0.6389473684210526;0.6850242636271301;3035;1076;1715
795;ski;4750;;0.767578947368421;0.6173383000338639;0.767578947368421;0.6843093093093092;3646;2260;1104
315;mantis;4750;;0.644;0.7292014302741359;0.644;0.6839575181665736;3059;1136;1691
756;rain_barrel;4750;;0.6286315789473684;0.7493099121706399;0.6286315789473684;0.6836863194046938;2986;999;1764
120;fiddler_crab;4750;;0.6448421052631579;0.7263457434194925;0.6448421052631579;0.6831716293074608;3063;1154;1687
577;gong;4750;;0.7850526315789473;0.6043760129659643;0.7850526315789473;0.6829670329670329;3729;2441;1021
617;lab_coat;4750;;0.6863157894736842;0.6791666666666667;0.6863157894736842;0.6827225130890052;3260;1540;1490
678;neck_brace;4750;;0.68;0.6850477200424178;0.68;0.682514527205494;3230;1485;1520
597;holster;4750;;0.6170526315789474;0.762883914627798;0.6170526315789474;0.6822625698324023;2931;911;1819
803;snowplow;4750;;0.8406315789473684;0.5736244792414883;0.8406315789473684;0.6819229783963795;3993;2968;757
653;milk_can;4750;;0.6498947368421053;0.7169066418950302;0.6498947368421053;0.6817579505300353;3087;1219;1663
337;beaver;4750;;0.7018947368421052;0.6622963845848232;0.7018947368421052;0.6815208503679476;3334;1700;1416
369;siamang;4750;;0.6597894736842105;0.7034792368125702;0.6597894736842105;0.6809342748506247;3134;1321;1616
702;parallel_bars;4750;;0.6947368421052632;0.6661283811061768;0.6947368421052632;0.6801319043693322;3300;1654;1450
654;minibus;4750;;0.7837894736842105;0.5990345937248592;0.7837894736842105;0.6790697674418604;3723;2492;1027
776;sax;4750;;0.6844210526315789;0.6736427683381683;0.6844210526315789;0.6789891395154553;3251;1575;1499
875;trombone;4750;;0.6614736842105263;0.6951327433628318;0.6614736842105263;0.6778856526429341;3142;1378;1608
457;bow_tie;4750;;0.6589473684210526;0.6975707599732561;0.6589473684210526;0.6777092129479267;3130;1357;1620
176;Saluki;4750;;0.6503157894736842;0.7068649885583524;0.6503157894736842;0.6774122807017544;3089;1281;1661
737;pop_bottle;4750;;0.6808421052631579;0.6738903938320483;0.6808421052631579;0.6773484134464341;3234;1565;1516
449;boathouse;4750;;0.6393684210526316;0.7200094831673779;0.6393684210526316;0.6772970561998217;3037;1181;1713
796;ski_mask;4750;;0.7976842105263158;0.5878975950349108;0.7976842105263158;0.6769093345243412;3789;2656;961
596;hatchet;4750;;0.6069473684210527;0.7643160127253447;0.6069473684210527;0.6766017366815301;2883;889;1867
373;macaque;4750;;0.6553684210526316;0.698608617594255;0.6553684210526316;0.6762980664783836;3113;1343;1637
665;moped;4750;;0.6332631578947369;0.7248192771084337;0.6332631578947369;0.6759550561797752;3008;1142;1742
806;sock;4750;;0.6330526315789474;0.7244037581305709;0.6330526315789474;0.6756544208515897;3007;1144;1743
182;Border_terrier;4750;;0.6728421052631579;0.67841222670346;0.6728421052631579;0.6756156854455132;3196;1515;1554
298;mongoose;4750;;0.6126315789473684;0.749806750837413;0.6126315789473684;0.6743135210288496;2910;971;1840
922;menu;4750;;0.5848421052631579;0.7934875749785776;0.5848421052631579;0.6733729244940008;2778;723;1972
896;washbasin;4750;;0.7101052631578947;0.6395525218050815;0.7101052631578947;0.6729848363926576;3373;1901;1377
224;groenendael;4750;;0.6648421052631579;0.6765209940017138;0.6648421052631579;0.6706307071565089;3158;1510;1592
112;conch;4750;;0.656;0.6857394366197183;0.656;0.6705401334194104;3116;1428;1634
589;hand_blower;4750;;0.6122105263157894;0.7405143875732111;0.6122105263157894;0.6702777457646651;2908;1019;1842
256;Newfoundland;4750;;0.6216842105263158;0.7259095378564405;0.6216842105263158;0.669766386935813;2953;1115;1797
173;Ibizan_hound;4750;;0.6183157894736843;0.7304153195722457;0.6183157894736843;0.6697069889408277;2937;1084;1813
823;stethoscope;4750;;0.6282105263157894;0.7161027117830574;0.6282105263157894;0.6692833912750925;2984;1183;1766
778;scale;4750;;0.5751578947368421;0.8002343292325718;0.5751578947368421;0.6692797648211661;2732;682;2018
939;zucchini;4750;;0.5890526315789474;0.7746400885935769;0.5890526315789474;0.6692178904568286;2798;814;1952
172;whippet;4750;;0.6513684210526316;0.688014231710029;0.6513684210526316;0.6691900075700228;3094;1403;1656
697;pajama;4750;;0.6343157894736842;0.7079417293233082;0.6343157894736842;0.6691094825671774;3013;1243;1737
302;ground_beetle;4750;;0.667578947368421;0.6701183431952663;0.667578947368421;0.6688462349715251;3171;1561;1579
533;dishrag;4750;;0.5294736842105263;0.9076145795741609;0.5294736842105263;0.6687940433452999;2515;256;2235
490;chain_mail;4750;;0.6290526315789474;0.7136374492476714;0.6290526315789474;0.6686807653575025;2988;1199;1762
943;cucumber;4750;;0.7067368421052631;0.633276740237691;0.7067368421052631;0.6679932345040294;3357;1944;1393
858;tile_roof;4750;;0.5827368421052631;0.7821418479796552;0.5827368421052631;0.6678730848111956;2768;771;1982
183;Kerry_blue_terrier;4750;;0.7109473684210527;0.6292155766722564;0.7109473684210527;0.6675892062864486;3377;1990;1373
704;parking_meter;4750;;0.7587368421052632;0.594033294873908;0.7587368421052632;0.6663585097531664;3604;2463;1146
859;toaster;4750;;0.6522105263157895;0.6801317233809001;0.6522105263157895;0.6658785599140247;3098;1457;1652
525;dam;4750;;0.6943157894736842;0.6395191002520846;0.6943157894736842;0.6657918643383467;3298;1859;1452
456;bow;4750;;0.7945263157894736;0.5728597449908925;0.7945263157894736;0.66572587757982;3774;2814;976
634;lumbermill;4750;;0.6945263157894737;0.6378576952822892;0.6945263157894737;0.6649868978028622;3299;1873;1451
427;barrel;4750;;0.6307368421052632;0.702461899179367;0.6307368421052632;0.6646699944536884;2996;1269;1754
115;sea_slug;4750;;0.6206315789473684;0.7141472868217055;0.6206315789473684;0.6641135390853796;2948;1180;1802
452;bonnet;4750;;0.6282105263157894;0.7036076397076161;0.6282105263157894;0.6637748859971083;2984;1257;1766
680;nipple;4750;;0.6709473684210526;0.6567071914279827;0.6709473684210526;0.6637509111735915;3187;1666;1563
826;stopwatch;4750;;0.6141052631578947;0.7211372064276885;0.6141052631578947;0.6633314383172256;2917;1128;1833
867;trailer_truck;4750;;0.808;0.561357320462191;0.808;0.6624665573487529;3838;2999;912
544;Dutch_oven;4750;;0.6069473684210527;0.7272956609485368;0.6069473684210527;0.6616938260270829;2883;1081;1867
455;bottlecap;4750;;0.6362105263157894;0.6888534305903806;0.6362105263157894;0.6614862646382839;3022;1365;1728
759;reflex_camera;4750;;0.6338947368421053;0.6913892078071182;0.6338947368421053;0.6613948380010983;3011;1344;1739
399;abaya;4750;;0.7648421052631579;0.5822115384615385;0.7648421052631579;0.6611464968152866;3633;2607;1117
857;throne;4750;;0.6812631578947368;0.6411729740439865;0.6812631578947368;0.6606103909360008;3236;1811;1514
382;squirrel_monkey;4750;;0.7421052631578947;0.5949367088607594;0.7421052631578947;0.6604215456674473;3525;2400;1225
475;car_mirror;4750;;0.9271578947368421;0.5127488648271045;0.9271578947368421;0.6603193642701851;4404;4185;346
997;bolete;4750;;0.5623157894736842;0.7989829494466049;0.5623157894736842;0.6600766094155442;2671;672;2079
443;bib;4750;;0.6172631578947368;0.7090689238210399;0.6172631578947368;0.6599887450759708;2932;1203;1818
774;sandal;4750;;0.6012631578947368;0.7283856159143076;0.6012631578947368;0.6587475493022719;2856;1065;1894
538;dome;4750;;0.5976842105263158;0.7330234959979344;0.5976842105263158;0.6584715296300593;2839;1034;1911
669;mosquito_net;4750;;0.6722105263157895;0.6447899838449112;0.6722105263157895;0.6582148010719441;3193;1759;1557
693;paddle;4750;;0.5949473684210527;0.7363210005211047;0.5949473684210527;0.6581276199347927;2826;1012;1924
462;broom;4750;;0.6052631578947368;0.7171364430032428;0.6052631578947368;0.6564676332914716;2875;1134;1875
42;agama;4750;;0.6256842105263158;0.6893992113198794;0.6256842105263158;0.6559982341904866;2972;1339;1778
760;refrigerator;4750;;0.6981052631578948;0.6175046554934823;0.6981052631578948;0.6553359683794467;3316;2054;1434
212;English_setter;4750;;0.6966315789473684;0.6183890861521211;0.6966315789473684;0.6551826551826552;3309;2042;1441
264;Cardigan;4750;;0.6821052631578948;0.6297376093294461;0.6821052631578948;0.6548762001010611;3240;1905;1510
206;curly-coated_retriever;4750;;0.644;0.6647109952194697;0.644;0.6541916167664671;3059;1543;1691
474;cardigan;4750;;0.6456842105263157;0.6619900712281459;0.6456842105263157;0.6537354790578707;3067;1566;1683
310;ant;4750;;0.7818947368421053;0.5615361354702147;0.7818947368421053;0.6536430834213306;3714;2900;1036
249;malamute;4750;;0.6187368421052631;0.6916921628618499;0.6187368421052631;0.6531836870763418;2939;1310;1811
749;quill;4750;;0.6688421052631579;0.6371841155234657;0.6688421052631579;0.6526294165981923;3177;1809;1573
483;castle;4750;;0.6469473684210526;0.6580299785867237;0.6469473684210526;0.6524416135881104;3073;1597;1677
329;sea_cucumber;4750;;0.6117894736842105;0.697719087635054;0.6117894736842105;0.6519349411104879;2906;1259;1844
30;bullfrog;4750;;0.5336842105263158;0.8369098712446352;0.5336842105263158;0.6517547242576166;2535;494;2215
773;saltshaker;4750;;0.5932631578947368;0.7223788772109715;0.5932631578947368;0.6514853774130158;2818;1083;1932
864;tow_truck;4750;;0.6065263157894737;0.7028543547206636;0.6065263157894737;0.6511470222624026;2881;1218;1869
982;groom;4750;;0.5322105263157895;0.8368090036411784;0.5322105263157895;0.6506241153004761;2528;493;2222
126;isopod;4750;;0.6492631578947369;0.6518706404565631;0.6492631578947369;0.6505642864676722;3084;1647;1666
191;Airedale;4750;;0.7505263157894737;0.57223113964687;0.7505263157894737;0.6493624772313298;3565;2665;1185
433;bathing_cap;4750;;0.7326315789473684;0.5830122298542469;0.7326315789473684;0.6493143017072488;3480;2489;1270
791;shopping_cart;4750;;0.6663157894736842;0.6327469012395042;0.6663157894736842;0.6490976210008202;3165;1837;1585
480;cash_machine;4750;;0.6425263157894737;0.6557799742157284;0.6425263157894737;0.6490854955338153;3052;1602;1698
419;Band_Aid;4750;;0.7088421052631579;0.5983650257686156;0.7088421052631579;0.648935145032283;3367;2260;1383
807;solar_dish;4750;;0.7890526315789473;0.5508524397413286;0.7890526315789473;0.6487796434135364;3748;3056;1002
514;cowboy_boot;4750;;0.6722105263157895;0.6253427340383862;0.6722105263157895;0.6479301948051949;3193;1913;1557
101;tusker;4750;;0.7656842105263157;0.5610057072343051;0.7656842105263157;0.6475563073088222;3637;2846;1113
465;bulletproof_vest;4750;;0.6755789473684211;0.6216582719876017;0.6755789473684211;0.647497982243745;3209;1953;1541
835;sundial;4750;;0.5728421052631579;0.7436458048647171;0.5728421052631579;0.6471637531216553;2721;938;2029
199;Scotch_terrier;4750;;0.6835789473684211;0.6133358519078201;0.6835789473684211;0.6465551573078454;3247;2047;1503
602;horizontal_bar;4750;;0.6496842105263158;0.6431846602751147;0.6496842105263158;0.6464180980310013;3086;1712;1664
242;boxer;4750;;0.6058947368421053;0.6921596921596922;0.6058947368421053;0.6461607543780872;2878;1280;1872
971;bubble;4750;;0.7153684210526315;0.5879910019034436;0.7153684210526315;0.645455408870738;3398;2381;1352
503;cocktail_shaker;4750;;0.6389473684210526;0.6518470790378007;0.6389473684210526;0.6453327663193706;3035;1621;1715
979;valley;4750;;0.6458947368421053;0.6445378151260505;0.6458947368421053;0.6452155625657204;3068;1692;1682
232;Border_collie;4750;;0.6890526315789474;0.6054384017758047;0.6890526315789474;0.6445450964946828;3273;2133;1477
644;matchstick;4750;;0.6631578947368421;0.6268656716417911;0.6631578947368421;0.6445012787723785;3150;1875;1600
745;projector;4750;;0.6113684210526316;0.6805718303257559;0.6113684210526316;0.6441166685150272;2904;1363;1846
769;rule;4750;;0.6732631578947369;0.6172553561088593;0.6732631578947369;0.6440439029302185;3198;1983;1552
237;miniature_pinscher;4750;;0.6143157894736843;0.6746820809248555;0.6143157894736843;0.6430853994490359;2918;1407;1832
498;cinema;4750;;0.6231578947368421;0.6624888093106536;0.6231578947368421;0.6422217400737688;2960;1508;1790
263;Pembroke;4750;;0.6126315789473684;0.6742354031510658;0.6126315789473684;0.6419589675711449;2910;1406;1840
855;thimble;4750;;0.6616842105263158;0.6227461858529819;0.6616842105263158;0.641624987240992;3143;1904;1607
847;tank;4750;;0.6924210526315789;0.5970230531856962;0.6924210526315789;0.6411930987425676;3289;2220;1461
964;potpie;4750;;0.6202105263157894;0.6635135135135135;0.6202105263157894;0.6411316648531012;2946;1494;1804
390;eel;4750;;0.5753684210526315;0.7218700475435816;0.5753684210526315;0.6403467666354264;2733;1053;2017
574;golf_ball;4750;;0.8126315789473684;0.5261723009814613;0.8126315789473684;0.6387555849743504;3860;3476;890
608;jean;4750;;0.6492631578947369;0.6284899123700836;0.6492631578947369;0.6387076731904319;3084;1823;1666
371;patas;4750;;0.5938947368421053;0.689899730985571;0.5938947368421053;0.6383075008485123;2821;1268;1929
842;swimming_trunks;4750;;0.6661052631578948;0.6119922630560929;0.6661052631578948;0.6379032258064516;3164;2006;1586
729;plate_rack;4750;;0.5370526315789473;0.7846816364195632;0.5370526315789473;0.6376702912135982;2551;700;2199
65;sea_snake;4750;;0.6818947368421052;0.5985954537054149;0.6818947368421052;0.637535675622478;3239;2172;1511
844;switch;4750;;0.6178947368421053;0.6573348264277715;0.6178947368421053;0.6370048833423765;2935;1530;1815
175;otterhound;4750;;0.6726315789473685;0.6040839478162223;0.6726315789473685;0.6365175814324135;3195;2094;1555
880;unicycle;4750;;0.708;0.5776365510133975;0.708;0.6362088535754825;3363;2459;1387
357;mink;4750;;0.6610526315789473;0.6128024980483997;0.6610526315789473;0.6360137735466883;3140;1984;1610
850;teddy;4750;;0.6692631578947369;0.6041429114405169;0.6692631578947369;0.6350379544546545;3179;2083;1571
484;catamaran;4750;;0.5770526315789474;0.7058975019314963;0.5770526315789474;0.6350052125564694;2741;1142;2009
219;cocker_spaniel;4750;;0.636;0.6339979013641134;0.636;0.634997372569627;3021;1744;1729
267;standard_poodle;4750;;0.7633684210526316;0.5435466946484785;0.7633684210526316;0.6349706680675948;3626;3045;1124
402;acoustic_guitar;4750;;0.5663157894736842;0.7194437015244718;0.5663157894736842;0.6337613382023796;2690;1049;2060
667;mortarboard;4750;;0.612421052631579;0.6565109456104716;0.612421052631579;0.633700032676179;2909;1522;1841
572;goblet;4750;;0.5831578947368421;0.6937139994991235;0.5831578947368421;0.6336497769644287;2770;1223;1980
772;safety_pin;4750;;0.6191578947368421;0.6487977057136555;0.6191578947368421;0.6336313691694496;2941;1592;1809
205;flat-coated_retriever;4750;;0.5854736842105264;0.6893901834407536;0.5854736842105264;0.6331967213114754;2781;1253;1969
207;golden_retriever;4750;;0.6673684210526316;0.6019749335358906;0.6673684210526316;0.6329872204472843;3170;2096;1580
400;academic_gown;4750;;0.588421052631579;0.6847133757961783;0.588421052631579;0.6329257246376812;2795;1287;1955
531;digital_watch;4750;;0.596;0.6721272554605888;0.596;0.6317786208435616;2831;1381;1919
192;cairn;4750;;0.5692631578947368;0.7093389296956978;0.5692631578947368;0.6316281242700302;2704;1108;2046
827;stove;4750;;0.6029473684210527;0.662962962962963;0.6029473684210527;0.6315325248070562;2864;1456;1886
418;ballpoint;4750;;0.5909473684210527;0.6760597302504817;0.5909473684210527;0.6306447989215906;2807;1345;1943
662;modem;4750;;0.5848421052631579;0.6832267584849976;0.5848421052631579;0.6302177858439202;2778;1288;1972
269;timber_wolf;4750;;0.6604210526315789;0.6022269149548858;0.6604210526315789;0.6299829300130536;3137;2072;1613
159;Rhodesian_ridgeback;4750;;0.636421052631579;0.6230420445177246;0.636421052631579;0.6296604873984587;3023;1829;1727
179;Staffordshire_bullterrier;4750;;0.6094736842105263;0.6511470985155196;0.6094736842105263;0.6296215745976511;2895;1551;1855
168;redbone;4750;;0.6181052631578947;0.6381221473592698;0.6181052631578947;0.6279542294941717;2936;1665;1814
447;binoculars;4750;;0.6812631578947368;0.5815959741193386;0.6812631578947368;0.6274966065541981;3236;2328;1514
374;langur;4750;;0.6271578947368421;0.6254461473861012;0.6271578947368421;0.6263008514664145;2979;1784;1771
502;clog;4750;;0.5732631578947368;0.6897163120567376;0.5732631578947368;0.6261209473442171;2723;1225;2027
49;African_crocodile;4750;;0.5425263157894736;0.7396670493685419;0.5425263157894736;0.6259412193344668;2577;907;2173
660;mobile_home;4750;;0.6105263157894737;0.6418769366976538;0.6105263157894737;0.6258092360811395;2900;1618;1850
246;Great_Dane;4750;;0.5823157894736842;0.6713592233009709;0.5823157894736842;0.6236753100338219;2766;1354;1984
408;amphibian;4750;;0.612;0.6352709790209791;0.612;0.6234184001715634;2907;1669;1843
162;beagle;4750;;0.636421052631579;0.609721661960468;0.636421052631579;0.6227853316852081;3023;1935;1727
588;hamper;4750;;0.6136842105263158;0.6320468343451865;0.6136842105263158;0.6227301858577229;2915;1697;1835
790;shopping_basket;4750;;0.5743157894736842;0.6787758148793233;0.5743157894736842;0.6221918120652297;2728;1291;2022
708;pedestal;4750;;0.58;0.6709693132001948;0.58;0.6221770551038844;2755;1351;1995
158;toy_terrier;4750;;0.5724210526315789;0.6800900450225112;0.5724210526315789;0.6216278006401462;2719;1279;2031
590;hand-held_computer;4750;;0.6054736842105263;0.6384017758046615;0.6054736842105263;0.6215018908698001;2876;1629;1874
413;assault_rifle;4750;;0.6907368421052632;0.563068474343573;0.6907368421052632;0.6204027607071948;3281;2546;1469
311;grasshopper;4750;;0.5976842105263158;0.6439101837151281;0.5976842105263158;0.6199366743094223;2839;1570;1911
740;power_drill;4750;;0.5353684210526316;0.7360347322720695;0.5353684210526316;0.6198659354052407;2543;912;2207
304;leaf_beetle;4750;;0.5168421052631579;0.7715273412947832;0.5168421052631579;0.6190115985879979;2455;727;2295
155;Shih-Tzu;4750;;0.6597894736842105;0.5820950965824666;0.6597894736842105;0.618511940003947;3134;2250;1616
341;hog;4750;;0.5974736842105263;0.6407766990291263;0.5974736842105263;0.6183680139448742;2838;1591;1912
869;trench_coat;4750;;0.5204210526315789;0.759447004608295;0.5204210526315789;0.6176139912554653;2472;783;2278
227;kelpie;4750;;0.5968421052631578;0.6396660649819494;0.5968421052631578;0.6175125245044651;2835;1597;1915
165;black-and-tan_coonhound;4750;;0.5450526315789473;0.7120462046204621;0.5450526315789473;0.6174576675411401;2589;1047;2161
908;wing;4750;;0.5286315789473685;0.7391816308507506;0.5286315789473685;0.6164232232723701;2511;886;2239
103;platypus;4750;;0.6806315789473685;0.5617723718505647;0.6806315789473685;0.6155164207520228;3233;2522;1517
59;vine_snake;4750;;0.6151578947368421;0.6155466610490836;0.6151578947368421;0.6153522164894177;2922;1825;1828
887;vestment;4750;;0.6183157894736843;0.6107298814722395;0.6183157894736843;0.6144994246260068;2937;1872;1813
935;mashed_potato;4750;;0.5103157894736842;0.7719745222929937;0.5103157894736842;0.6144486692015207;2424;716;2326
506;coil;4750;;0.6583157894736842;0.5759808436176092;0.6583157894736842;0.6144022006090972;3127;2302;1623
40;American_chameleon;4750;;0.6052631578947368;0.6235090002168727;0.6052631578947368;0.6142506142506142;2875;1736;1875
846;table_lamp;4750;;0.6347368421052632;0.5930369787568843;0.6347368421052632;0.6131787675411836;3015;2069;1735
280;grey_fox;4750;;0.6966315789473684;0.5471230158730159;0.6966315789473684;0.6128912761622523;3309;2739;1441
709;pencil_box;4750;;0.5867368421052631;0.6395135383203304;0.5867368421052631;0.6119894598155468;2787;1571;1963
884;vault;4750;;0.6490526315789473;0.5784240150093809;0.6490526315789473;0.6117063492063493;3083;2247;1667
405;airship;4750;;0.6446315789473684;0.5819080197643481;0.6446315789473684;0.6116660007990412;3062;2200;1688
185;Norfolk_terrier;4750;;0.5673684210526316;0.6619995087202162;0.5673684210526316;0.6110418319918377;2695;1376;2055
967;espresso;4750;;0.5349473684210526;0.712363330529857;0.5349473684210526;0.6110376337621738;2541;1026;2209
492;chest;4750;;0.6088421052631579;0.6127118644067797;0.6088421052631579;0.6107708553326293;2892;1828;1858
671;mountain_bike;4750;;0.8705263157894737;0.4702604344364836;0.8705263157894737;0.6106475670087869;4135;4658;615
453;bookcase;4750;;0.668;0.5611956137247966;0.668;0.6099577085736256;3173;2481;1577
632;loudspeaker;4750;;0.5852631578947368;0.6354285714285715;0.5852631578947368;0.6093150684931505;2780;1595;1970
487;cellular_telephone;4750;;0.6357894736842106;0.5845915602013163;0.6357894736842106;0.609116579265833;3020;2146;1730
679;necklace;4750;;0.6574736842105263;0.5661711385061639;0.6574736842105263;0.6084161309175922;3123;2393;1627
345;ox;4750;;0.535578947368421;0.7041239966786604;0.535578947368421;0.6083941169436805;2544;1069;2206
721;pillow;4750;;0.4783157894736842;0.8352941176470589;0.4783157894736842;0.6082998661311915;2272;448;2478
477;carpenter's_kit;4750;;0.6376842105263157;0.5797129186602871;0.6376842105263157;0.6073182957393484;3029;2196;1721
674;mousetrap;4750;;0.8372631578947368;0.47554705249312446;0.8372631578947368;0.6065736292229086;3977;4386;773
208;Labrador_retriever;4750;;0.6012631578947368;0.608955223880597;0.6012631578947368;0.6050847457627119;2856;1834;1894
652;military_uniform;4750;;0.5934736842105263;0.6165791776027997;0.5934736842105263;0.6048058356575842;2819;1753;1931
792;shovel;4750;;0.5903157894736842;0.6199425160291842;0.5903157894736842;0.6047665264747115;2804;1719;1946
108;sea_anemone;4750;;0.5107368421052632;0.7362670713201821;0.5107368421052632;0.6031075201988811;2426;869;2324
966;red_wine;4750;;0.6286315789473684;0.5794682709101494;0.6286315789473684;0.6030495809350701;2986;2167;1764
797;sleeping_bag;4750;;0.5606315789473684;0.6518971848225215;0.5606315789473684;0.6028296547821166;2663;1422;2087
962;meat_loaf;4750;;0.5602105263157895;0.6506112469437653;0.5602105263157895;0.6020361990950227;2661;1429;2089
529;diaper;4750;;0.6092631578947368;0.594494658997535;0.6092631578947368;0.6017883135787067;2894;1974;1856
683;oboe;4750;;0.6423157894736842;0.565418828762046;0.6423157894736842;0.6014192785334123;3051;2345;1699
481;cassette;4750;;0.5837894736842105;0.618007577445955;0.5837894736842105;0.6004113889791058;2773;1714;1977
44;alligator_lizard;4750;;0.48694736842105263;0.7824763193504736;0.48694736842105263;0.6003114456267843;2313;643;2437
651;microwave;4750;;0.5612631578947368;0.641327880683185;0.5612631578947368;0.5986302907825306;2666;1491;2084
541;drum;4750;;0.5701052631578948;0.6296210183678215;0.5701052631578948;0.5983869185725335;2708;1593;2042
241;EntleBucher;4750;;0.6429473684210526;0.5593406593406594;0.6429473684210526;0.5982370225269343;3054;2406;1696
530;digital_clock;4750;;0.6031578947368421;0.593167701863354;0.6031578947368421;0.5981210855949894;2865;1965;1885
788;shoe_shop;4750;;0.6151578947368421;0.5819557857000598;0.6151578947368421;0.5980964077371815;2922;2099;1828
515;cowboy_hat;4750;;0.5338947368421053;0.6789825970548862;0.5338947368421053;0.5977607542722451;2536;1199;2214
626;lighter;4750;;0.6018947368421053;0.5933997509339975;0.6018947368421053;0.5976170568561874;2859;1959;1891
5;electric_ray;4750;;0.6966315789473684;0.5227488151658768;0.6966315789473684;0.5972924187725631;3309;3021;1441
523;crutch;4750;;0.5496842105263158;0.6537305958938407;0.5496842105263158;0.5972095150960659;2611;1383;2139
910;wooden_spoon;4750;;0.5307368421052632;0.6819042466865026;0.5307368421052632;0.596898307091275;2521;1176;2229
587;hammer;4750;;0.5191578947368422;0.7011657662780779;0.5191578947368422;0.5965888472239023;2466;1051;2284
643;mask;4750;;0.5433684210526316;0.6599335208386602;0.5433684210526316;0.5960050802447755;2581;1330;2169
513;cornet;4750;;0.5755789473684211;0.6174345076784101;0.5755789473684211;0.595772499455219;2734;1694;2016
431;bassinet;4750;;0.6138947368421053;0.578686247271284;0.6138947368421053;0.5957707631014404;2916;2123;1834
230;Shetland_sheepdog;4750;;0.5867368421052631;0.6033773544057155;0.5867368421052631;0.5949407620877362;2787;1832;1963
879;umbrella;4750;;0.6092631578947368;0.5810078297530616;0.6092631578947368;0.5948001233172335;2894;2087;1856
494;chime;4750;;0.5768421052631579;0.6137992831541219;0.5768421052631579;0.5947471239418276;2740;1724;2010
839;suspension_bridge;4750;;0.48042105263157897;0.780437756497948;0.48042105263157897;0.5947354704195986;2282;642;2468
675;moving_van;4750;;0.5096842105263157;0.7108044627128597;0.5096842105263157;0.5936733692986758;2421;985;2329
552;feather_boa;4750;;0.6787368421052632;0.5271419228253761;0.6787368421052632;0.5934106386894902;3224;2892;1526
830;stretcher;4750;;0.6901052631578948;0.5204826929183868;0.6901052631578948;0.5934105720492397;3278;3020;1472
153;Maltese_dog;4750;;0.6109473684210527;0.5761365892396267;0.6109473684210527;0.5930315724941249;2902;2135;1848
974;geyser;4750;;0.8061052631578948;0.4661553445337229;0.8061052631578948;0.5907127429805616;3829;4385;921
442;bell_cote;4750;;0.6187368421052631;0.5650836377619689;0.6187368421052631;0.5906944025726059;2939;2262;1811
271;red_wolf;4750;;0.5347368421052632;0.6576903158984981;0.5347368421052632;0.5898745935903391;2540;1322;2210
64;green_mamba;4750;;0.7117894736842105;0.503125;0.7117894736842105;0.589537925021796;3381;3339;1369
710;pencil_sharpener;4750;;0.5547368421052632;0.6278294019537765;0.5547368421052632;0.5890242539398681;2635;1562;2115
124;crayfish;4750;;0.552;0.6296829971181557;0.552;0.5882880861566077;2622;1542;2128
930;French_loaf;4750;;0.5383157894736842;0.6481622306717364;0.5383157894736842;0.5881541115583668;2557;1388;2193
996;hen-of-the-woods;4750;;0.7909473684210526;0.4678704856787049;0.7909473684210526;0.5879499217527386;3757;4273;993
926;hot_pot;4750;;0.6530526315789473;0.5342748880468481;0.6530526315789473;0.5877226222053807;3102;2704;1648
894;wardrobe;4750;;0.5989473684210527;0.5760275359384491;0.5989473684210527;0.5872639075239964;2845;2094;1905
861;toilet_seat;4750;;0.6444210526315789;0.5393832599118943;0.6444210526315789;0.587242206235012;3061;2614;1689
845;syringe;4750;;0.5675789473684211;0.6083032490974729;0.5675789473684211;0.5872358963188848;2696;1736;2054
277;red_fox;4750;;0.6029473684210527;0.5717708125374327;0.6029473684210527;0.5869453837483349;2864;2145;1886
111;nematode;4750;;0.884;0.4373958333333333;0.884;0.585226480836237;4199;5401;551
233;Bouvier_des_Flandres;4750;;0.6368421052631579;0.5404681079149545;0.6368421052631579;0.5847105441190683;3025;2572;1725
811;space_heater;4750;;0.5404210526315789;0.634453781512605;0.5404210526315789;0.5836743974533879;2567;1479;2183
422;barbell;4750;;0.5488421052631579;0.6220472440944882;0.5488421052631579;0.5831562465048652;2607;1584;2143
312;cricket;4750;;0.5101052631578947;0.6785214225707085;0.5101052631578947;0.582381925249369;2423;1148;2327
828;strainer;4750;;0.5233684210526316;0.6552451238798103;0.5233684210526316;0.581928838951311;2486;1308;2264
197;giant_schnauzer;4750;;0.49873684210526315;0.6955372871403406;0.49873684210526315;0.5809220205983326;2369;1037;2381
201;silky_terrier;4750;;0.444;0.8379022646007152;0.444;0.5804320902710884;2109;408;2641
815;spider_web;4750;;0.49642105263157893;0.6980461811722913;0.49642105263157893;0.580216535433071;2358;1020;2392
436;beach_wagon;4750;;0.5143157894736842;0.6649428415895482;0.5143157894736842;0.5800094966761634;2443;1231;2307
67;diamondback;4750;;0.48947368421052634;0.7097069597069597;0.48947368421052634;0.5793670570645403;2325;951;2425
187;Yorkshire_terrier;4750;;0.524;0.6466614705118212;0.524;0.5789045237818351;2489;1360;2261
775;sarong;4750;;0.6658947368421053;0.5115639657124373;0.6658947368421053;0.5786152016829782;3163;3020;1587
411;apron;4750;;0.48905263157894735;0.7080158488265773;0.48905263157894735;0.5785082804133981;2323;958;2427
601;hoopskirt;4750;;0.667578947368421;0.5102172164119066;0.667578947368421;0.5783857729138167;3171;3044;1579
856;thresher;4750;;0.5357894736842105;0.628239940755369;0.5357894736842105;0.5783433700715828;2545;1506;2205
386;African_elephant;4750;;0.4829473684210526;0.7204773869346733;0.4829473684210526;0.5782707335518023;2294;890;2456
862;torch;4750;;0.7538947368421053;0.4678599425137183;0.7538947368421053;0.5773943889068043;3581;4073;1169
166;Walker_hound;4750;;0.5511578947368421;0.6057380842202684;0.5511578947368421;0.5771604938271604;2618;1704;2132
698;palace;4750;;0.6414736842105263;0.5232697922033316;0.6414736842105263;0.5763737822756078;3047;2776;1703
186;Norwich_terrier;4750;;0.6709473684210526;0.5037142405563458;0.6709473684210526;0.575426559537781;3187;3140;1563
257;Great_Pyrenees;4750;;0.5671578947368421;0.5817318073850141;0.5671578947368421;0.5743524144547489;2694;1937;2056
489;chainlink_fence;4750;;0.5153684210526316;0.6481334392374901;0.5153684210526316;0.5741761463586256;2448;1329;2302
464;buckle;4750;;0.5303157894736842;0.6232063334982682;0.5303157894736842;0.5730209281164694;2519;1523;2231
735;poncho;4750;;0.6370526315789473;0.5201994155062747;0.6370526315789473;0.572726412416012;3026;2791;1724
696;paintbrush;4750;;0.6456842105263157;0.5127047810096957;0.6456842105263157;0.5715616846813268;3067;2915;1683
878;typewriter_keyboard;4750;;0.48926315789473684;0.6839317245438493;0.48926315789473684;0.570446735395189;2324;1074;2426
824;stole;4750;;0.5898947368421052;0.5510324483775811;0.5898947368421052;0.5698017285205897;2802;2283;1948
459;brassiere;4750;;0.6743157894736842;0.49314857582755967;0.6743157894736842;0.5696754112939084;3203;3292;1547
380;titi;4750;;0.6351578947368421;0.5148464163822526;0.6351578947368421;0.56870876531574;3017;2843;1733
636;mailbag;4750;;0.6294736842105263;0.5181077802807139;0.6294736842105263;0.5683870354529037;2990;2781;1760
499;cleaver;4750;;0.49873684210526315;0.6604404795093393;0.49873684210526315;0.568309943624805;2369;1218;2381
543;dumbbell;4750;;0.6271578947368421;0.5186281337047354;0.6271578947368421;0.5677530017152659;2979;2765;1771
409;analog_clock;4750;;0.6562105263157895;0.5002407318247473;0.6562105263157895;0.5677078590292324;3117;3114;1633
691;oxygen_mask;4750;;0.5469473684210526;0.5892492628713994;0.5469473684210526;0.5673108417949558;2598;1811;2152
226;briard;4750;;0.47368421052631576;0.7059930969563853;0.47368421052631576;0.5669648481794128;2250;937;2500
519;crate;4750;;0.5067368421052632;0.6369409896798095;0.5067368421052632;0.5644272482119826;2407;1372;2343
705;passenger_car;4750;;0.46357894736842103;0.7212577792335407;0.46357894736842103;0.564398308342945;2202;851;2548
542;drumstick;4750;;0.5389473684210526;0.5914972273567468;0.5389473684210526;0.564000881251377;2560;1768;2190
751;racer;4750;;0.6882105263157895;0.4766000874763085;0.6882105263157895;0.5631837367559652;3269;3590;1481
196;miniature_schnauzer;4750;;0.4612631578947368;0.7200131449227736;0.4612631578947368;0.562299499550879;2191;852;2559
578;gown;4750;;0.47768421052631577;0.6783258594917788;0.47768421052631577;0.5605929586164299;2269;1076;2481
184;Irish_terrier;4750;;0.5688421052631579;0.5523303352412101;0.5688421052631579;0.5604646338933831;2702;2190;2048
747;punching_bag;4750;;0.6271578947368421;0.5035496957403651;0.6271578947368421;0.5585974123382711;2979;2937;1771
412;ashcan;4750;;0.5237894736842105;0.5962137550922597;0.5237894736842105;0.5576599798274122;2488;1685;2262
895;warplane;4750;;0.7656842105263157;0.4380872079017104;0.7656842105263157;0.557309224639902;3637;4665;1113
804;soap_dispenser;4750;;0.5046315789473684;0.622112639501687;0.5046315789473684;0.5572474718121586;2397;1456;2353
648;medicine_chest;4750;;0.49642105263157893;0.6347240915208614;0.49642105263157893;0.5571175428233905;2358;1357;2392
892;wall_clock;4750;;0.5566315789473684;0.5567487892187829;0.5566315789473684;0.5566901779134646;2644;2105;2106
817;sports_car;4750;;0.5682105263157895;0.5450323101777059;0.5682105263157895;0.5563801278086992;2699;2253;2051
631;lotion;4750;;0.5258947368421053;0.5887343860476079;0.5258947368421053;0.5555432002668742;2498;1745;2252
438;beaker;4750;;0.5187368421052632;0.597623089983022;0.5187368421052632;0.5553927645666629;2464;1659;2286
534;dishwasher;4750;;0.4576842105263158;0.704928664072633;0.4576842105263158;0.5550165943323974;2174;910;2576
624;library;4750;;0.5330526315789473;0.576634024140287;0.5330526315789473;0.5539875287167705;2532;1859;2218
62;rock_python;4750;;0.5501052631578948;0.5574994666097717;0.5501052631578948;0.5537776835858853;2613;2074;2137
750;quilt;4750;;0.5541052631578948;0.5521292217327459;0.5541052631578948;0.55311547756646;2632;2135;2118
598;home_theater;4750;;0.492;0.6304289182627462;0.492;0.5526782547002483;2337;1370;2413
883;vase;4750;;0.4888421052631579;0.6344262295081967;0.4888421052631579;0.5521997621878717;2322;1338;2428
925;consomme;4750;;0.7050526315789474;0.45354821235102927;0.7050526315789474;0.5520026372177352;3349;4035;1401
231;collie;4750;;0.5012631578947369;0.6141346401857106;0.5012631578947369;0.5519879448243886;2381;1496;2369
700;paper_towel;4750;;0.4976842105263158;0.6172323759791123;0.4976842105263158;0.551048951048951;2364;1466;2386
202;soft-coated_wheaten_terrier;4750;;0.5092631578947369;0.5981701285855588;0.5092631578947369;0.5501478280645895;2419;1625;2331
463;bucket;4750;;0.5130526315789473;0.5929440389294404;0.5130526315789473;0.5501128668171557;2437;1673;2313
359;black-footed_ferret;4750;;0.6294736842105263;0.4884822741382127;0.6294736842105263;0.5500873884647226;2990;3131;1760
170;Irish_wolfhound;4750;;0.48105263157894734;0.6411335578002245;0.48105263157894734;0.5496752465720471;2285;1279;2465
26;common_newt;4750;;0.6021052631578947;0.505121865065348;0.6021052631578947;0.5493661160199769;2860;2802;1890
348;ram;4750;;0.4056842105263158;0.8425885439440315;0.4056842105263158;0.5476765667187722;1927;360;2823
591;handkerchief;4750;;0.5663157894736842;0.5301537248718959;0.5663157894736842;0.5476384364820847;2690;2384;2060
281;tabby;4750;;0.6214736842105263;0.48906560636182905;0.6214736842105263;0.5473762284442797;2952;3084;1798
272;coyote;4750;;0.5816842105263158;0.51615916308612;0.5816842105263158;0.5469662476492132;2763;2590;1987
904;window_screen;4750;;0.5934736842105263;0.5071055945313906;0.5934736842105263;0.5469007663206907;2819;2740;1931
54;hognose_snake;4750;;0.44042105263157894;0.7203856749311295;0.44042105263157894;0.5466422785471649;2092;812;2658
656;minivan;4750;;0.44694736842105265;0.7008913832948168;0.44694736842105265;0.545828512662296;2123;906;2627
509;confectionery;4750;;0.539578947368421;0.5496461505468583;0.539578947368421;0.5445660257091257;2563;2100;2187
718;pier;4750;;0.5494736842105263;0.5394791236047953;0.5494736842105263;0.5444305381727159;2610;2228;2140
445;bikini;4750;;0.5766315789473684;0.5132096683530073;0.5766315789473684;0.5430752453653217;2739;2598;2011
787;shield;4750;;0.5528421052631579;0.5257257257257257;0.5528421052631579;0.5389430477167779;2626;2369;2124
767;rubber_eraser;4750;;0.539578947368421;0.5342922659995831;0.539578947368421;0.5369225934848644;2563;2234;2187
446;binder;4750;;0.488;0.5952747817154597;0.488;0.5363257751041184;2318;1576;2432
58;water_snake;4750;;0.5193684210526316;0.5542574702314087;0.5193684210526316;0.5362460602108468;2467;1984;2283
222;kuvasz;4750;;0.5418947368421053;0.5305028854080791;0.5418947368421053;0.5361383045198918;2574;2278;2176
250;Siberian_husky;4750;;0.5166315789473684;0.5563364316481524;0.5166315789473684;0.5357493723392643;2454;1957;2296
980;volcano;4750;;0.7004210526315789;0.43292127521145085;0.7004210526315789;0.5351025331724969;3327;4358;1423
834;suit;4750;;0.552;0.5181818181818182;0.552;0.5345565749235475;2622;2438;2128
508;computer_keyboard;4750;;0.5383157894736842;0.5303878863306368;0.5383157894736842;0.534322432347717;2557;2264;2193
189;Lakeland_terrier;4750;;0.5677894736842105;0.504206393718452;0.5677894736842105;0.5341122883453807;2697;2652;2053
406;altar;4750;;0.611578947368421;0.4738988580750408;0.611578947368421;0.5340073529411765;2905;3225;1845
151;Chihuahua;4750;;0.5522105263157895;0.5165419456478929;0.5522105263157895;0.5337810337810338;2623;2455;2127
163;bloodhound;4750;;0.47010526315789475;0.6161699779249448;0.47010526315789475;0.5333174110341533;2233;1391;2517
851;television;4750;;0.6888421052631579;0.4347595003986181;0.6888421052631579;0.5330726621049201;3272;4254;1478
843;swing;4750;;0.8071578947368421;0.39763534536403233;0.8071578947368421;0.5327959977765425;3834;5808;916
505;coffeepot;4750;;0.5795789473684211;0.49143163156015707;0.5795789473684211;0.5318778979907264;2753;2849;1997
977;sandbar;4750;;0.4225263157894737;0.7155080213903743;0.4225263157894737;0.5313037723362012;2007;798;2743
556;fire_screen;4750;;0.5492631578947369;0.512573673870334;0.5492631578947369;0.5302845528455284;2609;2481;2141
460;breakwater;4750;;0.41410526315789475;0.7323157110945644;0.41410526315789475;0.5290478752017214;1967;719;2783
6;stingray;4750;;0.49894736842105264;0.5624110109159943;0.49894736842105264;0.5287817938420348;2370;1844;2380
998;ear;4750;;0.5541052631578948;0.5045045045045045;0.5541052631578948;0.5281428714758704;2632;2585;2118
841;sweatshirt;4750;;0.41326315789473683;0.7308265078183172;0.41326315789473683;0.527972027972028;1963;723;2787
434;bath_towel;4750;;0.4033684210526316;0.7624353362514923;0.4033684210526316;0.5276056725870854;1916;597;2834
712;Petri_dish;4750;;0.6726315789473685;0.43363192182410426;0.6726315789473685;0.5273147384056776;3195;4173;1555
706;patio;4750;;0.4383157894736842;0.6538944723618091;0.4383157894736842;0.524829846231409;2082;1102;2668
567;frying_pan;4750;;0.5303157894736842;0.5180995475113123;0.5303157894736842;0.5241364960466084;2519;2343;2231
385;Indian_elephant;4750;;0.448;0.628099173553719;0.448;0.5229786188252642;2128;1260;2622
743;prison;4750;;0.716842105263158;0.41088451791963315;0.716842105263158;0.5223594385211321;3405;4882;1345
905;window_shade;4750;;0.512421052631579;0.5299368604397997;0.512421052631579;0.521031788504763;2434;2159;2316
819;stage;4750;;0.5113684210526316;0.5301178524661719;0.5113684210526316;0.5205743677668238;2429;2153;2321
582;grocery_store;4750;;0.6461052631578947;0.4330464230280796;0.6461052631578947;0.5185435498859509;3069;4018;1681
764;rifle;4750;;0.44863157894736844;0.614121037463977;0.44863157894736844;0.5184914841849148;2131;1339;2619
470;candle;4750;;0.556;0.48211025921869294;0.556;0.5164254986312085;2641;2837;2109
907;wine_bottle;4750;;0.4791578947368421;0.557843137254902;0.4791578947368421;0.5155152887882221;2276;1804;2474
969;eggnog;4750;;0.5061052631578947;0.5240898190538479;0.5061052631578947;0.514940559066081;2404;2183;2346
928;ice_cream;4750;;0.4050526315789474;0.7065736320235035;0.4050526315789474;0.5149203800347919;1924;799;2826
35;mud_turtle;4750;;0.4791578947368421;0.5549865886369179;0.4791578947368421;0.5142921703762285;2276;1825;2474
972;cliff;4750;;0.5890526315789474;0.4543683013965573;0.5890526315789474;0.513017968463513;2798;3360;1952
898;water_bottle;4750;;0.5006315789473684;0.5257572407694009;0.5006315789473684;0.5128868758761997;2378;2145;2372
180;American_Staffordshire_terrier;4750;;0.46378947368421053;0.569250645994832;0.46378947368421053;0.5111368909512761;2203;1667;2547
278;kit_fox;4750;;0.4454736842105263;0.5967287084038353;0.4454736842105263;0.5101253616200578;2116;1430;2634
622;lens_cap;4750;;0.39010526315789473;0.7329905063291139;0.39010526315789473;0.5092058257763121;1853;675;2897
655;miniskirt;4750;;0.49094736842105263;0.5272439520687316;0.49094736842105263;0.5084487081652677;2332;2091;2418
200;Tibetan_terrier;4750;;0.4208421052631579;0.6400896573807237;0.4208421052631579;0.5078115076844913;1999;1124;2751
960;chocolate_sauce;4750;;0.4688421052631579;0.5513741025006189;0.4688421052631579;0.5067698259187621;2227;1812;2523
813;spatula;4750;;0.43894736842105264;0.5894826123833757;0.43894736842105264;0.5031977796548812;2085;1452;2665
633;loupe;4750;;0.42147368421052633;0.619430693069307;0.42147368421052633;0.501628664495114;2002;1230;2748
36;terrapin;4750;;0.5595789473684211;0.45373847729600547;0.5595789473684211;0.501131221719457;2658;3200;2092
742;printer;4750;;0.37957894736842107;0.7261377366089408;0.37957894736842107;0.49854832019908757;1803;680;2947
599;honeycomb;4750;;0.64;0.4080536912751678;0.64;0.498360655737705;3040;4410;1710
741;prayer_rug;4750;;0.7317894736842105;0.37749782797567333;0.7317894736842105;0.4980656254477719;3476;5732;1274
893;wallet;4750;;0.5532631578947368;0.45030843043180263;0.5532631578947368;0.4965048176837332;2628;3208;2122
204;Lhasa;4750;;0.38442105263157894;0.694032687191182;0.38442105263157894;0.4947839046199702;1826;805;2924
976;promontory;4750;;0.4105263157894737;0.6218112244897959;0.4105263157894737;0.4945472990109054;1950;1186;2800
639;maillot;4750;;0.6029473684210527;0.41743186124471654;0.6029473684210527;0.4933252949788994;2864;3997;1886
794;shower_curtain;4750;;0.5513684210526316;0.44631901840490795;0.5513684210526316;0.49331324166509705;2619;3249;2131
32;tailed_frog;4750;;0.5730526315789474;0.4324753733714649;0.5730526315789474;0.49293734154291924;2722;3572;2028
504;coffee_mug;4750;;0.4728421052631579;0.5147834059133624;0.4728421052631579;0.49292219905629325;2246;2117;2504
34;leatherback_turtle;4750;;0.616421052631579;0.4091671324762437;0.616421052631579;0.4918528473038803;2928;4228;1822
167;English_foxhound;4750;;0.43073684210526314;0.5691237830319889;0.43073684210526314;0.49035350509286996;2046;1549;2704
865;toyshop;4750;;0.6873684210526316;0.3809801633605601;0.6873684210526316;0.49024024024024027;3265;5305;1485
558;flute;4750;;0.4572631578947368;0.5250181290790428;0.4572631578947368;0.4888038708225498;2172;1965;2578
754;radio;4750;;0.4025263157894737;0.6213844653883653;0.4025263157894737;0.48856522294621185;1912;1165;2838
188;wire-haired_fox_terrier;4750;;0.7421052631578947;0.36396489416623645;0.7421052631578947;0.4883962590924835;3525;6160;1225
119;rock_crab;4750;;0.4747368421052632;0.5021153417947005;0.4747368421052632;0.4880424196515528;2255;2236;2495
663;monastery;4750;;0.5741052631578948;0.41487905066179825;0.5741052631578948;0.4816744678972004;2727;3846;2023
479;car_wheel;4750;;0.3757894736842105;0.6655480984340044;0.3757894736842105;0.4803552206673842;1785;897;2965
784;screwdriver;4750;;0.38842105263157894;0.6281920326864147;0.38842105263157894;0.4800312215428646;1845;1092;2905
921;book_jacket;4750;;0.43157894736842106;0.5380577427821522;0.43157894736842106;0.47897196261682246;2050;1760;2700
193;Australian_terrier;4750;;0.4886315789473684;0.4678492239467849;0.4886315789473684;0.4780146225929358;2321;2640;2429
328;sea_urchin;4750;;0.7728421052631579;0.34592913682623444;0.7728421052631579;0.4779325608644708;3671;6941;1079
906;Windsor_tie;4750;;0.3802105263157895;0.6388397594623275;0.3802105263157895;0.47670582024547975;1806;1021;2944
731;plunger;4750;;0.47368421052631576;0.4794374600468783;0.47368421052631576;0.4765434713544424;2250;2443;2500
526;desk;4750;;0.5128421052631579;0.4429090909090909;0.5128421052631579;0.4753170731707317;2436;3064;2314
733;pole;4750;;0.41368421052631577;0.5539892867211729;0.41368421052631577;0.4736651801856092;1965;1582;2785
238;Greater_Swiss_Mountain_dog;4750;;0.46421052631578946;0.48334064007014466;0.46421052631578946;0.4735824742268041;2205;2357;2545
478;carton;4750;;0.38652631578947366;0.6077457795431976;0.38652631578947366;0.4725260584223394;1836;1185;2914
650;microphone;4750;;0.4888421052631579;0.45672698662470496;0.4888421052631579;0.4722391702257474;2322;2762;2428
493;chiffonier;4750;;0.34421052631578947;0.7486263736263736;0.34421052631578947;0.47158927026247477;1635;549;3115
973;coral_reef;4750;;0.651578947368421;0.36893551078793657;0.651578947368421;0.47111652332749826;3095;5294;1655
424;barbershop;4750;;0.38842105263157894;0.5965082444228904;0.38842105263157894;0.4704832334565855;1845;1248;2905
917;comic_book;4750;;0.6425263157894737;0.3689109150247794;0.6425263157894737;0.46870920678799044;3052;5221;1698
469;caldron;4750;;0.5936842105263158;0.3869905310827501;0.5936842105263158;0.4685552878624242;2820;4467;1930
497;church;4750;;0.40842105263157896;0.5486425339366516;0.40842105263157896;0.4682597151822351;1940;1596;2810
584;hair_slide;4750;;0.5227368421052632;0.423431105047749;0.5227368421052632;0.46787262106651595;2483;3381;2267
600;hook;4750;;0.44484210526315787;0.4913953488372093;0.44484210526315787;0.4669613259668508;2113;2187;2637
66;horned_viper;4750;;0.5498947368421052;0.40258939580764486;0.5498947368421052;0.46485139704573764;2612;3876;2138
585;hair_spray;4750;;0.49642105263157893;0.43650499814883376;0.49642105263157893;0.4645390070921986;2358;3044;2392
838;sunscreen;4750;;0.42;0.5155038759689923;0.42;0.46287703016241305;1995;1875;2755
619;lampshade;4750;;0.45094736842105265;0.4748392817557083;0.45094736842105265;0.46258503401360546;2142;2369;2608
55;green_snake;4750;;0.33957894736842104;0.6940619621342513;0.33957894736842104;0.4560361888606163;1613;711;3137
454;bookshop;4750;;0.39557894736842103;0.5269209197980931;0.39557894736842103;0.45189995189995186;1879;1687;2871
285;Egyptian_cat;4750;;0.46063157894736845;0.4395339493772599;0.46063157894736845;0.44983552631578944;2188;2790;2562
970;alp;4750;;0.4385263157894737;0.44872899612236106;0.4385263157894737;0.44356899488926754;2083;2559;2667
461;breastplate;4750;;0.608421052631579;0.34507462686567164;0.608421052631579;0.4403809523809524;2890;5485;1860
356;weasel;4750;;0.41810526315789476;0.464344166471826;0.41810526315789476;0.44001329345297446;1986;2291;2764
748;purse;4750;;0.36694736842105263;0.5465663217309501;0.36694736842105263;0.43909812318931857;1743;1446;3007
909;wok;4750;;0.4317894736842105;0.44317199654278305;0.4317894736842105;0.43740669652377906;2051;2577;2699
911;wool;4750;;0.37894736842105264;0.5106382978723404;0.37894736842105264;0.43504531722054385;1800;1725;2950
860;tobacco_shop;4750;;0.4503157894736842;0.4191651969429747;0.4503157894736842;0.43418248249264185;2139;2964;2611
810;space_bar;4750;;0.44905263157894737;0.4196340743655322;0.44905263157894737;0.43384521509203705;2133;2950;2617
536;dock;4750;;0.3391578947368421;0.5907590759075908;0.3391578947368421;0.43092149257723683;1611;1116;3139
77;wolf_spider;4750;;0.3178947368421053;0.661990355107409;0.3178947368421053;0.4295263831602901;1510;771;3240
868;tray;4750;;0.4922105263157895;0.3785621761658031;0.4922105263157895;0.4279699798645433;2338;3838;2412
381;spider_monkey;4750;;0.3528421052631579;0.5361484325015995;0.3528421052631579;0.425596749619096;1676;1450;3074
987;corn;4750;;0.3957894736842105;0.4579780755176614;0.3957894736842105;0.4246188594014681;1880;2225;2870
265;toy_poodle;4750;;0.432;0.4172427816185441;0.432;0.4244931733553992;2052;2866;2698
999;toilet_tissue;4750;;0.3061052631578947;0.6819887429643527;0.3061052631578947;0.42255158384190644;1454;678;3296
673;mouse;4750;;0.348;0.5366883116883117;0.348;0.42222222222222217;1653;1427;3097
623;letter_opener;4750;;0.32273684210526316;0.6085748312822549;0.32273684210526316;0.42179116797358646;1533;986;3217
516;cradle;4750;;0.388;0.4610958218663998;0.388;0.4214016234137419;1843;2154;2907
689;overskirt;4750;;0.3625263157894737;0.5007269555103228;0.3625263157894737;0.4205641714495055;1722;1717;3028
248;Eskimo_dog;4750;;0.39557894736842103;0.4394293732460243;0.39557894736842103;0.41635275869709726;1879;2397;2871
527;desktop_computer;4750;;0.45642105263157895;0.3816901408450704;0.45642105263157895;0.41572387344199424;2168;3512;2582
677;nail;4750;;0.496;0.35497965948470694;0.496;0.4138052164749275;2356;4281;2394
692;packet;4750;;0.47178947368421054;0.3635036496350365;0.47178947368421054;0.41062757672927164;2241;3924;2509
762;restaurant;4750;;0.44989473684210524;0.37636491722437476;0.44989473684210524;0.4098580744150364;2137;3541;2613
358;polecat;4750;;0.36294736842105263;0.46344086021505376;0.36294736842105263;0.4070838252656434;1724;1996;3026
501;cloak;4750;;0.4248421052631579;0.38226936919871185;0.4248421052631579;0.4024329444610629;2018;3261;2732
524;cuirass;4750;;0.3183157894736842;0.5436893203883495;0.3183157894736842;0.40154030009294917;1512;1269;3238
725;pitcher;4750;;0.3193684210526316;0.5368011323425336;0.3193684210526316;0.4004751847940865;1517;1309;3233
414;backpack;4750;;0.276;0.724709784411277;0.276;0.3997560603750573;1311;498;3439
73;barn_spider;4750;;0.7671578947368421;0.2676656383135008;0.7671578947368421;0.39686342844696143;3644;9970;1106
809;soup_bowl;4750;;0.3126315789473684;0.5409836065573771;0.3126315789473684;0.3962641761174116;1485;1260;3265
562;fountain;4750;;0.7501052631578947;0.2687231314578777;0.7501052631578947;0.39569104336720534;3563;9696;1187
485;CD_player;4750;;0.3128421052631579;0.536849710982659;0.3128421052631579;0.395317903697792;1486;1282;3264
549;envelope;4750;;0.38421052631578945;0.38987395855586415;0.38421052631578945;0.3870215247587742;1825;2856;2925
923;plate;4750;;0.47557894736842105;0.32494246260069043;0.47557894736842105;0.3860878482310716;2259;4693;2491
975;lakeside;4750;;0.5583157894736842;0.2902166776099803;0.5583157894736842;0.3819124423963134;2652;6486;2098
415;bakery;4750;;0.3162105263157895;0.4800255672738894;0.3162105263157895;0.38126665820535605;1502;1627;3248
947;mushroom;4750;;0.3429473684210526;0.4247718383311604;0.3429473684210526;0.37949912638322664;1629;2206;3121
836;sunglass;4750;;0.35136842105263155;0.4093696345351974;0.35136842105263155;0.3781579245496771;1669;2408;3081
818;spotlight;4750;;0.3677894736842105;0.38718971631205673;0.3677894736842105;0.3772403368602893;1747;2765;3003
799;sliding_door;4750;;0.3063157894736842;0.48940464177598386;0.3063157894736842;0.37679658163925933;1455;1518;3295
435;bathtub;4750;;0.35642105263157897;0.39473070645838193;0.35642105263157897;0.3745989600619538;1693;2596;3057
266;miniature_poodle;4750;;0.3608421052631579;0.3878705589499887;0.3608421052631579;0.37386846984403976;1714;2705;3036
46;green_lizard;4750;;0.3101052631578947;0.4648153991795519;0.3101052631578947;0.3720166687713095;1473;1696;3277
539;doormat;4750;;0.5193684210526316;0.28843680579913483;0.5193684210526316;0.3708937833571375;2467;6086;2283
618;ladle;4750;;0.30547368421052634;0.46491509131688563;0.30547368421052634;0.3686952102655317;1451;1670;3299
611;jigsaw_puzzle;4750;;0.7692631578947369;0.2399684770473501;0.7692631578947369;0.3658206937978676;3654;11573;1096
848;tape_player;4750;;0.46442105263157896;0.29798730244495475;0.46442105263157896;0.36303793302065335;2206;5197;2544
968;cup;4750;;0.33978947368421053;0.3620457604306864;0.33978947368421053;0.3505647263249348;1614;2844;3136
978;seashore;4750;;0.38463157894736844;0.32114607136579365;0.38463157894736844;0.3500335281157199;1827;3862;2923
961;dough;4750;;0.24505263157894736;0.6021727884117951;0.24505263157894736;0.34834655095017203;1164;769;3586
657;missile;4750;;0.3254736842105263;0.36643754444181087;0.3254736842105263;0.3447430036793399;1546;2673;3204
899;water_jug;4750;;0.3128421052631579;0.38348387096774195;0.3128421052631579;0.34457971014492755;1486;2389;3264
744;projectile;4750;;0.3648421052631579;0.3124774612333213;0.3648421052631579;0.3366355866355866;1733;3813;3017
728;plastic_bag;4750;;0.3568421052631579;0.3054604433231213;0.3568421052631579;0.3291581706961841;1695;3854;3055
488;chain;4750;;0.3936842105263158;0.27939638428208574;0.3936842105263158;0.3268373678231233;1870;4823;2880
620;laptop;4750;;0.39831578947368423;0.27515997673065734;0.39831578947368423;0.3254773782900396;1892;4984;2858
876;tub;4750;;0.3056842105263158;0.33580018501387604;0.3056842105263158;0.3200352655940048;1452;2872;3298
482;cassette_player;4750;;0.2863157894736842;0.3567681007345226;0.2863157894736842;0.3176827843961691;1360;2452;3390
60;night_snake;4750;;0.2614736842105263;0.3838071693448702;0.2614736842105263;0.3110443275732532;1242;1994;3508
782;screen;4750;;0.26;0.36614289949599765;0.26;0.3040748491936477;1235;2138;3515
837;sunglasses;4750;;0.21010526315789474;0.5208768267223383;0.21010526315789474;0.2994299429942994;998;918;3752
240;Appenzeller;4750;;0.2265263157894737;0.42868525896414345;0.2265263157894737;0.2964187327823692;1076;1434;3674
68;sidewinder;4750;;0.2814736842105263;0.24613402061855671;0.2814736842105263;0.2626203103516008;1337;4095;3413
664;monitor;4750;;0.204;0.3485611510791367;0.204;0.25737051792828686;969;1811;3781
885;velvet;4750;;0.21768421052631579;0.21020532628583044;0.21768421052631579;0.21387940841865755;1034;3885;3716
74;garden_spider;4750;;0.1311578947368421;0.5324786324786325;0.1311578947368421;0.210472972972973;623;547;4127
681;notebook;4750;;0.18063157894736842;0.2347469220246238;0.18063157894736842;0.20416418798334324;858;2797;3892
282;tiger_cat;4750;;0.12105263157894737;0.5203619909502263;0.12105263157894737;0.1964133219470538;575;530;4175
638;maillot;4750;;0.019789473684210527;0.09334657398212512;0.019789473684210527;0.03265589716866424;94;913;4656
