class_idx;class_label;support;base_accuracy;overall_accuracy;precision;recall;f1;tp;fp;fn
985;daisy;4750;;0.9709473684210527;0.9773257045984318;0.9709473684210527;0.974126095680642;4612;107;138
986;yellow_lady's_slipper;4750;;0.9328421052631579;0.9948361023798833;0.9328421052631579;0.9628422425032596;4431;23;319
900;water_tower;4750;;0.9463157894736842;0.9658358401375161;0.9463157894736842;0.9559761803487878;4495;159;255
339;sorrel;4750;;0.9494736842105264;0.9610057532495205;0.9494736842105264;0.9552049136926825;4510;183;240
90;lorikeet;4750;;0.9429473684210526;0.9582798459563543;0.9429473684210526;0.9505517826825127;4479;195;271
340;zebra;4750;;0.92;0.981581311769991;0.92;0.949793523147142;4370;82;380
11;goldfinch;4750;;0.9168421052631579;0.9830699774266366;0.9168421052631579;0.9488017429193899;4355;75;395
139;ruddy_turnstone;4750;;0.9067368421052632;0.9933118081180812;0.9067368421052632;0.948051948051948;4307;29;443
873;triumphal_arch;4750;;0.9181052631578948;0.9760519247985676;0.9181052631578948;0.946192232588414;4361;107;389
136;European_gallinule;4750;;0.9176842105263158;0.9736430645521554;0.9176842105263158;0.944835807954915;4359;118;391
805;soccer_ball;4750;;0.9250526315789473;0.9650779705688557;0.9250526315789473;0.9446415134902719;4394;159;356
143;oystercatcher;4750;;0.9031578947368422;0.9866605335786569;0.9031578947368422;0.943064409760387;4290;58;460
100;black_swan;4750;;0.9168421052631579;0.9703654188948306;0.9168421052631579;0.9428447715955833;4355;133;395
97;drake;4750;;0.8993684210526316;0.9907235621521335;0.8993684210526316;0.9428382255572721;4272;40;478
685;odometer;4750;;0.8989473684210526;0.9861431870669746;0.8989473684210526;0.9405286343612336;4270;60;480
88;macaw;4750;;0.916;0.9609098939929329;0.916;0.9379176546669541;4351;177;399
284;Siamese_cat;4750;;0.9069473684210526;0.9709263015551048;0.9069473684210526;0.9378469576575598;4308;129;442
92;bee_eater;4750;;0.9018947368421053;0.9756319744932818;0.9018947368421053;0.9373153921890385;4284;107;466
135;limpkin;4750;;0.8825263157894737;0.9952516619183286;0.8825263157894737;0.9355054675295693;4192;20;558
129;spoonbill;4750;;0.884;0.9926713947990544;0.884;0.9351893095768375;4199;31;551
95;jacamar;4750;;0.907157894736842;0.9648454993282579;0.907157894736842;0.9351128472222221;4309;157;441
264;Cardigan;4750;;0.8821052631578947;0.991715976331361;0.8821052631578947;0.9337047353760446;4190;35;560
22;bald_eagle;4750;;0.9014736842105263;0.9663732791694877;0.9014736842105263;0.9327959917220345;4282;149;468
17;jay;4750;;0.876;0.9947406167822137;0.876;0.9316019254449793;4161;22;589
255;Leonberg;4750;;0.8903157894736842;0.9755478662053056;0.8903157894736842;0.9309851403412218;4229;106;521
91;coucal;4750;;0.8871578947368421;0.9770461395780199;0.8871578947368421;0.9299349001434404;4214;99;536
874;trolleybus;4750;;0.9086315789473685;0.9489885664028144;0.9086315789473685;0.9283716928371692;4316;232;434
130;flamingo;4750;;0.8962105263157895;0.9622513562386981;0.8962105263157895;0.9280575539568346;4257;167;493
24;great_grey_owl;4750;;0.8856842105263157;0.9729417206290472;0.8856842105263157;0.9272647123649987;4207;117;543
698;palace;4750;;0.8776842105263158;0.9825595097808154;0.8776842105263158;0.9271655732236184;4169;74;581
15;robin;4750;;0.8882105263157895;0.9689940284795591;0.8882105263157895;0.9268453427065025;4219;135;531
18;magpie;4750;;0.8741052631578947;0.9850533807829182;0.8741052631578947;0.9262688232013384;4152;63;598
260;chow;4750;;0.884;0.9710915818686402;0.884;0.9255014326647565;4199;125;551
763;revolver;4750;;0.903578947368421;0.9480892423238347;0.903578947368421;0.9252991268729115;4292;235;458
127;white_stork;4750;;0.8905263157894737;0.9628955155929888;0.8905263157894737;0.9252980422180903;4230;163;520
783;screw;4750;;0.9151578947368421;0.9354422207876049;0.9151578947368421;0.9251888900712993;4347;300;403
668;mosque;4750;;0.8852631578947369;0.9668889399862037;0.8852631578947369;0.9242773931201231;4205;144;545
253;basenji;4750;;0.8808421052631579;0.970090424298632;0.8808421052631579;0.9233145757475449;4184;129;566
98;red-breasted_merganser;4750;;0.8825263157894737;0.9679057954283076;0.8825263157894737;0.9232463385089749;4192;139;558
137;American_coot;4750;;0.871578947368421;0.9801136363636364;0.871578947368421;0.9226654780476934;4140;84;610
274;dhole;4750;;0.872;0.9775784753363229;0.872;0.9217758985200846;4142;95;608
829;streetcar;4750;;0.8766315789473684;0.9710820895522388;0.8766315789473684;0.9214427970789997;4164;124;586
141;redshank;4750;;0.8749473684210526;0.972391202620496;0.8749473684210526;0.9210992907801419;4156;118;594
0;tench;4750;;0.864421052631579;0.9855976956313011;0.864421052631579;0.9210408254822791;4106;60;644
198;standard_schnauzer;4750;;0.8627368421052631;0.9874698795180723;0.8627368421052631;0.9208988764044944;4098;52;652
94;hummingbird;4750;;0.8978947368421053;0.9446290143964563;0.8978947368421053;0.9206691851052348;4265;250;485
323;monarch;4750;;0.9008421052631579;0.940232915842672;0.9008421052631579;0.9201161165466079;4279;272;471
19;chickadee;4750;;0.8757894736842106;0.9687936655798789;0.8757894736842106;0.9199469261388766;4160;134;590
821;steel_arch_bridge;4750;;0.8871578947368421;0.9549059596646272;0.8871578947368421;0.9197860962566845;4214;199;536
244;Tibetan_mastiff;4750;;0.8677894736842106;0.9770087698506755;0.8677894736842106;0.919166016278292;4122;97;628
404;airliner;4750;;0.8663157894736843;0.9785969084423306;0.8663157894736843;0.9190396426577332;4115;90;635
326;lycaenid;4750;;0.8922105263157895;0.9468275245755139;0.8922105263157895;0.9187079991328854;4238;238;512
16;bulbul;4750;;0.856;0.9909822081403851;0.856;0.9185586806732181;4066;37;684
13;junco;4750;;0.8511578947368421;0.9953225012309207;0.8511578947368421;0.9176123467998184;4043;19;707
727;planetarium;4750;;0.8778947368421053;0.9603869184707509;0.8778947368421053;0.9172899252089749;4170;172;580
768;rugby_ball;4750;;0.8633684210526316;0.9773593898951383;0.8633684210526316;0.9168343393695506;4101;95;649
12;house_finch;4750;;0.852;0.9916687086498407;0.852;0.9165439927528025;4047;34;703
625;lifeboat;4750;;0.8717894736842106;0.9659435502682528;0.8717894736842106;0.9164545756335067;4141;146;609
849;teapot;4750;;0.903578947368421;0.9294066695539195;0.903578947368421;0.9163108454312554;4292;326;458
275;African_hunting_dog;4750;;0.8757894736842106;0.9607390300230947;0.8757894736842106;0.9162995594713657;4160;170;590
637;mailbox;4750;;0.8696842105263158;0.9674473067915691;0.8696842105263158;0.9159645232815965;4131;139;619
439;bearskin;4750;;0.908;0.9239502999143102;0.908;0.9159057124654916;4313;355;437
684;ocarina;4750;;0.9061052631578947;0.9257904925790492;0.9061052631578947;0.9158421108628577;4304;345;446
227;kelpie;4750;;0.8591578947368421;0.9803026663463849;0.8591578947368421;0.9157410523953776;4081;82;669
604;hourglass;4750;;0.8886315789473684;0.944506601029313;0.8886315789473684;0.9157175398633257;4221;248;529
247;Saint_Bernard;4750;;0.8507368421052631;0.9911699779249448;0.8507368421052631;0.9155998640534722;4041;36;709
231;collie;4750;;0.8823157894736842;0.9501246882793017;0.8823157894736842;0.9149656151075211;4191;220;559
473;can_opener;4750;;0.8557894736842105;0.9828336557059961;0.8557894736842105;0.9149223497636731;4065;71;685
131;little_blue_heron;4750;;0.8621052631578947;0.9745359352689196;0.8621052631578947;0.9148793565683646;4095;107;655
560;football_helmet;4750;;0.9008421052631579;0.9292073832790445;0.9008421052631579;0.9148049171566006;4279;326;471
235;German_shepherd;4750;;0.8507368421052631;0.9889867841409692;0.8507368421052631;0.9146672702580352;4041;45;709
901;whiskey_jug;4750;;0.872;0.9607979587102761;0.872;0.9142478755104293;4142;169;608
832;stupa;4750;;0.92;0.9081463009143808;0.92;0.9140347207697135;4370;442;380
429;baseball;4750;;0.8814736842105263;0.9485727231536022;0.8814736842105263;0.9137931034482759;4187;227;563
563;fountain_pen;4750;;0.8837894736842106;0.9457084929038072;0.8837894736842106;0.9137011644357385;4198;241;552
80;black_grouse;4750;;0.9296842105263158;0.8977434437893881;0.9296842105263158;0.9134346881787154;4416;503;334
451;bolo_tie;4750;;0.868421052631579;0.9633348902382064;0.868421052631579;0.9134189548272807;4125;157;625
425;barn;4750;;0.9261052631578948;0.9008806061847225;0.9261052631578948;0.9133187999584761;4399;484;351
915;yurt;4750;;0.9018947368421053;0.9248704663212435;0.9018947368421053;0.9132381155403966;4284;348;466
158;toy_terrier;4750;;0.852;0.9827586206896551;0.852;0.9127198917456021;4047;71;703
561;forklift;4750;;0.8608421052631579;0.9710282593208264;0.8608421052631579;0.9126213592233009;4089;122;661
308;fly;4750;;0.8821052631578947;0.9434811979283945;0.8821052631578947;0.9117615058209119;4190;251;560
757;recreational_vehicle;4750;;0.8574736842105263;0.9727728684021972;0.8574736842105263;0.9114915519749357;4073;114;677
96;toucan;4750;;0.8783157894736842;0.946890603722197;0.8783157894736842;0.91131498470948;4172;234;578
387;lesser_panda;4750;;0.8612631578947368;0.9671394799054374;0.8612631578947368;0.9111358574610245;4091;139;659
746;puck;4750;;0.916;0.9047619047619048;0.916;0.9103462705303902;4351;458;399
995;earthstar;4750;;0.9364210526315789;0.8853503184713376;0.9364210526315789;0.910169838346634;4448;576;302
442;bell_cote;4750;;0.8496842105263158;0.9798494780286477;0.8496842105263158;0.9101364302627128;4036;83;714
145;king_penguin;4750;;0.8711578947368421;0.9519208649643432;0.8711578947368421;0.9097504671869848;4138;209;612
927;trifle;4750;;0.8667368421052631;0.9572192513368984;0.8667368421052631;0.9097337310794389;4117;184;633
946;cardoon;4750;;0.948;0.8728435743361117;0.948;0.9088707235846202;4503;656;247
726;plane;4750;;0.8578947368421053;0.9651823780198958;0.8578947368421053;0.9083816317432011;4075;147;675
773;saltshaker;4750;;0.8962105263157895;0.9204324324324324;0.8962105263157895;0.90816;4257;368;493
218;Welsh_springer_spaniel;4750;;0.8825263157894737;0.9350881106401963;0.8825263157894737;0.9080472219213689;4192;291;558
232;Border_collie;4750;;0.8768421052631579;0.9399684044233807;0.8768421052631579;0.9073085720509748;4165;266;585
25;European_fire_salamander;4750;;0.8623157894736843;0.9572329983641038;0.8623157894736843;0.9072987041754347;4096;183;654
300;tiger_beetle;4750;;0.8631578947368421;0.9557109557109557;0.8631578947368421;0.9070796460176992;4100;190;650
99;goose;4750;;0.8576842105263158;0.9622106754841757;0.8576842105263158;0.9069456812110418;4074;160;676
179;Staffordshire_bullterrier;4750;;0.8522105263157894;0.9691165908546804;0.8522105263157894;0.9069116164444941;4048;129;702
471;cannon;4750;;0.867578947368421;0.9499769479022591;0.867578947368421;0.9069102112676056;4121;217;629
779;school_bus;4750;;0.8938947368421053;0.9200433369447454;0.8938947368421053;0.9067805659369995;4246;369;504
846;table_lamp;4750;;0.8985263157894737;0.9150943396226415;0.8985263157894737;0.9067346505205014;4268;396;482
870;tricycle;4750;;0.8562105263157894;0.9635157545605307;0.8562105263157894;0.906699364619329;4067;154;683
607;jack-o'-lantern;4750;;0.8924210526315789;0.9213214518582917;0.8924210526315789;0.9066410009624638;4239;362;511
528;dial_telephone;4750;;0.8418947368421053;0.9820726915520629;0.8418947368421053;0.9065971435048741;3999;73;751
307;weevil;4750;;0.875578947368421;0.9398870056497175;0.875578947368421;0.9065940054495912;4159;266;591
146;albatross;4750;;0.8745263157894737;0.9408833522083805;0.8745263157894737;0.906492089470813;4154;261;596
194;Dandie_Dinmont;4750;;0.8534736842105263;0.966388557806913;0.8534736842105263;0.9064281721632197;4054;141;696
687;organ;4750;;0.8343157894736842;0.9917417417417418;0.8343157894736842;0.9062428538760577;3963;33;787
157;papillon;4750;;0.8730526315789474;0.9418578242107654;0.8730526315789474;0.9061509887468588;4147;256;603
195;Boston_bull;4750;;0.867578947368421;0.9477920883164673;0.867578947368421;0.905913387557705;4121;227;629
251;dalmatian;4750;;0.8791578947368421;0.934019235070454;0.8791578947368421;0.9057585945125258;4176;295;574
351;hartebeest;4750;;0.8738947368421053;0.9389278443790997;0.8738947368421053;0.9052447933704066;4151;270;599
518;crash_helmet;4750;;0.8753684210526316;0.9371196754563894;0.8753684210526316;0.9051921192990096;4158;279;592
457;bow_tie;4750;;0.8656842105263158;0.9476837981101637;0.8656842105263158;0.9048300143030036;4112;227;638
576;gondola;4750;;0.9176842105263158;0.8923234390992835;0.9176842105263158;0.9048261546445251;4359;526;391
172;whippet;4750;;0.8429473684210527;0.9761092150170648;0.8429473684210527;0.904654315408947;4004;98;746
142;dowitcher;4750;;0.8667368421052631;0.9457845164254537;0.8667368421052631;0.9045369658354387;4117;236;633
363;armadillo;4750;;0.8431578947368421;0.9754018509498296;0.8431578947368421;0.9044715447154473;4005;101;745
695;padlock;4750;;0.8850526315789473;0.9241591558584304;0.8850526315789473;0.9041832455102699;4204;345;546
855;thimble;4750;;0.8593684210526316;0.9535155337537958;0.8593684210526316;0.9039973424869892;4082;199;668
771;safe;4750;;0.8612631578947368;0.9511741455475471;0.8612631578947368;0.9039885095569551;4091;210;659
185;Norfolk_terrier;4750;;0.8366315789473684;0.9822046465645081;0.8366315789473684;0.9035925420645748;3974;72;776
919;street_sign;4750;;0.8509473684210527;0.9630688587086014;0.8509473684210527;0.9035430870682911;4042;155;708
277;red_fox;4750;;0.8568421052631578;0.9556233857713078;0.8568421052631578;0.9035409035409036;4070;189;680
216;clumber;4750;;0.8482105263157895;0.9664188054689374;0.8482105263157895;0.9034645139589642;4029;140;721
944;artichoke;4750;;0.8541052631578947;0.958648393194707;0.8541052631578947;0.903362280115787;4057;175;693
614;kimono;4750;;0.8606315789473684;0.9504766333410835;0.8606315789473684;0.9033255993812838;4088;213;662
10;brambling;4750;;0.8477894736842105;0.9666346615458473;0.8477894736842105;0.9033198743831314;4027;139;723
321;admiral;4750;;0.8823157894736842;0.9245532759761748;0.8823157894736842;0.9029408596358935;4191;342;559
755;radio_telescope;4750;;0.8802105263157894;0.926845488805143;0.8802105263157894;0.9029262498650255;4181;330;569
268;Mexican_hairless;4750;;0.8656842105263158;0.9426868408986704;0.8656842105263158;0.9025460930640913;4112;250;638
663;monastery;4750;;0.8338947368421052;0.9831223628691983;0.8338947368421052;0.9023806811709761;3961;68;789
641;maraca;4750;;0.9151578947368421;0.8898669396110542;0.9151578947368421;0.9023352361183187;4347;538;403
606;iron;4750;;0.8387368421052631;0.9757531227038942;0.8387368421052631;0.9020717762934449;3984;99;766
138;bustard;4750;;0.8387368421052631;0.9757531227038942;0.8387368421052631;0.9020717762934449;3984;99;766
732;Polaroid_camera;4750;;0.8414736842105263;0.9717967420374423;0.8414736842105263;0.9019519350107187;3997;116;753
990;buckeye;4750;;0.9109473684210526;0.8930856553147575;0.9109473684210526;0.9019280875455966;4327;518;423
263;Pembroke;4750;;0.8330526315789474;0.9828614008941878;0.8330526315789474;0.9017775752051049;3957;69;793
908;wing;4750;;0.8357894736842105;0.9787968441814595;0.8357894736842105;0.9016579604814898;3970;86;780
273;dingo;4750;;0.8576842105263158;0.9500932835820896;0.8576842105263158;0.9015268864793096;4074;214;676
270;white_wolf;4750;;0.8658947368421053;0.9401142857142857;0.8658947368421053;0.9014794520547945;4113;262;637
156;Blenheim_spaniel;4750;;0.8854736842105263;0.9169391759319817;0.8854736842105263;0.9009317768019707;4206;381;544
31;tree_frog;4750;;0.8509473684210527;0.9571394743073645;0.8509473684210527;0.9009249972138638;4042;181;708
575;golfcart;4750;;0.8454736842105263;0.9639942390782525;0.8454736842105263;0.9008524001794527;4016;150;734
355;llama;4750;;0.8570526315789474;0.948951048951049;0.8570526315789474;0.9006637168141594;4071;219;679
144;pelican;4750;;0.8254736842105264;0.9899015400151477;0.8254736842105264;0.9002410745035014;3921;40;829
863;totem_pole;4750;;0.8783157894736842;0.9223966393986293;0.8783157894736842;0.8998166720586649;4172;351;578
945;bell_pepper;4750;;0.8549473684210527;0.9494973111994388;0.8549473684210527;0.8997452088179905;4061;216;689
152;Japanese_spaniel;4750;;0.8861052631578947;0.9138080764220582;0.8861052631578947;0.8997434801197093;4209;397;541
902;whistle;4750;;0.8654736842105263;0.9366598313966735;0.8654736842105263;0.8996607943976365;4111;278;639
186;Norwich_terrier;4750;;0.8671578947368421;0.934437386569873;0.8671578947368421;0.8995413845817865;4119;289;631
87;African_grey;4750;;0.8433684210526315;0.9636757276882367;0.8433684210526315;0.8995172336364656;4006;151;744
511;convertible;4750;;0.8309473684210527;0.980134094859697;0.8309473684210527;0.8993961490258631;3947;80;803
86;partridge;4750;;0.8463157894736842;0.9594272076372315;0.8463157894736842;0.8993288590604027;4020;170;730
317;leafhopper;4750;;0.8568421052631578;0.945631970260223;0.8568421052631578;0.8990501435829468;4070;234;680
656;minivan;4750;;0.8256842105263158;0.9866666666666667;0.8256842105263158;0.899025787965616;3922;53;828
487;cellular_telephone;4750;;0.8490526315789474;0.9550082879469571;0.8490526315789474;0.8989189791597013;4033;190;717
609;jeep;4750;;0.8618947368421053;0.9389908256880733;0.8618947368421053;0.8987925356750823;4094;266;656
756;rain_barrel;4750;;0.8614736842105263;0.9393939393939394;0.8614736842105263;0.8987480781902044;4092;264;658
871;trimaran;4750;;0.8694736842105263;0.9299707273136681;0.8694736842105263;0.8987052551408987;4130;311;620
569;garbage_truck;4750;;0.8437894736842105;0.9611510791366906;0.8437894736842105;0.8986547085201794;4008;162;742
190;Sealyham_terrier;4750;;0.8522105263157894;0.9502347417840376;0.8522105263157894;0.8985571587125417;4048;212;702
820;steam_locomotive;4750;;0.8250526315789474;0.986160040261701;0.8250526315789474;0.8984410820724439;3919;55;831
447;binoculars;4750;;0.8608421052631579;0.93913642627469;0.8608421052631579;0.8982864674868191;4089;265;661
629;lipstick;4750;;0.8507368421052631;0.9505998588567396;0.8507368421052631;0.8979002333074102;4041;210;709
555;fire_engine;4750;;0.8336842105263158;0.9727339719970524;0.8336842105263158;0.8978573857839247;3960;111;790
303;long-horned_beetle;4750;;0.828421052631579;0.9798306772908366;0.828421052631579;0.8977869039470682;3935;81;815
93;hornbill;4750;;0.8212631578947368;0.9898502918041107;0.8212631578947368;0.8977102749971234;3901;40;849
7;cock;4750;;0.9048421052631579;0.8905926232905097;0.9048421052631579;0.8976608187134503;4298;528;452
8;hen;4750;;0.8309473684210527;0.9757725587144623;0.8309473684210527;0.8975554292211484;3947;98;803
472;canoe;4750;;0.9189473684210526;0.8770343580470162;0.9189473684210526;0.897501799115863;4365;612;385
594;harp;4750;;0.8345263157894737;0.9703794369645042;0.8345263157894737;0.8973401245048103;3964;121;786
708;pedestal;4750;;0.8648421052631579;0.932364956876986;0.8648421052631579;0.8973350808213193;4108;298;642
196;miniature_schnauzer;4750;;0.8423157894736842;0.9599328214971209;0.8423157894736842;0.8972863870823055;4001;167;749
350;ibex;4750;;0.8349473684210527;0.9684981684981685;0.8349473684210527;0.8967778405879029;3966;129;784
192;cairn;4750;;0.8461052631578947;0.9534994068801897;0.8461052631578947;0.8965978806469603;4019;196;731
178;Weimaraner;4750;;0.8671578947368421;0.9274938077009682;0.8671578947368421;0.8963116091828963;4119;322;631
949;strawberry;4750;;0.8562105263157894;0.9403468208092486;0.8562105263157894;0.8963085399449036;4067;258;683
474;cardigan;4750;;0.848;0.9504483246814536;0.848;0.8963061860258122;4028;210;722
613;joystick;4750;;0.8490526315789474;0.9487179487179487;0.8490526315789474;0.8961226530385512;4033;218;717
686;oil_filter;4750;;0.880421052631579;0.9121046892039258;0.880421052631579;0.895982860203535;4182;403;568
23;vulture;4750;;0.8861052631578947;0.9055507745266781;0.8861052631578947;0.8957224941476909;4209;439;541
148;killer_whale;4750;;0.8806315789473684;0.9113289760348584;0.8806315789473684;0.8957173447537474;4183;407;567
679;necklace;4750;;0.8726315789473684;0.91988459831336;0.8726315789473684;0.8956352636127919;4145;361;605
831;studio_couch;4750;;0.8690526315789474;0.9232833817937821;0.8690526315789474;0.8953475761847955;4128;343;622
173;Ibizan_hound;4750;;0.8505263157894737;0.9450292397660819;0.8505263157894737;0.8952908587257618;4040;235;710
245;French_bulldog;4750;;0.828421052631579;0.9730464886251237;0.828421052631579;0.8949283602456221;3935;109;815
578;gown;4750;;0.8507368421052631;0.9439383321653819;0.8507368421052631;0.8949175063669583;4041;240;709
796;ski_mask;4750;;0.8618947368421053;0.9304545454545454;0.8618947368421053;0.894863387978142;4094;306;656
991;coral_fungus;4750;;0.8589473684210527;0.9336384439359268;0.8589473684210527;0.8947368421052633;4080;290;670
711;perfume;4750;;0.8446315789473684;0.9509362408153591;0.8446315789473684;0.894637083286877;4012;207;738
717;pickup;4750;;0.8621052631578947;0.9296254256526674;0.8621052631578947;0.8945931185144729;4095;310;655
261;keeshond;4750;;0.8667368421052631;0.923301188607311;0.8667368421052631;0.8941253121945921;4117;342;633
167;English_foxhound;4750;;0.844;0.9504504504504504;0.844;0.8940677966101694;4009;209;741
207;golden_retriever;4750;;0.8248421052631579;0.9753547423450336;0.8248421052631579;0.8938063191513631;3918;99;832
988;acorn;4750;;0.8427368421052631;0.9512832699619772;0.8427368421052631;0.8937262781870953;4003;205;747
302;ground_beetle;4750;;0.8134736842105263;0.9907692307692307;0.8134736842105263;0.8934104046242775;3864;36;886
547;electric_locomotive;4750;;0.8195789473684211;0.9818411097099622;0.8195789473684211;0.8934021801491682;3893;72;857
210;German_short-haired_pointer;4750;;0.8442105263157895;0.9479905437352246;0.8442105263157895;0.8930957683741648;4010;220;740
392;rock_beauty;4750;;0.8461052631578947;0.9452022577610536;0.8461052631578947;0.8929126860697624;4019;233;731
382;squirrel_monkey;4750;;0.8618947368421053;0.9258254183627318;0.8618947368421053;0.8927169646750981;4094;328;656
503;cocktail_shaker;4750;;0.8311578947368421;0.9638671875;0.8311578947368421;0.8926068279448338;3948;148;802
89;sulphur-crested_cockatoo;4750;;0.8557894736842105;0.9325533379215416;0.8557894736842105;0.8925238774838072;4065;294;685
159;Rhodesian_ridgeback;4750;;0.8210526315789474;0.9774436090225563;0.8210526315789474;0.8924485125858123;3900;90;850
286;cougar;4750;;0.82;0.9788891681326967;0.82;0.8924275403826326;3895;84;855
745;projector;4750;;0.8197894736842105;0.9791299974855419;0.8197894736842105;0.8924028875902372;3894;83;856
535;disk_brake;4750;;0.8572631578947368;0.9303175691112634;0.8572631578947368;0.8922975786129067;4072;305;678
571;gas_pump;4750;;0.824;0.972905791697738;0.824;0.8922831414567423;3914;109;836
291;lion;4750;;0.8985263157894737;0.8858447488584474;0.8985263157894737;0.8921404682274247;4268;550;482
430;basketball;4750;;0.8614736842105263;0.9247457627118644;0.8614736842105263;0.8919891008174387;4092;333;658
325;sulphur_butterfly;4750;;0.8332631578947368;0.9581215202130234;0.8332631578947368;0.8913410651953608;3958;173;792
242;boxer;4750;;0.8303157894736842;0.9617166544745184;0.8303157894736842;0.8911987346062592;3944;157;806
279;Arctic_fox;4750;;0.8402105263157895;0.948657000237699;0.8402105263157895;0.8911465892597967;3991;216;759
225;malinois;4750;;0.8837894736842106;0.8983522362508025;0.8837894736842106;0.8910113551947363;4198;475;552
102;echidna;4750;;0.8376842105263158;0.951231173798709;0.8376842105263158;0.8908541363483712;3979;204;771
14;indigo_bunting;4750;;0.9136842105263158;0.869042851421706;0.9136842105263158;0.8908045977011494;4340;654;410
175;otterhound;4750;;0.8233684210526315;0.9702307119821384;0.8233684210526315;0.890786926318187;3911;120;839
174;Norwegian_elkhound;4750;;0.848421052631579;0.9374273086764364;0.848421052631579;0.8907061553762847;4030;269;720
722;ping-pong_ball;4750;;0.8608421052631579;0.9226083032490975;0.8608421052631579;0.8906556305815726;4089;343;661
182;Border_terrier;4750;;0.8395789473684211;0.9479439030187782;0.8395789473684211;0.8904767221167802;3988;219;762
670;motor_scooter;4750;;0.8313684210526315;0.9582625576316428;0.8313684210526315;0.8903167624845;3949;172;801
151;Chihuahua;4750;;0.8294736842105264;0.9605070697220868;0.8294736842105264;0.8901943063714416;3940;162;810
243;bull_mastiff;4750;;0.8138947368421052;0.9822154471544715;0.8138947368421052;0.8901680865760994;3866;70;884
953;pineapple;4750;;0.8416842105263158;0.9444838176234349;0.8416842105263158;0.890125793164867;3998;235;752
440;beer_bottle;4750;;0.8378947368421052;0.9487485101311085;0.8378947368421052;0.8898826159865848;3980;215;770
494;chime;4750;;0.8694736842105263;0.9110964041473638;0.8694736842105263;0.8897985565011312;4130;403;620
449;boathouse;4750;;0.8286315789473684;0.9604685212298683;0.8286315789473684;0.8896925858951176;3936;162;814
701;parachute;4750;;0.8911578947368421;0.8881661770877046;0.8911578947368421;0.8896595208070618;4233;533;517
890;volleyball;4750;;0.8227368421052632;0.9682854311199207;0.8227368421052632;0.8895970862736171;3908;128;842
532;dining_table;4750;;0.8863157894736842;0.8928950159066809;0.8863157894736842;0.8895932382461701;4210;505;540
276;hyena;4750;;0.8578947368421053;0.9229898074745186;0.8578947368421053;0.8892525913802509;4075;340;675
249;malamute;4750;;0.8298947368421052;0.9574933203789167;0.8298947368421052;0.8891395060336077;3942;175;808
215;Brittany_spaniel;4750;;0.84;0.9437086092715232;0.84;0.8888393851637335;3990;238;760
140;red-backed_sandpiper;4750;;0.8357894736842105;0.9488527724665392;0.8357894736842105;0.8887396462950525;3970;214;780
21;kite;4750;;0.8429473684210527;0.9396855198310256;0.8429473684210527;0.8886915991565865;4004;257;746
612;jinrikisha;4750;;0.8610526315789474;0.9180695847362514;0.8610526315789474;0.8886474741988052;4090;365;660
128;black_stork;4750;;0.859578947368421;0.9193875253321324;0.859578947368421;0.8884778587748885;4083;358;667
954;banana;4750;;0.8181052631578948;0.9719859929964982;0.8181052631578948;0.8884316415180612;3886;112;864
817;sports_car;4750;;0.8307368421052631;0.9540618955512572;0.8307368421052631;0.8881386450596443;3946;190;804
287;lynx;4750;;0.8216842105263158;0.9656110836219693;0.8216842105263158;0.887852593266606;3903;139;847
388;giant_panda;4750;;0.9162105263157895;0.8611001187178472;0.9162105263157895;0.8878008975928192;4352;702;398
208;Labrador_retriever;4750;;0.8088421052631579;0.9833631942667008;0.8088421052631579;0.8876054060298024;3842;65;908
420;banjo;4750;;0.8244210526315789;0.9607458292443573;0.8244210526315789;0.8873782007704509;3916;160;834
793;shower_cap;4750;;0.8566315789473684;0.9199638254578341;0.8566315789473684;0.887168865147716;4069;354;681
407;ambulance;4750;;0.8465263157894737;0.9314338661107251;0.8465263157894737;0.8869526855630309;4021;296;729
347;bison;4750;;0.8625263157894737;0.9124721603563475;0.8625263157894737;0.8867965367965369;4097;393;653
628;liner;4750;;0.832;0.9493153975498438;0.832;0.8867945697296085;3952;211;798
354;Arabian_camel;4750;;0.8553684210526316;0.9204802899864069;0.8553684210526316;0.8867306852902662;4063;351;687
483;castle;4750;;0.8197894736842105;0.9655343416811307;0.8197894736842105;0.8867129682340886;3894;139;856
376;proboscis_monkey;4750;;0.8212631578947368;0.9632098765432099;0.8212631578947368;0.886590909090909;3901;149;849
507;combination_lock;4750;;0.8263157894736842;0.9561510353227771;0.8263157894736842;0.8865047995482779;3925;180;825
226;briard;4750;;0.8244210526315789;0.9583945178658835;0.8244210526315789;0.8863739248528746;3916;170;834
211;vizsla;4750;;0.856421052631579;0.9184917588620456;0.856421052631579;0.8863710643860987;4068;361;682
737;pop_bottle;4750;;0.852;0.9235508900045641;0.852;0.8863337713534821;4047;335;703
217;English_springer;4750;;0.8511578947368421;0.9245369311685342;0.8511578947368421;0.8863312506850818;4043;330;707
200;Tibetan_terrier;4750;;0.8058947368421052;0.9845679012345679;0.8058947368421052;0.8863162769159528;3828;60;922
497;church;4750;;0.8286315789473684;0.952565343659245;0.8286315789473684;0.8862868723260527;3936;196;814
306;rhinoceros_beetle;4750;;0.8330526315789474;0.9461979913916786;0.8330526315789474;0.8860277653381101;3957;225;793
417;balloon;4750;;0.8726315789473684;0.8997178207076189;0.8726315789473684;0.885967724698087;4145;462;605
164;bluetick;4750;;0.82;0.9633935196636161;0.82;0.885931991356761;3895;148;855
389;barracouta;4750;;0.7987368421052632;0.9944954128440368;0.7987368421052632;0.8859311150029188;3794;21;956
895;warplane;4750;;0.8606315789473684;0.9127037285108283;0.8606315789473684;0.8859031314335247;4088;391;662
621;lawn_mower;4750;;0.875578947368421;0.8961430726136609;0.875578947368421;0.8857416675540412;4159;482;591
636;mailbag;4750;;0.8282105263157895;0.9518509557222357;0.8282105263157895;0.8857368006304177;3934;199;816
113;snail;4750;;0.8362105263157895;0.9414553211661532;0.8362105263157895;0.8857174712899989;3972;247;778
180;American_Staffordshire_terrier;4750;;0.8018947368421052;0.9888369678089304;0.8018947368421052;0.8856079981399674;3809;43;941
989;hip;4750;;0.9383157894736842;0.8382546548805717;0.9383157894736842;0.8854673686301777;4457;860;293
512;corkscrew;4750;;0.8618947368421053;0.9101823032458871;0.8618947368421053;0.8853806228373702;4094;404;656
597;holster;4750;;0.8090526315789474;0.9773652085452695;0.8090526315789474;0.8852798894263993;3843;89;907
458;brass;4750;;0.8176842105263158;0.9649689440993788;0.8176842105263158;0.8852421652421651;3884;141;866
704;parking_meter;4750;;0.832;0.9456807848767648;0.832;0.8852055101355135;3952;227;798
955;jackfruit;4750;;0.8414736842105263;0.9336603597290353;0.8414736842105263;0.8851732919942421;3997;284;753
948;Granny_Smith;4750;;0.884421052631579;0.8853530031612223;0.884421052631579;0.8848867825171143;4201;544;549
707;pay-phone;4750;;0.8233684210526315;0.9562347188264059;0.8233684210526315;0.8848416289592759;3911;179;839
248;Eskimo_dog;4750;;0.8193684210526315;0.9614624505928854;0.8193684210526315;0.8847465333030233;3892;156;858
316;cicada;4750;;0.8138947368421052;0.9689223057644111;0.8138947368421052;0.8846681922196797;3866;124;884
85;quail;4750;;0.8016842105263158;0.986784140969163;0.8016842105263158;0.8846555929840864;3808;51;942
426;barometer;4750;;0.8456842105263158;0.9270713131779368;0.8456842105263158;0.8845095232852582;4017;316;733
295;American_black_bear;4750;;0.8587368421052631;0.9117121144389808;0.8587368421052631;0.884431916738942;4079;395;671
660;mobile_home;4750;;0.8254736842105264;0.9523925188243867;0.8254736842105264;0.8844028419984212;3921;196;829
631;lotion;4750;;0.8286315789473684;0.9479768786127167;0.8286315789473684;0.8842956638957538;3936;216;814
541;drum;4750;;0.8124210526315789;0.9700854700854701;0.8124210526315789;0.8842804766269478;3859;119;891
857;throne;4750;;0.8471578947368421;0.9235712646316273;0.8471578947368421;0.883715822993302;4024;333;726
229;Old_English_sheepdog;4750;;0.8452631578947368;0.9249020962911771;0.8452631578947368;0.883291167088329;4015;326;735
994;stinkhorn;4750;;0.8511578947368421;0.9178206583427923;0.8511578947368421;0.8832332058984161;4043;362;707
682;obelisk;4750;;0.8667368421052631;0.9002842772796851;0.8667368421052631;0.8831921055454253;4117;456;633
886;vending_machine;4750;;0.8570526315789474;0.9105345560277343;0.8570526315789474;0.882984491920616;4071;400;679
349;bighorn;4750;;0.8496842105263158;0.918943533697632;0.8496842105263158;0.8829577772916211;4036;356;714
9;ostrich;4750;;0.9242105263157895;0.8452060069310743;0.9242105263157895;0.8829444891391794;4390;804;360
605;iPod;4750;;0.8176842105263158;0.9592491973326748;0.8176842105263158;0.8828275940447777;3884;165;866
262;Brabancon_griffon;4750;;0.8136842105263158;0.9645620164711755;0.8136842105263158;0.8827223935137605;3865;142;885
735;poncho;4750;;0.8412631578947368;0.9284386617100372;0.8412631578947368;0.8827037773359842;3996;308;754
193;Australian_terrier;4750;;0.8587368421052631;0.9078566659247719;0.8587368421052631;0.8826138699556421;4079;414;671
654;minibus;4750;;0.8778947368421053;0.8870453095086152;0.8778947368421053;0.8824463019786267;4170;531;580
203;West_Highland_white_terrier;4750;;0.8587368421052631;0.9074527252502781;0.8587368421052631;0.8824229313142239;4079;416;671
47;African_chameleon;4750;;0.8115789473684211;0.9664076209576334;0.8115789473684211;0.8822519739100584;3855;134;895
683;oboe;4750;;0.8212631578947368;0.9528578407425501;0.8212631578947368;0.8821800090456806;3901;193;849
348;ram;4750;;0.8149473684210526;0.9610228401191658;0.8149473684210526;0.8819776714513556;3871;157;879
346;water_buffalo;4750;;0.7981052631578948;0.985443202495451;0.7981052631578948;0.8819355589159009;3791;56;959
20;water_ouzel;4750;;0.8090526315789474;0.9689863842662633;0.8090526315789474;0.8818265259293254;3843;123;907
162;beagle;4750;;0.8141052631578948;0.9612229679343773;0.8141052631578948;0.881568448649265;3867;156;883
642;marimba;4750;;0.828;0.9424874191229331;0.828;0.8815420822593297;3933;240;817
997;bolete;4750;;0.8574736842105263;0.9067230632235085;0.8574736842105263;0.8814109500108201;4073;419;677
992;agaric;4750;;0.8917894736842106;0.8712464006581654;0.8917894736842106;0.881398252184769;4236;626;514
184;Irish_terrier;4750;;0.852;0.9125140924464487;0.852;0.8812193794229722;4047;388;703
465;bulletproof_vest;4750;;0.8410526315789474;0.9254111651609914;0.8410526315789474;0.8812176022940333;3995;322;755
540;drilling_platform;4750;;0.8627368421052631;0.9004614370468029;0.8627368421052631;0.8811955703687775;4098;453;652
559;folding_chair;4750;;0.8606315789473684;0.9018310169865431;0.8606315789473684;0.8807497576214586;4088;445;662
619;lampshade;4750;;0.8507368421052631;0.9128077704992094;0.8507368421052631;0.8806799607714939;4041;386;709
496;Christmas_stocking;4750;;0.840421052631579;0.9247162381283298;0.840421052631579;0.8805558619168413;3992;325;758
250;Siberian_husky;4750;;0.7901052631578948;0.9936457505957109;0.7901052631578948;0.8802626949689223;3753;24;997
56;king_snake;4750;;0.8132631578947368;0.9590367428003972;0.8132631578947368;0.8801549327865117;3863;165;887
891;waffle_iron;4750;;0.8107368421052632;0.9625093726568358;0.8107368421052632;0.8801279853731002;3851;150;899
736;pool_table;4750;;0.876;0.884190395240119;0.876;0.8800761421319797;4161;545;589
653;milk_can;4750;;0.8166315789473684;0.9540088539104771;0.8166315789473684;0.8799909255898366;3879;187;871
838;sunscreen;4750;;0.8170526315789474;0.9528602995335134;0.8170526315789474;0.8797461181004194;3881;192;869
774;sandal;4750;;0.8122105263157895;0.9589858314690529;0.8122105263157895;0.8795166989627267;3858;165;892
841;sweatshirt;4750;;0.8621052631578947;0.8974358974358975;0.8621052631578947;0.8794158702888436;4095;468;655
826;stopwatch;4750;;0.8090526315789474;0.9631578947368421;0.8090526315789474;0.8794050343249428;3843;147;907
57;garter_snake;4750;;0.8092631578947368;0.9626846982218883;0.8092631578947368;0.8793320370582179;3844;149;906
573;go-kart;4750;;0.8949473684210526;0.8640243902439024;0.8949473684210526;0.879214064115822;4251;669;499
522;croquet_ball;4750;;0.9037894736842105;0.8556906517839347;0.9037894736842105;0.8790826251663766;4293;724;457
166;Walker_hound;4750;;0.795578947368421;0.981303557517528;0.795578947368421;0.8787350308103709;3779;72;971
294;brown_bear;4750;;0.9113684210526316;0.8483245149911817;0.9113684210526316;0.8787171419872121;4329;774;421
484;catamaran;4750;;0.7964210526315789;0.9797979797979798;0.7964210526315789;0.8786435954012309;3783;78;967
278;kit_fox;4750;;0.8454736842105263;0.9141816526291828;0.8454736842105263;0.8784862736519742;4016;377;734
703;park_bench;4750;;0.8667368421052631;0.8903546712802768;0.8667368421052631;0.878387027949648;4117;507;633
168;redbone;4750;;0.8427368421052631;0.9162279697871366;0.8427368421052631;0.8779471433271192;4003;366;747
830;stretcher;4750;;0.8122105263157895;0.9549504950495049;0.8122105263157895;0.8778156996587031;3858;182;892
601;hoopskirt;4750;;0.8583157894736843;0.8978198634661969;0.8583157894736843;0.877623506619309;4077;464;673
872;tripod;4750;;0.8406315789473684;0.9177200643530223;0.8406315789473684;0.8774859905504889;3993;358;757
133;bittern;4750;;0.795578947368421;0.9777490297542044;0.795578947368421;0.877307022634939;3779;86;971
665;moped;4750;;0.7962105263157895;0.9767561983471075;0.7962105263157895;0.8772906518209231;3782;90;968
834;suit;4750;;0.867578947368421;0.886808693780934;0.867578947368421;0.8770884324784506;4121;526;629
463;bucket;4750;;0.8338947368421052;0.9248190520663087;0.8338947368421052;0.8770065316063324;3961;322;789
531;digital_watch;4750;;0.828421052631579;0.9311405584477047;0.828421052631579;0.8767825311942958;3935;291;815
777;scabbard;4750;;0.8389473684210527;0.9177798249654537;0.8389473684210527;0.8765948086229652;3985;357;765
808;sombrero;4750;;0.8416842105263158;0.9142465126915161;0.8416842105263158;0.8764660747561109;3998;375;752
693;paddle;4750;;0.8029473684210526;0.9638615112458934;0.8029473684210526;0.8760767198805558;3814;143;936
866;tractor;4750;;0.8637894736842106;0.8886722980290231;0.8637894736842106;0.8760542329454468;4103;514;647
882;vacuum;4750;;0.8126315789473684;0.9498031496062992;0.8126315789473684;0.875879282958929;3860;204;890
75;black_widow;4750;;0.8482105263157895;0.9051898449786565;0.8482105263157895;0.8757743723508314;4029;422;721
169;borzoi;4750;;0.8888421052631579;0.8628653178009401;0.8888421052631579;0.8756611013170175;4222;671;528
523;crutch;4750;;0.8338947368421052;0.9218059111007679;0.8338947368421052;0.8756493865369734;3961;336;789
823;stethoscope;4750;;0.8151578947368421;0.9455433455433455;0.8151578947368421;0.8755228942905596;3872;223;878
957;pomegranate;4750;;0.8244210526315789;0.9330474148201096;0.8244210526315789;0.8753772214149994;3916;281;834
981;ballplayer;4750;;0.8877894736842106;0.8632548618219038;0.8877894736842106;0.875350285417748;4217;668;533
63;Indian_cobra;4750;;0.8143157894736842;0.9461839530332681;0.8143157894736842;0.8753111563702195;3868;220;882
837;sunglasses;4750;;0.8130526315789474;0.9477300613496933;0.8130526315789474;0.8752407932011332;3862;213;888
491;chain_saw;4750;;0.8473684210526315;0.9049010791366906;0.8473684210526315;0.8751902587519026;4025;423;725
877;turnstile;4750;;0.8494736842105263;0.9022808586762076;0.8494736842105263;0.8750813272608979;4035;437;715
280;grey_fox;4750;;0.8357894736842105;0.9181313598519889;0.8357894736842105;0.8750275512453163;3970;354;780
802;snowmobile;4750;;0.836421052631579;0.9171283471837488;0.836421052631579;0.8749174190706893;3973;359;777
205;flat-coated_retriever;4750;;0.8132631578947368;0.9465817201666258;0.8132631578947368;0.8748726078586796;3863;218;887
984;rapeseed;4750;;0.9431578947368421;0.8155834698707446;0.9431578947368421;0.8747437274236064;4480;1013;270
781;scoreboard;4750;;0.8646315789473684;0.8849385908209437;0.8646315789473684;0.874667234586306;4107;534;643
213;Irish_setter;4750;;0.8282105263157895;0.9265190767781442;0.8282105263157895;0.8746109381947532;3934;312;816
271;red_wolf;4750;;0.8410526315789474;0.9108527131782945;0.8410526315789474;0.8745621716287215;3995;391;755
589;hand_blower;4750;;0.8155789473684211;0.9423497932376551;0.8155789473684211;0.874393409321747;3874;237;876
517;crane;4750;;0.8522105263157894;0.8969643252825171;0.8522105263157894;0.8740148979812155;4048;465;702
362;badger;4750;;0.8471578947368421;0.9022421524663677;0.8471578947368421;0.8738327904451683;4024;436;726
688;oscilloscope;4750;;0.8728421052631579;0.8746835443037975;0.8728421052631579;0.8737618545837724;4146;594;604
748;purse;4750;;0.7901052631578948;0.9768349817803228;0.7901052631578948;0.8736033519553071;3753;89;997
187;Yorkshire_terrier;4750;;0.8273684210526315;0.9251412429378532;0.8273684210526315;0.8735274505445654;3930;318;820
661;Model_T;4750;;0.8490526315789474;0.8994201605709188;0.8490526315789474;0.8735109378384233;4033;451;717
906;Windsor_tie;4750;;0.8183157894736842;0.9361753371868978;0.8183157894736842;0.8732869018198157;3887;265;863
400;academic_gown;4750;;0.8353684210526315;0.9142857142857143;0.8353684210526315;0.873047304730473;3968;372;782
83;prairie_chicken;4750;;0.8732631578947369;0.872161480235492;0.8732631578947369;0.8727119713864927;4148;608;602
716;picket_fence;4750;;0.8751578947368421;0.8702114297676365;0.8751578947368421;0.8726776529862497;4157;620;593
117;chambered_nautilus;4750;;0.8391578947368421;0.9088007295941632;0.8391578947368421;0.8725919439579685;3986;400;764
564;four-poster;4750;;0.8033684210526316;0.9547160370277709;0.8033684210526316;0.8725277237910141;3816;181;934
176;Saluki;4750;;0.8547368421052631;0.890937019969278;0.8547368421052631;0.8724615880520038;4060;497;690
366;gorilla;4750;;0.828;0.9219409282700421;0.828;0.8724489795918366;3933;333;817
610;jersey;4750;;0.8776842105263158;0.866916198793928;0.8776842105263158;0.8722669735327963;4169;640;581
840;swab;4750;;0.8471578947368421;0.8986154533273782;0.8471578947368421;0.8721283051582142;4024;454;726
134;crane;4750;;0.7901052631578948;0.9730360383717915;0.7901052631578948;0.8720808644126874;3753;104;997
638;maillot;4750;;0.8242105263157895;0.9257507685031923;0.8242105263157895;0.8720347477447378;3915;314;835
807;solar_dish;4750;;0.8126315789473684;0.9407750426517183;0.8126315789473684;0.872020783915057;3860;243;890
907;wine_bottle;4750;;0.8303157894736842;0.9176361098185203;0.8303157894736842;0.8717948717948718;3944;354;806
147;grey_whale;4750;;0.8610526315789474;0.8824163969795038;0.8610526315789474;0.8716036228023442;4090;545;660
699;panpipe;4750;;0.8128421052631579;0.9394160583941605;0.8128421052631579;0.8715575620767495;3861;249;889
672;mountain_tent;4750;;0.8581052631578947;0.8845486111111112;0.8581052631578947;0.8711263090403932;4076;532;674
160;Afghan_hound;4750;;0.8378947368421052;0.9061930783242259;0.8378947368421052;0.870706628746445;3980;412;770
502;clog;4750;;0.8351578947368421;0.9084039386306388;0.8351578947368421;0.87024240429966;3967;400;783
418;ballpoint;4750;;0.8418947368421053;0.9004728664715155;0.8418947368421053;0.8701991078228702;3999;442;751
627;limousine;4750;;0.8309473684210527;0.9132346136048126;0.8309473684210527;0.8701499118165785;3947;375;803
667;mortarboard;4750;;0.7924210526315789;0.964633521271143;0.7924210526315789;0.8700878409616274;3764;138;986
675;moving_van;4750;;0.8138947368421052;0.9344935943920716;0.8138947368421052;0.8700348824125127;3866;271;884
257;Great_Pyrenees;4750;;0.796;0.9591577879249112;0.796;0.8699953980671883;3781;161;969
437;beacon;4750;;0.8345263157894737;0.9083409715857012;0.8345263157894737;0.8698705288567039;3964;400;786
155;Shih-Tzu;4750;;0.8023157894736842;0.9491905354919054;0.8023157894736842;0.869594980034227;3811;204;939
411;apron;4750;;0.8248421052631579;0.9192867198498358;0.8248421052631579;0.8695073235685752;3918;344;832
780;schooner;4750;;0.8703157894736843;0.8686698886320655;0.8703157894736843;0.8694920601535387;4134;625;616
566;French_horn;4750;;0.784;0.9756353156929526;0.784;0.8693825142990546;3724;93;1026
281;tabby;4750;;0.8410526315789474;0.8995721684305337;0.8410526315789474;0.8693286911108693;3995;446;755
311;grasshopper;4750;;0.7947368421052632;0.9593392630241423;0.7947368421052632;0.8693149107656879;3775;160;975
409;analog_clock;4750;;0.8309473684210527;0.9113368737012237;0.8309473684210527;0.8692875234005065;3947;384;803
632;loudspeaker;4750;;0.8208421052631579;0.9237147595356551;0.8208421052631579;0.8692453461152603;3899;322;851
914;yawl;4750;;0.8166315789473684;0.9291017964071856;0.8166315789473684;0.8692436974789916;3879;296;871
464;buckle;4750;;0.8178947368421052;0.9274289806636429;0.8178947368421052;0.8692247454972591;3885;304;865
842;swimming_trunks;4750;;0.8511578947368421;0.8877909530083443;0.8511578947368421;0.8690885640584696;4043;511;707
441;beer_glass;4750;;0.8608421052631579;0.8774678111587982;0.8608421052631579;0.8690754516471837;4089;571;661
714;pick;4750;;0.9128421052631579;0.8292216484987569;0.9128421052631579;0.8690249524000401;4336;893;414
729;plate_rack;4750;;0.8071578947368421;0.9410898379970545;0.8071578947368421;0.8689936536718041;3834;240;916
486;cello;4750;;0.7865263157894736;0.9706417251234086;0.7865263157894736;0.868938248633562;3736;113;1014
412;ashcan;4750;;0.8393684210526315;0.9006098938332957;0.8393684210526315;0.8689114089571754;3987;440;763
41;whiptail;4750;;0.8010526315789473;0.9491144923921178;0.8010526315789473;0.8688206416257562;3805;204;945
456;bow;4750;;0.8618947368421053;0.8755346449957229;0.8618947368421053;0.868661150010609;4094;582;656
239;Bernese_mountain_dog;4750;;0.8526315789473684;0.8852459016393442;0.8526315789473684;0.8686327077747988;4050;525;700
236;Doberman;4750;;0.8637894736842106;0.873350361856109;0.8637894736842106;0.8685436071126165;4103;595;647
734;police_van;4750;;0.8252631578947368;0.9165302782324058;0.8252631578947368;0.8685055943281267;3920;357;830
444;bicycle-built-for-two;4750;;0.8753684210526316;0.8615830915872358;0.8753684210526316;0.868421052631579;4158;668;592
590;hand-held_computer;4750;;0.7848421052631579;0.9718456725755996;0.7848421052631579;0.868390402981598;3728;108;1022
258;Samoyed;4750;;0.8827368421052632;0.854493580599144;0.8827368421052632;0.8683856270063166;4193;714;557
725;pitcher;4750;;0.8583157894736843;0.8782852218871177;0.8583157894736843;0.8681856899488927;4077;565;673
406;altar;4750;;0.812;0.9325435203094777;0.812;0.8681071348188161;3857;279;893
342;wild_boar;4750;;0.8416842105263158;0.896010757507844;0.8416842105263158;0.8679982631350412;3998;464;752
615;knee_pad;4750;;0.8589473684210527;0.8772307030746076;0.8589473684210527;0.867992766726944;4080;571;670
859;toaster;4750;;0.8271578947368421;0.9128717472118959;0.8271578947368421;0.8679036889772477;3929;375;821
401;accordion;4750;;0.8206315789473684;0.9208599102291519;0.8206315789473684;0.8678615161972615;3898;335;852
548;entertainment_center;4750;;0.8507368421052631;0.8856015779092702;0.8507368421052631;0.8678191774938259;4041;522;709
588;hamper;4750;;0.8208421052631579;0.9204438149197356;0.8208421052631579;0.8677943467616293;3899;337;851
740;power_drill;4750;;0.7970526315789473;0.9522132796780685;0.7970526315789473;0.8677515471006187;3786;190;964
154;Pekinese;4750;;0.8113684210526316;0.9322689888727624;0.8113684210526316;0.8676271949572265;3854;280;896
822;steel_drum;4750;;0.8305263157894737;0.9079401611047181;0.8305263157894737;0.8675096206706981;3945;400;805
383;Madagascar_cat;4750;;0.8427368421052631;0.8937262781870954;0.8427368421052631;0.8674829342290606;4003;476;747
515;cowboy_hat;4750;;0.8336842105263158;0.9041095890410958;0.8336842105263158;0.8674698795180723;3960;420;790
790;shopping_basket;4750;;0.8261052631578948;0.9129827826896231;0.8261052631578948;0.8673740053050398;3924;374;826
775;sarong;4750;;0.8357894736842105;0.9012485811577753;0.8357894736842105;0.8672856362643364;3970;435;780
322;ringlet;4750;;0.8802105263157894;0.8537880334898917;0.8802105263157894;0.8667979682802944;4181;716;569
479;car_wheel;4750;;0.8532631578947368;0.8807040417209909;0.8532631578947368;0.8667664670658684;4053;549;697
706;patio;4750;;0.8061052631578948;0.9371023005384239;0.8061052631578948;0.8666817564508827;3829;257;921
761;remote_control;4750;;0.8204210526315789;0.9184539241102994;0.8204210526315789;0.8666740798398755;3897;346;853
982;groom;4750;;0.7997894736842105;0.945730644759771;0.7997894736842105;0.8666590623930649;3799;218;951
477;carpenter's_kit;4750;;0.8132631578947368;0.9270458363330933;0.8132631578947368;0.8664348996299205;3863;304;887
165;black-and-tan_coonhound;4750;;0.8147368421052632;0.9245102723363593;0.8147368421052632;0.8661593554162936;3870;316;880
565;freight_car;4750;;0.9086315789473685;0.8274539877300614;0.9086315789473685;0.8661448926349589;4316;900;434
938;cauliflower;4750;;0.7932631578947369;0.9536826119969628;0.7932631578947369;0.8661073439834502;3768;183;982
754;radio;4750;;0.7886315789473685;0.9595286885245902;0.7886315789473685;0.8657268315229951;3746;158;1004
721;pillow;4750;;0.8642105263157894;0.8667652027027027;0.8642105263157894;0.8654859793379718;4105;631;645
82;ruffed_grouse;4750;;0.796;0.9480942828485457;0.796;0.8654154268711376;3781;207;969
224;groenendael;4750;;0.8290526315789474;0.9050792921167548;0.8290526315789474;0.8653994066586089;3938;413;812
744;projectile;4750;;0.7850526315789473;0.9640641158221303;0.7850526315789473;0.8653980041773033;3729;139;1021
557;flagpole;4750;;0.816;0.9211026615969582;0.816;0.8653717347622236;3876;332;874
171;Italian_greyhound;4750;;0.8530526315789474;0.8778162911611785;0.8530526315789474;0.865257313687807;4052;564;698
320;damselfly;4750;;0.8631578947368421;0.8669909071685346;0.8631578947368421;0.8650701550796498;4100;629;650
897;washer;4750;;0.8077894736842105;0.9306330341983993;0.8077894736842105;0.8648709568353432;3837;286;913
490;chain_mail;4750;;0.78;0.9704033525405972;0.78;0.8648459383753502;3705;113;1045
352;impala;4750;;0.8309473684210527;0.901553220648698;0.8309473684210527;0.8648115687992989;3947;431;803
71;scorpion;4750;;0.7987368421052632;0.9419066534260179;0.7987368421052632;0.8644338118022328;3794;234;956
778;scale;4750;;0.7806315789473685;0.9676409185803758;0.7806315789473685;0.8641342344441855;3708;124;1042
259;Pomeranian;4750;;0.8848421052631579;0.8443149859381278;0.8848421052631579;0.8641036184210528;4203;775;547
939;zucchini;4750;;0.788;0.9563106796116505;0.788;0.8640350877192983;3743;171;1007
368;gibbon;4750;;0.8126315789473684;0.9223416965352449;0.8126315789473684;0.864017907106883;3860;325;890
941;acorn_squash;4750;;0.7823157894736842;0.9646936656282451;0.7823157894736842;0.8639851197395955;3716;136;1034
365;orangutan;4750;;0.8541052631578947;0.8739767341663076;0.8541052631578947;0.8639267461669506;4057;585;693
445;bikini;4750;;0.852421052631579;0.8756487889273357;0.852421052631579;0.8638788137401323;4049;575;701
292;tiger;4750;;0.8688421052631579;0.8588969823100937;0.8688421052631579;0.8638409209837782;4127;678;623
514;cowboy_boot;4750;;0.7884210526315789;0.9551134914562611;0.7884210526315789;0.8637988697958712;3745;176;1005
495;china_cabinet;4750;;0.8181052631578948;0.9139228598306679;0.8181052631578948;0.863363696956232;3886;366;864
765;rocking_chair;4750;;0.8652631578947368;0.8612740989103101;0.8652631578947368;0.8632640201638311;4110;662;640
993;gyromitra;4750;;0.8909473684210526;0.837190900098912;0.8909473684210526;0.8632330443651198;4232;823;518
201;silky_terrier;4750;;0.8383157894736842;0.889037731636526;0.8383157894736842;0.8629320619785459;3982;497;768
697;pajama;4750;;0.8147368421052632;0.9159763313609467;0.8147368421052632;0.8623955431754875;3870;355;880
202;soft-coated_wheaten_terrier;4750;;0.7962105263157895;0.9405620492414822;0.7962105263157895;0.862387413065785;3782;239;968
246;Great_Dane;4750;;0.7694736842105263;0.9798927613941019;0.7694736842105263;0.8620283018867925;3655;75;1095
219;cocker_spaniel;4750;;0.7970526315789473;0.9382899628252788;0.7970526315789473;0.8619237336368811;3786;249;964
574;golf_ball;4750;;0.8290526315789474;0.8970387243735763;0.8290526315789474;0.8617067833698031;3938;452;812
427;barrel;4750;;0.8751578947368421;0.8485405184731578;0.8751578947368421;0.8616436936470101;4157;742;593
448;birdhouse;4750;;0.9077894736842105;0.8199277429169044;0.9077894736842105;0.8616245379158757;4312;947;438
379;howler_monkey;4750;;0.8197894736842105;0.9079039403124272;0.8197894736842105;0.861599734483903;3894;395;856
423;barber_chair;4750;;0.8376842105263158;0.886784042790283;0.8376842105263158;0.8615351304536105;3979;508;771
367;chimpanzee;4750;;0.7943157894736842;0.9411324519830382;0.7943157894736842;0.8615138714465121;3773;236;977
501;cloak;4750;;0.8273684210526315;0.8980804387568556;0.8273684210526315;0.8612754766600921;3930;446;820
592;hard_disc;4750;;0.812;0.9168053244592346;0.812;0.8612258568717206;3857;350;893
504;coffee_mug;4750;;0.8126315789473684;0.9153426606592364;0.8126315789473684;0.860934537749526;3860;357;890
892;wall_clock;4750;;0.8387368421052631;0.8839582871089416;0.8387368421052631;0.8607540239818515;3984;523;766
330;wood_rabbit;4750;;0.8789473684210526;0.8430936995153473;0.8789473684210526;0.8606472892187177;4175;777;575
635;magnetic_compass;4750;;0.7949473684210526;0.9379036264282166;0.7949473684210526;0.8605287146763901;3776;250;974
617;lab_coat;4750;;0.8225263157894737;0.9018928901200369;0.8225263157894737;0.8603831755120018;3907;425;843
422;barbell;4750;;0.8056842105263158;0.9228357849047504;0.8056842105263158;0.860289985388333;3827;320;923
869;trench_coat;4750;;0.8254736842105264;0.8980760421438387;0.8254736842105264;0.8602457218078104;3921;445;829
640;manhole_cover;4750;;0.7894736842105263;0.9445843828715366;0.7894736842105263;0.8600917431192661;3750;220;1000
709;pencil_box;4750;;0.7833684210526316;0.9533692031770433;0.7833684210526316;0.860048538079279;3721;182;1029
254;pug;4750;;0.8290526315789474;0.8929705215419501;0.8290526315789474;0.8598253275109171;3938;472;812
256;Newfoundland;4750;;0.808;0.9186213499281953;0.808;0.8597670250896058;3838;340;912
800;slot;4750;;0.8989473684210526;0.8238471927455142;0.8989473684210526;0.8597603946441156;4270;913;480
587;hammer;4750;;0.783157894736842;0.9528688524590164;0.783157894736842;0.8597180494568987;3720;184;1030
230;Shetland_sheepdog;4750;;0.8130526315789474;0.9119244391971665;0.8130526315789474;0.859654980523094;3862;373;888
269;timber_wolf;4750;;0.8277894736842105;0.8938395089793135;0.8277894736842105;0.8595474915291288;3932;467;818
335;fox_squirrel;4750;;0.7861052631578948;0.947956334094948;0.7861052631578948;0.85947750028772;3734;205;1016
310;ant;4750;;0.8191578947368421;0.9038327526132404;0.8191578947368421;0.8594146880176698;3891;414;859
608;jean;4750;;0.8429473684210527;0.8763405559203327;0.8429473684210527;0.8593196694924349;4004;565;746
618;ladle;4750;;0.7892631578947369;0.942907444668008;0.7892631578947369;0.8592711437084575;3749;227;1001
403;aircraft_carrier;4750;;0.8336842105263158;0.8859060402684564;0.8336842105263158;0.859002169197397;3960;510;790
551;face_powder;4750;;0.8178947368421052;0.9043296089385475;0.8178947368421052;0.8589431793057705;3885;411;865
293;cheetah;4750;;0.8574736842105263;0.8603717786227292;0.8574736842105263;0.8589202867988192;4073;661;677
324;cabbage_butterfly;4750;;0.7907368421052632;0.93993993993994;0.7907368421052632;0.8589069288817747;3756;240;994
42;agama;4750;;0.7717894736842106;0.9675376088677752;0.7717894736842106;0.8586485536948121;3666;123;1084
318;lacewing;4750;;0.8025263157894736;0.9227789881384653;0.8025263157894736;0.858461884922869;3812;319;938
122;American_lobster;4750;;0.8054736842105263;0.9188280499519692;0.8054736842105263;0.8584249495176128;3826;338;924
39;common_iguana;4750;;0.7707368421052632;0.9682623644538482;0.7707368421052632;0.8582815613644356;3661;120;1089
521;Crock_Pot;4750;;0.7974736842105263;0.9291145450085847;0.7974736842105263;0.8582757448736831;3788;289;962
651;microwave;4750;;0.7983157894736842;0.9273661041819515;0.7983157894736842;0.8580156126258627;3792;297;958
789;shoji;4750;;0.840421052631579;0.8760149220978714;0.840421052631579;0.8578489309122167;3992;565;758
583;guillotine;4750;;0.8258947368421052;0.8921992267455083;0.8258947368421052;0.8577675740680004;3923;474;827
343;warthog;4750;;0.8071578947368421;0.9148174659985684;0.8071578947368421;0.857622189911643;3834;357;916
375;colobus;4750;;0.7684210526315789;0.9702286018075492;0.7684210526315789;0.8576127819548872;3650;112;1100
191;Airedale;4750;;0.8206315789473684;0.8979497811564155;0.8206315789473684;0.857551424485755;3898;443;852
222;kuvasz;4750;;0.828;0.8884120171673819;0.828;0.8571428571428571;3933;494;817
759;reflex_camera;4750;;0.8669473684210526;0.8473251028806584;0.8669473684210526;0.8570239334027054;4118;742;632
554;fireboat;4750;;0.8296842105263158;0.8862154261299753;0.8296842105263158;0.8570185930194629;3941;506;809
373;macaque;4750;;0.7698947368421053;0.9661822985468956;0.7698947368421053;0.8569420035149385;3657;128;1093
572;goblet;4750;;0.8465263157894737;0.867529665587918;0.8465263157894737;0.8568993074054342;4021;614;729
482;cassette_player;4750;;0.7797894736842105;0.9507186858316222;0.7797894736842105;0.8568123987971317;3704;192;1046
414;backpack;4750;;0.7846315789473685;0.9430668016194332;0.7846315789473685;0.856584693173983;3727;225;1023
804;soap_dispenser;4750;;0.7932631578947369;0.9303703703703704;0.7932631578947369;0.8563636363636364;3768;282;982
331;hare;4750;;0.7949473684210526;0.9279921356598673;0.7949473684210526;0.8563329175643496;3776;293;974
710;pencil_sharpener;4750;;0.8353684210526315;0.8774878372401592;0.8353684210526315;0.8559102674719586;3968;554;782
639;maillot;4750;;0.8541052631578947;0.8571730403549546;0.8541052631578947;0.855636401982495;4057;676;693
188;wire-haired_fox_terrier;4750;;0.8330526315789474;0.8793333333333333;0.8330526315789474;0.8555675675675677;3957;543;793
853;thatch;4750;;0.8692631578947368;0.8416225030574807;0.8692631578947368;0.8552195526097763;4129;777;621
48;Komodo_dragon;4750;;0.7705263157894737;0.9606299212598425;0.7705263157894737;0.8551401869158879;3660;150;1090
432;bassoon;4750;;0.7932631578947369;0.9273935515628846;0.7932631578947369;0.8551004198343357;3768;295;982
747;punching_bag;4750;;0.8075789473684211;0.9077141504969238;0.8075789473684211;0.8547237076648841;3836;390;914
360;otter;4750;;0.7789473684210526;0.946775844421699;0.7789473684210526;0.8547008547008546;3700;208;1050
719;piggy_bank;4750;;0.895578947368421;0.8171340760660776;0.895578947368421;0.8545600642828445;4254;952;496
649;megalith;4750;;0.8244210526315789;0.8867753623188406;0.8244210526315789;0.8544621427012873;3916;500;834
758;reel;4750;;0.8322105263157895;0.8778592049744615;0.8322105263157895;0.8544255916999893;3953;550;797
40;American_chameleon;4750;;0.7985263157894736;0.9170696324951644;0.7985263157894736;0.8537024532973216;3793;343;957
814;speedboat;4750;;0.8941052631578947;0.8167307692307693;0.8941052631578947;0.8536683417085428;4247;953;503
952;fig;4750;;0.8610526315789474;0.8460901944559371;0.8610526315789474;0.8535058430717863;4090;744;660
584;hair_slide;4750;;0.8488421052631578;0.8576898532227186;0.8488421052631578;0.853243043064226;4032;669;718
600;hook;4750;;0.8010526315789473;0.9122512586909614;0.8010526315789473;0.8530433807869072;3805;366;945
398;abacus;4750;;0.8547368421052631;0.8511530398322851;0.8547368421052631;0.8529411764705882;4060;710;690
380;titi;4750;;0.7861052631578948;0.9321018472291562;0.7861052631578948;0.8529008679762448;3734;272;1016
676;muzzle;4750;;0.7882105263157895;0.9290322580645162;0.7882105263157895;0.8528473804100227;3744;286;1006
827;stove;4750;;0.8248421052631579;0.8816381638163816;0.8248421052631579;0.852294974983685;3918;526;832
858;tile_roof;4750;;0.8810526315789474;0.8252810096627884;0.8810526315789474;0.852255371143468;4185;886;565
209;Chesapeake_Bay_retriever;4750;;0.8309473684210527;0.8745845335696876;0.8309473684210527;0.8522077080859333;3947;566;803
38;banded_gecko;4750;;0.7610526315789473;0.9678714859437751;0.7610526315789473;0.8520919269298762;3615;120;1135
28;spotted_salamander;4750;;0.7808421052631579;0.937089439110662;0.7808421052631579;0.8518603582912265;3709;249;1041
622;lens_cap;4750;;0.771578947368421;0.9502203785325383;0.771578947368421;0.8516323922388752;3665;192;1085
899;water_jug;4750;;0.764421052631579;0.9605820105820105;0.764421052631579;0.8513481828839391;3631;149;1119
813;spatula;4750;;0.7793684210526316;0.9379275399037243;0.7793684210526316;0.8513280441531563;3702;245;1048
396;lionfish;4750;;0.8562105263157894;0.8464099895941727;0.8562105263157894;0.8512820512820513;4067;738;683
943;cucumber;4750;;0.8216842105263158;0.8830316742081448;0.8216842105263158;0.8512540894220283;3903;517;847
37;box_turtle;4750;;0.7867368421052632;0.9272952853598014;0.7867368421052632;0.85125284738041;3737;293;1013
338;guinea_pig;4750;;0.8277894736842105;0.8759189128981956;0.8277894736842105;0.8511743695205108;3932;557;818
538;dome;4750;;0.8985263157894737;0.8084864557681379;0.8985263157894737;0.8511317180177485;4268;1011;482
816;spindle;4750;;0.907157894736842;0.8015252976190477;0.907157894736842;0.8510764368951215;4309;1067;441
356;weasel;4750;;0.7543157894736842;0.9762942779291554;0.7543157894736842;0.8510688836104512;3583;87;1167
931;bagel;4750;;0.7846315789473685;0.9296582688949863;0.7846315789473685;0.8510103893138486;3727;282;1023
889;violin;4750;;0.8035789473684211;0.9038598152971821;0.8035789473684211;0.8507745458598016;3817;406;933
289;snow_leopard;4750;;0.8212631578947368;0.8815819209039548;0.8212631578947368;0.8503542234332425;3901;524;849
898;water_bottle;4750;;0.7793684210526316;0.935557240333586;0.7793684210526316;0.8503502928678075;3702;255;1048
459;brassiere;4750;;0.8330526315789474;0.8681439227731461;0.8330526315789474;0.850236355822948;3957;601;793
579;grand_piano;4750;;0.7892631578947369;0.9213565986728927;0.7892631578947369;0.8502097743508336;3749;320;1001
252;affenpinscher;4750;;0.8471578947368421;0.8532654792196777;0.8471578947368421;0.8502007183604479;4024;692;726
493;chiffonier;4750;;0.8056842105263158;0.899412455934195;0.8056842105263158;0.8499722376457522;3827;428;923
833;submarine;4750;;0.8166315789473684;0.8854142889751199;0.8166315789473684;0.8496331179498413;3879;502;871
731;plunger;4750;;0.7867368421052632;0.923400049419323;0.7867368421052632;0.8496078208480164;3737;310;1013
485;CD_player;4750;;0.7865263157894736;0.9236093943139678;0.7865263157894736;0.8495736213757816;3736;309;1014
199;Scotch_terrier;4750;;0.7941052631578948;0.913317191283293;0.7941052631578948;0.8495495495495496;3772;358;978
228;komondor;4750;;0.8557894736842105;0.8433609958506224;0.8557894736842105;0.8495297805642633;4065;755;685
272;coyote;4750;;0.8048421052631579;0.8993178075746883;0.8048421052631579;0.8494611709810022;3823;428;927
212;English_setter;4750;;0.7945263157894736;0.9124758220502901;0.7945263157894736;0.849426063470628;3774;362;976
752;racket;4750;;0.9147368421052632;0.7925939438161255;0.9147368421052632;0.8492963252541047;4345;1137;405
691;oxygen_mask;4750;;0.7517894736842106;0.9756830601092896;0.7517894736842106;0.8492271105826398;3571;89;1179
436;beach_wagon;4750;;0.8671578947368421;0.8319531407796404;0.8671578947368421;0.8491908050716421;4119;832;631
370;guenon;4750;;0.7418947368421053;0.9926760563380281;0.7418947368421053;0.8491566265060241;3524;26;1226
947;mushroom;4750;;0.7536842105263157;0.9722976643128735;0.7536842105263157;0.8491461100569261;3580;102;1170
345;ox;4750;;0.7425263157894737;0.9910087103118853;0.7425263157894737;0.8489589601636779;3527;32;1223
421;bannister;4750;;0.8416842105263158;0.8561027837259101;0.8416842105263158;0.8488322717622081;3998;672;752
602;horizontal_bar;4750;;0.7858947368421053;0.9217283950617284;0.7858947368421053;0.8484090909090909;3733;317;1017
968;cup;4750;;0.7852631578947369;0.9225822409102152;0.7852631578947369;0.8484021380643695;3730;313;1020
234;Rottweiler;4750;;0.8261052631578948;0.8718062652743834;0.8261052631578948;0.8483407199221704;3924;577;826
951;lemon;4750;;0.7738947368421053;0.9382337927514037;0.7738947368421053;0.8481772035071528;3676;242;1074
333;hamster;4750;;0.8776842105263158;0.8205077740602243;0.8776842105263158;0.8481334553961957;4169;912;581
132;American_egret;4750;;0.8856842105263157;0.8126327989182924;0.8856842105263157;0.8475873879319029;4207;970;543
918;crossword_puzzle;4750;;0.8056842105263158;0.8939500116795142;0.8056842105263158;0.8475251910087477;3827;454;923
543;dumbbell;4750;;0.8526315789473684;0.841995841995842;0.8526315789473684;0.8472803347280334;4050;760;700
887;vestment;4750;;0.8296842105263158;0.8655831320008786;0.8296842105263158;0.8472535741158765;3941;612;809
519;crate;4750;;0.8206315789473684;0.8749719416386083;0.8206315789473684;0.8469310157523084;3898;557;852
120;fiddler_crab;4750;;0.7804210526315789;0.9255930087390761;0.7804210526315789;0.8468303826384924;3707;298;1043
596;hatchet;4750;;0.7909473684210526;0.9107878787878788;0.7909473684210526;0.8466478873239437;3757;368;993
214;Gordon_setter;4750;;0.8151578947368421;0.8802000454648784;0.8151578947368421;0.8464313039676468;3872;527;878
378;capuchin;4750;;0.8176842105263158;0.8767494356659142;0.8176842105263158;0.8461873638344227;3884;546;866
241;EntleBucher;4750;;0.8926315789473684;0.8042488619119879;0.8926315789473684;0.8461384953103174;4240;1032;510
809;soup_bowl;4750;;0.7770526315789473;0.9285534591194968;0.7770526315789473;0.8460744985673352;3691;284;1059
836;sunglass;4750;;0.8296842105263158;0.8629297131596234;0.8296842105263158;0.8459804658151765;3941;626;809
791;shopping_cart;4750;;0.8105263157894737;0.8844475074661153;0.8105263157894737;0.8458749862682632;3850;503;900
647;measuring_cup;4750;;0.744;0.9797615747158304;0.744;0.845758047146105;3534;73;1216
678;neck_brace;4750;;0.7949473684210526;0.9033492822966507;0.7949473684210526;0.8456886898096304;3776;404;974
966;red_wine;4750;;0.8292631578947368;0.8626806833114323;0.8292631578947368;0.8456419063975955;3939;627;811
720;pill_bottle;4750;;0.8176842105263158;0.8753662384494028;0.8176842105263158;0.8455426145640579;3884;553;866
498;cinema;4750;;0.8486315789473684;0.8424242424242424;0.8486315789473684;0.8455165180912428;4031;754;719
413;assault_rifle;4750;;0.832;0.8593172428788867;0.832;0.845438014760937;3952;647;798
204;Lhasa;4750;;0.7768421052631579;0.9266700150678051;0.7768421052631579;0.8451672010994046;3690;292;1060
963;pizza;4750;;0.791578947368421;0.9053696123284373;0.791578947368421;0.8446591036729192;3760;393;990
620;laptop;4750;;0.8218947368421052;0.8687138406764575;0.8218947368421052;0.8446559930765901;3904;590;846
845;syringe;4750;;0.7888421052631579;0.908804268736357;0.7888421052631579;0.8445846951425674;3747;376;1003
424;barbershop;4750;;0.7997894736842105;0.8943032015065914;0.7997894736842105;0.8444098688597466;3799;449;951
867;trailer_truck;4750;;0.8871578947368421;0.8052742212879801;0.8871578947368421;0.8442351998397275;4214;1019;536
443;bib;4750;;0.8069473684210526;0.8850150080812745;0.8069473684210526;0.8441801563704437;3833;498;917
81;ptarmigan;4750;;0.8084210526315789;0.8831646734130635;0.8084210526315789;0.8441415695757308;3840;508;910
875;trombone;4750;;0.7627368421052632;0.944473409801877;0.7627368421052632;0.8439319822967623;3623;213;1127
690;oxcart;4750;;0.7745263157894737;0.926933736457546;0.7745263157894737;0.8439041174446612;3679;290;1071
772;safety_pin;4750;;0.7850526315789473;0.9121819960861057;0.7850526315789473;0.843856076035302;3729;359;1021
730;plow;4750;;0.8012631578947368;0.8911261999531725;0.8012631578947368;0.8438088903669215;3806;465;944
505;coffeepot;4750;;0.8069473684210526;0.8841983852364476;0.8069473684210526;0.843808475509081;3833;502;917
630;Loafer;4750;;0.8425263157894737;0.8450168918918919;0.8425263157894737;0.8437697659709045;4002;734;748
520;crib;4750;;0.8075789473684211;0.8832604190651623;0.8075789473684211;0.8437259430331023;3836;507;914
304;leaf_beetle;4750;;0.808;0.8827046918123275;0.808;0.8437019125082436;3838;510;912
197;giant_schnauzer;4750;;0.7692631578947369;0.9340490797546013;0.7692631578947369;0.843685061186793;3654;258;1096
689;overskirt;4750;;0.8164210526315789;0.8724409448818897;0.8164210526315789;0.8435019032082653;3878;567;872
312;cricket;4750;;0.7488421052631579;0.9655266015200868;0.7488421052631579;0.8434906331515295;3557;127;1193
585;hair_spray;4750;;0.7717894736842106;0.9295131845841785;0.7717894736842106;0.8433402346445824;3666;278;1084
787;shield;4750;;0.7949473684210526;0.8977650974797908;0.7949473684210526;0.8432335864225101;3776;430;974
650;microphone;4750;;0.8122105263157895;0.8762207585736997;0.8122105263157895;0.843002294329728;3858;545;892
114;slug;4750;;0.7642105263157895;0.9396841832772457;0.7642105263157895;0.8429118773946361;3630;233;1120
671;mountain_bike;4750;;0.8642105263157894;0.8218218218218218;0.8642105263157894;0.8424833247819394;4105;890;645
811;space_heater;4750;;0.7591578947368421;0.945464079706345;0.7591578947368421;0.8421298458664176;3606;208;1144
468;cab;4750;;0.8656842105263158;0.8197767145135566;0.8656842105263158;0.8421052631578948;4112;904;638
960;chocolate_sauce;4750;;0.767578947368421;0.9317659085100946;0.767578947368421;0.8417407364654277;3646;267;1104
786;sewing_machine;4750;;0.7909473684210526;0.8992340832934418;0.7909473684210526;0.8416218637992832;3757;421;993
878;typewriter_keyboard;4750;;0.812;0.8734148550724637;0.812;0.841588479162121;3857;559;893
177;Scottish_deerhound;4750;;0.8789473684210526;0.8069192114418245;0.8789473684210526;0.8413945989520354;4175;999;575
595;harvester;4750;;0.8570526315789474;0.8259281801582471;0.8570526315789474;0.8412026035747495;4071;858;679
724;pirate;4750;;0.8574736842105263;0.8254965545196595;0.8574736842105263;0.8411813300289136;4073;861;677
713;photocopier;4750;;0.8267368421052631;0.8561151079136691;0.8267368421052631;0.8411695405376459;3927;660;823
558;flute;4750;;0.7665263157894737;0.9297752808988764;0.7665263157894737;0.8402954073390261;3641;275;1109
896;washbasin;4750;;0.8423157894736842;0.8380812735651445;0.8423157894736842;0.8401931961360772;4001;773;749
835;sundial;4750;;0.7846315789473685;0.9037342386032978;0.7846315789473685;0.839981969799414;3727;397;1023
776;sax;4750;;0.7372631578947368;0.9757592644190582;0.7372631578947368;0.8399088619738578;3502;87;1248
848;tape_player;4750;;0.8105263157894737;0.8712378366146187;0.8105263157894737;0.8397862362307776;3850;569;900
433;bathing_cap;4750;;0.8793684210526316;0.8035782993459023;0.8793684210526316;0.8397667872939284;4177;1021;573
220;Sussex_spaniel;4750;;0.8221052631578948;0.857487922705314;0.8221052631578948;0.8394239036973346;3905;649;845
956;custard_apple;4750;;0.8381052631578947;0.8396962666104197;0.8381052631578947;0.8389000105362975;3981;760;769
36;terrapin;4750;;0.7328421052631579;0.9805633802816901;0.7328421052631579;0.8387951807228915;3481;69;1269
824;stole;4750;;0.7610526315789473;0.9338672177731853;0.7610526315789473;0.8386498086068901;3615;256;1135
864;tow_truck;4750;;0.8263157894736842;0.8512253307308609;0.8263157894736842;0.8385856211943168;3925;686;825
801;snorkel;4750;;0.8593684210526316;0.8185281732504511;0.8593684210526316;0.8384512683578104;4082;905;668
967;espresso;4750;;0.8227368421052632;0.8543944031482291;0.8227368421052632;0.8382668382668383;3908;666;842
372;baboon;4750;;0.7749473684210526;0.9115898959881129;0.7749473684210526;0.8377332726445152;3681;357;1069
337;beaver;4750;;0.791578947368421;0.8895197539626213;0.791578947368421;0.837696335078534;3760;467;990
803;snowplow;4750;;0.8258947368421052;0.8495019488956258;0.8258947368421052;0.8375320239111869;3923;695;827
104;wallaby;4750;;0.7738947368421053;0.9117063492063492;0.7738947368421053;0.8371669323616489;3676;356;1074
888;viaduct;4750;;0.867578947368421;0.8085148126348832;0.867578947368421;0.8370061947801362;4121;976;629
305;dung_beetle;4750;;0.8061052631578948;0.8700295387411952;0.8061052631578948;0.8368484318653698;3829;572;921
718;pier;4750;;0.779578947368421;0.9029504998780785;0.779578947368421;0.8367416111173878;3703;398;1047
969;eggnog;4750;;0.7418947368421053;0.9591725639629831;0.7418947368421053;0.8366571699905033;3524;150;1226
233;Bouvier_des_Flandres;4750;;0.7886315789473685;0.8908442330558859;0.7886315789473685;0.8366275823562256;3746;459;1004
223;schipperke;4750;;0.8397894736842105;0.8331244778613199;0.8397894736842105;0.8364436988886559;3989;799;761
30;bullfrog;4750;;0.8086315789473684;0.8652849740932642;0.8086315789473684;0.8359995646969203;3841;598;909
534;dishwasher;4750;;0.7625263157894737;0.9237439428717164;0.7625263157894737;0.8354284396263406;3622;299;1128
513;cornet;4750;;0.7496842105263158;0.9425622022233986;0.7496842105263158;0.8351313320825516;3561;217;1189
702;parallel_bars;4750;;0.840842105263158;0.8293189368770764;0.840842105263158;0.8350407693915953;3994;822;756
2;great_white_shark;4750;;0.7886315789473685;0.8870471228984135;0.7886315789473685;0.8349492923214087;3746;477;1004
266;miniature_poodle;4750;;0.7654736842105263;0.9181818181818182;0.7654736842105263;0.8349024110218141;3636;324;1114
753;radiator;4750;;0.8511578947368421;0.8185867584531281;0.8511578947368421;0.8345546496026421;4043;896;707
438;beaker;4750;;0.7486315789473684;0.9427359490986215;0.7486315789473684;0.8345458812485332;3556;216;1194
705;passenger_car;4750;;0.7806315789473685;0.896301667875272;0.7806315789473685;0.8344773264318668;3708;429;1042
933;cheeseburger;4750;;0.7587368421052632;0.9267163795320134;0.7587368421052632;0.834355828220859;3604;285;1146
942;butternut_squash;4750;;0.7543157894736842;0.93210197710718;0.7543157894736842;0.833837561089132;3583;261;1167
893;wallet;4750;;0.8;0.8703618873110398;0.8;0.8336989907854321;3800;566;950
410;apiary;4750;;0.8378947368421052;0.8291666666666667;0.8378947368421052;0.8335078534031414;3980;820;770
240;Appenzeller;4750;;0.7423157894736843;0.9493807215939688;0.7423157894736843;0.8331758034026465;3526;188;1224
964;potpie;4750;;0.7553684210526316;0.9288118042971784;0.7553684210526316;0.8331591779867642;3588;275;1162
399;abaya;4750;;0.8414736842105263;0.8249742002063983;0.8414736842105263;0.8331422615945805;3997;848;753
567;frying_pan;4750;;0.7503157894736842;0.9364161849710982;0.7503157894736842;0.8330995792426368;3564;242;1186
391;coho;4750;;0.7941052631578948;0.8753771176607101;0.7941052631578948;0.8327629981234131;3772;537;978
446;binder;4750;;0.7962105263157895;0.8722324723247232;0.7962105263157895;0.8324895443539512;3782;554;968
149;dugong;4750;;0.7945263157894736;0.8742182070882557;0.7945263157894736;0.8324693945075549;3774;543;976
393;anemone_fish;4750;;0.728;0.9716212419218881;0.728;0.8323504633529907;3458;101;1292
912;worm_fence;4750;;0.8717894736842106;0.7961930398000384;0.8717894736842106;0.8322781629986936;4141;1060;609
478;carton;4750;;0.7774736842105263;0.8950557440620456;0.7774736842105263;0.8321315908066697;3693;433;1057
903;wig;4750;;0.887578947368421;0.7811747267000185;0.887578947368421;0.830984527446536;4216;1181;534
934;hotdog;4750;;0.7433684210526316;0.9416;0.7433684210526316;0.8308235294117647;3531;219;1219
163;bloodhound;4750;;0.7713684210526316;0.9000245639891918;0.7713684210526316;0.8307448135132072;3664;407;1086
288;leopard;4750;;0.7951578947368421;0.8692750287686997;0.7951578947368421;0.8305662451896646;3777;568;973
930;French_loaf;4750;;0.740421052631579;0.9456843237429416;0.740421052631579;0.8305585074979337;3517;202;1233
856;thresher;4750;;0.7532631578947369;0.9250258531540848;0.7532631578947369;0.8303550707820839;3578;290;1172
238;Greater_Swiss_Mountain_dog;4750;;0.7273684210526316;0.9672452407614781;0.7273684210526316;0.8303292477769766;3455;117;1295
861;toilet_seat;4750;;0.8050526315789474;0.8562472010747872;0.8050526315789474;0.8298611111111112;3824;642;926
674;mousetrap;4750;;0.8025263157894736;0.8581719945970284;0.8025263157894736;0.8294168842471715;3812;630;938
285;Egyptian_cat;4750;;0.7781052631578947;0.8876080691642652;0.7781052631578947;0.8292573479919229;3696;468;1054
453;bookcase;4750;;0.8210526315789474;0.8374490015031136;0.8210526315789474;0.8291697671946423;3900;757;850
798;slide_rule;4750;;0.7402105263157894;0.9416175682913765;0.7402105263157894;0.8288543140028288;3516;218;1234
488;chain;4750;;0.8130526315789474;0.8452615451958854;0.8130526315789474;0.8288442965983475;3862;707;888
394;sturgeon;4750;;0.724421052631579;0.9679324894514768;0.724421052631579;0.828657435279952;3441;114;1309
153;Maltese_dog;4750;;0.7385263157894737;0.9435180204410973;0.7385263157894737;0.8285309400094473;3508;210;1242
299;meerkat;4750;;0.8597894736842105;0.7993736543354863;0.8597894736842105;0.8284815904249924;4084;1025;666
652;military_uniform;4750;;0.7993684210526316;0.8582730560578662;0.7993684210526316;0.8277741443209069;3797;627;953
970;alp;4750;;0.772;0.8915633357646486;0.772;0.8274850502087329;3667;446;1083
296;ice_bear;4750;;0.8328421052631579;0.8219405776023271;0.8328421052631579;0.8273554323956918;3956;857;794
32;tailed_frog;4750;;0.7387368421052631;0.9399946423787838;0.7387368421052631;0.8273016621478251;3509;224;1241
105;koala;4750;;0.8115789473684211;0.843360315029534;0.8115789473684211;0.8271644673318314;3855;716;895
655;miniskirt;4750;;0.8423157894736842;0.8122208688591149;0.8423157894736842;0.8269946258784622;4001;925;749
659;mixing_bowl;4750;;0.8726315789473684;0.785781990521327;0.8726315789473684;0.826932668329177;4145;1130;605
46;green_lizard;4750;;0.7115789473684211;0.9868613138686131;0.7115789473684211;0.8269113149847095;3380;45;1370
466;bullet_train;4750;;0.8797894736842106;0.7789375582479031;0.8797894736842106;0.8262975778546713;4179;1186;571
452;bonnet;4750;;0.808;0.8450022016732717;0.808;0.8260869565217391;3838;704;912
553;file;4750;;0.8568421052631578;0.7974137931034483;0.8568421052631578;0.8260604830525675;4070;1034;680
309;bee;4750;;0.8511578947368421;0.8018643395477985;0.8511578947368421;0.8257761437908496;4043;999;707
189;Lakeland_terrier;4750;;0.7852631578947369;0.8702753149790013;0.7852631578947369;0.8255865427180167;3730;556;1020
586;half_track;4750;;0.775578947368421;0.8823952095808383;0.775578947368421;0.825546218487395;3684;491;1066
125;hermit_crab;4750;;0.7347368421052631;0.9409544351577245;0.7347368421052631;0.825156637900461;3490;219;1260
767;rubber_eraser;4750;;0.836421052631579;0.8139725466093014;0.836421052631579;0.8250441283355832;3973;908;777
623;letter_opener;4750;;0.7894736842105263;0.8638562543192813;0.7894736842105263;0.8249917500824993;3750;591;1000
475;car_mirror;4750;;0.916;0.7504311831666092;0.916;0.8249905195297687;4351;1447;399
913;wreck;4750;;0.7637894736842106;0.8966880869995056;0.7637894736842106;0.8249204183719873;3628;418;1122
666;mortar;4750;;0.8753684210526316;0.7790893760539629;0.8753684210526316;0.8244274809160306;4158;1179;592
785;seat_belt;4750;;0.8218947368421052;0.8269434441855539;0.8218947368421052;0.8244113609967268;3904;817;846
492;chest;4750;;0.8113684210526316;0.8369163952225841;0.8113684210526316;0.8239444147514697;3854;751;896
987;corn;4750;;0.7764210526315789;0.87705112960761;0.7764210526315789;0.8236739251814628;3688;517;1062
932;pretzel;4750;;0.812;0.8352100476396709;0.812;0.8234415029888984;3857;761;893
267;standard_poodle;4750;;0.8221052631578948;0.8247096092925026;0.8221052631578948;0.8234053769109121;3905;830;845
72;black_and_gold_garden_spider;4750;;0.8802105263157894;0.7732568892176808;0.8802105263157894;0.8232745889534311;4181;1226;569
937;broccoli;4750;;0.8471578947368421;0.8004774219216232;0.8471578947368421;0.8231563874399099;4024;1003;726
910;wooden_spoon;4750;;0.7981052631578948;0.8498094597623851;0.7981052631578948;0.8231462381934643;3791;670;959
79;centipede;4750;;0.8092631578947368;0.8374727668845315;0.8092631578947368;0.8231263383297645;3844;746;906
762;restaurant;4750;;0.7865263157894736;0.8632162661737524;0.7865263157894736;0.8230887860762283;3736;592;1014
634;lumbermill;4750;;0.7930526315789473;0.8549704947798457;0.7930526315789473;0.8228484054172127;3767;639;983
27;eft;4750;;0.8326315789473684;0.8132839810816368;0.8326315789473684;0.8228440653282013;3955;908;795
386;African_elephant;4750;;0.7848421052631579;0.8645640074211502;0.7848421052631579;0.8227764290443611;3728;584;1022
881;upright;4750;;0.8425263157894737;0.8032918506623846;0.8425263157894737;0.8224414303329223;4002;980;748
546;electric_guitar;4750;;0.7842105263157895;0.8644697145509399;0.7842105263157895;0.8223865768848658;3725;584;1025
884;vault;4750;;0.8412631578947368;0.8035391112004826;0.8412631578947368;0.8219685282320272;3996;977;754
371;patas;4750;;0.7804210526315789;0.8681498829039813;0.7804210526315789;0.8219512195121952;3707;563;1043
402;acoustic_guitar;4750;;0.7787368421052632;0.8701482004234298;0.7787368421052632;0.8219086768136873;3699;552;1051
581;grille;4750;;0.828;0.8158058494088364;0.828;0.821857695120677;3933;888;817
282;tiger_cat;4750;;0.7185263157894737;0.9587078651685393;0.7185263157894737;0.8214199759326114;3413;147;1337
527;desktop_computer;4750;;0.7275789473684211;0.9416893732970028;0.7275789473684211;0.8209026128266035;3456;214;1294
806;sock;4750;;0.840842105263158;0.8012036108324975;0.840842105263158;0.8205444273240883;3994;991;756
784;screwdriver;4750;;0.8178947368421052;0.8220482437579348;0.8178947368421052;0.8199662304769945;3885;841;865
126;isopod;4750;;0.7532631578947369;0.8994469582704877;0.7532631578947369;0.8198900091659029;3578;400;1172
593;harmonica;4750;;0.8374736842105264;0.8023396530859217;0.8374736842105264;0.819530284301607;3978;980;772
925;consomme;4750;;0.7818947368421053;0.8607184241019699;0.7818947368421053;0.819415333701048;3714;601;1036
828;strainer;4750;;0.7770526315789473;0.8654161781946073;0.7770526315789473;0.8188574597892402;3691;574;1059
525;dam;4750;;0.8008421052631579;0.8377009469279895;0.8008421052631579;0.8188569583467873;3804;737;946
405;airship;4750;;0.7296842105263158;0.9327233584499461;0.7296842105263158;0.8188046302858492;3466;250;1284
529;diaper;4750;;0.8027368421052632;0.8350854139290408;0.8027368421052632;0.8185916702447403;3813;753;937
315;mantis;4750;;0.7610526315789473;0.8847283406754772;0.7610526315789473;0.8182435491172476;3615;471;1135
237;miniature_pinscher;4750;;0.8728421052631579;0.7677777777777778;0.8728421052631579;0.8169458128078819;4146;1254;604
499;cleaver;4750;;0.7381052631578947;0.9144496609285342;0.7381052631578947;0.8168685927306617;3506;328;1244
434;bath_towel;4750;;0.8092631578947368;0.8236554531819156;0.8092631578947368;0.8163958797918658;3844;823;906
118;Dungeness_crab;4750;;0.7507368421052631;0.8946312092323131;0.7507368421052631;0.8163919413919414;3566;420;1184
54;hognose_snake;4750;;0.6966315789473684;0.9821905609973286;0.6966315789473684;0.8151250153959847;3309;60;1441
416;balance_beam;4750;;0.864;0.7714285714285715;0.864;0.8150943396226416;4104;1216;646
524;cuirass;4750;;0.756421052631579;0.8812852587687025;0.756421052631579;0.8140931233714739;3593;484;1157
959;carbonara;4750;;0.7225263157894737;0.9318490361118653;0.7225263157894737;0.8139452152258982;3432;251;1318
648;medicine_chest;4750;;0.7606315789473684;0.8752422480620154;0.7606315789473684;0.8139220545167831;3613;515;1137
536;dock;4750;;0.7336842105263158;0.9134993446920052;0.7336842105263158;0.8137769994162288;3485;330;1265
544;Dutch_oven;4750;;0.8086315789473684;0.8189765458422175;0.8086315789473684;0.8137711864406779;3841;849;909
929;ice_lolly;4750;;0.8231578947368421;0.8043612425426867;0.8231578947368421;0.8136510248673395;3910;951;840
65;sea_snake;4750;;0.7926315789473685;0.8357380688124306;0.7926315789473685;0.813614262560778;3765;740;985
669;mosquito_net;4750;;0.7736842105263158;0.8578431372549019;0.7736842105263158;0.8135930927606817;3675;609;1075
662;modem;4750;;0.8025263157894736;0.8249296689028349;0.8025263157894736;0.8135737914843667;3812;809;938
461;breastplate;4750;;0.7901052631578948;0.8379102478231748;0.7901052631578948;0.8133058836276954;3753;726;997
283;Persian_cat;4750;;0.8389473684210527;0.7889526826371016;0.8389473684210527;0.8131823283338435;3985;1066;765
556;fire_screen;4750;;0.8151578947368421;0.8110599078341014;0.8151578947368421;0.8131037379252415;3872;902;878
33;loggerhead;4750;;0.7677894736842106;0.8636040729339333;0.7677894736842106;0.8128830937256214;3647;576;1103
844;switch;4750;;0.828421052631579;0.7972042139384117;0.828421052631579;0.8125129052240346;3935;1001;815
797;sleeping_bag;4750;;0.7736842105263158;0.8526682134570766;0.7736842105263158;0.8112582781456954;3675;635;1075
694;paddlewheel;4750;;0.880421052631579;0.7518878101402373;0.880421052631579;0.8110938712179985;4182;1380;568
998;ear;4750;;0.7625263157894737;0.8650585144494866;0.7625263157894737;0.810562828689717;3622;565;1128
470;candle;4750;;0.7667368421052632;0.8595704507906538;0.7667368421052632;0.810504061422054;3642;595;1108
839;suspension_bridge;4750;;0.7894736842105263;0.832408435072142;0.7894736842105263;0.8103727714748783;3750;755;1000
77;wolf_spider;4750;;0.8010526315789473;0.8195132457462847;0.8010526315789473;0.8101777919727456;3805;838;945
395;gar;4750;;0.7886315789473685;0.8320746334962239;0.7886315789473685;0.8097708603545181;3746;756;1004
150;sea_lion;4750;;0.7818947368421053;0.8387533875338753;0.7818947368421053;0.809326650686424;3714;714;1036
760;refrigerator;4750;;0.7905263157894736;0.8285525154457193;0.7905263157894736;0.8090928679163972;3755;777;995
290;jaguar;4750;;0.7048421052631579;0.949517867271696;0.7048421052631579;0.8090865152247463;3348;178;1402
61;boa_constrictor;4750;;0.7315789473684211;0.9049479166666666;0.7315789473684211;0.809080325960419;3475;365;1275
894;wardrobe;4750;;0.787578947368421;0.830964015992892;0.787578947368421;0.8086900129701686;3741;761;1009
764;rifle;4750;;0.7290526315789474;0.9070193818753274;0.7290526315789474;0.8083566760037348;3463;355;1287
935;mashed_potato;4750;;0.7606315789473684;0.8618797709923665;0.7606315789473684;0.8080966226794902;3613;579;1137
542;drumstick;4750;;0.7953684210526316;0.8211258422082156;0.7953684210526316;0.8080419206501979;3778;823;972
161;basset;4750;;0.8393684210526315;0.7787109375;0.8393684210526315;0.8079027355623101;3987;1133;763
922;menu;4750;;0.8128421052631579;0.8013698630136986;0.8128421052631579;0.8070652173913044;3861;957;889
353;gazelle;4750;;0.8248421052631579;0.7892828364222402;0.8248421052631579;0.8066707844348364;3918;1046;832
750;quilt;4750;;0.8402105263157895;0.7749514563106796;0.8402105263157895;0.8062626262626262;3991;1159;759
936;head_cabbage;4750;;0.8195789473684211;0.7933564295903811;0.8195789473684211;0.8062545303924614;3893;1014;857
598;home_theater;4750;;0.8006315789473685;0.8117395944503736;0.8006315789473685;0.8061473237943827;3803;882;947
435;bathtub;4750;;0.7610526315789473;0.8562292752250118;0.7610526315789473;0.8058403923316986;3615;607;1135
123;spiny_lobster;4750;;0.7046315789473684;0.9401685393258427;0.7046315789473684;0.8055354993983151;3347;213;1403
183;Kerry_blue_terrier;4750;;0.8311578947368421;0.7811634349030471;0.8311578947368421;0.8053855569155447;3948;1106;802
692;packet;4750;;0.7602105263157894;0.8536643026004728;0.7602105263157894;0.8042316258351893;3611;619;1139
467;butcher_shop;4750;;0.8006315789473685;0.8076024633680187;0.8006315789473685;0.8041019135215138;3803;906;947
770;running_shoe;4750;;0.7825263157894737;0.8261835963547455;0.7825263157894737;0.8037625689263704;3717;782;1033
44;alligator_lizard;4750;;0.6852631578947368;0.9713518352730528;0.6852631578947368;0.8036044932724354;3255;96;1495
319;dragonfly;4750;;0.7126315789473684;0.9205874354093011;0.7126315789473684;0.8033701198528538;3385;292;1365
298;mongoose;4750;;0.7585263157894737;0.853589196872779;0.7585263157894737;0.8032549325604726;3603;618;1147
397;puffer;4750;;0.6989473684210527;0.9437180216031836;0.6989473684210527;0.803096274794388;3320;198;1430
962;meat_loaf;4750;;0.7202105263157895;0.9074270557029178;0.7202105263157895;0.8030516431924882;3421;349;1329
381;spider_monkey;4750;;0.7206315789473684;0.9062748212867355;0.7206315789473684;0.8028614987686173;3423;354;1327
121;king_crab;4750;;0.8002105263157895;0.8052966101694915;0.8002105263157895;0.8027455121436113;3801;919;949
739;potter's_wheel;4750;;0.8353684210526315;0.7721346565479665;0.8353684210526315;0.8025078369905957;3968;1171;782
45;Gila_monster;4750;;0.7092631578947368;0.9235197368421053;0.7092631578947368;0.8023338890211956;3369;279;1381
510;container_ship;4750;;0.8338947368421052;0.7728780487804878;0.8338947368421052;0.8022278481012658;3961;1164;789
101;tusker;4750;;0.7210526315789474;0.9034555526246373;0.7210526315789474;0.8020138157124459;3425;366;1325
545;electric_fan;4750;;0.891578947368421;0.7281636863823934;0.891578947368421;0.8016278629566533;4235;1581;515
43;frilled_lizard;4750;;0.7058947368421052;0.9267551133222774;0.7058947368421052;0.8013862332695985;3353;265;1397
76;tarantula;4750;;0.8528421052631578;0.7555016784781798;0.8528421052631578;0.8012262658227848;4051;1311;699
508;computer_keyboard;4750;;0.7978947368421052;0.8033064857990674;0.7978947368421052;0.8005914659907054;3790;928;960
965;burrito;4750;;0.7115789473684211;0.9145021645021645;0.7115789473684211;0.8003788775751836;3380;316;1370
972;cliff;4750;;0.7621052631578947;0.8420562921609677;0.7621052631578947;0.8000884075588462;3620;679;1130
170;Irish_wolfhound;4750;;0.812;0.7882689556509299;0.812;0.7999585191330498;3857;1036;893
950;orange;4750;;0.7934736842105263;0.8058584562753902;0.7934736842105263;0.7996181181712103;3769;908;981
500;cliff_dwelling;4750;;0.8084210526315789;0.7897984368572604;0.8084210526315789;0.7990012484394506;3840;1022;910
876;tub;4750;;0.7671578947368421;0.8329142857142857;0.7671578947368421;0.7986849315068495;3644;731;1106
35;mud_turtle;4750;;0.7747368421052632;0.8225301743406348;0.7747368421052632;0.7979184735472681;3680;794;1070
979;valley;4750;;0.8109473684210526;0.7850010189525168;0.8109473684210526;0.7977632805219012;3852;1055;898
341;hog;4750;;0.775578947368421;0.820855614973262;0.775578947368421;0.797575232734358;3684;804;1066
385;Indian_elephant;4750;;0.8145263157894737;0.7813004846526656;0.8145263157894737;0.797567511853226;3869;1083;881
810;space_bar;4750;;0.7162105263157895;0.8983364140480592;0.7162105263157895;0.7970012885088439;3402;385;1348
297;sloth_bear;4750;;0.8412631578947368;0.7568181818181818;0.8412631578947368;0.7968095712861415;3996;1284;754
533;dishrag;4750;;0.764421052631579;0.8314632470803756;0.764421052631579;0.7965339475704727;3631;736;1119
673;mouse;4750;;0.7269473684210527;0.8781790437436419;0.7269473684210527;0.7954388389771941;3453;479;1297
52;thunder_snake;4750;;0.7456842105263158;0.8522617901828682;0.7456842105263158;0.7954188187738602;3542;614;1208
795;ski;4750;;0.8985263157894737;0.7134737545971247;0.8985263157894737;0.7953783078643311;4268;1714;482
975;lakeside;4750;;0.7949473684210526;0.7946127946127947;0.7949473684210526;0.7947800463060408;3776;976;974
344;hippopotamus;4750;;0.7658947368421053;0.8247562910904557;0.7658947368421053;0.7942364370701889;3638;773;1112
626;lighter;4750;;0.7753684210526316;0.8137428192664604;0.7753684210526316;0.7940922811556704;3683;843;1067
64;green_mamba;4750;;0.752;0.8410642806687073;0.752;0.7940424585973102;3572;675;1178
577;gong;4750;;0.8932631578947369;0.7145503536544291;0.8932631578947369;0.7939745508982037;4243;1695;507
940;spaghetti_squash;4750;;0.7385263157894737;0.8572825024437928;0.7385263157894737;0.7934856367337707;3508;584;1242
928;ice_cream;4750;;0.7465263157894737;0.8463007159904534;0.7465263157894737;0.7932885906040268;3546;644;1204
359;black-footed_ferret;4750;;0.7528421052631579;0.8357092778686609;0.7528421052631579;0.7921142983719127;3576;703;1174
408;amphibian;4750;;0.7427368421052631;0.8478731074260994;0.7427368421052631;0.7918303220738413;3528;633;1222
55;green_snake;4750;;0.7134736842105264;0.8888014686598479;0.7134736842105264;0.7915450192689478;3389;424;1361
976;promontory;4750;;0.7578947368421053;0.8281573498964804;0.7578947368421053;0.7914697152907553;3600;747;1150
480;cash_machine;4750;;0.7764210526315789;0.806825639903741;0.7764210526315789;0.7913314022100633;3688;883;1062
29;axolotl;4750;;0.828;0.7575115562403698;0.828;0.7911888955944479;3933;1259;817
454;bookshop;4750;;0.7692631578947369;0.8143525741029641;0.7692631578947369;0.7911659629749919;3654;833;1096
924;guacamole;4750;;0.767578947368421;0.8156599552572706;0.767578947368421;0.7908893709327549;3646;824;1104
26;common_newt;4750;;0.6936842105263158;0.9193638392857143;0.6936842105263158;0.7907367410607151;3295;289;1455
742;printer;4750;;0.7501052631578947;0.8354044548651817;0.7501052631578947;0.7904603438713256;3563;702;1187
847;tank;4750;;0.8372631578947368;0.7474158992670551;0.8372631578947368;0.789792473438586;3977;1344;773
481;cassette;4750;;0.8031578947368421;0.7765112965601465;0.8031578947368421;0.7896098520128324;3815;1098;935
460;breakwater;4750;;0.7633684210526316;0.8172188415596123;0.7633684210526316;0.7893762925873516;3626;811;1124
766;rotisserie;4750;;0.8149473684210526;0.7653222617635429;0.8149473684210526;0.7893556280587276;3871;1187;879
70;harvestman;4750;;0.8296842105263158;0.7520992366412214;0.8296842105263158;0.788988988988989;3941;1299;809
314;cockroach;4750;;0.728;0.8604130380691715;0.728;0.788687421598814;3458;561;1292
616;knot;4750;;0.9;0.699787199214274;0.9;0.7873653190901557;4275;1834;475
124;crayfish;4750;;0.6709473684210526;0.9521959964146998;0.6709473684210526;0.787205137705323;3187;160;1563
852;tennis_ball;4750;;0.8589473684210527;0.7263663877514688;0.8589473684210527;0.7871129545673772;4080;1537;670
792;shovel;4750;;0.759578947368421;0.8166591217745586;0.759578947368421;0.7870855148342059;3608;810;1142
568;fur_coat;4750;;0.8235789473684211;0.7531767423950713;0.8235789473684211;0.7868061142397426;3912;1282;838
3;tiger_shark;4750;;0.6766315789473685;0.9378465129851182;0.6766315789473685;0.7861073743426686;3214;213;1536
743;prison;4750;;0.8496842105263158;0.7312919007066497;0.8496842105263158;0.7860551173434608;4036;1483;714
624;library;4750;;0.8387368421052631;0.7388724035608308;0.8387368421052631;0.7856438572273713;3984;1408;766
923;plate;4750;;0.6924210526315789;0.9073103448275862;0.6924210526315789;0.7854328358208956;3289;336;1461
62;rock_python;4750;;0.6583157894736842;0.9723258706467661;0.6583157894736842;0.7850866181270398;3127;89;1623
78;tick;4750;;0.9023157894736842;0.6947641432971308;0.9023157894736842;0.7850535763348292;4286;1883;464
516;cradle;4750;;0.7096842105263158;0.8771792870153526;0.7096842105263158;0.7845921098568602;3371;472;1379
53;ringneck_snake;4750;;0.7894736842105263;0.7786544850498339;0.7894736842105263;0.7840267614467908;3750;1066;1000
680;nipple;4750;;0.744;0.8257009345794393;0.744;0.7827242524916943;3534;746;1216
658;mitten;4750;;0.8501052631578947;0.7239153818572965;0.8501052631578947;0.7819519752130132;4038;1540;712
390;eel;4750;;0.7433684210526316;0.8226933830382106;0.7433684210526316;0.7810218978102189;3531;761;1219
51;triceratops;4750;;0.832;0.7356664184661206;0.832;0.7808733451886979;3952;1420;798
415;bakery;4750;;0.768;0.7920104211897525;0.768;0.7798204360837965;3648;958;1102
580;greenhouse;4750;;0.8532631578947368;0.7138076787601269;0.8532631578947368;0.7773302646720368;4053;1625;697
67;diamondback;4750;;0.6825263157894736;0.9010561423012785;0.6825263157894736;0.7767129851461427;3242;356;1508
570;gasmask;4750;;0.8490526315789474;0.7157054125998226;0.8490526315789474;0.776697159364468;4033;1602;717
769;rule;4750;;0.8164210526315789;0.7402175987783928;0.8164210526315789;0.7764540995094603;3878;1361;872
782;screen;4750;;0.6928421052631579;0.8813604713444028;0.6928421052631579;0.7758132956152758;3291;443;1459
374;langur;4750;;0.7585263157894737;0.7937871777924653;0.7585263157894737;0.775756270858004;3603;936;1147
926;hot_pot;4750;;0.7170526315789474;0.843069306930693;0.7170526315789474;0.7749715585893061;3406;634;1344
34;leatherback_turtle;4750;;0.7282105263157894;0.8247496423462088;0.7282105263157894;0.773479427549195;3459;735;1291
860;tobacco_shop;4750;;0.771578947368421;0.7750052865299217;0.771578947368421;0.7732883215529064;3665;1064;1085
106;wombat;4750;;0.724;0.8294741919922817;0.724;0.7731564748201438;3439;707;1311
336;marmot;4750;;0.8197894736842105;0.7315423633289498;0.8197894736842105;0.7731559614811874;3894;1429;856
73;barn_spider;4750;;0.6711578947368421;0.9092983456930975;0.6711578947368421;0.7722868217054264;3188;318;1562
851;television;4750;;0.8536842105263158;0.7046046915725456;0.8536842105263158;0.772013326987149;4055;1700;695
301;ladybug;4750;;0.9273684210526316;0.661014405762305;0.9273684210526316;0.7718591203784826;4405;2259;345
788;shoe_shop;4750;;0.7242105263157895;0.8259303721488596;0.7242105263157895;0.7717330342120021;3440;725;1310
431;bassinet;4750;;0.7898947368421053;0.7538677918424754;0.7898947368421053;0.7714608820808061;3752;1225;998
715;pickelhaube;4750;;0.8223157894736842;0.7253481894150418;0.8223157894736842;0.77079427725703;3906;1479;844
643;mask;4750;;0.880421052631579;0.6841158187469327;0.880421052631579;0.7699530516431925;4182;1931;568
313;walking_stick;4750;;0.7787368421052632;0.7612677505659601;0.7787368421052632;0.7699032157352481;3699;1160;1051
59;vine_snake;4750;;0.751578947368421;0.7873842082046758;0.751578947368421;0.7690650581645841;3570;964;1180
428;barrow;4750;;0.8362105263157895;0.7099195710455765;0.8362105263157895;0.7679072015466409;3972;1623;778
980;volcano;4750;;0.7781052631578947;0.7570667759115117;0.7781052631578947;0.7674418604651163;3696;1186;1054
112;conch;4750;;0.7770526315789473;0.7575944170771757;0.7770526315789473;0.7672001662855954;3691;1181;1059
526;desk;4750;;0.8149473684210526;0.7242282507015902;0.8149473684210526;0.76691431401684;3871;1474;879
599;honeycomb;4750;;0.760421052631579;0.771135781383433;0.760421052631579;0.7657409370362519;3612;1072;1138
961;dough;4750;;0.7138947368421052;0.8254625121713729;0.7138947368421052;0.7656355836531948;3391;717;1359
109;brain_coral;4750;;0.7913684210526316;0.7385068762278978;0.7913684210526316;0.7640243902439025;3759;1331;991
550;espresso_maker;4750;;0.7494736842105263;0.7788230146576242;0.7494736842105263;0.7638665379251152;3560;1011;1190
50;American_alligator;4750;;0.6890526315789474;0.8568062827225131;0.6890526315789474;0.7638273045507584;3273;547;1477
377;marmoset;4750;;0.7951578947368421;0.7346819684886209;0.7951578947368421;0.7637245981195024;3777;1364;973
69;trilobite;4750;;0.7825263157894737;0.7447405329593267;0.7825263157894737;0.7631659993840467;3717;1274;1033
911;wool;4750;;0.8012631578947368;0.7270296084049666;0.8012631578947368;0.7623435152729093;3806;1429;944
489;chainlink_fence;4750;;0.8673684210526316;0.679419525065963;0.8673684210526316;0.7619752173108932;4120;1944;630
868;tray;4750;;0.8136842105263158;0.7160059281215265;0.8136842105263158;0.7617264485612929;3865;1533;885
60;night_snake;4750;;0.6349473684210526;0.9502205419029616;0.6349473684210526;0.7612317011610297;3016;158;1734
696;paintbrush;4750;;0.8214736842105264;0.7090677812102489;0.8214736842105264;0.7611430800741248;3902;1601;848
384;indri;4750;;0.8530526315789474;0.6860819505587538;0.8530526315789474;0.7605105105105106;4052;1854;698
880;unicycle;4750;;0.8682105263157894;0.6763982286370346;0.8682105263157894;0.7603945791463077;4124;1973;626
905;window_shade;4750;;0.8206315789473684;0.7071843251088534;0.8206315789473684;0.7596959656986942;3898;1614;852
119;rock_crab;4750;;0.7096842105263158;0.8130728412928123;0.7096842105263158;0.7578687050359713;3371;775;1379
181;Bedlington_terrier;4750;;0.8741052631578947;0.6678462280842851;0.8741052631578947;0.7571806328075134;4152;2065;598
221;Irish_water_spaniel;4750;;0.8806315789473684;0.6631261889663919;0.8806315789473684;0.7565563393018628;4183;2125;567
327;starfish;4750;;0.9008421052631579;0.6514920828258222;0.9008421052631579;0.7561406608941509;4279;2289;471
530;digital_clock;4750;;0.8311578947368421;0.6933614330874605;0.8311578947368421;0.7560321715817694;3948;1746;802
978;seashore;4750;;0.7254736842105263;0.7889194139194139;0.7254736842105263;0.7558675148058784;3446;922;1304
723;pinwheel;4750;;0.8993684210526316;0.6515174622540796;0.8993684210526316;0.7556381002918545;4272;2285;478
506;coil;4750;;0.888421052631579;0.6523419384758077;0.888421052631579;0.7522952134771369;4220;2249;530
361;skunk;4750;;0.8252631578947368;0.691114245416079;0.8252631578947368;0.7522548455190944;3920;1752;830
664;monitor;4750;;0.7263157894736842;0.7766771724448447;0.7263157894736842;0.7506527415143603;3450;992;1300
681;notebook;4750;;0.7252631578947368;0.7759009009009009;0.7252631578947368;0.749727965179543;3445;995;1305
909;wok;4750;;0.7111578947368421;0.7852161785216178;0.7111578947368421;0.7463543968183826;3378;924;1372
999;toilet_tissue;4750;;0.7195789473684211;0.7750566893424037;0.7195789473684211;0.746288209606987;3418;992;1332
509;confectionery;4750;;0.7376842105263158;0.7550096961861668;0.7376842105263158;0.7462464061335322;3504;1137;1246
364;three-toed_sloth;4750;;0.8145263157894737;0.6864797728885734;0.8145263157894737;0.7450414018871557;3869;1767;881
983;scuba_diver;4750;;0.8781052631578947;0.6467669406109474;0.8781052631578947;0.744887936422895;4171;2278;579
854;theater_curtain;4750;;0.8825263157894737;0.6440313412198494;0.8825263157894737;0.7446487254640731;4192;2317;558
334;porcupine;4750;;0.7983157894736842;0.6933625891387822;0.7983157894736842;0.7421469811136119;3792;1677;958
644;matchstick;4750;;0.8482105263157895;0.6558684681751588;0.8482105263157895;0.7397411181492702;4029;2114;721
116;chiton;4750;;0.8138947368421052;0.6756378888500524;0.8138947368421052;0.7383498854087088;3866;1856;884
537;dogsled;4750;;0.8698947368421053;0.6385411837428527;0.8698947368421053;0.7364762498886018;4132;2339;618
115;sea_slug;4750;;0.7345263157894737;0.7365421152628245;0.7345263157894737;0.7355328344049753;3489;1248;1261
591;handkerchief;4750;;0.8258947368421052;0.661774628879892;0.8258947368421052;0.73478179434351;3923;2005;827
74;garden_spider;4750;;0.6787368421052632;0.7952639368524914;0.6787368421052632;0.7323943661971832;3224;830;1526
700;paper_towel;4750;;0.7572631578947369;0.7090479006505027;0.7572631578947369;0.7323628219484883;3597;1476;1153
549;envelope;4750;;0.7722105263157895;0.6961472765230594;0.7722105263157895;0.7322088032737798;3668;1601;1082
582;grocery_store;4750;;0.7776842105263158;0.6903382545318631;0.7776842105263158;0.7314127314127313;3694;1657;1056
462;broom;4750;;0.8130526315789474;0.6584825234441603;0.8130526315789474;0.7276495525200188;3862;2003;888
469;caldron;4750;;0.7966315789473685;0.669024045261669;0.7966315789473685;0.7272727272727273;3784;1872;966
738;pot;4750;;0.8421052631578947;0.6339144215530903;0.8421052631578947;0.7233273056057865;4000;2310;750
1;goldfish;4750;;0.836;0.635970531710442;0.836;0.7223940331089685;3971;2273;779
369;siamang;4750;;0.8307368421052631;0.6382015202975901;0.8307368421052631;0.7218512759535352;3946;2237;804
265;toy_poodle;4750;;0.7332631578947368;0.710091743119266;0.7332631578947368;0.7214914552045574;3483;1422;1267
645;maypole;4750;;0.9429473684210526;0.5823690027304642;0.9429473684210526;0.7200385821075477;4479;3212;271
920;traffic_light;4750;;0.8825263157894737;0.6078004929679571;0.8825263157894737;0.7198420194041385;4192;2705;558
794;shower_curtain;4750;;0.8111578947368421;0.6460429242119383;0.8111578947368421;0.7192458465559081;3853;2111;897
751;racer;4750;;0.852421052631579;0.6172256097560975;0.852421052631579;0.7160035366931919;4049;2511;701
66;horned_viper;4750;;0.6978947368421052;0.7322730284956925;0.6978947368421052;0.7146706909561281;3315;1212;1435
971;bubble;4750;;0.8322105263157895;0.6208575467253024;0.8322105263157895;0.7111630835657101;3953;2414;797
825;stone_wall;4750;;0.8332631578947368;0.6181477432453537;0.8332631578947368;0.7097641890074418;3958;2445;792
843;swing;4750;;0.8526315789473684;0.6021409455842998;0.8526315789473684;0.7058208434994773;4050;2676;700
818;spotlight;4750;;0.8008421052631579;0.6300099370652534;0.8008421052631579;0.7052280311457175;3804;2234;946
819;stage;4750;;0.8098947368421052;0.6244116214900178;0.8098947368421052;0.7051599303455229;3847;2314;903
646;maze;4750;;0.9092631578947369;0.5719772215600583;0.9092631578947369;0.7022193317616453;4319;3232;431
4;hammerhead;4750;;0.8345263157894737;0.6032567341348348;0.8345263157894737;0.7002914936843034;3964;2607;786
49;African_crocodile;4750;;0.6604210526315789;0.7417829274060062;0.6604210526315789;0.6987415079630249;3137;1092;1613
450;bobsled;4750;;0.8606315789473684;0.5863453815261044;0.8606315789473684;0.6974918955809588;4088;2884;662
358;polecat;4750;;0.7797894736842105;0.6291829454730763;0.7797894736842105;0.6964369653097678;3704;2183;1046
883;vase;4750;;0.8783157894736842;0.5758454106280193;0.8783157894736842;0.695623176323468;4172;3073;578
958;hay;4750;;0.8501052631578947;0.5880297072957623;0.8501052631578947;0.6951880864250667;4038;2829;712
58;water_snake;4750;;0.655157894736842;0.7351759981100874;0.655157894736842;0.6928642992318824;3112;1121;1638
657;missile;4750;;0.7869473684210526;0.6177491323748141;0.7869473684210526;0.6921581335061568;3738;2313;1012
332;Angora;4750;;0.8143157894736842;0.5980210265924552;0.8143157894736842;0.6896059903726154;3868;2600;882
733;pole;4750;;0.8269473684210527;0.5908543922984356;0.8269473684210527;0.6892437269696439;3928;2720;822
419;Band_Aid;4750;;0.8618947368421053;0.5698775055679287;0.8618947368421053;0.6861069214010391;4094;3090;656
865;toyshop;4750;;0.8004210526315789;0.6003473867045634;0.8004210526315789;0.6860958224307498;3802;2531;948
916;web_site;4750;;0.9176842105263158;0.5463090612858754;0.9176842105263158;0.684892764553382;4359;3620;391
206;curly-coated_retriever;4750;;0.8475789473684211;0.5719562437846285;0.8475789473684211;0.6830095852065485;4026;3013;724
741;prayer_rug;4750;;0.8821052631578947;0.5551139374668786;0.8821052631578947;0.6814116116441697;4190;3358;560
6;stingray;4750;;0.7162105263157895;0.6462765957446809;0.7162105263157895;0.6794487717195926;3402;1862;1348
603;horse_cart;4750;;0.8981052631578947;0.5421273351124667;0.8981052631578947;0.6761233061256835;4266;3603;484
562;fountain;4750;;0.8694736842105263;0.5521390374331551;0.8694736842105263;0.6753883892068683;4130;3350;620
68;sidewinder;4750;;0.6831578947368421;0.6531803542673108;0.6831578947368421;0.6678328874253961;3245;1723;1505
108;sea_anemone;4750;;0.7745263157894737;0.5762844611528822;0.7745263157894737;0.6608586312196875;3679;2705;1071
357;mink;4750;;0.7924210526315789;0.5638951310861423;0.7924210526315789;0.6589059080962801;3764;2911;986
5;electric_ray;4750;;0.7452631578947368;0.5801376597836775;0.7452631578947368;0.6524143015112421;3540;2562;1210
885;velvet;4750;;0.8477894736842105;0.5114300228600457;0.8477894736842105;0.6379911280101394;4027;3847;723
677;nail;4750;;0.812;0.5177876224996644;0.812;0.6323469136814494;3857;3592;893
633;loupe;4750;;0.8204210526315789;0.5023201856148491;0.8204210526315789;0.6231212024304446;3897;3861;853
455;bottlecap;4750;;0.832;0.4930139720558882;0.832;0.6191446028513238;3952;4064;798
815;spider_web;4750;;0.684;0.5653384374456238;0.684;0.619034009717062;3249;2498;1501
728;plastic_bag;4750;;0.744421052631579;0.525564803804994;0.744421052631579;0.6161352151942848;3536;3192;1214
996;hen-of-the-woods;4750;;0.828;0.488875077688005;0.828;0.6147713950762017;3933;4112;817
329;sea_cucumber;4750;;0.7837894736842105;0.493112582781457;0.7837894736842105;0.6053658536585367;3723;3827;1027
749;quill;4750;;0.7943157894736842;0.4798422993768282;0.7943157894736842;0.5982716245143899;3773;4090;977
812;space_shuttle;4750;;0.8269473684210527;0.46222640621322664;0.8269473684210527;0.5929951690821256;3928;4570;822
850;teddy;4750;;0.9018947368421053;0.43089921544960774;0.9018947368421053;0.5831745167438062;4284;5658;466
476;carousel;4750;;0.8732631578947369;0.4349832214765101;0.8732631578947369;0.5807083858322835;4148;5388;602
879;umbrella;4750;;0.8418947368421053;0.43728813559322033;0.8418947368421053;0.5756027347966894;3999;5146;751
977;sandbar;4750;;0.7593684210526316;0.42103420100385197;0.7593684210526316;0.5417135991589697;3607;4960;1143
328;sea_urchin;4750;;0.8465263157894737;0.3796978281397545;0.8465263157894737;0.5242503259452411;4021;6569;729
973;coral_reef;4750;;0.8271578947368421;0.3819012441679627;0.8271578947368421;0.5225428913419338;3929;6359;821
84;peacock;4750;;0.9084210526315789;0.3599733044131142;0.9084210526315789;0.5156240664396248;4315;7672;435
862;torch;4750;;0.8433684210526315;0.3615849805939164;0.8433684210526315;0.506159580516773;4006;7073;744
904;window_screen;4750;;0.8551578947368421;0.3337167269142294;0.8551578947368421;0.48008509632431157;4062;8110;688
974;geyser;4750;;0.8195789473684211;0.3201743564437865;0.8195789473684211;0.46046484120882375;3893;8266;857
103;platypus;4750;;0.8073684210526316;0.3011385944248135;0.8073684210526316;0.43866171003717475;3835;8900;915
110;flatworm;4750;;0.8044210526315789;0.3006057745260011;0.8044210526315789;0.43766107324895487;3821;8890;929
799;sliding_door;4750;;0.8128421052631579;0.29556763377478373;0.8128421052631579;0.4335036209509908;3861;9202;889
539;doormat;4750;;0.7978947368421052;0.274418941423503;0.7978947368421052;0.40838316901029037;3790;10021;960
712;Petri_dish;4750;;0.8;0.2718168812589413;0.8;0.4057661505605979;3800;10180;950
552;feather_boa;4750;;0.864;0.26397375699491865;0.864;0.4043947381386412;4104;11443;646
917;comic_book;4750;;0.8576842105263158;0.25998723675813656;0.8576842105263158;0.39902056807051905;4074;11596;676
611;jigsaw_puzzle;4750;;0.8456842105263158;0.24410549343704424;0.8456842105263158;0.37885504102612466;4017;12439;733
107;jellyfish;4750;;0.8117894736842105;0.2398755832037325;0.8117894736842105;0.3703241296518607;3856;12219;894
111;nematode;4750;;0.9313684210526316;0.11787274858787168;0.9313684210526316;0.20926162433186699;4424;33108;326
921;book_jacket;4750;;0.7972631578947369;0.0821885105367103;0.7972631578947369;0.14901528715053025;3787;42290;963
