class_idx;class_label;support;base_accuracy;overall_accuracy;precision;recall;f1;tp;fp;fn
685;odometer;4750;;0.976;0.9486392469817884;0.976;0.962125142679257;4636;251;114
90;lorikeet;4750;;0.976421052631579;0.9474974463738509;0.976421052631579;0.9617418351477449;4638;257;112
88;macaw;4750;;0.94;0.9727668845315904;0.94;0.9561027837259101;4465;125;285
100;black_swan;4750;;0.9385263157894737;0.9632670700086431;0.9385263157894737;0.9507357645553424;4458;170;292
321;admiral;4750;;0.9288421052631579;0.9690314078629475;0.9288421052631579;0.9485112329356122;4412;141;338
986;yellow_lady's_slipper;4750;;0.9766315789473684;0.9213505461767627;0.9766315789473684;0.9481859989780277;4639;396;111
376;proboscis_monkey;4750;;0.9364210526315789;0.958207669108143;0.9364210526315789;0.9471890971039183;4448;194;302
323;monarch;4750;;0.9237894736842105;0.9712262062859672;0.9237894736842105;0.9469141130772549;4388;130;362
130;flamingo;4750;;0.9063157894736842;0.9869325997248969;0.9063157894736842;0.9449078138718173;4305;57;445
576;gondola;4750;;0.9374736842105263;0.947043811144194;0.9374736842105263;0.9422344477359289;4453;249;297
340;zebra;4750;;0.9254736842105263;0.9566920565832426;0.9254736842105263;0.9408239700374531;4396;199;354
984;rapeseed;4750;;0.9711578947368421;0.9068213092195794;0.9711578947368421;0.9378875673477687;4613;474;137
900;water_tower;4750;;0.9021052631578947;0.9756375227686703;0.9021052631578947;0.9374316342157077;4285;107;465
129;spoonbill;4750;;0.9317894736842105;0.9417021276595745;0.9317894736842105;0.9367195767195767;4426;274;324
11;goldfinch;4750;;0.9191578947368421;0.952859013531209;0.9191578947368421;0.9357051007286755;4366;216;384
135;limpkin;4750;;0.8890526315789473;0.985300979934671;0.8890526315789473;0.9347056219566179;4223;63;527
339;sorrel;4750;;0.9572631578947368;0.9110398717691846;0.9572631578947368;0.9335797146083564;4547;444;203
255;Leonberg;4750;;0.9050526315789473;0.9634692962796952;0.9050526315789473;0.9333478072079895;4299;163;451
145;king_penguin;4750;;0.8966315789473684;0.9730408955905872;0.8966315789473684;0.9332748986523502;4259;118;491
915;yurt;4750;;0.9113684210526316;0.9528945630640546;0.9113684210526316;0.9316689981706662;4329;214;421
430;basketball;4750;;0.9475789473684211;0.915954415954416;0.9475789473684211;0.9314983443708609;4501;413;249
24;great_grey_owl;4750;;0.9130526315789473;0.9488077007219426;0.9130526315789473;0.9305868469048385;4337;234;413
136;European_gallinule;4750;;0.9141052631578948;0.9474143574078114;0.9141052631578948;0.9304618022072215;4342;241;408
9;ostrich;4750;;0.9084210526315789;0.9531698696708637;0.9084210526315789;0.9302576263878409;4315;212;435
388;giant_panda;4750;;0.9189473684210526;0.9391135972461274;0.9189473684210526;0.9289210470312833;4365;283;385
139;ruddy_turnstone;4750;;0.8968421052631579;0.9629294755877035;0.8968421052631579;0.9287115761935905;4260;164;490
625;lifeboat;4750;;0.9229473684210526;0.9282235867033665;0.9229473684210526;0.9255779584081073;4384;339;366
143;oystercatcher;4750;;0.8722105263157894;0.9815209665955935;0.8722105263157894;0.9236428491806933;4143;78;607
890;volleyball;4750;;0.9412631578947368;0.9059777102330294;0.9412631578947368;0.9232834279814145;4471;464;279
0;tench;4750;;0.92;0.926436294254823;0.92;0.9232069293334741;4370;347;380
768;rugby_ball;4750;;0.8983157894736842;0.9475904952254053;0.8983157894736842;0.9222954717388955;4267;236;483
96;toucan;4750;;0.8753684210526316;0.9730868242452609;0.8753684210526316;0.921644685802948;4158;115;592
15;robin;4750;;0.8753684210526316;0.9728591483387927;0.8753684210526316;0.9215425531914895;4158;116;592
779;school_bus;4750;;0.9284210526315789;0.90703414232826;0.9284210526315789;0.9176029962546816;4410;452;340
873;triumphal_arch;4750;;0.924;0.9092604101926662;0.924;0.9165709512373396;4389;438;361
22;bald_eagle;4750;;0.9284210526315789;0.9049866611943361;0.9284210526315789;0.9165540891613843;4410;463;340
407;ambulance;4750;;0.9475789473684211;0.886023622047244;0.9475789473684211;0.9157680569684639;4501;579;249
351;hartebeest;4750;;0.9141052631578948;0.9106543624161074;0.9141052631578948;0.9123765496953141;4342;426;408
14;indigo_bunting;4750;;0.9261052631578948;0.8986721144024514;0.9261052631578948;0.912182477967859;4399;496;351
275;African_hunting_dog;4750;;0.9292631578947368;0.8955163319131669;0.9292631578947368;0.9120776939766504;4414;515;336
425;barn;4750;;0.9345263157894736;0.8890446625275386;0.9345263157894736;0.9112183105819562;4439;554;311
92;bee_eater;4750;;0.8783157894736842;0.9466757431359202;0.8783157894736842;0.9112154635797751;4172;235;578
17;jay;4750;;0.8572631578947368;0.9709108249880782;0.8572631578947368;0.9105545617173523;4072;122;678
387;lesser_panda;4750;;0.9067368421052632;0.9128868164476474;0.9067368421052632;0.9098014364174061;4307;411;443
863;totem_pole;4750;;0.8930526315789473;0.9259986902423052;0.8930526315789473;0.9092273068267067;4242;339;508
19;chickadee;4750;;0.8416842105263158;0.988380716934487;0.8416842105263158;0.9091529277998862;3998;47;752
874;trolleybus;4750;;0.9027368421052632;0.9137012571915619;0.9027368421052632;0.9081859578523774;4288;405;462
985;daisy;4750;;0.9812631578947368;0.8442311175511683;0.9812631578947368;0.9076039334047319;4661;860;89
746;puck;4750;;0.9151578947368421;0.8996274834437086;0.9151578947368421;0.907326236693801;4347;485;403
91;coucal;4750;;0.8555789473684211;0.9644043663977219;0.8555789473684211;0.9067380633645695;4064;150;686
555;fire_engine;4750;;0.8818947368421053;0.9329621380846325;0.8818947368421053;0.9067099567099568;4189;301;561
688;oscilloscope;4750;;0.9103157894736842;0.8998959417273673;0.9103157894736842;0.905075876504448;4324;481;426
420;banjo;4750;;0.8627368421052631;0.9514743440910146;0.8627368421052631;0.9049354090758529;4098;209;652
565;freight_car;4750;;0.9006315789473684;0.9092454835281615;0.9006315789473684;0.9049180327868852;4278;427;472
800;slot;4750;;0.9153684210526316;0.8937307297019528;0.9153684210526316;0.9044201768070723;4348;517;402
528;dial_telephone;4750;;0.8492631578947368;0.9669223394055608;0.8492631578947368;0.9042815512216991;4034;138;716
84;peacock;4750;;0.8928421052631579;0.9147972389991372;0.8928421052631579;0.9036863413594716;4241;395;509
637;mailbox;4750;;0.8650526315789474;0.9452495974235104;0.8650526315789474;0.9033747389249203;4109;238;641
13;junco;4750;;0.8823157894736842;0.9245532759761748;0.8823157894736842;0.9029408596358935;4191;342;559
661;Model_T;4750;;0.9248421052631579;0.881951415378438;0.9248421052631579;0.9028876785530777;4393;588;357
832;stupa;4750;;0.9004210526315789;0.9049936521371138;0.9004210526315789;0.902701561840439;4277;449;473
560;football_helmet;4750;;0.9204210526315789;0.883767940165757;0.9204210526315789;0.9017221821181809;4372;575;378
466;bullet_train;4750;;0.8823157894736842;0.9217066197492852;0.8823157894736842;0.9015811552113585;4191;356;559
805;soccer_ball;4750;;0.9307368421052632;0.8740608936338474;0.9307368421052632;0.9015089722675368;4421;637;329
89;sulphur-crested_cockatoo;4750;;0.8433684210526315;0.9673991789422844;0.8433684210526315;0.9011359802047013;4006;135;744
325;sulphur_butterfly;4750;;0.8966315789473684;0.9050148746281343;0.8966315789473684;0.9008037225042301;4259;447;491
326;lycaenid;4750;;0.9202105263157895;0.8819612590799032;0.9202105263157895;0.9006799917576758;4371;585;379
87;African_grey;4750;;0.8381052631578947;0.9733496332518338;0.8381052631578947;0.9006787330316741;3981;109;769
594;harp;4750;;0.8962105263157895;0.9049744897959183;0.8962105263157895;0.9005711867992384;4257;447;493
535;disk_brake;4750;;0.8397894736842105;0.9682038834951456;0.8397894736842105;0.899436302142052;3989;131;761
244;Tibetan_mastiff;4750;;0.8871578947368421;0.9115293099718798;0.8871578947368421;0.8991784914115012;4214;409;536
25;European_fire_salamander;4750;;0.8867368421052632;0.9108996539792388;0.8867368421052632;0.8986558566247066;4212;412;538
953;pineapple;4750;;0.8517894736842105;0.9495423609481343;0.8517894736842105;0.8980135390078793;4046;215;704
668;mosque;4750;;0.9256842105263158;0.869315935152234;0.9256842105263158;0.8966150081566068;4397;661;353
614;kimono;4750;;0.9010526315789473;0.8920383493122134;0.9010526315789473;0.8965228320067029;4280;518;470
547;electric_locomotive;4750;;0.8936842105263157;0.899364406779661;0.8936842105263157;0.8965153115100316;4245;475;505
783;screw;4750;;0.8928421052631579;0.8992790500424088;0.8928421052631579;0.8960490175364463;4241;475;509
141;redshank;4750;;0.8616842105263158;0.9319216757741348;0.8616842105263158;0.8954276963465324;4093;299;657
714;pick;4750;;0.891578947368421;0.8957275803722504;0.891578947368421;0.8936484490398818;4235;493;515
247;Saint_Bernard;4750;;0.8551578947368421;0.9357290946786455;0.8551578947368421;0.8936310636893632;4062;279;688
472;canoe;4750;;0.8151578947368421;0.9882593159775396;0.8151578947368421;0.8934010152284264;3872;46;878
612;jinrikisha;4750;;0.8962105263157895;0.8900271795943968;0.8962105263157895;0.8931081506346377;4257;526;493
991;coral_fungus;4750;;0.8568421052631578;0.9324169530355098;0.8568421052631578;0.8930334613274821;4070;295;680
606;iron;4750;;0.8389473684210527;0.9535774108638431;0.8389473684210527;0.8925971553365438;3985;194;765
933;cheeseburger;4750;;0.848;0.9409016584910068;0.848;0.8920385339386557;4028;253;722
144;pelican;4750;;0.8301052631578948;0.9633520645003665;0.8301052631578948;0.8917788080967998;3943;150;807
12;house_finch;4750;;0.8469473684210527;0.9410526315789474;0.8469473684210527;0.8915235457063712;4023;252;727
694;paddlewheel;4750;;0.8467368421052631;0.9399392381397523;0.8467368421052631;0.8909070771957027;4022;257;728
757;recreational_vehicle;4750;;0.86;0.9239990952273242;0.86;0.890851597426671;4085;336;665
727;planetarium;4750;;0.8991578947368422;0.8818913896345241;0.8991578947368422;0.8904409465235067;4271;572;479
354;Arabian_camel;4750;;0.9025263157894737;0.8775844421699078;0.9025263157894737;0.889880643487286;4287;598;463
886;vending_machine;4750;;0.888421052631579;0.890295358649789;0.888421052631579;0.8893572181243414;4220;520;530
146;albatross;4750;;0.8623157894736843;0.9167412712623098;0.8623157894736843;0.8886960295074855;4096;372;654
148;killer_whale;4750;;0.8981052631578947;0.8794063079777366;0.8981052631578947;0.8886574315175503;4266;585;484
284;Siamese_cat;4750;;0.9250526315789473;0.8540330417881439;0.9250526315789473;0.8881253158160687;4394;751;356
829;streetcar;4750;;0.8983157894736842;0.8779835390946502;0.8983157894736842;0.8880332986472425;4267;593;483
16;bulbul;4750;;0.8578947368421053;0.9202800361336947;0.8578947368421053;0.8879930268032251;4075;353;675
990;buckeye;4750;;0.8833684210526316;0.892196470338082;0.8833684210526316;0.8877604993123877;4196;507;554
989;hip;4750;;0.9256842105263158;0.8524621946490888;0.9256842105263158;0.8875656035526848;4397;761;353
94;hummingbird;4750;;0.8294736842105264;0.9539951573849879;0.8294736842105264;0.8873873873873874;3940;190;810
717;pickup;4750;;0.8429473684210527;0.935077066791219;0.8429473684210527;0.8866253321523472;4004;278;746
355;llama;4750;;0.8227368421052632;0.9611411706837186;0.8227368421052632;0.8865698729582577;3908;158;842
554;fireboat;4750;;0.8882105263157895;0.8846718389599497;0.8882105263157895;0.8864376510137619;4219;550;531
571;gas_pump;4750;;0.8210526315789474;0.9627252530239447;0.8210526315789474;0.8862629246676516;3900;151;850
955;jackfruit;4750;;0.8322105263157895;0.9472801341960221;0.8322105263157895;0.8860248795248236;3953;220;797
322;ringlet;4750;;0.8648421052631579;0.9074442235476032;0.8648421052631579;0.8856311307534762;4108;419;642
736;pool_table;4750;;0.8677894736842106;0.9041456459749945;0.8677894736842106;0.8855945858846278;4122;437;628
448;birdhouse;4750;;0.8682105263157894;0.9035933391761612;0.8682105263157894;0.885548636461241;4124;440;626
569;garbage_truck;4750;;0.8976842105263158;0.8730548730548731;0.8976842105263158;0.8851982561760431;4264;620;486
561;forklift;4750;;0.880421052631579;0.8895979578813018;0.880421052631579;0.88498571579727;4182;519;568
575;golfcart;4750;;0.8471578947368421;0.9263351749539595;0.8471578947368421;0.8849791071035847;4024;320;726
458;brass;4750;;0.836421052631579;0.9383561643835616;0.836421052631579;0.8844612644701692;3973;261;777
396;lionfish;4750;;0.8463157894736842;0.9252013808975834;0.8463157894736842;0.8840021990104453;4020;325;730
993;gyromitra;4750;;0.9168421052631579;0.8530852105778648;0.9168421052631579;0.8838153221714865;4355;750;395
771;safe;4750;;0.8338947368421052;0.9395161290322581;0.8338947368421052;0.8835601159937542;3961;255;789
137;American_coot;4750;;0.8269473684210527;0.9483341380975374;0.8269473684210527;0.8834907782276203;3928;214;822
621;lawn_mower;4750;;0.888;0.8785669652155801;0.888;0.8832582975604649;4218;583;532
138;bustard;4750;;0.8336842105263158;0.9377219985792091;0.8336842105263158;0.8826479438314945;3960;263;790
444;bicycle-built-for-two;4750;;0.892;0.8734281591424449;0.892;0.882616394125612;4237;614;513
609;jeep;4750;;0.8701052631578947;0.8936216216216216;0.8701052631578947;0.8817066666666666;4133;492;617
945;bell_pepper;4750;;0.8414736842105263;0.9256600277906438;0.8414736842105263;0.8815615350683723;3997;321;753
324;cabbage_butterfly;4750;;0.848421052631579;0.9154929577464789;0.848421052631579;0.8806818181818182;4030;372;720
604;hourglass;4750;;0.9551578947368421;0.8167416741674167;0.9551578947368421;0.8805434255215915;4537;1018;213
645;maypole;4750;;0.9566315789473684;0.814628899247042;0.9566315789473684;0.8799380325329202;4544;1034;206
820;steam_locomotive;4750;;0.879578947368421;0.8790237744582369;0.879578947368421;0.8793012732821214;4178;575;572
734;police_van;4750;;0.9002105263157895;0.8581175998394541;0.9002105263157895;0.878660228090003;4276;707;474
439;bearskin;4750;;0.9621052631578947;0.8084203078011675;0.9621052631578947;0.878592713640296;4570;1083;180
919;street_sign;4750;;0.8772631578947369;0.8792994302595484;0.8772631578947369;0.8782801138159975;4167;572;583
451;bolo_tie;4750;;0.891578947368421;0.8653453208009808;0.891578947368421;0.878266279552053;4235;659;515
160;Afghan_hound;4750;;0.836421052631579;0.9226660473757547;0.836421052631579;0.8774293286219081;3973;333;777
486;cello;4750;;0.8770526315789474;0.8772373131185512;0.8770526315789474;0.8771449626276451;4166;583;584
684;ocarina;4750;;0.8808421052631579;0.8731218697829716;0.8808421052631579;0.876964996856005;4184;608;566
761;remote_control;4750;;0.8143157894736842;0.949901768172888;0.8143157894736842;0.8768986624348221;3868;204;882
755;radio_telescope;4750;;0.8629473684210527;0.8912807131985214;0.8629473684210527;0.8768852283666703;4099;500;651
701;parachute;4750;;0.9025263157894737;0.8514399205561073;0.9025263157894737;0.8762391415431783;4287;748;463
981;ballplayer;4750;;0.9061052631578947;0.8482459597950335;0.9061052631578947;0.8762214983713353;4304;770;446
957;pomegranate;4750;;0.8256842105263158;0.9329210275927687;0.8256842105263158;0.8760330578512395;3922;282;828
954;banana;4750;;0.8191578947368421;0.9409915356711004;0.8191578947368421;0.8758581879572314;3891;244;859
903;wig;4750;;0.8665263157894737;0.8853516885351689;0.8665263157894737;0.8758378550909671;4116;533;634
821;steel_arch_bridge;4750;;0.9212631578947369;0.8340003811701925;0.9212631578947369;0.8754626387916374;4376;871;374
18;magpie;4750;;0.8027368421052632;0.9611797327955633;0.8027368421052632;0.8748422622461856;3813;154;937
518;crash_helmet;4750;;0.86;0.8897843607057286;0.86;0.8746386896477893;4085;506;665
995;earthstar;4750;;0.9581052631578947;0.8043478260869565;0.9581052631578947;0.8745196003074557;4551;1107;199
849;teapot;4750;;0.8970526315789473;0.8520295940811837;0.8970526315789473;0.8739616449594914;4261;740;489
333;hamster;4750;;0.908;0.8423828125;0.908;0.8739614994934144;4313;807;437
719;piggy_bank;4750;;0.8463157894736842;0.9019519856405654;0.8463157894736842;0.873248615184099;4020;437;730
627;limousine;4750;;0.863578947368421;0.8829100301334482;0.863578947368421;0.8731375053214133;4102;544;648
426;barometer;4750;;0.8482105263157895;0.898528099910794;0.8482105263157895;0.8726445743989604;4029;455;721
417;balloon;4750;;0.8458947368421053;0.9002912838897602;0.8458947368421053;0.8722457397156193;4018;445;732
573;go-kart;4750;;0.9098947368421053;0.8361385180886052;0.9098947368421053;0.8714588164129449;4322;847;428
722;ping-pong_ball;4750;;0.8477894736842105;0.8964826357969724;0.8477894736842105;0.8714563947197577;4027;465;723
802;snowmobile;4750;;0.9402105263157895;0.812;0.9402105263157895;0.8714146341463416;4466;1034;284
937;broccoli;4750;;0.8370526315789474;0.9085923217550275;0.8370526315789474;0.871356563664256;3976;400;774
347;bison;4750;;0.8717894736842106;0.8708727655099895;0.8717894736842106;0.8713308784850079;4141;614;609
83;prairie_chicken;4750;;0.8907368421052632;0.8526803708182185;0.8907368421052632;0.8712932454695222;4231;731;519
948;Granny_Smith;4750;;0.8964210526315789;0.8468575974542562;0.8964210526315789;0.8709347514829209;4258;770;492
216;clumber;4750;;0.8555789473684211;0.8865619546247818;0.8555789473684211;0.8707949432183416;4064;520;686
927;trifle;4750;;0.8957894736842106;0.8471033247063507;0.8957894736842106;0.8707663972168219;4255;768;495
85;quail;4750;;0.8128421052631579;0.9364540383216104;0.8128421052631579;0.8702806266200834;3861;262;889
695;padlock;4750;;0.8631578947368421;0.8770053475935828;0.8631578947368421;0.870026525198939;4100;575;650
642;marimba;4750;;0.8309473684210527;0.9128122109158187;0.8309473684210527;0.8699581221071193;3947;377;803
916;web_site;4750;;0.9206315789473685;0.823230421686747;0.9206315789473685;0.8692108924667065;4373;939;377
429;baseball;4750;;0.832421052631579;0.9066727814721394;0.832421052631579;0.867961804412249;3954;407;796
471;cannon;4750;;0.8018947368421052;0.9442240951908776;0.8018947368421052;0.8672586520947176;3809;225;941
537;dogsled;4750;;0.928;0.8137345394129593;0.928;0.8671191108488248;4408;1009;342
672;mountain_tent;4750;;0.8629473684210527;0.8708306777140429;0.8629473684210527;0.866871100771915;4099;608;651
716;picket_fence;4750;;0.8492631578947368;0.8846491228070176;0.8492631578947368;0.8665950590762621;4034;526;716
102;echidna;4750;;0.8515789473684211;0.8804962995211145;0.8515789473684211;0.8657962328767124;4045;549;705
732;Polaroid_camera;4750;;0.8261052631578948;0.9091751621872104;0.8261052631578948;0.8656518861681006;3924;392;826
131;little_blue_heron;4750;;0.8745263157894737;0.8568481848184818;0.8745263157894737;0.8655969993748698;4154;694;596
752;racket;4750;;0.8549473684210527;0.8761596548004315;0.8549473684210527;0.8654235482152371;4061;574;689
605;iPod;4750;;0.8151578947368421;0.9212467285272424;0.8151578947368421;0.8649614654305818;3872;331;878
613;joystick;4750;;0.8496842105263158;0.8802617230098146;0.8496842105263158;0.8647027316550616;4036;549;714
628;liner;4750;;0.8273684210526315;0.9055299539170507;0.8273684210526315;0.8646864686468647;3930;410;820
306;rhinoceros_beetle;4750;;0.8385263157894737;0.8916498768748601;0.8385263157894737;0.8642725398719757;3983;484;767
401;accordion;4750;;0.787578947368421;0.9545802500637918;0.787578947368421;0.8630753258738032;3741;178;1009
327;starfish;4750;;0.8625263157894737;0.8621632996632996;0.8625263157894737;0.8623447695222058;4097;655;653
934;hotdog;4750;;0.8378947368421052;0.8881945994197724;0.8378947368421052;0.8623117755389449;3980;501;770
350;ibex;4750;;0.8688421052631579;0.8537443111294993;0.8688421052631579;0.8612270450751252;4127;707;623
808;sombrero;4750;;0.8206315789473684;0.9052484904784023;0.8206315789473684;0.8608657243816256;3898;408;852
545;electric_fan;4750;;0.8614736842105263;0.8602060121925583;0.8614736842105263;0.8608393815083623;4092;665;658
952;fig;4750;;0.8332631578947368;0.890238416554206;0.8332631578947368;0.8608090474119182;3958;488;792
93;hornbill;4750;;0.8098947368421052;0.9179193509902172;0.8098947368421052;0.8605301420422772;3847;344;903
474;cardigan;4750;;0.8566315789473684;0.863356673032039;0.8566315789473684;0.8599809785480291;4069;644;681
888;viaduct;4750;;0.8328421052631579;0.8881903906600809;0.8328421052631579;0.859626249456758;3956;498;794
512;corkscrew;4750;;0.860421052631579;0.8582528349433012;0.860421052631579;0.8593355761143818;4087;675;663
317;leafhopper;4750;;0.8151578947368421;0.9082805536007507;0.8151578947368421;0.8592033729058027;3872;391;878
704;parking_meter;4750;;0.7823157894736842;0.9528205128205128;0.7823157894736842;0.8591907514450867;3716;184;1034
507;combination_lock;4750;;0.8267368421052631;0.8941256830601093;0.8267368421052631;0.8591117917304747;3927;465;823
178;Weimaraner;4750;;0.8372631578947368;0.8816227000665041;0.8372631578947368;0.8588705323399201;3977;534;773
617;lab_coat;4750;;0.8614736842105263;0.855530002090738;0.8614736842105263;0.858491555648799;4092;691;658
610;jersey;4750;;0.8814736842105263;0.8360623003194888;0.8814736842105263;0.8581676573068251;4187;821;563
770;running_shoe;4750;;0.8353684210526315;0.881973771949322;0.8353684210526315;0.8580387068872312;3968;531;782
253;basenji;4750;;0.8429473684210527;0.8732824427480916;0.8429473684210527;0.8578468130690948;4004;581;746
814;speedboat;4750;;0.8896842105263157;0.8279780564263323;0.8896842105263157;0.857722752181855;4226;878;524
254;pug;4750;;0.8311578947368421;0.8854003139717426;0.8311578947368421;0.8574220870887175;3948;511;802
988;acorn;4750;;0.8410526315789474;0.8737970253718286;0.8410526315789474;0.8571122076807551;3995;577;755
630;Loafer;4750;;0.8214736842105264;0.8959816303099886;0.8214736842105264;0.857111477210324;3902;453;848
251;dalmatian;4750;;0.8189473684210526;0.8990062398890687;0.8189473684210526;0.8571113804120304;3890;437;860
344;hippopotamus;4750;;0.7945263157894736;0.9297856614929786;0.7945263157894736;0.856850947894199;3774;285;976
687;organ;4750;;0.7722105263157895;0.9619722003671649;0.7722105263157895;0.856709097278991;3668;145;1082
781;scoreboard;4750;;0.8806315789473684;0.8337651983256926;0.8806315789473684;0.85655779666223;4183;834;567
629;lipstick;4750;;0.844421052631579;0.8683697770080104;0.844421052631579;0.856227985910983;4011;608;739
268;Mexican_hairless;4750;;0.8547368421052631;0.857625686523025;0.8547368421052631;0.8561788274989457;4060;674;690
95;jacamar;4750;;0.9368421052631579;0.7877500442556205;0.9368421052631579;0.8558515241850178;4450;1199;300
563;fountain_pen;4750;;0.7766315789473685;0.9529837251356239;0.7766315789473685;0.855817190581139;3689;182;1061
654;minibus;4750;;0.8637894736842106;0.8479024591857822;0.8637894736842106;0.8557722390238814;4103;736;647
99;goose;4750;;0.8187368421052632;0.8952578268876611;0.8187368421052632;0.8552892016714317;3889;455;861
816;spindle;4750;;0.7861052631578948;0.9374843083103188;0.7861052631578948;0.8551471430207259;3734;249;1016
540;drilling_platform;4750;;0.9214736842105263;0.7977036632039366;0.9214736842105263;0.855133339845658;4377;1110;373
195;Boston_bull;4750;;0.867578947368421;0.8423957481602616;0.867578947368421;0.8548019083177764;4121;771;629
105;koala;4750;;0.8023157894736842;0.9145668346532277;0.8023157894736842;0.8547717842323652;3811;356;939
720;pill_bottle;4750;;0.8294736842105264;0.8812346231268172;0.8294736842105264;0.8545710877345191;3940;531;810
375;colobus;4750;;0.8153684210526316;0.8975666280417149;0.8153684210526316;0.8544953116381687;3873;442;877
225;malinois;4750;;0.8736842105263158;0.8358509566968781;0.8736842105263158;0.8543489449305198;4150;815;600
127;white_stork;4750;;0.7690526315789473;0.9608100999473961;0.7690526315789473;0.8543030869971936;3653;149;1097
853;thatch;4750;;0.8402105263157895;0.868741837178929;0.8402105263157895;0.8542380136986302;3991;603;759
398;abacus;4750;;0.8141052631578948;0.8984665427509294;0.8141052631578948;0.854208084824387;3867;437;883
133;bittern;4750;;0.7976842105263158;0.9181003149987884;0.7976842105263158;0.853666779317337;3789;338;961
918;crossword_puzzle;4750;;0.8187368421052632;0.8915635029802843;0.8187368421052632;0.8535996488147498;3889;473;861
721;pillow;4750;;0.7730526315789473;0.9517884914463453;0.7730526315789473;0.8531598513011152;3672;186;1078
711;perfume;4750;;0.7785263157894737;0.9436080632814493;0.7785263157894737;0.8531549198292767;3698;221;1052
801;snorkel;4750;;0.8585263157894737;0.8474646716541978;0.8585263157894737;0.8529596318761765;4078;734;672
291;lion;4750;;0.9385263157894737;0.7815568022440392;0.9385263157894737;0.8528792806581212;4458;1246;292
603;horse_cart;4750;;0.8063157894736842;0.9047956532010395;0.8063157894736842;0.8527218078592897;3830;403;920
763;revolver;4750;;0.9176842105263158;0.7952928297755884;0.9176842105263158;0.852116117681556;4359;1122;391
592;hard_disc;4750;;0.760421052631579;0.9678456591639871;0.760421052631579;0.851685923131337;3612;120;1138
678;neck_brace;4750;;0.8271578947368421;0.8766175814368585;0.8271578947368421;0.8511698440207971;3929;553;821
51;triceratops;4750;;0.8406315789473684;0.8605603448275863;0.8406315789473684;0.850479233226837;3993;647;757
932;pretzel;4750;;0.8227368421052632;0.8799819860391803;0.8227368421052632;0.8503971276248503;3908;533;842
217;English_springer;4750;;0.82;0.8826195331973714;0.82;0.8501582451162283;3895;518;855
449;boathouse;4750;;0.8092631578947368;0.8952026082906381;0.8092631578947368;0.8500663423264042;3844;450;906
475;car_mirror;4750;;0.9191578947368421;0.7903692976104272;0.9191578947368421;0.8499124002335994;4366;1158;384
362;badger;4750;;0.8410526315789474;0.85895506342722;0.8410526315789474;0.8499095840867993;3995;656;755
20;water_ouzel;4750;;0.788;0.921013779527559;0.788;0.8493306103925573;3743;321;1007
23;vulture;4750;;0.8317894736842105;0.867208077260755;0.8317894736842105;0.8491295938104448;3951;605;799
97;drake;4750;;0.7650526315789473;0.9538057742782152;0.7650526315789473;0.8490654205607476;3634;176;1116
786;sewing_machine;4750;;0.7686315789473684;0.9480654375486887;0.7686315789473684;0.8489710498779213;3651;200;1099
559;folding_chair;4750;;0.8141052631578948;0.8867232286172896;0.8141052631578948;0.8488640105367138;3867;494;883
872;tripod;4750;;0.8069473684210526;0.8953515533753796;0.8069473684210526;0.848853947514118;3833;448;917
235;German_shepherd;4750;;0.8141052631578948;0.8863167545267018;0.8141052631578948;0.8486777131570284;3867;496;883
495;china_cabinet;4750;;0.8115789473684211;0.889273356401384;0.8115789473684211;0.8486516235553109;3855;480;895
491;chain_saw;4750;;0.8747368421052631;0.8224465558194775;0.8747368421052631;0.8477861660885534;4155;897;595
870;tricycle;4750;;0.8536842105263158;0.8416355334163553;0.8536842105263158;0.8476170568561874;4055;763;695
260;chow;4750;;0.8722105263157894;0.8239856801909308;0.8722105263157894;0.8474125588054816;4143;885;607
274;dhole;4750;;0.8004210526315789;0.900094696969697;0.8004210526315789;0.8473367506128816;3802;422;948
515;cowboy_hat;4750;;0.8387368421052631;0.8556701030927835;0.8387368421052631;0.847118860301935;3984;672;766
517;crane;4750;;0.796;0.9047619047619048;0.796;0.8469033486392653;3781;398;969
566;French_horn;4750;;0.7549473684210526;0.9626845637583893;0.7549473684210526;0.8462536873156341;3586;139;1164
210;German_short-haired_pointer;4750;;0.8294736842105264;0.8636562911003945;0.8294736842105264;0.8462199312714778;3940;622;810
693;paddle;4750;;0.8682105263157894;0.8233180275504093;0.8682105263157894;0.8451685623527001;4124;885;626
428;barrow;4750;;0.7757894736842105;0.9277442094662638;0.7757894736842105;0.8449896812657647;3685;287;1065
156;Blenheim_spaniel;4750;;0.9183157894736842;0.7815803619423043;0.9183157894736842;0.8444487464911432;4362;1219;388
300;tiger_beetle;4750;;0.8770526315789474;0.8135129857449717;0.8770526315789474;0.8440887448080236;4166;955;584
812;space_shuttle;4750;;0.848;0.8398665554628857;0.848;0.8439136811229835;4028;768;722
218;Welsh_springer_spaniel;4750;;0.8461052631578947;0.8416753926701571;0.8461052631578947;0.8438845144356955;4019;756;731
959;carbonara;4750;;0.796;0.8978864877701258;0.796;0.8438790313581074;3781;430;969
521;Crock_Pot;4750;;0.7829473684210526;0.9146581406787998;0.7829473684210526;0.8436932849364792;3719;347;1031
920;traffic_light;4750;;0.8652631578947368;0.8231524133787302;0.8652631578947368;0.8436826439495022;4110;883;640
766;rotisserie;4750;;0.8538947368421053;0.8325123152709359;0.8538947368421053;0.8430679692371648;4056;816;694
823;stethoscope;4750;;0.779578947368421;0.9163573372927494;0.779578947368421;0.8424525082470709;3703;338;1047
914;yawl;4750;;0.7991578947368421;0.8902439024390244;0.7991578947368421;0.842245396050588;3796;468;954
670;motor_scooter;4750;;0.8953684210526316;0.7948047094001122;0.8953684210526316;0.842094842094842;4253;1098;497
392;rock_beauty;4750;;0.9707368421052631;0.7427512886597938;0.9707368421052631;0.841576930096733;4611;1597;139
649;megalith;4750;;0.8134736842105263;0.8710550045085663;0.8134736842105263;0.8412802090137165;3864;572;886
822;steel_drum;4750;;0.8071578947368421;0.8757423481041572;0.8071578947368421;0.8400525854513584;3834;544;916
157;papillon;4750;;0.8442105263157895;0.8354166666666667;0.8442105263157895;0.8397905759162304;4010;790;740
901;whiskey_jug;4750;;0.8722105263157894;0.8096540941958179;0.8722105263157894;0.8397689267254485;4143;974;607
593;harmonica;4750;;0.8351578947368421;0.8444018731375054;0.8351578947368421;0.8397544453852668;3967;731;783
365;orangutan;4750;;0.880421052631579;0.8017638036809815;0.880421052631579;0.839253461770018;4182;1034;568
294;brown_bear;4750;;0.887578947368421;0.7951716333459072;0.887578947368421;0.8388380421806607;4216;1086;534
147;grey_whale;4750;;0.8555789473684211;0.8226720647773279;0.8555789473684211;0.8388028895768834;4064;876;686
122;American_lobster;4750;;0.8477894736842105;0.8297960024726972;0.8477894736842105;0.8386962407580965;4027;826;723
580;greenhouse;4750;;0.7943157894736842;0.8867215041128085;0.7943157894736842;0.8379789006107717;3773;482;977
457;bow_tie;4750;;0.84;0.8359522313010685;0.84;0.8379712275543421;3990;783;760
132;American_egret;4750;;0.8922105263157895;0.7893462469733656;0.8922105263157895;0.8376321770925982;4238;1131;512
658;mitten;4750;;0.8690526315789474;0.8081440877055599;0.8690526315789474;0.837492391965916;4128;980;622
71;scorpion;4750;;0.8016842105263158;0.8762080073630925;0.8016842105263158;0.8372911169744942;3808;538;942
655;miniskirt;4750;;0.8061052631578948;0.8700295387411952;0.8061052631578948;0.8368484318653698;3829;572;921
715;pickelhaube;4750;;0.8629473684210527;0.8120047543581617;0.8629473684210527;0.8367013676260461;4099;949;651
958;hay;4750;;0.7616842105263157;0.9279302385226982;0.7616842105263157;0.8366285119667014;3618;281;1132
859;toaster;4750;;0.7764210526315789;0.9068109171379395;0.7764210526315789;0.8365657253033911;3688;379;1062
882;vacuum;4750;;0.7553684210526316;0.9368146214099217;0.7553684210526316;0.8363636363636363;3588;242;1162
447;binoculars;4750;;0.7953684210526316;0.8810634328358209;0.7953684210526316;0.8360256693958842;3778;510;972
949;strawberry;4750;;0.8781052631578947;0.7967526265520535;0.8781052631578947;0.8354531797696545;4171;1064;579
393;anemone_fish;4750;;0.7498947368421053;0.9428268925357332;0.7498947368421053;0.8353658536585366;3562;216;1188
198;standard_schnauzer;4750;;0.7753684210526316;0.9051363971491767;0.7753684210526316;0.8352420909400159;3683;386;1067
57;garter_snake;4750;;0.8014736842105263;0.8709677419354839;0.8014736842105263;0.8347768884990682;3807;564;943
456;bow;4750;;0.844;0.8255766062602965;0.844;0.8346866541744743;4009;847;741
452;bonnet;4750;;0.7978947368421052;0.8742791234140715;0.7978947368421052;0.8343423225096313;3790;545;960
70;harvestman;4750;;0.7654736842105263;0.9163306451612904;0.7654736842105263;0.8341362697866483;3636;332;1114
140;red-backed_sandpiper;4750;;0.7842105263157895;0.8905092039206312;0.7842105263157895;0.8339863427739841;3725;458;1025
500;cliff_dwelling;4750;;0.7924210526315789;0.8796447768170134;0.7924210526315789;0.8337578912393399;3764;515;986
338;guinea_pig;4750;;0.7541052631578947;0.9318418314255983;0.7541052631578947;0.8336048405864557;3582;262;1168
532;dining_table;4750;;0.8541052631578947;0.8140048154093098;0.8541052631578947;0.8335730429422643;4057;927;693
31;tree_frog;4750;;0.8018947368421052;0.8678514467988152;0.8018947368421052;0.833570412517781;3809;580;941
363;armadillo;4750;;0.8162105263157895;0.8515264660663299;0.8162105263157895;0.833494571643556;3877;676;873
404;airliner;4750;;0.9151578947368421;0.7646437994722955;0.9151578947368421;0.8331576425491135;4347;1338;403
941;acorn_squash;4750;;0.7896842105263158;0.8815511163337251;0.7896842105263158;0.8330927262631871;3751;504;999
245;French_bulldog;4750;;0.7753684210526316;0.899169921875;0.7753684210526316;0.8326927424824778;3683;413;1067
496;Christmas_stocking;4750;;0.9574736842105264;0.7366375121477162;0.9574736842105264;0.8326620285609667;4548;1626;202
922;menu;4750;;0.7951578947368421;0.8734967622571693;0.7951578947368421;0.8324884284769671;3777;547;973
522;croquet_ball;4750;;0.8574736842105263;0.8079746082126562;0.8574736842105263;0.8319885609232969;4073;968;677
433;bathing_cap;4750;;0.8551578947368421;0.8099700897308075;0.8551578947368421;0.8319508448540707;4062;953;688
902;whistle;4750;;0.8713684210526316;0.7956555171088043;0.8713684210526316;0.8317926045016077;4139;1063;611
924;guacamole;4750;;0.7532631578947369;0.928386092371562;0.7532631578947369;0.8317061831706183;3578;276;1172
568;fur_coat;4750;;0.8509473684210527;0.8126256533976679;0.8509473684210527;0.8313451254627726;4042;932;708
912;worm_fence;4750;;0.8292631578947368;0.8332980748889359;0.8292631578947368;0.831275720164609;3939;788;811
423;barber_chair;4750;;0.836;0.8260869565217391;0.836;0.831013916500994;3971;836;779
296;ice_bear;4750;;0.8225263157894737;0.8394929093253115;0.8225263157894737;0.8309230114844747;3907;747;843
229;Old_English_sheepdog;4750;;0.8503157894736842;0.8123491552695092;0.8503157894736842;0.8308989919769595;4039;933;711
852;tennis_ball;4750;;0.8581052631578947;0.8052153299091268;0.8581052631578947;0.8308194048104363;4076;986;674
686;oil_filter;4750;;0.8532631578947368;0.8080143540669856;0.8532631578947368;0.830022527134958;4053;963;697
286;cougar;4750;;0.7863157894736842;0.8788235294117647;0.7863157894736842;0.83;3735;515;1015
659;mixing_bowl;4750;;0.7728421052631579;0.8953658536585366;0.7728421052631579;0.8296045197740113;3671;429;1079
877;turnstile;4750;;0.7911578947368421;0.8717234980282997;0.7911578947368421;0.8294890188720891;3758;553;992
514;cowboy_boot;4750;;0.775578947368421;0.8909310761789601;0.775578947368421;0.8292628024760832;3684;451;1066
697;pajama;4750;;0.8275789473684211;0.8309025575988164;0.8275789473684211;0.8292374222128468;3931;800;819
480;cash_machine;4750;;0.7627368421052632;0.9073378412221388;0.7627368421052632;0.828777307560334;3623;370;1127
1;goldfish;4750;;0.8574736842105263;0.8011408339889851;0.8574736842105263;0.8283506202969291;4073;1011;677
53;ringneck_snake;4750;;0.776;0.8881927710843374;0.776;0.8283146067415731;3686;464;1064
553;file;4750;;0.7633684210526316;0.9049163963064637;0.7633684210526316;0.8281374900079936;3626;381;1124
867;trailer_truck;4750;;0.8488421052631578;0.8078541374474053;0.8488421052631578;0.8278410840776101;4032;959;718
383;Madagascar_cat;4750;;0.8743157894736842;0.7850661625708885;0.8743157894736842;0.8272908366533864;4153;1137;597
635;magnetic_compass;4750;;0.8216842105263158;0.8327288244079368;0.8216842105263158;0.8271696513722581;3903;784;847
837;sunglasses;4750;;0.7745263157894737;0.886933461909354;0.7745263157894737;0.826927399415599;3679;469;1071
142;dowitcher;4750;;0.884;0.7757251062257529;0.884;0.826330807832333;4199;1214;551
896;washbasin;4750;;0.7968421052631579;0.8580820675583768;0.7968421052631579;0.8263290033839101;3785;626;965
615;knee_pad;4750;;0.8311578947368421;0.8213022675265238;0.8311578947368421;0.8262006905932824;3948;859;802
113;snail;4750;;0.7930526315789473;0.861619396157365;0.7930526315789473;0.825915369436527;3767;605;983
548;entertainment_center;4750;;0.903578947368421;0.7603188662533216;0.903578947368421;0.8257816257816257;4292;1353;458
467;butcher_shop;4750;;0.7932631578947369;0.8610603290676416;0.7932631578947369;0.8257725180802102;3768;608;982
301;ladybug;4750;;0.8947368421052632;0.7661799170722914;0.8947368421052632;0.8254831504321648;4250;1297;500
510;container_ship;4750;;0.8882105263157895;0.7710160818713451;0.8882105263157895;0.8254744668362356;4219;1253;531
963;pizza;4750;;0.7745263157894737;0.883525456292027;0.7745263157894737;0.8254431231770251;3679;485;1071
765;rocking_chair;4750;;0.8012631578947368;0.8506928922664283;0.8012631578947368;0.8252385082393754;3806;668;944
773;saltshaker;4750;;0.7816842105263158;0.8736470588235294;0.7816842105263158;0.8251111111111111;3713;537;1037
938;cauliflower;4750;;0.8176842105263158;0.832583065380493;0.8176842105263158;0.8250663834306956;3884;781;866
665;moped;4750;;0.7772631578947369;0.8788383718162343;0.7772631578947369;0.824935761367445;3692;509;1058
98;red-breasted_merganser;4750;;0.9187368421052632;0.7482853223593965;0.9187368421052632;0.8247968247968248;4364;1468;386
169;borzoi;4750;;0.8086315789473684;0.8415863277826467;0.8086315789473684;0.8247799012239638;3841;723;909
261;keeshond;4750;;0.8214736842105264;0.8277471361900721;0.8214736842105264;0.8245984784446323;3902;812;848
891;waffle_iron;4750;;0.7543157894736842;0.9091601116467901;0.7543157894736842;0.8245311241514209;3583;358;1167
841;sweatshirt;4750;;0.7745263157894737;0.8809865900383141;0.7745263157894737;0.8243334080215103;3679;497;1071
724;pirate;4750;;0.8391578947368421;0.809833401056481;0.8391578947368421;0.824234904880066;3986;936;764
468;cab;4750;;0.8690526315789474;0.7833017077798862;0.8690526315789474;0.8239520958083832;4128;1142;622
982;groom;4750;;0.7597894736842106;0.898879202988792;0.7597894736842106;0.8235025670279521;3609;406;1141
391;coho;4750;;0.7507368421052631;0.9113212369026322;0.7507368421052631;0.8232713840470969;3566;347;1184
739;potter's_wheel;4750;;0.8610526315789474;0.7886617817200154;0.8610526315789474;0.8232689210950079;4090;1096;660
258;Samoyed;4750;;0.8225263157894737;0.8237402487876871;0.8225263157894737;0.8231328347203203;3907;836;843
679;necklace;4750;;0.8541052631578947;0.7942443226311668;0.8541052631578947;0.8230878474335566;4057;1051;693
214;Gordon_setter;4750;;0.8389473684210527;0.8076611268747467;0.8389473684210527;0.8230070218917802;3985;949;765
842;swimming_trunks;4750;;0.8543157894736843;0.7933528836754643;0.8543157894736843;0.822706538266599;4058;1057;692
589;hand_blower;4750;;0.744421052631579;0.9191577852872368;0.744421052631579;0.8226125392578807;3536;311;1214
308;fly;4750;;0.763578947368421;0.8907170923379175;0.763578947368421;0.8222625255044207;3627;445;1123
778;scale;4750;;0.7242105263157895;0.9502762430939227;0.7242105263157895;0.8219832735961768;3440;180;1310
174;Norwegian_elkhound;4750;;0.8122105263157895;0.8318240620957309;0.8122105263157895;0.8219002982530891;3858;780;892
173;Ibizan_hound;4750;;0.7583157894736842;0.896689071446353;0.7583157894736842;0.8217178054066385;3602;415;1148
543;dumbbell;4750;;0.8458947368421053;0.798807157057654;0.8458947368421053;0.8216768916155419;4018;1012;732
564;four-poster;4750;;0.872;0.7756554307116105;0.872;0.8210109018830525;4142;1198;608
538;dome;4750;;0.7877894736842105;0.8564888990615701;0.7877894736842105;0.8207040245640969;3742;627;1008
737;pop_bottle;4750;;0.7378947368421053;0.9243143459915611;0.7378947368421053;0.8206509014282369;3505;287;1245
213;Irish_setter;4750;;0.7753684210526316;0.871509701845717;0.7753684210526316;0.8206327985739751;3683;543;1067
864;tow_truck;4750;;0.7848421052631579;0.8591841438119382;0.7848421052631579;0.8203322697766531;3728;611;1022
880;unicycle;4750;;0.8252631578947368;0.814968814968815;0.8252631578947368;0.8200836820083681;3920;890;830
795;ski;4750;;0.8669473684210526;0.7778617302606725;0.8669473684210526;0.8199920350457987;4118;1176;632
699;panpipe;4750;;0.8372631578947368;0.8031098546042004;0.8372631578947368;0.8198309626881055;3977;975;773
7;cock;4750;;0.783578947368421;0.8595842956120092;0.783578947368421;0.8198237885462554;3722;608;1028
432;bassoon;4750;;0.8115789473684211;0.8277861284088469;0.8115789473684211;0.8196024237270119;3855;802;895
994;stinkhorn;4750;;0.7852631578947369;0.8558972005507114;0.7852631578947369;0.8190601668862539;3730;628;1020
410;apiary;4750;;0.7581052631578947;0.8902348578491965;0.7581052631578947;0.8188743604320636;3601;444;1149
869;trench_coat;4750;;0.7856842105263158;0.8543956043956044;0.7856842105263158;0.8186005703005044;3732;636;1018
473;can_opener;4750;;0.7709473684210526;0.8723201524535493;0.7709473684210526;0.8185069289226642;3662;536;1088
780;schooner;4750;;0.8852631578947369;0.7606729377713459;0.8852631578947369;0.8182525783226309;4205;1323;545
511;convertible;4750;;0.9018947368421053;0.7486892694861936;0.9018947368421053;0.8181818181818181;4284;1438;466
10;brambling;4750;;0.8694736842105263;0.77196261682243;0.8694736842105263;0.8178217821782179;4130;1220;620
215;Brittany_spaniel;4750;;0.7772631578947369;0.861409239384041;0.7772631578947369;0.8171757414785302;3692;594;1058
855;thimble;4750;;0.7738947368421053;0.8653483992467044;0.7738947368421053;0.817070460102245;3676;572;1074
389;barracouta;4750;;0.8806315789473684;0.7616533139111434;0.8806315789473684;0.8168326498730716;4183;1309;567
833;submarine;4750;;0.7810526315789473;0.8560221504383941;0.7810526315789473;0.8168207837956847;3710;624;1040
641;maraca;4750;;0.8766315789473684;0.7640366972477064;0.8766315789473684;0.8164705882352942;4164;1286;586
440;beer_bottle;4750;;0.8741052631578947;0.7659103486441616;0.8741052631578947;0.8164388948972569;4152;1269;598
316;cicada;4750;;0.7294736842105263;0.9264705882352942;0.7294736842105263;0.8162544169611307;3465;275;1285
753;radiator;4750;;0.7724210526315789;0.8647183596511901;0.7724210526315789;0.8159679750917379;3669;574;1081
134;crane;4750;;0.7149473684210527;0.9499300699300699;0.7149473684210527;0.8158558558558558;3396;179;1354
384;indri;4750;;0.832421052631579;0.7995955510616785;0.832421052631579;0.8156781846312533;3954;991;796
421;bannister;4750;;0.7762105263157895;0.8592402703332557;0.7762105263157895;0.8156177414002876;3687;604;1063
703;park_bench;4750;;0.8052631578947368;0.8259555171669186;0.8052631578947368;0.8154780940198273;3825;806;925
740;power_drill;4750;;0.7629473684210526;0.8753623188405797;0.7629473684210526;0.8152980877390326;3624;516;1126
840;swab;4750;;0.7570526315789474;0.8813725490196078;0.7570526315789474;0.8144960362400906;3596;484;1154
966;red_wine;4750;;0.808;0.8209625668449197;0.808;0.8144297082228116;3838;837;912
459;brassiere;4750;;0.8326315789473684;0.7968970380818053;0.8326315789473684;0.8143724904766807;3955;1008;795
647;measuring_cup;4750;;0.7326315789473684;0.9165130366078483;0.7326315789473684;0.8143208143208144;3480;317;1270
490;chain_mail;4750;;0.8172631578947368;0.8104384133611691;0.8172631578947368;0.8138364779874213;3882;908;868
897;washer;4750;;0.728;0.9221333333333334;0.728;0.8136470588235295;3458;292;1292
758;reel;4750;;0.7452631578947368;0.8952959028831563;0.7452631578947368;0.813419117647059;3540;414;1210
544;Dutch_oven;4750;;0.7494736842105263;0.8882235528942116;0.7494736842105263;0.8129709979447363;3560;448;1190
450;bobsled;4750;;0.8244210526315789;0.8018018018018018;0.8244210526315789;0.8129541208220884;3916;968;834
572;goblet;4750;;0.7402105263157894;0.9013073570879262;0.7402105263157894;0.8128540053173043;3516;385;1234
774;sandal;4750;;0.739578947368421;0.9021571648690293;0.739578947368421;0.8128181397501157;3513;381;1237
264;Cardigan;4750;;0.7793684210526316;0.8473334859235523;0.7793684210526316;0.811931132799649;3702;667;1048
707;pay-phone;4750;;0.8126315789473684;0.8110947678083631;0.8126315789473684;0.8118624461036913;3860;899;890
403;aircraft_carrier;4750;;0.8141052631578948;0.8095038727234666;0.8141052631578948;0.8117980476540358;3867;910;883
262;Brabancon_griffon;4750;;0.8212631578947368;0.802179724449928;0.8212631578947368;0.8116092791012172;3901;962;849
228;komondor;4750;;0.8471578947368421;0.7783365570599613;0.8471578947368421;0.8112903225806452;4024;1146;726
789;shoji;4750;;0.8705263157894737;0.7594123048668503;0.8705263157894737;0.8111819519372242;4135;1310;615
177;Scottish_deerhound;4750;;0.8492631578947368;0.7763664357197845;0.8492631578947368;0.8111803740197064;4034;1162;716
8;hen;4750;;0.7597894736842106;0.8692196531791907;0.7597894736842106;0.8108290271849024;3609;543;1141
825;stone_wall;4750;;0.7690526315789473;0.8573104904951889;0.7690526315789473;0.8107868161136389;3653;608;1097
656;minivan;4750;;0.7256842105263158;0.9179760319573902;0.7256842105263158;0.8105820105820106;3447;308;1303
730;plow;4750;;0.7393684210526316;0.8954614992350841;0.7393684210526316;0.8099630996309963;3512;410;1238
666;mortar;4750;;0.8004210526315789;0.8195731838758353;0.8004210526315789;0.809883906699329;3802;837;948
796;ski_mask;4750;;0.9010526315789473;0.7340078888698337;0.9010526315789473;0.8089972592382572;4280;1551;470
320;damselfly;4750;;0.9033684210526316;0.7315035799522673;0.9033684210526316;0.8084024114544084;4291;1575;459
929;ice_lolly;4750;;0.7429473684210526;0.886460688269279;0.7429473684210526;0.80838391936777;3529;452;1221
494;chime;4750;;0.7503157894736842;0.8761061946902655;0.7503157894736842;0.8083465638466772;3564;504;1186
487;cellular_telephone;4750;;0.8176842105263158;0.7988482106129164;0.8176842105263158;0.8081564710778193;3884;978;866
364;three-toed_sloth;4750;;0.8221052631578948;0.7941834451901566;0.8221052631578948;0.8079031757525603;3905;1012;845
951;lemon;4750;;0.8058947368421052;0.8098159509202454;0.8058947368421052;0.8078505856283634;3828;899;922
850;teddy;4750;;0.8202105263157895;0.7944535073409462;0.8202105263157895;0.8071265796561011;3896;1008;854
190;Sealyham_terrier;4750;;0.8734736842105263;0.7495934959349594;0.8734736842105263;0.8068060281964026;4149;1386;601
574;golf_ball;4750;;0.8277894736842105;0.7867146858743498;0.8277894736842105;0.8067295855560115;3932;1066;818
831;studio_couch;4750;;0.840421052631579;0.7755974353992617;0.840421052631579;0.8067091037688189;3992;1155;758
498;cinema;4750;;0.7717894736842106;0.8448951371283706;0.7717894736842106;0.8066894047750028;3666;673;1084
726;plane;4750;;0.8589473684210527;0.7602012297372834;0.8589473684210527;0.8065632104378768;4080;1287;670
646;maze;4750;;0.9084210526315789;0.724479516453996;0.9084210526315789;0.8060900429665607;4315;1641;435
931;bagel;4750;;0.7416842105263158;0.8825150300601202;0.7416842105263158;0.8059940517044155;3523;469;1227
79;centipede;4750;;0.7477894736842106;0.8740157480314961;0.7477894736842106;0.8059904697072838;3552;512;1198
289;snow_leopard;4750;;0.8412631578947368;0.7733694600348364;0.8412631578947368;0.8058888776847837;3996;1171;754
713;photocopier;4750;;0.844;0.7709615384615385;0.844;0.8058291457286432;4009;1191;741
465;bulletproof_vest;4750;;0.8751578947368421;0.7465876436781609;0.8751578947368421;0.8057763132389999;4157;1411;593
273;dingo;4750;;0.7757894736842105;0.8380714123265863;0.7757894736842105;0.805728654203564;3685;712;1065
152;Japanese_spaniel;4750;;0.8751578947368421;0.7457839971295299;0.8751578947368421;0.8053080201472297;4157;1417;593
477;carpenter's_kit;4750;;0.8315789473684211;0.7806324110671937;0.8315789473684211;0.8053007135575944;3950;1110;800
437;beacon;4750;;0.7957894736842105;0.815006468305304;0.7957894736842105;0.8052833404345974;3780;858;970
227;kelpie;4750;;0.7762105263157895;0.835675430643699;0.7762105263157895;0.8048461034708578;3687;725;1063
676;muzzle;4750;;0.7107368421052631;0.9269632070291048;0.7107368421052631;0.8045757864632984;3376;266;1374
936;head_cabbage;4750;;0.8151578947368421;0.7942564102564103;0.8151578947368421;0.8045714285714286;3872;1003;878
422;barbell;4750;;0.7454736842105263;0.8730276134122288;0.7454736842105263;0.8042243924596866;3541;515;1209
270;white_wolf;4750;;0.7650526315789473;0.8466915191053123;0.7650526315789473;0.8038044680380446;3634;658;1116
826;stopwatch;4750;;0.7322105263157894;0.8908811475409836;0.7322105263157894;0.8037901548416916;3478;426;1272
983;scuba_diver;4750;;0.7928421052631579;0.8144463667820069;0.7928421052631579;0.803499039897589;3766;858;984
411;apron;4750;;0.7153684210526315;0.9151629410180447;0.7153684210526315;0.80302493205719;3398;315;1352
640;manhole_cover;4750;;0.7086315789473684;0.9257425742574258;0.7086315789473684;0.8027665156212735;3366;270;1384
723;pinwheel;4750;;0.8888421052631579;0.7317157712305026;0.8888421052631579;0.8026615969581748;4222;1548;528
775;sarong;4750;;0.8023157894736842;0.8029919932574799;0.8023157894736842;0.802653748946925;3811;935;939
747;punching_bag;4750;;0.7726315789473684;0.8350398179749715;0.7726315789473684;0.8026243849097868;3670;725;1080
75;black_widow;4750;;0.8330526315789474;0.7734558248631743;0.8330526315789474;0.8021487938374214;3957;1159;793
164;bluetick;4750;;0.7562105263157894;0.8528015194681862;0.7562105263157894;0.8016067841999553;3592;620;1158
772;safety_pin;4750;;0.7418947368421053;0.8709836875926842;0.7418947368421053;0.8012733060482039;3524;522;1226
616;knot;4750;;0.8423157894736842;0.7639870154668703;0.8423157894736842;0.8012416140983278;4001;1236;749
557;flagpole;4750;;0.7928421052631579;0.8091963902019768;0.7928421052631579;0.8009357720119099;3766;888;984
586;half_track;4750;;0.8090526315789474;0.7925345432047844;0.8090526315789474;0.8007084071257422;3843;1006;907
806;sock;4750;;0.7909473684210526;0.8102221263748113;0.7909473684210526;0.8004687333546394;3757;880;993
921;book_jacket;4750;;0.8050526315789474;0.794845146539181;0.8050526315789474;0.7999163267440643;3824;987;926
785;seat_belt;4750;;0.787578947368421;0.8123778501628665;0.787578947368421;0.7997862105825762;3741;864;1009
234;Rottweiler;4750;;0.8124210526315789;0.7869086460032626;0.8124210526315789;0.7994613631655272;3859;1045;891
292;tiger;4750;;0.9044210526315789;0.7152847152847153;0.9044210526315789;0.7988099665303086;4296;1710;454
570;gasmask;4750;;0.8673684210526316;0.7399425287356322;0.8673684210526316;0.798604380693933;4120;1448;630
858;tile_roof;4750;;0.7606315789473684;0.8396467580757611;0.7606315789473684;0.7981884458190655;3613;690;1137
971;bubble;4750;;0.7627368421052632;0.8365273608866313;0.7627368421052632;0.7979297434203281;3623;708;1127
441;beer_glass;4750;;0.8107368421052632;0.7851172273190622;0.8107368421052632;0.7977213878819265;3851;1054;899
682;obelisk;4750;;0.8082105263157895;0.7873256767842494;0.8082105263157895;0.7976314149179307;3839;1037;911
583;guillotine;4750;;0.8378947368421052;0.7609942638623327;0.8378947368421052;0.7975951903807614;3980;1250;770
652;military_uniform;4750;;0.7330526315789474;0.8711533650237678;0.7330526315789474;0.7961586829770206;3482;515;1268
698;palace;4750;;0.8176842105263158;0.7757140003994408;0.8176842105263158;0.7961463564620274;3884;1123;866
331;hare;4750;;0.7747368421052632;0.8183233266622193;0.7747368421052632;0.7959338163728776;3680;817;1070
503;cocktail_shaker;4750;;0.8338947368421052;0.7609990393852065;0.8338947368421052;0.795781014565545;3961;1244;789
942;butternut_squash;4750;;0.7488421052631579;0.8485209923664122;0.7488421052631579;0.7955714605233728;3557;635;1193
745;projector;4750;;0.7629473684210526;0.8308115543328748;0.7629473684210526;0.7954345917471466;3624;738;1126
738;pot;4750;;0.8936842105263157;0.7163347958150523;0.8936842105263157;0.7952416635443985;4245;1681;505
759;reflex_camera;4750;;0.8002105263157895;0.7897361313110326;0.8002105263157895;0.7949388267280141;3801;1012;949
346;water_buffalo;4750;;0.7682105263157895;0.822402524228082;0.7682105263157895;0.7943833678023293;3649;788;1101
263;Pembroke;4750;;0.7332631578947368;0.8664179104477612;0.7332631578947368;0.7942987457240593;3483;537;1267
172;whippet;4750;;0.7294736842105263;0.8716981132075472;0.7294736842105263;0.794269340974212;3465;510;1285
551;face_powder;4750;;0.8652631578947368;0.7337975361542581;0.8652631578947368;0.7941261713844073;4110;1491;640
827;stove;4750;;0.7223157894736842;0.8810991268618388;0.7223157894736842;0.7938454419250348;3431;463;1319
710;pencil_sharpener;4750;;0.7128421052631579;0.8955302829939169;0.7128421052631579;0.7938108076427148;3386;395;1364
708;pedestal;4750;;0.7391578947368421;0.857177734375;0.7391578947368421;0.793805109654081;3511;585;1239
907;wine_bottle;4750;;0.7812631578947369;0.8065637904803303;0.7812631578947369;0.7937119024703241;3711;890;1039
760;refrigerator;4750;;0.7842105263157895;0.8029747790472085;0.7842105263157895;0.7934817339439771;3725;914;1025
608;jean;4750;;0.7892631578947369;0.7976595744680851;0.7892631578947369;0.7934391534391535;3749;951;1001
367;chimpanzee;4750;;0.8261052631578948;0.7625340069957248;0.8261052631578948;0.7930476960388035;3924;1222;826
81;ptarmigan;4750;;0.7408421052631579;0.851233671988389;0.7408421052631579;0.7922107158937415;3519;615;1231
776;sax;4750;;0.767578947368421;0.8180390397128113;0.767578947368421;0.792006082328663;3646;811;1104
56;king_snake;4750;;0.6795789473684211;0.9480176211453745;0.6795789473684211;0.7916615573267933;3228;177;1522
769;rule;4750;;0.7214736842105263;0.8764705882352941;0.7214736842105263;0.7914549653579676;3427;483;1323
729;plate_rack;4750;;0.7187368421052631;0.8803506962351728;0.7187368421052631;0.7913769123783032;3414;464;1336
232;Border_collie;4750;;0.8421052631578947;0.7458512026850643;0.8421052631578947;0.7910610105804411;4000;1363;750
236;Doberman;4750;;0.7187368421052631;0.8789907312049433;0.7187368421052631;0.7908269631688672;3414;470;1336
243;bull_mastiff;4750;;0.7153684210526315;0.8837451235370611;0.7153684210526315;0.7906922629435719;3398;447;1352
104;wallaby;4750;;0.7252631578947368;0.8688524590163934;0.7252631578947368;0.7905909351692485;3445;520;1305
836;sunglass;4750;;0.7665263157894737;0.8161847119479937;0.7665263157894737;0.790576484637933;3641;820;1109
259;Pomeranian;4750;;0.8315789473684211;0.7528111301696208;0.8315789473684211;0.7902370711213366;3950;1297;800
366;gorilla;4750;;0.8498947368421053;0.7378906963991958;0.8498947368421053;0.789942275706878;4037;1434;713
791;shopping_cart;4750;;0.8307368421052631;0.7527661198016025;0.8307368421052631;0.7898318654923939;3946;1296;804
851;television;4750;;0.8088421052631579;0.771021473008228;0.8088421052631579;0.7894790917497175;3842;1141;908
756;rain_barrel;4750;;0.7661052631578947;0.8142761244126203;0.7661052631578947;0.7894565571103157;3639;830;1111
237;miniature_pinscher;4750;;0.7661052631578947;0.8140939597315436;0.7661052631578947;0.7893709327548807;3639;831;1111
883;vase;4750;;0.763578947368421;0.8168918918918919;0.763578947368421;0.7893362350380849;3627;813;1123
21;kite;4750;;0.8458947368421053;0.7386029411764706;0.8458947368421053;0.7886162904808637;4018;1422;732
531;digital_watch;4750;;0.7936842105263158;0.7831325301204819;0.7936842105263158;0.7883730656629026;3770;1044;980
185;Norfolk_terrier;4750;;0.7096842105263158;0.8861724500525763;0.7096842105263158;0.7881692775309797;3371;433;1379
39;common_iguana;4750;;0.7212631578947368;0.866683531495067;0.7212631578947368;0.7873147190623923;3426;527;1324
790;shopping_basket;4750;;0.8077894736842105;0.7677070828331333;0.8077894736842105;0.7872384078785392;3837;1161;913
445;bikini;4750;;0.7829473684210526;0.7912765957446809;0.7829473684210526;0.7870899470899472;3719;981;1031
436;beach_wagon;4750;;0.7593684210526316;0.8164327750113174;0.7593684210526316;0.786867364746946;3607;811;1143
150;sea_lion;4750;;0.7052631578947368;0.8897742363877822;0.7052631578947368;0.7868467410452142;3350;415;1400
533;dishrag;4750;;0.7288421052631578;0.8546038015304863;0.7288421052631578;0.7867287808203614;3462;589;1288
889;violin;4750;;0.7597894736842106;0.815408947130592;0.7597894736842106;0.7866172624237142;3609;817;1141
706;patio;4750;;0.7061052631578948;0.8877713075701429;0.7061052631578948;0.7865853658536587;3354;424;1396
857;throne;4750;;0.8513684210526316;0.730359400397327;0.8513684210526316;0.7862350539515894;4044;1493;706
463;bucket;4750;;0.7328421052631579;0.8479902557856273;0.7328421052631579;0.786222473178995;3481;624;1269
455;bottlecap;4750;;0.7911578947368421;0.7808019945979638;0.7911578947368421;0.7859458328976262;3758;1055;992
632;loudspeaker;4750;;0.724421052631579;0.8583187827388377;0.724421052631579;0.7857061308368537;3441;568;1309
279;Arctic_fox;4750;;0.8387368421052631;0.7388724035608308;0.8387368421052631;0.7856438572273713;3984;1408;766
414;backpack;4750;;0.6894736842105263;0.9125104485929229;0.6894736842105263;0.7854658831994243;3275;314;1475
653;milk_can;4750;;0.7869473684210526;0.7839765100671141;0.7869473684210526;0.7854591300693423;3738;1030;1012
239;Bernese_mountain_dog;4750;;0.8886315789473684;0.7037345781927309;0.8886315789473684;0.7854484555266096;4221;1777;529
86;partridge;4750;;0.7753684210526316;0.7956362065240873;0.7753684210526316;0.7853715747947543;3683;946;1067
643;mask;4750;;0.7865263157894736;0.7837214180826516;0.7865263157894736;0.7851213617736681;3736;1031;1014
309;bee;4750;;0.7852631578947369;0.7842724978973927;0.7852631578947369;0.7847675152535241;3730;1026;1020
588;hamper;4750;;0.7149473684210527;0.8683201227307594;0.7149473684210527;0.7842050571527538;3396;515;1354
939;zucchini;4750;;0.739578947368421;0.8342436475896462;0.739578947368421;0.7840642785403414;3513;698;1237
45;Gila_monster;4750;;0.6863157894736842;0.9129095491458975;0.6863157894736842;0.7835596683090975;3260;311;1490
28;spotted_salamander;4750;;0.7469473684210526;0.8237752495936846;0.7469473684210526;0.7834823893121343;3548;759;1202
368;gibbon;4750;;0.783578947368421;0.7830843677677256;0.783578947368421;0.78333157950121;3722;1031;1028
196;miniature_schnauzer;4750;;0.7538947368421053;0.8151604825859322;0.7538947368421053;0.7833315104451493;3581;812;1169
336;marmot;4750;;0.7692631578947369;0.7974683544303798;0.7692631578947369;0.7831118731247322;3654;928;1096
443;bib;4750;;0.7816842105263158;0.7843261512463033;0.7816842105263158;0.7830029523407844;3713;1021;1037
749;quill;4750;;0.744421052631579;0.8257823446987389;0.744421052631579;0.7829937998228521;3536;746;1214
176;Saluki;4750;;0.772;0.7942386831275721;0.772;0.7829614604462476;3667;950;1083
413;assault_rifle;4750;;0.8589473684210527;0.718562874251497;0.8589473684210527;0.7825086306098964;4080;1598;670
887;vestment;4750;;0.8069473684210526;0.7591602297484651;0.8069473684210526;0.7823247270129605;3833;1216;917
965;burrito;4750;;0.7096842105263158;0.8712845696562419;0.7096842105263158;0.7822253161619678;3371;498;1379
525;dam;4750;;0.764421052631579;0.8004850088183422;0.764421052631579;0.7820374757699763;3631;905;1119
843;swing;4750;;0.8391578947368421;0.731107850330154;0.8391578947368421;0.7814154087433837;3986;1466;764
651;microwave;4750;;0.7728421052631579;0.7899720249623413;0.7728421052631579;0.7813131850590614;3671;976;1079
2;great_white_shark;4750;;0.792;0.7709016393442623;0.792;0.7813084112149533;3762;1118;988
725;pitcher;4750;;0.7322105263157894;0.8364598364598365;0.7322105263157894;0.7808711270767849;3478;680;1272
154;Pekinese;4750;;0.7185263157894737;0.8547458051590283;0.7185263157894737;0.7807388768157383;3413;580;1337
667;mortarboard;4750;;0.916;0.6793130366900859;0.916;0.7800986104885702;4351;2054;399
596;hatchet;4750;;0.716;0.8560281902844198;0.716;0.7797775994497306;3401;572;1349
41;whiptail;4750;;0.776;0.7827564238691866;0.776;0.7793635690876414;3686;1023;1064
520;crib;4750;;0.7471578947368421;0.8126860544996565;0.7471578947368421;0.7785455742020402;3549;818;1201
303;long-horned_beetle;4750;;0.7793684210526316;0.7775677378701953;0.7793684210526316;0.7784670381663338;3702;1059;1048
462;broom;4750;;0.7294736842105263;0.834336624127137;0.7294736842105263;0.7783893069751768;3465;688;1285
834;suit;4750;;0.8092631578947368;0.749609984399376;0.8092631578947368;0.7782952014577851;3844;1284;906
956;custard_apple;4750;;0.8652631578947368;0.7069143446852425;0.8652631578947368;0.7781143506247633;4110;1704;640
793;shower_cap;4750;;0.7818947368421053;0.7735888356592376;0.7818947368421053;0.7777196105119882;3714;1087;1036
307;weevil;4750;;0.7671578947368421;0.7885739017528673;0.7671578947368421;0.7777184932237755;3644;977;1106
427;barrel;4750;;0.7677894736842106;0.7873488773747841;0.7677894736842106;0.777446173523769;3647;985;1103
502;clog;4750;;0.7957894736842105;0.7597989949748744;0.7957894736842105;0.7773778920308483;3780;1195;970
875;trombone;4750;;0.7818947368421053;0.7724625623960066;0.7818947368421053;0.7771500313873195;3714;1094;1036
412;ashcan;4750;;0.7092631578947368;0.8592195868400918;0.7092631578947368;0.7770730019605582;3369;552;1381
179;Staffordshire_bullterrier;4750;;0.7627368421052632;0.7917395104895105;0.7627368421052632;0.7769676174136821;3623;953;1127
846;table_lamp;4750;;0.8435789473684211;0.7199065756378009;0.8435789473684211;0.7768514928266771;4007;1559;743
943;cucumber;4750;;0.7743157894736842;0.7794024157660522;0.7743157894736842;0.7768507762171296;3678;1041;1072
523;crutch;4750;;0.7309473684210527;0.8286396181384248;0.7309473684210527;0.7767337807606263;3472;718;1278
211;vizsla;4750;;0.7618947368421053;0.7913842116772359;0.7618947368421053;0.7763595409203047;3619;954;1131
299;meerkat;4750;;0.8637894736842106;0.7049828178694159;0.8637894736842106;0.7763481551561022;4103;1717;647
529;diaper;4750;;0.8071578947368421;0.7473684210526316;0.8071578947368421;0.7761133603238867;3834;1296;916
330;wood_rabbit;4750;;0.8429473684210527;0.7185929648241206;0.8429473684210527;0.7758186397984888;4004;1568;746
80;black_grouse;4750;;0.8983157894736842;0.6820652173913043;0.8983157894736842;0.7753952389605668;4267;1989;483
171;Italian_greyhound;4750;;0.7408421052631579;0.8113903620013835;0.7408421052631579;0.7745130406074613;3519;818;1231
597;holster;4750;;0.6987368421052632;0.8686207799005496;0.6987368421052632;0.7744720569361802;3319;502;1431
839;suspension_bridge;4750;;0.6972631578947368;0.8706624605678234;0.6972631578947368;0.7743745616086042;3312;492;1438
674;mousetrap;4750;;0.8212631578947368;0.7324446113405934;0.8212631578947368;0.7743152044462087;3901;1425;849
332;Angora;4750;;0.844842105263158;0.7145655270655271;0.844842105263158;0.7742620104186765;4013;1603;737
287;lynx;4750;;0.7277894736842105;0.8270334928229665;0.7277894736842105;0.7742441209406494;3457;723;1293
811;space_heater;4750;;0.7193684210526315;0.8381162619573216;0.7193684210526315;0.7742154752464031;3417;660;1333
607;jack-o'-lantern;4750;;0.9677894736842105;0.6451024417625596;0.9677894736842105;0.7741663859885483;4597;2529;153
735;poncho;4750;;0.8728421052631579;0.6945887083263528;0.8728421052631579;0.7735796249650153;4146;1823;604
399;abaya;4750;;0.8831578947368421;0.6880432999835985;0.8831578947368421;0.7734857564303494;4195;1902;555
295;American_black_bear;4750;;0.832421052631579;0.7219280628081066;0.832421052631579;0.7732472865943092;3954;1523;796
709;pencil_box;4750;;0.7151578947368421;0.8412580485388806;0.7151578947368421;0.773099681383705;3397;641;1353
27;eft;4750;;0.724421052631579;0.8279595765158807;0.724421052631579;0.7727374803503255;3441;715;1309
221;Irish_water_spaniel;4750;;0.8330526315789474;0.7203713817586018;0.8330526315789474;0.7726252074587523;3957;1536;793
116;chiton;4750;;0.760421052631579;0.7852173913043479;0.760421052631579;0.7726203208556149;3612;988;1138
418;ballpoint;4750;;0.7541052631578947;0.7917771883289124;0.7541052631578947;0.7724822083243476;3582;942;1168
913;wreck;4750;;0.7781052631578947;0.7661691542288557;0.7781052631578947;0.7720910800083559;3696;1128;1054
940;spaghetti_squash;4750;;0.7570526315789474;0.7875602277704774;0.7570526315789474;0.7720051524259339;3596;970;1154
276;hyena;4750;;0.8343157894736842;0.7180648668237;0.8343157894736842;0.7718375693835817;3963;1556;787
602;horizontal_bar;4750;;0.6730526315789473;0.9025974025974026;0.6730526315789473;0.771104679208876;3197;345;1553
48;Komodo_dragon;4750;;0.7292631578947368;0.8171738617598491;0.7292631578947368;0.770719768606074;3464;775;1286
944;artichoke;4750;;0.6644210526315789;0.9171752397558849;0.6644210526315789;0.7706018801123183;3156;285;1594
220;Sussex_spaniel;4750;;0.708421052631579;0.8446285140562249;0.708421052631579;0.7705518662697504;3365;619;1385
290;jaguar;4750;;0.6772631578947368;0.8933629547347959;0.6772631578947368;0.7704466530954376;3217;384;1533
519;crate;4750;;0.7052631578947368;0.8478866109845609;0.7052631578947368;0.7700264337432479;3350;601;1400
293;cheetah;4750;;0.8941052631578947;0.6753060899984099;0.8941052631578947;0.7694537548691004;4247;2042;503
378;capuchin;4750;;0.7608421052631579;0.7782084409991387;0.7608421052631579;0.7694272940174579;3614;1030;1136
47;African_chameleon;4750;;0.8115789473684211;0.7312215477996965;0.8115789473684211;0.7693075234484135;3855;1417;895
767;rubber_eraser;4750;;0.6985263157894737;0.8560371517027864;0.6985263157894737;0.7693021099003015;3318;558;1432
203;West_Highland_white_terrier;4750;;0.8313684210526315;0.7155281753940931;0.8313684210526315;0.76911091635018;3949;1570;801
394;sturgeon;4750;;0.6964210526315789;0.8585517778354529;0.6964210526315789;0.7690340578867837;3308;545;1442
893;wallet;4750;;0.7722105263157895;0.7657620041753653;0.7722105263157895;0.7689727463312368;3668;1122;1082
660;mobile_home;4750;;0.7804210526315789;0.7577677841373671;0.7804210526315789;0.7689276083800041;3707;1185;1043
788;shoe_shop;4750;;0.7294736842105263;0.8126172607879925;0.7294736842105263;0.7688040825382737;3465;799;1285
419;Band_Aid;4750;;0.764;0.7734441602728048;0.764;0.7686930735013768;3629;1063;1121
595;harvester;4750;;0.8185263157894737;0.7244270542202348;0.8185263157894737;0.7686072946525649;3888;1479;862
352;impala;4750;;0.8435789473684211;0.7055819686564536;0.8435789473684211;0.7684341739380574;4007;1672;743
748;purse;4750;;0.6770526315789474;0.8881524440762221;0.6770526315789474;0.7683669812447737;3216;405;1534
650;microphone;4750;;0.6972631578947368;0.8553719008264463;0.6972631578947368;0.768267223382046;3312;560;1438
638;maillot;4750;;0.7412631578947368;0.7971473851030111;0.7412631578947368;0.768190247627359;3521;896;1229
567;frying_pan;4750;;0.759578947368421;0.7762478485370051;0.759578947368421;0.7678229410512875;3608;1040;1142
446;binder;4750;;0.7705263157894737;0.7642514094800584;0.7705263157894737;0.767376035223818;3660;1129;1090
662;modem;4750;;0.7014736842105264;0.8456852791878172;0.7014736842105264;0.7668584579976985;3332;608;1418
585;hair_spray;4750;;0.7067368421052631;0.8379930104842735;0.7067368421052631;0.7667884878940155;3357;649;1393
242;boxer;4750;;0.6818947368421052;0.8742240215924426;0.6818947368421052;0.766173861620343;3239;466;1511
402;acoustic_guitar;4750;;0.7993684210526316;0.7355676094537001;0.7993684210526316;0.7661420500403552;3797;1365;953
181;Bedlington_terrier;4750;;0.8589473684210527;0.6909398814563928;0.8589473684210527;0.7658376349131863;4080;1825;670
334;porcupine;4750;;0.7532631578947369;0.7781644193127447;0.7532631578947369;0.7655113393239196;3578;1020;1172
191;Airedale;4750;;0.7665263157894737;0.7641133263378804;0.7665263157894737;0.7653179190751445;3641;1124;1109
400;academic_gown;4750;;0.6905263157894737;0.858189429618001;0.6905263157894737;0.7652823145123658;3280;542;1470
476;carousel;4750;;0.8905263157894737;0.6708961141950832;0.8905263157894737;0.7652645861601085;4230;2075;520
434;bath_towel;4750;;0.6764210526315789;0.8802739726027398;0.6764210526315789;0.7650000000000001;3213;437;1537
305;dung_beetle;4750;;0.7372631578947368;0.7948252383113935;0.7372631578947368;0.764962865880297;3502;904;1248
256;Newfoundland;4750;;0.7082105263157895;0.8308224252901951;0.7082105263157895;0.7646323445846118;3364;685;1386
155;Shih-Tzu;4750;;0.7570526315789474;0.7718394505258639;0.7570526315789474;0.764374535019662;3596;1063;1154
541;drum;4750;;0.7309473684210527;0.8003688335638544;0.7309473684210527;0.7640845070422536;3472;866;1278
483;castle;4750;;0.8277894736842105;0.7093631607432798;0.8277894736842105;0.7640143787039736;3932;1611;818
499;cleaver;4750;;0.7233684210526315;0.8090416764775136;0.7233684210526315;0.7638101589418695;3436;811;1314
121;king_crab;4750;;0.763578947368421;0.7626156433978133;0.763578947368421;0.7630969913738691;3627;1129;1123
910;wooden_spoon;4750;;0.7042105263157895;0.8325037332005973;0.7042105263157895;0.7630018248175182;3345;673;1405
671;mountain_bike;4750;;0.9254736842105263;0.6490476893547911;0.9254736842105263;0.7629957476351645;4396;2377;354
175;otterhound;4750;;0.7745263157894737;0.7514297385620915;0.7745263157894737;0.7628032345013477;3679;1217;1071
862;torch;4750;;0.828421052631579;0.7067169540229885;0.828421052631579;0.7627447179685986;3935;1633;815
634;lumbermill;4750;;0.7631578947368421;0.7621951219512195;0.7631578947368421;0.7626762045024197;3625;1131;1125
161;basset;4750;;0.7414736842105263;0.7849342545130377;0.7414736842105263;0.7625852549529066;3522;965;1228
464;buckle;4750;;0.6751578947368421;0.8757509557618788;0.6751578947368421;0.7624821683309557;3207;455;1543
962;meat_loaf;4750;;0.7282105263157894;0.7999537465309898;0.7282105263157894;0.7623980603923297;3459;865;1291
505;coffeepot;4750;;0.7829473684210526;0.742611821086262;0.7829473684210526;0.762246361959418;3719;1289;1031
151;Chihuahua;4750;;0.7570526315789474;0.7673922321809645;0.7570526315789474;0.7621873675286138;3596;1090;1154
624;library;4750;;0.7006315789473684;0.8355510921416018;0.7006315789473684;0.7621664949043856;3328;655;1422
546;electric_guitar;4750;;0.8275789473684211;0.7062522457779374;0.8275789473684211;0.7621170996510275;3931;1635;819
158;toy_terrier;4750;;0.7936842105263158;0.7316126528235979;0.7936842105263158;0.7613854387559325;3770;1383;980
590;hand-held_computer;4750;;0.808;0.7192653673163418;0.808;0.761054927622447;3838;1498;912
283;Persian_cat;4750;;0.8338947368421052;0.6995761215118332;0.8338947368421052;0.7608528620822128;3961;1701;789
165;black-and-tan_coonhound;4750;;0.7787368421052632;0.7430695058256328;0.7787368421052632;0.7604851973684211;3699;1279;1051
917;comic_book;4750;;0.8486315789473684;0.6880013654207202;0.8486315789473684;0.7599208219436326;4031;1828;719
182;Border_terrier;4750;;0.7526315789473684;0.7670027891010512;0.7526315789473684;0.759749229624907;3575;1086;1175
622;lens_cap;4750;;0.6507368421052632;0.9112617924528302;0.6507368421052632;0.7592729059199215;3091;301;1659
267;standard_poodle;4750;;0.7288421052631578;0.7922196796338673;0.7288421052631578;0.7592105263157894;3462;908;1288
803;snowplow;4750;;0.9058947368421053;0.653355602793805;0.9058947368421053;0.7591743119266056;4303;2283;447
223;schipperke;4750;;0.7717894736842106;0.7467916072519861;0.7717894736842106;0.7590847913862719;3666;1243;1084
964;potpie;4750;;0.7703157894736842;0.747802983854486;0.7703157894736842;0.7588924608524317;3659;1234;1091
42;agama;4750;;0.7218947368421053;0.7991144255418318;0.7218947368421053;0.7585444088043358;3429;862;1321
38;banded_gecko;4750;;0.7789473684210526;0.7376395534290271;0.7789473684210526;0.7577309031333198;3700;1316;1050
442;bell_cote;4750;;0.7553684210526316;0.7598475222363406;0.7553684210526316;0.7576013513513513;3588;1134;1162
587;hammer;4750;;0.6772631578947368;0.857409381663113;0.6772631578947368;0.7567631145612798;3217;535;1533
397;puffer;4750;;0.6621052631578948;0.8819405496354459;0.6621052631578948;0.7563732563732563;3145;421;1605
731;plunger;4750;;0.6871578947368421;0.8403707518022657;0.6871578947368421;0.7560806115357888;3264;620;1486
249;malamute;4750;;0.7490526315789474;0.7630280935020373;0.7490526315789474;0.755975778179114;3558;1105;1192
120;fiddler_crab;4750;;0.7109473684210527;0.8065440649629807;0.7109473684210527;0.7557345865502966;3377;810;1373
838;sunscreen;4750;;0.6578947368421053;0.8875319511502414;0.6578947368421053;0.7556522790472737;3125;396;1625
504;coffee_mug;4750;;0.6814736842105263;0.8460533193936226;0.6814736842105263;0.7548973880597014;3237;589;1513
30;bullfrog;4750;;0.7181052631578947;0.7954757462686567;0.7181052631578947;0.7548130117282584;3411;877;1339
702;parallel_bars;4750;;0.8155789473684211;0.7007959479015919;0.8155789473684211;0.7538431601478887;3874;1654;876
579;grand_piano;4750;;0.6517894736842105;0.8932487016733988;0.6517894736842105;0.75365141187926;3096;370;1654
125;hermit_crab;4750;;0.6856842105263158;0.8364149974319466;0.6856842105263158;0.7535863026376677;3257;637;1493
424;barbershop;4750;;0.6924210526315789;0.8261743280582768;0.6924210526315789;0.7534073989233764;3289;692;1461
506;coil;4750;;0.7621052631578947;0.7440904419321686;0.7621052631578947;0.7529901196047843;3620;1245;1130
112;conch;4750;;0.6814736842105263;0.8409976617303195;0.6814736842105263;0.7528782416560065;3237;612;1513
633;loupe;4750;;0.7012631578947368;0.8126372285923396;0.7012631578947368;0.7528534297660752;3331;768;1419
950;orange;4750;;0.6804210526315789;0.8423247328642168;0.6804210526315789;0.752765808780715;3232;605;1518
199;Scotch_terrier;4750;;0.704;0.8085106382978723;0.704;0.7526446094980869;3344;792;1406
581;grille;4750;;0.6513684210526316;0.8911290322580645;0.6513684210526316;0.7526149355387983;3094;378;1656
63;Indian_cobra;4750;;0.8218947368421052;0.6939210806967651;0.8218947368421052;0.7525057825751734;3904;1722;846
804;soap_dispenser;4750;;0.6530526315789473;0.8852739726027398;0.6530526315789473;0.7516355706324206;3102;402;1648
636;mailbag;4750;;0.848421052631579;0.6745898895212588;0.848421052631579;0.7515852293920179;4030;1944;720
209;Chesapeake_Bay_retriever;4750;;0.7873684210526316;0.718816067653277;0.7873684210526316;0.7515322013463278;3740;1463;1010
898;water_bottle;4750;;0.6764210526315789;0.8450815360336665;0.6764210526315789;0.7514031805425632;3213;589;1537
631;lotion;4750;;0.7762105263157895;0.7275059194948698;0.7762105263157895;0.7510694642493378;3687;1381;1063
492;chest;4750;;0.7147368421052631;0.7910065237651445;0.7147368421052631;0.7509400575094006;3395;897;1355
288;leopard;4750;;0.7463157894736843;0.7548977853492334;0.7463157894736843;0.7505822570400169;3545;1151;1205
683;oboe;4750;;0.7901052631578948;0.7147210055227575;0.7901052631578948;0.7505249475052493;3753;1498;997
489;chainlink_fence;4750;;0.7785263157894737;0.7239624119028975;0.7785263157894737;0.750253601136133;3698;1410;1052
76;tarantula;4750;;0.7884210526315789;0.7129259470778603;0.7884210526315789;0.7487753673897831;3745;1508;1005
807;solar_dish;4750;;0.812;0.6945795065730236;0.812;0.7487139668057847;3857;1696;893
542;drumstick;4750;;0.7522105263157894;0.7451511991657978;0.7522105263157894;0.7486642221058146;3573;1222;1177
847;tank;4750;;0.7812631578947369;0.7186289697908598;0.7812631578947369;0.7486382892878757;3711;1453;1039
43;frilled_lizard;4750;;0.7109473684210527;0.790496254681648;0.7109473684210527;0.7486144978940369;3377;895;1373
114;slug;4750;;0.6932631578947368;0.8132872314151642;0.6932631578947368;0.7484941470621661;3293;756;1457
845;syringe;4750;;0.6810526315789474;0.8303388090349076;0.6810526315789474;0.748322923895443;3235;661;1515
343;warthog;4750;;0.696;0.80712890625;0.696;0.7474564775039565;3306;790;1444
212;English_setter;4750;;0.7094736842105264;0.7894120402904662;0.7094736842105264;0.7473112318438851;3370;899;1380
879;umbrella;4750;;0.7844210526315789;0.7110687022900763;0.7844210526315789;0.7459459459459459;3726;1514;1024
386;African_elephant;4750;;0.8391578947368421;0.6709308197273186;0.8391578947368421;0.7456739313441212;3986;1955;764
219;cocker_spaniel;4750;;0.6962105263157895;0.8020858598108174;0.6962105263157895;0.7454074157556632;3307;816;1443
200;Tibetan_terrier;4750;;0.6549473684210526;0.8646470261256254;0.6549473684210526;0.7453282223287013;3111;487;1639
201;silky_terrier;4750;;0.6212631578947369;0.9285714285714286;0.6212631578947369;0.7444500504540867;2951;227;1799
696;paintbrush;4750;;0.7376842105263158;0.7506426735218509;0.7376842105263158;0.7441070290932257;3504;1164;1246
337;beaver;4750;;0.6477894736842106;0.8738994603805738;0.6477894736842106;0.7440454600411076;3077;444;1673
372;baboon;4750;;0.8170526315789474;0.6806383725008769;0.8170526315789474;0.7426329889016456;3881;1821;869
207;golden_retriever;4750;;0.7869473684210526;0.7022355814390381;0.7869473684210526;0.7421820708825573;3738;1585;1012
118;Dungeness_crab;4750;;0.8105263157894737;0.6834723948162613;0.8105263157894737;0.7415968409900798;3850;1783;900
578;gown;4750;;0.6553684210526316;0.853812397147559;0.6553684210526316;0.7415435921867557;3113;533;1637
892;wall_clock;4750;;0.7370526315789474;0.7458457605453771;0.7370526315789474;0.741423125794155;3501;1193;1249
534;dishwasher;4750;;0.6768421052631579;0.8191082802547771;0.6768421052631579;0.7412103746397695;3215;710;1535
584;hair_slide;4750;;0.7654736842105263;0.7177260165811291;0.7654736842105263;0.7408312958435208;3636;1430;1114
183;Kerry_blue_terrier;4750;;0.7787368421052632;0.7063204124498759;0.7787368421052632;0.7407629918894563;3699;1538;1051
591;handkerchief;4750;;0.7593684210526316;0.7227008615507914;0.7593684210526316;0.7405810491735961;3607;1384;1143
302;ground_beetle;4750;;0.7547368421052632;0.7260024301336574;0.7547368421052632;0.7400908340214698;3585;1353;1165
946;cardoon;4750;;0.9627368421052631;0.6009198423127464;0.9627368421052631;0.739967637540453;4573;3037;177
52;thunder_snake;4750;;0.7176842105263158;0.7633228840125392;0.7176842105263158;0.7398003472222223;3409;1057;1341
884;vault;4750;;0.7467368421052631;0.7328512396694215;0.7467368421052631;0.7397288842544317;3547;1293;1203
598;home_theater;4750;;0.7726315789473684;0.70876786404017;0.7726315789473684;0.7393231265108784;3670;1508;1080
967;espresso;4750;;0.6791578947368421;0.810756471475245;0.6791578947368421;0.7391453774773742;3226;753;1524
644;matchstick;4750;;0.743578947368421;0.7347618057000208;0.743578947368421;0.7391440828711939;3532;1275;1218
935;mashed_potato;4750;;0.6766315789473685;0.8142893336711426;0.6766315789473685;0.7391054386570083;3214;733;1536
319;dragonfly;4750;;0.6362105263157894;0.8815635939323221;0.6362105263157894;0.7390560039129371;3022;406;1728
754;radio;4750;;0.6008421052631578;0.959005376344086;0.6008421052631578;0.7388040383121927;2854;122;1896
33;loggerhead;4750;;0.7610526315789473;0.7166931007137193;0.7610526315789473;0.738207065550337;3615;1429;1135
379;howler_monkey;4750;;0.8277894736842105;0.6658763759525825;0.8277894736842105;0.7380572501173158;3932;1973;818
454;bookshop;4750;;0.6806315789473685;0.8058325024925225;0.6806315789473685;0.7379593700068477;3233;779;1517
601;hoopskirt;4750;;0.8705263157894737;0.6402911117993186;0.8705263157894737;0.7378658101356175;4135;2323;615
871;trimaran;4750;;0.8930526315789473;0.6284444444444445;0.8930526315789473;0.7377391304347827;4242;2508;508
798;slide_rule;4750;;0.6498947368421053;0.8527624309392265;0.6498947368421053;0.7376344086021506;3087;533;1663
149;dugong;4750;;0.8208421052631579;0.6692413319601785;0.8208421052631579;0.7373298033282906;3899;1927;851
460;breakwater;4750;;0.6092631578947368;0.9332473395678813;0.6092631578947368;0.7372309259966883;2894;207;1856
361;skunk;4750;;0.856421052631579;0.6467408585055644;0.856421052631579;0.7369565217391304;4068;2222;682
128;black_stork;4750;;0.8941052631578947;0.6264935831243547;0.8941052631578947;0.7367508023245729;4247;2532;503
110;flatworm;4750;;0.8162105263157895;0.6711095724424442;0.8162105263157895;0.7365821221620594;3877;1900;873
960;chocolate_sauce;4750;;0.7305263157894737;0.742087254063302;0.7305263157894737;0.7362614046255039;3470;1206;1280
206;curly-coated_retriever;4750;;0.7061052631578948;0.7682088868529546;0.7061052631578948;0.7358490566037735;3354;1012;1396
777;scabbard;4750;;0.836;0.6552805280528052;0.836;0.7346901017576318;3971;2089;779
370;guenon;4750;;0.5987368421052631;0.9498997995991983;0.5987368421052631;0.734504132231405;2844;150;1906
82;ruffed_grouse;4750;;0.812;0.6704328176603511;0.812;0.7344568218604208;3857;1896;893
881;upright;4750;;0.864421052631579;0.6383706467661692;0.864421052631579;0.7343945626900376;4106;2326;644
861;toilet_seat;4750;;0.724421052631579;0.7444829078321074;0.724421052631579;0.734314980793854;3441;1181;1309
648;medicine_chest;4750;;0.6985263157894737;0.7737873134328358;0.6985263157894737;0.7342332374419118;3318;970;1432
830;stretcher;4750;;0.8391578947368421;0.6525867714472823;0.8391578947368421;0.7342051943267637;3986;2122;764
906;Windsor_tie;4750;;0.771578947368421;0.6998281458850487;0.771578947368421;0.7339541403824973;3665;1572;1085
692;packet;4750;;0.7341052631578947;0.7330250157662392;0.7341052631578947;0.7335647417692226;3487;1270;1263
318;lacewing;4750;;0.7762105263157895;0.6951357466063348;0.7762105263157895;0.733439427093694;3687;1617;1063
224;groenendael;4750;;0.7810526315789473;0.6912614123346376;0.7810526315789473;0.7334189977265988;3710;1657;1040
415;bakery;4750;;0.676;0.8001495140792425;0.676;0.7328540454182357;3211;802;1539
930;French_loaf;4750;;0.7294736842105263;0.7358250159269484;0.7294736842105263;0.7326355851569932;3465;1244;1285
186;Norwich_terrier;4750;;0.8385263157894737;0.6503919007184846;0.8385263157894737;0.7325731101710503;3983;2141;767
513;cornet;4750;;0.7591578947368421;0.707613814756672;0.7591578947368421;0.732480195003047;3606;1490;1144
65;sea_snake;4750;;0.7271578947368421;0.7378765221106601;0.7271578947368421;0.7324779980914007;3454;1227;1296
453;bookcase;4750;;0.8242105263157895;0.6590909090909091;0.8242105263157895;0.7324602432179605;3915;2025;835
792;shovel;4750;;0.6846315789473684;0.78512795750845;0.6846315789473684;0.7314439946018892;3252;890;1498
481;cassette;4750;;0.752;0.7119792704803668;0.752;0.7314426128801066;3572;1445;1178
639;maillot;4750;;0.6892631578947368;0.7763813137301399;0.6892631578947368;0.7302330768372922;3274;943;1476
117;chambered_nautilus;4750;;0.840421052631579;0.6455368693402329;0.840421052631579;0.7301993780867022;3992;2192;758
349;bighorn;4750;;0.8650526315789474;0.6316679477325134;0.8650526315789474;0.7301643713904931;4109;2396;641
246;Great_Dane;4750;;0.6543157894736842;0.825059729227502;0.6543157894736842;0.7298344487495597;3108;659;1642
835;sundial;4750;;0.6734736842105263;0.7959691465538691;0.6734736842105263;0.7296156916410081;3199;820;1551
29;axolotl;4750;;0.82;0.6566082265677681;0.82;0.7292641827373152;3895;2037;855
197;giant_schnauzer;4750;;0.7075789473684211;0.7522381378692927;0.7075789473684211;0.7292254285094381;3361;1107;1389
314;cockroach;4750;;0.6391578947368421;0.8487559407324574;0.6391578947368421;0.7291941875825628;3036;541;1714
509;confectionery;4750;;0.7172631578947368;0.7414581066376497;0.7172631578947368;0.7291599785981809;3407;1188;1343
406;altar;4750;;0.7966315789473685;0.6704464918497519;0.7966315789473685;0.7281123725226092;3784;1860;966
675;moving_van;4750;;0.7993684210526316;0.667780513542033;0.7993684210526316;0.7276734380988885;3797;1889;953
72;black_and_gold_garden_spider;4750;;0.9435789473684211;0.5920739762219287;0.9435789473684211;0.7275974025974027;4482;3088;268
69;trilobite;4750;;0.744;0.711066398390342;0.744;0.7271604938271604;3534;1436;1216
409;analog_clock;4750;;0.7686315789473684;0.6897789533345928;0.7686315789473684;0.7270735835905606;3651;1642;1099
817;sports_car;4750;;0.6877894736842105;0.7696113074204947;0.6877894736842105;0.7264035575319622;3267;978;1483
828;strainer;4750;;0.620421052631579;0.8747402790145444;0.620421052631579;0.72595147185614;2947;422;1803
180;American_Staffordshire_terrier;4750;;0.7025263157894737;0.7509000900090009;0.7025263157894737;0.7259082010006526;3337;1107;1413
192;cairn;4750;;0.664;0.8003044912458767;0.664;0.7258083074444828;3154;787;1596
797;sleeping_bag;4750;;0.7235789473684211;0.7280237237873332;0.7235789473684211;0.7257945306725794;3437;1284;1313
416;balance_beam;4750;;0.8970526315789473;0.6084535199200343;0.8970526315789473;0.7250914660086787;4261;2742;489
202;soft-coated_wheaten_terrier;4750;;0.6913684210526316;0.7614189659169951;0.6913684210526316;0.724704843870683;3284;1029;1466
868;tray;4750;;0.68;0.7755102040816326;0.68;0.7246214245653393;3230;935;1520
813;spatula;4750;;0.6972631578947368;0.7539267015706806;0.6972631578947368;0.7244886798643771;3312;1081;1438
208;Labrador_retriever;4750;;0.7073684210526315;0.7400881057268722;0.7073684210526315;0.7233584499461786;3360;1180;1390
159;Rhodesian_ridgeback;4750;;0.6835789473684211;0.7679754020813624;0.6835789473684211;0.7233236801069279;3247;981;1503
894;wardrobe;4750;;0.756;0.6925747348119575;0.756;0.7228988424760946;3591;1594;1159
493;chiffonier;4750;;0.6947368421052632;0.7523939808481532;0.6947368421052632;0.722416812609457;3300;1086;1450
353;gazelle;4750;;0.7002105263157895;0.7450716845878136;0.7002105263157895;0.7219448665074886;3326;1138;1424
194;Dandie_Dinmont;4750;;0.8530526315789474;0.6247301880974406;0.8530526315789474;0.7212531149875401;4052;2434;698
193;Australian_terrier;4750;;0.6176842105263158;0.8629411764705882;0.6176842105263158;0.72;2934;466;1816
250;Siberian_husky;4750;;0.708421052631579;0.7316808001739509;0.708421052631579;0.7198630869611724;3365;1234;1385
764;rifle;4750;;0.6296842105263157;0.8392255892255892;0.6296842105263157;0.719509261486649;2991;573;1759
690;oxcart;4750;;0.8852631578947369;0.6058204869615329;0.8852631578947369;0.7193567701650841;4205;2736;545
992;agaric;4750;;0.7486315789473684;0.691828793774319;0.7486315789473684;0.7191102123356926;3556;1584;1194
431;bassinet;4750;;0.740421052631579;0.6989268680445151;0.740421052631579;0.719075853608669;3517;1515;1233
895;warplane;4750;;0.808;0.6473266992747512;0.808;0.7187938945594156;3838;2091;912
718;pier;4750;;0.6875789473684211;0.7527079972343858;0.6875789473684211;0.7186709208933876;3266;1073;1484
819;stage;4750;;0.7389473684210527;0.6968433591423466;0.7389473684210527;0.7172780218657403;3510;1527;1240
908;wing;4750;;0.6027368421052631;0.8855552118775132;0.6027368421052631;0.7172742076913441;2863;370;1887
257;Great_Pyrenees;4750;;0.6846315789473684;0.7526035639898172;0.6846315789473684;0.7170102524528718;3252;1069;1498
123;spiny_lobster;4750;;0.6338947368421053;0.8226775956284152;0.6338947368421053;0.7160523186682521;3011;649;1739
438;beaker;4750;;0.712421052631579;0.7193877551020408;0.712421052631579;0.7158874550454835;3384;1320;1366
108;sea_anemone;4750;;0.6827368421052632;0.7513901760889713;0.6827368421052632;0.7154202514890801;3243;1073;1507
600;hook;4750;;0.6254736842105263;0.8354893138357705;0.6254736842105263;0.7153864676137732;2971;585;1779
824;stole;4750;;0.7046315789473684;0.7250866551126517;0.7046315789473684;0.7147127909459748;3347;1269;1403
470;candle;4750;;0.7553684210526316;0.6781326781326781;0.7553684210526316;0.7146698536002389;3588;1703;1162
184;Irish_terrier;4750;;0.7115789473684211;0.7177744744107029;0.7115789473684211;0.7146632836452056;3380;1329;1370
187;Yorkshire_terrier;4750;;0.7806315789473685;0.6588486140724946;0.7806315789473685;0.7145885527076508;3708;1920;1042
854;theater_curtain;4750;;0.8734736842105263;0.6036665211697948;0.8734736842105263;0.7139292781553815;4149;2724;601
530;digital_clock;4750;;0.7387368421052631;0.6904761904761905;0.7387368421052631;0.7137917005695688;3509;1573;1241
315;mantis;4750;;0.6343157894736842;0.8156469951272334;0.6343157894736842;0.7136428233064898;3013;681;1737
691;oxygen_mask;4750;;0.6258947368421053;0.8246879334257975;0.6258947368421053;0.7116696588868942;2973;632;1777
582;grocery_store;4750;;0.7458947368421053;0.6799078871617732;0.7458947368421053;0.7113743600040157;3543;1668;1207
126;isopod;4750;;0.6825263157894736;0.742046234836347;0.6825263157894736;0.7110428775084987;3242;1127;1508
705;passenger_car;4750;;0.6067368421052631;0.8577380952380952;0.6067368421052631;0.7107274969173859;2882;478;1868
205;flat-coated_retriever;4750;;0.7633684210526316;0.6645894428152492;0.7633684210526316;0.7105624142661179;3626;1830;1124
377;marmoset;4750;;0.7753684210526316;0.6549884403343411;0.7753684210526316;0.710112792827533;3683;1940;1067
926;hot_pot;4750;;0.8263157894736842;0.6215360253365004;0.8263157894736842;0.709444193402621;3925;2390;825
342;wild_boar;4750;;0.7547368421052632;0.6689680910617652;0.7547368421052632;0.7092689682461173;3585;1774;1165
478;carton;4750;;0.6583157894736842;0.7686823992133727;0.6583157894736842;0.7092311181673848;3127;941;1623
360;otter;4750;;0.8126315789473684;0.6288693385467579;0.8126315789473684;0.7090374724467302;3860;2278;890
390;eel;4750;;0.5945263157894737;0.8781094527363185;0.5945263157894737;0.7090133065528496;2824;392;1926
371;patas;4750;;0.632;0.8065556152606126;0.632;0.7086874409820585;3002;720;1748
373;macaque;4750;;0.7938947368421052;0.639911759714916;0.7938947368421052;0.7086347834257258;3771;2122;979
162;beagle;4750;;0.6191578947368421;0.8279842342342343;0.6191578947368421;0.7085039749457962;2941;611;1809
619;lampshade;4750;;0.6294736842105263;0.8094206821873308;0.6294736842105263;0.7081951681667457;2990;704;1760
168;redbone;4750;;0.7783157894736842;0.6495080815179198;0.7783157894736842;0.7081018961884696;3697;1995;1053
435;bathtub;4750;;0.6623157894736842;0.7564318345756191;0.6623157894736842;0.7062521046133123;3146;1013;1604
226;briard;4750;;0.6374736842105263;0.7906005221932115;0.6374736842105263;0.705827505827506;3028;802;1722
106;wombat;4750;;0.652;0.7667739539489973;0.652;0.7047445670724769;3097;942;1653
163;bloodhound;4750;;0.6010526315789474;0.8512224209898629;0.6010526315789474;0.7045903257650542;2855;499;1895
313;walking_stick;4750;;0.6924210526315789;0.7170263788968825;0.6924210526315789;0.7045089429152832;3289;1298;1461
784;screwdriver;4750;;0.624;0.808731241473397;0.624;0.7044563279857398;2964;701;1786
508;computer_keyboard;4750;;0.7532631578947369;0.6608792020687108;0.7532631578947369;0.7040535222353406;3578;1836;1172
269;timber_wolf;4750;;0.8046315789473685;0.6241018941868061;0.8046315789473685;0.7029611918337318;3822;2302;928
329;sea_cucumber;4750;;0.6829473684210526;0.7210491220271171;0.6829473684210526;0.7014812412152664;3244;1255;1506
501;cloak;4750;;0.7248421052631578;0.6794947700809157;0.7248421052631578;0.7014362839971479;3443;1624;1307
689;overskirt;4750;;0.708;0.694691179508366;0.708;0.7012824522990304;3363;1478;1387
733;pole;4750;;0.6593684210526316;0.7483870967741936;0.6593684210526316;0.7010632344711807;3132;1053;1618
743;prison;4750;;0.7877894736842105;0.6306033029996629;0.7877894736842105;0.7004867090977162;3742;2192;1008
408;amphibian;4750;;0.7271578947368421;0.6747411603828872;0.7271578947368421;0.699969601783362;3454;1665;1296
241;EntleBucher;4750;;0.8275789473684211;0.6062615669339914;0.8275789473684211;0.699839772120349;3931;2553;819
762;restaurant;4750;;0.7117894736842105;0.6866368805848904;0.7117894736842105;0.6989869753979739;3381;1543;1369
311;grasshopper;4750;;0.640421052631579;0.768958543983822;0.640421052631579;0.698828394210889;3042;914;1708
977;sandbar;4750;;0.7448421052631579;0.6581101190476191;0.7448421052631579;0.6987951807228915;3538;1838;1212
787;shield;4750;;0.7526315789473684;0.6513026052104208;0.7526315789473684;0.6983103818732298;3575;1914;1175
741;prayer_rug;4750;;0.8168421052631579;0.6097752632406098;0.8168421052631579;0.6982812921803294;3880;2483;870
357;mink;4750;;0.7178947368421053;0.6795536070147469;0.7178947368421053;0.6981981981981982;3410;1608;1340
860;tobacco_shop;4750;;0.8008421052631579;0.6186371767767117;0.8008421052631579;0.6980456922653455;3804;2345;946
750;quilt;4750;;0.6823157894736842;0.7135623073535887;0.6823157894736842;0.6975893241498062;3241;1301;1509
558;flute;4750;;0.6185263157894737;0.7981526759032872;0.6185263157894737;0.6969517257739295;2938;743;1812
866;tractor;4750;;0.6338947368421053;0.7718533709305306;0.6338947368421053;0.6961044965899896;3011;890;1739
712;Petri_dish;4750;;0.7402105263157894;0.6546266989387451;0.7402105263157894;0.69479300464381;3516;1855;1234
549;envelope;4750;;0.724421052631579;0.667377812257564;0.724421052631579;0.6947304663840096;3441;1715;1309
700;paper_towel;4750;;0.6391578947368421;0.7605210420841684;0.6391578947368421;0.6945778997940976;3036;956;1714
618;ladle;4750;;0.5789473684210527;0.8658690176322418;0.5789473684210527;0.6939187484229119;2750;426;2000
109;brain_coral;4750;;0.7309473684210527;0.6595744680851063;0.7309473684210527;0.6934291991212302;3472;1792;1278
876;tub;4750;;0.6431578947368422;0.7513526807673389;0.6431578947368422;0.6930580762250453;3055;1011;1695
231;collie;4750;;0.6627368421052632;0.7255127909656602;0.6627368421052632;0.6927054681483112;3148;1191;1602
751;racer;4750;;0.8503157894736842;0.5817370012962696;0.8503157894736842;0.6908406739074661;4039;2904;711
556;fire_screen;4750;;0.7781052631578947;0.6203423967774421;0.7781052631578947;0.6903249906611879;3696;2262;1054
280;grey_fox;4750;;0.7181052631578947;0.6645236703682057;0.7181052631578947;0.6902762319133866;3411;1722;1339
50;American_alligator;4750;;0.5791578947368421;0.851439182915506;0.5791578947368421;0.6893872948252099;2751;480;1999
395;gar;4750;;0.7345263157894737;0.6489955357142857;0.7345263157894737;0.6891171242346434;3489;1887;1261
998;ear;4750;;0.7568421052631579;0.6319212515380559;0.7568421052631579;0.6887632915030175;3595;2094;1155
488;chain;4750;;0.6526315789473685;0.7287259050305595;0.6526315789473685;0.6885828520657485;3100;1154;1650
623;letter_opener;4750;;0.6338947368421053;0.7533149862396797;0.6338947368421053;0.6884646164399223;3011;986;1739
669;mosquito_net;4750;;0.7551578947368421;0.6321818822700035;0.7551578947368421;0.6882194934765925;3587;2087;1163
976;promontory;4750;;0.7989473684210526;0.6041069723018148;0.7989473684210526;0.6879985496736767;3795;2487;955
969;eggnog;4750;;0.7534736842105263;0.631439661256175;0.7534736842105263;0.6870800537531195;3579;2089;1171
115;sea_slug;4750;;0.5949473684210527;0.8116025272831706;0.5949473684210527;0.6865889212827988;2826;656;1924
297;sloth_bear;4750;;0.7452631578947368;0.6363472946252022;0.7452631578947368;0.6865121691069523;3540;2023;1210
479;car_wheel;4750;;0.6052631578947368;0.7926661152467604;0.6052631578947368;0.6864032469857944;2875;752;1875
34;leatherback_turtle;4750;;0.6206315789473684;0.7677083333333333;0.6206315789473684;0.6863795110593713;2948;892;1802
341;hog;4750;;0.6126315789473684;0.7784911717495987;0.6126315789473684;0.6856738925541942;2910;828;1840
233;Bouvier_des_Flandres;4750;;0.7136842105263158;0.6572314850717332;0.7136842105263158;0.6842955187727089;3390;1768;1360
663;monastery;4750;;0.7869473684210526;0.6034872457216661;0.7869473684210526;0.6831140350877192;3738;2456;1012
577;gong;4750;;0.916;0.5444875484920536;0.916;0.6829919158621772;4351;3640;399
170;Irish_wolfhound;4750;;0.6208421052631579;0.7573189522342064;0.6208421052631579;0.6823229986117538;2949;945;1801
905;window_shade;4750;;0.7014736842105264;0.6637450199203188;0.7014736842105264;0.6820880245649948;3332;1688;1418
189;Lakeland_terrier;4750;;0.6576842105263158;0.7075877689694224;0.6576842105263158;0.6817239498090562;3124;1291;1626
497;church;4750;;0.6056842105263158;0.7788305360043314;0.6056842105263158;0.681430601610611;2877;817;1873
222;kuvasz;4750;;0.7461052631578947;0.6259272341928647;0.7461052631578947;0.6807529773338455;3544;2118;1206
310;ant;4750;;0.816;0.5833835039133053;0.816;0.6803580832016851;3876;2768;874
204;Lhasa;4750;;0.5701052631578948;0.8428260192966075;0.5701052631578948;0.6801456737410523;2708;505;2042
37;box_turtle;4750;;0.5852631578947368;0.81120513568719;0.5852631578947368;0.6799559740736211;2780;647;1970
539;doormat;4750;;0.6762105263157895;0.6831135686941727;0.6762105263157895;0.679644519678375;3212;1490;1538
677;nail;4750;;0.6545263157894737;0.7067515344396453;0.6545263157894737;0.6796371188107991;3109;1290;1641
818;spotlight;4750;;0.6738947368421052;0.6847058823529412;0.6738947368421052;0.6792572944297082;3201;1474;1549
899;water_jug;4750;;0.5298947368421053;0.9419910179640718;0.5298947368421053;0.6782538399353275;2517;155;2233
844;switch;4750;;0.7202105263157895;0.6408767328587486;0.7202105263157895;0.6782315622521807;3421;1917;1329
742;printer;4750;;0.5713684210526315;0.8304773561811506;0.5713684210526315;0.6769768021950612;2714;554;2036
40;American_chameleon;4750;;0.7073684210526315;0.6477732793522267;0.7073684210526315;0.6762604407768944;3360;1827;1390
536;dock;4750;;0.5751578947368421;0.818699430626311;0.5751578947368421;0.6756522814393471;2732;605;2018
979;valley;4750;;0.8193684210526315;0.5738720141551165;0.8193684210526315;0.6749913284772805;3892;2890;858
252;affenpinscher;4750;;0.8686315789473684;0.551309460181721;0.8686315789473684;0.6745136504822625;4126;3358;624
298;mongoose;4750;;0.6528421052631579;0.697010564171724;0.6528421052631579;0.6742037177954125;3101;1348;1649
680;nipple;4750;;0.7711578947368422;0.5984316288188205;0.7711578947368422;0.6739030447980867;3663;2458;1087
188;wire-haired_fox_terrier;4750;;0.8429473684210527;0.5603918824352694;0.8429473684210527;0.673224043715847;4004;3141;746
230;Shetland_sheepdog;4750;;0.6290526315789474;0.7217391304347827;0.6290526315789474;0.6722159730033747;2988;1152;1762
526;desk;4750;;0.7751578947368422;0.5918662594438193;0.7751578947368422;0.6712241363594933;3682;2539;1068
516;cradle;4750;;0.6425263157894737;0.7014479430016088;0.6425263157894737;0.67069552796396;3052;1299;1698
3;tiger_shark;4750;;0.6997894736842105;0.6415749855240301;0.6997894736842105;0.6694189910381633;3324;1857;1426
527;desktop_computer;4750;;0.6008421052631578;0.7556261583267143;0.6008421052631578;0.6694030725929401;2854;923;1896
928;ice_cream;4750;;0.5248421052631579;0.9219674556213018;0.5248421052631579;0.6689026026294607;2493;211;2257
166;Walker_hound;4750;;0.6126315789473684;0.7350340995200808;0.6126315789473684;0.6682741991043748;2910;1049;1840
4;hammerhead;4750;;0.8153684210526316;0.5650714911000876;0.8153684210526316;0.6675284384694934;3873;2981;877
312;cricket;4750;;0.5675789473684211;0.8079112975726701;0.5675789473684211;0.6667491034994436;2696;641;2054
980;volcano;4750;;0.7974736842105263;0.5717735849056603;0.7974736842105263;0.6660219780219779;3788;2837;962
968;cup;4750;;0.5774736842105264;0.7848354792560801;0.5774736842105264;0.6653729533050334;2743;752;2007
335;fox_squirrel;4750;;0.8730526315789474;0.5357881136950904;0.8730526315789474;0.6640512409927942;4147;3593;603
865;toyshop;4750;;0.7770526315789473;0.576989213693919;0.7770526315789473;0.6622409616937291;3691;2706;1059
328;sea_urchin;4750;;0.7648421052631579;0.5830524795377949;0.7648421052631579;0.6616883708223296;3633;2598;1117
620;laptop;4750;;0.8806315789473684;0.5296277538617371;0.8806315789473684;0.661448450347881;4183;3715;567
673;mouse;4750;;0.544;0.8306010928961749;0.544;0.6574227197557563;2584;527;2166
382;squirrel_monkey;4750;;0.8627368421052631;0.53076026421448;0.8627368421052631;0.6572047149386576;4098;3623;652
369;siamang;4750;;0.8090526315789474;0.5495495495495496;0.8090526315789474;0.6545175849442222;3843;3150;907
59;vine_snake;4750;;0.7134736842105264;0.6017400568181818;0.7134736842105264;0.6528607204777499;3389;2243;1361
153;Maltese_dog;4750;;0.7378947368421053;0.5849465954606141;0.7378947368421053;0.652578663191212;3505;2487;1245
975;lakeside;4750;;0.7362105263157894;0.5840988809086354;0.7362105263157894;0.651392381484586;3497;2490;1253
987;corn;4750;;0.5888421052631579;0.7272490899635985;0.5888421052631579;0.650767798976268;2797;1049;1953
997;bolete;4750;;0.856;0.5237665850830865;0.856;0.6498841205146648;4066;3697;684
970;alp;4750;;0.7210526315789474;0.589906992766104;0.7210526315789474;0.6489200454717696;3425;2381;1325
272;coyote;4750;;0.6896842105263158;0.6110800223838836;0.6896842105263158;0.6480071209573731;3276;2085;1474
124;crayfish;4750;;0.5753684210526315;0.741253051261188;0.5753684210526315;0.6478606139623089;2733;954;2017
461;breastplate;4750;;0.7928421052631579;0.5469862018881627;0.7928421052631579;0.6473571121615815;3766;3119;984
485;CD_player;4750;;0.531578947368421;0.8259731763166503;0.531578947368421;0.6468553861918791;2525;532;2225
271;red_wolf;4750;;0.5802105263157895;0.7306468716861082;0.5802105263157895;0.6467965266369398;2756;1016;1994
484;catamaran;4750;;0.48610526315789476;0.9604825291181365;0.48610526315789476;0.6455129997204361;2309;95;2441
304;leaf_beetle;4750;;0.49726315789473685;0.917994558880684;0.49726315789473685;0.6450908097774137;2362;211;2388
61;boa_constrictor;4750;;0.5109473684210526;0.8695807954138302;0.5109473684210526;0.6436812093886752;2427;364;2323
469;caldron;4750;;0.7246315789473684;0.5784873949579832;0.7246315789473684;0.6433644859813085;3442;2508;1308
856;thresher;4750;;0.8008421052631579;0.5369847543760587;0.8008421052631579;0.6428933581206693;3804;3280;946
999;toilet_tissue;4750;;0.5244210526315789;0.8292276964047937;0.5244210526315789;0.6425070931132318;2491;513;2259
49;African_crocodile;4750;;0.5789473684210527;0.7208387942332897;0.5789473684210527;0.642148277875073;2750;1065;2000
405;airship;4750;;0.7347368421052631;0.56877444589309;0.7347368421052631;0.64119051993386;3490;2646;1260
44;alligator_lizard;4750;;0.4922105263157895;0.9147104851330203;0.4922105263157895;0.6400218998083766;2338;218;2412
119;rock_crab;4750;;0.5246315789473684;0.8189286887939533;0.5246315789473684;0.6395483125882203;2492;551;2258
167;English_foxhound;4750;;0.8107368421052632;0.5273897562311696;0.8107368421052632;0.6390640557583803;3851;3451;899
909;wok;4750;;0.5345263157894737;0.7875310173697271;0.5345263157894737;0.6368196639077001;2539;685;2211
925;consomme;4750;;0.856;0.5069193367410547;0.856;0.6367551483830552;4066;3955;684
35;mud_turtle;4750;;0.5572631578947368;0.7410414333706606;0.5572631578947368;0.6361451574140831;2647;925;2103
266;miniature_poodle;4750;;0.572;0.715;0.572;0.6355555555555555;2717;1083;2033
599;honeycomb;4750;;0.7115789473684211;0.5739514348785872;0.7115789473684211;0.635398063727794;3380;2509;1370
664;monitor;4750;;0.6684210526315789;0.6009842892296043;0.6684210526315789;0.6329113924050632;3175;2108;1575
385;Indian_elephant;4750;;0.7812631578947369;0.5276553391155979;0.7812631578947369;0.6298905202410251;3711;3322;1039
972;cliff;4750;;0.6187368421052631;0.6396082698585419;0.6187368421052631;0.6289994649545211;2939;1656;1811
374;langur;4750;;0.712421052631579;0.562874251497006;0.712421052631579;0.6288793904478722;3384;2628;1366
923;plate;4750;;0.6138947368421053;0.6420079260237781;0.6138947368421053;0.6276366767111494;2916;1626;1834
550;espresso_maker;4750;;0.7221052631578947;0.5530474040632054;0.7221052631578947;0.6263696128560994;3430;2772;1320
380;titi;4750;;0.5050526315789474;0.808288409703504;0.5050526315789474;0.6216636434309406;2399;569;2351
64;green_mamba;4750;;0.756421052631579;0.526369762672136;0.756421052631579;0.6207671043538355;3593;3233;1157
345;ox;4750;;0.4749473684210526;0.8885387948011028;0.4749473684210526;0.6190149540403348;2256;283;2494
67;diamondback;4750;;0.5206315789473684;0.7625655257477644;0.5206315789473684;0.6187914425121981;2473;770;2277
848;tape_player;4750;;0.5242105263157895;0.7531760435571688;0.5242105263157895;0.6181727904667328;2490;816;2260
782;screen;4750;;0.516421052631579;0.7636986301369864;0.516421052631579;0.6161768399899523;2453;759;2297
626;lighter;4750;;0.7431578947368421;0.5237388724035609;0.7431578947368421;0.6144473455178416;3530;3210;1220
77;wolf_spider;4750;;0.8157894736842105;0.4900720880232705;0.8157894736842105;0.6123093940112191;3875;4032;875
356;weasel;4750;;0.5404210526315789;0.7048325096101044;0.5404210526315789;0.6117731172545281;2567;1075;2183
961;dough;4750;;0.5014736842105263;0.7743823146944083;0.5014736842105263;0.6087400971121901;2382;694;2368
54;hognose_snake;4750;;0.5793684210526315;0.6365949572056442;0.5793684210526315;0.6066350710900473;2752;1571;1998
281;tabby;4750;;0.8852631578947369;0.46067046450482035;0.8852631578947369;0.6059951001585243;4205;4923;545
36;terrapin;4750;;0.764;0.5002067539627842;0.764;0.6045814244064972;3629;3626;1121
248;Eskimo_dog;4750;;0.5248421052631579;0.7074347332576617;0.5248421052631579;0.602610587382161;2493;1031;2257
552;feather_boa;4750;;0.7997894736842105;0.48259654471544716;0.7997894736842105;0.6019648233243543;3799;4073;951
62;rock_python;4750;;0.6151578947368421;0.5881642512077294;0.6151578947368421;0.6013583041778143;2922;2046;1828
904;window_screen;4750;;0.772;0.49089692101740295;0.772;0.6001636661211129;3667;3803;1083
482;cassette_player;4750;;0.7696842105263157;0.4890969899665552;0.7696842105263157;0.598118609406953;3656;3819;1094
794;shower_curtain;4750;;0.7073684210526315;0.5178791615289766;0.7073684210526315;0.597971169247197;3360;3128;1390
240;Appenzeller;4750;;0.5816842105263158;0.6146829810901001;0.5816842105263158;0.597728501892915;2763;1732;1987
978;seashore;4750;;0.6208421052631579;0.5736238085975491;0.6208421052631579;0.5962996663633606;2949;2192;1801
815;spider_web;4750;;0.5713684210526315;0.6211947814145113;0.5713684210526315;0.595240706217787;2714;1655;2036
524;cuirass;4750;;0.5008421052631579;0.7281910009182736;0.5008421052631579;0.5934888362230261;2379;888;2371
107;jellyfish;4750;;0.8242105263157895;0.46347815792589087;0.8242105263157895;0.5933166628779268;3915;4532;835
103;platypus;4750;;0.759578947368421;0.486646884272997;0.759578947368421;0.5932259125287733;3608;3806;1142
996;hen-of-the-woods;4750;;0.7926315789473685;0.4691588785046729;0.7926315789473685;0.5894324853228964;3765;4260;985
277;red_fox;4750;;0.7951578947368421;0.4667572911517548;0.7951578947368421;0.5882261330010901;3777;4315;973
32;tailed_frog;4750;;0.5976842105263158;0.5721483272873841;0.5976842105263158;0.5846375617792422;2839;2123;1911
810;space_bar;4750;;0.6593684210526316;0.5240087000167308;0.6593684210526316;0.5839470495012585;3132;2845;1618
348;ram;4750;;0.4246315789473684;0.9235347985347986;0.4246315789473684;0.581770983559273;2017;167;2733
58;water_snake;4750;;0.5901052631578947;0.5711083944580277;0.5901052631578947;0.5804514392213709;2803;2105;1947
285;Egyptian_cat;4750;;0.4513684210526316;0.8118137069291935;0.4513684210526316;0.5801650656203491;2144;497;2606
744;projectile;4750;;0.4517894736842105;0.8052532833020638;0.4517894736842105;0.5788267026298044;2146;519;2604
974;geyser;4750;;0.8494736842105263;0.43882544861337686;0.8494736842105263;0.5787020437432772;4035;5160;715
78;tick;4750;;0.8812631578947369;0.4303485144443302;0.8812631578947369;0.5782966084133453;4186;5541;564
657;missile;4750;;0.6943157894736842;0.4896080760095012;0.6943157894736842;0.5742643217830402;3298;3438;1452
799;sliding_door;4750;;0.5701052631578948;0.5710670603121046;0.5701052631578948;0.5705857564264645;2708;2034;2042
809;soup_bowl;4750;;0.408;0.9250596658711218;0.408;0.5662527392257122;1938;157;2812
265;toy_poodle;4750;;0.6522105263157895;0.49919432806961006;0.6522105263157895;0.5655348667396859;3098;3108;1652
911;wool;4750;;0.6461052631578947;0.4880725190839695;0.6461052631578947;0.5560789998188078;3069;3219;1681
885;velvet;4750;;0.6187368421052631;0.504549356223176;0.6187368421052631;0.5558392434988179;2939;2886;1811
238;Greater_Swiss_Mountain_dog;4750;;0.4069473684210526;0.8534216335540838;0.4069473684210526;0.5511047754811119;1933;332;2817
562;fountain;4750;;0.848;0.4068686868686869;0.848;0.5498976109215017;4028;5872;722
5;electric_ray;4750;;0.8261052631578948;0.4038283420808892;0.8261052631578948;0.5424759798161333;3924;5793;826
381;spider_monkey;4750;;0.4248421052631579;0.7487940630797774;0.4248421052631579;0.5421087978509067;2018;677;2732
358;polecat;4750;;0.747578947368421;0.42334287076776345;0.747578947368421;0.5405693408433552;3551;4837;1199
611;jigsaw_puzzle;4750;;0.8010526315789473;0.3762856012658228;0.8010526315789473;0.5120441394159602;3805;6307;945
878;typewriter_keyboard;4750;;0.3631578947368421;0.8309248554913294;0.3631578947368421;0.505420451215939;1725;351;3025
278;kit_fox;4750;;0.36210526315789476;0.8128544423440454;0.36210526315789476;0.5010195164579085;1720;396;3030
26;common_newt;4750;;0.6717894736842105;0.3957093253968254;0.6717894736842105;0.49804900889651943;3191;4873;1559
681;notebook;4750;;0.3562105263157895;0.818973862536302;0.3562105263157895;0.4964788732394366;1692;374;3058
68;sidewinder;4750;;0.5846315789473684;0.4306093968057063;0.5846315789473684;0.4959371372443968;2777;3672;1973
101;tusker;4750;;0.3431578947368421;0.854745673833246;0.3431578947368421;0.4897100796154424;1630;277;3120
46;green_lizard;4750;;0.36905263157894735;0.7219934102141681;0.36905263157894735;0.48843689049874617;1753;675;2997
73;barn_spider;4750;;0.6690526315789473;0.3733991305369522;0.6690526315789473;0.4793002036045547;3178;5333;1572
60;night_snake;4750;;0.31726315789473686;0.8970238095238096;0.31726315789473686;0.46874027993779166;1507;173;3243
66;horned_viper;4750;;0.6002105263157895;0.3689182194616977;0.6002105263157895;0.45696425709248273;2851;4877;1899
359;black-footed_ferret;4750;;0.3126315789473684;0.7646755921730175;0.3126315789473684;0.4438135086670652;1485;457;3265
728;plastic_bag;4750;;0.6063157894736843;0.3456138245529821;0.6063157894736843;0.44026599403806466;2880;5453;1870
55;green_snake;4750;;0.2926315789473684;0.7583196944899072;0.2926315789473684;0.42229986328421687;1390;443;3360
282;tiger_cat;4750;;0.27010526315789474;0.8413114754098361;0.27010526315789474;0.4089243027888447;1283;242;3467
6;stingray;4750;;0.32652631578947366;0.5447839831401475;0.32652631578947366;0.4083190733184151;1551;1296;3199
973;coral_reef;4750;;0.7827368421052632;0.26967433089141946;0.7827368421052632;0.4011436586286886;3718;10069;1032
947;mushroom;4750;;0.2783157894736842;0.706574024585783;0.2783157894736842;0.3993354478175502;1322;549;3428
111;nematode;4750;;0.8989473684210526;0.2327863490159734;0.8989473684210526;0.36980903304031526;4270;14073;480
74;garden_spider;4750;;0.07431578947368421;0.7640692640692641;0.07431578947368421;0.13545663852647735;353;109;4397
