class_idx;class_label;support;base_accuracy;overall_accuracy;precision;recall;f1;tp;fp;fn
129;spoonbill;4750;;0.9576842105263158;0.9713858637625454;0.9576842105263158;0.9644863776105164;4549;134;201
136;European_gallinule;4750;;0.9543157894736842;0.9605848696757787;0.9543157894736842;0.9574400675889746;4533;186;217
88;macaw;4750;;0.9515789473684211;0.9602719354153388;0.9515789473684211;0.9559056783335096;4520;187;230
321;admiral;4750;;0.936;0.9739320920043811;0.936;0.9545893719806764;4446;119;304
139;ruddy_turnstone;4750;;0.9467368421052632;0.9590531030070377;0.9467368421052632;0.9528551753363704;4497;192;253
130;flamingo;4750;;0.9336842105263158;0.9702472106760008;0.9336842105263158;0.9516146336230018;4435;136;315
19;chickadee;4750;;0.9208421052631579;0.9842484248424842;0.9208421052631579;0.9514901022405918;4374;70;376
986;yellow_lady's_slipper;4750;;0.9941052631578947;0.9121112613482713;0.9941052631578947;0.9513448171653067;4722;455;28
135;limpkin;4750;;0.9237894736842105;0.9716563330380869;0.9237894736842105;0.9471184977336499;4388;128;362
0;tench;4750;;0.9282105263157895;0.9658269441401972;0.9282105263157895;0.9466451959205583;4409;156;341
323;monarch;4750;;0.915578947368421;0.9784026996625422;0.915578947368421;0.9459488852637303;4349;96;401
339;sorrel;4750;;0.9711578947368421;0.9160047656870532;0.9711578947368421;0.9427753934191703;4613;423;137
100;black_swan;4750;;0.9545263157894737;0.9289080106535546;0.9545263157894737;0.9415429342747378;4534;347;216
376;proboscis_monkey;4750;;0.9492631578947368;0.9312267657992565;0.9492631578947368;0.9401584653878232;4509;333;241
13;junco;4750;;0.8987368421052632;0.9834139599170698;0.8987368421052632;0.9391706082939171;4269;72;481
255;Leonberg;4750;;0.9244210526315789;0.9469484580547768;0.9244210526315789;0.9355491637370832;4391;246;359
90;lorikeet;4750;;0.9861052631578947;0.8879620853080569;0.9861052631578947;0.9344638403990025;4684;591;66
11;goldfinch;4750;;0.8892631578947369;0.9739451233571593;0.8892631578947369;0.929679762297788;4224;113;526
91;coucal;4750;;0.884;0.9790160876661227;0.884;0.9290850757827193;4199;90;551
995;earthstar;4750;;0.9637894736842105;0.8962411902897416;0.9637894736842105;0.9287888009738283;4578;530;172
17;jay;4750;;0.9021052631578947;0.9562597634456594;0.9021052631578947;0.928393456830246;4285;196;465
92;bee_eater;4750;;0.8898947368421053;0.9567677682209145;0.8898947368421053;0.9221204188481676;4227;191;523
14;indigo_bunting;4750;;0.9174736842105263;0.925461881503504;0.9174736842105263;0.921450470451422;4358;351;392
15;robin;4750;;0.8928421052631579;0.9511101143754205;0.8928421052631579;0.9210554891953524;4241;218;509
22;bald_eagle;4750;;0.8972631578947369;0.9410465886509163;0.8972631578947369;0.9186334734346374;4262;267;488
97;drake;4750;;0.9317894736842105;0.9021606196494089;0.9317894736842105;0.9167357083678541;4426;480;324
24;great_grey_owl;4750;;0.9147368421052632;0.9166666666666666;0.9147368421052632;0.9157007376185459;4345;395;405
12;house_finch;4750;;0.8852631578947369;0.9472854246451904;0.8852631578947369;0.9152247252149309;4205;234;545
387;lesser_panda;4750;;0.923578947368421;0.9049092409240924;0.923578947368421;0.9141487809960409;4387;461;363
351;hartebeest;4750;;0.9103157894736842;0.9176570458404074;0.9103157894736842;0.9139716761783977;4324;388;426
388;giant_panda;4750;;0.8934736842105263;0.9329522972081776;0.8934736842105263;0.9127863211097966;4244;305;506
900;water_tower;4750;;0.8776842105263158;0.9500911577028259;0.8776842105263158;0.9124534909170497;4169;219;581
9;ostrich;4750;;0.9418947368421052;0.8820977917981072;0.9418947368421052;0.9110160863367949;4474;598;276
25;European_fire_salamander;4750;;0.8863157894736842;0.9365962180200222;0.8863157894736842;0.9107625743645212;4210;285;540
340;zebra;4750;;0.9303157894736842;0.8889559444779722;0.9303157894736842;0.9091657236909783;4419;552;331
991;coral_fungus;4750;;0.864;0.9573128061581525;0.864;0.9082660174836782;4104;183;646
145;king_penguin;4750;;0.9018947368421053;0.9130434782608695;0.9018947368421053;0.9074348654945986;4284;408;466
143;oystercatcher;4750;;0.8549473684210527;0.9630068769267252;0.8549473684210527;0.9057655849224935;4061;156;689
138;bustard;4750;;0.8517894736842105;0.9635627530364372;0.8517894736842105;0.904235110068164;4046;153;704
625;lifeboat;4750;;0.919578947368421;0.8885272579332791;0.919578947368421;0.9037864680322782;4368;548;382
96;toucan;4750;;0.8770526315789474;0.9313659736194947;0.8770526315789474;0.9033936896888215;4166;307;584
915;yurt;4750;;0.9189473684210526;0.8834244080145719;0.9189473684210526;0.9008358270560313;4365;576;385
685;odometer;4750;;0.9789473684210527;0.8287292817679558;0.9789473684210527;0.8975967570697809;4650;961;100
275;African_hunting_dog;4750;;0.9515789473684211;0.8485076027782993;0.9515789473684211;0.8970923886077204;4520;807;230
141;redshank;4750;;0.8661052631578947;0.9299276672694394;0.8661052631578947;0.8968824940047961;4114;310;636
990;buckeye;4750;;0.8901052631578947;0.9036118828809575;0.8901052631578947;0.896807720861173;4228;451;522
325;sulphur_butterfly;4750;;0.8789473684210526;0.9133668781448261;0.8789473684210526;0.8958266280442013;4175;396;575
18;magpie;4750;;0.8347368421052631;0.9616783895221925;0.8347368421052631;0.8937225290206243;3965;158;785
87;African_grey;4750;;0.8871578947368421;0.9000427167876975;0.8871578947368421;0.8935538592027141;4214;468;536
554;fireboat;4750;;0.8652631578947368;0.9225589225589226;0.8652631578947368;0.892992938620315;4110;345;640
83;prairie_chicken;4750;;0.8951578947368422;0.8891677122542869;0.8951578947368422;0.8921527486361729;4252;530;498
322;ringlet;4750;;0.8391578947368421;0.9519942679722952;0.8391578947368421;0.8920219312968558;3986;201;764
89;sulphur-crested_cockatoo;4750;;0.8458947368421053;0.9414245548266167;0.8458947368421053;0.8911066755378132;4018;250;732
144;pelican;4750;;0.8778947368421053;0.9039670496423152;0.8778947368421053;0.8907401473886576;4170;443;580
607;jack-o'-lantern;4750;;0.9444210526315789;0.8402322532309421;0.9444210526315789;0.8892853602933887;4486;853;264
94;hummingbird;4750;;0.9077894736842105;0.8707592891760905;0.9077894736842105;0.8888888888888888;4312;640;438
347;bison;4750;;0.8618947368421053;0.9156788190561396;0.8618947368421053;0.88797310486932;4094;377;656
993;gyromitra;4750;;0.9265263157894736;0.8505991495941244;0.9265263157894736;0.8869407496977025;4401;773;349
84;peacock;4750;;0.9048421052631579;0.8696883852691218;0.9048421052631579;0.8869170449855552;4298;644;452
945;bell_pepper;4750;;0.8865263157894737;0.8855941114616194;0.8865263157894737;0.8860599684376644;4211;544;539
291;lion;4750;;0.9370526315789474;0.8371261989843897;0.9370526315789474;0.8842753551206913;4451;866;299
127;white_stork;4750;;0.8269473684210527;0.9490215027784489;0.8269473684210527;0.8837889526380919;3928;211;822
326;lycaenid;4750;;0.9284210526315789;0.8430510418658;0.9284210526315789;0.8836789900811542;4410;821;340
863;totem_pole;4750;;0.8705263157894737;0.8969631236442517;0.8705263157894737;0.8835470085470086;4135;475;615
324;cabbage_butterfly;4750;;0.8591578947368421;0.9068888888888889;0.8591578947368421;0.8823783783783783;4081;419;669
102;echidna;4750;;0.8749473684210526;0.889554794520548;0.8749473684210526;0.8821906177032477;4156;516;594
98;red-breasted_merganser;4750;;0.9029473684210526;0.8622838761560112;0.9029473684210526;0.8821472645002056;4289;685;461
430;basketball;4750;;0.9069473684210526;0.8578255675029869;0.9069473684210526;0.8817028243962343;4308;714;442
560;football_helmet;4750;;0.8507368421052631;0.9132203389830509;0.8507368421052631;0.8808719346049046;4041;384;709
317;leafhopper;4750;;0.8221052631578948;0.9475855374909002;0.8221052631578948;0.8803967985570962;3905;216;845
137;American_coot;4750;;0.8054736842105263;0.9681174089068826;0.8054736842105263;0.8793380831992645;3826;126;924
576;gondola;4750;;0.9284210526315789;0.8350691156977845;0.9284210526315789;0.8792742498255408;4410;871;340
146;albatross;4750;;0.8901052631578947;0.867816091954023;0.8901052631578947;0.878819372271877;4228;644;522
133;bittern;4750;;0.82;0.9419588875453446;0.82;0.8767585818795722;3895;240;855
984;rapeseed;4750;;0.976;0.7949245541838135;0.976;0.8762048762048763;4636;1196;114
16;bulbul;4750;;0.8216842105263158;0.9384467420052898;0.8216842105263158;0.8761926142103491;3903;256;847
890;volleyball;4750;;0.8294736842105264;0.9274952919020716;0.8294736842105264;0.875750166703712;3940;308;810
142;dowitcher;4750;;0.8397894736842105;0.9134417220059537;0.8397894736842105;0.8750685532521663;3989;378;761
365;orangutan;4750;;0.8658947368421053;0.8841358555460017;0.8658947368421053;0.8749202297383535;4113;539;637
957;pomegranate;4750;;0.8258947368421052;0.9300616405879564;0.8258947368421052;0.8748884924174842;3923;295;827
688;oscilloscope;4750;;0.9012631578947369;0.8428824571766096;0.9012631578947369;0.8710957371044868;4281;798;469
727;planetarium;4750;;0.8191578947368421;0.9293049916407929;0.8191578947368421;0.8707620006713662;3891;296;859
565;freight_car;4750;;0.9233684210526316;0.819047619047619;0.9233684210526316;0.8680851063829788;4386;969;364
344;hippopotamus;4750;;0.8138947368421052;0.9295503726857418;0.8138947368421052;0.867886407004153;3866;293;884
953;pineapple;4750;;0.8482105263157895;0.8880317390346044;0.8482105263157895;0.8676644772262303;4029;508;721
392;rock_beauty;4750;;0.9547368421052631;0.7950561009817672;0.9547368421052631;0.8676104840252534;4535;1169;215
420;banjo;4750;;0.832421052631579;0.9017103762827822;0.832421052631579;0.8656814449917899;3954;431;796
10;brambling;4750;;0.880421052631579;0.8482758620689655;0.880421052631579;0.8640495867768595;4182;748;568
93;hornbill;4750;;0.8084210526315789;0.927536231884058;0.8084210526315789;0.8638920134983128;3840;300;910
364;three-toed_sloth;4750;;0.8307368421052631;0.8988610478359909;0.8307368421052631;0.8634573304157548;3946;444;804
23;vulture;4750;;0.8505263157894737;0.8757858226750488;0.8505263157894737;0.8629712698921285;4040;573;710
85;quail;4750;;0.8208421052631579;0.9094938185211103;0.8208421052631579;0.8628969790859798;3899;388;851
594;harp;4750;;0.8717894736842106;0.8538144329896907;0.8717894736842106;0.8627083333333334;4141;709;609
933;cheeseburger;4750;;0.868421052631579;0.8561643835616438;0.868421052631579;0.8622491638795988;4125;693;625
131;little_blue_heron;4750;;0.8378947368421052;0.8876003568242641;0.8378947368421052;0.8620316222655404;3980;504;770
937;broccoli;4750;;0.8442105263157895;0.8793859649122807;0.8442105263157895;0.861439312567132;4010;550;740
355;llama;4750;;0.8528421052631578;0.8696865607556892;0.8528421052631578;0.8611819727891157;4051;607;699
148;killer_whale;4750;;0.9037894736842105;0.8219414129810454;0.9037894736842105;0.8609244961395769;4293;930;457
316;cicada;4750;;0.8515789473684211;0.8702667814113597;0.8515789473684211;0.8608214513726326;4045;603;705
873;triumphal_arch;4750;;0.8174736842105264;0.9085166120729995;0.8174736842105264;0.8605939716312058;3883;391;867
140;red-backed_sandpiper;4750;;0.8292631578947368;0.8940081706763504;0.8292631578947368;0.8604193971166448;3939;467;811
284;Siamese_cat;4750;;0.9292631578947368;0.7999275099673795;0.9292631578947368;0.859758472925594;4414;1104;336
800;slot;4750;;0.8793684210526316;0.8390920048212134;0.8793684210526316;0.8587582236842105;4177;801;573
528;dial_telephone;4750;;0.8768421052631579;0.8395484781294094;0.8768421052631579;0.8577901348985686;4165;796;585
952;fig;4750;;0.8576842105263158;0.8526580159062369;0.8576842105263158;0.8551637279596978;4074;704;676
768;rugby_ball;4750;;0.8261052631578948;0.8855788761002031;0.8261052631578948;0.8548088443524671;3924;507;826
955;jackfruit;4750;;0.9168421052631579;0.7993759177679882;0.9168421052631579;0.8540890370660914;4355;1093;395
407;ambulance;4750;;0.8696842105263158;0.8389520714865962;0.8696842105263158;0.8540417614223692;4131;793;619
247;Saint_Bernard;4750;;0.8442105263157895;0.8640379228614523;0.8442105263157895;0.854009157704185;4010;631;740
307;weevil;4750;;0.8056842105263158;0.9075171923168129;0.8056842105263158;0.8535742165718746;3827;390;923
95;jacamar;4750;;0.9341052631578948;0.7802004571830491;0.9341052631578948;0.8502443230813452;4437;1250;313
540;drilling_platform;4750;;0.8821052631578947;0.8198004304441401;0.8821052631578947;0.849812392252307;4190;921;560
274;dhole;4750;;0.7945263157894736;0.9131381563029276;0.7945263157894736;0.8497129348193178;3774;359;976
244;Tibetan_mastiff;4750;;0.8412631578947368;0.8567753001715266;0.8412631578947368;0.8489483747609942;3996;668;754
661;Model_T;4750;;0.8785263157894737;0.8203263219972479;0.8785263157894737;0.8484293992070753;4173;914;577
779;school_bus;4750;;0.8863157894736842;0.8113316631335518;0.8863157894736842;0.847167723110977;4210;979;540
555;fire_engine;4750;;0.8275789473684211;0.866813671444322;0.8275789473684211;0.8467420570813141;3931;604;819
604;hourglass;4750;;0.9223157894736842;0.7826009289031797;0.9223157894736842;0.8467336683417085;4381;1217;369
396;lionfish;4750;;0.8621052631578947;0.8309659090909091;0.8621052631578947;0.8462492250464971;4095;833;655
535;disk_brake;4750;;0.844842105263158;0.8475184794086589;0.844842105263158;0.8461781760674749;4013;722;737
216;clumber;4750;;0.8214736842105264;0.8686553873552983;0.8214736842105264;0.8444059727331747;3902;590;848
294;brown_bear;4750;;0.8747368421052631;0.8140673981191222;0.8747368421052631;0.8433123604627561;4155;949;595
333;hamster;4750;;0.8978947368421053;0.7940793148389499;0.8978947368421053;0.8428020946546785;4265;1106;485
251;dalmatian;4750;;0.8749473684210526;0.8125122189638319;0.8749473684210526;0.8425747592498734;4156;959;594
726;plane;4750;;0.8332631578947368;0.8517323004088659;0.8332631578947368;0.8423965095243161;3958;689;792
156;Blenheim_spaniel;4750;;0.8126315789473684;0.8742921857304643;0.8126315789473684;0.8423349699945444;3860;555;890
606;iron;4750;;0.7917894736842105;0.8989005736137667;0.7917894736842105;0.8419520931273786;3761;423;989
393;anemone_fish;4750;;0.8086315789473684;0.8777422303473492;0.8086315789473684;0.8417707648476879;3841;535;909
956;custard_apple;4750;;0.8730526315789474;0.811545988258317;0.8730526315789474;0.8411764705882354;4147;963;603
573;go-kart;4750;;0.8768421052631579;0.8081102056655025;0.8768421052631579;0.8410743134087237;4165;989;585
375;colobus;4750;;0.779578947368421;0.910051609732121;0.779578947368421;0.8397777525796577;3703;366;1047
28;spotted_salamander;4750;;0.8138947368421052;0.8664276109367997;0.8138947368421052;0.8393399913156752;3866;596;884
178;Weimaraner;4750;;0.8153684210526316;0.8641231593038822;0.8153684210526316;0.8390381282495667;3873;609;877
306;rhinoceros_beetle;4750;;0.8073684210526316;0.871987266939518;0.8073684210526316;0.8384346305203324;3835;563;915
71;scorpion;4750;;0.8204210526315789;0.8572371315442147;0.8204210526315789;0.8384251290877797;3897;649;853
354;Arabian_camel;4750;;0.9010526315789473;0.7828790927382476;0.9010526315789473;0.8378193207399433;4280;1187;470
128;black_stork;4750;;0.8204210526315789;0.8534822601839684;0.8204210526315789;0.8366251610133104;3897;669;853
687;organ;4750;;0.788;0.8905543659290983;0.788;0.8361443091701106;3743;460;1007
954;banana;4750;;0.7907368421052632;0.8856401792030182;0.7907368421052632;0.8355021688355022;3756;485;994
218;Welsh_springer_spaniel;4750;;0.859578947368421;0.8112457778660839;0.859578947368421;0.8347132781355412;4083;950;667
57;garter_snake;4750;;0.8071578947368421;0.8613794652886991;0.8071578947368421;0.8333876752526899;3834;617;916
944;artichoke;4750;;0.747578947368421;0.9406622516556291;0.747578947368421;0.8330791788856304;3551;224;1199
105;koala;4750;;0.783578947368421;0.887881679389313;0.783578947368421;0.8324759561619325;3722;470;1028
832;stupa;4750;;0.8492631578947368;0.8162687171185755;0.8492631578947368;0.832439125051589;4034;908;716
746;puck;4750;;0.8610526315789474;0.8044846577498033;0.8610526315789474;0.8318080130160667;4090;994;660
985;daisy;4750;;0.9745263157894737;0.7242997965889533;0.9745263157894737;0.8309846512880352;4629;1762;121
350;ibex;4750;;0.8924210526315789;0.7772277227722773;0.8924210526315789;0.8308506468051744;4239;1215;511
802;snowmobile;4750;;0.884421052631579;0.7828922847558702;0.884421052631579;0.8305654408857256;4201;1165;549
293;cheetah;4750;;0.8806315789473684;0.783920539730135;0.8806315789473684;0.8294665873488003;4183;1153;567
300;tiger_beetle;4750;;0.8115789473684211;0.8453947368421053;0.8115789473684211;0.8281417830290012;3855;705;895
147;grey_whale;4750;;0.8042105263157895;0.8528689439607056;0.8042105263157895;0.8278253331888612;3820;659;930
160;Afghan_hound;4750;;0.7934736842105263;0.8624713958810069;0.7934736842105263;0.8265350877192982;3769;601;981
783;screw;4750;;0.9077894736842105;0.7584872471416007;0.9077894736842105;0.8264494489698131;4312;1373;438
426;barometer;4750;;0.8067368421052632;0.8468508287292817;0.8067368421052632;0.8263072776280324;3832;693;918
425;barn;4750;;0.9105263157894737;0.7545359385903698;0.9105263157894737;0.8252241938561343;4325;1407;425
684;ocarina;4750;;0.7705263157894737;0.8877031287897162;0.7705263157894737;0.8249746421728841;3660;463;1090
20;water_ouzel;4750;;0.8088421052631579;0.8390478270364709;0.8088421052631579;0.8236681316325437;3842;737;908
320;damselfly;4750;;0.8214736842105264;0.8254707002327057;0.8214736842105264;0.8234673419858606;3902;825;848
829;streetcar;4750;;0.8216842105263158;0.8241131756756757;0.8216842105263158;0.8228969006957622;3903;833;847
547;electric_locomotive;4750;;0.8366315789473684;0.8095335098798125;0.8366315789473684;0.8228595092659695;3974;935;776
816;spindle;4750;;0.7989473684210526;0.8470982142857143;0.7989473684210526;0.8223185265438788;3795;685;955
886;vending_machine;4750;;0.8629473684210527;0.7843474933027171;0.8629473684210527;0.8217722534081797;4099;1127;651
363;armadillo;4750;;0.8534736842105263;0.7919515530377027;0.8534736842105263;0.8215624683351911;4054;1065;696
75;black_widow;4750;;0.8216842105263158;0.8213383838383839;0.8216842105263158;0.8215112607872027;3903;849;847
260;chow;4750;;0.8654736842105263;0.7812618776130749;0.8654736842105263;0.8212145425489413;4111;1151;639
279;Arctic_fox;4750;;0.7882105263157895;0.8559670781893004;0.7882105263157895;0.820692678649715;3744;630;1006
51;triceratops;4750;;0.8233684210526315;0.8175167224080268;0.8233684210526315;0.8204321376127542;3911;873;839
941;acorn_squash;4750;;0.7789473684210526;0.8665105386416861;0.7789473684210526;0.8203991130820398;3700;570;1050
934;hotdog;4750;;0.8157894736842105;0.824292703680068;0.8157894736842105;0.8200190456036399;3875;826;875
261;keeshond;4750;;0.7917894736842105;0.8497514685946679;0.7917894736842105;0.8197471665213599;3761;665;989
332;Angora;4750;;0.816;0.8234544295729764;0.816;0.8197102675266997;3876;831;874
486;cello;4750;;0.8614736842105263;0.7804691970246043;0.8614736842105263;0.8189732812969078;4092;1151;658
642;marimba;4750;;0.7665263157894737;0.8781958514230583;0.7665263157894737;0.8185701438848921;3641;505;1109
938;cauliflower;4750;;0.7903157894736842;0.8485533453887885;0.7903157894736842;0.8183998255940702;3754;670;996
621;lawn_mower;4750;;0.8446315789473684;0.7928853754940711;0.8446315789473684;0.817940876656473;4012;1048;738
70;harvestman;4750;;0.740421052631579;0.9118485869847032;0.740421052631579;0.8172417799465551;3517;340;1233
628;liner;4750;;0.8048421052631579;0.8298241805947472;0.8048421052631579;0.8171422464465107;3823;784;927
874;trolleybus;4750;;0.8934736842105263;0.7508846426043878;0.8934736842105263;0.8159969236685252;4244;1408;506
80;black_grouse;4750;;0.8873684210526316;0.753755364806867;0.8873684210526316;0.8151228002320634;4215;1377;535
694;paddlewheel;4750;;0.8656842105263158;0.769605090772974;0.8656842105263158;0.8148221539680968;4112;1231;638
771;safe;4750;;0.736421052631579;0.9109375;0.736421052631579;0.8144353899883586;3498;342;1252
1;goldfish;4750;;0.9084210526315789;0.7377329458027013;0.9084210526315789;0.8142277573355978;4315;1534;435
561;forklift;4750;;0.7658947368421053;0.8688798662526869;0.7658947368421053;0.8141434485845364;3638;549;1112
48;Komodo_dragon;4750;;0.8086315789473684;0.8188019612023023;0.8086315789473684;0.8136849909967164;3841;850;909
888;viaduct;4750;;0.764421052631579;0.8688681502751855;0.764421052631579;0.8133049613618546;3631;548;1119
289;snow_leopard;4750;;0.8574736842105263;0.7731586940015186;0.8574736842105263;0.8131363545617888;4073;1195;677
672;mountain_tent;4750;;0.8738947368421053;0.7594218807171607;0.8738947368421053;0.812646828504307;4151;1315;599
936;head_cabbage;4750;;0.8008421052631579;0.8246260567960113;0.8008421052631579;0.81256007689843;3804;809;946
384;indri;4750;;0.7903157894736842;0.8351501668520579;0.7903157894736842;0.8121146565711196;3754;741;996
417;balloon;4750;;0.8347368421052631;0.7890547263681592;0.8347368421052631;0.8112531969309462;3965;1060;785
99;goose;4750;;0.8237894736842105;0.7985714285714286;0.8237894736842105;0.8109844559585492;3913;987;837
571;gas_pump;4750;;0.7170526315789474;0.9326396495071194;0.7170526315789474;0.8107593430135682;3406;246;1344
268;Mexican_hairless;4750;;0.7890526315789473;0.8323339995558516;0.7890526315789473;0.8101156381714039;3748;755;1002
510;container_ship;4750;;0.8867368421052632;0.745618693574084;0.8867368421052632;0.8100778921050101;4212;1437;538
994;stinkhorn;4750;;0.8189473684210526;0.8010708401976936;0.8189473684210526;0.8099104726212784;3890;966;860
253;basenji;4750;;0.7833684210526316;0.8382518585266951;0.7833684210526316;0.8098813799107628;3721;718;1029
612;jinrikisha;4750;;0.8793684210526316;0.750314352433986;0.8793684210526316;0.8097315110981874;4177;1390;573
959;carbonara;4750;;0.7884210526315789;0.8301928618931501;0.7884210526315789;0.8087679516250944;3745;766;1005
948;Granny_Smith;4750;;0.8812631578947369;0.7470997679814385;0.8812631578947369;0.8086544962812712;4186;1417;564
545;electric_fan;4750;;0.8122105263157895;0.8045881126173097;0.8122105263157895;0.8083813514929282;3858;937;892
736;pool_table;4750;;0.8589473684210527;0.762902019446522;0.8589473684210527;0.8080808080808082;4080;1268;670
225;malinois;4750;;0.8349473684210527;0.7820942614868862;0.8349473684210527;0.8076570613990429;3966;1105;784
722;ping-pong_ball;4750;;0.720421052631579;0.9181647437617386;0.720421052631579;0.8073610947269082;3422;305;1328
714;pick;4750;;0.7953684210526316;0.8159827213822894;0.7953684210526316;0.805543710021322;3778;852;972
338;guinea_pig;4750;;0.7414736842105263;0.8816020025031289;0.7414736842105263;0.8054888507718696;3522;473;1228
286;cougar;4750;;0.8065263157894736;0.80398740818468;0.8065263157894736;0.8052548607461902;3831;934;919
821;steel_arch_bridge;4750;;0.868;0.7503184713375797;0.868;0.8048804294777941;4123;1372;627
301;ladybug;4750;;0.883578947368421;0.7385183881752595;0.883578947368421;0.8045624460845394;4197;1486;553
391;coho;4750;;0.7901052631578948;0.8190746398952422;0.7901052631578948;0.8043291898842692;3753;829;997
149;dugong;4750;;0.7827368421052632;0.8271412680756396;0.7827368421052632;0.8043266630611142;3718;777;1032
988;acorn;4750;;0.8776842105263158;0.7419469656522513;0.8776842105263158;0.8041276883016684;4169;1450;581
31;tree_frog;4750;;0.7726315789473684;0.8369441277080958;0.7726315789473684;0.8035030103995621;3670;715;1080
308;fly;4750;;0.7884210526315789;0.8191163604549432;0.7884210526315789;0.80347564900236;3745;827;1005
450;bobsled;4750;;0.8063157894736842;0.7997494257673836;0.8063157894736842;0.8030191844008807;3830;959;920
613;joystick;4750;;0.7837894736842105;0.8227624309392265;0.7837894736842105;0.8028032345013476;3723;802;1027
292;tiger;4750;;0.9275789473684211;0.7067693294834777;0.9275789473684211;0.802257829570284;4406;1828;344
132;American_egret;4750;;0.8818947368421053;0.7356866877414823;0.8818947368421053;0.802183071620069;4189;1505;561
615;knee_pad;4750;;0.7736842105263158;0.8318243549117248;0.7736842105263158;0.8017015706806283;3675;743;1075
401;accordion;4750;;0.7778947368421053;0.8266219239373602;0.7778947368421053;0.8015184381778742;3695;775;1055
439;bearskin;4750;;0.9046315789473685;0.7178416304710993;0.9046315789473685;0.80048435171386;4297;1689;453
471;cannon;4750;;0.7972631578947369;0.8033517182859568;0.7972631578947369;0.8002958579881658;3787;927;963
195;Boston_bull;4750;;0.7806315789473685;0.8196286472148541;0.7806315789473685;0.7996549493206815;3708;816;1042
719;piggy_bank;4750;;0.8016842105263158;0.7974869109947644;0.8016842105263158;0.7995800524934383;3808;967;942
38;banded_gecko;4750;;0.8002105263157895;0.798361688720857;0.8002105263157895;0.7992850383766166;3801;960;949
276;hyena;4750;;0.8825263157894737;0.7300592128178335;0.8825263157894737;0.7990850171559283;4192;1550;558
254;pug;4750;;0.7406315789473684;0.8669295219319862;0.7406315789473684;0.7988192552225251;3518;540;1232
86;partridge;4750;;0.8155789473684211;0.7823101777059773;0.8155789473684211;0.7985982271696558;3874;1078;876
949;strawberry;4750;;0.7787368421052632;0.8194505981391227;0.7787368421052632;0.7985751295336787;3699;815;1051
920;traffic_light;4750;;0.7787368421052632;0.8181818181818182;0.7787368421052632;0.7979721712868083;3699;822;1051
466;bullet_train;4750;;0.9101052631578948;0.7076444589949256;0.9101052631578948;0.7962059121466066;4323;1786;427
8;hen;4750;;0.7562105263157894;0.8394484692685207;0.7562105263157894;0.7956584339350979;3592;687;1158
699;panpipe;4750;;0.768;0.824966078697422;0.768;0.7954644570431749;3648;774;1102
781;scoreboard;4750;;0.8002105263157895;0.7907218639484086;0.8002105263157895;0.795437898922256;3801;1006;949
346;water_buffalo;4750;;0.7776842105263158;0.8138356466181978;0.7776842105263158;0.7953493379265798;3694;845;1056
575;golfcart;4750;;0.771578947368421;0.8200939807563213;0.771578947368421;0.7950970821130275;3665;804;1085
755;radio_telescope;4750;;0.8888421052631579;0.7187606401089547;0.8888421052631579;0.7948042168674698;4222;1652;528
645;maypole;4750;;0.9322105263157895;0.6926325668700141;0.9322105263157895;0.7947590415507494;4428;1965;322
563;fountain_pen;4750;;0.7661052631578947;0.8233031674208144;0.7661052631578947;0.7936750272628135;3639;781;1111
366;gorilla;4750;;0.8301052631578948;0.759437596302003;0.8301052631578948;0.7932005632669483;3943;1249;807
150;sea_lion;4750;;0.7391578947368421;0.8557153302461613;0.7391578947368421;0.7931774539704054;3511;592;1239
113;snail;4750;;0.7549473684210526;0.8353133007221057;0.7549473684210526;0.793099635076855;3586;707;1164
932;pretzel;4750;;0.7848421052631579;0.7998283630122291;0.7848421052631579;0.7922643714801828;3728;933;1022
258;Samoyed;4750;;0.8166315789473684;0.7690325138778747;0.8166315789473684;0.7921176230345109;3879;1165;871
491;chain_saw;4750;;0.8305263157894737;0.7561817136285222;0.8305263157894737;0.7916123206581719;3945;1272;805
820;steam_locomotive;4750;;0.8966315789473684;0.7078278211733422;0.8966315789473684;0.7911210179251416;4259;1758;491
924;guacamole;4750;;0.783578947368421;0.7983697983697984;0.783578947368421;0.7909052273693159;3722;940;1028
47;African_chameleon;4750;;0.792;0.7885139383776986;0.792;0.7902531246717782;3762;1009;988
707;pay-phone;4750;;0.7454736842105263;0.8406932573599241;0.7454736842105263;0.7902253961169381;3541;671;1209
902;whistle;4750;;0.7471578947368421;0.8368309360999764;0.7471578947368421;0.7894561227894561;3549;692;1201
752;racket;4750;;0.8122105263157895;0.7673031026252983;0.8122105263157895;0.7891184291266108;3858;1170;892
566;French_horn;4750;;0.7035789473684211;0.8976631748589847;0.7035789473684211;0.7888587277233565;3342;381;1408
548;entertainment_center;4750;;0.8646315789473684;0.7234454817685397;0.8646315789473684;0.7877625395607557;4107;1570;643
259;Pomeranian;4750;;0.8115789473684211;0.7638200911432534;0.8115789473684211;0.7869756047769726;3855;1192;895
512;corkscrew;4750;;0.8157894736842105;0.7599529319474406;0.8157894736842105;0.7868819169458827;3875;1224;875
245;French_bulldog;4750;;0.7391578947368421;0.8411595591758505;0.7391578947368421;0.7868668758404302;3511;663;1239
367;chimpanzee;4750;;0.783578947368421;0.7900658034387603;0.783578947368421;0.7868090053905508;3722;989;1028
2;great_white_shark;4750;;0.8210526315789474;0.7552285050348567;0.8210526315789474;0.7867661892273552;3900;1264;850
761;remote_control;4750;;0.7610526315789473;0.8140058545372664;0.7610526315789473;0.7866391034707866;3615;826;1135
640;manhole_cover;4750;;0.7814736842105263;0.7901234567901234;0.7814736842105263;0.785774767146486;3712;986;1038
331;hare;4750;;0.7978947368421052;0.7737852184565128;0.7978947368421052;0.7856550580431176;3790;1108;960
518;crash_helmet;4750;;0.8589473684210527;0.7231478199220135;0.8589473684210527;0.7852193995381063;4080;1562;670
569;garbage_truck;4750;;0.8850526315789473;0.7052507968461668;0.8850526315789473;0.7849873961348147;4204;1757;546
4;hammerhead;4750;;0.7381052631578947;0.8379541108986616;0.7381052631578947;0.7848668009850011;3506;678;1244
812;space_shuttle;4750;;0.8244210526315789;0.7486140317338941;0.8244210526315789;0.784690912734195;3916;1315;834
500;cliff_dwelling;4750;;0.7418947368421053;0.8319169027384324;0.7418947368421053;0.7843311818384153;3524;712;1226
641;maraca;4750;;0.8566315789473684;0.723249200142197;0.8566315789473684;0.7843099460292984;4069;1557;681
716;picket_fence;4750;;0.8591578947368421;0.7214071062400566;0.8591578947368421;0.7842798116652254;4081;1576;669
458;brass;4750;;0.7884210526315789;0.7790721863948409;0.7884210526315789;0.7837187401904364;3745;1062;1005
343;warthog;4750;;0.7686315789473684;0.799080761654629;0.7686315789473684;0.7835604678613585;3651;918;1099
404;airliner;4750;;0.9008421052631579;0.6929554655870446;0.9008421052631579;0.7833409610983981;4279;1896;471
918;crossword_puzzle;4750;;0.7490526315789474;0.8205719557195572;0.7490526315789474;0.7831829187761391;3558;778;1192
734;police_van;4750;;0.7322105263157894;0.8415194773772079;0.7322105263157894;0.783068783068783;3478;655;1272
603;horse_cart;4750;;0.7928421052631579;0.7731471977006775;0.7928421052631579;0.7828708034507849;3766;1105;984
53;ringneck_snake;4750;;0.6909473684210526;0.9026402640264026;0.6909473684210526;0.7827331266396376;3282;354;1468
335;fox_squirrel;4750;;0.840421052631579;0.7323426894147863;0.840421052631579;0.7826683658464856;3992;1459;758
451;bolo_tie;4750;;0.7783157894736842;0.7862611654615057;0.7783157894736842;0.7822683030046551;3697;1005;1053
318;lacewing;4750;;0.7764210526315789;0.7871931696905016;0.7764210526315789;0.781770005299417;3688;997;1062
814;speedboat;4750;;0.876421052631579;0.7054736485341467;0.876421052631579;0.7817106374988265;4163;1738;587
122;American_lobster;4750;;0.8305263157894737;0.7375210319685923;0.8305263157894737;0.781265471828894;3945;1404;805
927;trifle;4750;;0.9427368421052632;0.666765932102442;0.9427368421052632;0.7810919239490669;4478;2238;272
210;German_short-haired_pointer;4750;;0.7778947368421053;0.7833368666525334;0.7778947368421053;0.7806063166789902;3695;1022;1055
472;canoe;4750;;0.9218947368421052;0.676189005558987;0.9218947368421052;0.7801532157491538;4379;2097;371
701;parachute;4750;;0.9046315789473685;0.6853269537480063;0.9046315789473685;0.7798548094373866;4297;1973;453
668;mosque;4750;;0.8949473684210526;0.6900974025974026;0.8949473684210526;0.7792850595783685;4251;1909;499
670;motor_scooter;4750;;0.8661052631578947;0.7074806534823732;0.8661052631578947;0.7787979176526266;4114;1701;636
432;bassoon;4750;;0.7606315789473684;0.7975717439293598;0.7606315789473684;0.7786637931034484;3613;917;1137
614;kimono;4750;;0.824;0.7370998116760829;0.824;0.778131212723658;3914;1396;836
786;sewing_machine;4750;;0.6926315789473684;0.8820375335120644;0.6926315789473684;0.7759433962264151;3290;440;1460
963;pizza;4750;;0.7842105263157895;0.767724649629019;0.7842105263157895;0.7758800249947928;3725;1127;1025
704;parking_meter;4750;;0.7372631578947368;0.8178421298458665;0.7372631578947368;0.775465013286094;3502;780;1248
605;iPod;4750;;0.7006315789473684;0.8677966101694915;0.7006315789473684;0.7753057658707047;3328;507;1422
609;jeep;4750;;0.7456842105263158;0.8057324840764332;0.7456842105263158;0.7745462497266565;3542;854;1208
305;dung_beetle;4750;;0.7181052631578947;0.8403547671840355;0.7181052631578947;0.7744352366897491;3411;648;1339
69;trilobite;4750;;0.8309473684210527;0.7246190563612998;0.8309473684210527;0.7741492595861529;3947;1500;803
522;croquet_ball;4750;;0.7837894736842105;0.7622850122850123;0.7837894736842105;0.7728876894332571;3723;1161;1027
801;snorkel;4750;;0.8252631578947368;0.72646404744255;0.8252631578947368;0.7727183126355213;3920;1476;830
56;king_snake;4750;;0.6566315789473685;0.9386096900391213;0.6566315789473685;0.7726991205252076;3119;204;1631
213;Irish_setter;4750;;0.7448421052631579;0.8026315789473685;0.7448421052631579;0.7726577855426949;3538;870;1212
104;wallaby;4750;;0.767578947368421;0.7765708200212993;0.767578947368421;0.7720487030174696;3646;1049;1104
711;perfume;4750;;0.7442105263157894;0.8017691086414153;0.7442105263157894;0.7719183316956;3535;874;1215
951;lemon;4750;;0.7690526315789473;0.7741046831955923;0.7690526315789473;0.7715703875805259;3653;1066;1097
116;chiton;4750;;0.7326315789473684;0.8147974713181925;0.7326315789473684;0.7715330894579315;3480;791;1270
732;Polaroid_camera;4750;;0.7248421052631578;0.8244731800766284;0.7248421052631578;0.7714541788034954;3443;733;1307
303;long-horned_beetle;4750;;0.7538947368421053;0.7894620811287478;0.7538947368421053;0.7712685763514969;3581;955;1169
270;white_wolf;4750;;0.7414736842105263;0.8020951947164655;0.7414736842105263;0.7705940269117164;3522;869;1228
229;Old_English_sheepdog;4750;;0.8168421052631579;0.7282282282282282;0.8168421052631579;0.7699940464377854;3880;1448;870
45;Gila_monster;4750;;0.676;0.8926883514039478;0.676;0.7693782197196598;3211;386;1539
840;swab;4750;;0.7221052631578947;0.822344761448094;0.7221052631578947;0.7689720883309046;3430;741;1320
849;teapot;4750;;0.848421052631579;0.7022129290817215;0.848421052631579;0.7684240633044142;4030;1709;720
720;pill_bottle;4750;;0.7684210526315789;0.7680976430976431;0.7684210526315789;0.7682593138286676;3650;1102;1100
989;hip;4750;;0.9444210526315789;0.6472370509306017;0.9444210526315789;0.7680849242359388;4486;2445;264
283;Persian_cat;4750;;0.8351578947368421;0.7109318996415771;0.8351578947368421;0.7680542110358181;3967;1613;783
646;maze;4750;;0.8568421052631578;0.6958454436655839;0.8568421052631578;0.7679969808472498;4070;1779;680
805;soccer_ball;4750;;0.8976842105263158;0.670862177470107;0.8976842105263158;0.7678732216819737;4264;2092;486
295;American_black_bear;4750;;0.868421052631579;0.6881881881881882;0.868421052631579;0.7678704393149666;4125;1869;625
379;howler_monkey;4750;;0.8576842105263158;0.6946291560102302;0.8576842105263158;0.7675930287329251;4074;1791;676
739;potter's_wheel;4750;;0.8513684210526316;0.6979634104245771;0.8513684210526316;0.7670713201820941;4044;1750;706
763;revolver;4750;;0.9191578947368421;0.6580256217030896;0.9191578947368421;0.7669740887132191;4366;2269;384
592;hard_disc;4750;;0.747578947368421;0.7868380234877022;0.747578947368421;0.7667062506747273;3551;962;1199
79;centipede;4750;;0.7383157894736843;0.7972266424187315;0.7383157894736843;0.7666411629686305;3507;892;1243
217;English_springer;4750;;0.8010526315789473;0.7349816496040178;0.8010526315789473;0.7665961519089353;3805;1372;945
958;hay;4750;;0.7488421052631579;0.7848631950573698;0.7488421052631579;0.76642964878259;3557;975;1193
494;chime;4750;;0.7145263157894737;0.8261927945472249;0.7145263157894737;0.7663129374576655;3394;714;1356
444;bicycle-built-for-two;4750;;0.8345263157894737;0.7070995362112023;0.8345263157894737;0.7655465430668211;3964;1642;786
629;lipstick;4750;;0.7309473684210527;0.8029602220166513;0.7309473684210527;0.7652633899052237;3472;852;1278
297;sloth_bear;4750;;0.6631578947368421;0.8992292320867827;0.6631578947368421;0.7633587786259542;3150;353;1600
362;badger;4750;;0.9002105263157895;0.6624322230828815;0.9002105263157895;0.7632307005800981;4276;2179;474
81;ptarmigan;4750;;0.6614736842105263;0.9018369690011481;0.6614736842105263;0.7631770706825358;3142;342;1608
398;abacus;4750;;0.7482105263157894;0.7776805251641138;0.7482105263157894;0.7626609442060087;3554;1016;1196
666;mortar;4750;;0.7928421052631579;0.7339699863574352;0.7928421052631579;0.7622710251998787;3766;1365;984
637;mailbox;4750;;0.6861052631578948;0.8565045992115637;0.6861052631578948;0.7618936294564582;3259;546;1491
983;scuba_diver;4750;;0.8113684210526316;0.7180920439724241;0.8113684210526316;0.7618859345655828;3854;1513;896
262;Brabancon_griffon;4750;;0.7143157894736842;0.8150372327648331;0.7143157894736842;0.7613598115112757;3393;770;1357
157;papillon;4750;;0.7791578947368422;0.7425762439807384;0.7791578947368422;0.760427367988494;3701;1283;1049
239;Bernese_mountain_dog;4750;;0.8806315789473684;0.6678907871627016;0.8806315789473684;0.7596476890947063;4183;2080;567
327;starfish;4750;;0.8629473684210527;0.6770730095804427;0.8629473684210527;0.7587930396149575;4099;1955;651
583;guillotine;4750;;0.8271578947368421;0.7003565062388591;0.8271578947368421;0.7584942084942086;3929;1681;821
495;china_cabinet;4750;;0.7138947368421052;0.80872883377057;0.7138947368421052;0.7583584926758359;3391;802;1359
872;tripod;4750;;0.7157894736842105;0.8051148472649775;0.7157894736842105;0.7578290426836065;3400;823;1350
822;steel_drum;4750;;0.7711578947368422;0.7443609022556391;0.7711578947368422;0.7575224899183125;3663;1258;1087
174;Norwegian_elkhound;4750;;0.7922105263157895;0.7229586935638809;0.7922105263157895;0.7560020090406832;3763;1442;987
394;sturgeon;4750;;0.6936842105263158;0.8295568982880162;0.6936842105263158;0.755560651226783;3295;677;1455
336;marmot;4750;;0.8164210526315789;0.7030456852791879;0.8164210526315789;0.7555036041301385;3878;1638;872
39;common_iguana;4750;;0.7606315789473684;0.7502076411960132;0.7606315789473684;0.7553836504286013;3613;1203;1137
117;chambered_nautilus;4750;;0.8665263157894737;0.667964946445959;0.8665263157894737;0.7543988269794721;4116;2046;634
448;birdhouse;4750;;0.828;0.6926734765762592;0.828;0.7543153049482163;3933;1745;817
134;crane;4750;;0.6170526315789474;0.9698874917273329;0.6170526315789474;0.754246011322697;2931;91;1819
397;puffer;4750;;0.6924210526315789;0.8280463242698892;0.6924210526315789;0.7541848199954138;3289;683;1461
110;flatworm;4750;;0.8111578947368421;0.7043875685557587;0.8111578947368421;0.7540117416829747;3853;1617;897
770;running_shoe;4750;;0.755578947368421;0.7513083525225036;0.755578947368421;0.7534375984045344;3589;1188;1161
383;Madagascar_cat;4750;;0.8861052631578947;0.6548934183911623;0.8861052631578947;0.7531537979779906;4209;2218;541
521;Crock_Pot;4750;;0.6511578947368422;0.8905845090699683;0.6511578947368422;0.7522801897117841;3093;380;1657
537;dogsled;4750;;0.9332631578947368;0.6287051482059283;0.9332631578947368;0.7512922633675112;4433;2618;317
627;limousine;4750;;0.7208421052631578;0.7820922795797167;0.7208421052631578;0.7502191060473268;3424;954;1326
288;leopard;4750;;0.7903157894736842;0.7136882129277566;0.7903157894736842;0.7500499500499499;3754;1506;996
942;butternut_squash;4750;;0.6644210526315789;0.8594771241830066;0.6644210526315789;0.749465685110425;3156;516;1594
766;rotisserie;4750;;0.7854736842105263;0.71571072319202;0.7854736842105263;0.7489711934156379;3731;1482;1019
553;file;4750;;0.6755789473684211;0.8400523560209424;0.6755789473684211;0.7488914819136523;3209;611;1541
389;barracouta;4750;;0.8778947368421053;0.6518680631546038;0.8778947368421053;0.748183367722257;4170;2227;580
559;folding_chair;4750;;0.6648421052631579;0.8539751216873986;0.6648421052631579;0.7476325757575758;3158;540;1592
476;carousel;4750;;0.8905263157894737;0.6433460076045627;0.8905263157894737;0.7470198675496689;4230;2345;520
109;brain_coral;4750;;0.7082105263157895;0.7894860361417507;0.7082105263157895;0.7466429918987904;3364;897;1386
27;eft;4750;;0.7136842105263158;0.7823678744518809;0.7136842105263158;0.7464494109875592;3390;943;1360
30;bullfrog;4750;;0.7147368421052631;0.7799218929473926;0.7147368421052631;0.7459079424365593;3395;958;1355
833;submarine;4750;;0.7757894736842105;0.7176241480038948;0.7757894736842105;0.7455741021750126;3685;1450;1065
203;West_Highland_white_terrier;4750;;0.7823157894736842;0.7116047491382612;0.7823157894736842;0.7452868030485359;3716;1506;1034
586;half_track;4750;;0.6972631578947368;0.8003866602223296;0.6972631578947368;0.7452745274527451;3312;826;1438
877;turnstile;4750;;0.6661052631578948;0.8450854700854701;0.6661052631578948;0.744996468095126;3164;580;1586
190;Sealyham_terrier;4750;;0.763578947368421;0.7271451483560545;0.763578947368421;0.7449168207024028;3627;1361;1123
903;wig;4750;;0.7709473684210526;0.7202989771833203;0.7709473684210526;0.7447630669107178;3662;1422;1088
82;ruffed_grouse;4750;;0.8271578947368421;0.6762478485370051;0.8271578947368421;0.7441287878787879;3929;1881;821
220;Sussex_spaniel;4750;;0.6309473684210526;0.9057116953762466;0.6309473684210526;0.7437647350787939;2997;312;1753
72;black_and_gold_garden_spider;4750;;0.9370526315789474;0.6160553633217993;0.9370526315789474;0.7433820459290188;4451;2774;299
330;wood_rabbit;4750;;0.8071578947368421;0.6868505911859548;0.8071578947368421;0.7421602787456445;3834;1748;916
686;oil_filter;4750;;0.7507368421052631;0.7311872052491286;0.7507368421052631;0.7408330736470344;3566;1311;1184
777;scabbard;4750;;0.7886315789473685;0.6983594332587622;0.7886315789473685;0.7407553885702987;3746;1618;1004
319;dragonfly;4750;;0.7181052631578947;0.7646267652992602;0.7181052631578947;0.7406361958527847;3411;1050;1339
214;Gordon_setter;4750;;0.7618947368421053;0.7194831013916501;0.7618947368421053;0.740081799591002;3619;1411;1131
940;spaghetti_squash;4750;;0.6673684210526316;0.8294086865515437;0.6673684210526316;0.7396173588427439;3170;652;1580
946;cardoon;4750;;0.9498947368421052;0.6052313883299799;0.9498947368421052;0.7393691110200737;4512;2943;238
852;tennis_ball;4750;;0.7568421052631579;0.722467845659164;0.7568421052631579;0.7392556035369113;3595;1381;1155
693;paddle;4750;;0.6850526315789474;0.8020704954399803;0.6850526315789474;0.7389576473259906;3254;803;1496
866;tractor;4750;;0.8231578947368421;0.6703240185153437;0.8231578947368421;0.7389209108948313;3910;1923;840
7;cock;4750;;0.7787368421052632;0.7022973229542434;0.7787368421052632;0.7385444743935309;3699;1568;1051
630;Loafer;4750;;0.724;0.7536708305939075;0.724;0.7385375281864062;3439;1124;1311
287;lynx;4750;;0.6707368421052632;0.8202883625128733;0.6707368421052632;0.738012508686588;3186;698;1564
914;yawl;4750;;0.6416842105263157;0.865909090909091;0.6416842105263157;0.7371221281741233;3048;472;1702
965;burrito;4750;;0.6389473684210526;0.8703756811012332;0.6389473684210526;0.7369187811096273;3035;452;1715
352;impala;4750;;0.763578947368421;0.7120141342756183;0.763578947368421;0.7368955709061356;3627;1467;1123
41;whiptail;4750;;0.7787368421052632;0.6992438563327033;0.7787368421052632;0.7368525896414343;3699;1591;1051
473;can_opener;4750;;0.6397894736842106;0.8675421067656295;0.6397894736842106;0.7364594692838968;3039;464;1711
678;neck_brace;4750;;0.663578947368421;0.8262123197903014;0.663578947368421;0.7360186806771744;3152;663;1598
971;bubble;4750;;0.6945263157894737;0.7826809015421115;0.6945263157894737;0.7359732292247628;3299;916;1451
659;mixing_bowl;4750;;0.7458947368421053;0.7252814738996929;0.7458947368421053;0.7354436948624806;3543;1342;1207
882;vacuum;4750;;0.6357894736842106;0.8710700894144794;0.6357894736842106;0.7350614579530244;3020;447;1730
912;worm_fence;4750;;0.6736842105263158;0.807061790668348;0.6736842105263158;0.7343660355708548;3200;765;1550
410;apiary;4750;;0.8061052631578948;0.6735268249780123;0.8061052631578948;0.7338763775754672;3829;1856;921
570;gasmask;4750;;0.7762105263157895;0.6957916588035479;0.7762105263157895;0.733804358642651;3687;1612;1063
296;ice_bear;4750;;0.8029473684210526;0.6752832861189801;0.8029473684210526;0.7336026158876707;3814;1834;936
532;dining_table;4750;;0.7686315789473684;0.7009022845075831;0.7686315789473684;0.7332061451953007;3651;1558;1099
507;combination_lock;4750;;0.6254736842105263;0.885280095351609;0.6254736842105263;0.7330372563533185;2971;385;1779
315;mantis;4750;;0.6743157894736842;0.8023547094188377;0.6743157894736842;0.7327842598947608;3203;789;1547
368;gibbon;4750;;0.748;0.7173430244296386;0.748;0.7323508193342265;3553;1400;1197
337;beaver;4750;;0.6517894736842105;0.8327057557826789;0.6517894736842105;0.7312234293811998;3096;622;1654
533;dishrag;4750;;0.6612631578947369;0.8175429463820927;0.6612631578947369;0.7311452513966481;3141;701;1609
496;Christmas_stocking;4750;;0.92;0.6066074403109384;0.92;0.7311360214154258;4370;2834;380
610;jersey;4750;;0.744;0.7174177831912302;0.744;0.7304671351798263;3534;1392;1216
889;violin;4750;;0.6429473684210526;0.84528092997509;0.6429473684210526;0.7303599186894655;3054;559;1696
695;padlock;4750;;0.836421052631579;0.6479125896934116;0.836421052631579;0.7301966550266495;3973;2159;777
29;axolotl;4750;;0.8454736842105263;0.6424572068469045;0.8454736842105263;0.7301154440505409;4016;2235;734
916;web_site;4750;;0.8223157894736842;0.6553691275167786;0.8223157894736842;0.7294117647058824;3906;2054;844
682;obelisk;4750;;0.7581052631578947;0.7027712724434035;0.7581052631578947;0.7293903180068867;3601;1523;1149
593;harmonica;4750;;0.7006315789473684;0.757568859549283;0.7006315789473684;0.7279886251777316;3328;1065;1422
580;greenhouse;4750;;0.7075789473684211;0.7495539696699376;0.7075789473684211;0.7279618800086637;3361;1123;1389
853;thatch;4750;;0.8067368421052632;0.6620594333102972;0.8067368421052632;0.7272727272727272;3832;1956;918
228;komondor;4750;;0.844421052631579;0.6380846325167038;0.844421052631579;0.7268938021022109;4011;2275;739
793;shower_cap;4750;;0.6463157894736842;0.8299540416328738;0.6463157894736842;0.7267132204994673;3070;629;1680
880;unicycle;4750;;0.7277894736842105;0.7239790575916231;0.7277894736842105;0.7258792650918636;3457;1318;1293
334;porcupine;4750;;0.7576842105263157;0.6961315280464216;0.7576842105263157;0.7256048387096774;3599;1571;1151
649;megalith;4750;;0.7341052631578947;0.7171945701357466;0.7341052631578947;0.72555139409072;3487;1375;1263
164;bluetick;4750;;0.7528421052631579;0.6998043052837574;0.7528421052631579;0.7253549695740366;3576;1534;1174
796;ski_mask;4750;;0.7949473684210526;0.6666666666666666;0.7949473684210526;0.7251776454772422;3776;1888;974
421;bannister;4750;;0.736;0.7141981613891726;0.736;0.7249351995852773;3496;1399;1254
349;bighorn;4750;;0.864421052631579;0.6240121580547112;0.864421052631579;0.7248014121800528;4106;2474;644
913;wreck;4750;;0.6770526315789474;0.7788810850084766;0.6770526315789474;0.7244059015654916;3216;913;1534
803;snowplow;4750;;0.8258947368421052;0.6441707717569787;0.8258947368421052;0.7238007380073801;3923;2167;827
789;shoji;4750;;0.796;0.6615923009623798;0.796;0.7225991399904442;3781;1934;969
3;tiger_shark;4750;;0.7589473684210526;0.6888973819988534;0.7589473684210526;0.722227787238305;3605;1628;1145
929;ice_lolly;4750;;0.6663157894736842;0.788097609561753;0.6663157894736842;0.7221081451060917;3165;851;1585
215;Brittany_spaniel;4750;;0.7246315789473684;0.7193312434691745;0.7246315789473684;0.7219716832721552;3442;1343;1308
114;slug;4750;;0.6450526315789473;0.8192513368983957;0.6450526315789473;0.7217903415783274;3064;676;1686
765;rocking_chair;4750;;0.6532631578947369;0.8055555555555556;0.6532631578947369;0.7214601255521972;3103;749;1647
403;aircraft_carrier;4750;;0.7385263157894737;0.7048422744625277;0.7385263157894737;0.7212912511565746;3508;1469;1242
171;Italian_greyhound;4750;;0.6490526315789473;0.8106757822771496;0.6490526315789473;0.7209166374371565;3083;720;1667
738;pot;4750;;0.7597894736842106;0.6844301156836715;0.7597894736842106;0.720143669560012;3609;1664;1141
758;reel;4750;;0.6690526315789473;0.7783492530002449;0.6690526315789473;0.7195743235593796;3178;905;1572
309;bee;4750;;0.6677894736842105;0.7799360708138677;0.6677894736842105;0.719519110808665;3172;895;1578
551;face_powder;4750;;0.7947368421052632;0.6572075208913649;0.7947368421052632;0.719458738326663;3775;1969;975
290;jaguar;4750;;0.6012631578947368;0.894456623864704;0.6012631578947368;0.7191237567669645;2856;337;1894
825;stone_wall;4750;;0.6821052631578948;0.7602064758329423;0.6821052631578948;0.7190412782956058;3240;1022;1510
121;king_crab;4750;;0.6597894736842105;0.7896195515243134;0.6597894736842105;0.7188897809381809;3134;835;1616
891;waffle_iron;4750;;0.6023157894736842;0.8907222914072229;0.6023157894736842;0.7186636523486561;2861;351;1889
457;bow_tie;4750;;0.6966315789473684;0.7417619367854741;0.6966315789473684;0.7184887634350233;3309;1152;1441
437;beacon;4750;;0.7136842105263158;0.72327714956262;0.7136842105263158;0.718448659531631;3390;1297;1360
372;baboon;4750;;0.8023157894736842;0.6495653656042271;0.8023157894736842;0.7179052463030988;3811;2056;939
314;cockroach;4750;;0.6282105263157894;0.8370266479663394;0.6282105263157894;0.7177390258568851;2984;581;1766
428;barrow;4750;;0.6216842105263158;0.8485632183908046;0.6216842105263158;0.7176184690157958;2953;527;1797
616;knot;4750;;0.772;0.6701388888888888;0.772;0.7174721189591078;3667;1805;1083
273;dingo;4750;;0.7061052631578948;0.7291304347826087;0.7061052631578948;0.7174331550802139;3354;1246;1396
198;standard_schnauzer;4750;;0.8042105263157895;0.6474576271186441;0.8042105263157895;0.7173708920187793;3820;2080;930
154;Pekinese;4750;;0.7008421052631579;0.7343922347231414;0.7008421052631579;0.7172250350102337;3329;1204;1421
950;orange;4750;;0.6795789473684211;0.7588152327221439;0.6795789473684211;0.7170146601510441;3228;1026;1522
360;otter;4750;;0.8061052631578948;0.6439623276152034;0.8061052631578948;0.7159685863874345;3829;2117;921
517;crane;4750;;0.7688421052631579;0.6694775435380385;0.7688421052631579;0.7157275845173935;3652;1803;1098
235;German_shepherd;4750;;0.7631578947368421;0.6732912332838039;0.7631578947368421;0.7154134596408132;3625;1759;1125
152;Japanese_spaniel;4750;;0.8111578947368421;0.6397144280259007;0.8111578947368421;0.715306785482224;3853;2170;897
717;pickup;4750;;0.6309473684210526;0.8253924538694575;0.6309473684210526;0.7151891182436463;2997;634;1753
981;ballplayer;4750;;0.8766315789473684;0.6036532328211076;0.8766315789473684;0.7149725274725274;4164;2734;586
21;kite;4750;;0.8957894736842106;0.5947721554375175;0.8957894736842106;0.7148857526881721;4255;2899;495
867;trailer_truck;4750;;0.7692631578947369;0.6673972602739726;0.7692631578947369;0.7147188264058679;3654;1821;1096
50;American_alligator;4750;;0.7103157894736842;0.7181779480630055;0.7103157894736842;0.7142252328535139;3374;1324;1376
395;gar;4750;;0.7608421052631579;0.6726223711148335;0.7608421052631579;0.714017583720241;3614;1759;1136
859;toaster;4750;;0.62;0.8411882319337333;0.62;0.7138528663192341;2945;556;1805
757;recreational_vehicle;4750;;0.8162105263157895;0.6339110529758012;0.8162105263157895;0.7136020614761642;3877;2239;873
881;upright;4750;;0.8353684210526315;0.6225290241606527;0.8353684210526315;0.7134124415677813;3968;2406;782
595;harvester;4750;;0.7861052631578948;0.6502960640891675;0.7861052631578948;0.7117804041174227;3734;2008;1016
647;measuring_cup;4750;;0.600421052631579;0.8732394366197183;0.600421052631579;0.7115768463073853;2852;414;1898
798;slide_rule;4750;;0.6065263157894737;0.8584624553039333;0.6065263157894737;0.7108314828522083;2881;475;1869
931;bagel;4750;;0.6486315789473684;0.786169941311559;0.6486315789473684;0.7108086284461875;3081;838;1669
43;frilled_lizard;4750;;0.7402105263157894;0.6832491255343957;0.7402105263157894;0.7105901374292644;3516;1630;1234
78;tick;4750;;0.8204210526315789;0.6261246786632391;0.8204210526315789;0.7102241662110442;3897;2327;853
579;grand_piano;4750;;0.627578947368421;0.8171600877192983;0.627578947368421;0.709930935937128;2981;667;1769
785;seat_belt;4750;;0.7844210526315789;0.6482254697286013;0.7844210526315789;0.7098494951419319;3726;2022;1024
342;wild_boar;4750;;0.735578947368421;0.6856357927786499;0.735578947368421;0.7097298395287426;3494;1602;1256
361;skunk;4750;;0.8848421052631579;0.5923055242390078;0.8848421052631579;0.7096066182677696;4203;2893;547
234;Rottweiler;4750;;0.7442105263157894;0.677462629359908;0.7442105263157894;0.7092696629213483;3535;1683;1215
855;thimble;4750;;0.6248421052631579;0.8196630764982049;0.6248421052631579;0.7091148010990324;2968;653;1782
211;vizsla;4750;;0.6665263157894736;0.7566921606118547;0.6665263157894736;0.7087530781284979;3166;1018;1584
33;loggerhead;4750;;0.6764210526315789;0.7434058306339657;0.6764210526315789;0.7083333333333333;3213;1109;1537
76;tarantula;4750;;0.7549473684210526;0.6655530809205642;0.7549473684210526;0.7074373643716709;3586;1802;1164
177;Scottish_deerhound;4750;;0.8456842105263158;0.6078995157384988;0.8456842105263158;0.7073428420496566;4017;2591;733
299;meerkat;4750;;0.860421052631579;0.6001468428781204;0.860421052631579;0.7070934256055362;4087;2723;663
776;sax;4750;;0.6806315789473685;0.7356086461888509;0.6806315789473685;0.707053034445052;3233;1162;1517
581;grille;4750;;0.632421052631579;0.8006396588486141;0.632421052631579;0.7066572571159727;3004;748;1746
897;washer;4750;;0.6637894736842105;0.7552095808383233;0.6637894736842105;0.7065546218487394;3153;1022;1597
313;walking_stick;4750;;0.6128421052631579;0.8336197021764032;0.6128421052631579;0.7063819461295802;2911;581;1839
236;Doberman;4750;;0.6608421052631579;0.7583957477651607;0.6608421052631579;0.7062661716728541;3139;1000;1611
901;whiskey_jug;4750;;0.6606315789473685;0.7583373610439826;0.6606315789473685;0.7061206120612062;3138;1000;1612
982;groom;4750;;0.6231578947368421;0.8129634715737435;0.6231578947368421;0.705517816708378;2960;681;1790
773;saltshaker;4750;;0.6631578947368421;0.7521489971346705;0.6631578947368421;0.7048556724099351;3150;1038;1600
243;bull_mastiff;4750;;0.7134736842105264;0.6960361470527829;0.7134736842105264;0.7046470527081818;3389;1480;1361
209;Chesapeake_Bay_retriever;4750;;0.651578947368421;0.7645750988142292;0.651578947368421;0.7035689929529438;3095;953;1655
310;ant;4750;;0.7825263157894737;0.6389891696750902;0.7825263157894737;0.7035109302545661;3717;2100;1033
669;mosquito_net;4750;;0.6955789473684211;0.7106904710690471;0.6955789473684211;0.7030535163315247;3304;1345;1446
674;mousetrap;4750;;0.8221052631578948;0.6130298273155416;0.8221052631578948;0.702338129496403;3905;2465;845
589;hand_blower;4750;;0.6296842105263157;0.7914792273088118;0.6296842105263157;0.7013717903622932;2991;788;1759
939;zucchini;4750;;0.6684210526315789;0.7371720455073136;0.6684210526315789;0.7011151595451032;3175;1132;1575
106;wombat;4750;;0.615578947368421;0.8138046200946284;0.615578947368421;0.7009469015941507;2924;669;1826
125;hermit_crab;4750;;0.5846315789473684;0.8738200125865324;0.5846315789473684;0.7005549949545914;2777;401;1973
671;mountain_bike;4750;;0.8263157894736842;0.6073031100108309;0.8263157894736842;0.7000802639793097;3925;2538;825
806;sock;4750;;0.6633684210526316;0.7408887843874912;0.6633684210526316;0.6999888925913584;3151;1102;1599
181;Bedlington_terrier;4750;;0.8082105263157895;0.6172025723472668;0.8082105263157895;0.6999088422971741;3839;2381;911
713;photocopier;4750;;0.8945263157894737;0.574422062998513;0.8945263157894737;0.6995966082160204;4249;3148;501
919;street_sign;4750;;0.728421052631579;0.6714535222200659;0.728421052631579;0.6987781480359486;3460;1693;1290
875;trombone;4750;;0.6978947368421052;0.6984829329962073;0.6978947368421052;0.6981887110362258;3315;1431;1435
378;capuchin;4750;;0.6894736842105263;0.7067328441950799;0.6894736842105263;0.697996589940324;3275;1359;1475
123;spiny_lobster;4750;;0.6229473684210526;0.7926600589338334;0.6229473684210526;0.6976305552281032;2959;774;1791
667;mortarboard;4750;;0.8058947368421052;0.6149397590361446;0.8058947368421052;0.6975854214123007;3828;2397;922
37;box_turtle;4750;;0.640421052631579;0.764513696908771;0.640421052631579;0.6969870546454348;3042;937;1708
557;flagpole;4750;;0.6858947368421052;0.7084148727984344;0.6858947368421052;0.6969729382821692;3258;1341;1492
871;trimaran;4750;;0.8646315789473684;0.5833806818181818;0.8646315789473684;0.6966921119592875;4107;2933;643
429;baseball;4750;;0.5743157894736842;0.8822768434670116;0.5743157894736842;0.695740882427952;2728;364;2022
423;barber_chair;4750;;0.7625263157894737;0.6393645189761694;0.7625263157894737;0.6955352856457033;3622;2043;1128
61;boa_constrictor;4750;;0.6294736842105263;0.777027027027027;0.6294736842105263;0.6955105838567108;2990;858;1760
922;menu;4750;;0.6145263157894737;0.7988505747126436;0.6145263157894737;0.6946692051404093;2919;735;1831
107;jellyfish;4750;;0.8006315789473685;0.6129916183107672;0.8006315789473685;0.6943582253058244;3803;2401;947
753;radiator;4750;;0.667578947368421;0.7226526891522334;0.667578947368421;0.6940249507550886;3171;1217;1579
52;thunder_snake;4750;;0.7147368421052631;0.6733439111463705;0.7147368421052631;0.6934232026143792;3395;1647;1355
703;park_bench;4750;;0.708421052631579;0.6782906672041927;0.708421052631579;0.6930285243538256;3365;1596;1385
467;butcher_shop;4750;;0.7541052631578947;0.6409017713365539;0.7541052631578947;0.6929103394912466;3582;2007;1168
42;agama;4750;;0.6656842105263158;0.7212591240875912;0.6656842105263158;0.6923582220275892;3162;1222;1588
490;chain_mail;4750;;0.6741052631578948;0.7113974672295046;0.6741052631578948;0.6922494865419956;3202;1299;1548
161;basset;4750;;0.7694736842105263;0.6276833247466942;0.7694736842105263;0.6913837132318169;3655;2168;1095
568;fur_coat;4750;;0.8204210526315789;0.5973329245861435;0.8204210526315789;0.6913251729643427;3897;2627;853
468;cab;4750;;0.6265263157894737;0.7705851890212325;0.6265263157894737;0.6911286576869484;2976;886;1774
676;muzzle;4750;;0.6046315789473684;0.8058361391694725;0.6046315789473684;0.6908828482078422;2872;692;1878
749;quill;4750;;0.6578947368421053;0.7272515708633931;0.6578947368421053;0.690836741461258;3125;1172;1625
756;rain_barrel;4750;;0.6667368421052632;0.7165158371040724;0.6667368421052632;0.6907306434023991;3167;1253;1583
386;African_elephant;4750;;0.716;0.6668627450980392;0.716;0.6905583756345178;3401;1699;1349
416;balance_beam;4750;;0.872421052631579;0.5704845814977973;0.872421052631579;0.6898618278674881;4144;3120;606
223;schipperke;4750;;0.7349473684210527;0.6494883720930232;0.7349473684210527;0.6895802469135802;3491;1884;1259
896;washbasin;4750;;0.7941052631578948;0.6087798579728857;0.7941052631578948;0.6892015348072354;3772;2424;978
441;beer_glass;4750;;0.7416842105263158;0.6433528122717312;0.7416842105263158;0.6890279679248973;3523;1953;1227
550;espresso_maker;4750;;0.6804210526315789;0.6971527178602244;0.6804210526315789;0.6886852759428937;3232;1404;1518
440;beer_bottle;4750;;0.8071578947368421;0.6004698512137823;0.8071578947368421;0.6886394252357431;3834;2551;916
653;milk_can;4750;;0.6669473684210526;0.7106325706594886;0.6669473684210526;0.6880973066898349;3168;1290;1582
370;guenon;4750;;0.5406315789473685;0.9458563535911603;0.5406315789473685;0.68801071667783;2568;147;2182
992;agaric;4750;;0.852421052631579;0.576288072872189;0.852421052631579;0.6876698369565217;4049;2977;701
654;minibus;4750;;0.7429473684210526;0.6400072542618789;0.7429473684210526;0.6876461418550273;3529;1985;1221
997;bolete;4750;;0.7749473684210526;0.6178247734138973;0.7749473684210526;0.6875233470302577;3681;2277;1069
858;tile_roof;4750;;0.6829473684210526;0.691684434968017;0.6829473684210526;0.6872881355932203;3244;1446;1506
870;tricycle;4750;;0.6587368421052632;0.7163461538461539;0.6587368421052632;0.6863347225268699;3129;1239;1621
63;Indian_cobra;4750;;0.8341052631578947;0.5827327548168848;0.8341052631578947;0.68612001039051;3962;2837;788
514;cowboy_boot;4750;;0.667578947368421;0.7052935943060499;0.667578947368421;0.6859182349123946;3171;1325;1579
182;Border_terrier;4750;;0.6517894736842105;0.7237026647966339;0.6517894736842105;0.6858661940629153;3096;1182;1654
419;Band_Aid;4750;;0.6947368421052632;0.6766454787779372;0.6947368421052632;0.6855718292302898;3300;1577;1450
769;rule;4750;;0.6791578947368421;0.6897583921317083;0.6791578947368421;0.6844170998196669;3226;1451;1524
546;electric_guitar;4750;;0.6787368421052632;0.6897732135216089;0.6787368421052632;0.6842105263157895;3224;1450;1526
823;stethoscope;4750;;0.5949473684210527;0.8046697038724373;0.5949473684210527;0.6840958605664488;2826;686;1924
173;Ibizan_hound;4750;;0.6130526315789474;0.7734395750332005;0.6130526315789474;0.683969465648855;2912;853;1838
808;sombrero;4750;;0.6242105263157894;0.7561846467737822;0.6242105263157894;0.68388882481836;2965;956;1785
520;crib;4750;;0.7812631578947369;0.608061609044732;0.7812631578947369;0.6838662121072514;3711;2392;1039
658;mitten;4750;;0.7494736842105263;0.6279767154701006;0.7494736842105263;0.6833669258086188;3560;2109;1190
480;cash_machine;4750;;0.6168421052631579;0.763617409434454;0.6168421052631579;0.6824269244206359;2930;907;1820
169;borzoi;4750;;0.8288421052631579;0.5787152726738204;0.8288421052631579;0.681554574569376;3937;2866;813
172;whippet;4750;;0.7172631578947368;0.6487052551408987;0.7172631578947368;0.68126374725055;3407;1845;1343
112;conch;4750;;0.6987368421052632;0.6640656262505003;0.6987368421052632;0.6809601969634798;3319;1679;1431
194;Dandie_Dinmont;4750;;0.763578947368421;0.614329268292683;0.763578947368421;0.6808710343532945;3627;2277;1123
382;squirrel_monkey;4750;;0.8732631578947369;0.5578267885960194;0.8732631578947369;0.6807812243558182;4148;3288;602
737;pop_bottle;4750;;0.6898947368421052;0.6713788158164311;0.6898947368421052;0.6805108503789845;3277;1604;1473
588;hamper;4750;;0.6785263157894736;0.6822607959356477;0.6785263157894736;0.6803884314967278;3223;1501;1527
826;stopwatch;4750;;0.5654736842105264;0.8535112805846838;0.5654736842105264;0.680258325946562;2686;461;2064
597;holster;4750;;0.6227368421052631;0.7494299467950342;0.6227368421052631;0.6802345636426353;2958;989;1792
644;matchstick;4750;;0.6642105263157895;0.6966217708103334;0.6642105263157895;0.6800301756654812;3155;1374;1595
724;pirate;4750;;0.5892631578947368;0.8022355975924333;0.5892631578947368;0.6794513897317636;2799;690;1951
475;car_mirror;4750;;0.9349473684210526;0.5329413176527061;0.9349473684210526;0.6788962776121685;4441;3892;309
680;nipple;4750;;0.6642105263157895;0.6923414527101163;0.6642105263157895;0.6779843128827764;3155;1402;1595
456;bow;4750;;0.8023157894736842;0.5869397813029417;0.8023157894736842;0.6779329360490973;3811;2682;939
474;cardigan;4750;;0.6751578947368421;0.6804583068109484;0.6751578947368421;0.6777977385607101;3207;1506;1543
371;patas;4750;;0.5625263157894737;0.851497769279796;0.5625263157894737;0.6774847870182555;2672;466;2078
449;boathouse;4750;;0.7317894736842105;0.6299383834722726;0.7317894736842105;0.6770549279314374;3476;2042;1274
263;Pembroke;4750;;0.7448421052631579;0.6202664796633941;0.7448421052631579;0.676870097570308;3538;2166;1212
115;sea_slug;4750;;0.5776842105263158;0.8169097945817207;0.5776842105263158;0.6767788876556912;2744;615;2006
377;marmoset;4750;;0.7869473684210526;0.5932391683859705;0.7869473684210526;0.6764998642656773;3738;2563;1012
854;theater_curtain;4750;;0.8311578947368421;0.569532602423543;0.8311578947368421;0.6759116589625064;3948;2984;802
564;four-poster;4750;;0.8305263157894737;0.5691819362285384;0.8305263157894737;0.6754558685044088;3945;2986;805
126;isopod;4750;;0.644;0.7081018518518518;0.644;0.6745314222712238;3059;1261;1691
447;binoculars;4750;;0.6267368421052631;0.7266292409079814;0.6267368421052631;0.6729964959873402;2977;1120;1773
357;mink;4750;;0.6054736842105263;0.7568421052631579;0.6054736842105263;0.6727485380116959;2876;924;1874
772;safety_pin;4750;;0.5991578947368421;0.7660834454912517;0.5991578947368421;0.6724158298877732;2846;869;1904
759;reflex_camera;4750;;0.7178947368421053;0.632301131095865;0.7178947368421053;0.6723848959873805;3410;1983;1340
780;schooner;4750;;0.8888421052631579;0.5401740020470829;0.8888421052631579;0.6719719879038676;4222;3594;528
183;Kerry_blue_terrier;4750;;0.672;0.6712933753943218;0.672;0.6716465018411363;3192;1563;1558
596;hatchet;4750;;0.6174736842105263;0.7358253888610136;0.6174736842105263;0.671474358974359;2933;1053;1817
795;ski;4750;;0.8446315789473684;0.5569128262076624;0.8446315789473684;0.6712397523841391;4012;3192;738
452;bonnet;4750;;0.6094736842105263;0.7424980764298538;0.6094736842105263;0.6694415539368712;2895;1004;1855
369;siamang;4750;;0.7046315789473684;0.6372810357958872;0.7046315789473684;0.6692661467706458;3347;1905;1403
329;sea_cucumber;4750;;0.6170526315789474;0.7309226932668329;0.6170526315789474;0.6691780821917808;2931;1079;1819
943;cucumber;4750;;0.6978947368421052;0.6425663888350456;0.6978947368421052;0.6690887072358462;3315;1844;1435
511;convertible;4750;;0.8661052631578947;0.5449006622516557;0.8661052631578947;0.6689430894308943;4114;3436;636
577;gong;4750;;0.8446315789473684;0.5529979324603722;0.8446315789473684;0.6683881715951687;4012;3243;738
980;volcano;4750;;0.7277894736842105;0.6176523137395034;0.7277894736842105;0.668213008601527;3457;2140;1293
835;sundial;4750;;0.5909473684210527;0.7679890560875513;0.5909473684210527;0.667935752528257;2807;848;1943
427;barrel;4750;;0.6452631578947369;0.6917174452719477;0.6452631578947369;0.6676832589042588;3065;1366;1685
665;moped;4750;;0.6898947368421052;0.6466061562746646;0.6898947368421052;0.6675493990629455;3277;1791;1473
224;groenendael;4750;;0.6835789473684211;0.6517462866318747;0.6835789473684211;0.6672831894780107;3247;1735;1503
878;typewriter_keyboard;4750;;0.7225263157894737;0.619830232978147;0.7225263157894737;0.6672499270924467;3432;2105;1318
974;geyser;4750;;0.8073684210526316;0.5677276091783864;0.8073684210526316;0.6666666666666667;3835;2920;915
353;gazelle;4750;;0.736421052631579;0.6080305927342257;0.736421052631579;0.6660954013139103;3498;2255;1252
443;bib;4750;;0.6541052631578947;0.6785324306617165;0.6541052631578947;0.6660949726658807;3107;1472;1643
745;projector;4750;;0.6183157894736843;0.7217989678053576;0.6183157894736843;0.6660619117813811;2937;1132;1813
538;dome;4750;;0.6208421052631579;0.7182172430589382;0.6208421052631579;0.6659891598915989;2949;1157;1801
302;ground_beetle;4750;;0.7042105263157895;0.6316087613293051;0.7042105263157895;0.6659366912203862;3345;1951;1405
715;pickelhaube;4750;;0.8027368421052632;0.5685105114059937;0.8027368421052632;0.6656192720607488;3813;2894;937
118;Dungeness_crab;4750;;0.7616842105263157;0.5909833387781771;0.7616842105263157;0.6655629139072847;3618;2504;1132
405;airship;4750;;0.6633684210526316;0.6661733615221987;0.6633684210526316;0.6647679324894514;3151;1579;1599
221;Irish_water_spaniel;4750;;0.8665263157894737;0.5387434554973822;0.8665263157894737;0.664406779661017;4116;3524;634
844;switch;4750;;0.6216842105263158;0.7122527737578389;0.6216842105263158;0.6638938848920864;2953;1193;1797
256;Newfoundland;4750;;0.6029473684210527;0.7383346223253415;0.6029473684210527;0.6638080890022019;2864;1015;1886
503;cocktail_shaker;4750;;0.6408421052631579;0.687909604519774;0.6408421052631579;0.663542234332425;3044;1381;1706
760;refrigerator;4750;;0.7183157894736842;0.6153291253381424;0.7183157894736842;0.6628460417678483;3412;2133;1338
219;cocker_spaniel;4750;;0.6751578947368421;0.6502433090024331;0.6751578947368421;0.6624664325552572;3207;1725;1543
774;sandal;4750;;0.5974736842105263;0.7419607843137255;0.5974736842105263;0.6619241982507289;2838;987;1912
862;torch;4750;;0.8052631578947368;0.5614266842800528;0.8052631578947368;0.6615930121940673;3825;2988;925
846;table_lamp;4750;;0.7237894736842105;0.6087110481586402;0.7237894736842105;0.6612810155799193;3438;2210;1312
723;pinwheel;4750;;0.8974736842105263;0.5234528487229863;0.8974736842105263;0.6612377850162866;4263;3881;487
65;sea_snake;4750;;0.652;0.6703463203463204;0.652;0.6610458911419423;3097;1523;1653
249;malamute;4750;;0.6972631578947368;0.6258503401360545;0.6972631578947368;0.6596295558653654;3312;1980;1438
298;mongoose;4750;;0.612;0.7144261489309413;0.612;0.6592584193219185;2907;1162;1843
964;potpie;4750;;0.6431578947368422;0.6755860238832375;0.6431578947368422;0.6589732528041415;3055;1467;1695
212;English_setter;4750;;0.6444210526315789;0.6730430958663148;0.6444210526315789;0.6584211658421165;3061;1487;1689
697;pajama;4750;;0.6802105263157895;0.6376554174067496;0.6802105263157895;0.6582458999694408;3231;1836;1519
608;jean;4750;;0.6450526315789473;0.6719298245614035;0.6450526315789473;0.658216970998926;3064;1496;1686
935;mashed_potato;4750;;0.6231578947368421;0.6972909305064782;0.6231578947368421;0.6581434130072262;2960;1285;1790
199;Scotch_terrier;4750;;0.5549473684210526;0.807103490508267;0.5549473684210526;0.6576846307385229;2636;630;2114
515;cowboy_hat;4750;;0.7143157894736842;0.6088282792033016;0.7143157894736842;0.6573670444638187;3393;2180;1357
422;barbell;4750;;0.6082105263157894;0.714745175655616;0.6082105263157894;0.6571883530482256;2889;1153;1861
635;magnetic_compass;4750;;0.7804210526315789;0.5673400673400674;0.7804210526315789;0.6570365118752216;3707;2827;1043
543;dumbbell;4750;;0.6625263157894736;0.6503409795412275;0.6625263157894736;0.6563770987589946;3147;1692;1603
544;Dutch_oven;4750;;0.7025263157894737;0.6159099298634182;0.7025263157894737;0.6563729346970889;3337;2081;1413
455;bottlecap;4750;;0.6242105263157894;0.6895348837209302;0.6242105263157894;0.6552486187845303;2965;1335;1785
730;plow;4750;;0.6075789473684211;0.7080471050049068;0.6075789473684211;0.653976886471788;2886;1190;1864
632;loudspeaker;4750;;0.5850526315789474;0.7412643371565751;0.5850526315789474;0.6539592893281563;2779;970;1971
373;macaque;4750;;0.7854736842105263;0.559957976887288;0.7854736842105263;0.6538158240602822;3731;2932;1019
531;digital_watch;4750;;0.6538947368421053;0.6525210084033614;0.6538947368421053;0.6532071503680337;3106;1654;1644
390;eel;4750;;0.5492631578947369;0.8054955233096635;0.5492631578947369;0.6531480786080861;2609;630;2141
487;cellular_telephone;4750;;0.6136842105263158;0.6962025316455697;0.6136842105263158;0.6523441870873896;2915;1272;1835
578;gown;4750;;0.6692631578947369;0.6355457816873251;0.6692631578947369;0.6519688269073012;3179;1823;1571
791;shopping_cart;4750;;0.7197894736842105;0.5948155880306193;0.7197894736842105;0.6513621642217564;3419;2329;1331
979;valley;4750;;0.7242105263157895;0.5916752665978672;0.7242105263157895;0.6512684589170769;3440;2374;1310
702;parallel_bars;4750;;0.7023157894736842;0.6061046511627907;0.7023157894736842;0.6506729081334114;3336;2168;1414
996;hen-of-the-woods;4750;;0.7892631578947369;0.55319462889184;0.7892631578947369;0.6504728029842978;3749;3028;1001
252;affenpinscher;4750;;0.8252631578947368;0.5355191256830601;0.8252631578947368;0.6495443247721624;3920;3400;830
103;platypus;4750;;0.7061052631578948;0.6012907852276802;0.7061052631578948;0.6494965143299769;3354;2224;1396
206;curly-coated_retriever;4750;;0.6290526315789474;0.6695048173874075;0.6290526315789474;0.6486486486486487;2988;1475;1762
433;bathing_cap;4750;;0.7703157894736842;0.5601653398652786;0.7703157894736842;0.6486438574720793;3659;2873;1091
552;feather_boa;4750;;0.7058947368421052;0.5992850759606791;0.7058947368421052;0.648235862735621;3353;2242;1397
601;hoopskirt;4750;;0.7187368421052631;0.5893319523562921;0.7187368421052631;0.6476335009010719;3414;2379;1336
572;goblet;4750;;0.6109473684210527;0.6867013724562234;0.6109473684210527;0.6466131907308379;2902;1324;1848
908;wing;4750;;0.52;0.8514305411926921;0.52;0.6456672330414325;2470;431;2280
626;lighter;4750;;0.5383157894736842;0.8043409877319911;0.5383157894736842;0.6449741455416824;2557;622;2193
831;studio_couch;4750;;0.7711578947368422;0.554160363086233;0.7711578947368422;0.6448943661971831;3663;2947;1087
498;cinema;4750;;0.600421052631579;0.6964590964590964;0.600421052631579;0.6448841153193895;2852;1243;1898
775;sarong;4750;;0.6387368421052632;0.6506540853527771;0.6387368421052632;0.644640390948688;3034;1629;1716
634;lumbermill;4750;;0.6545263157894737;0.6350081699346405;0.6545263157894737;0.6446195314119842;3109;1787;1641
857;throne;4750;;0.6911578947368421;0.6036036036036037;0.6911578947368421;0.6444204534301698;3283;2156;1467
778;scale;4750;;0.492;0.932934131736527;0.492;0.6442453480358373;2337;168;2413
232;Border_collie;4750;;0.7353684210526316;0.5720602685882739;0.7353684210526316;0.643515106853353;3493;2613;1257
191;Airedale;4750;;0.8092631578947368;0.5330005546311702;0.8092631578947368;0.6427018893161678;3844;3368;906
864;tow_truck;4750;;0.5987368421052631;0.6934893928310168;0.5987368421052631;0.6426392498022822;2844;1257;1906
525;dam;4750;;0.7193684210526315;0.5802343352012226;0.7193684210526315;0.6423536046620922;3417;2472;1333
264;Cardigan;4750;;0.5065263157894737;0.8752273554019644;0.5065263157894737;0.64168555807441;2406;343;2344
541;drum;4750;;0.6381052631578947;0.6448936170212766;0.6381052631578947;0.6414814814814813;3031;1669;1719
40;American_chameleon;4750;;0.5991578947368421;0.6897721764420747;0.5991578947368421;0.6412798557908969;2846;1280;1904
120;fiddler_crab;4750;;0.6922105263157895;0.5966249319542732;0.6922105263157895;0.6408732092388656;3288;2223;1462
721;pillow;4750;;0.52;0.8344594594594594;0.52;0.6407263294422828;2470;490;2280
662;modem;4750;;0.6543157894736842;0.6274984857662023;0.6543157894736842;0.640626610326703;3108;1845;1642
205;flat-coated_retriever;4750;;0.6035789473684211;0.6816452686638136;0.6035789473684211;0.6402411790978115;2867;1339;1883
506;coil;4750;;0.5328421052631579;0.8014566181127296;0.5328421052631579;0.6401112797167425;2531;627;2219
197;giant_schnauzer;4750;;0.608421052631579;0.6749182624941616;0.608421052631579;0.6399468556244464;2890;1392;1860
847;tank;4750;;0.7884210526315789;0.5381520333381233;0.7884210526315789;0.639678879494406;3745;3214;1005
175;otterhound;4750;;0.6347368421052632;0.6445061992304404;0.6347368421052632;0.6395842172252865;3015;1663;1735
830;stretcher;4750;;0.6098947368421053;0.670757119703635;0.6098947368421053;0.638879700077186;2897;1422;1853
168;redbone;4750;;0.663578947368421;0.6138266796494645;0.663578947368421;0.6377339403136064;3152;1983;1598
64;green_mamba;4750;;0.7406315789473684;0.5592115720871086;0.7406315789473684;0.6372611176523866;3518;2773;1232
842;swimming_trunks;4750;;0.6983157894736842;0.5855251544571933;0.6983157894736842;0.6369659145463274;3317;2348;1433
462;broom;4750;;0.608421052631579;0.6674364896073903;0.608421052631579;0.6365638766519824;2890;1440;1860
930;French_loaf;4750;;0.6688421052631579;0.6068767908309456;0.6688421052631579;0.6363545317976966;3177;2058;1573
185;Norfolk_terrier;4750;;0.592842105263158;0.6836610827870843;0.592842105263158;0.6350208591723983;2816;1303;1934
179;Staffordshire_bullterrier;4750;;0.5606315789473684;0.7293892084360449;0.5606315789473684;0.6339721461730746;2663;988;2087
740;power_drill;4750;;0.5682105263157895;0.7155355249204666;0.5682105263157895;0.6334193851208637;2699;1073;2051
869;trench_coat;4750;;0.5562105263157895;0.7345009730330831;0.5562105263157895;0.6330418114292561;2642;955;2108
158;toy_terrier;4750;;0.527578947368421;0.7905362776025237;0.527578947368421;0.6328282828282829;2506;664;2244
643;mask;4750;;0.5985263157894737;0.6706770464732248;0.5985263157894737;0.632550895538992;2843;1396;1907
101;tusker;4750;;0.5515789473684211;0.7409502262443439;0.5515789473684211;0.6323919864832247;2620;916;2130
399;abaya;4750;;0.8397894736842105;0.5067327235772358;0.8397894736842105;0.632070987165267;3989;3883;761
108;sea_anemone;4750;;0.5490526315789473;0.7445047102483585;0.5490526315789473;0.6320126014782503;2608;895;2142
67;diamondback;4750;;0.6444210526315789;0.6195102206031168;0.6444210526315789;0.6317201527190176;3061;1880;1689
237;miniature_pinscher;4750;;0.6309473684210526;0.6316122233930453;0.6309473684210526;0.6312796208530806;2997;1748;1753
652;military_uniform;4750;;0.5997894736842105;0.6658097686375322;0.5997894736842105;0.631077638719681;2849;1430;1901
708;pedestal;4750;;0.5258947368421053;0.7882612811612496;0.5258947368421053;0.6308877383508019;2498;671;2252
311;grasshopper;4750;;0.6322105263157894;0.6292958927074602;0.6322105263157894;0.6307498424700693;3003;1769;1747
790;shopping_basket;4750;;0.5606315789473684;0.7201189832341807;0.5606315789473684;0.6304450757575757;2663;1035;2087
683;oboe;4750;;0.6450526315789473;0.6137820512820513;0.6450526315789473;0.6290289468281667;3064;1928;1686
962;meat_loaf;4750;;0.5795789473684211;0.6861914257228315;0.5795789473684211;0.6283953435288747;2753;1259;1997
747;punching_bag;4750;;0.6086315789473684;0.6473354231974922;0.6086315789473684;0.6273871527777778;2891;1575;1859
442;bell_cote;4750;;0.6978947368421052;0.5684156378600823;0.6978947368421052;0.6265356265356266;3315;2517;1435
729;plate_rack;4750;;0.5578947368421052;0.7142857142857143;0.5578947368421052;0.6264775413711583;2650;1060;2100
459;brassiere;4750;;0.7143157894736842;0.557875698783295;0.7143157894736842;0.6264771048744462;3393;2689;1357
418;ballpoint;4750;;0.5922105263157895;0.6639131460939344;0.5922105263157895;0.6260153555135195;2813;1424;1937
827;stove;4750;;0.6252631578947369;0.6257901390644753;0.6252631578947369;0.6255265374894693;2970;1776;1780
807;solar_dish;4750;;0.7494736842105263;0.5358217940999398;0.7494736842105263;0.6248902931367387;3560;3084;1190
341;hog;4750;;0.5456842105263158;0.7295243456234168;0.5456842105263158;0.6243526436227869;2592;961;2158
155;Shih-Tzu;4750;;0.7092631578947368;0.5569515622416928;0.7092631578947368;0.6239466617279378;3369;2680;1381
408;amphibian;4750;;0.5414736842105263;0.7356979405034325;0.5414736842105263;0.6238176085374728;2572;924;2178
884;vault;4750;;0.6448421052631579;0.6024783634933124;0.6448421052631579;0.6229408175716901;3063;2021;1687
5;electric_ray;4750;;0.6808421052631579;0.5718832891246685;0.6808421052631579;0.6216242191254205;3234;2421;1516
49;African_crocodile;4750;;0.4962105263157895;0.8299295774647887;0.4962105263157895;0.6210803689064559;2357;483;2393
242;boxer;4750;;0.4943157894736842;0.8343994314143568;0.4943157894736842;0.6208355367530407;2348;466;2402
797;sleeping_bag;4750;;0.5431578947368421;0.7228915662650602;0.5431578947368421;0.6202668589974757;2580;989;2170
845;syringe;4750;;0.5637894736842105;0.6880781089414183;0.5637894736842105;0.6197639435315898;2678;1214;2072
463;bucket;4750;;0.5654736842105264;0.6841569026999491;0.5654736842105264;0.6191793453204242;2686;1240;2064
839;suspension_bridge;4750;;0.568;0.6797682035777274;0.568;0.6188783117329969;2698;1271;2052
207;golden_retriever;4750;;0.6370526315789473;0.601470880540648;0.6370526315789473;0.6187506389939679;3026;2005;1724
192;cairn;4750;;0.5145263157894737;0.7753807106598984;0.5145263157894737;0.6185775752973931;2444;708;2306
735;poncho;4750;;0.7077894736842105;0.5491669389088533;0.7077894736842105;0.6184694628403237;3362;2760;1388
513;cornet;4750;;0.5576842105263158;0.6927301255230126;0.5576842105263158;0.6179146256123162;2649;1175;2101
465;bulletproof_vest;4750;;0.7774736842105263;0.5112834002492039;0.7774736842105263;0.6168879979954899;3693;3530;1057
431;bassinet;4750;;0.6389473684210526;0.5950980392156863;0.6389473684210526;0.616243654822335;3035;2065;1715
385;Indian_elephant;4750;;0.6130526315789474;0.6189160467587673;0.6130526315789474;0.6159703860391328;2912;1793;1838
489;chainlink_fence;4750;;0.628;0.6043354943273906;0.628;0.6159405327276483;2983;1953;1767
208;Labrador_retriever;4750;;0.5795789473684211;0.6567270992366412;0.5795789473684211;0.6157459181391187;2753;1439;1997
402;acoustic_guitar;4750;;0.6896842105263158;0.5561025292819555;0.6896842105263158;0.6157316041725401;3276;2615;1474
751;racer;4750;;0.7058947368421052;0.5452919173849406;0.7058947368421052;0.615285806037251;3353;2796;1397
59;vine_snake;4750;;0.5587368421052632;0.6843733883445074;0.5587368421052632;0.6152063050533149;2654;1224;2096
374;langur;4750;;0.664;0.5725176983118533;0.664;0.614874744127108;3154;2355;1596
201;silky_terrier;4750;;0.6806315789473685;0.5605062413314841;0.6806315789473685;0.6147556569690056;3233;2535;1517
492;chest;4750;;0.6614736842105263;0.5737764791818846;0.6614736842105263;0.6145120281635048;3142;2334;1608
675;moving_van;4750;;0.5294736842105263;0.7319557625145519;0.5294736842105263;0.6144637185438554;2515;921;2235
227;kelpie;4750;;0.5635789473684211;0.6749873928391327;0.5635789473684211;0.6142726021110602;2677;1289;2073
696;paintbrush;4750;;0.6505263157894737;0.5812641083521445;0.6505263157894737;0.613947943572422;3090;2226;1660
502;clog;4750;;0.5343157894736842;0.7206132879045997;0.5343157894736842;0.6136363636363635;2538;984;2212
574;golf_ball;4750;;0.8463157894736842;0.48120660761311945;0.8463157894736842;0.6135531135531135;4020;4334;730
400;academic_gown;4750;;0.4745263157894737;0.8649270913277053;0.4745263157894737;0.6128330614464383;2254;352;2496
828;strainer;4750;;0.5136842105263157;0.7584706248057196;0.5136842105263157;0.6125266725241622;2440;777;2310
679;necklace;4750;;0.7850526315789473;0.5019518104724727;0.7850526315789473;0.6123655472534691;3729;3700;1021
530;digital_clock;4750;;0.6105263157894737;0.6140165149269532;0.6105263157894737;0.6122664414652169;2900;1823;1850
966;red_wine;4750;;0.639578947368421;0.5863732870102297;0.639578947368421;0.6118215688248918;3038;2143;1712
523;crutch;4750;;0.5378947368421053;0.7087378640776699;0.5378947368421053;0.611609814482346;2555;1050;2195
850;teddy;4750;;0.7930526315789473;0.4974250627228311;0.7930526315789473;0.6113770997322081;3767;3806;983
280;grey_fox;4750;;0.7143157894736842;0.5314849624060151;0.7143157894736842;0.6094844620082629;3393;2991;1357
230;Shetland_sheepdog;4750;;0.6911578947368421;0.5441737112547654;0.6911578947368421;0.6089214504312344;3283;2750;1467
622;lens_cap;4750;;0.4785263157894737;0.8362766740250184;0.4785263157894737;0.6087305838243171;2273;445;2477
406;altar;4750;;0.6703157894736842;0.5573253982145983;0.6703157894736842;0.6086208544394532;3184;2529;1566
617;lab_coat;4750;;0.752;0.509994288977727;0.752;0.6077930917134592;3572;3432;1178
998;ear;4750;;0.7711578947368422;0.5010943912448701;0.7711578947368422;0.6074626865671643;3663;3647;1087
710;pencil_sharpener;4750;;0.4941052631578947;0.7875838926174497;0.4941052631578947;0.6072445019404916;2347;633;2403
359;black-footed_ferret;4750;;0.7010526315789474;0.5353697749196141;0.7010526315789474;0.6071103008204193;3330;2890;1420
159;Rhodesian_ridgeback;4750;;0.6795789473684211;0.5473041709053916;0.6795789473684211;0.6063110443275733;3228;2670;1522
267;standard_poodle;4750;;0.7618947368421053;0.5034780189204229;0.7618947368421053;0.6062992125984251;3619;3569;1131
792;shovel;4750;;0.6138947368421053;0.5960752248569092;0.6138947368421053;0.6048537647790915;2916;1976;1834
413;assault_rifle;4750;;0.7865263157894736;0.4900314795383001;0.7865263157894736;0.6038467754970098;3736;3888;1014
631;lotion;4750;;0.7296842105263158;0.5143196319928773;0.7296842105263158;0.6033597353990774;3466;3273;1284
44;alligator_lizard;4750;;0.45010526315789473;0.9128949615713066;0.45010526315789473;0.6029328821206994;2138;204;2612
587;hammer;4750;;0.5362105263157895;0.6885644768856448;0.5362105263157895;0.6029115871700793;2547;1152;2203
690;oxcart;4750;;0.836421052631579;0.47123710117423795;0.836421052631579;0.602837417494879;3973;4458;777
470;candle;4750;;0.5256842105263158;0.7047699689528648;0.5256842105263158;0.6021946219703365;2497;1046;2253
464;buckle;4750;;0.516421052631579;0.7221077421254047;0.516421052631579;0.6021848533202406;2453;944;2297
660;mobile_home;4750;;0.5056842105263157;0.7434230888269886;0.5056842105263157;0.6019295827590527;2402;829;2348
165;black-and-tan_coonhound;4750;;0.5330526315789473;0.6908594815825375;0.5330526315789473;0.6017825311942958;2532;1133;2218
887;vestment;4750;;0.6974736842105264;0.52897972217787;0.6974736842105264;0.6016525923908108;3313;2950;1437
894;wardrobe;4750;;0.6298947368421053;0.5753846153846154;0.6298947368421053;0.6014070351758793;2992;2208;1758
409;analog_clock;4750;;0.5987368421052631;0.6020321761219306;0.5987368421052631;0.6003799873337555;2844;1880;1906
976;promontory;4750;;0.6871578947368421;0.5309907271839922;0.6871578947368421;0.5990639625585025;3264;2883;1486
843;swing;4750;;0.7882105263157895;0.4822877753445833;0.7882105263157895;0.5984176456485255;3744;4019;1006
519;crate;4750;;0.503578947368421;0.7366800123190638;0.503578947368421;0.5982243341252969;2392;855;2358
925;consomme;4750;;0.7545263157894737;0.4953697304768487;0.7545263157894737;0.5980809345014602;3584;3651;1166
709;pencil_box;4750;;0.531157894736842;0.68042071197411;0.531157894736842;0.5965949397020572;2523;1185;2227
591;handkerchief;4750;;0.6210526315789474;0.5720380065929804;0.6210526315789474;0.5955385081255677;2950;2207;1800
926;hot_pot;4750;;0.7362105263157894;0.4987164860239589;0.7362105263157894;0.5946267641557558;3497;3515;1253
910;wooden_spoon;4750;;0.5111578947368421;0.7097339959076293;0.5111578947368421;0.5942969036837596;2428;993;2322
277;red_fox;4750;;0.708421052631579;0.5116314429071005;0.708421052631579;0.5941555575174362;3365;3212;1385
162;beagle;4750;;0.48273684210526313;0.7686892390211196;0.48273684210526313;0.5930428035691193;2293;690;2457
750;quilt;4750;;0.6136842105263158;0.5728040872470034;0.6136842105263158;0.5925398922654742;2915;2174;1835
481;cassette;4750;;0.6448421052631579;0.5478447504918619;0.6448421052631579;0.5923991876994487;3063;2528;1687
861;toilet_seat;4750;;0.6928421052631579;0.5172901603269412;0.6928421052631579;0.5923326133909288;3291;3071;1459
787;shield;4750;;0.496;0.7348721147847785;0.496;0.5922574157868276;2356;850;2394
250;Siberian_husky;4750;;0.6621052631578948;0.5350459339911534;0.6621052631578948;0.591832894241626;3145;2733;1605
436;beach_wagon;4750;;0.5711578947368421;0.6117249154453213;0.5711578947368421;0.5907457811649428;2713;1722;2037
598;home_theater;4750;;0.576421052631579;0.6041482789055604;0.576421052631579;0.5899590605472959;2738;1794;2012
412;ashcan;4750;;0.5176842105263157;0.684958217270195;0.5176842105263157;0.5896882494004796;2459;1131;2291
445;bikini;4750;;0.6305263157894737;0.5529911373707533;0.6305263157894737;0.5892189651780445;2995;2421;1755
590;hand-held_computer;4750;;0.6848421052631579;0.5164311795523099;0.6848421052631579;0.5888315684677347;3253;3046;1497
811;space_heater;4750;;0.4806315789473684;0.7589760638297872;0.4806315789473684;0.588553750966744;2283;725;2467
304;leaf_beetle;4750;;0.4442105263157895;0.8679555738379268;0.4442105263157895;0.5876618855312631;2110;321;2640
6;stingray;4750;;0.5463157894736842;0.6354064642507345;0.5463157894736842;0.5875028299750963;2595;1489;2155
879;umbrella;4750;;0.5789473684210527;0.5962705984388552;0.5789473684210527;0.587481307412946;2750;1862;2000
153;Maltese_dog;4750;;0.6701052631578948;0.5227459352931516;0.6701052631578948;0.5873235538333795;3183;2906;1567
651;microwave;4750;;0.5652631578947368;0.6105047748976807;0.5652631578947368;0.5870135548753825;2685;1713;2065
272;coyote;4750;;0.5835789473684211;0.5901639344262295;0.5835789473684211;0.5868529691965704;2772;1925;1978
241;EntleBucher;4750;;0.5393684210526316;0.6432337434094904;0.5393684210526316;0.5867399519065614;2562;1421;2188
186;Norwich_terrier;4750;;0.6964210526315789;0.5051152847763017;0.6964210526315789;0.5855385432339145;3308;3241;1442
841;sweatshirt;4750;;0.5122105263157894;0.6807498601007275;0.5122105263157894;0.5845747236905334;2433;1141;2317
269;timber_wolf;4750;;0.7517894736842106;0.4778536063160712;0.7517894736842106;0.5843082712918269;3571;3902;1179
883;vase;4750;;0.4597894736842105;0.7991218441273326;0.4597894736842105;0.5837231057062675;2184;549;2566
55;green_snake;4750;;0.5002105263157894;0.6984126984126984;0.5002105263157894;0.5829244357212954;2376;1026;2374
928;ice_cream;4750;;0.5197894736842106;0.6622854077253219;0.5197894736842106;0.5824486907289455;2469;1259;2281
656;minivan;4750;;0.4886315789473684;0.715033887861984;0.4886315789473684;0.5805402701350675;2321;925;2429
624;library;4750;;0.592;0.5677367252170402;0.592;0.5796145522003504;2812;2141;1938
222;kuvasz;4750;;0.6486315789473684;0.5221148957803762;0.6486315789473684;0.5785372265514975;3081;2820;1669
124;crayfish;4750;;0.49894736842105264;0.6875543951261966;0.49894736842105264;0.578260339148469;2370;1077;2380
62;rock_python;4750;;0.576421052631579;0.5792257245610324;0.576421052631579;0.5778199852273926;2738;1989;2012
202;soft-coated_wheaten_terrier;4750;;0.5370526315789473;0.6234115347018573;0.5370526315789473;0.5770187740330242;2551;1541;2199
636;mailbag;4750;;0.7334736842105263;0.4749182115594329;0.7334736842105263;0.5765348336918747;3484;3852;1266
824;stole;4750;;0.5833684210526315;0.5681771580889892;0.5833684210526315;0.5756725875142827;2771;2106;1979
556;fire_screen;4750;;0.4825263157894737;0.7122436295835923;0.4825263157894737;0.575301204819277;2292;926;2458
233;Bouvier_des_Flandres;4750;;0.5555789473684211;0.5945032665014643;0.5555789473684211;0.5743824137555773;2639;1800;2111
453;bookcase;4750;;0.7008421052631579;0.4848528983396446;0.7008421052631579;0.5731749311294767;3329;3537;1421
892;wall_clock;4750;;0.6052631578947368;0.5383895131086143;0.6052631578947368;0.5698711595639248;2875;2465;1875
788;shoe_shop;4750;;0.6042105263157894;0.5391696411797858;0.6042105263157894;0.5698401667824878;2870;2453;1880
856;thresher;4750;;0.48126315789473684;0.6971637694419031;0.48126315789473684;0.5694357952422469;2286;993;2464
184;Irish_terrier;4750;;0.5338947368421053;0.6091760749459524;0.5338947368421053;0.5690564344216313;2536;1627;2214
767;rubber_eraser;4750;;0.5233684210526316;0.6230576441102756;0.5233684210526316;0.5688787185354691;2486;1504;2264
967;espresso;4750;;0.6915789473684211;0.4829461922963834;0.6915789473684211;0.5687326869806094;3285;3517;1465
438;beaker;4750;;0.5709473684210526;0.5646470955652717;0.5709473684210526;0.5677797550507695;2712;2091;2038
348;ram;4750;;0.4336842105263158;0.8213716108452951;0.4336842105263158;0.567649490217691;2060;448;2690
483;castle;4750;;0.7465263157894737;0.45790289256198347;0.7465263157894737;0.5676324635825196;3546;4198;1204
602;horizontal_bar;4750;;0.47768421052631577;0.69452096724824;0.47768421052631577;0.5660471498066608;2269;998;2481
411;apron;4750;;0.47578947368421054;0.695170716702553;0.47578947368421054;0.5649293838270216;2260;991;2490
151;Chihuahua;4750;;0.5793684210526315;0.5502899420115976;0.5793684210526315;0.564454927699723;2752;2249;1998
851;television;4750;;0.6785263157894736;0.4825572690522533;0.6785263157894736;0.5640038498556305;3223;3456;1527
187;Yorkshire_terrier;4750;;0.4656842105263158;0.7126288659793815;0.4656842105263158;0.5632798573975045;2212;892;2538
477;carpenter's_kit;4750;;0.6854736842105263;0.47748936794251357;0.6854736842105263;0.5628835681562797;3256;3563;1494
469;caldron;4750;;0.5385263157894736;0.5880459770114943;0.5385263157894736;0.5621978021978022;2558;1792;2192
499;cleaver;4750;;0.45452631578947367;0.7366086659843057;0.45452631578947367;0.5621663845853404;2159;772;2591
246;Great_Dane;4750;;0.4303157894736842;0.8075859344132754;0.4303157894736842;0.5614613377283341;2044;487;2706
529;diaper;4750;;0.6357894736842106;0.5024122442189319;0.6357894736842106;0.5612861258247375;3020;2991;1730
77;wolf_spider;4750;;0.8056842105263158;0.4302417088251827;0.8056842105263158;0.5609380725540491;3827;5068;923
906;Windsor_tie;4750;;0.5042105263157894;0.630927291886196;0.5042105263157894;0.5604961385443482;2395;1401;2355
461;breastplate;4750;;0.7362105263157894;0.45227625452664255;0.7362105263157894;0.560326870693799;3497;4235;1253
32;tailed_frog;4750;;0.5090526315789474;0.6230353001803659;0.5090526315789474;0.5603058741744874;2418;1463;2332
815;spider_web;4750;;0.5538947368421052;0.5664155005382131;0.5538947368421052;0.5600851516764236;2631;2014;2119
542;drumstick;4750;;0.5136842105263157;0.6126035651518955;0.5136842105263157;0.558799954196725;2440;1543;2310
312;cricket;4750;;0.4688421052631579;0.6914001862775535;0.4688421052631579;0.5587755614101116;2227;994;2523
34;leatherback_turtle;4750;;0.6368421052631579;0.4933942260642636;0.6368421052631579;0.5560150721441044;3025;3106;1725
907;wine_bottle;4750;;0.5890526315789474;0.5191094619666048;0.5890526315789474;0.5518737672583827;2798;2592;1952
969;eggnog;4750;;0.5058947368421053;0.6063588190764573;0.5058947368421053;0.5515895787903132;2403;1560;2347
698;palace;4750;;0.5587368421052632;0.5413012441362431;0.5587368421052632;0.5498808660520046;2654;2249;2096
904;window_screen;4750;;0.5972631578947368;0.5072411943500804;0.5972631578947368;0.5485835830996809;2837;2756;1913
271;red_wolf;4750;;0.4242105263157895;0.7732156561780507;0.4242105263157895;0.5478520935290919;2015;591;2735
834;suit;4750;;0.596421052631579;0.5064354665713264;0.596421052631579;0.5477571539056458;2833;2761;1917
226;briard;4750;;0.42126315789473684;0.7822517591868647;0.42126315789473684;0.5476190476190477;2001;557;2749
700;paper_towel;4750;;0.4145263157894737;0.8023634881825591;0.4145263157894737;0.5466407551360355;1969;485;2781
504;coffee_mug;4750;;0.48694736842105263;0.622778675282714;0.48694736842105263;0.5465500945179584;2313;1401;2437
677;nail;4750;;0.5126315789473684;0.5850552618933205;0.5126315789473684;0.5464542190305205;2435;1727;2315
508;computer_keyboard;4750;;0.5595789473684211;0.5338421369752963;0.5595789473684211;0.5464076472402097;2658;2321;2092
166;Walker_hound;4750;;0.4616842105263158;0.6663628076572471;0.4616842105263158;0.5454545454545454;2193;1098;2557
706;patio;4750;;0.46778947368421053;0.6500877706260971;0.46778947368421053;0.5440744368266406;2222;1196;2528
534;dishwasher;4750;;0.43726315789473685;0.7199306759098787;0.43726315789473685;0.5440733464309103;2077;808;2673
691;oxygen_mask;4750;;0.42589473684210527;0.7528842575362859;0.42589473684210527;0.5440365738873202;2023;664;2727
794;shower_curtain;4750;;0.5511578947368421;0.5351594439901881;0.5511578947368421;0.5430408628915162;2618;2274;2132
725;pitcher;4750;;0.5450526315789473;0.536580310880829;0.5450526315789473;0.5407832898172323;2589;2236;2161
196;miniature_schnauzer;4750;;0.3985263157894737;0.839095744680851;0.3985263157894737;0.5403939480445332;1893;363;2857
257;Great_Pyrenees;4750;;0.44842105263157894;0.6764052080025404;0.44842105263157894;0.5393087732624383;2130;1019;2620
584;hair_slide;4750;;0.5349473684210526;0.539147040101846;0.5349473684210526;0.5370389939765402;2541;2172;2209
960;chocolate_sauce;4750;;0.5465263157894736;0.5275350538508433;0.5465263157894736;0.536862785647813;2596;2325;2154
655;miniskirt;4750;;0.5850526315789474;0.49580731489741303;0.5850526315789474;0.5367455335586674;2779;2826;1971
446;binder;4750;;0.5488421052631579;0.5249697946033025;0.5488421052631579;0.5366405928365582;2607;2359;2143
58;water_snake;4750;;0.6012631578947368;0.4845605700712589;0.6012631578947368;0.5366403607666291;2856;3038;1894
973;coral_reef;4750;;0.7008421052631579;0.432956171153596;0.7008421052631579;0.535252029905941;3329;4360;1421
460;breakwater;4750;;0.5;0.5756180319922443;0.5;0.5351509689049121;2375;1751;2375
893;wallet;4750;;0.5151578947368421;0.5563892678490223;0.5151578947368421;0.5349803235679931;2447;1951;2303
54;hognose_snake;4750;;0.512421052631579;0.5540632824948782;0.512421052631579;0.5324291807940501;2434;1959;2316
582;grocery_store;4750;;0.5366315789473685;0.5282901554404145;0.5366315789473685;0.5324281984334204;2549;2276;2201
638;maillot;4750;;0.5423157894736842;0.5210355987055016;0.5423157894736842;0.5314627604703941;2576;2368;2174
754;radio;4750;;0.4147368421052632;0.7386576677915261;0.4147368421052632;0.531212080355939;1970;697;2780
493;chiffonier;4750;;0.4551578947368421;0.634762184380505;0.4551578947368421;0.5301618440411967;2162;1244;2588
567;frying_pan;4750;;0.464;0.616331096196868;0.464;0.529425894787413;2204;1372;2546
36;terrapin;4750;;0.6665263157894736;0.4381400498200941;0.6665263157894736;0.5287241148964595;3166;4060;1584
163;bloodhound;4750;;0.428;0.6891525423728814;0.428;0.5280519480519481;2033;917;2717
505;coffeepot;4750;;0.5568421052631579;0.4997166068392216;0.5568421052631579;0.5267350393308772;2645;2648;2105
26;common_newt;4750;;0.6008421052631578;0.46832950443058746;0.6008421052631578;0.5263740317226115;2854;3240;1896
648;medicine_chest;4750;;0.45052631578947366;0.6314547064030688;0.45052631578947366;0.5258631281484213;2140;1249;2610
972;cliff;4750;;0.5208421052631579;0.5307873846813989;0.5208421052631579;0.5257677186271386;2474;2187;2276
650;microphone;4750;;0.41768421052631577;0.7075606276747504;0.41768421052631577;0.5252846174212338;1984;820;2766
180;American_Staffordshire_terrier;4750;;0.5101052631578947;0.5404862815079188;0.5101052631578947;0.5248564930141881;2423;2060;2327
345;ox;4750;;0.3717894736842105;0.8768619662363456;0.3717894736842105;0.5221762270845653;1766;248;2984
167;English_foxhound;4750;;0.6429473684210526;0.4388561574938928;0.6429473684210526;0.5216500128106585;3054;3905;1696
434;bath_towel;4750;;0.3818947368421053;0.8090990187332738;0.3818947368421053;0.5188787185354692;1814;428;2936
905;window_shade;4750;;0.5261052631578947;0.5102082482645978;0.5261052631578947;0.5180348258706468;2499;2399;2251
620;laptop;4750;;0.764421052631579;0.3909766340045224;0.764421052631579;0.5173470114696872;3631;5656;1119
813;spatula;4750;;0.42378947368421055;0.6619533048339362;0.42378947368421055;0.5167500962649211;2013;1028;2737
599;honeycomb;4750;;0.6033684210526316;0.4475327920049969;0.6033684210526316;0.5138963600502062;2866;3538;1884
509;confectionery;4750;;0.7155789473684211;0.39875645236977947;0.7155789473684211;0.5121289739340062;3399;5125;1351
917;comic_book;4750;;0.732;0.3914658860616978;0.732;0.5101232394366197;3477;5405;1273
663;monastery;4750;;0.5372631578947369;0.4836997725549659;0.5372631578947369;0.5090764013564731;2552;2724;2198
170;Irish_wolfhound;4750;;0.4151578947368421;0.6508250825082508;0.4151578947368421;0.5069408740359898;1972;1058;2778
240;Appenzeller;4750;;0.6536842105263158;0.4105513685045617;0.6536842105263158;0.5043450012182247;3105;4458;1645
231;collie;4750;;0.39810526315789474;0.6878865041833394;0.39810526315789474;0.5043339111881585;1891;858;2859
819;stage;4750;;0.5875789473684211;0.44161392405063293;0.5875789473684211;0.504245709123758;2791;3529;1959
479;car_wheel;4750;;0.37663157894736843;0.7365170852202553;0.37663157894736843;0.4983981055857361;1789;640;2961
742;printer;4750;;0.3741052631578947;0.7441373534338358;0.3741052631578947;0.4978985710282992;1777;611;2973
743;prison;4750;;0.7498947368421053;0.37088713036234905;0.7498947368421053;0.49630764943569744;3562;6042;1188
188;wire-haired_fox_terrier;4750;;0.8010526315789473;0.35947094945677843;0.8010526315789473;0.49625040756439515;3805;6780;945
977;sandbar;4750;;0.6618947368421053;0.3939355970429771;0.6618947368421053;0.493912497054434;3144;4837;1606
558;flute;4750;;0.4423157894736842;0.558182784272051;0.4423157894736842;0.4935400516795866;2101;1663;2649
619;lampshade;4750;;0.41368421052631577;0.6113876789047915;0.41368421052631577;0.49347061778000995;1965;1249;2785
764;rifle;4750;;0.3414736842105263;0.8815217391304347;0.3414736842105263;0.4922610015174507;1622;218;3128
705;passenger_car;4750;;0.36547368421052634;0.7377815554611135;0.36547368421052634;0.4888075461072786;1736;617;3014
281;tabby;4750;;0.8450526315789474;0.34301828747222696;0.8450526315789474;0.48796498905908087;4014;7688;736
898;water_bottle;4750;;0.40610526315789475;0.6064130776485382;0.40610526315789475;0.48644559324170983;1929;1252;2821
970;alp;4750;;0.4985263157894737;0.47199521626470003;0.4985263157894737;0.4848981263438108;2368;2649;2382
66;horned_viper;4750;;0.6637894736842105;0.3781028900347764;0.6637894736842105;0.48177859271143714;3153;5186;1597
639;maillot;4750;;0.3911578947368421;0.6251682368775235;0.3911578947368421;0.4812224812224812;1858;1114;2892
478;carton;4750;;0.391578947368421;0.6214500501169395;0.391578947368421;0.48043394033320413;1860;1133;2890
868;tray;4750;;0.3802105263157895;0.6246973365617433;0.3802105263157895;0.47271299568119357;1806;1085;2944
692;packet;4750;;0.4536842105263158;0.4920091324200913;0.4536842105263158;0.47207009857612264;2155;2225;2595
921;book_jacket;4750;;0.5284210526315789;0.42650807136788443;0.5284210526315789;0.4720263281617302;2510;3375;2240
804;soap_dispenser;4750;;0.3334736842105263;0.7912087912087912;0.3334736842105263;0.46919431279620855;1584;418;3166
911;wool;4750;;0.32926315789473687;0.813735691987513;0.32926315789473687;0.46882494004796166;1564;358;3186
526;desk;4750;;0.4829473684210526;0.45344929828029257;0.4829473684210526;0.4677337139361811;2294;2765;2456
356;weasel;4750;;0.4357894736842105;0.5029154518950437;0.4357894736842105;0.46695240243627334;2070;2046;2680
633;loupe;4750;;0.32652631578947366;0.8189017951425555;0.32652631578947366;0.466887417218543;1551;343;3199
741;prayer_rug;4750;;0.7612631578947369;0.3365286179618427;0.7612631578947369;0.46673120361406906;3616;7129;1134
380;titi;4750;;0.30842105263157893;0.9202261306532663;0.30842105263157893;0.46199936928413754;1465;127;3285
865;toyshop;4750;;0.6501052631578947;0.3582366589327146;0.6501052631578947;0.4619296933433059;3088;5532;1662
895;warplane;4750;;0.7854736842105263;0.32665032393626336;0.7854736842105263;0.4614147909967846;3731;7691;1019
414;backpack;4750;;0.31894736842105265;0.8224755700325733;0.31894736842105265;0.45964805825242727;1515;327;3235
809;soup_bowl;4750;;0.3608421052631579;0.6201157742402316;0.3608421052631579;0.456215065211605;1714;1050;3036
435;bathtub;4750;;0.42357894736842105;0.4926542605288932;0.42357894736842105;0.4555127914874349;2012;2072;2738
838;sunscreen;4750;;0.3176842105263158;0.7912952281069743;0.3176842105263158;0.45335736818386657;1509;398;3241
35;mud_turtle;4750;;0.364;0.5984769816545518;0.364;0.4526770519701532;1729;1160;3021
999;toilet_tissue;4750;;0.38505263157894737;0.543859649122807;0.38505263157894737;0.4508813016146924;1829;1534;2921
836;sunglass;4750;;0.38042105263157894;0.5527684307127562;0.38042105263157894;0.45067963586482107;1807;1462;2943
484;catamaran;4750;;0.3016842105263158;0.8878562577447335;0.3016842105263158;0.45034569453174106;1433;181;3317
762;restaurant;4750;;0.4216842105263158;0.48010546500479384;0.4216842105263158;0.4490024658148397;2003;2169;2747
731;plunger;4750;;0.3126315789473684;0.7869634340222575;0.3126315789473684;0.44749133644719;1485;402;3265
482;cassette_player;4750;;0.6686315789473685;0.3353748680042239;0.6686315789473685;0.44669479606188467;3176;6294;1574
689;overskirt;4750;;0.41410526315789475;0.4846021187484602;0.41410526315789475;0.44658871608582135;1967;2092;2783
454;bookshop;4750;;0.35410526315789476;0.6024355300859598;0.35410526315789476;0.4460355343410236;1682;1110;3068
909;wok;4750;;0.38863157894736844;0.5198535623767953;0.38863157894736844;0.4447656908806168;1846;1705;2904
200;Tibetan_terrier;4750;;0.35747368421052633;0.5831043956043956;0.35747368421052633;0.4432263116679719;1698;1214;3052
358;polecat;4750;;0.4296842105263158;0.45711086226203806;0.4296842105263158;0.44297341291372766;2041;2424;2709
860;tobacco_shop;4750;;0.5212631578947369;0.3836975050364172;0.5212631578947369;0.4420244577345354;2476;3977;2274
536;dock;4750;;0.36294736842105263;0.5630306988896147;0.36294736842105263;0.44137224782386075;1724;1338;3026
975;lakeside;4750;;0.3469473684210526;0.5858514041948099;0.3469473684210526;0.4358058971307683;1648;1165;3102
328;sea_urchin;4750;;0.7926315789473685;0.3000239062873536;0.7926315789473685;0.43528527660558414;3765;8784;985
111;nematode;4750;;0.8976842105263158;0.28698344326288866;0.8976842105263158;0.4349245206038352;4264;10594;486
176;Saluki;4750;;0.2833684210526316;0.9082321187584346;0.2833684210526316;0.43196405648267006;1346;136;3404
817;sports_car;4750;;0.35136842105263155;0.5596914822266935;0.35136842105263155;0.43171236420072423;1669;1313;3081
712;Petri_dish;4750;;0.7073684210526315;0.3093352973669674;0.7073684210526315;0.43043812451960023;3360;7502;1390
748;purse;4750;;0.3254736842105263;0.6323108384458078;0.3254736842105263;0.4297428769979152;1546;899;3204
657;missile;4750;;0.6618947368421053;0.3156626506024096;0.6618947368421053;0.4274643099932019;3144;6816;1606
265;toy_poodle;4750;;0.42378947368421055;0.42838901894020004;0.42378947368421055;0.4260768335273574;2013;2686;2737
278;kit_fox;4750;;0.29368421052631577;0.7491944146079484;0.29368421052631577;0.42196007259528123;1395;467;3355
527;desktop_computer;4750;;0.6431578947368422;0.3129161118508655;0.6431578947368422;0.4210018604010198;3055;6708;1695
718;pier;4750;;0.30905263157894736;0.6363242306025141;0.30905263157894736;0.41604081054272357;1468;839;3282
46;green_lizard;4750;;0.3452631578947368;0.516698172652804;0.3452631578947368;0.41393235739525486;1640;1534;3110
549;envelope;4750;;0.47789473684210526;0.36250399233471736;0.47789473684210526;0.4122775154377043;2270;3992;2480
501;cloak;4750;;0.4265263157894737;0.39858351367302775;0.4265263157894737;0.4120817654835757;2026;3057;2724
497;church;4750;;0.30105263157894735;0.6485260770975056;0.30105263157894735;0.411214953271028;1430;775;3320
876;tub;4750;;0.4168421052631579;0.40482518912287874;0.4168421052631579;0.4107457732600353;1980;2911;2770
673;mouse;4750;;0.31073684210526314;0.6049180327868853;0.31073684210526314;0.4105702364394993;1476;964;3274
189;Lakeland_terrier;4750;;0.31642105263157894;0.5614493836384012;0.31642105263157894;0.40473946411740946;1503;1174;3247
73;barn_spider;4750;;0.35536842105263156;0.4678492239467849;0.35536842105263156;0.40392438382388135;1688;1920;3062
733;pole;4750;;0.2713684210526316;0.779794313369631;0.2713684210526316;0.40262377010776196;1289;364;3461
611;jigsaw_puzzle;4750;;0.772;0.26638093854423944;0.772;0.3960898682220782;3667;10099;1083
600;hook;4750;;0.25852631578947366;0.8393711551606289;0.25852631578947366;0.39530017704812487;1228;235;3522
923;plate;4750;;0.36273684210526314;0.4329145728643216;0.36273684210526314;0.3947308132875143;1723;2257;3027
285;Egyptian_cat;4750;;0.28442105263157896;0.6433333333333333;0.28442105263157896;0.39445255474452556;1351;749;3399
562;fountain;4750;;0.7625263157894737;0.26265409717186367;0.7625263157894737;0.39072276159654806;3622;10168;1128
837;sunglasses;4750;;0.2911578947368421;0.5933075933075933;0.2911578947368421;0.39062279339076406;1383;948;3367
119;rock_crab;4750;;0.2728421052631579;0.6868044515103339;0.2728421052631579;0.39053789362663854;1296;591;3454
784;screwdriver;4750;;0.2650526315789474;0.7405882352941177;0.2650526315789474;0.39038759689922486;1259;441;3491
524;cuirass;4750;;0.30357894736842106;0.544767661503589;0.30357894736842106;0.3898877923482493;1442;1205;3308
818;spotlight;4750;;0.3122105263157895;0.5117322291235334;0.3122105263157895;0.3878138075313808;1483;1415;3267
539;doormat;4750;;0.4730526315789474;0.326077492381367;0.4730526315789474;0.3860493084786531;2247;4644;2503
488;chain;4750;;0.31642105263157894;0.4856219709208401;0.31642105263157894;0.3831739961759082;1503;1592;3247
516;cradle;4750;;0.2882105263157895;0.5678141849854832;0.2882105263157895;0.3823488339617372;1369;1042;3381
585;hair_spray;4750;;0.25284210526315787;0.7427334570191713;0.25284210526315787;0.3772577351971101;1201;416;3549
961;dough;4750;;0.26042105263157894;0.6838032061912659;0.26042105263157894;0.3771916450678457;1237;572;3513
968;cup;4750;;0.28589473684210526;0.5112951807228916;0.28589473684210526;0.3667296786389414;1358;1298;3392
381;spider_monkey;4750;;0.25852631578947366;0.6164658634538153;0.25852631578947366;0.3642835953722931;1228;764;3522
623;letter_opener;4750;;0.24989473684210525;0.6694867456288776;0.24989473684210525;0.3639429710256017;1187;586;3563
848;tape_player;4750;;0.2717894736842105;0.5401673640167364;0.2717894736842105;0.3616246498599439;1291;1099;3459
947;mushroom;4750;;0.28589473684210526;0.45647058823529413;0.28589473684210526;0.35158576051779933;1358;1617;3392
74;garden_spider;4750;;0.26105263157894737;0.5351747949935262;0.26105263157894737;0.35092684307343996;1240;1077;3510
799;sliding_door;4750;;0.2517894736842105;0.5774987928536939;0.2517894736842105;0.3506817182231344;1196;875;3554
193;Australian_terrier;4750;;0.21957894736842104;0.8397745571658615;0.21957894736842104;0.3481308411214953;1043;199;3707
266;miniature_poodle;4750;;0.2829473684210526;0.40445380680108334;0.2829473684210526;0.33296172426607207;1344;1979;3406
810;space_bar;4750;;0.2551578947368421;0.42646023926812104;0.2551578947368421;0.31928345626975757;1212;1630;3538
728;plastic_bag;4750;;0.29326315789473684;0.3502640181040986;0.29326315789473684;0.3192391428898819;1393;2584;3357
204;Lhasa;4750;;0.18778947368421053;0.8626692456479691;0.18778947368421053;0.3084370677731674;892;142;3858
744;projectile;4750;;0.2;0.6291390728476821;0.2;0.3035143769968051;950;560;3800
415;bakery;4750;;0.20905263157894738;0.5385032537960954;0.20905263157894738;0.30118289353958144;993;851;3757
987;corn;4750;;0.20378947368421052;0.5704183853859752;0.20378947368421052;0.3002947107181635;968;729;3782
782;screen;4750;;0.22042105263157893;0.4413996627318718;0.22042105263157893;0.2940185341196293;1047;1325;3703
424;barbershop;4750;;0.18105263157894738;0.7420189818809318;0.18105263157894738;0.291081401252327;860;299;3890
618;ladle;4750;;0.1705263157894737;0.782608695652174;0.1705263157894737;0.28003457216940364;810;225;3940
978;seashore;4750;;0.22063157894736843;0.3621285418106427;0.22063157894736843;0.2742019884877028;1048;1846;3702
60;night_snake;4750;;0.17578947368421052;0.41316180108857004;0.17578947368421052;0.24664008270565652;835;1186;3915
885;velvet;4750;;0.1374736842105263;0.475254730713246;0.1374736842105263;0.213259307642064;653;721;4097
664;monitor;4750;;0.14421052631578948;0.40460720614294154;0.14421052631578948;0.21263386621139224;685;1008;4065
681;notebook;4750;;0.13242105263157894;0.5036028823058447;0.13242105263157894;0.209701616936156;629;620;4121
485;CD_player;4750;;0.12084210526315789;0.5757271815446339;0.12084210526315789;0.1997563946406821;574;423;4176
68;sidewinder;4750;;0.12336842105263159;0.46730462519936206;0.12336842105263159;0.19520319786808796;586;668;4164
248;Eskimo_dog;4750;;0.11473684210526315;0.6069042316258352;0.11473684210526315;0.1929886685552408;545;353;4205
238;Greater_Swiss_Mountain_dog;4750;;0.08168421052631579;0.8220338983050848;0.08168421052631579;0.14860206817311375;388;84;4362
899;water_jug;4750;;0.06357894736842105;0.607645875251509;0.06357894736842105;0.11511339813226605;302;195;4448
282;tiger_cat;4750;;0.05663157894736842;0.4536256323777403;0.05663157894736842;0.1006924948530788;269;324;4481
