class_idx;class_label;support;base_accuracy;overall_accuracy;precision;recall;f1;tp;fp;fn
136;European_gallinule;4750;;0.9646315789473684;0.9815766923736076;0.9646315789473684;0.9730303673816098;4582;86;168
129;spoonbill;4750;;0.9671578947368421;0.9704267004647232;0.9671578947368421;0.9687895402783635;4594;140;156
339;sorrel;4750;;0.9783157894736842;0.9567634342186535;0.9783157894736842;0.9674195898823774;4647;210;103
88;macaw;4750;;0.9606315789473684;0.9735438446767655;0.9606315789473684;0.9670446116350535;4563;124;187
321;admiral;4750;;0.9425263157894737;0.9896109637488948;0.9425263157894737;0.9654949320681475;4477;47;273
986;yellow_lady's_slipper;4750;;0.9941052631578947;0.93597621407334;0.9941052631578947;0.9641653905053599;4722;323;28
135;limpkin;4750;;0.9458947368421052;0.9831509846827133;0.9458947368421052;0.9641630901287555;4493;77;257
323;monarch;4750;;0.956;0.9723768736616702;0.956;0.9641188959660297;4541;129;209
0;tench;4750;;0.9383157894736842;0.9843197879858657;0.9383157894736842;0.9607674067687001;4457;71;293
130;flamingo;4750;;0.9423157894736842;0.9775060056780956;0.9423157894736842;0.959588380319434;4476;103;274
19;chickadee;4750;;0.9416842105263158;0.9747221616910002;0.9416842105263158;0.9579184066816576;4473;116;277
139;ruddy_turnstone;4750;;0.9555789473684211;0.9584037162162162;0.9555789473684211;0.956989247311828;4539;197;211
100;black_swan;4750;;0.9665263157894737;0.9465979381443299;0.9665263157894737;0.9564583333333333;4591;259;159
90;lorikeet;4750;;0.988;0.9214608285882584;0.988;0.9535710657319924;4693;400;57
11;goldfinch;4750;;0.9258947368421052;0.9827932960893855;0.9258947368421052;0.9534959349593496;4398;77;352
376;proboscis_monkey;4750;;0.9511578947368421;0.9535669058674546;0.9511578947368421;0.9523608768971332;4518;220;232
685;odometer;4750;;0.9812631578947368;0.9216927031837058;0.9812631578947368;0.9505455287039869;4661;396;89
15;robin;4750;;0.9288421052631579;0.972877618522602;0.9288421052631579;0.950350026925148;4412;123;338
255;Leonberg;4750;;0.9284210526315789;0.9698702441170002;0.9284210526315789;0.9486931268151017;4410;137;340
17;jay;4750;;0.9258947368421052;0.972578505086245;0.9258947368421052;0.9486626402070749;4398;124;352
91;coucal;4750;;0.9141052631578948;0.9856980703745744;0.9141052631578948;0.9485527034407428;4342;63;408
13;junco;4750;;0.9065263157894737;0.9912523020257827;0.9065263157894737;0.9469980206729712;4306;38;444
900;water_tower;4750;;0.9225263157894736;0.9664755183061314;0.9225263157894736;0.9439896596294701;4382;152;368
97;drake;4750;;0.9578947368421052;0.9289505920783994;0.9578947368421052;0.943200663349917;4550;348;200
625;lifeboat;4750;;0.9545263157894737;0.9310061601642711;0.9545263157894737;0.9426195426195426;4534;336;216
14;indigo_bunting;4750;;0.952;0.9327557755775577;0.952;0.9422796415919983;4522;326;228
145;king_penguin;4750;;0.9277894736842105;0.9572111207645526;0.9277894736842105;0.9422706863373957;4407;197;343
9;ostrich;4750;;0.9486315789473684;0.930030959752322;0.9486315789473684;0.9392391870766024;4506;339;244
915;yurt;4750;;0.9265263157894736;0.9515675675675676;0.9265263157894736;0.93888;4401;224;349
12;house_finch;4750;;0.9050526315789473;0.9713059195661997;0.9050526315789473;0.9370095902353968;4299;127;451
340;zebra;4750;;0.948;0.9261620732208967;0.948;0.9369538077403247;4503;359;247
94;hummingbird;4750;;0.96;0.914560770156438;0.96;0.9367296631059984;4560;426;190
995;earthstar;4750;;0.9705263157894737;0.9037443638502255;0.9705263157894737;0.935945589280276;4610;491;140
351;hartebeest;4750;;0.9412631578947368;0.9283637873754153;0.9412631578947368;0.9347689734476269;4471;345;279
92;bee_eater;4750;;0.9132631578947369;0.9571932921447485;0.9132631578947369;0.9347123464770524;4338;194;412
143;oystercatcher;4750;;0.8938947368421053;0.9792435424354243;0.8938947368421053;0.9346246973365617;4246;90;504
22;bald_eagle;4750;;0.9157894736842105;0.9537382153036614;0.9157894736842105;0.9343786918698314;4350;211;400
388;giant_panda;4750;;0.9324210526315789;0.9349799451129407;0.9324210526315789;0.9336987456519448;4429;308;321
141;redshank;4750;;0.8949473684210526;0.9747764274249026;0.8949473684210526;0.9331577214356273;4251;110;499
96;toucan;4750;;0.9082105263157895;0.9567531603459747;0.9082105263157895;0.9318500918025704;4314;195;436
607;jack-o'-lantern;4750;;0.9694736842105263;0.8952177293934681;0.9694736842105263;0.9308671922377199;4605;539;145
576;gondola;4750;;0.9450526315789474;0.91649652919559;0.9450526315789474;0.9305555555555556;4489;409;261
87;African_grey;4750;;0.9197894736842105;0.9413919413919414;0.9197894736842105;0.9304653391545097;4369;272;381
420;banjo;4750;;0.895578947368421;0.9644071639084107;0.895578947368421;0.9287195720991158;4254;157;496
24;great_grey_owl;4750;;0.9282105263157895;0.9274295330248212;0.9282105263157895;0.9278198653198653;4409;345;341
25;European_fire_salamander;4750;;0.9082105263157895;0.9477152899824253;0.9082105263157895;0.9275424639862395;4314;238;436
98;red-breasted_merganser;4750;;0.9412631578947368;0.9111473405339311;0.9412631578947368;0.9259604432018225;4471;436;279
637;mailbox;4750;;0.891578947368421;0.96293769895407;0.891578947368421;0.9258854394403148;4235;163;515
984;rapeseed;4750;;0.9797894736842105;0.8771202412363363;0.9797894736842105;0.9256165473349245;4654;652;96
387;lesser_panda;4750;;0.9244210526315789;0.9263713080168776;0.9244210526315789;0.925395152792413;4391;349;359
560;football_helmet;4750;;0.9107368421052632;0.9398218553117532;0.9107368421052632;0.9250507858441142;4326;277;424
138;bustard;4750;;0.8945263157894737;0.957197567019599;0.8945263157894737;0.9248013929698553;4249;190;501
890;volleyball;4750;;0.9088421052631579;0.9394994559303591;0.9088421052631579;0.923916532905297;4317;278;433
127;white_stork;4750;;0.8785263157894737;0.9729540685474469;0.8785263157894737;0.9233322270162628;4173;116;577
554;fireboat;4750;;0.9004210526315789;0.9443585780525502;0.9004210526315789;0.9218665804504795;4277;252;473
991;coral_fungus;4750;;0.8850526315789473;0.9617936398993365;0.8850526315789473;0.9218287468479334;4204;167;546
144;pelican;4750;;0.9067368421052632;0.9369153795953883;0.9067368421052632;0.921579116293998;4307;290;443
347;bison;4750;;0.9061052631578947;0.9374863864081899;0.9061052631578947;0.921528744245798;4304;287;446
641;maraca;4750;;0.9437894736842105;0.899117529081428;0.9437894736842105;0.9209120788824979;4483;503;267
18;magpie;4750;;0.8743157894736842;0.9721441947565543;0.8743157894736842;0.9206384393704278;4153;119;597
89;sulphur-crested_cockatoo;4750;;0.8852631578947369;0.9589509692132269;0.8852631578947369;0.9206349206349206;4205;180;545
528;dial_telephone;4750;;0.9012631578947369;0.9404657293497364;0.9012631578947369;0.9204472156525478;4281;271;469
430;basketball;4750;;0.9265263157894736;0.9138289036544851;0.9265263157894736;0.9201338072339537;4401;415;349
621;lawn_mower;4750;;0.9073684210526316;0.9331024031175579;0.9073684210526316;0.9200555021880671;4310;309;440
95;jacamar;4750;;0.9593684210526315;0.8827973653622627;0.9593684210526315;0.9194915254237289;4557;605;193
945;bell_pepper;4750;;0.9237894736842105;0.9124558120191308;0.9237894736842105;0.9180876660738571;4388;421;362
863;totem_pole;4750;;0.8991578947368422;0.937033786748574;0.8991578947368422;0.917705199828105;4271;287;479
16;bulbul;4750;;0.9136842105263158;0.921443736730361;0.9136842105263158;0.9175475687103595;4340;370;410
563;fountain_pen;4750;;0.9027368421052632;0.9319713105846555;0.9027368421052632;0.917121163511924;4288;313;462
137;American_coot;4750;;0.8696842105263158;0.9690358902181563;0.8696842105263158;0.9166759125707312;4131;132;619
606;iron;4750;;0.872421052631579;0.9646182495344506;0.872421052631579;0.9162060579261552;4144;152;606
684;ocarina;4750;;0.9178947368421052;0.9136630343671417;0.9178947368421052;0.9157739970594413;4360;412;390
933;cheeseburger;4750;;0.8926315789473684;0.9386761124640248;0.8926315789473684;0.9150749973022554;4240;277;510
873;triumphal_arch;4750;;0.8993684210526316;0.930718954248366;0.8993684210526316;0.9147751605995718;4272;318;478
722;ping-pong_ball;4750;;0.8823157894736842;0.9496940856560163;0.8823157894736842;0.914765906362545;4191;222;559
990;buckeye;4750;;0.9170526315789473;0.9120603015075377;0.9170526315789473;0.9145496535796767;4356;420;394
953;pineapple;4750;;0.9006315789473684;0.928183987849859;0.9006315789473684;0.9142002350678491;4278;331;472
678;neck_brace;4750;;0.8738947368421053;0.9577757268112598;0.8738947368421053;0.9139145750770586;4151;183;599
902;whistle;4750;;0.8962105263157895;0.9298820445609436;0.8962105263157895;0.9127358490566038;4257;321;493
322;ringlet;4750;;0.8621052631578947;0.9690014197823;0.8621052631578947;0.9124331550802139;4095;131;655
957;pomegranate;4750;;0.875578947368421;0.9512808783165599;0.875578947368421;0.9118614338960753;4159;213;591
555;fire_engine;4750;;0.8797894736842106;0.9463315217391305;0.8797894736842106;0.9118481344097753;4179;237;571
473;can_opener;4750;;0.868;0.959953434225844;0.868;0.9116639027086788;4123;172;627
85;quail;4750;;0.9050526315789473;0.9172178365692341;0.9050526315789473;0.9110946275299354;4299;388;451
83;prairie_chicken;4750;;0.9231578947368421;0.8985655737704918;0.9231578947368421;0.9106957424714435;4385;495;365
425;barn;4750;;0.9450526315789474;0.8783017022109176;0.9450526315789474;0.9104553290741304;4489;622;261
325;sulphur_butterfly;4750;;0.8981052631578947;0.922977066205106;0.8981052631578947;0.910371318822023;4266;356;484
993;gyromitra;4750;;0.9313684210526316;0.8901408450704226;0.9313684210526316;0.9102880658436214;4424;546;326
247;Saint_Bernard;4750;;0.8951578947368422;0.9239461103867883;0.8951578947368422;0.9093242087254064;4252;350;498
642;marimba;4750;;0.8787368421052631;0.9417870036101083;0.8787368421052631;0.9091701154432585;4174;258;576
23;vulture;4750;;0.8886315789473684;0.9305555555555556;0.8886315789473684;0.9091104889080336;4221;315;529
133;bittern;4750;;0.8585263157894737;0.9656642197489936;0.8585263157894737;0.9089490694305138;4078;145;672
714;pick;4750;;0.916;0.9008281573498965;0.916;0.9083507306889352;4351;479;399
146;albatross;4750;;0.9178947368421052;0.8989690721649485;0.9178947368421052;0.9083333333333333;4360;490;390
849;teapot;4750;;0.9355789473684211;0.8817460317460317;0.9355789473684211;0.9078651685393259;4444;596;306
688;oscilloscope;4750;;0.9317894736842105;0.8848460615753698;0.9317894736842105;0.9077112387202625;4426;576;324
457;bow_tie;4750;;0.9025263157894737;0.9119336311423102;0.9025263157894737;0.9072055867104011;4287;414;463
275;African_hunting_dog;4750;;0.9578947368421052;0.8609271523178808;0.9578947368421052;0.9068261086198306;4550;735;200
10;brambling;4750;;0.9054736842105263;0.9081503378378378;0.9054736842105263;0.9068100358422939;4301;435;449
727;planetarium;4750;;0.8791578947368421;0.9354838709677419;0.8791578947368421;0.9064467115259387;4176;288;574
800;slot;4750;;0.9111578947368421;0.9005409904286309;0.9111578947368421;0.9058183340309753;4328;478;422
829;streetcar;4750;;0.9058947368421053;0.9043715846994536;0.9058947368421053;0.905132519983172;4303;455;447
901;whiskey_jug;4750;;0.9046315789473685;0.905394016013485;0.9046315789473685;0.9050126368997473;4297;449;453
317;leafhopper;4750;;0.8629473684210527;0.9499420625724218;0.8629473684210527;0.9043574186431329;4099;216;651
768;rugby_ball;4750;;0.8869473684210526;0.9222854640980735;0.8869473684210526;0.9042713028546898;4213;355;537
695;padlock;4750;;0.9301052631578948;0.8792039800995025;0.9301052631578948;0.9039386189258314;4418;607;332
771;safe;4750;;0.8469473684210527;0.9684641309581127;0.8469473684210527;0.9036388140161726;4023;131;727
426;barometer;4750;;0.8753684210526316;0.9337525263867056;0.8753684210526316;0.9036183853091382;4158;295;592
736;pool_table;4750;;0.9225263157894736;0.8852525252525253;0.9225263157894736;0.9035051546391752;4382;568;368
260;chow;4750;;0.8997894736842105;0.9072383782636383;0.8997894736842105;0.9034985730895253;4274;437;476
291;lion;4750;;0.9473684210526315;0.8623993867382139;0.9473684210526315;0.9028892455858749;4500;718;250
93;hornbill;4750;;0.8673684210526316;0.9410689812699863;0.8673684210526316;0.9027169149868536;4120;258;630
515;cowboy_hat;4750;;0.8783157894736842;0.9283489096573209;0.8783157894736842;0.9026395499783643;4172;322;578
407;ambulance;4750;;0.908;0.8970465890183028;0.908;0.902490060682151;4313;495;437
284;Siamese_cat;4750;;0.9454736842105264;0.8628242074927954;0.9454736842105264;0.902260170768458;4491;714;259
832;stupa;4750;;0.9054736842105263;0.8984750365573428;0.9054736842105263;0.9019607843137255;4301;486;449
417;balloon;4750;;0.8903157894736842;0.9135882480017282;0.8903157894736842;0.9018018978569143;4229;400;521
392;rock_beauty;4750;;0.9694736842105263;0.8427891654465594;0.9694736842105263;0.9017035441550812;4605;859;145
451;bolo_tie;4750;;0.9037894736842105;0.8996227996647108;0.9037894736842105;0.9017013232514177;4293;479;457
612;jinrikisha;4750;;0.9168421052631579;0.8866042345276873;0.9168421052631579;0.9014696750155247;4355;557;395
142;dowitcher;4750;;0.8743157894736842;0.9292906690534796;0.8743157894736842;0.9009653975485411;4153;316;597
726;plane;4750;;0.8867368421052632;0.9156521739130434;0.8867368421052632;0.9009625668449198;4212;388;538
535;disk_brake;4750;;0.8650526315789474;0.9392;0.8650526315789474;0.9006027397260276;4109;266;641
872;tripod;4750;;0.8557894736842105;0.9502103786816269;0.8557894736842105;0.9005316792202038;4065;213;685
929;ice_lolly;4750;;0.863578947368421;0.9406099518459069;0.863578947368421;0.9004500054878718;4102;259;648
547;electric_locomotive;4750;;0.8738947368421053;0.9286353467561521;0.8738947368421053;0.9004338394793927;4151;319;599
102;echidna;4750;;0.8852631578947369;0.9161220043572985;0.8852631578947369;0.9004282655246253;4205;385;545
732;Polaroid_camera;4750;;0.8650526315789474;0.9383420872345284;0.8650526315789474;0.900208127943915;4109;270;641
613;joystick;4750;;0.8808421052631579;0.9197625851835568;0.8808421052631579;0.8998817077105064;4184;365;566
773;saltshaker;4750;;0.8981052631578947;0.9013310796534967;0.8981052631578947;0.8997152799746916;4266;467;484
594;harp;4750;;0.8941052631578947;0.9051577152600171;0.8941052631578947;0.8995975428934548;4247;445;503
559;folding_chair;4750;;0.8416842105263158;0.9657004830917875;0.8416842105263158;0.8994375703037121;3998;142;752
355;llama;4750;;0.884;0.9146155521672839;0.884;0.8990472112193556;4199;392;551
711;perfume;4750;;0.8654736842105263;0.9349556515806231;0.8654736842105263;0.8988739477424292;4111;286;639
783;screw;4750;;0.9322105263157895;0.8675548589341693;0.9322105263157895;0.8987213314390095;4428;676;322
566;French_horn;4750;;0.836;0.971142088530203;0.836;0.898517931892748;3971;118;779
816;spindle;4750;;0.8806315789473684;0.9161191414805081;0.8806315789473684;0.8980249033920138;4183;383;567
244;Tibetan_mastiff;4750;;0.8827368421052632;0.913706689910656;0.8827368421052632;0.8979548131491595;4193;396;557
949;strawberry;4750;;0.9044210526315789;0.8911014312383323;0.9044210526315789;0.8977118378434854;4296;525;454
306;rhinoceros_beetle;4750;;0.8608421052631579;0.935912108033875;0.8608421052631579;0.8968088606206821;4089;280;661
746;puck;4750;;0.9404210526315789;0.8557471264367816;0.9404210526315789;0.8960882647943831;4467;753;283
444;bicycle-built-for-two;4750;;0.8858947368421053;0.9065058164584231;0.8858947368421053;0.8960817717206134;4208;434;542
952;fig;4750;;0.9025263157894737;0.8894190871369294;0.9025263157894737;0.8959247648902822;4287;533;463
324;cabbage_butterfly;4750;;0.8665263157894737;0.9272358639333184;0.8665263157894737;0.8958537381651976;4116;323;634
808;sombrero;4750;;0.8776842105263158;0.9140539355404517;0.8776842105263158;0.8954999463000752;4169;392;581
308;fly;4750;;0.8713684210526316;0.9197777777777778;0.8713684210526316;0.8949189189189188;4139;361;611
565;freight_car;4750;;0.9282105263157895;0.86349392871132;0.9282105263157895;0.8946834415584416;4409;697;341
471;cannon;4750;;0.8734736842105263;0.9169060773480663;0.8734736842105263;0.8946630727762803;4149;376;601
686;oil_filter;4750;;0.8717894736842106;0.918589174800355;0.8717894736842106;0.8945776625621085;4141;367;609
512;corkscrew;4750;;0.9162105263157895;0.8724939855653568;0.9162105263157895;0.893818032450195;4352;636;398
344;hippopotamus;4750;;0.8429473684210527;0.9506172839506173;0.8429473684210527;0.8935505467529569;4004;208;746
571;gas_pump;4750;;0.8210526315789474;0.9789156626506024;0.8210526315789474;0.8930615983512707;3900;84;850
439;bearskin;4750;;0.9431578947368421;0.847682119205298;0.9431578947368421;0.892874937717987;4480;805;270
486;cello;4750;;0.8661052631578947;0.9211822660098522;0.8661052631578947;0.8927951388888888;4114;352;636
837;sunglasses;4750;;0.8271578947368421;0.9689272503082614;0.8271578947368421;0.8924474730266894;3929;126;821
131;little_blue_heron;4750;;0.875578947368421;0.9094686201618194;0.875578947368421;0.8922020808752548;4159;414;591
846;table_lamp;4750;;0.8909473684210526;0.8933924424741397;0.8909473684210526;0.8921682302097605;4232;505;518
216;clumber;4750;;0.876;0.9089121887287025;0.876;0.8921526586620927;4161;417;589
886;vending_machine;4750;;0.9132631578947369;0.8717845659163987;0.9132631578947369;0.8920419494139421;4338;638;412
855;thimble;4750;;0.8515789473684211;0.9361258967831521;0.8515789473684211;0.891853158416933;4045;276;705
316;cicada;4750;;0.8650526315789474;0.918622848200313;0.8650526315789474;0.8910332863493441;4109;364;641
160;Afghan_hound;4750;;0.8650526315789474;0.9182122905027933;0.8650526315789474;0.8908401084010841;4109;366;641
937;broccoli;4750;;0.8861052631578947;0.8949606634063364;0.8861052631578947;0.8905109489051095;4209;494;541
655;miniskirt;4750;;0.8498947368421053;0.9351401436182534;0.8498947368421053;0.8904819675747215;4037;280;713
521;Crock_Pot;4750;;0.8454736842105263;0.9402950128775462;0.8454736842105263;0.8903669216273139;4016;255;734
629;lipstick;4750;;0.8589473684210527;0.923285811269518;0.8589473684210527;0.8899552841094995;4080;339;670
985;daisy;4750;;0.9856842105263158;0.810595567867036;0.9856842105263158;0.889606688200646;4682;1094;68
609;jeep;4750;;0.8642105263157894;0.9164992185755749;0.8642105263157894;0.8895871708744175;4105;374;645
954;banana;4750;;0.8669473684210526;0.9130820399113082;0.8669473684210526;0.8894168466522678;4118;392;632
178;Weimaraner;4750;;0.8757894736842106;0.9029737356197092;0.8757894736842106;0.8891738805172599;4160;447;590
793;shower_cap;4750;;0.8541052631578947;0.9271023765996343;0.8541052631578947;0.8891080429541968;4057;319;693
614;kimono;4750;;0.8966315789473684;0.8808686659772492;0.8966315789473684;0.8886802295252999;4259;576;491
823;stethoscope;4750;;0.8309473684210527;0.9543036750483559;0.8309473684210527;0.8883637182084176;3947;189;803
57;garter_snake;4750;;0.8757894736842106;0.9010179770413689;0.8757894736842106;0.8882246183409844;4160;457;590
920;traffic_light;4750;;0.8707368421052631;0.9064212141135218;0.8707368421052631;0.8882207666702459;4136;427;614
364;three-toed_sloth;4750;;0.8492631578947368;0.9297073058308366;0.8492631578947368;0.8876664099460887;4034;305;716
661;Model_T;4750;;0.8949473684210526;0.8804888152444076;0.8949473684210526;0.8876592190436416;4251;577;499
307;weevil;4750;;0.8336842105263158;0.9489575844716032;0.8336842105263158;0.8875938585677463;3960;213;790
919;street_sign;4750;;0.8768421052631579;0.8982100496010351;0.8768421052631579;0.8873974645786725;4165;472;585
507;combination_lock;4750;;0.8351578947368421;0.9463263358778626;0.8351578947368421;0.8872735405949451;3967;225;783
738;pot;4750;;0.9162105263157895;0.8597392335045436;0.9162105263157895;0.8870770485120261;4352;710;398
466;bullet_train;4750;;0.9218947368421052;0.8547725941830958;0.9218947368421052;0.8870657348323711;4379;744;371
756;rain_barrel;4750;;0.828;0.954843408594319;0.828;0.8869094599165633;3933;186;817
934;hotdog;4750;;0.8566315789473684;0.9187175434635357;0.8566315789473684;0.8865889530449941;4069;360;681
195;Boston_bull;4750;;0.8842105263157894;0.8879492600422833;0.8842105263157894;0.8860759493670886;4200;530;550
140;red-backed_sandpiper;4750;;0.856;0.9176258180997517;0.856;0.8857422938677704;4066;365;684
805;soccer_ball;4750;;0.9385263157894737;0.8384427308632688;0.9385263157894737;0.8856660375484255;4458;859;292
401;accordion;4750;;0.8694736842105263;0.9019436558200481;0.8694736842105263;0.8854110837174402;4130;449;620
610;jersey;4750;;0.8661052631578947;0.9055690072639225;0.8661052631578947;0.8853976111051329;4114;429;636
326;lycaenid;4750;;0.9349473684210526;0.8399848685454889;0.9349473684210526;0.8849257746338547;4441;846;309
699;panpipe;4750;;0.8690526315789474;0.9013100436681223;0.8690526315789474;0.884887459807074;4128;452;622
428;barrow;4750;;0.8433684210526315;0.9296820608029706;0.8433684210526315;0.8844243293961805;4006;303;744
452;bonnet;4750;;0.8263157894736842;0.9508236434108527;0.8263157894736842;0.8842081549898626;3925;203;825
391;coho;4750;;0.8385263157894737;0.9345377756921633;0.8385263157894737;0.8839325343985797;3983;279;767
717;pickup;4750;;0.8244210526315789;0.9523346303501945;0.8244210526315789;0.8837734145791017;3916;196;834
53;ringneck_snake;4750;;0.832421052631579;0.9418770843258695;0.832421052631579;0.883772910147519;3954;244;796
955;jackfruit;4750;;0.9218947368421052;0.8479860573199071;0.9218947368421052;0.8833972160580996;4379;785;371
365;orangutan;4750;;0.9164210526315789;0.8525264394829613;0.9164210526315789;0.8833198051948052;4353;753;397
956;custard_apple;4750;;0.8991578947368422;0.8679130258077626;0.8991578947368422;0.8832592286216524;4271;650;479
874;trolleybus;4750;;0.8934736842105263;0.8732510288065843;0.8934736842105263;0.8832466181061395;4244;616;506
716;picket_fence;4750;;0.8911578947368421;0.8753101736972705;0.8911578947368421;0.8831629459628625;4233;603;517
672;mountain_tent;4750;;0.8922105263157895;0.8741749174917491;0.8922105263157895;0.8831006459679099;4238;610;512
719;piggy_bank;4750;;0.8583157894736843;0.9092328278322926;0.8583157894736843;0.8830409356725146;4077;407;673
707;pay-phone;4750;;0.8431578947368421;0.926439972241499;0.8431578947368421;0.8828391932106249;4005;318;745
779;school_bus;4750;;0.9134736842105263;0.8541338582677165;0.9134736842105263;0.8828077314343846;4339;741;411
545;electric_fan;4750;;0.896;0.8699918233851186;0.896;0.8828043974279196;4256;636;494
932;pretzel;4750;;0.8637894736842106;0.9023531999120299;0.8637894736842106;0.8826503173066581;4103;444;647
393;anemone_fish;4750;;0.8461052631578947;0.9224236860224926;0.8461052631578947;0.8826177665532008;4019;338;731
720;pill_bottle;4750;;0.8578947368421053;0.9085841694537347;0.8578947368421053;0.8825121819166215;4075;410;675
253;basenji;4750;;0.8362105263157895;0.9334900117508813;0.8362105263157895;0.8821765685730151;3972;283;778
561;forklift;4750;;0.8366315789473684;0.9324260910370717;0.8366315789473684;0.8819351975144252;3974;288;776
659;mixing_bowl;4750;;0.8494736842105263;0.9168370824812543;0.8494736842105263;0.8818708337886569;4035;366;715
605;iPod;4750;;0.8292631578947368;0.9412186379928316;0.8292631578947368;0.8817011751538891;3939;246;811
924;guacamole;4750;;0.86;0.9041611332447986;0.86;0.8815278377211913;4085;433;665
801;snorkel;4750;;0.8812631578947369;0.8816343723673126;0.8812631578947369;0.881448726047589;4186;562;564
156;Blenheim_spaniel;4750;;0.8907368421052632;0.8720115416323165;0.8907368421052632;0.8812747344303269;4231;621;519
959;carbonara;4750;;0.8566315789473684;0.9072463768115943;0.8566315789473684;0.8812127774769898;4069;416;681
503;cocktail_shaker;4750;;0.8498947368421053;0.9141757246376812;0.8498947368421053;0.8808640628409339;4037;379;713
883;vase;4750;;0.8362105263157895;0.9304286718200984;0.8362105263157895;0.8808071848320213;3972;297;778
666;mortar;4750;;0.8865263157894737;0.8738327453828595;0.8865263157894737;0.8801337652837288;4211;608;539
440;beer_bottle;4750;;0.8928421052631579;0.8676350245499181;0.8928421052631579;0.880058103340942;4241;647;509
441;beer_glass;4750;;0.9067368421052632;0.8547330819607065;0.9067368421052632;0.8799673102461947;4307;732;443
128;black_stork;4750;;0.904;0.8565729104328745;0.904;0.8796476492881286;4294;719;456
948;Granny_Smith;4750;;0.9294736842105263;0.8344358344358345;0.9294736842105263;0.8793944826212529;4415;876;335
604;hourglass;4750;;0.9433684210526316;0.8223527252706919;0.9433684210526316;0.8787135993724875;4481;968;269
575;golfcart;4750;;0.8661052631578947;0.8916341569137408;0.8661052631578947;0.8786843229389149;4114;500;636
877;turnstile;4750;;0.8372631578947368;0.9238095238095239;0.8372631578947368;0.8784097183876312;3977;328;773
631;lotion;4750;;0.8663157894736843;0.8906926406926406;0.8663157894736843;0.8783351120597652;4115;505;635
687;organ;4750;;0.8231578947368421;0.9412614347616755;0.8231578947368421;0.8782569631626236;3910;244;840
840;swab;4750;;0.8475789473684211;0.9110658520027155;0.8475789473684211;0.878176464172756;4026;393;724
522;croquet_ball;4750;;0.9050526315789473;0.8521308225966303;0.9050526315789473;0.8777947932618683;4299;746;451
396;lionfish;4750;;0.876421052631579;0.8782700421940929;0.876421052631579;0.8773445732349842;4163;577;587
551;face_powder;4750;;0.8842105263157894;0.870105655686762;0.8842105263157894;0.8771013887438656;4200;627;550
363;armadillo;4750;;0.8814736842105263;0.8719283631820075;0.8814736842105263;0.876675041876047;4187;615;563
400;academic_gown;4750;;0.7949473684210526;0.9769728331177232;0.7949473684210526;0.8766105629715613;3776;89;974
697;pajama;4750;;0.8682105263157894;0.8847886719588072;0.8682105263157894;0.8764212092232493;4124;537;626
99;goose;4750;;0.8901052631578947;0.8630332720963462;0.8901052631578947;0.8763602445849311;4228;671;522
592;hard_disc;4750;;0.8387368421052631;0.9173382454524522;0.8387368421052631;0.8762784559551303;3984;359;766
918;crossword_puzzle;4750;;0.8578947368421053;0.8946212952799122;0.8578947368421053;0.875873186458893;4075;480;675
761;remote_control;4750;;0.8482105263157895;0.9051898449786565;0.8482105263157895;0.8757743723508314;4029;422;721
251;dalmatian;4750;;0.9006315789473684;0.8521912350597609;0.9006315789473684;0.875742067553736;4278;742;472
218;Welsh_springer_spaniel;4750;;0.8833684210526316;0.8681978067452928;0.8833684210526316;0.8757174162579568;4196;637;554
495;china_cabinet;4750;;0.8490526315789474;0.9036522518485324;0.8490526315789474;0.8755020080321285;4033;430;717
870;tricycle;4750;;0.8568421052631578;0.8948988566402815;0.8568421052631578;0.8754570875457087;4070;478;680
573;go-kart;4750;;0.9086315789473685;0.8444531402856584;0.9086315789473685;0.8753676097758849;4316;795;434
569;garbage_truck;4750;;0.896;0.8546184738955823;0.896;0.874820143884892;4256;724;494
375;colobus;4750;;0.8642105263157894;0.8848889846949773;0.8642105263157894;0.874427521567792;4105;534;645
502;clog;4750;;0.8248421052631579;0.9297579496915045;0.8248421052631579;0.8741633199464525;3918;296;832
71;scorpion;4750;;0.8646315789473684;0.8834157883415789;0.8646315789473684;0.8739227577401851;4107;542;643
422;barbell;4750;;0.8311578947368421;0.921138590760616;0.8311578947368421;0.8738379814077026;3948;338;802
774;sandal;4750;;0.8128421052631579;0.9447027159285539;0.8128421052631579;0.873825959035872;3861;226;889
784;screwdriver;4750;;0.8054736842105263;0.954829049163963;0.8054736842105263;0.8738152335274637;3826;181;924
821;steel_arch_bridge;4750;;0.8991578947368422;0.8494431185361973;0.8991578947368422;0.8735937819595009;4271;757;479
84;peacock;4750;;0.9197894736842105;0.8313986679352997;0.9197894736842105;0.8733633183408295;4369;886;381
532;dining_table;4750;;0.8517894736842105;0.895925597874225;0.8517894736842105;0.8733002374271531;4046;470;704
268;Mexican_hairless;4750;;0.8793684210526316;0.8671372223375545;0.8793684210526316;0.8732099926831818;4177;640;573
245;French_bulldog;4750;;0.8141052631578948;0.9415631848064281;0.8141052631578948;0.8732076323811674;3867;240;883
517;crane;4750;;0.8454736842105263;0.902674758372668;0.8454736842105263;0.8731383846070225;4016;433;734
31;tree_frog;4750;;0.8545263157894737;0.8924802110817942;0.8545263157894737;0.8730909873090987;4059;489;691
802;snowmobile;4750;;0.911578947368421;0.8370384689735163;0.911578947368421;0.872719943565454;4330;843;420
786;sewing_machine;4750;;0.7989473684210526;0.9605163249810175;0.7989473684210526;0.8723135271807837;3795;156;955
822;steel_drum;4750;;0.8547368421052631;0.8901556676167507;0.8547368421052631;0.8720867790785093;4060;501;690
842;swimming_trunks;4750;;0.8981052631578947;0.8472691161866931;0.8981052631578947;0.8719468574348493;4266;769;484
752;racket;4750;;0.8947368421052632;0.8501700340068014;0.8947368421052632;0.8718842958252129;4250;749;500
294;brown_bear;4750;;0.9050526315789473;0.8406335549472037;0.9050526315789473;0.871654501216545;4299;815;451
777;scabbard;4750;;0.8785263157894737;0.8648704663212435;0.8785263157894737;0.8716449086161879;4173;652;577
20;water_ouzel;4750;;0.8547368421052631;0.8889862053864681;0.8547368421052631;0.8715251690458302;4060;507;690
148;killer_whale;4750;;0.9252631578947368;0.8236506746626686;0.9252631578947368;0.8715050565139797;4395;941;355
755;radio_telescope;4750;;0.9164210526315789;0.8307251908396946;0.9164210526315789;0.8714714714714713;4353;887;397
830;stretcher;4750;;0.8334736842105264;0.9130535055350554;0.8334736842105264;0.8714505833149901;3959;377;791
300;tiger_beetle;4750;;0.876;0.8666944386586128;0.876;0.8713223746204587;4161;640;589
737;pop_bottle;4750;;0.8427368421052631;0.8999550359712231;0.8427368421052631;0.8704066101326375;4003;445;747
225;malinois;4750;;0.9082105263157895;0.8352371732817038;0.9082105263157895;0.870196671709531;4314;851;436
775;sarong;4750;;0.8616842105263158;0.8787033061399743;0.8616842105263158;0.8701105442176871;4093;565;657
668;mosque;4750;;0.9061052631578947;0.8362152710316689;0.9061052631578947;0.8697585126806103;4304;843;446
745;projector;4750;;0.8141052631578948;0.9331563706563707;0.8141052631578948;0.8695749943782326;3867;277;883
333;hamster;4750;;0.9164210526315789;0.8272519954389966;0.9164210526315789;0.8695565321614063;4353;909;397
412;ashcan;4750;;0.8130526315789474;0.933752417794971;0.8130526315789474;0.8692325005626829;3862;274;888
814;speedboat;4750;;0.8936842105263157;0.8457860131500299;0.8936842105263157;0.869075647456239;4245;774;505
903;wig;4750;;0.8991578947368422;0.840913565662532;0.8991578947368422;0.8690609421100824;4271;808;479
704;parking_meter;4750;;0.8277894736842105;0.9139934913993492;0.8277894736842105;0.8687582854617765;3932;370;818
70;harvestman;4750;;0.7978947368421052;0.9529796328891124;0.7978947368421052;0.8685688094419617;3790;187;960
941;acorn_squash;4750;;0.8185263157894737;0.9250535331905781;0.8185263157894737;0.8685356863621133;3888;315;862
28;spotted_salamander;4750;;0.8395789473684211;0.8994136220117276;0.8395789473684211;0.8684668989547039;3988;446;762
210;German_short-haired_pointer;4750;;0.8503157894736842;0.8873022847100176;0.8503157894736842;0.868415394538809;4039;513;711
472;canoe;4750;;0.9366315789473684;0.8092033466715169;0.9366315789473684;0.8682669789227165;4449;1049;301
785;seat_belt;4750;;0.8669473684210526;0.8695101351351351;0.8669473684210526;0.8682268606367278;4118;618;632
882;vacuum;4750;;0.7901052631578948;0.9632956878850103;0.7901052631578948;0.8681471200555171;3753;143;997
936;head_cabbage;4750;;0.8465263157894737;0.8907842268498006;0.8465263157894737;0.8680915371329879;4021;493;729
942;butternut_squash;4750;;0.8221052631578948;0.919472568872145;0.8221052631578948;0.8680671334889407;3905;342;845
938;cauliflower;4750;;0.8629473684210527;0.8724989357173265;0.8629473684210527;0.867696867061812;4099;599;651
831;studio_couch;4750;;0.8547368421052631;0.8808852245606422;0.8547368421052631;0.8676140613313388;4060;549;690
891;waffle_iron;4750;;0.8153684210526316;0.9269985639061752;0.8153684210526316;0.8676075268817205;3873;305;877
593;harmonica;4750;;0.871578947368421;0.8633993743482794;0.871578947368421;0.8674698795180723;4140;655;610
589;hand_blower;4750;;0.7993684210526316;0.9478282576135796;0.7993684210526316;0.8672910004568296;3797;209;953
427;barrel;4750;;0.8953684210526316;0.8406799762798972;0.8953684210526316;0.8671628096645937;4253;806;497
122;American_lobster;4750;;0.888421052631579;0.8468793899257475;0.888421052631579;0.8671529846912566;4220;763;530
553;file;4750;;0.8058947368421052;0.9380053908355795;0.8058947368421052;0.8669459857320801;3828;253;922
274;dhole;4750;;0.8103157894736842;0.9319612590799031;0.8103157894736842;0.8668918918918918;3849;281;901
994;stinkhorn;4750;;0.8787368421052631;0.8544524053224155;0.8787368421052631;0.8664244940321744;4174;711;576
105;koala;4750;;0.8235789473684211;0.9133784730329209;0.8235789473684211;0.8661574227831285;3912;371;838
841;sweatshirt;4750;;0.8092631578947368;0.9314271868185122;0.8092631578947368;0.8660583530472007;3844;283;906
338;guinea_pig;4750;;0.8052631578947368;0.9365817825661117;0.8052631578947368;0.8659723794430608;3825;259;925
418;ballpoint;4750;;0.8185263157894737;0.9189316946348381;0.8185263157894737;0.8658278588130498;3888;343;862
254;pug;4750;;0.8292631578947368;0.9055172413793103;0.8292631578947368;0.8657142857142857;3939;411;811
147;grey_whale;4750;;0.82;0.9162549988238061;0.82;0.8654593934007332;3895;356;855
734;police_van;4750;;0.840842105263158;0.8913189020307967;0.840842105263158;0.8653450330408406;3994;487;756
261;keeshond;4750;;0.8707368421052631;0.8598752598752599;0.8707368421052631;0.8652719665271967;4136;674;614
667;mortarboard;4750;;0.9109473684210526;0.8237197791738055;0.9109473684210526;0.8651404578626412;4327;926;423
615;knee_pad;4750;;0.8574736842105263;0.872910415773682;0.8574736842105263;0.8651231945624469;4073;593;677
988;acorn;4750;;0.888421052631579;0.8428200519273018;0.888421052631579;0.8650199856513272;4220;787;530
647;measuring_cup;4750;;0.7951578947368421;0.9482801908109465;0.7951578947368421;0.8649948471315698;3777;206;973
653;milk_can;4750;;0.8042105263157895;0.9355865784962037;0.8042105263157895;0.864938299558474;3820;263;930
463;bucket;4750;;0.8168421052631579;0.9189957366177167;0.8168421052631579;0.864913062862238;3880;342;870
583;guillotine;4750;;0.8741052631578947;0.8559059987631417;0.8741052631578947;0.8649099052182064;4152;699;598
56;king_snake;4750;;0.7766315789473685;0.9754098360655737;0.7766315789473685;0.8647444913267698;3689;93;1061
608;jean;4750;;0.8515789473684211;0.8780117212936835;0.8515789473684211;0.8645933525702681;4045;562;705
411;apron;4750;;0.7930526315789473;0.9503027245206862;0.7930526315789473;0.8645857241221023;3767;197;983
643;mask;4750;;0.8473684210526315;0.8822884699693117;0.8473684210526315;0.8644759450171821;4025;537;725
346;water_buffalo;4750;;0.8326315789473684;0.8976395823876532;0.8326315789473684;0.8639143730886851;3955;451;795
504;coffee_mug;4750;;0.8258947368421052;0.9055863342566943;0.8258947368421052;0.8639066284959259;3923;409;827
354;Arabian_camel;4750;;0.9244210526315789;0.8101476014760147;0.9244210526315789;0.8635201573254669;4391;1029;359
113;snail;4750;;0.8442105263157895;0.883649184662847;0.8442105263157895;0.8634797588285961;4010;528;740
543;dumbbell;4750;;0.856;0.8699186991869918;0.856;0.8629032258064515;4066;608;684
765;rocking_chair;4750;;0.8122105263157895;0.9196662693682955;0.8122105263157895;0.8626048071548351;3858;337;892
541;drum;4750;;0.8244210526315789;0.9041791734010621;0.8244210526315789;0.8624600814888227;3916;415;834
693;paddle;4750;;0.8155789473684211;0.9149740198393954;0.8155789473684211;0.8624220837043634;3874;360;876
834;suit;4750;;0.8225263157894737;0.9060760667903525;0.8225263157894737;0.8622820569410726;3907;405;843
912;worm_fence;4750;;0.8465263157894737;0.8785230500327725;0.8465263157894737;0.8622279403881206;4021;556;729
781;scoreboard;4750;;0.8663157894736843;0.8580066722268557;0.8663157894736843;0.8621412109784202;4115;681;635
859;toaster;4750;;0.7945263157894736;0.9423220973782771;0.7945263157894736;0.862135922330097;3774;231;976
759;reflex_camera;4750;;0.8682105263157894;0.8561345235623832;0.8682105263157894;0.862130239364482;4124;693;626
286;cougar;4750;;0.8197894736842105;0.9087514585764294;0.8197894736842105;0.8619811842833424;3894;391;856
778;scale;4750;;0.7698947368421053;0.9785924538399786;0.7698947368421053;0.8617886178861789;3657;80;1093
303;long-horned_beetle;4750;;0.8128421052631579;0.9164490861618799;0.8128421052631579;0.8615418944549815;3861;352;889
523;crutch;4750;;0.8084210526315789;0.9215262778977682;0.8084210526315789;0.8612762139733093;3840;327;910
384;indri;4750;;0.8509473684210527;0.8714963346269944;0.8509473684210527;0.8610992756710695;4042;596;708
379;howler_monkey;4750;;0.8854736842105263;0.8380155409444112;0.8854736842105263;0.8610912068789026;4206;813;544
389;barracouta;4750;;0.9597894736842105;0.7806506849315068;0.9597894736842105;0.8610009442870632;4559;1281;191
132;American_egret;4750;;0.9048421052631579;0.8211692777990065;0.9048421052631579;0.8609775641025641;4298;936;452
740;power_drill;4750;;0.7871578947368421;0.9485032978183663;0.7871578947368421;0.8603313391624482;3739;203;1011
467;butcher_shop;4750;;0.8465263157894737;0.8741304347826087;0.8465263157894737;0.8601069518716578;4021;579;729
725;pitcher;4750;;0.7968421052631579;0.9336457819437592;0.7968421052631579;0.8598364379827351;3785;269;965
332;Angora;4750;;0.879578947368421;0.8408130408532904;0.879578947368421;0.8597592344891449;4178;791;572
889;violin;4750;;0.8322105263157895;0.8891138101664418;0.8322105263157895;0.8597216180948238;3953;493;797
468;cab;4750;;0.8557894736842105;0.8636073932441045;0.8557894736842105;0.8596806598286982;4065;642;685
963;pizza;4750;;0.8528421052631578;0.866524064171123;0.8528421052631578;0.8596286472148542;4051;624;699
731;plunger;4750;;0.7816842105263158;0.953763164654508;0.7816842105263158;0.8591924100428091;3713;180;1037
398;abacus;4750;;0.8465263157894737;0.872234273318872;0.8465263157894737;0.8591880341880342;4021;589;729
421;bannister;4750;;0.8328421052631579;0.8869955156950673;0.8328421052631579;0.8590662323561346;3956;504;794
875;trombone;4750;;0.8258947368421052;0.8940291704649043;0.8258947368421052;0.8586123878310351;3923;465;827
75;black_widow;4750;;0.8591578947368421;0.8578936304393525;0.8591578947368421;0.8585252971494689;4081;676;669
432;bassoon;4750;;0.8393684210526315;0.8783873099801719;0.8393684210526315;0.8584347077188071;3987;552;763
679;necklace;4750;;0.8831578947368421;0.8348258706467662;0.8831578947368421;0.858312020460358;4195;830;555
38;banded_gecko;4750;;0.8610526315789474;0.8540405095009397;0.8610526315789474;0.8575322360834469;4090;699;660
806;sock;4750;;0.8587368421052631;0.8560335781741868;0.8587368421052631;0.8573830793483972;4079;686;671
826;stopwatch;4750;;0.7941052631578948;0.9315880464312176;0.7941052631578948;0.8573701556995115;3772;277;978
423;barber_chair;4750;;0.8313684210526315;0.8838406445837064;0.8313684210526315;0.8568019093078758;3949;519;801
748;purse;4750;;0.7608421052631579;0.9802007051803634;0.7608421052631579;0.8567026194144838;3614;73;1136
650;microphone;4750;;0.7818947368421053;0.9460010188487009;0.7818947368421053;0.8561549100968189;3714;212;1036
838;sunscreen;4750;;0.7730526315789473;0.9589971271872552;0.7730526315789473;0.8560438279519758;3672;157;1078
518;crash_helmet;4750;;0.891578947368421;0.8229692965410027;0.891578947368421;0.8559013742926435;4235;911;515
931;bagel;4750;;0.8065263157894736;0.9112749762131304;0.8065263157894736;0.8557069466160375;3831;373;919
86;partridge;4750;;0.840842105263158;0.8709114696903619;0.840842105263158;0.8556126820908313;3994;592;756
447;binoculars;4750;;0.8574736842105263;0.8536994340809054;0.8574736842105263;0.855582396807058;4073;698;677
896;washbasin;4750;;0.8673684210526316;0.8439164276935682;0.8673684210526316;0.8554817275747508;4120;762;630
776;sax;4750;;0.8067368421052632;0.9102137767220903;0.8067368421052632;0.8553571428571428;3832;378;918
790;shopping_basket;4750;;0.8290526315789474;0.8833557649170032;0.8290526315789474;0.8553431798436142;3938;520;812
628;liner;4750;;0.8292631578947368;0.882985877605918;0.8292631578947368;0.8552817283682553;3939;522;811
627;limousine;4750;;0.852421052631579;0.8576572760008473;0.852421052631579;0.8550311477140745;4049;672;701
491;chain_saw;4750;;0.9025263157894737;0.8122394846532778;0.9025263157894737;0.8550059832469087;4287;991;463
538;dome;4750;;0.8376842105263158;0.8727791182276815;0.8376842105263158;0.8548716296057579;3979;580;771
703;park_bench;4750;;0.8543157894736843;0.8550358196375896;0.8543157894736843;0.8546756529064871;4058;688;692
888;viaduct;4750;;0.8332631578947368;0.8772163120567376;0.8332631578947368;0.8546750161952061;3958;554;792
301;ladybug;4750;;0.9130526315789473;0.8028507960014809;0.9130526315789473;0.8544129235618596;4337;1065;413
767;rubber_eraser;4750;;0.8016842105263158;0.914066250600096;0.8016842105263158;0.8541947061462539;3808;358;942
1;goldfish;4750;;0.9258947368421052;0.7924324324324324;0.9258947368421052;0.8539805825242719;4398;1152;352
971;bubble;4750;;0.8143157894736842;0.8976560686934324;0.8143157894736842;0.853957390440446;3868;441;882
150;sea_lion;4750;;0.7858947368421053;0.9346519779669504;0.7858947368421053;0.8538426349496799;3733;261;1017
149;dugong;4750;;0.8162105263157895;0.8949676823638042;0.8162105263157895;0.8537767011671438;3877;455;873
680;nipple;4750;;0.8305263157894737;0.8780324949922101;0.8305263157894737;0.8536189548847778;3945;548;805
951;lemon;4750;;0.8117894736842105;0.8994634942850478;0.8117894736842105;0.8533805466415846;3856;431;894
474;cardigan;4750;;0.8543157894736843;0.8523419449695442;0.8543157894736843;0.8533277257911892;4058;703;692
498;cinema;4750;;0.7932631578947369;0.9230769230769231;0.7932631578947369;0.8532608695652174;3768;314;982
709;pencil_box;4750;;0.8002105263157895;0.9137019230769231;0.8002105263157895;0.8531986531986533;3801;359;949
213;Irish_setter;4750;;0.8326315789473684;0.8744196329869556;0.8326315789473684;0.8530141270354793;3955;568;795
638;maillot;4750;;0.8267368421052631;0.880690737833595;0.8267368421052631;0.8528613313063307;3927;532;823
772;safety_pin;4750;;0.791578947368421;0.9240599655935119;0.791578947368421;0.8527043882526364;3760;309;990
443;bib;4750;;0.8583157894736843;0.8470808227716601;0.8583157894736843;0.8526612987556206;4077;736;673
708;pedestal;4750;;0.7907368421052632;0.9244400689145952;0.7907368421052632;0.8523771700896404;3756;307;994
770;running_shoe;4750;;0.8532631578947368;0.8514705882352941;0.8532631578947368;0.8523659305993692;4053;707;697
645;maypole;4750;;0.9486315789473684;0.773695054945055;0.9486315789473684;0.8522791753357293;4506;1318;244
529;diaper;4750;;0.8082105263157895;0.9013853017140174;0.8082105263157895;0.8522588522588522;3839;420;911
494;chime;4750;;0.8130526315789474;0.8954324136332019;0.8130526315789474;0.8522564272316011;3862;451;888
279;Arctic_fox;4750;;0.8406315789473684;0.8639117265253137;0.8406315789473684;0.852112676056338;3993;629;757
520;crib;4750;;0.8345263157894737;0.87044356609574;0.8345263157894737;0.8521066208082545;3964;590;786
763;revolver;4750;;0.9355789473684211;0.781981347879641;0.9355789473684211;0.8519122016677849;4444;1239;306
570;gasmask;4750;;0.8814736842105263;0.8237261459767854;0.8814736842105263;0.851622088884369;4187;896;563
557;flagpole;4750;;0.8292631578947368;0.8751388580315486;0.8292631578947368;0.8515836125824234;3939;562;811
544;Dutch_oven;4750;;0.8461052631578947;0.8558347529812607;0.8461052631578947;0.8509421977556638;4019;677;731
910;wooden_spoon;4750;;0.8016842105263158;0.906450845036896;0.8016842105263158;0.8508546531113842;3808;393;942
906;Windsor_tie;4750;;0.852;0.8489616110761485;0.852;0.8504780918356625;4047;720;703
458;brass;4750;;0.832;0.8689533861037819;0.832;0.8500752850075284;3952;596;798
601;hoopskirt;4750;;0.8486315789473684;0.8513199577613516;0.8486315789473684;0.8499736425935688;4031;704;719
433;bathing_cap;4750;;0.9046315789473685;0.8015295653795934;0.9046315789473685;0.8499653842349917;4297;1064;453
4;hammerhead;4750;;0.8206315789473684;0.8813022835179742;0.8206315789473684;0.8498855336313093;3898;525;852
419;Band_Aid;4750;;0.8585263157894737;0.8409981439472056;0.8585263157894737;0.8496718408167517;4078;771;672
626;lighter;4750;;0.7867368421052632;0.923400049419323;0.7867368421052632;0.8496078208480164;3737;310;1013
548;entertainment_center;4750;;0.912;0.795008258396036;0.912;0.84949504853417;4332;1117;418
540;drilling_platform;4750;;0.9292631578947368;0.7815155807365439;0.9292631578947368;0.8490094248894018;4414;1234;336
983;scuba_diver;4750;;0.9004210526315789;0.8025896040532933;0.9004210526315789;0.8486953070741144;4277;1052;473
962;meat_loaf;4750;;0.8004210526315789;0.902659069325736;0.8004210526315789;0.8484713233653203;3802;410;948
596;hatchet;4750;;0.8248421052631579;0.8729946524064172;0.8248421052631579;0.8482355488200909;3918;570;832
982;groom;4750;;0.7989473684210526;0.9040019056693663;0.7989473684210526;0.8482342422887795;3795;403;955
828;strainer;4750;;0.7730526315789473;0.9396110542476971;0.7730526315789473;0.8482328482328483;3672;236;1078
41;whiptail;4750;;0.8176842105263158;0.8807256235827664;0.8176842105263158;0.8480349344978166;3884;526;866
448;birdhouse;4750;;0.9065263157894737;0.7965223825379208;0.9065263157894737;0.8479716423788893;4306;1100;444
320;damselfly;4750;;0.8734736842105263;0.823868149324861;0.8734736842105263;0.8479460453709381;4149;887;601
632;loudspeaker;4750;;0.8117894736842105;0.8870485392224523;0.8117894736842105;0.8477520061558756;3856;491;894
869;trench_coat;4750;;0.7947368421052632;0.9078884078884079;0.7947368421052632;0.8475527615626404;3775;383;975
21;kite;4750;;0.9016842105263158;0.7992162716924799;0.9016842105263158;0.8473637352853892;4283;1076;467
649;megalith;4750;;0.8109473684210526;0.8857208553690503;0.8109473684210526;0.8466864490603363;3852;497;898
587;hammer;4750;;0.7810526315789473;0.924265072247135;0.7810526315789473;0.8466453674121407;3710;304;1040
7;cock;4750;;0.9111578947368421;0.7906466934599927;0.9111578947368421;0.8466353677621283;4328;1146;422
262;Brabancon_griffon;4750;;0.8063157894736842;0.8909048615957199;0.8063157894736842;0.846502375953144;3830;469;920
682;obelisk;4750;;0.8412631578947368;0.8516624040920716;0.8412631578947368;0.8464308409235332;3996;696;754
630;Loafer;4750;;0.848;0.8444444444444444;0.848;0.846218487394958;4028;742;722
694;paddlewheel;4750;;0.8989473684210526;0.7993260950954698;0.8989473684210526;0.8462148236226714;4270;1072;480
8;hen;4750;;0.7903157894736842;0.9085188770571152;0.7903157894736842;0.8453051114613827;3754;378;996
654;minibus;4750;;0.8627368421052631;0.82821341956346;0.8627368421052631;0.845122705712518;4098;850;652
950;orange;4750;;0.8501052631578947;0.8389777685435279;0.8501052631578947;0.8445048624908502;4038;775;712
658;mitten;4750;;0.8543157894736843;0.8348076527463485;0.8543157894736843;0.8444490687753615;4058;803;692
618;ladle;4750;;0.7412631578947368;0.9807799442896936;0.7412631578947368;0.8443645083932854;3521;69;1229
362;badger;4750;;0.9309473684210526;0.7718624541804853;0.9309473684210526;0.8439736616089322;4422;1307;328
739;potter's_wheel;4750;;0.8957894736842106;0.7977127859017623;0.8957894736842106;0.8439111463704879;4255;1079;495
367;chimpanzee;4750;;0.86;0.8270905041506378;0.86;0.8432242749509753;4085;854;665
217;English_springer;4750;;0.859578947368421;0.8271880064829822;0.859578947368421;0.8430724757381788;4083;853;667
51;triceratops;4750;;0.864;0.8231046931407943;0.864;0.8430566967953985;4104;882;646
757;recreational_vehicle;4750;;0.8707368421052631;0.8170683524298696;0.8707368421052631;0.8430493273542601;4136;926;614
676;muzzle;4750;;0.755578947368421;0.9527475444650916;0.755578947368421;0.8427850181988963;3589;178;1161
48;Komodo_dragon;4750;;0.8351578947368421;0.8494646680942184;0.8351578947368421;0.8422505307855627;3967;703;783
670;motor_scooter;4750;;0.8930526315789473;0.7967693463561232;0.8930526315789473;0.8421679571173317;4242;1082;508
572;goblet;4750;;0.8023157894736842;0.8860730062776099;0.8023157894736842;0.8421168931609768;3811;490;939
510;container_ship;4750;;0.9355789473684211;0.7654150878401653;0.9355789473684211;0.8419856006062902;4444;1362;306
477;carpenter's_kit;4750;;0.8328421052631579;0.851118760757315;0.8328421052631579;0.8418812513300702;3956;692;794
580;greenhouse;4750;;0.8166315789473684;0.8673971377459749;0.8166315789473684;0.8412491867273909;3879;593;871
660;mobile_home;4750;;0.7964210526315789;0.8909561940650024;0.7964210526315789;0.8410404624277457;3783;463;967
813;spatula;4750;;0.7810526315789473;0.9108765038055487;0.7810526315789473;0.840983792360875;3710;363;1040
639;maillot;4750;;0.8197894736842105;0.8632232320993128;0.8197894736842105;0.840945902170392;3894;617;856
619;lampshade;4750;;0.791578947368421;0.8967326496541855;0.791578947368421;0.8408811360840881;3760;433;990
969;eggnog;4750;;0.808;0.8760556950467929;0.808;0.840652721498193;3838;543;912
944;artichoke;4750;;0.7477894736842106;0.9597406106457714;0.7477894736842106;0.840610578629748;3552;149;1198
514;cowboy_boot;4750;;0.8225263157894737;0.8590589270008795;0.8225263157894737;0.8403957840395784;3907;641;843
366;gorilla;4750;;0.891578947368421;0.7945590994371482;0.891578947368421;0.8402777777777778;4235;1095;515
47;African_chameleon;4750;;0.8532631578947368;0.8273116962645438;0.8532631578947368;0.8400870556534357;4053;846;697
880;unicycle;4750;;0.8294736842105264;0.8509719222462203;0.8294736842105264;0.8400852878464818;3940;690;810
45;Gila_monster;4750;;0.7677894736842106;0.9268106734434561;0.7677894736842106;0.8398388025331031;3647;288;1103
519;crate;4750;;0.7869473684210526;0.9002890173410405;0.7869473684210526;0.8398112783644125;3738;414;1012
158;toy_terrier;4750;;0.8004210526315789;0.8827490132342698;0.8004210526315789;0.8395716020757424;3802;505;948
578;gown;4750;;0.804;0.8783348666053358;0.804;0.8395251703671136;3819;529;931
812;space_shuttle;4750;;0.8770526315789474;0.8050241545893719;0.8770526315789474;0.8394962216624686;4166;1009;584
730;plow;4750;;0.8035789473684211;0.878683241252302;0.8035789473684211;0.8394545854409501;3817;527;933
927;trifle;4750;;0.956421052631579;0.7476958525345622;0.956421052631579;0.8392758174764455;4543;1533;207
958;hay;4750;;0.8292631578947368;0.8494716411472935;0.8292631578947368;0.839245765420262;3939;698;811
220;Sussex_spaniel;4750;;0.7621052631578947;0.9332302139726734;0.7621052631578947;0.8390311739483138;3620;259;1130
662;modem;4750;;0.7833684210526316;0.9027171276079573;0.7833684210526316;0.838818755635708;3721;401;1029
622;lens_cap;4750;;0.7452631578947368;0.959089677594148;0.7452631578947368;0.8387631797180428;3540;151;1210
804;soap_dispenser;4750;;0.7528421052631579;0.9467831612390787;0.7528421052631579;0.8387475079160315;3576;201;1174
692;packet;4750;;0.7861052631578948;0.8980278980278981;0.7861052631578948;0.8383475527615627;3734;424;1016
844;switch;4750;;0.8002105263157895;0.880064829821718;0.8002105263157895;0.8382401587826662;3801;518;949
579;grand_piano;4750;;0.7743157894736842;0.9135618479880775;0.7743157894736842;0.8381950774840473;3678;348;1072
404;airliner;4750;;0.911578947368421;0.7754297994269341;0.911578947368421;0.8380104509386492;4330;1254;420
80;black_grouse;4750;;0.8905263157894737;0.7912457912457912;0.8905263157894737;0.8379556259904913;4230;1116;520
79;centipede;4750;;0.8501052631578947;0.8259357741869503;0.8501052631578947;0.8378462496109554;4038;851;712
273;dingo;4750;;0.8132631578947368;0.8634331694233348;0.8132631578947368;0.8375975715524718;3863;611;887
584;hair_slide;4750;;0.8103157894736842;0.8665015758667267;0.8103157894736842;0.837467362924282;3849;593;901
264;Cardigan;4750;;0.7886315789473685;0.8914802475011899;0.7886315789473685;0.8369079535299375;3746;456;1004
505;coffeepot;4750;;0.8275789473684211;0.8457401032702238;0.8275789473684211;0.8365609704192382;3931;717;819
487;cellular_telephone;4750;;0.8688421052631579;0.8065272620676177;0.8688421052631579;0.8365257930475322;4127;990;623
981;ballplayer;4750;;0.9191578947368421;0.7674459483213218;0.9191578947368421;0.8364785899032473;4366;1323;384
2;great_white_shark;4750;;0.9063157894736842;0.7763751127141569;0.9063157894736842;0.8363283147158814;4305;1240;445
289;snow_leopard;4750;;0.880421052631579;0.796419729575319;0.880421052631579;0.8363163683631637;4182;1069;568
706;patio;4750;;0.7574736842105263;0.9333333333333333;0.7574736842105263;0.8362579895409646;3598;257;1152
966;red_wine;4750;;0.8467368421052631;0.8258726899383984;0.8467368421052631;0.836174636174636;4022;848;728
965;burrito;4750;;0.7492631578947369;0.9457879351581185;0.7492631578947369;0.8361329730999647;3559;204;1191
305;dung_beetle;4750;;0.8090526315789474;0.8645669291338582;0.8090526315789474;0.8358890701468189;3843;602;907
110;flatworm;4750;;0.8581052631578947;0.8143856143856144;0.8581052631578947;0.8356740133264992;4076;929;674
173;Ibizan_hound;4750;;0.771578947368421;0.9103328365623448;0.771578947368421;0.835232452142206;3665;361;1085
276;hyena;4750;;0.9029473684210526;0.7765707043273583;0.9029473684210526;0.8350043804146793;4289;1234;461
675;moving_van;4750;;0.7629473684210526;0.9216683621566633;0.7629473684210526;0.8348306841741534;3624;308;1126
636;mailbag;4750;;0.8547368421052631;0.8154247840931914;0.8547368421052631;0.8346181519169493;4060;919;690
827;stove;4750;;0.8366315789473684;0.8320770519262981;0.8366315789473684;0.8343480999370145;3974;802;776
258;Samoyed;4750;;0.8122105263157895;0.8554323725055433;0.8122105263157895;0.8332613390928727;3858;652;892
747;punching_bag;4750;;0.836;0.8304056879966542;0.836;0.8331934536298783;3971;811;779
331;hare;4750;;0.816;0.8509330406147091;0.816;0.8331004836109618;3876;679;874
766;rotisserie;4750;;0.8747368421052631;0.7950631458094145;0.8747368421052631;0.8329991980753809;4155;1071;595
179;Staffordshire_bullterrier;4750;;0.7713684210526316;0.9042448173741362;0.7713684210526316;0.8325380595319245;3664;388;1086
350;ibex;4750;;0.9164210526315789;0.7623467600700525;0.9164210526315789;0.8323135755258126;4353;1357;397
174;Norwegian_elkhound;4750;;0.8395789473684211;0.8251603558866129;0.8395789473684211;0.8323072106855891;3988;845;762
394;sturgeon;4750;;0.7701052631578947;0.904997525977239;0.7701052631578947;0.8321201091901729;3658;384;1092
702;parallel_bars;4750;;0.8783157894736842;0.7904509283819628;0.8783157894736842;0.8320702034303948;4172;1106;578
769;rule;4750;;0.8141052631578948;0.8508250825082508;0.8141052631578948;0.832060247444863;3867;678;883
185;Norfolk_terrier;4750;;0.763578947368421;0.9138321995464853;0.763578947368421;0.8319761440532172;3627;342;1123
864;tow_truck;4750;;0.7730526315789473;0.9002206423142928;0.7730526315789473;0.8318042813455657;3672;407;1078
383;Madagascar_cat;4750;;0.9052631578947369;0.7692307692307693;0.9052631578947369;0.8317214700193424;4300;1290;450
833;submarine;4750;;0.8193684210526315;0.8444348014753743;0.8193684210526315;0.831712789827973;3892;717;858
40;American_chameleon;4750;;0.7570526315789474;0.9215786776012301;0.7570526315789474;0.8312528895053166;3596;306;1154
449;boathouse;4750;;0.8050526315789474;0.8589398023360287;0.8050526315789474;0.8311236687676592;3824;628;926
967;espresso;4750;;0.8562105263157894;0.8074250545959897;0.8562105263157894;0.8311024828854603;4067;970;683
171;Italian_greyhound;4750;;0.751578947368421;0.9294454569122624;0.751578947368421;0.8311023163776045;3570;271;1180
104;wallaby;4750;;0.8191578947368421;0.8431202600216685;0.8191578947368421;0.8309663641217299;3891;724;859
581;grille;4750;;0.768;0.9049863557429918;0.768;0.8308848650495387;3648;383;1102
531;digital_watch;4750;;0.8376842105263158;0.8241507870753936;0.8376842105263158;0.8308623929839214;3979;849;771
939;zucchini;4750;;0.8050526315789474;0.8581687612208259;0.8050526315789474;0.8307625461655441;3824;632;926
506;coil;4750;;0.8037894736842105;0.8591359135913591;0.8037894736842105;0.8305416576027844;3818;626;932
809;soup_bowl;4750;;0.7511578947368421;0.9286829776158251;0.7511578947368421;0.8305400372439479;3568;274;1182
263;Pembroke;4750;;0.8107368421052632;0.851237842617153;0.8107368421052632;0.8304938537847747;3851;673;899
211;vizsla;4750;;0.7757894736842105;0.8933333333333333;0.7757894736842105;0.8304225352112676;3685;440;1065
283;Persian_cat;4750;;0.8591578947368421;0.8035046268950581;0.8591578947368421;0.8303998372164004;4081;998;669
787;shield;4750;;0.7682105263157895;0.9034414459024511;0.7682105263157895;0.830356126976903;3649;390;1101
287;lynx;4750;;0.8101052631578948;0.851515822084532;0.8101052631578948;0.8302945301542778;3848;671;902
480;cash_machine;4750;;0.7985263157894736;0.8640091116173121;0.7985263157894736;0.8299781181619257;3793;597;957
616;knot;4750;;0.8924210526315789;0.7756633119853614;0.8924210526315789;0.8299559471365638;4239;1226;511
811;space_heater;4750;;0.744421052631579;0.9374337221633086;0.744421052631579;0.8298521473832434;3536;236;1214
215;Brittany_spaniel;4750;;0.7869473684210526;0.8776708147452453;0.7869473684210526;0.8298368298368297;3738;521;1012
866;tractor;4750;;0.8227368421052632;0.8366516805823164;0.8227368421052632;0.8296359197537416;3908;763;842
796;ski_mask;4750;;0.9141052631578948;0.759090909090909;0.9141052631578948;0.8294173829990449;4342;1378;408
964;potpie;4750;;0.7696842105263157;0.898500860162202;0.7696842105263157;0.8291189477264996;3656;413;1094
429;baseball;4750;;0.7665263157894737;0.9023543990086741;0.7665263157894737;0.8289129197495732;3641;394;1109
597;holster;4750;;0.7576842105263157;0.9141478282956566;0.7576842105263157;0.8285944514792217;3599;338;1151
450;bobsled;4750;;0.8692631578947368;0.7914510254935787;0.8692631578947368;0.8285341627370322;4129;1088;621
270;white_wolf;4750;;0.788;0.8731047352460929;0.788;0.8283722474272436;3743;544;1007
318;lacewing;4750;;0.8698947368421053;0.789906327662015;0.8698947368421053;0.827973148983068;4132;1099;618
352;impala;4750;;0.8850526315789473;0.7777983348751156;0.8850526315789473;0.8279665189561792;4204;1201;546
556;fire_screen;4750;;0.7888421052631579;0.8707878224494539;0.7888421052631579;0.8277918921904341;3747;556;1003
513;cornet;4750;;0.7787368421052632;0.882605583392985;0.7787368421052632;0.8274242254781345;3699;492;1051
567;frying_pan;4750;;0.772;0.890913508260447;0.772;0.8272050530115046;3667;449;1083
542;drumstick;4750;;0.8016842105263158;0.8543863585371326;0.8016842105263158;0.82719669816444;3808;649;942
550;espresso_maker;4750;;0.8025263157894736;0.853369151555854;0.8025263157894736;0.8271671910599979;3812;655;938
585;hair_spray;4750;;0.7452631578947368;0.9291338582677166;0.7452631578947368;0.8271028037383177;3540;270;1210
157;papillon;4750;;0.8543157894736843;0.8013428120063191;0.8543157894736843;0.8269818626452006;4058;1006;692
820;steam_locomotive;4750;;0.8981052631578947;0.7658886894075404;0.8981052631578947;0.8267441860465118;4266;1304;484
600;hook;4750;;0.7301052631578947;0.9527472527472527;0.7301052631578947;0.8266984505363527;3468;172;1282
292;tiger;4750;;0.9349473684210526;0.7409075742409076;0.9349473684210526;0.8266939687267312;4441;1553;309
464;buckle;4750;;0.7861052631578948;0.8716153127917834;0.7861052631578948;0.8266548594199691;3734;550;1016
633;loupe;4750;;0.784;0.8739732457169679;0.784;0.8265453334813007;3724;537;1026
39;common_iguana;4750;;0.8275789473684211;0.8254934901301973;0.8275789473684211;0.8265349032800672;3931;831;819
235;German_shepherd;4750;;0.816;0.8366069501402978;0.816;0.826174997335607;3876;757;874
214;Gordon_setter;4750;;0.8423157894736842;0.8104111808790764;0.8423157894736842;0.8260555383503665;4001;936;749
114;slug;4750;;0.7896842105263158;0.865282583621684;0.7896842105263158;0.8257567418822234;3751;584;999
798;slide_rule;4750;;0.7469473684210526;0.9215584415584416;0.7469473684210526;0.8251162790697675;3548;302;1202
236;Doberman;4750;;0.7778947368421053;0.8780893536121673;0.7778947368421053;0.8249609287787453;3695;513;1055
893;wallet;4750;;0.7816842105263158;0.87262044653349;0.7816842105263158;0.8246529705719045;3713;542;1037
438;beaker;4750;;0.7856842105263158;0.8673018824076226;0.7856842105263158;0.8244780735667734;3732;571;1018
437;beacon;4750;;0.812;0.8372042543954852;0.812;0.8244095329699691;3857;750;893
27;eft;4750;;0.775578947368421;0.8796561604584527;0.775578947368421;0.8243454911613336;3684;504;1066
710;pencil_sharpener;4750;;0.8273684210526315;0.8213166144200627;0.8273684210526315;0.8243314105925538;3930;855;820
858;tile_roof;4750;;0.8282105263157895;0.8204379562043795;0.8282105263157895;0.8243059193294919;3934;861;816
640;manhole_cover;4750;;0.8256842105263158;0.8229122954259337;0.8256842105263158;0.8242959226565785;3922;844;828
537;dogsled;4750;;0.9444210526315789;0.7309760469284666;0.9444210526315789;0.8241021401671718;4486;1651;264
825;stone_wall;4750;;0.7987368421052632;0.8510542844324809;0.7987368421052632;0.8240660295395309;3794;664;956
588;hamper;4750;;0.8193684210526315;0.8286140089418778;0.8193684210526315;0.8239652799830633;3892;805;858
30;bullfrog;4750;;0.8269473684210527;0.8208986415882967;0.8269473684210527;0.8239119035133718;3928;857;822
209;Chesapeake_Bay_retriever;4750;;0.7642105263157895;0.893428501107556;0.7642105263157895;0.8237830477703392;3630;433;1120
989;hip;4750;;0.9570526315789474;0.7230793701288373;0.9570526315789474;0.8237745764247532;4546;1741;204
227;kelpie;4750;;0.804;0.8445378151260504;0.804;0.8237704918032788;3819;703;931
81;ptarmigan;4750;;0.752421052631579;0.909877800407332;0.752421052631579;0.8236920949527542;3574;354;1176
3;tiger_shark;4750;;0.7776842105263158;0.8753554502369668;0.7776842105263158;0.8236343366778149;3694;526;1056
134;crane;4750;;0.7098947368421052;0.979662986635677;0.7098947368421052;0.8232421874999999;3372;70;1378
857;throne;4750;;0.8511578947368421;0.7968072526606228;0.8511578947368421;0.8230863192182409;4043;1031;707
879;umbrella;4750;;0.7936842105263158;0.8546814781228746;0.7936842105263158;0.8230542517192445;3770;641;980
336;marmot;4750;;0.8654736842105263;0.7842426554750095;0.8654736842105263;0.8228582866293033;4111;1131;639
117;chambered_nautilus;4750;;0.9138947368421053;0.7481902792140641;0.9138947368421053;0.8227824109173616;4341;1461;409
237;miniature_pinscher;4750;;0.8181052631578948;0.8271604938271605;0.8181052631578948;0.8226079593564776;3886;812;864
469;caldron;4750;;0.7907368421052632;0.8571428571428571;0.7907368421052632;0.8226018396846255;3756;626;994
943;cucumber;4750;;0.804;0.841931216931217;0.804;0.822528537583459;3819;717;931
295;American_black_bear;4750;;0.8926315789473684;0.762589928057554;0.8926315789473684;0.8225024248302618;4240;1320;510
762;restaurant;4750;;0.8092631578947368;0.8354705498804608;0.8092631578947368;0.8221580579617154;3844;757;906
689;overskirt;4750;;0.7646315789473684;0.8880195599022005;0.7646315789473684;0.8217194570135747;3632;458;1118
652;military_uniform;4750;;0.7705263157894737;0.8800192353931233;0.7705263157894737;0.8216410371534404;3660;499;1090
749;quill;4750;;0.82;0.8231191885038038;0.82;0.8215566336215989;3895;837;855
753;radiator;4750;;0.8073684210526316;0.8358761987794245;0.8073684210526316;0.8213750267723282;3835;753;915
309;bee;4750;;0.7936842105263158;0.8504398826979472;0.7936842105263158;0.8210824349341174;3770;663;980
907;wine_bottle;4750;;0.8183157894736842;0.8236914600550964;0.8183157894736842;0.8209948252191361;3887;832;863
489;chainlink_fence;4750;;0.8376842105263158;0.8046511627906977;0.8376842105263158;0.8208354822073234;3979;966;771
845;syringe;4750;;0.7949473684210526;0.8481581311769991;0.7949473684210526;0.8206911540969356;3776;676;974
478;carton;4750;;0.7669473684210526;0.8822959554371519;0.7669473684210526;0.8205879040432481;3643;486;1107
701;parachute;4750;;0.9347368421052632;0.7308641975308642;0.9347368421052632;0.8203233256351039;4440;1635;310
330;wood_rabbit;4750;;0.879578947368421;0.7678735526557618;0.879578947368421;0.8199391620056913;4178;1263;572
499;cleaver;4750;;0.7492631578947369;0.903987807975616;0.7492631578947369;0.81938528836192;3559;378;1191
395;gar;4750;;0.8147368421052632;0.8239301681924632;0.8147368421052632;0.8193077167354714;3870;827;880
190;Sealyham_terrier;4750;;0.8378947368421052;0.8012885041272397;0.8378947368421052;0.8191828753730576;3980;987;770
940;spaghetti_squash;4750;;0.7688421052631579;0.8759894459102903;0.7688421052631579;0.8189258885525283;3652;517;1098
835;sundial;4750;;0.7507368421052631;0.9000504795557799;0.7507368421052631;0.8186409550045914;3566;396;1184
500;cliff_dwelling;4750;;0.8033684210526316;0.8344631532910562;0.8033684210526316;0.8186206156816475;3816;757;934
867;trailer_truck;4750;;0.8696842105263158;0.7727272727272727;0.8696842105263158;0.8183438985736926;4131;1215;619
623;letter_opener;4750;;0.716421052631579;0.9540229885057471;0.716421052631579;0.8183239148731514;3403;164;1347
897;washer;4750;;0.7686315789473684;0.8738630923887027;0.7686315789473684;0.8178763440860215;3651;527;1099
789;shoji;4750;;0.8785263157894737;0.7649862511457378;0.8785263157894737;0.8178343949044585;4173;1282;577
656;minivan;4750;;0.7267368421052631;0.9349945828819068;0.7267368421052631;0.8178156834873253;3452;240;1298
456;bow;4750;;0.9014736842105263;0.7483397413491786;0.9014736842105263;0.817799847211612;4282;1440;468
368;gibbon;4750;;0.8383157894736842;0.797995991983968;0.8383157894736842;0.8176591375770021;3982;1008;768
733;pole;4750;;0.7418947368421053;0.9101239669421488;0.7418947368421053;0.8174437485502205;3524;348;1226
603;horse_cart;4750;;0.8553684210526316;0.7823993837858656;0.8553684210526316;0.8172583727245297;4063;1130;687
852;tennis_ball;4750;;0.8612631578947368;0.777313319399582;0.8612631578947368;0.8171377209627485;4091;1172;659
116;chiton;4750;;0.8010526315789473;0.8338812184966031;0.8010526315789473;0.8171373349081927;3805;758;945
414;backpack;4750;;0.7130526315789474;0.9567796610169491;0.7130526315789474;0.8171290711700845;3387;153;1363
198;standard_schnauzer;4750;;0.7172631578947368;0.948760790866054;0.7172631578947368;0.8169284258482197;3407;184;1343
201;silky_terrier;4750;;0.7467368421052631;0.9009398018796038;0.7467368421052631;0.8166225394267296;3547;390;1203
595;harvester;4750;;0.8831578947368421;0.7587267136914451;0.8831578947368421;0.816227259461037;4195;1334;555
229;Old_English_sheepdog;4750;;0.8842105263157894;0.7573025604038947;0.8842105263157894;0.8158508158508159;4200;1346;550
290;jaguar;4750;;0.7374736842105263;0.9117647058823529;0.7374736842105263;0.8154096834264432;3503;339;1247
223;schipperke;4750;;0.7981052631578948;0.8331868131868132;0.7981052631578948;0.815268817204301;3791;759;959
243;bull_mastiff;4750;;0.7867368421052632;0.8456664403711247;0.7867368421052632;0.8151379648816665;3737;682;1013
651;microwave;4750;;0.7894736842105263;0.8423180592991913;0.7894736842105263;0.8150402086502935;3750;702;1000
232;Border_collie;4750;;0.8406315789473684;0.7905365274203128;0.8406315789473684;0.8148148148148149;3993;1058;757
898;water_bottle;4750;;0.7802105263157895;0.8523459061637535;0.7802105263157895;0.8146845460540778;3706;642;1044
52;thunder_snake;4750;;0.8157894736842105;0.8135628805374764;0.8157894736842105;0.8146746557342583;3875;888;875
470;candle;4750;;0.7913684210526316;0.8388752510600312;0.7913684210526316;0.8144296392590185;3759;722;991
203;West_Highland_white_terrier;4750;;0.8557894736842105;0.7766526557126481;0.8557894736842105;0.8143028846153845;4065;1169;685
410;apiary;4750;;0.8496842105263158;0.781262098335269;0.8496842105263158;0.8140379185155304;4036;1130;714
293;cheetah;4750;;0.9141052631578948;0.7329507089804186;0.9141052631578948;0.8135656735994005;4342;1582;408
492;chest;4750;;0.7995789473684211;0.8279921517331589;0.7995789473684211;0.8135375388240333;3798;789;952
691;oxygen_mask;4750;;0.7454736842105263;0.894643759474482;0.7454736842105263;0.813275149288011;3541;417;1209
177;Scottish_deerhound;4750;;0.8930526315789473;0.7463054187192119;0.8930526315789473;0.8131109833237494;4242;1442;508
797;sleeping_bag;4750;;0.7498947368421053;0.8860696517412935;0.7498947368421053;0.8123147092360319;3562;458;1188
82;ruffed_grouse;4750;;0.8402105263157895;0.786094150088635;0.8402105263157895;0.8122519588887758;3991;1086;759
853;thatch;4750;;0.8907368421052632;0.7459449929478138;0.8907368421052632;0.8119362886202264;4231;1441;519
501;cloak;4750;;0.7905263157894736;0.8342590535436569;0.7905263157894736;0.8118041292833207;3755;746;995
234;Rottweiler;4750;;0.8170526315789474;0.8063577810097652;0.8170526315789474;0.8116699780403639;3881;932;869
586;half_track;4750;;0.859578947368421;0.7677698382850696;0.859578947368421;0.8110846245530393;4083;1235;667
402;acoustic_guitar;4750;;0.7917894736842105;0.8307930196598189;0.7917894736842105;0.810822464158672;3761;766;989
602;horizontal_bar;4750;;0.6983157894736842;0.9662103116807457;0.6983157894736842;0.8107051203715019;3317;116;1433
818;spotlight;4750;;0.8046315789473685;0.8168412053857662;0.8046315789473685;0.8106904231625836;3822;857;928
445;bikini;4750;;0.840421052631579;0.782438259506076;0.840421052631579;0.8103938286642306;3992;1110;758
224;groenendael;4750;;0.8084210526315789;0.8123545589168606;0.8084210526315789;0.8103830326052548;3840;887;910
881;upright;4750;;0.8909473684210526;0.742847112515359;0.8909473684210526;0.8101847420312052;4232;1465;518
644;matchstick;4750;;0.8023157894736842;0.8181623014169171;0.8023157894736842;0.8101615646258503;3811;847;939
397;puffer;4750;;0.7751578947368422;0.848191660907625;0.7751578947368422;0.8100318996810032;3682;659;1068
735;poncho;4750;;0.8515789473684211;0.7722413134784268;0.8515789473684211;0.8099719663596315;4045;1193;705
590;hand-held_computer;4750;;0.8402105263157895;0.7814764049344037;0.8402105263157895;0.8097798518819113;3991;1116;759
960;chocolate_sauce;4750;;0.8021052631578948;0.8167202572347267;0.8021052631578948;0.8093467870419543;3810;855;940
169;borzoi;4750;;0.8686315789473684;0.7572031565424848;0.8686315789473684;0.8090989312677713;4126;1323;624
922;menu;4750;;0.7494736842105263;0.87857847976308;0.7494736842105263;0.8089070665757782;3560;492;1190
296;ice_bear;4750;;0.8591578947368421;0.7638031068688003;0.8591578947368421;0.8086792826711582;4081;1262;669
125;hermit_crab;4750;;0.7376842105263158;0.8947906026557712;0.7376842105263158;0.8086775905838911;3504;412;1246
721;pillow;4750;;0.6985263157894737;0.9595141700404858;0.6985263157894737;0.8084795321637426;3318;140;1432
164;bluetick;4750;;0.8046315789473685;0.8119821542383684;0.8046315789473685;0.8082901554404145;3822;885;928
33;loggerhead;4750;;0.8195789473684211;0.7969293756397134;0.8195789473684211;0.8080954852101713;3893;992;857
795;ski;4750;;0.8936842105263157;0.73723515109413;0.8936842105263157;0.8079558431671109;4245;1513;505
315;mantis;4750;;0.7658947368421053;0.8547932330827067;0.7658947368421053;0.8079058405507439;3638;618;1112
946;cardoon;4750;;0.9755789473684211;0.6889681831697889;0.9755789473684211;0.807598466364587;4634;2092;116
196;miniature_schnauzer;4750;;0.8376842105263158;0.7792792792792793;0.8376842105263158;0.8074269480519481;3979;1127;771
121;king_crab;4750;;0.7997894736842105;0.8148863148863149;0.7997894736842105;0.807267318317042;3799;863;951
913;wreck;4750;;0.7966315789473685;0.8181621621621622;0.7966315789473685;0.8072533333333333;3784;841;966
930;French_loaf;4750;;0.7951578947368421;0.819128171763175;0.7951578947368421;0.8069650678346331;3777;834;973
343;warthog;4750;;0.7848421052631579;0.8302895322939866;0.7848421052631579;0.8069264069264068;3728;762;1022
377;marmoset;4750;;0.8124210526315789;0.801453790238837;0.8124210526315789;0.806900156821746;3859;956;891
634;lumbermill;4750;;0.8025263157894736;0.8112364332836773;0.8025263157894736;0.8068578685575192;3812;887;938
546;electric_guitar;4750;;0.840421052631579;0.7757481539059463;0.840421052631579;0.8067906224737267;3992;1154;758
442;bell_cote;4750;;0.8044210526315789;0.8085061362674566;0.8044210526315789;0.8064584212747995;3821;905;929
476;carousel;4750;;0.908;0.7252396166134185;0.908;0.8063943161634103;4313;1634;437
335;fox_squirrel;4750;;0.8972631578947369;0.7320508416351769;0.8972631578947369;0.8062807415815361;4262;1560;488
674;mousetrap;4750;;0.8785263157894737;0.7449125312388433;0.8785263157894737;0.8062210200927357;4173;1429;577
530;digital_clock;4750;;0.7829473684210526;0.830875781948168;0.7829473684210526;0.8061998699327986;3719;757;1031
228;komondor;4750;;0.892;0.7349522983521249;0.892;0.8058963385639564;4237;1528;513
850;teddy;4750;;0.9086315789473685;0.7236753856472167;0.9086315789473685;0.8056748179951466;4316;1648;434
176;Saluki;4750;;0.7825263157894737;0.8291322774927504;0.7825263157894737;0.8051554207733133;3717;766;1033
490;chain_mail;4750;;0.8372631578947368;0.775243664717349;0.8372631578947368;0.8050607287449393;3977;1153;773
192;cairn;4750;;0.7214736842105263;0.9102257636122177;0.7214736842105263;0.8049324721080445;3427;338;1323
935;mashed_potato;4750;;0.7785263157894737;0.8321332133213322;0.7785263157894737;0.8044376767457038;3698;746;1052
313;walking_stick;4750;;0.7296842105263158;0.8960703205791106;0.7296842105263158;0.8043629612439082;3466;402;1284
646;maze;4750;;0.9206315789473685;0.7140757674722403;0.9206315789473685;0.8043038440316351;4373;1751;377
118;Dungeness_crab;4750;;0.8111578947368421;0.7970624741414978;0.8111578947368421;0.8040484140233723;3853;981;897
496;Christmas_stocking;4750;;0.9448421052631579;0.699501246882793;0.9448421052631579;0.8038688876947878;4488;1928;262
683;oboe;4750;;0.8882105263157895;0.7341221506873151;0.8882105263157895;0.8038487186815281;4219;1528;531
152;Japanese_spaniel;4750;;0.8618947368421053;0.7529887805775244;0.8618947368421053;0.803769510160008;4094;1343;656
925;consomme;4750;;0.8943157894736842;0.7297715169214911;0.8943157894736842;0.8037082584429098;4248;1573;502
665;moped;4750;;0.7896842105263158;0.8173894094573981;0.7896842105263158;0.8032979976442873;3751;838;999
698;palace;4750;;0.735578947368421;0.8845569620253164;0.735578947368421;0.8032183908045977;3494;456;1256
899;water_jug;4750;;0.7269473684210527;0.8973492723492723;0.7269473684210527;0.8032100488485694;3453;395;1297
297;sloth_bear;4750;;0.7623157894736842;0.8474139948513925;0.7623157894736842;0.8026155380693782;3621;652;1129
758;reel;4750;;0.8263157894736842;0.7798529703953905;0.8263157894736842;0.8024123479505265;3925;1108;825
193;Australian_terrier;4750;;0.752421052631579;0.8587217683805862;0.752421052631579;0.802064631956912;3574;588;1176
729;plate_rack;4750;;0.7467368421052631;0.865966796875;0.7467368421052631;0.8019443816414198;3547;549;1203
182;Border_terrier;4750;;0.7926315789473685;0.8107235142118863;0.7926315789473685;0.8015754737066213;3765;879;985
180;American_Staffordshire_terrier;4750;;0.7143157894736842;0.9125874125874126;0.7143157894736842;0.8013698630136986;3393;325;1357
434;bath_towel;4750;;0.7172631578947368;0.9075652637187;0.7172631578947368;0.8012699905926622;3407;347;1343
916;web_site;4750;;0.8846315789473684;0.7318007662835249;0.8846315789473684;0.800991231414411;4202;1540;548
533;dishrag;4750;;0.752;0.8549545236955481;0.752;0.8001792114695341;3572;606;1178
239;Bernese_mountain_dog;4750;;0.9269473684210526;0.7031299904183966;0.9269473684210526;0.7996730839084635;4403;1859;347
78;tick;4750;;0.8945263157894737;0.7222505524392316;0.8945263157894737;0.7992100065832785;4249;1634;501
219;cocker_spaniel;4750;;0.7616842105263157;0.8402229447282861;0.7616842105263157;0.7990282685512368;3618;688;1132
61;boa_constrictor;4750;;0.7423157894736843;0.8640039206076942;0.7423157894736843;0.7985505605254218;3526;555;1224
923;plate;4750;;0.7172631578947368;0.9003699788583509;0.7172631578947368;0.7984532458401687;3407;377;1343
42;agama;4750;;0.8138947368421052;0.783542764491285;0.8138947368421052;0.798430400660884;3866;1068;884
371;patas;4750;;0.7128421052631579;0.9070452718992768;0.7128421052631579;0.7983024873275963;3386;347;1364
431;bassinet;4750;;0.8178947368421052;0.7788692862870891;0.8178947368421052;0.7979051139864448;3885;1103;865
868;tray;4750;;0.8014736842105263;0.7941176470588235;0.8014736842105263;0.7977787091366302;3807;987;943
534;dishwasher;4750;;0.724;0.8879421636973922;0.724;0.7976342340252812;3439;434;1311
302;ground_beetle;4750;;0.7747368421052632;0.821062025881303;0.7747368421052632;0.7972270363951472;3680;802;1070
168;redbone;4750;;0.8027368421052632;0.790914747977598;0.8027368421052632;0.7967819454602445;3813;1008;937
151;Chihuahua;4750;;0.7301052631578947;0.8766430738119313;0.7301052631578947;0.7966919365954516;3468;488;1282
172;whippet;4750;;0.7063157894736842;0.9134222706234686;0.7063157894736842;0.796628279710317;3355;318;1395
43;frilled_lizard;4750;;0.7597894736842106;0.8352233279333487;0.7597894736842106;0.795722632565318;3609;712;1141
724;pirate;4750;;0.7254736842105263;0.8806542294914388;0.7254736842105263;0.7955673554196007;3446;467;1304
914;yawl;4750;;0.6818947368421052;0.954612437371058;0.6818947368421052;0.7955299029841582;3239;154;1511
112;conch;4750;;0.7646315789473684;0.8282782212086659;0.7646315789473684;0.795183360700602;3632;753;1118
493;chiffonier;4750;;0.7073684210526315;0.907862739800054;0.7073684210526315;0.7951721689740859;3360;341;1390
446;binder;4750;;0.7844210526315789;0.8061445261791432;0.7844210526315789;0.795134443021767;3726;896;1024
29;axolotl;4750;;0.8806315789473684;0.7247054747054748;0.8806315789473684;0.7950959893556359;4183;1589;567
455;bottlecap;4750;;0.795578947368421;0.7942412778478353;0.795578947368421;0.7949095498527555;3779;979;971
314;cockroach;4750;;0.7216842105263158;0.8846451612903226;0.7216842105263158;0.7948985507246376;3428;447;1322
154;Pekinese;4750;;0.7526315789473684;0.8421672555948174;0.7526315789473684;0.7948860478043357;3575;670;1175
700;paper_towel;4750;;0.7545263157894737;0.839344262295082;0.7545263157894737;0.7946784922394678;3584;686;1166
413;assault_rifle;4750;;0.8825263157894737;0.7226340286157559;0.8825263157894737;0.7946166240166808;4192;1609;558
516;cradle;4750;;0.7134736842105264;0.8963237238825708;0.7134736842105264;0.7945141249560428;3389;392;1361
161;basset;4750;;0.8311578947368421;0.7605471007513003;0.8311578947368421;0.7942862891057237;3948;1243;802
926;hot_pot;4750;;0.8511578947368421;0.7442930780559647;0.8511578947368421;0.7941465330976232;4043;1389;707
564;four-poster;4750;;0.8770526315789474;0.7252785515320335;0.8770526315789474;0.7939775109586431;4166;1578;584
760;refrigerator;4750;;0.8372631578947368;0.7532196969696969;0.8372631578947368;0.7930209371884347;3977;1303;773
885;velvet;4750;;0.7311578947368421;0.8663008231479172;0.7311578947368421;0.7930129010160978;3473;536;1277
187;Yorkshire_terrier;4750;;0.7722105263157895;0.8143872113676732;0.7722105263157895;0.7927382753403934;3668;836;1082
369;siamang;4750;;0.7884210526315789;0.7954545454545454;0.7884210526315789;0.7919221822795516;3745;963;1005
928;ice_cream;4750;;0.7042105263157895;0.9042984590429846;0.7042105263157895;0.7918096816191265;3345;354;1405
862;torch;4750;;0.8848421052631579;0.7162576687116564;0.8848421052631579;0.7916745149745714;4203;1665;547
115;sea_slug;4750;;0.7122105263157895;0.8883928571428571;0.7122105263157895;0.7906052816078523;3383;425;1367
764;rifle;4750;;0.716;0.8824597820446289;0.716;0.7905625290562528;3401;453;1349
199;Scotch_terrier;4750;;0.7298947368421053;0.8615805168986084;0.7298947368421053;0.7902894916799634;3467;557;1283
577;gong;4750;;0.9322105263157895;0.6856611954165376;0.9322105263157895;0.7901498929336188;4428;2030;322
558;flute;4750;;0.6852631578947368;0.9326647564469914;0.6852631578947368;0.7900485436893204;3255;235;1495
205;flat-coated_retriever;4750;;0.7557894736842106;0.8269983874683253;0.7557894736842106;0.7897921020789793;3590;751;1160
50;American_alligator;4750;;0.7330526315789474;0.8553181036600344;0.7330526315789474;0.7894796508332388;3482;589;1268
337;beaver;4750;;0.7353684210526316;0.8515358361774744;0.7353684210526316;0.789200180750113;3493;609;1257
186;Norwich_terrier;4750;;0.7964210526315789;0.7812887236679058;0.7964210526315789;0.7887823185988323;3783;1059;967
861;toilet_seat;4750;;0.840421052631579;0.7428358764421288;0.840421052631579;0.7886210983800869;3992;1382;758
791;shopping_cart;4750;;0.8153684210526316;0.7630023640661938;0.8153684210526316;0.7883167107673518;3873;1203;877
242;boxer;4750;;0.7016842105263158;0.8988673139158576;0.7016842105263158;0.7881295814613384;3333;375;1417
792;shovel;4750;;0.752;0.8278099652375435;0.752;0.7880860452289025;3572;743;1178
713;photocopier;4750;;0.9134736842105263;0.6925778132482043;0.9134736842105263;0.7878347707671358;4339;1926;411
360;otter;4750;;0.8709473684210526;0.718853171155517;0.8709473684210526;0.7876249405045216;4137;1618;613
123;spiny_lobster;4750;;0.7008421052631579;0.8980307526301592;0.7008421052631579;0.7872768121083127;3329;378;1421
871;trimaran;4750;;0.9103157894736842;0.6928376862682263;0.9103157894736842;0.7868255845691929;4324;1917;426
311;grasshopper;4750;;0.7810526315789473;0.7925656910916471;0.7810526315789473;0.7867670448520835;3710;971;1040
968;cup;4750;;0.7517894736842106;0.824901824901825;0.7517894736842106;0.786650512170944;3571;758;1179
390;eel;4750;;0.7214736842105263;0.8645307769929365;0.7214736842105263;0.786550378700941;3427;537;1323
327;starfish;4750;;0.9202105263157895;0.686508559761269;0.9202105263157895;0.7863632274894307;4371;1996;379
246;Great_Dane;4750;;0.6865263157894737;0.9201467268623025;0.6865263157894737;0.7863515794550276;3261;283;1489
750;quilt;4750;;0.7467368421052631;0.8295135640785781;0.7467368421052631;0.7859516951030358;3547;729;1203
378;capuchin;4750;;0.7833684210526316;0.7883474576271187;0.7833684210526316;0.7858500527983105;3721;999;1029
259;Pomeranian;4750;;0.887578947368421;0.7050167224080267;0.887578947368421;0.785834109972041;4216;1764;534
635;magnetic_compass;4750;;0.884421052631579;0.7067631224764468;0.884421052631579;0.785674209837292;4201;1743;549
175;otterhound;4750;;0.7648421052631579;0.807153965785381;0.7648421052631579;0.7854286023132634;3633;868;1117
856;thresher;4750;;0.7808421052631579;0.7896529699808388;0.7808421052631579;0.7852228220599132;3709;988;1041
403;aircraft_carrier;4750;;0.8614736842105263;0.7213114754098361;0.8614736842105263;0.7851866065432217;4092;1581;658
568;fur_coat;4750;;0.8867368421052632;0.7043478260869566;0.8867368421052632;0.7850885368126748;4212;1768;538
415;bakery;4750;;0.7307368421052631;0.8478260869565217;0.7307368421052631;0.7849389416553596;3471;623;1279
208;Labrador_retriever;4750;;0.7625263157894737;0.8086626479124804;0.7625263157894737;0.7849171091125801;3622;857;1128
894;wardrobe;4750;;0.756421052631579;0.8140009062075215;0.756421052631579;0.7841553906591008;3593;821;1157
892;wall_clock;4750;;0.7530526315789474;0.8172264107836418;0.7530526315789474;0.7838282020379095;3577;800;1173
744;projectile;4750;;0.7574736842105263;0.8116399729302956;0.7574736842105263;0.7836219100511814;3598;835;1152
357;mink;4750;;0.7214736842105263;0.8573930447835877;0.7214736842105263;0.7835829427232193;3427;570;1323
462;broom;4750;;0.7616842105263157;0.8063293960329841;0.7616842105263157;0.7833712244235141;3618;869;1132
909;wok;4750;;0.6717894736842105;0.9374265569917744;0.6717894736842105;0.7826833455972529;3191;213;1559
624;library;4750;;0.732421052631579;0.839527027027027;0.732421052631579;0.782325163031257;3479;665;1271
839;suspension_bridge;4750;;0.7094736842105264;0.8717020175892395;0.7094736842105264;0.7822655524605386;3370;496;1380
256;Newfoundland;4750;;0.7227368421052631;0.852072474559444;0.7227368421052631;0.7820936325321791;3433;596;1317
435;bathtub;4750;;0.7722105263157895;0.7911993097497843;0.7722105263157895;0.7815896015341998;3668;968;1082
288;leopard;4750;;0.7802105263157895;0.7828474862695395;0.7802105263157895;0.7815267819485449;3706;1028;1044
696;paintbrush;4750;;0.8132631578947368;0.7521417445482866;0.8132631578947368;0.7815092049362735;3863;1273;887
754;radio;4750;;0.6610526315789473;0.9532483302975107;0.6610526315789473;0.7807061163600199;3140;154;1610
803;snowplow;4750;;0.9037894736842105;0.6869899183869419;0.9037894736842105;0.7806164196745159;4293;1956;457
310;ant;4750;;0.8745263157894737;0.7049041235363991;0.8745263157894737;0.7806069717185004;4154;1739;596
349;bighorn;4750;;0.8258947368421052;0.7399094681252357;0.8258947368421052;0.7805411858336649;3923;1379;827
976;promontory;4750;;0.784;0.7766423357664234;0.784;0.7803038239916187;3724;1071;1026
181;Bedlington_terrier;4750;;0.8623157894736843;0.7114816744832378;0.8623157894736843;0.7796706957266585;4096;1661;654
249;malamute;4750;;0.7334736842105263;0.8309086572859528;0.7334736842105263;0.7791568824779156;3484;709;1266
159;Rhodesian_ridgeback;4750;;0.7938947368421052;0.7644435434826677;0.7938947368421052;0.7788908396158215;3771;1162;979
488;chain;4750;;0.7433684210526316;0.8179291174426685;0.7433684210526316;0.7788684239550017;3531;786;1219
109;brain_coral;4750;;0.7747368421052632;0.7829787234042553;0.7747368421052632;0.7788359788359788;3680;1020;1070
353;gazelle;4750;;0.7372631578947368;0.8253594155078954;0.7372631578947368;0.77882797731569;3502;741;1248
511;convertible;4750;;0.9252631578947368;0.6723267553923818;0.9252631578947368;0.7787720386285107;4395;2142;355
69;trilobite;4750;;0.8503157894736842;0.7177892304958237;0.8503157894736842;0.7784523465356076;4039;1588;711
409;analog_clock;4750;;0.836;0.7267569546120058;0.836;0.7775602114744469;3971;1493;779
677;nail;4750;;0.7509473684210526;0.8061016949152542;0.7509473684210526;0.7775476839237058;3567;858;1183
126;isopod;4750;;0.7629473684210526;0.7924775858298709;0.7629473684210526;0.7774321570309985;3624;949;1126
194;Dandie_Dinmont;4750;;0.8606315789473684;0.7086150112671173;0.8606315789473684;0.7772601958361061;4088;1681;662
824;stole;4750;;0.7606315789473684;0.7945898394545854;0.7606315789473684;0.7772399698827578;3613;934;1137
465;bulletproof_vest;4750;;0.9210526315789473;0.6718366093366094;0.9210526315789473;0.7769490321434914;4375;2137;375
120;fiddler_crab;4750;;0.8130526315789474;0.7438366718027735;0.8130526315789474;0.7769060551196942;3862;1330;888
372;baboon;4750;;0.8650526315789474;0.7023931623931624;0.8650526315789474;0.7752830188679245;4109;1741;641
998;ear;4750;;0.7905263157894736;0.7601214574898786;0.7905263157894736;0.7750257997936018;3755;1185;995
76;tarantula;4750;;0.8166315789473684;0.7368920972644377;0.8166315789473684;0.774715398442181;3879;1385;871
399;abaya;4750;;0.8898947368421053;0.6857560025957171;0.8898947368421053;0.7746014293567893;4227;1937;523
715;pickelhaube;4750;;0.8696842105263158;0.6978040540540541;0.8696842105263158;0.7743205248359888;4131;1789;619
252;affenpinscher;4750;;0.8585263157894737;0.7050484094052559;0.8585263157894737;0.7742547940003798;4078;1706;672
436;beach_wagon;4750;;0.7471578947368421;0.8027595566613889;0.7471578947368421;0.7739614000654237;3549;872;1201
359;black-footed_ferret;4750;;0.7227368421052631;0.8322424242424242;0.7227368421052631;0.7736338028169014;3433;692;1317
319;dragonfly;4750;;0.6985263157894737;0.8667711598746082;0.6985263157894737;0.773606901375612;3318;510;1432
481;cassette;4750;;0.7943157894736842;0.7530938123752495;0.7943157894736842;0.773155737704918;3773;1237;977
373;macaque;4750;;0.8214736842105264;0.7301646706586826;0.8214736842105264;0.7731325539924707;3902;1442;848
460;breakwater;4750;;0.6810526315789474;0.8933996133664733;0.6810526315789474;0.7729064627881972;3235;386;1515
860;tobacco_shop;4750;;0.768;0.7778251599147121;0.768;0.7728813559322034;3648;1042;1102
106;wombat;4750;;0.6943157894736842;0.871334214002642;0.6943157894736842;0.7728178090216755;3298;487;1452
304;leaf_beetle;4750;;0.6471578947368422;0.9588271990018715;0.6471578947368422;0.7727501256913022;3074;132;1676
843;swing;4750;;0.8911578947368421;0.6798907805974944;0.8911578947368421;0.7713192419825072;4233;1993;517
459;brassiere;4750;;0.8837894736842106;0.6841590612777053;0.8837894736842106;0.7712658460407863;4198;1938;552
197;giant_schnauzer;4750;;0.6686315789473685;0.9097679747923231;0.6686315789473685;0.770780245115884;3176;315;1574
591;handkerchief;4750;;0.7783157894736842;0.7630546955624355;0.7783157894736842;0.7706096925482022;3697;1148;1053
334;porcupine;4750;;0.7974736842105263;0.7453758362849272;0.7974736842105263;0.7705451586655818;3788;1294;962
479;car_wheel;4750;;0.6854736842105263;0.879287064542263;0.6854736842105263;0.7703773808115463;3256;447;1494
718;pier;4750;;0.6947368421052632;0.8620689655172413;0.6947368421052632;0.7694101189088365;3300;528;1450
617;lab_coat;4750;;0.8709473684210526;0.6888111888111889;0.8709473684210526;0.7692450725176645;4137;1869;613
406;altar;4750;;0.8111578947368421;0.7312583032833555;0.8111578947368421;0.7691386365904781;3853;1416;897
908;wing;4750;;0.6656842105263158;0.9086206896551724;0.6656842105263158;0.7684082624544349;3162;318;1588
165;black-and-tan_coonhound;4750;;0.7214736842105263;0.8208383233532934;0.7214736842105263;0.7679551820728292;3427;748;1323
184;Irish_terrier;4750;;0.7629473684210526;0.7728726807421625;0.7629473684210526;0.7678779531730057;3624;1065;1126
162;beagle;4750;;0.6764210526315789;0.8858560794044665;0.6764210526315789;0.7671003939357764;3213;414;1537
723;pinwheel;4750;;0.9258947368421052;0.6546591247395058;0.9258947368421052;0.767003836763167;4398;2320;352
847;tank;4750;;0.7067368421052631;0.8384115884115884;0.7067368421052631;0.7669636737491431;3357;647;1393
329;sea_cucumber;4750;;0.7528421052631579;0.7812977933143981;0.7528421052631579;0.7668060469604373;3576;1001;1174
155;Shih-Tzu;4750;;0.7764210526315789;0.7568233121280525;0.7764210526315789;0.766496934427933;3688;1185;1062
884;vault;4750;;0.8058947368421052;0.730116345603662;0.8058947368421052;0.7661362954067846;3828;1415;922
987;corn;4750;;0.7421052631578947;0.7916011677520772;0.7421052631578947;0.7660545474301858;3525;928;1225
207;golden_retriever;4750;;0.771578947368421;0.7602157228790707;0.771578947368421;0.7658551875457109;3665;1156;1085
361;skunk;4750;;0.9157894736842105;0.6570004531037608;0.9157894736842105;0.7651042124703192;4350;2271;400
416;balance_beam;4750;;0.9197894736842105;0.6547280083920276;0.9197894736842105;0.7649479121071523;4369;2304;381
370;guenon;4750;;0.6237894736842106;0.9886553219886554;0.6237894736842106;0.7649412675874533;2963;34;1787
848;tape_player;4750;;0.6448421052631579;0.9378444580526638;0.6448421052631579;0.7642215568862275;3063;203;1687
65;sea_snake;4750;;0.7456842105263158;0.7818984547461368;0.7456842105263158;0.7633620689655173;3542;988;1208
876;tub;4750;;0.764421052631579;0.7612159329140461;0.764421052631579;0.7628151260504202;3631;1139;1119
44;alligator_lizard;4750;;0.6263157894736842;0.9722222222222222;0.6263157894736842;0.7618437900128041;2975;85;1775
705;passenger_car;4750;;0.6589473684210526;0.901238122660524;0.6589473684210526;0.7612793384409583;3130;343;1620
780;schooner;4750;;0.9282105263157895;0.6448734825215738;0.9282105263157895;0.7610252869595235;4409;2428;341
807;solar_dish;4750;;0.8654736842105263;0.6781590234246123;0.8654736842105263;0.7604513503514614;4111;1951;639
212;English_setter;4750;;0.7625263157894737;0.7575820957958586;0.7625263157894737;0.7600461651453153;3622;1159;1128
648;medicine_chest;4750;;0.6981052631578948;0.8337943173246165;0.6981052631578948;0.7599404148046294;3316;661;1434
342;wild_boar;4750;;0.8206315789473684;0.7071843251088534;0.8206315789473684;0.7596959656986942;3898;1614;852
37;box_turtle;4750;;0.6968421052631579;0.8343836652382153;0.6968421052631579;0.7594355856372605;3310;657;1440
669;mosquito_net;4750;;0.732;0.7861180194438164;0.732;0.7580944075002725;3477;946;1273
206;curly-coated_retriever;4750;;0.7218947368421053;0.7915512465373962;0.7218947368421053;0.755120017617265;3429;903;1321
598;home_theater;4750;;0.7576842105263157;0.7516708437761069;0.7576842105263157;0.7546655483329838;3599;1189;1151
663;monastery;4750;;0.7482105263157894;0.7607020547945206;0.7482105263157894;0.7544045850137975;3554;1118;1196
905;window_shade;4750;;0.7850526315789473;0.7256275539988325;0.7850526315789473;0.7541713014460512;3729;1410;1021
63;Indian_cobra;4750;;0.8888421052631579;0.6545736434108527;0.8888421052631579;0.7539285714285714;4222;2228;528
424;barbershop;4750;;0.6877894736842105;0.8310862375985755;0.6877894736842105;0.7526782628729408;3267;664;1483
59;vine_snake;4750;;0.7366315789473684;0.7688420127444517;0.7366315789473684;0.7523922158907643;3499;1052;1251
742;printer;4750;;0.6454736842105263;0.9001761597181445;0.6454736842105263;0.7518391368317803;3066;340;1684
887;vestment;4750;;0.8652631578947368;0.6645109135004043;0.8652631578947368;0.7517146776406036;4110;2075;640
124;crayfish;4750;;0.6623157894736842;0.8676227247655819;0.6623157894736842;0.7511938872970391;3146;480;1604
348;ram;4750;;0.6827368421052632;0.834319526627219;0.6827368421052632;0.7509551927752693;3243;644;1507
854;theater_curtain;4750;;0.9084210526315789;0.6390699052132701;0.9084210526315789;0.7503042949052339;4315;2437;435
979;valley;4750;;0.8541052631578947;0.6689200329760924;0.8541052631578947;0.7502542764678687;4057;2008;693
386;African_elephant;4750;;0.7073684210526315;0.7980997624703088;0.7073684210526315;0.7499999999999999;3360;850;1390
574;golf_ball;4750;;0.8791578947368421;0.6529080675422139;0.8791578947368421;0.7493271128656019;4176;2220;574
103;platypus;4750;;0.7905263157894736;0.7099640763849498;0.7905263157894736;0.7480824783344955;3755;1534;995
202;soft-coated_wheaten_terrier;4750;;0.6621052631578948;0.8592896174863388;0.6621052631578948;0.7479191438763377;3145;515;1605
49;African_crocodile;4750;;0.6621052631578948;0.8585858585858586;0.6621052631578948;0.7476524426482825;3145;518;1605
454;bookshop;4750;;0.7345263157894737;0.7604620749782041;0.7345263157894737;0.7472692225315913;3489;1099;1261
999;toilet_tissue;4750;;0.6458947368421053;0.8854256854256854;0.6458947368421053;0.7469263542300669;3068;397;1682
221;Irish_water_spaniel;4750;;0.896;0.6402888521137355;0.896;0.7468632096165657;4256;2391;494
341;hog;4750;;0.6498947368421053;0.8774872086412735;0.6498947368421053;0.7467343976777939;3087;431;1663
461;breastplate;4750;;0.8503157894736842;0.6648559670781893;0.8503157894736842;0.7462355658198614;4039;2036;711
851;television;4750;;0.8231578947368421;0.6823734729493892;0.8231578947368421;0.7461832061068704;3910;1820;840
163;bloodhound;4750;;0.6724210526315789;0.8374410068169901;0.6724210526315789;0.7459131247080802;3194;620;1556
997;bolete;4750;;0.876;0.6491419656786271;0.876;0.7456989247311828;4161;2249;589
191;Airedale;4750;;0.8768421052631579;0.6486528578103099;0.8768421052631579;0.7456807805926058;4165;2256;585
497;church;4750;;0.6629473684210526;0.8515413737155219;0.6629473684210526;0.745501893939394;3149;549;1601
312;cricket;4750;;0.6437894736842106;0.8843262001156738;0.6437894736842106;0.7451267056530214;3058;400;1692
524;cuirass;4750;;0.6458947368421053;0.8803443328550933;0.6458947368421053;0.7451123254401943;3068;417;1682
671;mountain_bike;4750;;0.9151578947368421;0.627906976744186;0.9151578947368421;0.7447956823438705;4347;2576;403
485;CD_player;4750;;0.6258947368421053;0.9156144133045888;0.6258947368421053;0.7435288233087407;2973;274;1777
525;dam;4750;;0.8372631578947368;0.6668343393695506;0.8372631578947368;0.7423931304834795;3977;1987;773
582;grocery_store;4750;;0.8227368421052632;0.674141797481456;0.8227368421052632;0.7410638096141082;3908;1889;842
484;catamaran;4750;;0.5974736842105263;0.9719178082191781;0.5974736842105263;0.7400260756192959;2838;82;1912
751;racer;4750;;0.8117894736842105;0.6794713656387665;0.8117894736842105;0.7397601918465228;3856;1819;894
408;amphibian;4750;;0.8572631578947368;0.6505831602492411;0.8572631578947368;0.7397583795076755;4072;2187;678
267;standard_poodle;4750;;0.8021052631578948;0.6858685868586859;0.8021052631578948;0.7394468704512372;3810;1745;940
298;mongoose;4750;;0.7193684210526315;0.7593333333333333;0.7193684210526315;0.7388108108108107;3417;1083;1333
673;mouse;4750;;0.6307368421052632;0.8877037037037037;0.6307368421052632;0.737476923076923;2996;379;1754
690;oxcart;4750;;0.916;0.6144612342889423;0.916;0.7355253148508157;4351;2730;399
508;computer_keyboard;4750;;0.7913684210526316;0.6869517543859649;0.7913684210526316;0.7354725102719625;3759;1713;991
54;hognose_snake;4750;;0.6629473684210526;0.8241298089505366;0.6629473684210526;0.7348034068370086;3149;672;1601
250;Siberian_husky;4750;;0.6762105263157895;0.8038038038038038;0.6762105263157895;0.734507203292934;3212;784;1538
32;tailed_frog;4750;;0.6522105263157895;0.8391115926327194;0.6522105263157895;0.7339493011134801;3098;594;1652
280;grey_fox;4750;;0.7730526315789473;0.6978335233751425;0.7730526315789473;0.7335197762684779;3672;1590;1078
509;confectionery;4750;;0.7951578947368421;0.6806631825554154;0.7951578947368421;0.7334692688610545;3777;1772;973
46;green_lizard;4750;;0.6572631578947369;0.8283364287609446;0.6572631578947369;0.732949876746097;3122;647;1628
153;Maltese_dog;4750;;0.7143157894736842;0.750996015936255;0.7143157894736842;0.7321968062149332;3393;1125;1357
230;Shetland_sheepdog;4750;;0.7421052631578947;0.7210063407649826;0.7421052631578947;0.7314036725801432;3525;1364;1225
257;Great_Pyrenees;4750;;0.6425263157894737;0.8473070516379789;0.6425263157894737;0.7308429118773947;3052;550;1698
271;red_wolf;4750;;0.6717894736842105;0.8007528230865747;0.6717894736842105;0.7306239267315399;3191;794;1559
204;Lhasa;4750;;0.620421052631579;0.8876506024096386;0.620421052631579;0.7303593556381662;2947;373;1803
170;Irish_wolfhound;4750;;0.6833684210526316;0.7842474027542885;0.6833684210526316;0.7303408707391158;3246;893;1504
975;lakeside;4750;;0.7275789473684211;0.732824427480916;0.7275789473684211;0.7301922670610606;3456;1260;1294
475;car_mirror;4750;;0.9591578947368421;0.585378388796094;0.9591578947368421;0.7270406127822548;4556;3227;194
299;meerkat;4750;;0.8976842105263158;0.6101888952489983;0.8976842105263158;0.7265292213324247;4264;2724;486
183;Kerry_blue_terrier;4750;;0.8128421052631579;0.6549618320610687;0.8128421052631579;0.7254109910756225;3861;2034;889
374;langur;4750;;0.7482105263157894;0.7039017627252921;0.7482105263157894;0.725380140830697;3554;1495;1196
269;timber_wolf;4750;;0.8286315789473684;0.6438737117618191;0.8286315789473684;0.7246616956641811;3936;2177;814
865;toyshop;4750;;0.7928421052631579;0.6669027802372941;0.7928421052631579;0.7244397422333365;3766;1881;984
980;volcano;4750;;0.8271578947368421;0.6439927880675299;0.8271578947368421;0.724172887291494;3929;2172;821
972;cliff;4750;;0.7042105263157895;0.744988864142539;0.7042105263157895;0.724025974025974;3345;1145;1405
382;squirrel_monkey;4750;;0.9254736842105263;0.5941343424787133;0.9254736842105263;0.7236809613959998;4396;3003;354
819;stage;4750;;0.7682105263157895;0.6838455772113943;0.7682105263157895;0.7235772357723577;3649;1687;1101
961;dough;4750;;0.6006315789473684;0.908888180949347;0.6006315789473684;0.7232855875269362;2853;286;1897
35;mud_turtle;4750;;0.6256842105263158;0.8540229885057471;0.6256842105263158;0.7222357229647631;2972;508;1778
992;agaric;4750;;0.8909473684210526;0.6042261564820103;0.8909473684210526;0.720095286710907;4232;2772;518
620;laptop;4750;;0.8536842105263158;0.6224098234842671;0.8536842105263158;0.7199289835774523;4055;2460;695
72;black_and_gold_garden_spider;4750;;0.9726315789473684;0.5714285714285714;0.9726315789473684;0.7199065056486171;4620;3465;130
108;sea_anemone;4750;;0.7023157894736842;0.7372375690607735;0.7023157894736842;0.7193530997304582;3336;1189;1414
453;bookcase;4750;;0.8178947368421052;0.6410891089108911;0.8178947368421052;0.7187789084181313;3885;2175;865
67;diamondback;4750;;0.7256842105263158;0.7117489159611811;0.7256842105263158;0.7186490149067027;3447;1396;1303
817;sports_car;4750;;0.592842105263158;0.9057574782888389;0.592842105263158;0.7166306145820079;2816;293;1934
483;castle;4750;;0.8461052631578947;0.6211746522411128;0.8461052631578947;0.7163992869875222;4019;2451;731
107;jellyfish;4750;;0.8536842105263158;0.6153262518968133;0.8536842105263158;0.7151675485008818;4055;2535;695
226;briard;4750;;0.6271578947368421;0.8318905333705668;0.6271578947368421;0.7151602448685632;2979;602;1771
231;collie;4750;;0.6772631578947368;0.7569411764705882;0.6772631578947368;0.7148888888888888;3217;1033;1533
657;missile;4750;;0.7696842105263157;0.6661807580174927;0.7696842105263157;0.7142019925766752;3656;1832;1094
272;coyote;4750;;0.7235789473684211;0.7044476327116213;0.7235789473684211;0.7138851386436806;3437;1442;1313
536;dock;4750;;0.5867368421052631;0.9066363044892648;0.5867368421052631;0.7124233128834355;2787;287;1963
241;EntleBucher;4750;;0.8669473684210526;0.6035468269089843;0.8669473684210526;0.7116564417177914;4118;2705;632
64;green_mamba;4750;;0.8126315789473684;0.6327868852459017;0.8126315789473684;0.7115207373271889;3860;2240;890
526;desk;4750;;0.7842105263157895;0.6498604326587578;0.7842105263157895;0.7107422247662659;3725;2007;1025
405;airship;4750;;0.7717894736842106;0.6578144625874753;0.7717894736842106;0.7102586457425167;3666;1907;1084
5;electric_ray;4750;;0.7953684210526316;0.6406647447854842;0.7953684210526316;0.7096834789142482;3778;2119;972
664;monitor;4750;;0.6408421052631579;0.7933281209278081;0.6408421052631579;0.7089786887155003;3044;793;1706
788;shoe_shop;4750;;0.7486315789473684;0.6729750189250567;0.7486315789473684;0.7087901136137135;3556;1728;1194
222;kuvasz;4750;;0.740421052631579;0.678826481374252;0.740421052631579;0.7082871815527136;3517;1664;1233
921;book_jacket;4750;;0.8233684210526315;0.6176563487049905;0.8233684210526315;0.7058292726944594;3911;2421;839
552;feather_boa;4750;;0.840842105263158;0.6074524714828897;0.840842105263158;0.7053421633554084;3994;2581;756
233;Bouvier_des_Flandres;4750;;0.7187368421052631;0.6916531604538088;0.7187368421052631;0.7049349576708651;3414;1522;1336
794;shower_curtain;4750;;0.7618947368421053;0.6556159420289855;0.7618947368421053;0.7047711781888997;3619;1901;1131
62;rock_python;4750;;0.6966315789473684;0.7093247588424437;0.6966315789473684;0.7029208709506107;3309;1356;1441
285;Egyptian_cat;4750;;0.5753684210526315;0.901980198019802;0.5753684210526315;0.7025706940874037;2733;297;2017
200;Tibetan_terrier;4750;;0.5665263157894737;0.9181166837256909;0.5665263157894737;0.7006900143210519;2691;240;2059
189;Lakeland_terrier;4750;;0.6214736842105263;0.7978378378378378;0.6214736842105263;0.698698224852071;2952;748;1798
6;stingray;4750;;0.6745263157894736;0.7175811870100783;0.6745263157894736;0.6953879544221377;3204;1261;1546
836;sunglass;4750;;0.7993684210526316;0.6134087237479806;0.7993684210526316;0.6941499085923218;3797;2393;953
380;titi;4750;;0.5442105263157895;0.956698741672835;0.5442105263157895;0.6937734836285562;2585;117;2165
549;envelope;4750;;0.7528421052631579;0.6405158516926384;0.7528421052631579;0.6921513597212813;3576;2007;1174
917;comic_book;4750;;0.8526315789473684;0.5814788226848528;0.8526315789473684;0.6914212548015365;4050;2915;700
166;Walker_hound;4750;;0.5869473684210527;0.8407720144752714;0.5869473684210527;0.6912968013885444;2788;528;1962
904;window_screen;4750;;0.8336842105263158;0.5901639344262295;0.8336842105263158;0.6910994764397905;3960;2750;790
743;prison;4750;;0.8677894736842106;0.5737750556792873;0.8677894736842106;0.6907993966817496;4122;3062;628
996;hen-of-the-woods;4750;;0.8235789473684211;0.5917410376644986;0.8235789473684211;0.6886717718510695;3912;2699;838
167;English_foxhound;4750;;0.8526315789473684;0.5764304013663536;0.8526315789473684;0.6878396739130435;4050;2976;700
345;ox;4750;;0.5406315789473685;0.9451601030548399;0.5406315789473685;0.6878264363198072;2568;149;2182
36;terrapin;4750;;0.7995789473684211;0.6017110266159695;0.7995789473684211;0.6866751039595009;3798;2514;952
119;rock_crab;4750;;0.5650526315789474;0.8717115946735953;0.5650526315789474;0.6856558947502873;2684;395;2066
482;cassette_player;4750;;0.8368421052631579;0.5796995770745224;0.8368421052631579;0.6849315068493151;3975;2882;775
281;tabby;4750;;0.9096842105263158;0.5482806750412385;0.9096842105263158;0.6841896920275513;4321;3560;429
978;seashore;4750;;0.6429473684210526;0.7202830188679246;0.6429473684210526;0.6794215795328143;3054;1186;1696
782;screen;4750;;0.5637894736842105;0.84559520050521;0.5637894736842105;0.6765188834154351;2678;489;2072
381;spider_monkey;4750;;0.5429473684210526;0.8945542837322233;0.5429473684210526;0.6757500327525219;2579;304;2171
266;miniature_poodle;4750;;0.7315789473684211;0.6257878624167117;0.7315789473684211;0.6745608075317869;3475;2078;1275
58;water_snake;4750;;0.6698947368421052;0.6750106067034366;0.6698947368421052;0.6724429416737109;3182;1532;1568
265;toy_poodle;4750;;0.6616842105263158;0.6831123668767659;0.6616842105263158;0.6722275692439311;3143;1458;1607
974;geyser;4750;;0.8395789473684211;0.5571388656049175;0.8395789473684211;0.6698018139066174;3988;3170;762
799;sliding_door;4750;;0.6757894736842105;0.6592729513247073;0.6757894736842105;0.6674290466784488;3210;1659;1540
385;Indian_elephant;4750;;0.8231578947368421;0.5611366245694603;0.8231578947368421;0.6673493770267963;3910;3058;840
527;desktop_computer;4750;;0.6707368421052632;0.6620947630922693;0.6707368421052632;0.6663877849822212;3186;1626;1564
277;red_fox;4750;;0.8593684210526316;0.5440490470478475;0.8593684210526316;0.6662858075573329;4082;3421;668
248;Eskimo_dog;4750;;0.623578947368421;0.7089516515078985;0.623578947368421;0.6635304659498209;2962;1216;1788
358;polecat;4750;;0.828;0.5523100688105603;0.828;0.6626231993934799;3933;3188;817
77;wolf_spider;4750;;0.8574736842105263;0.538614123247818;0.8574736842105263;0.6616309291747888;4073;3489;677
815;spider_web;4750;;0.6427368421052632;0.6779924494781256;0.6427368421052632;0.6598940884037608;3053;1450;1697
728;plastic_bag;4750;;0.7254736842105263;0.6044553587089985;0.7254736842105263;0.6594584250310975;3446;2255;1304
356;weasel;4750;;0.6189473684210526;0.6988352745424293;0.6189473684210526;0.6564698001563024;2940;1267;1810
970;alp;4750;;0.6202105263157894;0.6943200565637521;0.6202105263157894;0.655176248193039;2946;1297;1804
681;notebook;4750;;0.5503157894736842;0.7873493975903615;0.5503157894736842;0.6478314745972739;2614;706;2136
973;coral_reef;4750;;0.7513684210526316;0.564179576351565;0.7513684210526316;0.6444564824846516;3569;2757;1181
34;leatherback_turtle;4750;;0.7589473684210526;0.5577904997679096;0.7589473684210526;0.6430036564701685;3605;2858;1145
26;common_newt;4750;;0.7126315789473684;0.5626662234042553;0.7126315789473684;0.6288315065948356;3385;2631;1365
977;sandbar;4750;;0.8143157894736842;0.497491961414791;0.8143157894736842;0.6176447105788423;3868;3907;882
101;tusker;4750;;0.49873684210526315;0.8101915184678523;0.49873684210526315;0.6174094344540005;2369;555;2381
895;warplane;4750;;0.8033684210526316;0.500590318772137;0.8033684210526316;0.6168269619332417;3816;3807;934
55;green_snake;4750;;0.5174736842105263;0.7602845654191154;0.5174736842105263;0.6158085932606789;2458;775;2292
68;sidewinder;4750;;0.6825263157894736;0.5565665236051502;0.6825263157894736;0.6131442080378251;3242;2583;1508
712;Petri_dish;4750;;0.8056842105263158;0.49329724155710236;0.8056842105263158;0.6119283658458586;3827;3931;923
539;doormat;4750;;0.747578947368421;0.5168850072780203;0.747578947368421;0.6111876075731497;3551;3319;1199
240;Appenzeller;4750;;0.5345263157894737;0.7052777777777778;0.5345263157894737;0.6081437125748503;2539;1061;2211
911;wool;4750;;0.7602105263157894;0.5032752613240418;0.7602105263157894;0.6056184486373164;3611;3564;1139
66;horned_viper;4750;;0.5621052631578948;0.6523332518934767;0.5621052631578948;0.603867465792152;2670;1423;2080
60;night_snake;4750;;0.43957894736842107;0.9560439560439561;0.43957894736842107;0.6022497836746467;2088;96;2662
599;honeycomb;4750;;0.7334736842105263;0.5089103125912942;0.7334736842105263;0.600896860986547;3484;3362;1266
810;space_bar;4750;;0.6837894736842105;0.5321972800262166;0.6837894736842105;0.5985441813323505;3248;2855;1502
282;tiger_cat;4750;;0.45010526315789473;0.8582898434363709;0.45010526315789473;0.5905261704184506;2138;353;2612
188;wire-haired_fox_terrier;4750;;0.8351578947368421;0.4529055828290901;0.8351578947368421;0.5873121622621956;3967;4792;783
741;prayer_rug;4750;;0.884421052631579;0.42503035208417644;0.884421052631579;0.5741424080907476;4201;5683;549
111;nematode;4750;;0.9437894736842105;0.4014147564469914;0.9437894736842105;0.5632617162960171;4483;6685;267
73;barn_spider;4750;;0.5254736842105263;0.5823611759216052;0.5254736842105263;0.552456839309429;2496;1790;2254
238;Greater_Swiss_Mountain_dog;4750;;0.38042105263157894;0.9596388741370154;0.38042105263157894;0.5448515000753806;1807;76;2943
878;typewriter_keyboard;4750;;0.3671578947368421;0.741811994895789;0.3671578947368421;0.49119842275735803;1744;607;3006
562;fountain;4750;;0.859578947368421;0.3354144417974205;0.859578947368421;0.4825385569934409;4083;8090;667
328;sea_urchin;4750;;0.8549473684210527;0.33509365459196305;0.8549473684210527;0.4814748947774023;4061;8058;689
278;kit_fox;4750;;0.31094736842105264;0.8729314420803782;0.31094736842105264;0.45855324433405775;1477;215;3273
611;jigsaw_puzzle;4750;;0.8296842105263158;0.3125297383029342;0.8296842105263158;0.4540322580645162;3941;8669;809
74;garden_spider;4750;;0.2656842105263158;0.8363154406891982;0.2656842105263158;0.4032593065984982;1262;247;3488
947;mushroom;4750;;0.2578947368421053;0.7632398753894081;0.2578947368421053;0.38552321007081036;1225;380;3525
