class_idx;class_label;support;base_accuracy;overall_accuracy;precision;recall;f1;tp;fp;fn
986;yellow_lady's_slipper;4750;;0.964421052631579;0.9656408094435076;0.964421052631579;0.9650305456077521;4581;163;169
129;spoonbill;4750;;0.952421052631579;0.9733218588640276;0.952421052631579;0.9627580336241753;4524;124;226
339;sorrel;4750;;0.9433684210526316;0.9741304347826087;0.9433684210526316;0.9585026737967915;4481;119;269
995;earthstar;4750;;0.9395789473684211;0.971696059220553;0.9395789473684211;0.9553676549288238;4463;130;287
321;admiral;4750;;0.9328421052631579;0.9768518518518519;0.9328421052631579;0.9543398664656472;4431;105;319
136;European_gallinule;4750;;0.9326315789473684;0.9727711901624945;0.9326315789473684;0.9522785898538263;4430;124;320
135;limpkin;4750;;0.9408421052631579;0.9604556200300881;0.9408421052631579;0.9505476975433372;4469;184;281
90;lorikeet;4750;;0.9545263157894737;0.9461602671118531;0.9545263157894737;0.950324879480193;4534;258;216
11;goldfinch;4750;;0.9294736842105263;0.969264544456641;0.9294736842105263;0.9489521762493284;4415;140;335
685;odometer;4750;;0.9705263157894737;0.927938808373591;0.9705263157894737;0.9487548878370036;4610;358;140
985;daisy;4750;;0.9612631578947368;0.9314565483476133;0.9612631578947368;0.9461251554082055;4566;336;184
323;monarch;4750;;0.9383157894736842;0.9529612999786188;0.9383157894736842;0.9455818393974753;4457;220;293
14;indigo_bunting;4750;;0.924;0.9680194089104543;0.924;0.9454976303317536;4389;145;361
100;black_swan;4750;;0.9589473684210527;0.9309217249131412;0.9589473684210527;0.9447267447889661;4555;338;195
97;drake;4750;;0.9383157894736842;0.9444797626615808;0.9383157894736842;0.9413876861336995;4457;262;293
0;tench;4750;;0.9046315789473685;0.9765909090909091;0.9046315789473685;0.9392349726775956;4297;103;453
24;great_grey_owl;4750;;0.9107368421052632;0.9684351914036265;0.9107368421052632;0.9387002278398612;4326;141;424
17;jay;4750;;0.9298947368421052;0.9468381564844587;0.9298947368421052;0.9382899628252788;4417;248;333
15;robin;4750;;0.9149473684210526;0.9595937293000663;0.9149473684210526;0.9367388727233538;4346;183;404
19;chickadee;4750;;0.8926315789473684;0.9851301115241635;0.8926315789473684;0.9366026065827259;4240;64;510
95;jacamar;4750;;0.9317894736842105;0.9411014246225813;0.9317894736842105;0.9364222997990056;4426;277;324
351;hartebeest;4750;;0.8964210526315789;0.9752633989922126;0.8964210526315789;0.9341816586222028;4258;108;492
984;rapeseed;4750;;0.907157894736842;0.9590474070776764;0.907157894736842;0.9323812614951855;4309;184;441
130;flamingo;4750;;0.8901052631578947;0.9780245200092529;0.8901052631578947;0.9319960321834012;4228;95;522
255;Leonberg;4750;;0.9252631578947368;0.9373000639795266;0.9252631578947368;0.931242716389448;4395;294;355
900;water_tower;4750;;0.9176842105263158;0.9428942245295263;0.9176842105263158;0.9301184252640563;4359;264;391
91;coucal;4750;;0.8869473684210526;0.9741040462427746;0.8869473684210526;0.9284848484848485;4213;112;537
98;red-breasted_merganser;4750;;0.9031578947368422;0.9480662983425414;0.9031578947368422;0.925067385444744;4290;235;460
145;king_penguin;4750;;0.8932631578947369;0.9571396345589894;0.8932631578947369;0.924098878362191;4243;190;507
88;macaw;4750;;0.9136842105263158;0.9331326596430876;0.9136842105263158;0.9233060312732688;4340;311;410
143;oystercatcher;4750;;0.880421052631579;0.9703016241299304;0.880421052631579;0.92317880794702;4182;128;568
392;rock_beauty;4750;;0.9267368421052632;0.9165105142619197;0.9267368421052632;0.9215953103737047;4402;401;348
92;bee_eater;4750;;0.9178947368421052;0.9208025343189018;0.9178947368421052;0.9193463363205061;4360;375;390
387;lesser_panda;4750;;0.8974736842105263;0.9414752650176679;0.8974736842105263;0.9189480491485235;4263;265;487
141;redshank;4750;;0.8751578947368421;0.9658457249070632;0.8751578947368421;0.9182681687651867;4157;147;593
993;gyromitra;4750;;0.9098947368421053;0.926672384219554;0.9098947368421053;0.9182069258551093;4322;342;428
139;ruddy_turnstone;4750;;0.9296842105263158;0.9045473166734944;0.9296842105263158;0.9169435215946843;4416;466;334
13;junco;4750;;0.8821052631578947;0.9531392174704276;0.8821052631578947;0.9162475399081565;4190;206;560
430;basketball;4750;;0.8806315789473684;0.9528473804100228;0.8806315789473684;0.9153172866520789;4183;207;567
645;maypole;4750;;0.9324210526315789;0.8956521739130435;0.9324210526315789;0.9136668385765859;4429;516;321
94;hummingbird;4750;;0.9042105263157895;0.9230603911454975;0.9042105263157895;0.9135382324789961;4295;358;455
768;rugby_ball;4750;;0.8612631578947368;0.9694312796208531;0.8612631578947368;0.9121516164994425;4091;129;659
945;bell_pepper;4750;;0.8770526315789474;0.9478953356086461;0.8770526315789474;0.9110989611809732;4166;229;584
990;buckeye;4750;;0.8962105263157895;0.9246307558644656;0.8962105263157895;0.9101988454137268;4257;347;493
376;proboscis_monkey;4750;;0.9414736842105264;0.8808351388615324;0.9414736842105264;0.9101455174519182;4472;605;278
389;barracouta;4750;;0.9303157894736842;0.8902095084609186;0.9303157894736842;0.9098208770846202;4419;545;331
22;bald_eagle;4750;;0.9381052631578948;0.8802844725404978;0.9381052631578948;0.9082755809213208;4456;606;294
989;hip;4750;;0.8850526315789473;0.9319441365550876;0.8850526315789473;0.9078933160565813;4204;307;546
87;African_grey;4750;;0.852;0.9707363876229311;0.852;0.9075008409014463;4047;122;703
16;bulbul;4750;;0.8463157894736842;0.9781021897810219;0.8463157894736842;0.9074492099322798;4020;90;730
18;magpie;4750;;0.883578947368421;0.9308050565535595;0.883578947368421;0.9065773841667566;4197;312;553
85;quail;4750;;0.8928421052631579;0.9183629276743179;0.8928421052631579;0.9054227156276686;4241;377;509
388;giant_panda;4750;;0.9014736842105263;0.9083580823080186;0.9014736842105263;0.9049027895181742;4282;432;468
96;toucan;4750;;0.8696842105263158;0.9425051334702259;0.8696842105263158;0.9046315558962007;4131;252;619
625;lifeboat;4750;;0.8694736842105263;0.9422769792379648;0.8694736842105263;0.9044125698018175;4130;253;620
890;volleyball;4750;;0.9094736842105263;0.8983156581409857;0.9094736842105263;0.9038602364264043;4320;489;430
138;bustard;4750;;0.8705263157894737;0.9389191643960036;0.8705263157894737;0.9034301944505134;4135;269;615
607;jack-o'-lantern;4750;;0.9218947368421052;0.8850040420371867;0.9218947368421052;0.9030727985151576;4379;569;371
284;Siamese_cat;4750;;0.9404210526315789;0.8680528565876409;0.9404210526315789;0.902789005658852;4467;679;283
83;prairie_chicken;4750;;0.879578947368421;0.927208166888593;0.879578947368421;0.9027657735522904;4178;328;572
127;white_stork;4750;;0.86;0.9484560018574414;0.86;0.9020647013359833;4085;222;665
425;barn;4750;;0.8858947368421053;0.9177753544165758;0.8858947368421053;0.9015532940546331;4208;377;542
9;ostrich;4750;;0.9429473684210526;0.8631720948159568;0.9429473684210526;0.9012979172955025;4479;710;271
953;pineapple;4750;;0.8583157894736843;0.9479190885840503;0.8583157894736843;0.9008949287371563;4077;224;673
466;bullet_train;4750;;0.8821052631578947;0.9202723479024819;0.8821052631578947;0.9007846931097495;4190;363;560
927;trifle;4750;;0.8696842105263158;0.9325056433408578;0.8696842105263158;0.9;4131;299;619
565;freight_car;4750;;0.852421052631579;0.9518100611189468;0.852421052631579;0.8993780541981342;4049;205;701
528;dial_telephone;4750;;0.8688421052631579;0.9318130503499661;0.8688421052631579;0.8992264952609216;4127;302;623
340;zebra;4750;;0.9412631578947368;0.8606352261790183;0.9412631578947368;0.8991452991452992;4471;724;279
873;triumphal_arch;4750;;0.9061052631578947;0.8910973084886128;0.9061052631578947;0.8985386221294365;4304;526;446
347;bison;4750;;0.9126315789473685;0.883611903791276;0.9126315789473685;0.897887323943662;4335;571;415
84;peacock;4750;;0.8774736842105263;0.9176574196389256;0.8774736842105263;0.8971157985363754;4168;374;582
535;disk_brake;4750;;0.8606315789473684;0.9354691075514874;0.8606315789473684;0.8964912280701754;4088;282;662
137;American_coot;4750;;0.8397894736842105;0.9598171318575554;0.8397894736842105;0.8958005838760386;3989;167;761
247;Saint_Bernard;4750;;0.8871578947368421;0.9035162950257289;0.8871578947368421;0.8952623751858934;4214;450;536
322;ringlet;4750;;0.8486315789473684;0.9458000938526513;0.8486315789473684;0.8945849977807369;4031;231;719
396;lionfish;4750;;0.8789473684210526;0.906426400347373;0.8789473684210526;0.8924754168448054;4175;431;575
576;gondola;4750;;0.9298947368421052;0.8570042685292977;0.9298947368421052;0.8919628432956381;4417;737;333
661;Model_T;4750;;0.9204210526315789;0.8645441961637335;0.9204210526315789;0.8916080350769858;4372;685;378
133;bittern;4750;;0.844842105263158;0.9429041353383458;0.844842105263158;0.8911836553408838;4013;243;737
816;spindle;4750;;0.8625263157894737;0.9188158779995514;0.8625263157894737;0.8897817352589857;4097;362;653
560;football_helmet;4750;;0.92;0.8614232209737828;0.92;0.8897485493230174;4370;703;380
275;African_hunting_dog;4750;;0.952421052631579;0.8343784581335301;0.952421052631579;0.8895005898545025;4524;898;226
12;house_finch;4750;;0.887578947368421;0.8898269311945969;0.887578947368421;0.8887015177065767;4216;522;534
948;Granny_Smith;4750;;0.8711578947368421;0.9054704595185996;0.8711578947368421;0.8879828326180258;4138;432;612
606;iron;4750;;0.8673684210526316;0.9092915471198411;0.8673684210526316;0.8878353625686887;4120;411;630
326;lycaenid;4750;;0.8736842105263158;0.9015859222246361;0.8736842105263158;0.887415802416337;4150;453;600
955;jackfruit;4750;;0.8766315789473684;0.8979943929264611;0.8766315789473684;0.8871844039629275;4164;473;586
89;sulphur-crested_cockatoo;4750;;0.8385263157894737;0.9416075650118203;0.8385263157894737;0.8870824053452115;3983;247;767
333;hamster;4750;;0.8974736842105263;0.8746409519901518;0.8974736842105263;0.8859102244389027;4263;611;487
688;oscilloscope;4750;;0.907578947368421;0.8651414810355208;0.907578947368421;0.8858522552142197;4311;672;439
10;brambling;4750;;0.8562105263157894;0.9170236753100338;0.8562105263157894;0.8855743059335873;4067;368;683
146;albatross;4750;;0.860421052631579;0.9102449888641425;0.860421052631579;0.8846320346320347;4087;403;663
25;European_fire_salamander;4750;;0.8650526315789474;0.9046675473359753;0.8650526315789474;0.8844167025398192;4109;433;641
131;little_blue_heron;4750;;0.8730526315789474;0.8958738388420825;0.8730526315789474;0.8843160251625973;4147;482;603
324;cabbage_butterfly;4750;;0.8738947368421053;0.8948049148523388;0.8738947368421053;0.8842262221748856;4151;488;599
863;totem_pole;4750;;0.8389473684210527;0.9336925960637301;0.8389473684210527;0.8837879795963628;3985;283;765
779;school_bus;4750;;0.9012631578947369;0.866774650739016;0.9012631578947369;0.8836825265765301;4281;658;469
253;basenji;4750;;0.8486315789473684;0.919689710244125;0.8486315789473684;0.8827329464578999;4031;352;719
937;broccoli;4750;;0.8515789473684211;0.9161947904869762;0.8515789473684211;0.8827059465357339;4045;370;705
317;leafhopper;4750;;0.8345263157894737;0.9366729678638941;0.8345263157894737;0.8826541972834558;3964;268;786
23;vulture;4750;;0.8741052631578947;0.8906048906048906;0.8741052631578947;0.8822779430514237;4152;510;598
102;echidna;4750;;0.8673684210526316;0.8972125435540069;0.8673684210526316;0.8820381074716334;4120;472;630
244;Tibetan_mastiff;4750;;0.8612631578947368;0.9034893992932862;0.8612631578947368;0.8818710929079543;4091;437;659
216;clumber;4750;;0.8469473684210527;0.918073938840712;0.8469473684210527;0.8810775295663601;4023;359;727
726;plane;4750;;0.8461052631578947;0.916951859456993;0.8461052631578947;0.8801051133253038;4019;364;731
20;water_ouzel;4750;;0.8223157894736842;0.9462209302325582;0.8223157894736842;0.8799279116918225;3906;222;844
325;sulphur_butterfly;4750;;0.8583157894736843;0.902190750165966;0.8583157894736843;0.8797065487107564;4077;442;673
612;jinrikisha;4750;;0.9117894736842105;0.8495488426834052;0.9117894736842105;0.8795694557270511;4331;767;419
738;pot;4750;;0.8728421052631579;0.8841970569417786;0.8728421052631579;0.878482890136667;4146;543;604
350;ibex;4750;;0.8991578947368422;0.8562550120288693;0.8991578947368422;0.8771821729307866;4271;717;479
407;ambulance;4750;;0.8905263157894737;0.86414708886619;0.8905263157894737;0.8771384136858477;4230;665;520
952;fig;4750;;0.8538947368421053;0.8987369820518503;0.8538947368421053;0.8757422001511389;4056;457;694
621;lawn_mower;4750;;0.8825263157894737;0.8675496688741722;0.8825263157894737;0.8749739094134835;4192;640;558
426;barometer;4750;;0.8195789473684211;0.938298385153049;0.8195789473684211;0.8749297673895944;3893;256;857
93;hornbill;4750;;0.8610526315789474;0.8873942286830115;0.8610526315789474;0.8740250026712256;4090;519;660
142;dowitcher;4750;;0.8974736842105263;0.8517482517482518;0.8974736842105263;0.8740133264992312;4263;742;487
309;bee;4750;;0.8145263157894737;0.9425091352009745;0.8145263157894737;0.8738565782044042;3869;236;881
746;puck;4750;;0.887578947368421;0.8597063621533442;0.887578947368421;0.873420343898902;4216;688;534
547;electric_locomotive;4750;;0.912;0.8375870069605569;0.912;0.8732110461600483;4332;840;418
291;lion;4750;;0.9254736842105263;0.8258500845387939;0.9254736842105263;0.8728283530229326;4396;927;354
444;bicycle-built-for-two;4750;;0.8774736842105263;0.8667082553545435;0.8774736842105263;0.872057746626216;4168;641;582
832;stupa;4750;;0.867578947368421;0.876062925170068;0.867578947368421;0.8718002961709329;4121;583;629
420;banjo;4750;;0.8654736842105263;0.8778560751654922;0.8654736842105263;0.8716209053323439;4111;572;639
471;cannon;4750;;0.8475789473684211;0.8960605386156243;0.8475789473684211;0.8711457319052256;4026;467;724
496;Christmas_stocking;4750;;0.8570526315789474;0.88384715588363;0.8570526315789474;0.8702436938862762;4071;535;679
307;weevil;4750;;0.832;0.9110189027201475;0.832;0.869718309859155;3952;386;798
949;strawberry;4750;;0.8614736842105263;0.8777348777348777;0.8614736842105263;0.8695282617934551;4092;570;658
308;fly;4750;;0.8791578947368421;0.8597899938233478;0.8791578947368421;0.8693660872280629;4176;681;574
915;yurt;4750;;0.8856842105263157;0.8531737984181708;0.8856842105263157;0.8691250903832248;4207;724;543
354;Arabian_camel;4750;;0.9128421052631579;0.8276388623783165;0.9128421052631579;0.8681549704675143;4336;903;414
874;trolleybus;4750;;0.8778947368421053;0.8574953732264035;0.8778947368421053;0.8675751586393425;4170;693;580
451;bolo_tie;4750;;0.8587368421052631;0.8758857633669744;0.8587368421052631;0.8672265334325502;4079;578;671
448;birdhouse;4750;;0.8237894736842105;0.9151075771749299;0.8237894736842105;0.8670507423000222;3913;363;837
732;Polaroid_camera;4750;;0.8069473684210526;0.9364769118006352;0.8069473684210526;0.8669003731765238;3833;260;917
722;ping-pong_ball;4750;;0.8488421052631578;0.8849868305531168;0.8488421052631578;0.8665377176015474;4032;524;718
486;cello;4750;;0.8682105263157894;0.8638458315877671;0.8682105263157894;0.866022679546409;4124;650;626
355;llama;4750;;0.8867368421052632;0.8459530026109661;0.8867368421052632;0.8658649398704904;4212;767;538
225;malinois;4750;;0.8246315789473684;0.9102951429235417;0.8246315789473684;0.8653485032585883;3917;386;833
646;maze;4750;;0.8865263157894737;0.8447342026078235;0.8865263157894737;0.86512583461736;4211;774;539
957;pomegranate;4750;;0.824;0.9104442893696209;0.824;0.865067963310863;3914;385;836
959;carbonara;4750;;0.804;0.9358000490075962;0.804;0.8649077114709547;3819;262;931
933;cheeseburger;4750;;0.8623157894736843;0.8663282571912013;0.8623157894736843;0.8643173665330239;4096;632;654
991;coral_fungus;4750;;0.8263157894736842;0.904794836330106;0.8263157894736842;0.8637764084507042;3925;413;825
260;chow;4750;;0.8501052631578947;0.8766825879287885;0.8501052631578947;0.8631893971782812;4038;568;712
80;black_grouse;4750;;0.8981052631578947;0.8297996498735655;0.8981052631578947;0.862602365787079;4266;875;484
783;screw;4750;;0.9063157894736842;0.8212514307516215;0.9063157894736842;0.8616893514811851;4305;937;445
306;rhinoceros_beetle;4750;;0.8033684210526316;0.9266634288489558;0.8033684210526316;0.8606224627875508;3816;302;934
554;fireboat;4750;;0.8566315789473684;0.8642735768903993;0.8566315789473684;0.860435610065553;4069;639;681
714;pick;4750;;0.8743157894736842;0.8458248472505092;0.8743157894736842;0.8598343685300207;4153;757;597
300;tiger_beetle;4750;;0.884;0.8362875921131249;0.884;0.8594821410295773;4199;822;551
771;safe;4750;;0.8025263157894736;0.9241212121212121;0.8025263157894736;0.8590422535211267;3812;313;938
575;golfcart;4750;;0.8174736842105264;0.9049172687019342;0.8174736842105264;0.8589757770158168;3883;408;867
384;indri;4750;;0.8077894736842105;0.9166268514094601;0.8077894736842105;0.8587735004476276;3837;349;913
439;bearskin;4750;;0.9376842105263158;0.7897163120567375;0.9376842105263158;0.8573628488931665;4454;1186;296
148;killer_whale;4750;;0.9183157894736842;0.8037589828634605;0.9183157894736842;0.8572270806721038;4362;1065;388
918;crossword_puzzle;4750;;0.8208421052631579;0.8969404186795491;0.8208421052631579;0.8572056721996263;3899;448;851
274;dhole;4750;;0.8183157894736842;0.8991441128845709;0.8183157894736842;0.8568279510635953;3887;436;863
21;kite;4750;;0.8330526315789474;0.8814880819781689;0.8330526315789474;0.8565862106288559;3957;532;793
316;cicada;4750;;0.8048421052631579;0.9148121560181862;0.8048421052631579;0.8563108970769404;3823;356;927
641;maraca;4750;;0.8896842105263157;0.8250683326825459;0.8896842105263157;0.8561588330632091;4226;896;524
532;dining_table;4750;;0.832;0.88155253178675;0.832;0.856059785551825;3952;531;798
105;koala;4750;;0.791578947368421;0.931615460852329;0.791578947368421;0.8559071249715458;3760;276;990
251;dalmatian;4750;;0.8589473684210527;0.8526645768025078;0.8589473684210527;0.8557944415312009;4080;705;670
630;Loafer;4750;;0.7922105263157895;0.9302843016069221;0.7922105263157895;0.8557134735645254;3763;282;987
555;fire_engine;4750;;0.8667368421052631;0.8448594295095424;0.8667368421052631;0.8556583186116596;4117;756;633
686;oil_filter;4750;;0.8044210526315789;0.9130227001194743;0.8044210526315789;0.855288192501399;3821;364;929
140;red-backed_sandpiper;4750;;0.795578947368421;0.9237350281104865;0.795578947368421;0.8548806696075104;3779;312;971
512;corkscrew;4750;;0.8865263157894737;0.8240704500978474;0.8865263157894737;0.8541582150101421;4211;899;539
780;schooner;4750;;0.8983157894736842;0.8140022892025944;0.8983157894736842;0.8540832666132906;4267;975;483
901;whiskey_jug;4750;;0.8326315789473684;0.8761630482941959;0.8326315789473684;0.8538428324697755;3955;559;795
956;custard_apple;4750;;0.8688421052631579;0.8388211382113822;0.8688421052631579;0.8535677352637022;4127;793;623
805;soccer_ball;4750;;0.9353684210526316;0.784566484195656;0.9353684210526316;0.853356381446269;4443;1220;307
99;goose;4750;;0.8328421052631579;0.8738679036889773;0.8328421052631579;0.852861916567856;3956;571;794
393;anemone_fish;4750;;0.8218947368421052;0.8860644575578757;0.8218947368421052;0.8527741371778069;3904;502;846
684;ocarina;4750;;0.8591578947368421;0.8454526621089704;0.8591578947368421;0.8522501827294561;4081;746;669
704;parking_meter;4750;;0.7936842105263158;0.9183922046285018;0.7936842105263158;0.8514963297571994;3770;335;980
429;baseball;4750;;0.8589473684210527;0.843846949327818;0.8589473684210527;0.8513302034428796;4080;755;670
457;bow_tie;4750;;0.8212631578947368;0.8835787089467724;0.8212631578947368;0.8512820512820513;3901;514;849
727;planetarium;4750;;0.8652631578947368;0.8368967623701894;0.8652631578947368;0.8508435979712246;4110;801;640
888;viaduct;4750;;0.7993684210526316;0.9079387852702057;0.7993684210526316;0.8502015226153159;3797;385;953
954;banana;4750;;0.7924210526315789;0.9164840516191868;0.7924210526315789;0.849949192728915;3764;343;986
571;gas_pump;4750;;0.7932631578947369;0.9150072850898494;0.7932631578947369;0.8497970230040596;3768;350;982
521;Crock_Pot;4750;;0.7722105263157895;0.9426882549473143;0.7722105263157895;0.8489758129846082;3668;223;1082
147;grey_whale;4750;;0.8221052631578948;0.876936896474287;0.8221052631578948;0.8486363142453549;3905;548;845
540;drilling_platform;4750;;0.8732631578947369;0.8248160668124875;0.8732631578947369;0.848348501891809;4148;881;602
144;pelican;4750;;0.9101052631578948;0.7942311225427154;0.9101052631578948;0.8482291768860982;4323;1120;427
934;hotdog;4750;;0.7924210526315789;0.9102781136638453;0.7924210526315789;0.8472706809229038;3764;371;986
654;minibus;4750;;0.8633684210526316;0.8315085158150851;0.8633684210526316;0.8471390208634579;4101;831;649
988;acorn;4750;;0.8387368421052631;0.8553027050236153;0.8387368421052631;0.8469387755102041;3984;674;766
821;steel_arch_bridge;4750;;0.9117894736842105;0.7906170135085798;0.9117894736842105;0.8468908877590927;4331;1147;419
346;water_buffalo;4750;;0.8469473684210527;0.8465909090909091;0.8469473684210527;0.8467691012418439;4023;729;727
695;padlock;4750;;0.8572631578947368;0.8363113575682892;0.8572631578947368;0.846657656721073;4072;797;678
51;triceratops;4750;;0.8277894736842105;0.8649362076550814;0.8277894736842105;0.8459552495697075;3932;614;818
946;cardoon;4750;;0.9513684210526315;0.760902508839872;0.9513684210526315;0.845542146131537;4519;1420;231
757;recreational_vehicle;4750;;0.8701052631578947;0.8216699801192843;0.8701052631578947;0.8451942740286298;4133;897;617
178;Weimaraner;4750;;0.8753684210526316;0.816414686825054;0.8753684210526316;0.8448643706187139;4158;935;592
951;lemon;4750;;0.7661052631578947;0.9415265200517464;0.7661052631578947;0.844805571677307;3639;226;1111
160;Afghan_hound;4750;;0.8509473684210527;0.837720207253886;0.8509473684210527;0.8442819843342037;4042;783;708
919;street_sign;4750;;0.8143157894736842;0.8757074937740548;0.8143157894736842;0.8438965855787063;3868;549;882
609;jeep;4750;;0.8208421052631579;0.8681808060565576;0.8208421052631579;0.8438480683908668;3899;592;851
642;marimba;4750;;0.8258947368421052;0.8623873378764564;0.8258947368421052;0.843746639423594;3923;626;827
734;police_van;4750;;0.8185263157894737;0.8703828072531901;0.8185263157894737;0.8436584571986546;3888;579;862
872;tripod;4750;;0.82;0.8682567989300044;0.82;0.843438718059766;3895;591;855
472;canoe;4750;;0.7776842105263158;0.9211970074812967;0.7776842105263158;0.8433789954337899;3694;316;1056
614;kimono;4750;;0.8515789473684211;0.8348813209494325;0.8515789473684211;0.8431474726420011;4045;800;705
932;pretzel;4750;;0.8227368421052632;0.8634555899248785;0.8227368421052632;0.8426045709357483;3908;618;842
829;streetcar;4750;;0.8936842105263157;0.7970334209538115;0.8936842105263157;0.8425962683604605;4245;1081;505
569;garbage_truck;4750;;0.8383157894736842;0.8466935998298958;0.8383157894736842;0.8424838675552734;3982;721;768
800;slot;4750;;0.9117894736842105;0.7824751580849142;0.9117894736842105;0.8421973748176957;4331;1204;419
365;orangutan;4750;;0.868421052631579;0.8174791914387634;0.868421052631579;0.8421804818293182;4125;921;625
849;teapot;4750;;0.8802105263157894;0.8072987063139603;0.8802105263157894;0.8421794742672979;4181;998;569
796;ski_mask;4750;;0.8383157894736842;0.8456147802081121;0.8383157894736842;0.8419494661169258;3982;727;768
637;mailbox;4750;;0.7949473684210526;0.8939393939393939;0.7949473684210526;0.8415422331178961;3776;448;974
563;fountain_pen;4750;;0.8446315789473684;0.8382783117425825;0.8446315789473684;0.8414429530201342;4012;774;738
1;goldfish;4750;;0.808;0.8766560073092736;0.808;0.8409290096406661;3838;540;912
338;guinea_pig;4750;;0.7888421052631579;0.8996398559423769;0.7888421052631579;0.840605720695457;3747;418;1003
615;knee_pad;4750;;0.8208421052631579;0.8610865724381626;0.8208421052631579;0.8404828626859238;3899;629;851
914;yawl;4750;;0.7553684210526316;0.9469517022961204;0.7553684210526316;0.8403794355310926;3588;201;1162
8;hen;4750;;0.8461052631578947;0.8346832814122533;0.8461052631578947;0.8403554626241505;4019;796;731
286;cougar;4750;;0.7909473684210526;0.8962309160305344;0.7909473684210526;0.8403041825095058;3757;435;993
592;hard_disc;4750;;0.7842105263157895;0.9043457149793639;0.7842105263157895;0.8400045100913293;3725;394;1025
759;reflex_camera;4750;;0.8044210526315789;0.8787948482060718;0.8044210526315789;0.839964827434601;3821;527;929
128;black_stork;4750;;0.8690526315789474;0.8124384963589845;0.8690526315789474;0.839792493133964;4128;953;622
938;cauliflower;4750;;0.8149473684210526;0.8650279329608939;0.8149473684210526;0.8392411924119241;3871;604;879
853;thatch;4750;;0.8343157894736842;0.8433709299851032;0.8343157894736842;0.8388189226373162;3963;736;787
941;acorn_squash;4750;;0.7568421052631579;0.9406070120355835;0.7568421052631579;0.8387774148390107;3595;227;1155
608;jean;4750;;0.7513684210526316;0.9486975013290803;0.7513684210526316;0.8385808270676691;3569;193;1181
707;pay-phone;4750;;0.7776842105263158;0.9089566929133859;0.7776842105263158;0.8382119355570683;3694;370;1056
559;folding_chair;4750;;0.7526315789473684;0.9455170589791061;0.7526315789473684;0.8381197983823703;3575;206;1175
629;lipstick;4750;;0.8143157894736842;0.8630075858991522;0.8143157894736842;0.8379549393414212;3868;614;882
294;brown_bear;4750;;0.8865263157894737;0.7942285929837797;0.8865263157894737;0.8378432152805412;4211;1091;539
545;electric_fan;4750;;0.8585263157894737;0.8177260878283538;0.8585263157894737;0.8376296600595666;4078;909;672
561;forklift;4750;;0.832421052631579;0.8427109974424553;0.832421052631579;0.837534420673586;3954;738;796
678;neck_brace;4750;;0.7941052631578948;0.8846153846153846;0.7941052631578948;0.836920346128245;3772;492;978
716;picket_fence;4750;;0.8698947368421053;0.8059293934074507;0.8698947368421053;0.836691303027235;4132;995;618
994;stinkhorn;4750;;0.859578947368421;0.8138329679091091;0.859578947368421;0.8360806798402785;4083;934;667
327;starfish;4750;;0.8547368421052631;0.8180535966149506;0.8547368421052631;0.8359929990734067;4060;903;690
752;racket;4750;;0.8602105263157894;0.8124875720819248;0.8602105263157894;0.8356682687391348;4086;943;664
494;chime;4750;;0.8067368421052632;0.8657930411206507;0.8067368421052632;0.8352223190932868;3832;594;918
473;can_opener;4750;;0.7757894736842105;0.9045164457535592;0.7757894736842105;0.8352221214868539;3685;389;1065
814;speedboat;4750;;0.8616842105263158;0.8103345872104534;0.8616842105263158;0.8352208958269565;4093;958;657
658;mitten;4750;;0.7890526315789473;0.8868906767628963;0.7890526315789473;0.8351158645276292;3748;478;1002
75;black_widow;4750;;0.8237894736842105;0.8462370242214533;0.8237894736842105;0.8348623853211009;3913;711;837
594;harp;4750;;0.8892631578947369;0.7857142857142857;0.8892631578947369;0.8342879715583646;4224;1152;526
613;joystick;4750;;0.8562105263157894;0.8130747700919632;0.8562105263157894;0.8340853158326497;4067;935;683
672;mountain_tent;4750;;0.884;0.7894341041549163;0.884;0.8340450888866819;4199;1120;551
763;revolver;4750;;0.936;0.7520297699594046;0.936;0.8339898705683736;4446;1466;304
261;keeshond;4750;;0.8353684210526315;0.8325639949643306;0.8353684210526315;0.8339638503572929;3968;798;782
566;French_horn;4750;;0.8231578947368421;0.8446748757831065;0.8231578947368421;0.8337775882290224;3910;719;840
719;piggy_bank;4750;;0.8191578947368421;0.8488219895287958;0.8191578947368421;0.8337261624169702;3891;693;859
786;sewing_machine;4750;;0.7741052631578947;0.9032178825841317;0.7741052631578947;0.8336923251332049;3677;394;1073
474;cardigan;4750;;0.7936842105263158;0.8777648428405123;0.7936842105263158;0.8336097291321172;3770;525;980
122;American_lobster;4750;;0.8065263157894736;0.8622552329507089;0.8065263157894736;0.8334602414880887;3831;612;919
7;cock;4750;;0.8061052631578948;0.8614173228346457;0.8061052631578948;0.8328439369222403;3829;616;921
687;organ;4750;;0.8581052631578947;0.8088906529073229;0.8581052631578947;0.832771478189805;4076;963;674
944;artichoke;4750;;0.7778947368421053;0.8959747817652765;0.7778947368421053;0.8327698895650214;3695;429;1055
694;paddlewheel;4750;;0.8831578947368421;0.787793427230047;0.8831578947368421;0.8327543424317617;4195;1130;555
391;coho;4750;;0.8490526315789474;0.8160663698907324;0.8490526315789474;0.8322327692942634;4033;909;717
936;head_cabbage;4750;;0.8258947368421052;0.8364605543710021;0.8258947368421052;0.8311440677966102;3923;767;827
344;hippopotamus;4750;;0.7747368421052632;0.8960311663014365;0.7747368421052632;0.8309811448571751;3680;427;1070
495;china_cabinet;4750;;0.8132631578947368;0.8491976258518356;0.8132631578947368;0.8308420260243037;3863;686;887
195;Boston_bull;4750;;0.8861052631578947;0.7817607726597325;0.8861052631578947;0.8306690349319124;4209;1175;541
332;Angora;4750;;0.8033684210526316;0.8596530750168957;0.8033684210526316;0.8305582761998042;3816;623;934
649;megalith;4750;;0.7806315789473685;0.8868691700550108;0.7806315789473685;0.8303661404098086;3708;473;1042
218;Welsh_springer_spaniel;4750;;0.8107368421052632;0.8508616880247459;0.8107368421052632;0.8303147908581285;3851;675;899
903;wig;4750;;0.8328421052631579;0.8277882402176188;0.8328421052631579;0.83030748242208;3956;823;794
31;tree_frog;4750;;0.8621052631578947;0.8002735978112175;0.8621052631578947;0.8300395256916995;4095;1022;655
510;container_ship;4750;;0.836421052631579;0.8220566935650735;0.836421052631579;0.8291766670145049;3973;860;777
440;beer_bottle;4750;;0.8469473684210527;0.8117433414043583;0.8469473684210527;0.828971770039151;4023;933;727
217;English_springer;4750;;0.8149473684210526;0.8420709158146618;0.8149473684210526;0.8282871509575265;3871;726;879
668;mosque;4750;;0.8713684210526316;0.7889820815859703;0.8713684210526316;0.8281312525010004;4139;1107;611
595;harvester;4750;;0.8353684210526315;0.8206825232678386;0.8353684210526315;0.827960354720918;3968;867;782
808;sombrero;4750;;0.8151578947368421;0.8408251900108578;0.8151578947368421;0.8277926242650988;3872;733;878
912;worm_fence;4750;;0.8069473684210526;0.8485720611025016;0.8069473684210526;0.8272364303442321;3833;684;917
491;chain_saw;4750;;0.8456842105263158;0.8087376686128448;0.8456842105263158;0.8267983945662242;4017;950;733
28;spotted_salamander;4750;;0.7865263157894736;0.871065516437398;0.7865263157894736;0.8266401150569753;3736;553;1014
616;knot;4750;;0.8210526315789474;0.8315565031982942;0.8210526315789474;0.8262711864406779;3900;790;850
737;pop_bottle;4750;;0.7909473684210526;0.8636781609195402;0.7909473684210526;0.8257142857142856;3757;593;993
627;limousine;4750;;0.8183157894736842;0.8332261521972133;0.8183157894736842;0.8257036643653743;3887;778;863
330;wood_rabbit;4750;;0.8536842105263158;0.7987000196966713;0.8536842105263158;0.8252772972422917;4055;1022;695
507;combination_lock;4750;;0.7673684210526316;0.8920704845814978;0.7673684210526316;0.8250339520144861;3645;441;1105
855;thimble;4750;;0.7633684210526316;0.8973026478594407;0.7633684210526316;0.8249345921965647;3626;415;1124
924;guacamole;4750;;0.7248421052631578;0.9563888888888888;0.7248421052631578;0.8246706586826348;3443;157;1307
522;croquet_ball;4750;;0.8941052631578947;0.7652252252252252;0.8941052631578947;0.8246601941747573;4247;1303;503
837;sunglasses;4750;;0.724;0.956606397774687;0.724;0.8242061114439784;3439;156;1311
515;cowboy_hat;4750;;0.8101052631578948;0.8377966470716307;0.8101052631578948;0.8237182917692388;3848;745;902
428;barrow;4750;;0.7677894736842106;0.8882123721383341;0.7677894736842106;0.8236224028906955;3647;459;1103
628;liner;4750;;0.8336842105263158;0.8134757600657354;0.8336842105263158;0.8234560199625702;3960;908;790
773;saltshaker;4750;;0.7734736842105263;0.879578644960498;0.7734736842105263;0.8231208692729921;3674;503;1076
71;scorpion;4750;;0.8261052631578948;0.8200626959247649;0.8261052631578948;0.8230728893550079;3924;861;826
156;Blenheim_spaniel;4750;;0.899578947368421;0.758430954916578;0.899578947368421;0.8229969183359014;4273;1361;477
235;German_shepherd;4750;;0.8385263157894737;0.8077469073210303;0.8385263157894737;0.8228488792480116;3983;948;767
301;ladybug;4750;;0.7808421052631579;0.8690253045923149;0.7808421052631579;0.8225770680860501;3709;559;1041
56;king_snake;4750;;0.744;0.9193548387096774;0.744;0.822434256457994;3534;310;1216
929;ice_lolly;4750;;0.7332631578947368;0.9360386992743887;0.7332631578947368;0.8223350253807108;3483;238;1267
605;iPod;4750;;0.760421052631579;0.8951672862453531;0.760421052631579;0.8223107569721116;3612;423;1138
950;orange;4750;;0.7454736842105263;0.9161707632600259;0.7454736842105263;0.8220545560069646;3541;324;1209
86;partridge;4750;;0.7997894736842105;0.845349354695149;0.7997894736842105;0.8219385547382085;3799;695;951
57;garter_snake;4750;;0.8816842105263157;0.7697114501010843;0.8816842105263157;0.8219016779511333;4188;1253;562
666;mortar;4750;;0.8162105263157895;0.8275346851654216;0.8162105263157895;0.8218335983041866;3877;808;873
580;greenhouse;4750;;0.767578947368421;0.8838787878787879;0.767578947368421;0.8216338028169013;3646;479;1104
802;snowmobile;4750;;0.8863157894736842;0.7655937443171486;0.8863157894736842;0.8215435652258757;4210;1289;540
467;butcher_shop;4750;;0.7503157894736842;0.9073319755600815;0.7503157894736842;0.8213874164554045;3564;364;1186
379;howler_monkey;4750;;0.7907368421052632;0.8544131028207461;0.7907368421052632;0.8213426634594357;3756;640;994
755;radio_telescope;4750;;0.9029473684210526;0.7532490340709519;0.9029473684210526;0.8213328226733051;4289;1405;461
781;scoreboard;4750;;0.8244210526315789;0.8182198077726703;0.8244210526315789;0.8213087248322148;3916;870;834
511;convertible;4750;;0.8658947368421053;0.7803073420603301;0.8658947368421053;0.8208761600638659;4113;1158;637
766;rotisserie;4750;;0.8225263157894737;0.8190775681341719;0.8225263157894737;0.8207983193277311;3907;863;843
958;hay;4750;;0.7776842105263158;0.8671361502347418;0.7776842105263158;0.8199778024417314;3694;566;1056
801;snorkel;4750;;0.8507368421052631;0.7889496290511518;0.8507368421052631;0.8186790923824959;4041;1081;709
552;feather_boa;4750;;0.7547368421052632;0.8933466234737104;0.7547368421052632;0.8182129407737075;3585;428;1165
713;photocopier;4750;;0.7848421052631579;0.854262144821265;0.7848421052631579;0.8180820715382928;3728;636;1022
417;balloon;4750;;0.856421052631579;0.7829099307159353;0.856421052631579;0.818017293384275;4068;1128;682
254;pug;4750;;0.8338947368421052;0.801497369486038;0.8338947368421052;0.817375154766818;3961;981;789
375;colobus;4750;;0.8307368421052631;0.8043212392988178;0.8307368421052631;0.8173156586578294;3946;960;804
831;studio_couch;4750;;0.8029473684210526;0.8322059786166267;0.8029473684210526;0.817314904103718;3814;769;936
593;harmonica;4750;;0.7692631578947369;0.8716603053435115;0.7692631578947369;0.8172668306866473;3654;538;1096
468;cab;4750;;0.8143157894736842;0.8198389147944044;0.8143157894736842;0.8170680185889312;3868;850;882
303;long-horned_beetle;4750;;0.8157894736842105;0.8180282879459574;0.8157894736842105;0.8169073468957521;3875;862;875
320;damselfly;4750;;0.8694736842105263;0.7702349869451697;0.8694736842105263;0.8168512658227848;4130;1232;620
825;stone_wall;4750;;0.748421052631579;0.8988621997471555;0.748421052631579;0.8167719701321079;3555;400;1195
701;parachute;4750;;0.8892631578947369;0.7550947443689667;0.8892631578947369;0.8167053364269141;4224;1370;526
931;bagel;4750;;0.7816842105263158;0.854348826507133;0.7816842105263158;0.8164028144239226;3713;633;1037
822;steel_drum;4750;;0.7753684210526316;0.8605140186915888;0.7753684210526316;0.8157253599114065;3683;597;1067
544;Dutch_oven;4750;;0.7806315789473685;0.8537877043518305;0.7806315789473685;0.8155724183437808;3708;635;1042
717;pickup;4750;;0.7812631578947369;0.8529073776143415;0.7812631578947369;0.8155147785957586;3711;640;1039
939;zucchini;4750;;0.8229473684210526;0.8079785035138487;0.8229473684210526;0.8153942428035044;3909;929;841
174;Norwegian_elkhound;4750;;0.7970526315789473;0.8339207048458149;0.7970526315789473;0.8150699677072121;3786;754;964
588;hamper;4750;;0.760421052631579;0.8779776373359262;0.760421052631579;0.8149819494584838;3612;502;1138
963;pizza;4750;;0.7991578947368421;0.8302712160979877;0.7991578947368421;0.8144175069727526;3796;776;954
806;sock;4750;;0.7972631578947369;0.8323076923076923;0.7972631578947369;0.8144086021505378;3787;763;963
770;running_shoe;4750;;0.8378947368421052;0.7921974522292994;0.8378947368421052;0.8144055657867812;3980;1044;770
736;pool_table;4750;;0.8768421052631579;0.7593436645396536;0.8768421052631579;0.8138739618954568;4165;1320;585
398;abacus;4750;;0.8029473684210526;0.8250054077438892;0.8029473684210526;0.8138269497492799;3814;809;936
852;tennis_ball;4750;;0.7743157894736842;0.8573426573426574;0.7743157894736842;0.813716814159292;3678;612;1072
877;turnstile;4750;;0.7387368421052631;0.9055483870967742;0.7387368421052631;0.8136811594202898;3509;366;1241
48;Komodo_dragon;4750;;0.8223157894736842;0.8050288540807914;0.8223157894736842;0.8135805040616537;3906;946;844
679;necklace;4750;;0.8785263157894737;0.7570754716981132;0.8785263157894737;0.8132917559929838;4173;1339;577
886;vending_machine;4750;;0.8928421052631579;0.7466549295774648;0.8928421052631579;0.8132310642377756;4241;1439;509
213;Irish_setter;4750;;0.7825263157894737;0.8463114754098361;0.7825263157894737;0.8131699846860643;3717;675;1033
596;hatchet;4750;;0.7673684210526316;0.8645635673624289;0.7673684210526316;0.8130716038367165;3645;571;1105
41;whiptail;4750;;0.759578947368421;0.8744546776539021;0.759578947368421;0.8129788192879676;3608;518;1142
447;binoculars;4750;;0.7770526315789473;0.8522281228353729;0.7770526315789473;0.8129060676136989;3691;640;1059
110;flatworm;4750;;0.7781052631578947;0.850828729281768;0.7781052631578947;0.812843633164724;3696;648;1054
777;scabbard;4750;;0.832421052631579;0.7931795386158476;0.832421052631579;0.812326656394453;3954;1031;796
870;tricycle;4750;;0.8391578947368421;0.7869693978282329;0.8391578947368421;0.8122261844116149;3986;1079;764
366;gorilla;4750;;0.8261052631578948;0.7983723296032553;0.8261052631578948;0.8120020693222969;3924;991;826
290;jaguar;4750;;0.7873684210526316;0.8376259798432251;0.7873684210526316;0.8117200217037439;3740;725;1010
292;tiger;4750;;0.9126315789473685;0.7296751388655108;0.9126315789473685;0.8109624918155458;4335;1606;415
723;pinwheel;4750;;0.8637894736842106;0.7642018997951201;0.8637894736842106;0.8109496985868169;4103;1266;647
318;lacewing;4750;;0.7882105263157895;0.8349687778768956;0.7882105263157895;0.8109161793372319;3744;740;1006
583;guillotine;4750;;0.8273684210526315;0.7950637264818936;0.8273684210526315;0.8108944599195295;3930;1013;820
610;jersey;4750;;0.8381052631578947;0.7845880961765865;0.8381052631578947;0.8104641693811075;3981;1093;769
553;file;4750;;0.7294736842105263;0.9111227977912174;0.7294736842105263;0.8102420203437389;3465;338;1285
880;unicycle;4750;;0.7981052631578948;0.8225211542633977;0.7981052631578948;0.810129287317021;3791;818;959
70;harvestman;4750;;0.7578947368421053;0.8699855002416627;0.7578947368421053;0.8100810081008101;3600;538;1150
442;bell_cote;4750;;0.7688421052631579;0.854668850924409;0.7688421052631579;0.8094868668957109;3652;621;1098
362;badger;4750;;0.8991578947368422;0.7359986214027228;0.8991578947368422;0.8094380744811902;4271;1532;479
902;whistle;4750;;0.856;0.7676043043232018;0.856;0.8093958395540957;4066;1231;684
758;reel;4750;;0.740421052631579;0.8924130931235726;0.740421052631579;0.8093429985041998;3517;424;1233
299;meerkat;4750;;0.8576842105263158;0.7660774727341105;0.8576842105263158;0.8092967818831943;4074;1244;676
655;miniskirt;4750;;0.732421052631579;0.9036363636363637;0.732421052631579;0.8090697674418605;3479;371;1271
823;stethoscope;4750;;0.7551578947368421;0.8712654845761477;0.7551578947368421;0.8090673282959288;3587;530;1163
104;wallaby;4750;;0.7821052631578947;0.8374661857529305;0.7821052631578947;0.8088395384280427;3715;721;1035
245;French_bulldog;4750;;0.7458947368421053;0.8833208676140614;0.7458947368421053;0.8088117794772286;3543;468;1207
790;shopping_basket;4750;;0.7696842105263157;0.852015847121883;0.7696842105263157;0.8087600929100762;3656;635;1094
477;carpenter's_kit;4750;;0.783157894736842;0.8346421359658963;0.783157894736842;0.808080808080808;3720;737;1030
765;rocking_chair;4750;;0.7709473684210526;0.8472929199444702;0.7709473684210526;0.8073192239858907;3662;660;1088
198;standard_schnauzer;4750;;0.7452631578947368;0.8805970149253731;0.7452631578947368;0.8072976054732041;3540;480;1210
120;fiddler_crab;4750;;0.7774736842105263;0.8393181818181819;0.7774736842105263;0.8072131147540984;3693;707;1057
682;obelisk;4750;;0.764;0.8554926921263555;0.764;0.8071619217081851;3629;613;1121
699;panpipe;4750;;0.8286315789473684;0.7860994607549431;0.8286315789473684;0.8068053705032284;3936;1071;814
69;trilobite;4750;;0.7547368421052632;0.866151244261899;0.7547368421052632;0.8066149173135336;3585;554;1165
443;bib;4750;;0.7726315789473684;0.8436781609195402;0.7726315789473684;0.8065934065934065;3670;680;1080
259;Pomeranian;4750;;0.863578947368421;0.7562684365781711;0.863578947368421;0.8063691763318263;4102;1322;648
228;komondor;4750;;0.8048421052631579;0.8073917634635691;0.8048421052631579;0.8061149182920401;3823;912;927
449;boathouse;4750;;0.7461052631578947;0.8765767994063814;0.7461052631578947;0.8060957579893097;3544;499;1206
335;fox_squirrel;4750;;0.8692631578947368;0.750863793416985;0.8692631578947368;0.8057371450873256;4129;1370;621
283;Persian_cat;4750;;0.8410526315789474;0.7730263157894737;0.8410526315789474;0.8056059689453517;3995;1173;755
670;motor_scooter;4750;;0.8858947368421053;0.7385047385047385;0.8858947368421053;0.8055130168453293;4208;1490;542
383;Madagascar_cat;4750;;0.8976842105263158;0.7302620311697209;0.8976842105263158;0.8053640570403249;4264;1575;486
640;manhole_cover;4750;;0.7730526315789473;0.8402745995423341;0.7730526315789473;0.8052631578947369;3672;698;1078
981;ballplayer;4750;;0.8193684210526315;0.7915395566402278;0.8193684210526315;0.8052136133236785;3892;1025;858
517;crane;4750;;0.8052631578947368;0.805093664491686;0.8052631578947368;0.8051784022734447;3825;926;925
604;hourglass;4750;;0.9254736842105263;0.712248865845755;0.9254736842105263;0.8049807727522432;4396;1776;354
27;eft;4750;;0.7541052631578947;0.8623013962445836;0.7541052631578947;0.8045822102425876;3582;572;1168
404;airliner;4750;;0.9191578947368421;0.7152686762778506;0.9191578947368421;0.8044960383268841;4366;1738;384
942;butternut_squash;4750;;0.7149473684210527;0.917589840583626;0.7149473684210527;0.8036918707845225;3396;305;1354
262;Brabancon_griffon;4750;;0.7823157894736842;0.8259613247388309;0.7823157894736842;0.8035463293329008;3716;783;1034
715;pickelhaube;4750;;0.7734736842105263;0.8357597816196543;0.7734736842105263;0.8034113273562212;3674;722;1076
113;snail;4750;;0.8477894736842105;0.7634123222748815;0.8477894736842105;0.8033915211970075;4027;1248;723
711;perfume;4750;;0.7976842105263158;0.8084062299978665;0.7976842105263158;0.8030094309632299;3789;898;961
603;horse_cart;4750;;0.8850526315789473;0.734579765857068;0.8850526315789473;0.8028263152869283;4204;1519;546
720;pill_bottle;4750;;0.796;0.809462641832584;0.796;0.8026748752786328;3781;890;969
920;traffic_light;4750;;0.8267368421052631;0.7794759825327511;0.8267368421052631;0.8024111156518186;3927;1111;823
943;cucumber;4750;;0.7263157894736842;0.8958712022851207;0.7263157894736842;0.8022322985699337;3450;401;1300
458;brass;4750;;0.7574736842105263;0.85260663507109;0.7574736842105263;0.8022296544035674;3598;622;1152
215;Brittany_spaniel;4750;;0.7637894736842106;0.8443099837095648;0.7637894736842106;0.8020338233668619;3628;669;1122
455;bottlecap;4750;;0.751578947368421;0.8596195521309896;0.751578947368421;0.8019768617320004;3570;583;1180
882;vacuum;4750;;0.7250526315789474;0.8966414996094767;0.7250526315789474;0.8017692934466302;3444;397;1306
445;bikini;4750;;0.7850526315789473;0.8192003514938488;0.7850526315789473;0.8017630617071597;3729;823;1021
76;tarantula;4750;;0.8477894736842105;0.7600981502453756;0.8477894736842105;0.8015525477707006;4027;1271;723
567;frying_pan;4750;;0.7206315789473684;0.9026898734177216;0.7206315789473684;0.801451650667291;3423;369;1327
427;barrel;4750;;0.755578947368421;0.8531019729023057;0.755578947368421;0.8013843920955677;3589;618;1161
653;milk_can;4750;;0.771578947368421;0.8329545454545455;0.771578947368421;0.8010928961748633;3665;735;1085
889;violin;4750;;0.7503157894736842;0.8590021691973969;0.7503157894736842;0.8009888751545117;3564;585;1186
352;impala;4750;;0.8762105263157894;0.7375509480772638;0.8762105263157894;0.8009236986433176;4162;1481;588
785;seat_belt;4750;;0.8187368421052632;0.7829675860680492;0.8187368421052632;0.8004528146547288;3889;1078;861
858;tile_roof;4750;;0.7511578947368421;0.8552253116011506;0.7511578947368421;0.7998206680116567;3568;604;1182
400;academic_gown;4750;;0.8707368421052631;0.73936360386128;0.8707368421052631;0.7996906419180201;4136;1458;614
53;ringneck_snake;4750;;0.7315789473684211;0.8817558995178889;0.7315789473684211;0.7996778276377863;3475;466;1275
869;trench_coat;4750;;0.7273684210526316;0.8874903673259696;0.7273684210526316;0.7994909175054957;3455;438;1295
401;accordion;4750;;0.836421052631579;0.7649210627647285;0.836421052631579;0.7990748189863234;3973;1221;777
724;pirate;4750;;0.8273684210526315;0.7724056603773585;0.8273684210526315;0.7989428745680016;3930;1158;820
659;mixing_bowl;4750;;0.7351578947368421;0.8745304282494365;0.7351578947368421;0.798810476952991;3492;501;1258
826;stopwatch;4750;;0.7629473684210526;0.8381128584643849;0.7629473684210526;0.7987657042098303;3624;700;1126
39;common_iguana;4750;;0.7743157894736842;0.8244788164088769;0.7743157894736842;0.7986103571816305;3678;783;1072
962;meat_loaf;4750;;0.7265263157894737;0.8864628820960698;0.7265263157894737;0.7985653129700335;3451;442;1299
258;Samoyed;4750;;0.8370526315789474;0.7634408602150538;0.8370526315789474;0.7985539264912632;3976;1232;774
518;crash_helmet;4750;;0.8865263157894737;0.7262849258364954;0.8865263157894737;0.798445202882063;4211;1587;539
652;military_uniform;4750;;0.7456842105263158;0.8588748787584869;0.7456842105263158;0.7982871309443317;3542;582;1208
697;pajama;4750;;0.7757894736842105;0.8219942003122909;0.7757894736842105;0.7982237625907072;3685;798;1065
79;centipede;4750;;0.7949473684210526;0.801358234295416;0.7949473684210526;0.798139928133587;3776;936;974
842;swimming_trunks;4750;;0.795578947368421;0.7999576629974597;0.795578947368421;0.7977622968123285;3779;945;971
774;sandal;4750;;0.7646315789473684;0.8337924701561065;0.7646315789473684;0.7977157917856358;3632;724;1118
778;scale;4750;;0.7103157894736842;0.9091888978711937;0.7103157894736842;0.7975416617421108;3374;337;1376
881;upright;4750;;0.8614736842105263;0.7423802612481858;0.8614736842105263;0.7975053595790295;4092;1420;658
441;beer_glass;4750;;0.8345263157894737;0.7636293585051049;0.8345263157894737;0.7975052811588371;3964;1227;786
622;lens_cap;4750;;0.708421052631579;0.9116770522893525;0.708421052631579;0.7972988982348063;3365;326;1385
982;groom;4750;;0.7006315789473684;0.9236747155148487;0.7006315789473684;0.7968394588770501;3328;275;1422
214;Gordon_setter;4750;;0.7547368421052632;0.8425381903642774;0.7547368421052632;0.7962243198223209;3585;670;1165
423;barber_chair;4750;;0.7747368421052632;0.8188696039163329;0.7747368421052632;0.796192124621376;3680;814;1070
500;cliff_dwelling;4750;;0.7061052631578948;0.9124047878128401;0.7061052631578948;0.7961072869689058;3354;322;1396
745;projector;4750;;0.7568421052631579;0.8395609528257824;0.7568421052631579;0.7960584588131089;3595;687;1155
421;bannister;4750;;0.7802105263157895;0.812541109405832;0.7802105263157895;0.7960476855332402;3706;855;1044
190;Sealyham_terrier;4750;;0.8416842105263158;0.7546243865609664;0.8416842105263158;0.79578025477707;3998;1300;752
761;remote_control;4750;;0.7568421052631579;0.8385817588056916;0.7568421052631579;0.7956180148279296;3595;692;1155
597;holster;4750;;0.7261052631578947;0.8798469387755102;0.7261052631578947;0.7956170703575547;3449;471;1301
132;American_egret;4750;;0.9166315789473685;0.7019184265677898;0.9166315789473685;0.7950333242034145;4354;1849;396
589;hand_blower;4750;;0.6955789473684211;0.9275687815833801;0.6955789473684211;0.794995187680462;3304;258;1446
293;cheetah;4750;;0.8932631578947369;0.7153936941493846;0.8932631578947369;0.7944948974815093;4243;1688;507
841;sweatshirt;4750;;0.724;0.8793147532600358;0.724;0.7941346264865489;3439;472;1311
647;measuring_cup;4750;;0.7271578947368421;0.8742090609972158;0.7271578947368421;0.7939317319848292;3454;497;1296
243;bull_mastiff;4750;;0.7490526315789474;0.8441281138790035;0.7490526315789474;0.7937534857780256;3558;657;1192
152;Japanese_spaniel;4750;;0.8136842105263158;0.7747043495690519;0.8136842105263158;0.7937159872676867;3865;1124;885
502;clog;4750;;0.7418947368421053;0.853268765133172;0.7418947368421053;0.7936936936936937;3524;606;1226
581;grille;4750;;0.7562105263157894;0.8349604834960483;0.7562105263157894;0.7936367653557226;3592;710;1158
514;cowboy_boot;4750;;0.7684210526315789;0.8198562443845463;0.7684210526315789;0.7933058030862855;3650;802;1100
568;fur_coat;4750;;0.8208421052631579;0.7673686282227908;0.8208421052631579;0.7932051673278405;3899;1182;851
706;patio;4750;;0.7492631578947369;0.8423668639053254;0.7492631578947369;0.7930919220055711;3559;666;1191
586;half_track;4750;;0.7947368421052632;0.7907415165479682;0.7947368421052632;0.7927341453170937;3775;999;975
154;Pekinese;4750;;0.7250526315789474;0.8741116751269036;0.7250526315789474;0.7926352128883776;3444;496;1306
397;puffer;4750;;0.7503157894736842;0.8395759717314487;0.7503157894736842;0.7924402445803224;3564;681;1186
487;cellular_telephone;4750;;0.8176842105263158;0.768044295036583;0.8176842105263158;0.792087284592638;3884;1173;866
343;warthog;4750;;0.7730526315789473;0.8113124171453823;0.7730526315789473;0.7917205692108669;3672;854;1078
836;sunglass;4750;;0.7370526315789474;0.8549450549450549;0.7370526315789474;0.7916336913510459;3501;594;1249
81;ptarmigan;4750;;0.7107368421052631;0.8924134284959028;0.7107368421052631;0.7912809094105239;3376;407;1374
279;Arctic_fox;4750;;0.8597894736842105;0.7320308298978312;0.8597894736842105;0.7907832316778004;4084;1495;666
403;aircraft_carrier;4750;;0.7778947368421053;0.8036102653327534;0.7778947368421053;0.790543431750107;3695;903;1055
418;ballpoint;4750;;0.7509473684210526;0.8341908325537886;0.7509473684210526;0.7903833370263682;3567;709;1183
789;shoji;4750;;0.8410526315789474;0.7451967916433502;0.8410526315789474;0.7902284640490554;3995;1366;755
463;bucket;4750;;0.7315789473684211;0.8588729609490855;0.7315789473684211;0.790131878126421;3475;571;1275
940;spaghetti_squash;4750;;0.7191578947368421;0.8754484879548949;0.7191578947368421;0.7896440129449838;3416;486;1334
935;mashed_potato;4750;;0.6922105263157895;0.9189491335941867;0.6922105263157895;0.7896253602305475;3288;290;1462
30;bullfrog;4750;;0.7661052631578947;0.8140939597315436;0.7661052631578947;0.7893709327548807;3639;831;1111
698;palace;4750;;0.7471578947368421;0.83545197740113;0.7471578947368421;0.7888419648810847;3549;699;1201
756;rain_barrel;4750;;0.7905263157894736;0.7868818105616094;0.7905263157894736;0.7886998529720648;3755;1017;995
364;three-toed_sloth;4750;;0.8469473684210527;0.7378943506969919;0.8469473684210527;0.7886688884532446;4023;1429;727
897;washer;4750;;0.6934736842105264;0.913224286110341;0.6934736842105264;0.7883211678832117;3294;313;1456
331;hare;4750;;0.8450526315789474;0.7381390216991541;0.8450526315789474;0.7879858657243816;4014;1424;736
775;sarong;4750;;0.748;0.8318894872395224;0.748;0.787717547943687;3553;718;1197
349;bighorn;4750;;0.8313684210526315;0.7482000757862827;0.8313684210526315;0.7875947347427205;3949;1329;801
169;borzoi;4750;;0.8258947368421052;0.752397391637898;0.8258947368421052;0.7874347651545563;3923;1291;827
730;plow;4750;;0.7663157894736842;0.8090686819293176;0.7663157894736842;0.787112120229214;3640;859;1110
859;toaster;4750;;0.7661052631578947;0.8090262338817252;0.7661052631578947;0.7869809688581315;3639;859;1111
37;box_turtle;4750;;0.7884210526315789;0.7851153039832285;0.7884210526315789;0.786764705882353;3745;1025;1005
891;waffle_iron;4750;;0.7774736842105263;0.7960767406768701;0.7774736842105263;0.7866652465651294;3693;946;1057
419;Band_Aid;4750;;0.74;0.8385019083969466;0.74;0.7861775889062849;3515;677;1235
239;Bernese_mountain_dog;4750;;0.8637894736842106;0.7210896309314587;0.8637894736842106;0.786015325670498;4103;1587;647
557;flagpole;4750;;0.7764210526315789;0.7955133735979293;0.7764210526315789;0.7858512678457276;3688;948;1062
840;swab;4750;;0.7833684210526316;0.7871800296170933;0.7833684210526316;0.7852696000844149;3721;1006;1029
634;lumbermill;4750;;0.7033684210526315;0.8883275724541345;0.7033684210526315;0.7851016331805898;3341;420;1409
377;marmoset;4750;;0.7315789473684211;0.8467348927875243;0.7315789473684211;0.78495595211204;3475;629;1275
762;restaurant;4750;;0.7223157894736842;0.8590385578367551;0.7223157894736842;0.7847666971637695;3431;563;1319
363;armadillo;4750;;0.8616842105263158;0.7203449489616333;0.8616842105263158;0.7847009202453988;4093;1589;657
289;snow_leopard;4750;;0.8296842105263158;0.7437252311756936;0.8296842105263158;0.7843566524032242;3941;1358;809
871;trimaran;4750;;0.8623157894736843;0.7192273924495172;0.8623157894736843;0.7842987075155577;4096;1599;654
838;sunscreen;4750;;0.6671578947368421;0.9502248875562219;0.6671578947368421;0.7839208410636981;3169;166;1581
667;mortarboard;4750;;0.8214736842105264;0.7493758402150951;0.8214736842105264;0.7837702119112182;3902;1305;848
969;eggnog;4750;;0.7229473684210527;0.8552926525529265;0.7229473684210527;0.7835710211066743;3434;581;1316
830;stretcher;4750;;0.7334736842105263;0.8393158275114431;0.7334736842105263;0.7828333895067969;3484;667;1266
675;moving_van;4750;;0.7136842105263158;0.8667859882383022;0.7136842105263158;0.7828195358503636;3390;521;1360
572;goblet;4750;;0.771578947368421;0.7934617882658584;0.771578947368421;0.7823673817910128;3665;954;1085
996;hen-of-the-woods;4750;;0.756;0.8100609068351003;0.756;0.7820973538059458;3591;842;1159
883;vase;4750;;0.7469473684210526;0.820157189089228;0.7469473684210526;0.7818422212428382;3548;778;1202
157;papillon;4750;;0.8637894736842106;0.713317107093185;0.8637894736842106;0.7813749761950104;4103;1649;647
602;horizontal_bar;4750;;0.6943157894736842;0.8932827735644637;0.6943157894736842;0.781331438047856;3298;394;1452
696;paintbrush;4750;;0.7290526315789474;0.8413508260447036;0.7290526315789474;0.7811865553801037;3463;653;1287
150;sea_lion;4750;;0.8124210526315789;0.7522417153996102;0.8124210526315789;0.7811740890688259;3859;1271;891
149;dugong;4750;;0.8082105263157895;0.7558574522543808;0.8082105263157895;0.781157798351816;3839;1240;911
833;submarine;4750;;0.7724210526315789;0.7897115798536375;0.7724210526315789;0.7809706257982121;3669;977;1081
601;hoopskirt;4750;;0.8166315789473684;0.7479753181642884;0.8166315789473684;0.7807971014492753;3879;1307;871
928;ice_cream;4750;;0.7197894736842105;0.8530439121756487;0.7197894736842105;0.7807718657227677;3419;589;1331
579;grand_piano;4750;;0.7650526315789473;0.7969298245614035;0.7650526315789473;0.7806659505907626;3634;926;1116
296;ice_bear;4750;;0.8338947368421052;0.7337902927010004;0.8338947368421052;0.7806464327946393;3961;1437;789
531;digital_watch;4750;;0.8054736842105263;0.7567246835443038;0.8054736842105263;0.7803385682235366;3826;1230;924
827;stove;4750;;0.7494736842105263;0.8137142857142857;0.7494736842105263;0.7802739726027396;3560;815;1190
173;Ibizan_hound;4750;;0.7061052631578948;0.8711688311688311;0.7061052631578948;0.7799999999999999;3354;496;1396
196;miniature_schnauzer;4750;;0.7882105263157895;0.7719587628865979;0.7882105263157895;0.7799999999999999;3744;1106;1006
288;leopard;4750;;0.7688421052631579;0.7909898202295863;0.7688421052631579;0.7797587274474218;3652;965;1098
72;black_and_gold_garden_spider;4750;;0.9117894736842105;0.6810819311212455;0.9117894736842105;0.7797281483481862;4331;2028;419
43;frilled_lizard;4750;;0.6970526315789474;0.8845845578413037;0.6970526315789474;0.7797009301777934;3311;432;1439
772;safety_pin;4750;;0.7178947368421053;0.8529264632316158;0.7178947368421053;0.7796067672610882;3410;588;1340
533;dishrag;4750;;0.6981052631578948;0.8823842469398616;0.6981052631578948;0.7795016455101081;3316;442;1434
29;axolotl;4750;;0.8092631578947368;0.751662104028158;0.8092631578947368;0.7793998377939984;3844;1270;906
671;mountain_bike;4750;;0.9025263157894737;0.685700575815739;0.9025263157894737;0.7793128522086893;4287;1965;463
834;suit;4750;;0.7726315789473684;0.7856989937914793;0.7726315789473684;0.7791104978240103;3670;1001;1080
121;king_crab;4750;;0.7703157894736842;0.7878983634797588;0.7703157894736842;0.7790078773685332;3659;985;1091
573;go-kart;4750;;0.9018947368421053;0.685549687950072;0.9018947368421053;0.7789799072642968;4284;1965;466
930;French_loaf;4750;;0.7191578947368421;0.8495399154439194;0.7191578947368421;0.7789305666400639;3416;605;1334
537;dogsled;4750;;0.9288421052631579;0.6700075930144267;0.9288421052631579;0.7784737538597265;4412;2173;338
164;bluetick;4750;;0.7263157894736842;0.8381924198250729;0.7263157894736842;0.7782540040604558;3450;666;1300
543;dumbbell;4750;;0.7654736842105263;0.7911227154046997;0.7654736842105263;0.778086882088594;3636;960;1114
998;ear;4750;;0.8016842105263158;0.755705497122445;0.8016842105263158;0.7780161405659414;3808;1231;942
268;Mexican_hairless;4750;;0.867578947368421;0.7048058833589875;0.867578947368421;0.7777672926299896;4121;1726;629
295;American_black_bear;4750;;0.8665263157894737;0.7051567586088744;0.8665263157894737;0.7775573816945309;4116;1721;634
910;wooden_spoon;4750;;0.7050526315789474;0.8664941785252264;0.7050526315789474;0.7774811375507836;3349;516;1401
38;banded_gecko;4750;;0.7829473684210526;0.7718970527189706;0.7829473684210526;0.7773829431438127;3719;1099;1031
967;espresso;4750;;0.7968421052631579;0.7585170340681363;0.7968421052631579;0.7772073921971252;3785;1205;965
753;radiator;4750;;0.7513684210526316;0.8041910770617395;0.7513684210526316;0.7768828907270352;3569;869;1181
907;wine_bottle;4750;;0.775578947368421;0.7773791939227686;0.775578947368421;0.7764780271893771;3684;1055;1066
997;bolete;4750;;0.8913684210526316;0.6871145731905226;0.8913684210526316;0.7760263929618769;4234;1928;516
263;Pembroke;4750;;0.712;0.8525334005545753;0.712;0.7759550304003671;3382;585;1368
220;Sussex_spaniel;4750;;0.692;0.8828901423583132;0.692;0.775876312994217;3287;436;1463
850;teddy;4750;;0.8063157894736842;0.7476088229552996;0.8063157894736842;0.7758533373847869;3830;1293;920
564;four-poster;4750;;0.8412631578947368;0.7198702936407855;0.8412631578947368;0.7758470051451316;3996;1555;754
52;thunder_snake;4750;;0.7147368421052631;0.8483258370814593;0.7147368421052631;0.7758226691042047;3395;607;1355
966;red_wine;4750;;0.7934736842105263;0.7583501006036217;0.7934736842105263;0.775514403292181;3769;1201;981
925;consomme;4750;;0.7978947368421052;0.7542288557213931;0.7978947368421052;0.7754475703324809;3790;1235;960
965;burrito;4750;;0.6804210526315789;0.9010315026484528;0.6804210526315789;0.7753388509056015;3232;355;1518
523;crutch;4750;;0.6873684210526316;0.8886771910724006;0.6873684210526316;0.7751661918328586;3265;409;1485
353;gazelle;4750;;0.7058947368421052;0.8593029215786776;0.7058947368421052;0.7750809061488674;3353;549;1397
433;bathing_cap;4750;;0.8292631578947368;0.7272895125553914;0.8292631578947368;0.7749360613810742;3939;1477;811
452;bonnet;4750;;0.7677894736842106;0.7817792068595927;0.7677894736842106;0.774721189591078;3647;1018;1103
337;beaver;4750;;0.7381052631578947;0.8151592652871426;0.7381052631578947;0.7747210253010717;3506;795;1244
302;ground_beetle;4750;;0.7557894736842106;0.7942477876106194;0.7557894736842106;0.7745415318230853;3590;930;1160
118;Dungeness_crab;4750;;0.7526315789473684;0.7974570600044613;0.7526315789473684;0.7743961875879996;3575;908;1175
538;dome;4750;;0.759578947368421;0.7893239991249179;0.759578947368421;0.7741658620319709;3608;963;1142
964;potpie;4750;;0.7231578947368421;0.8327272727272728;0.7231578947368421;0.7740845070422535;3435;690;1315
305;dung_beetle;4750;;0.7223157894736842;0.8335762876579204;0.7223157894736842;0.7739679675163545;3431;685;1319
273;dingo;4750;;0.7387368421052631;0.8126447429365447;0.7387368421052631;0.7739303043670048;3509;809;1241
857;throne;4750;;0.7690526315789473;0.7780617678381256;0.7690526315789473;0.7735309687665431;3653;1042;1097
219;cocker_spaniel;4750;;0.7454736842105263;0.8034944406625822;0.7454736842105263;0.7733974008954898;3541;866;1209
236;Doberman;4750;;0.7248421052631578;0.8288396726047184;0.7248421052631578;0.773360287511231;3443;711;1307
578;gown;4750;;0.7372631578947368;0.812152133580705;0.7372631578947368;0.772897815051865;3502;810;1248
437;beacon;4750;;0.7271578947368421;0.8245404631176891;0.7271578947368421;0.7727933773352723;3454;735;1296
708;pedestal;4750;;0.7757894736842105;0.7694717059929004;0.7757894736842105;0.77261767480868;3685;1104;1065
626;lighter;4750;;0.7338947368421053;0.8154385964912281;0.7338947368421053;0.7725207756232687;3486;789;1264
459;brassiere;4750;;0.8206315789473684;0.7292797006548176;0.8206315789473684;0.7722634967805844;3898;1447;852
702;parallel_bars;4750;;0.8195789473684211;0.729846269216348;0.8195789473684211;0.7721142403808013;3893;1441;857
992;agaric;4750;;0.8934736842105263;0.6784972022382094;0.8934736842105263;0.7712857791912767;4244;2011;506
710;pencil_sharpener;4750;;0.7054736842105264;0.850507614213198;0.7054736842105264;0.7712313003452245;3351;589;1399
693;paddle;4750;;0.8290526315789474;0.7207174231332357;0.8290526315789474;0.7710984922655179;3938;1526;812
846;table_lamp;4750;;0.8147368421052632;0.7317073170731707;0.8147368421052632;0.7709931268054586;3870;1419;880
42;agama;4750;;0.7978947368421052;0.7453294001966568;0.7978947368421052;0.7707168276563294;3790;1295;960
506;coil;4750;;0.7033684210526315;0.8516441498852919;0.7033684210526315;0.7704369883546639;3341;582;1409
422;barbell;4750;;0.7046315789473684;0.8494923857868021;0.7046315789473684;0.7703107019562716;3347;593;1403
809;soup_bowl;4750;;0.7178947368421053;0.830694275274056;0.7178947368421053;0.7701863354037267;3410;695;1340
503;cocktail_shaker;4750;;0.776;0.7642546133112171;0.776;0.7700825237647551;3686;1137;1064
211;vizsla;4750;;0.7694736842105263;0.7701222081753055;0.7694736842105263;0.7697978096040439;3655;1091;1095
875;trombone;4750;;0.7709473684210526;0.7683592110784725;0.7709473684210526;0.7696511139134089;3662;1104;1088
336;marmot;4750;;0.8378947368421052;0.7116037904523511;0.8378947368421052;0.7696026297979309;3980;1613;770
896;washbasin;4750;;0.7987368421052632;0.7418850215095816;0.7987368421052632;0.7692619626926197;3794;1320;956
82;ruffed_grouse;4750;;0.8482105263157895;0.7036325532658051;0.8482105263157895;0.7691867124856816;4029;1697;721
412;ashcan;4750;;0.7223157894736842;0.8223873441994247;0.7223157894736842;0.7691100650078458;3431;741;1319
813;spatula;4750;;0.6932631578947368;0.8631716906946265;0.6932631578947368;0.7689433741973146;3293;522;1457
898;water_bottle;4750;;0.7155789473684211;0.8304422184216956;0.7155789473684211;0.768743639036526;3399;694;1351
624;library;4750;;0.736;0.8044178554993097;0.736;0.7686895338610377;3496;850;1254
879;umbrella;4750;;0.7349473684210527;0.8045632634247523;0.7349473684210527;0.7681813180767961;3491;848;1259
171;Italian_greyhound;4750;;0.7423157894736843;0.7957571654254119;0.7423157894736843;0.7681080492321097;3526;905;1224
378;capuchin;4750;;0.808;0.7318840579710145;0.808;0.7680608365019013;3838;1406;912
632;loudspeaker;4750;;0.716421052631579;0.826773566569485;0.716421052631579;0.7676517031355741;3403;713;1347
499;cleaver;4750;;0.6875789473684211;0.8679245283018868;0.6875789473684211;0.7672970750616703;3266;497;1484
372;baboon;4750;;0.8498947368421053;0.6985637653573282;0.8498947368421053;0.7668344572134106;4037;1742;713
234;Rottweiler;4750;;0.8292631578947368;0.7130702389572773;0.8292631578947368;0.766789955226786;3939;1585;811
546;electric_guitar;4750;;0.7288421052631578;0.8079346557759627;0.7288421052631578;0.7663530713890425;3462;823;1288
483;castle;4750;;0.7656842105263157;0.7666526138279932;0.7656842105263157;0.7661681061723192;3637;1107;1113
906;Windsor_tie;4750;;0.7098947368421052;0.8317710902812038;0.7098947368421052;0.7660154475238529;3372;682;1378
574;golf_ball;4750;;0.8202105263157895;0.7177597641857038;0.8202105263157895;0.765572804087247;3896;1532;854
414;backpack;4750;;0.6808421052631579;0.874054054054054;0.6808421052631579;0.7654437869822486;3234;466;1516
960;chocolate_sauce;4750;;0.7271578947368421;0.807953216374269;0.7271578947368421;0.7654293628808864;3454;821;1296
636;mailbag;4750;;0.8313684210526315;0.7071991404011462;0.8313684210526315;0.7642732726920844;3949;1635;801
844;switch;4750;;0.6726315789473685;0.8828405636916276;0.6726315789473685;0.7635320826861035;3195;424;1555
791;shopping_cart;4750;;0.7513684210526316;0.7760382691889541;0.7513684210526316;0.763504118087496;3569;1030;1181
665;moped;4750;;0.743578947368421;0.784365978236731;0.743578947368421;0.763428077380309;3532;971;1218
264;Cardigan;4750;;0.7711578947368422;0.7547908510199877;0.7711578947368422;0.7628865979381445;3663;1190;1087
600;hook;4750;;0.6532631578947369;0.916420555227407;0.6532631578947369;0.7627826941986234;3103;283;1647
862;torch;4750;;0.7774736842105263;0.7477222109738814;0.7774736842105263;0.7623077716998659;3693;1246;1057
760;refrigerator;4750;;0.7261052631578947;0.8022795999069551;0.7261052631578947;0.7622941761520609;3449;850;1301
635;magnetic_compass;4750;;0.8126315789473684;0.7177389364075865;0.8126315789473684;0.7622432859399685;3860;1518;890
803;snowplow;4750;;0.8456842105263158;0.6937823834196891;0.8456842105263158;0.7622390891840607;4017;1773;733
703;park_bench;4750;;0.8069473684210526;0.7215737951807228;0.8069473684210526;0.7618763665275293;3833;1479;917
798;slide_rule;4750;;0.6865263157894737;0.8552321007081038;0.6865263157894737;0.7616489548055587;3261;552;1489
297;sloth_bear;4750;;0.7202105263157895;0.8077922077922078;0.7202105263157895;0.7614913745130774;3421;814;1329
542;drumstick;4750;;0.7246315789473684;0.8021440223724073;0.7246315789473684;0.761420196880876;3442;849;1308
519;crate;4750;;0.6795789473684211;0.8656476267095736;0.6795789473684211;0.7614105436961907;3228;501;1522
754;radio;4750;;0.6612631578947369;0.896404109589041;0.6612631578947369;0.7610855342864066;3141;363;1609
577;gong;4750;;0.8861052631578947;0.6668250950570342;0.8861052631578947;0.7609835472789731;4209;2103;541
676;muzzle;4750;;0.7237894736842105;0.8019594121763471;0.7237894736842105;0.7608719707867655;3438;849;1312
158;toy_terrier;4750;;0.775578947368421;0.7466558573165788;0.775578947368421;0.7608426270136306;3684;1250;1066
729;plate_rack;4750;;0.6730526315789473;0.8749315818281336;0.6730526315789473;0.7608281770585436;3197;457;1553
4;hammerhead;4750;;0.736;0.7870328680774425;0.736;0.7606614447345518;3496;946;1254
416;balance_beam;4750;;0.8536842105263158;0.685893098782138;0.8536842105263158;0.760645282311011;4055;1857;695
725;pitcher;4750;;0.7187368421052631;0.8076650106458482;0.7187368421052631;0.7606104489250306;3414;813;1336
866;tractor;4750;;0.8810526315789474;0.6687440076701822;0.8810526315789474;0.7603561046511629;4185;2073;565
61;boa_constrictor;4750;;0.7869473684210526;0.7352478363493312;0.7869473684210526;0.7602196461256865;3738;1346;1012
812;space_shuttle;4750;;0.8572631578947368;0.6826487845766974;0.8572631578947368;0.7600559962669156;4072;1893;678
311;grasshopper;4750;;0.7035789473684211;0.8251851851851851;0.7035789473684211;0.7595454545454545;3342;708;1408
590;hand-held_computer;4750;;0.7587368421052632;0.760337552742616;0.7587368421052632;0.759536354056902;3604;1136;1146
662;modem;4750;;0.6570526315789473;0.8996829057365235;0.6570526315789473;0.759459788295413;3121;348;1629
270;white_wolf;4750;;0.7747368421052632;0.7444871535504755;0.7747368421052632;0.7593108428763025;3680;1263;1070
223;schipperke;4750;;0.7086315789473684;0.8177842565597667;0.7086315789473684;0.7593052109181141;3366;750;1384
411;apron;4750;;0.6867368421052632;0.8485952133194589;0.6867368421052632;0.7591342797300442;3262;582;1488
492;chest;4750;;0.7376842105263158;0.7814451382694023;0.7376842105263158;0.7589343729694608;3504;980;1246
45;Gila_monster;4750;;0.7105263157894737;0.8138413310827104;0.7105263157894737;0.7586827020343936;3375;772;1375
304;leaf_beetle;4750;;0.7021052631578948;0.8250865907966354;0.7021052631578948;0.7586442220200184;3335;707;1415
348;ram;4750;;0.6835789473684211;0.8520073471529782;0.6835789473684211;0.7585562434295059;3247;564;1503
895;warplane;4750;;0.8349473684210527;0.6948142957252978;0.8349473684210527;0.7584624211130235;3966;1742;784
134;crane;4750;;0.6682105263157895;0.8748621830209482;0.6682105263157895;0.7576987347815707;3174;454;1576
203;West_Highland_white_terrier;4750;;0.8631578947368421;0.6748971193415638;0.8631578947368421;0.7575057736720555;4100;1975;650
432;bassoon;4750;;0.8176842105263158;0.7055404178019982;0.8176842105263158;0.7574841540711847;3884;1621;866
767;rubber_eraser;4750;;0.6930526315789474;0.8340511781099569;0.6930526315789474;0.7570426583879499;3292;655;1458
656;minivan;4750;;0.6825263157894736;0.8498034076015727;0.6825263157894736;0.7570344424985405;3242;573;1508
748;purse;4750;;0.6538947368421053;0.898207056101793;0.6538947368421053;0.75682261208577;3106;352;1644
587;hammer;4750;;0.6981052631578948;0.8263144779466733;0.6981052631578948;0.7568184411731143;3316;697;1434
3;tiger_shark;4750;;0.7882105263157895;0.7274140275888867;0.7882105263157895;0.7565929069414974;3744;1403;1006
114;slug;4750;;0.6821052631578948;0.847723704866562;0.6821052631578948;0.7559496033597761;3240;582;1510
481;cassette;4750;;0.7732631578947369;0.7382914572864322;0.7732631578947369;0.7553727506426736;3673;1302;1077
191;Airedale;4750;;0.7981052631578948;0.7169062027231468;0.7981052631578948;0.7553297469615461;3791;1497;959
541;drum;4750;;0.7589473684210526;0.7511981662846426;0.7589473684210526;0.7550528851188605;3605;1194;1145
839;suspension_bridge;4750;;0.743578947368421;0.7664930555555556;0.743578947368421;0.754862150032058;3532;1076;1218
795;ski;4750;;0.872;0.665274654673948;0.872;0.754737609329446;4142;2084;608
505;coffeepot;4750;;0.7890526315789473;0.7224363916730917;0.7890526315789473;0.7542765143892131;3748;1440;1002
475;car_mirror;4750;;0.9482105263157895;0.625816312352369;0.9482105263157895;0.7539968192851763;4504;2693;246
740;power_drill;4750;;0.696;0.8223880597014925;0.696;0.7539338654503991;3306;714;1444
395;gar;4750;;0.7526315789473684;0.7537423571579169;0.7526315789473684;0.7531865585168019;3575;1168;1175
582;grocery_store;4750;;0.7549473684210526;0.7509947643979058;0.7549473684210526;0.7529658792650918;3586;1189;1164
229;Old_English_sheepdog;4750;;0.8846315789473684;0.6553337492202121;0.8846315789473684;0.7529116645762408;4202;2210;548
631;lotion;4750;;0.7631578947368421;0.7422194922194922;0.7631578947368421;0.7525430766036953;3625;1259;1125
987;corn;4750;;0.6524210526315789;0.8887295669630054;0.6524210526315789;0.752458419327425;3099;388;1651
856;thresher;4750;;0.6915789473684211;0.8247552096409742;0.6915789473684211;0.7523187907935417;3285;698;1465
465;bulletproof_vest;4750;;0.84;0.6811198361215431;0.84;0.752262443438914;3990;1868;760
520;crib;4750;;0.7490526315789474;0.7541331072488342;0.7490526315789474;0.7515842839036755;3558;1160;1192
410;apiary;4750;;0.7850526315789473;0.7207189795129494;0.7850526315789473;0.7515114873035066;3729;1445;1021
660;mobile_home;4750;;0.7187368421052631;0.7873616236162362;0.7187368421052631;0.7514858023332599;3414;922;1336
210;German_short-haired_pointer;4750;;0.8307368421052631;0.6844752818733738;0.8307368421052631;0.7505468378506894;3946;1819;804
199;Scotch_terrier;4750;;0.7031578947368421;0.8046253914719345;0.7031578947368421;0.750477474441074;3340;811;1410
721;pillow;4750;;0.7387368421052631;0.7619978284473399;0.7387368421052631;0.7501870657402459;3509;1096;1241
911;wool;4750;;0.6610526315789473;0.8669243511871894;0.6610526315789473;0.7501194457716196;3140;482;1610
194;Dandie_Dinmont;4750;;0.8311578947368421;0.6831631770202458;0.8311578947368421;0.7499287681641182;3948;1831;802
242;boxer;4750;;0.6865263157894737;0.8261971117304282;0.6865263157894737;0.7499137633666781;3261;686;1489
179;Staffordshire_bullterrier;4750;;0.6987368421052632;0.8091175036567528;0.6987368421052632;0.7498870311793946;3319;783;1431
310;ant;4750;;0.8351578947368421;0.6802126200274349;0.8351578947368421;0.7497637497637499;3967;1865;783
241;EntleBucher;4750;;0.8136842105263158;0.6948939230492629;0.8136842105263158;0.7496121024049651;3865;1697;885
182;Border_terrier;4750;;0.7298947368421053;0.7697602131438721;0.7298947368421053;0.7492976010373892;3467;1037;1283
287;lynx;4750;;0.8242105263157895;0.6866011925640126;0.8242105263157895;0.7491389207807119;3915;1787;835
847;tank;4750;;0.7922105263157895;0.7104021144043798;0.7922105263157895;0.7490793271623369;3763;1534;987
390;eel;4750;;0.6884210526315789;0.8207831325301205;0.6884210526315789;0.7487978016945273;3270;714;1480
551;face_powder;4750;;0.7943157894736842;0.7076144036009002;0.7943157894736842;0.7484626066256694;3773;1559;977
2;great_white_shark;4750;;0.8374736842105264;0.676530612244898;0.8374736842105264;0.748447789275635;3978;1902;772
529;diaper;4750;;0.7743157894736842;0.7233038348082595;0.7743157894736842;0.7479410269445856;3678;1407;1072
436;beach_wagon;4750;;0.7147368421052631;0.7840646651270208;0.7147368421052631;0.7477973568281938;3395;935;1355
618;ladle;4750;;0.6214736842105263;0.9383343928798474;0.6214736842105263;0.7477203647416413;2952;194;1798
456;bow;4750;;0.8623157894736843;0.6593689632968448;0.8623157894736843;0.7473088852399198;4096;2116;654
504;coffee_mug;4750;;0.6968421052631579;0.8055487953273303;0.6968421052631579;0.7472626707303308;3310;799;1440
117;chambered_nautilus;4750;;0.880421052631579;0.648975791433892;0.880421052631579;0.7471859924959798;4182;2262;568
585;hair_spray;4750;;0.6764210526315789;0.8334630350194553;0.6764210526315789;0.7467751307379431;3213;642;1537
792;shovel;4750;;0.6928421052631579;0.809394982784063;0.6928421052631579;0.7465970961887477;3291;775;1459
828;strainer;4750;;0.708;0.7894366197183098;0.708;0.7465038845726969;3363;897;1387
663;monastery;4750;;0.7553684210526316;0.7370583401807724;0.7553684210526316;0.746101060511541;3588;1280;1162
78;tick;4750;;0.8376842105263158;0.672014862354332;0.8376842105263158;0.7457595351888295;3979;1942;771
33;loggerhead;4750;;0.7486315789473684;0.7428452057656152;0.7486315789473684;0.7457271678724966;3556;1231;1194
479;car_wheel;4750;;0.6490526315789473;0.8758522727272727;0.6490526315789473;0.7455864570737606;3083;437;1667
639;maillot;4750;;0.8574736842105263;0.6587417111434579;0.8574736842105263;0.7450836915759627;4073;2110;677
643;mask;4750;;0.7730526315789473;0.7190131192480909;0.7730526315789473;0.7450542761489297;3672;1435;1078
227;kelpie;4750;;0.7267368421052631;0.7640548915449313;0.7267368421052631;0.7449287872248597;3452;1066;1298
534;dishwasher;4750;;0.6467368421052632;0.8762122076440388;0.6467368421052632;0.7441860465116279;3072;434;1678
453;bookcase;4750;;0.7488421052631579;0.7391936824605154;0.7488421052631579;0.7439866136791466;3557;1255;1193
368;gibbon;4750;;0.8016842105263158;0.6921119592875318;0.8016842105263158;0.7428794381584082;3808;1694;942
408;amphibian;4750;;0.8134736842105263;0.683409975238769;0.8134736842105263;0.7427912341407151;3864;1790;886
735;poncho;4750;;0.8301052631578948;0.6720640872677689;0.8301052631578948;0.7427710275972498;3943;1924;807
674;mousetrap;4750;;0.8155789473684211;0.6797683804176171;0.8155789473684211;0.7415063642453824;3874;1825;876
370;guenon;4750;;0.612;0.9401681759379042;0.612;0.7413925019127773;2907;185;1843
402;acoustic_guitar;4750;;0.7829473684210526;0.7030245746691871;0.7829473684210526;0.7408366533864541;3719;1571;1031
367;chimpanzee;4750;;0.859578947368421;0.6505736137667304;0.859578947368421;0.7406130963177944;4083;2193;667
750;quilt;4750;;0.6572631578947369;0.8479087452471483;0.6572631578947369;0.7405123339658445;3122;560;1628
490;chain_mail;4750;;0.7993684210526316;0.689360929557008;0.7993684210526316;0.7403002534607136;3797;1711;953
360;otter;4750;;0.8618947368421053;0.6481950601646612;0.8618947368421053;0.7399240918127599;4094;2222;656
979;valley;4750;;0.8090526315789474;0.681262187555398;0.8090526315789474;0.7396785679915312;3843;1798;907
313;walking_stick;4750;;0.6732631578947369;0.8204207285787584;0.6732631578947369;0.7395929694727105;3198;700;1552
125;hermit_crab;4750;;0.7021052631578948;0.7810304449648712;0.7021052631578948;0.7394678492239467;3335;935;1415
256;Newfoundland;4750;;0.7090526315789474;0.7715922107674685;0.7090526315789474;0.7390016456390566;3368;997;1382
797;sleeping_bag;4750;;0.6583157894736842;0.8399140478109052;0.6583157894736842;0.7381092883276288;3127;596;1623
793;shower_cap;4750;;0.7187368421052631;0.7573203194321206;0.7187368421052631;0.7375243033052494;3414;1094;1336
692;packet;4750;;0.6894736842105263;0.792594385285576;0.6894736842105263;0.7374465210538168;3275;857;1475
315;mantis;4750;;0.7397894736842106;0.734685343926406;0.7397894736842106;0.7372285744256792;3514;1269;1236
161;basset;4750;;0.7338947368421053;0.7399702823179792;0.7338947368421053;0.7369199873163513;3486;1225;1264
185;Norfolk_terrier;4750;;0.6877894736842105;0.792192046556741;0.6877894736842105;0.7363083164300203;3267;857;1483
922;menu;4750;;0.6109473684210527;0.9262687519948931;0.6109473684210527;0.7362679183052139;2902;231;1848
835;sundial;4750;;0.7071578947368421;0.7675959780621572;0.7071578947368421;0.7361385053692745;3359;1017;1391
764;rifle;4750;;0.6825263157894736;0.7985221674876847;0.6825263157894736;0.7359818388195233;3242;818;1508
498;cinema;4750;;0.6583157894736842;0.8343116328708644;0.6583157894736842;0.7359378677335843;3127;621;1623
650;microphone;4750;;0.6842105263157895;0.795983345579231;0.6842105263157895;0.7358768255405864;3250;833;1500
769;rule;4750;;0.7728421052631579;0.7015096502961972;0.7728421052631579;0.7354502654512671;3671;1562;1079
334;porcupine;4750;;0.8008421052631579;0.6795284030010718;0.8008421052631579;0.7352145342095091;3804;1794;946
983;scuba_diver;4750;;0.8738947368421053;0.6343215158924206;0.8738947368421053;0.7350805737559768;4151;2393;599
709;pencil_box;4750;;0.6778947368421052;0.8027923211169284;0.6778947368421052;0.735075904577103;3220;791;1530
177;Scottish_deerhound;4750;;0.8018947368421052;0.6782407407407407;0.8018947368421052;0.73490256608142;3809;1807;941
434;bath_towel;4750;;0.6429473684210526;0.8573834924199888;0.6429473684210526;0.7348411934552453;3054;508;1696
633;loupe;4750;;0.6694736842105263;0.8141321044546851;0.6694736842105263;0.734750462107209;3180;726;1570
224;groenendael;4750;;0.7732631578947369;0.699086410354016;0.7732631578947369;0.7343062774890043;3673;1581;1077
845;syringe;4750;;0.7332631578947368;0.7349651825279595;0.7332631578947368;0.7341131836863737;3483;1256;1267
923;plate;4750;;0.7067368421052631;0.7633015006821282;0.7067368421052631;0.7339309138609532;3357;1041;1393
530;digital_clock;4750;;0.7490526315789474;0.7189331178015761;0.7490526315789474;0.7336838849365914;3558;1391;1192
480;cash_machine;4750;;0.688;0.7855769230769231;0.688;0.7335578002244669;3268;892;1482
864;tow_truck;4750;;0.7526315789473684;0.7151430286057211;0.7526315789473684;0.7334085547235614;3575;1424;1175
276;hyena;4750;;0.8728421052631579;0.6313385107354956;0.8728421052631579;0.7327030131660334;4146;2421;604
811;space_heater;4750;;0.652;0.8347708894878706;0.652;0.7321513002364066;3097;613;1653
493;chiffonier;4750;;0.6694736842105263;0.8077216154432308;0.6694736842105263;0.7321284678254864;3180;757;1570
884;vault;4750;;0.7576842105263157;0.7080464292740507;0.7576842105263157;0.7320248144004882;3599;1484;1151
342;wild_boar;4750;;0.748;0.7158976425549063;0.748;0.7315968289920725;3553;1410;1197
462;broom;4750;;0.692;0.7759678942398489;0.692;0.7315824616069442;3287;949;1463
415;bakery;4750;;0.6972631578947368;0.7688022284122563;0.6972631578947368;0.7312872598807685;3312;996;1438
513;cornet;4750;;0.7825263157894737;0.686173158574857;0.7825263157894737;0.7311891413396283;3717;1700;1033
116;chiton;4750;;0.7406315789473684;0.7207539438639623;0.7406315789473684;0.7305575744990136;3518;1363;1232
197;giant_schnauzer;4750;;0.6808421052631579;0.787436084733382;0.6808421052631579;0.7302698430619848;3234;873;1516
867;trailer_truck;4750;;0.8416842105263158;0.6448387096774194;0.8416842105263158;0.7302283105022831;3998;2202;752
623;letter_opener;4750;;0.6362105263157894;0.8534312341146568;0.6362105263157894;0.7289832348329512;3022;519;1728
205;flat-coated_retriever;4750;;0.7130526315789474;0.7450505939287285;0.7130526315789474;0.7287005163511188;3387;1159;1363
207;golden_retriever;4750;;0.7570526315789474;0.70234375;0.7570526315789474;0.7286727456940224;3596;1524;1154
570;gasmask;4750;;0.8421052631578947;0.6420545746388443;0.8421052631578947;0.7285974499089253;4000;2230;750
112;conch;4750;;0.7128421052631579;0.7448306203255609;0.7128421052631579;0.728485370051635;3386;1160;1364
232;Border_collie;4750;;0.8231578947368421;0.6531907784831273;0.8231578947368421;0.7283904619970194;3910;2076;840
904;window_screen;4750;;0.6808421052631579;0.7813481517274704;0.6808421052631579;0.7276409044886938;3234;905;1516
180;American_Staffordshire_terrier;4750;;0.6831578947368421;0.7778044103547459;0.6831578947368421;0.7274153777180005;3245;927;1505
246;Great_Dane;4750;;0.6427368421052632;0.8375857338820302;0.6427368421052632;0.7273377010125074;3053;592;1697
399;abaya;4750;;0.804;0.6634815844336345;0.804;0.7270131353512278;3819;1937;931
209;Chesapeake_Bay_retriever;4750;;0.7149473684210527;0.7393860222077073;0.7149473684210527;0.7269613614470726;3396;1197;1354
168;redbone;4750;;0.6856842105263158;0.7734504868202328;0.6856842105263158;0.7269277982368039;3257;954;1493
329;sea_cucumber;4750;;0.6962105263157895;0.7604046907335019;0.6962105263157895;0.7268930651719969;3307;1042;1443
212;English_setter;4750;;0.6730526315789473;0.786083107941972;0.6730526315789473;0.7251899739140296;3197;870;1553
683;oboe;4750;;0.8227368421052632;0.6480928689883914;0.8227368421052632;0.7250463821892393;3908;2122;842
386;African_elephant;4750;;0.7692631578947369;0.6851678229889369;0.7692631578947369;0.724784290389765;3654;1679;1096
106;wombat;4750;;0.663578947368421;0.7975708502024291;0.663578947368421;0.724431165249368;3152;800;1598
183;Kerry_blue_terrier;4750;;0.7646315789473684;0.6873580620741863;0.7646315789473684;0.723938608730317;3632;1652;1118
548;entertainment_center;4750;;0.8768421052631579;0.6161242603550295;0.8768421052631579;0.7237185056472633;4165;2595;585
172;whippet;4750;;0.6606315789473685;0.7996941896024465;0.6606315789473685;0.7235416186303898;3138;786;1612
644;matchstick;4750;;0.764;0.6869203104296802;0.764;0.7234127379647165;3629;1654;1121
314;cockroach;4750;;0.6467368421052632;0.8200747463961559;0.6467368421052632;0.7231638418079096;3072;674;1678
739;potter's_wheel;4750;;0.8778947368421053;0.6145910095799558;0.8778947368421053;0.7230169050715215;4170;2615;580
747;punching_bag;4750;;0.7418947368421053;0.7049409881976395;0.7418947368421053;0.7229459431736588;3524;1475;1226
464;buckle;4750;;0.6736842105263158;0.7799171338045333;0.6736842105263158;0.7229187845927935;3200;903;1550
181;Bedlington_terrier;4750;;0.8585263157894737;0.6240244835501148;0.8585263157894737;0.7227292866637129;4078;2457;672
804;soap_dispenser;4750;;0.6143157894736843;0.8773301262778112;0.6143157894736843;0.7226349678058445;2918;408;1832
371;patas;4750;;0.6488421052631579;0.8142668428005284;0.6488421052631579;0.7222026947861746;3082;703;1668
733;pole;4750;;0.6138947368421053;0.8764652840396754;0.6138947368421053;0.722050266187941;2916;411;1834
843;swing;4750;;0.8322105263157895;0.6374778261570715;0.8322105263157895;0.7219432015341064;3953;2248;797
252;affenpinscher;4750;;0.8021052631578948;0.6557659208261618;0.8021052631578948;0.7215909090909092;3810;2000;940
373;macaque;4750;;0.812;0.6483442595394184;0.812;0.7210019628002617;3857;2092;893
165;black-and-tan_coonhound;4750;;0.6713684210526316;0.7774256460263286;0.6713684210526316;0.7205151378219613;3189;913;1561
450;bobsled;4750;;0.8096842105263158;0.648457258472433;0.8096842105263158;0.7201572886433856;3846;2085;904
192;cairn;4750;;0.6578947368421053;0.7949631137115238;0.6578947368421053;0.7199631378873403;3125;806;1625
689;overskirt;4750;;0.7128421052631579;0.7266094420600858;0.7128421052631579;0.7196599362380447;3386;1274;1364
413;assault_rifle;4750;;0.8686315789473684;0.6137141157221478;0.8686315789473684;0.7192539004619541;4126;2597;624
424;barbershop;4750;;0.6149473684210527;0.8657379964433907;0.6149473684210527;0.7191038897095028;2921;453;1829
123;spiny_lobster;4750;;0.628;0.8393359594822735;0.628;0.7184489402697496;2983;571;1767
151;Chihuahua;4750;;0.6694736842105263;0.7746650426309378;0.6694736842105263;0.7182382834556748;3180;925;1570
280;grey_fox;4750;;0.7553684210526316;0.6834285714285714;0.7553684210526316;0.7175999999999999;3588;1662;1162
584;hair_slide;4750;;0.7021052631578948;0.7332893579595426;0.7021052631578948;0.717358571735857;3335;1213;1415
899;water_jug;4750;;0.5882105263157895;0.9181728557344726;0.5882105263157895;0.7170537662004364;2794;249;1956
312;cricket;4750;;0.6583157894736842;0.7868646200301963;0.6583157894736842;0.7168729940394314;3127;847;1623
916;web_site;4750;;0.8543157894736843;0.6172801947064193;0.8543157894736843;0.7167078770752385;4058;2516;692
221;Irish_water_spaniel;4750;;0.8823157894736842;0.602588066139468;0.8823157894736842;0.7161042289619821;4191;2764;559
489;chainlink_fence;4750;;0.7593684210526316;0.6757212439115774;0.7593684210526316;0.7151070578905631;3607;1731;1143
357;mink;4750;;0.684;0.7489626556016598;0.684;0.7150088028169013;3249;1089;1501
788;shoe_shop;4750;;0.6915789473684211;0.7393652937204591;0.6915789473684211;0.7146742086370064;3285;1158;1465
159;Rhodesian_ridgeback;4750;;0.7345263157894737;0.6954355192346023;0.7345263157894737;0.7144466059178867;3489;1528;1261
204;Lhasa;4750;;0.6341052631578947;0.8173677069199458;0.6341052631578947;0.7141671606401897;3012;673;1738
155;Shih-Tzu;4750;;0.7490526315789474;0.6818704484476811;0.7490526315789474;0.7138844301765651;3558;1660;1192
488;chain;4750;;0.6789473684210526;0.7520988805970149;0.6789473684210526;0.7136534631555653;3225;1063;1525
394;sturgeon;4750;;0.8231578947368421;0.6298324742268041;0.8231578947368421;0.7136338747946707;3910;2298;840
731;plunger;4750;;0.624421052631579;0.8322109988776656;0.624421052631579;0.7134953091171519;2966;598;1784
926;hot_pot;4750;;0.8397894736842105;0.6195061344929337;0.8397894736842105;0.7130217177585129;3989;2450;761
454;bookshop;4750;;0.6454736842105263;0.7959501557632399;0.6454736842105263;0.7128574750058126;3066;786;1684
971;bubble;4750;;0.7886315789473685;0.6502343343169589;0.7886315789473685;0.7127770906669204;3746;2015;1004
103;platypus;4750;;0.6776842105263158;0.7512252042007002;0.6776842105263158;0.712562257885999;3219;1066;1531
431;bassinet;4750;;0.6797894736842105;0.7467622571692877;0.6797894736842105;0.7117037690103593;3229;1095;1521
887;vestment;4750;;0.7654736842105263;0.6648381788261108;0.7654736842105263;0.711615617966533;3636;1833;1114
861;toilet_seat;4750;;0.7543157894736842;0.6729902329075883;0.7543157894736842;0.7113361127655351;3583;1741;1167
718;pier;4750;;0.6423157894736842;0.7968137895011752;0.6423157894736842;0.7112717099895092;3051;778;1699
892;wall_clock;4750;;0.7008421052631579;0.7214997832683139;0.7008421052631579;0.7110209312259718;3329;1285;1421
913;wreck;4750;;0.7463157894736843;0.6785987748851455;0.7463157894736843;0.7108482053338682;3545;1679;1205
558;flute;4750;;0.6713684210526316;0.7542573320719016;0.6713684210526316;0.7104032078413901;3189;1039;1561
508;computer_keyboard;4750;;0.7505263157894737;0.6741679273827534;0.7505263157894737;0.7103008567443715;3565;1723;1185
267;standard_poodle;4750;;0.7709473684210526;0.658041329739443;0.7709473684210526;0.7100339311682016;3662;1903;1088
651;microwave;4750;;0.6764210526315789;0.7465148698884758;0.6764210526315789;0.709741550695825;3213;1091;1537
484;catamaran;4750;;0.612421052631579;0.84343287909539;0.612421052631579;0.7095987315526284;2909;540;1841
175;otterhound;4750;;0.7214736842105263;0.6971114727420668;0.7214736842105263;0.7090833850610387;3427;1489;1323
369;siamang;4750;;0.692;0.7260879169427877;0.692;0.7086342567640399;3287;1240;1463
776;sax;4750;;0.7926315789473685;0.6406329760081675;0.7926315789473685;0.7085725039992472;3765;2112;985
470;candle;4750;;0.7271578947368421;0.6892835761325085;0.7271578947368421;0.7077143735273026;3454;1557;1296
409;analog_clock;4750;;0.7692631578947369;0.6549560853199499;0.7692631578947369;0.7075225094394425;3654;1925;1096
893;wallet;4750;;0.66;0.7624027237354085;0.66;0.7075152335815843;3135;977;1615
976;promontory;4750;;0.732421052631579;0.6825583676672552;0.732421052631579;0.706611150604245;3479;1618;1271
298;mongoose;4750;;0.6553684210526316;0.7641138929798723;0.6553684210526316;0.705575702629193;3113;961;1637
50;American_alligator;4750;;0.7412631578947368;0.6718183552757108;0.7412631578947368;0.7048343509158242;3521;1720;1229
208;Labrador_retriever;4750;;0.6804210526315789;0.7295711060948081;0.6804210526315789;0.7041394335511982;3232;1198;1518
249;malamute;4750;;0.596;0.8599635479951397;0.596;0.7040537179806019;2831;461;1919
109;brain_coral;4750;;0.7557894736842106;0.6588364837584878;0.7557894736842106;0.7039905873124815;3590;1859;1160
784;screwdriver;4750;;0.6406315789473684;0.7804565273146961;0.6406315789473684;0.7036651636027286;3043;856;1707
34;leatherback_turtle;4750;;0.6738947368421052;0.7346798255680514;0.6738947368421052;0.7029757329526737;3201;1156;1549
638;maillot;4750;;0.5943157894736842;0.8596224116930572;0.5943157894736842;0.7027632561613143;2823;461;1927
230;Shetland_sheepdog;4750;;0.6991578947368421;0.7058448459086079;0.6991578947368421;0.7024854574299312;3321;1384;1429
478;carton;4750;;0.6073684210526316;0.8314121037463977;0.6073684210526316;0.7019464720194647;2885;585;1865
690;oxcart;4750;;0.8831578947368421;0.5821537607549264;0.8831578947368421;0.701739712278354;4195;3011;555
744;projectile;4750;;0.7202105263157895;0.6840631873625275;0.7202105263157895;0.7016716234232386;3421;1580;1329
908;wing;4750;;0.552;0.9618488628026413;0.552;0.7014446227929375;2622;104;2128
67;diamondback;4750;;0.6863157894736842;0.7169562348801407;0.6863157894736842;0.7013014951059481;3260;1287;1490
807;solar_dish;4750;;0.7892631578947369;0.6304018833025055;0.7892631578947369;0.7009441899598019;3749;2198;1001
905;window_shade;4750;;0.7412631578947368;0.6630885122410546;0.7412631578947368;0.7;3521;1789;1229
550;espresso_maker;4750;;0.7037894736842105;0.6958784346378019;0.7037894736842105;0.6998115972367596;3343;1461;1407
237;miniature_pinscher;4750;;0.7882105263157895;0.62882096069869;0.7882105263157895;0.6995515695067265;3744;2210;1006
691;oxygen_mask;4750;;0.6486315789473684;0.7581200787401575;0.6486315789473684;0.6991150442477876;3081;983;1669
619;lampshade;4750;;0.6301052631578947;0.7845347313237222;0.6301052631578947;0.6988908347927613;2993;822;1757
47;African_chameleon;4750;;0.8509473684210527;0.5920609345246814;0.8509473684210527;0.6982810745443553;4042;2785;708
700;paper_towel;4750;;0.6122105263157894;0.8120636693660989;0.6122105263157894;0.698115472332253;2908;673;1842
186;Norwich_terrier;4750;;0.6755789473684211;0.7206377722883449;0.6755789473684211;0.6973812887102031;3209;1244;1541
277;red_fox;4750;;0.7913684210526316;0.6230730979612134;0.7913684210526316;0.6972085690438654;3759;2274;991
460;breakwater;4750;;0.5985263157894737;0.8334799179126355;0.5985263157894737;0.696728342114937;2843;568;1907
485;CD_player;4750;;0.6050526315789474;0.8209083119108826;0.6050526315789474;0.6966428311719791;2874;627;1876
361;skunk;4750;;0.8646315789473684;0.5812340786866685;0.8646315789473684;0.695159106296547;4107;2959;643
972;cliff;4750;;0.6545263157894737;0.7411203814064362;0.6545263157894737;0.6951369480156512;3109;1086;1641
617;lab_coat;4750;;0.8185263157894737;0.6028841680880757;0.8185263157894737;0.69434770961693;3888;2561;862
894;wardrobe;4750;;0.720421052631579;0.667577058134998;0.720421052631579;0.6929931146213042;3422;1704;1328
749;quill;4750;;0.7736842105263158;0.6274543281543452;0.7736842105263158;0.6929386254360328;3675;2182;1075
509;confectionery;4750;;0.692;0.6937526382439848;0.692;0.69287521079258;3287;1451;1463
166;Walker_hound;4750;;0.6549473684210526;0.7344192634560907;0.6549473684210526;0.6924104162029824;3111;1125;1639
648;medicine_chest;4750;;0.6277894736842106;0.7711404189294027;0.6277894736842106;0.6921202274573518;2982;885;1768
374;langur;4750;;0.7225263157894737;0.661526599845798;0.7225263157894737;0.6906822298249145;3432;1756;1318
206;curly-coated_retriever;4750;;0.6985263157894737;0.6797787338660111;0.6985263157894737;0.68902502336206;3318;1563;1432
817;sports_car;4750;;0.5749473684210527;0.8566499372647428;0.5749473684210527;0.6880826404635929;2731;457;2019
59;vine_snake;4750;;0.6452631578947369;0.7366017784186494;0.6452631578947369;0.6879138143867132;3065;1096;1685
482;cassette_player;4750;;0.6882105263157895;0.6866204578869985;0.6882105263157895;0.6874145726001473;3269;1492;1481
176;Saluki;4750;;0.8151578947368421;0.5942295887047269;0.8151578947368421;0.6873779513580686;3872;2644;878
435;bathtub;4750;;0.7042105263157895;0.6695356285028022;0.7042105263157895;0.6864354607018264;3345;1651;1405
526;desk;4750;;0.6698947368421052;0.703670942061035;0.6698947368421052;0.6863675582398621;3182;1340;1568
202;soft-coated_wheaten_terrier;4750;;0.7025263157894737;0.6707537688442211;0.7025263157894737;0.6862724935732648;3337;1638;1413
860;tobacco_shop;4750;;0.6694736842105263;0.703851261620186;0.6694736842105263;0.6862321968062151;3180;1338;1570
438;beaker;4750;;0.7261052631578947;0.6505092417955488;0.7261052631578947;0.6862315957023478;3449;1853;1301
743;prison;4750;;0.8138947368421052;0.5913123279290303;0.8138947368421052;0.684975194897236;3866;2672;884
868;tray;4750;;0.6991578947368421;0.6713159490600363;0.6991578947368421;0.6849541095184077;3321;1626;1429
705;passenger_car;4750;;0.5766315789473684;0.8422509225092251;0.5766315789473684;0.6845788552861783;2739;513;2011
799;sliding_door;4750;;0.5724210526315789;0.8512836568566061;0.5724210526315789;0.6845417925478349;2719;475;2031
184;Irish_terrier;4750;;0.6726315789473685;0.6924577373211963;0.6726315789473685;0.6824006834686032;3195;1419;1555
878;typewriter_keyboard;4750;;0.6882105263157895;0.6754132231404959;0.6882105263157895;0.6817518248175182;3269;1571;1481
476;carousel;4750;;0.912;0.543879472693032;0.912;0.681399921352733;4332;3633;418
382;squirrel_monkey;4750;;0.8797894736842106;0.5556441962504987;0.8797894736842106;0.6811180832857958;4179;3342;571
271;red_wolf;4750;;0.5856842105263158;0.8115519253208868;0.5856842105263158;0.6803619466862313;2782;646;1968
525;dam;4750;;0.7738947368421053;0.6052025024695423;0.7738947368421053;0.6792313377679231;3676;2398;1074
341;hog;4750;;0.5806315789473684;0.8154937906564164;0.5806315789473684;0.6783079193310378;2758;624;1992
345;ox;4750;;0.5414736842105263;0.9072310405643739;0.5414736842105263;0.6781806196440342;2572;263;2178
63;Indian_cobra;4750;;0.887578947368421;0.5476747207066771;0.887578947368421;0.6773778920308483;4216;3482;534
742;printer;4750;;0.6604210526315789;0.6949490474080638;0.6604210526315789;0.677245250431779;3137;1377;1613
820;steam_locomotive;4750;;0.8877894736842106;0.5463142894157275;0.8877894736842106;0.6763974657149732;4217;3502;533
501;cloak;4750;;0.7037894736842105;0.6510223953261928;0.7037894736842105;0.6763783510369246;3343;1792;1407
200;Tibetan_terrier;4750;;0.5663157894736842;0.8393135725429017;0.5663157894736842;0.6763042111879322;2690;515;2060
975;lakeside;4750;;0.671578947368421;0.6810418445772843;0.671578947368421;0.6762772948908204;3190;1494;1560
124;crayfish;4750;;0.6947368421052632;0.6561940743686617;0.6947368421052632;0.6749156355455568;3300;1729;1450
162;beagle;4750;;0.7221052631578947;0.632258064516129;0.7221052631578947;0.6742014742014741;3430;1995;1320
54;hognose_snake;4750;;0.6248421052631579;0.7313947757516017;0.6248421052631579;0.6739327883742052;2968;1090;1782
40;American_chameleon;4750;;0.7503157894736842;0.6111111111111112;0.7503157894736842;0.6735966735966735;3564;2268;1186
115;sea_slug;4750;;0.756421052631579;0.6058000337211263;0.756421052631579;0.6727834472427676;3593;2338;1157
385;Indian_elephant;4750;;0.7492631578947369;0.6087923366404379;0.7492631578947369;0.6717629294073234;3559;2287;1191
885;velvet;4750;;0.632;0.7164677804295942;0.632;0.6715883668903804;3002;1188;1748
153;Maltese_dog;4750;;0.7052631578947368;0.6394350066806642;0.7052631578947368;0.670737811592752;3350;1889;1400
188;wire-haired_fox_terrier;4750;;0.8210526315789474;0.5665310865775712;0.8210526315789474;0.6704486848891181;3900;2984;850
961;dough;4750;;0.5610526315789474;0.8320324695597877;0.5610526315789474;0.670187350685276;2665;538;2085
77;wolf_spider;4750;;0.7776842105263158;0.5869081665077852;0.7776842105263158;0.6689605215501631;3694;2600;1056
226;briard;4750;;0.5869473684210527;0.7761692650334076;0.5869473684210527;0.668424838168305;2788;804;1962
848;tape_player;4750;;0.6134736842105263;0.7325289089994972;0.6134736842105263;0.6677360219981667;2914;1064;1836
126;isopod;4750;;0.7341052631578947;0.6094023068857043;0.7341052631578947;0.6659663865546218;3487;2235;1263
536;dock;4750;;0.596;0.7523252723890513;0.596;0.6651004346293903;2831;932;1919
599;honeycomb;4750;;0.6751578947368421;0.6540893330613909;0.6751578947368421;0.6644566456024034;3207;1696;1543
405;airship;4750;;0.6945263157894737;0.6368725868725869;0.6945263157894737;0.6644511581067472;3299;1881;1451
36;terrapin;4750;;0.7477894736842106;0.5975773889636609;0.7477894736842106;0.6642977370488125;3552;2392;1198
680;nipple;4750;;0.7633684210526316;0.5875871009560849;0.7633684210526316;0.6640417544180935;3626;2545;1124
978;seashore;4750;;0.568;0.7991706161137441;0.568;0.664041348757076;2698;678;2052
851;television;4750;;0.7212631578947368;0.6148600143575018;0.7212631578947368;0.6638248401472583;3426;2146;1324
968;cup;4750;;0.611578947368421;0.7255244755244755;0.611578947368421;0.6636965958419008;2905;1099;1845
917;comic_book;4750;;0.7225263157894737;0.6135144797997855;0.7225263157894737;0.6635730858468678;3432;2162;1318
65;sea_snake;4750;;0.7711578947368422;0.581890389197776;0.7711578947368422;0.6632865550022634;3663;2632;1087
167;English_foxhound;4750;;0.7021052631578948;0.6279420071549614;0.7021052631578948;0.6629559685915913;3335;1976;1415
999;toilet_tissue;4750;;0.5894736842105263;0.7565522831667117;0.5894736842105263;0.6626434741450716;2800;901;1950
497;church;4750;;0.6233684210526316;0.7066825775656325;0.6233684210526316;0.6624161073825503;2961;1229;1789
977;sandbar;4750;;0.6888421052631579;0.6379411191265354;0.6888421052631579;0.662415224212977;3272;1857;1478
556;fire_screen;4750;;0.7433684210526316;0.5970578288806222;0.7433684210526316;0.6622280570142536;3531;2383;1219
909;wok;4750;;0.5938947368421053;0.7476808905380334;0.5938947368421053;0.6619734835151942;2821;952;1929
980;volcano;4750;;0.7652631578947369;0.5831862666452752;0.7652631578947369;0.6619320768460347;3635;2598;1115
406;altar;4750;;0.8248421052631579;0.5510548523206751;0.8248421052631579;0.6607082630691399;3918;3192;832
677;nail;4750;;0.6292631578947369;0.6954397394136808;0.6292631578947369;0.6606984969053934;2989;1309;1761
539;doormat;4750;;0.5930526315789474;0.7422924901185771;0.5930526315789474;0.6593329432416618;2817;978;1933
876;tub;4750;;0.6751578947368421;0.6430719871666333;0.6751578947368421;0.6587244531169766;3207;1780;1543
380;titi;4750;;0.5494736842105263;0.8202388434946575;0.5494736842105263;0.6580937972768532;2610;572;2140
187;Yorkshire_terrier;4750;;0.7397894736842106;0.5925801011804385;0.7397894736842106;0.6580524344569287;3514;2416;1236
101;tusker;4750;;0.5307368421052632;0.865133836650652;0.5307368421052632;0.6578810020876827;2521;393;2229
974;geyser;4750;;0.8025263157894736;0.5549570534284466;0.8025263157894736;0.6561666236337034;3812;3057;938
272;coyote;4750;;0.6749473684210526;0.637883008356546;0.6749473684210526;0.6558919803600655;3206;1820;1544
44;alligator_lizard;4750;;0.5863157894736842;0.7408885341846235;0.5863157894736842;0.6546010106945587;2785;974;1965
193;Australian_terrier;4750;;0.6174736842105263;0.6951884332780279;0.6174736842105263;0.6540305496710893;2933;1286;1817
824;stole;4750;;0.7303157894736843;0.5880657738599763;0.7303157894736843;0.6515165743262278;3469;2430;1281
278;kit_fox;4750;;0.5503157894736842;0.7950121654501217;0.5503157894736842;0.6504105498880318;2614;674;2136
5;electric_ray;4750;;0.795578947368421;0.5492732558139535;0.795578947368421;0.6498710232158212;3779;3101;971
620;laptop;4750;;0.8391578947368421;0.5291384574538697;0.8391578947368421;0.649027110640723;3986;3547;764
257;Great_Pyrenees;4750;;0.604;0.7006105006105006;0.604;0.6487280949689089;2869;1226;1881
62;rock_python;4750;;0.5823157894736842;0.7321334039174167;0.5823157894736842;0.6486866791744841;2766;1012;1984
189;Lakeland_terrier;4750;;0.5553684210526316;0.7795508274231678;0.5553684210526316;0.6486353577575609;2638;746;2112
201;silky_terrier;4750;;0.5172631578947369;0.8672785033533357;0.5172631578947369;0.6480284847685612;2457;376;2293
163;bloodhound;4750;;0.5368421052631579;0.814176245210728;0.5368421052631579;0.6470438974879472;2550;582;2200
64;green_mamba;4750;;0.7829473684210526;0.5501479289940828;0.7829473684210526;0.64622067767159;3719;3041;1031
35;mud_turtle;4750;;0.5467368421052632;0.788642575159429;0.5467368421052632;0.6457789382071366;2597;696;2153
107;jellyfish;4750;;0.8183157894736842;0.5310834813499112;0.8183157894736842;0.6441295882011765;3887;3432;863
741;prayer_rug;4750;;0.8113684210526316;0.5340169045309685;0.8113684210526316;0.6441046210411966;3854;3363;896
854;theater_curtain;4750;;0.8418947368421053;0.5211102423768569;0.8418947368421053;0.6437540244687702;3999;3675;751
170;Irish_wolfhound;4750;;0.6229473684210526;0.6650932793886266;0.6229473684210526;0.6433307968257418;2959;1490;1791
250;Siberian_husky;4750;;0.7267368421052631;0.5758131776480401;0.7267368421052631;0.6425314099581201;3452;2543;1298
657;missile;4750;;0.643578947368421;0.6408805031446541;0.643578947368421;0.6422268907563025;3057;1713;1693
32;tailed_frog;4750;;0.6317894736842106;0.648024184841287;0.6317894736842106;0.6398038588636606;3001;1630;1749
231;collie;4750;;0.5553684210526316;0.7537142857142857;0.5553684210526316;0.6395151515151515;2638;862;2112
269;timber_wolf;4750;;0.8132631578947368;0.5251495377922785;0.8132631578947368;0.6381959358995539;3863;3493;887
591;handkerchief;4750;;0.7313684210526316;0.5596005154639175;0.7313684210526316;0.6340573097280526;3474;2734;1276
55;green_snake;4750;;0.5536842105263158;0.7356643356643356;0.5536842105263158;0.6318318318318319;2630;945;2120
810;space_bar;4750;;0.5949473684210527;0.6728571428571428;0.5949473684210527;0.6315083798882681;2826;1374;1924
516;cradle;4750;;0.6389473684210526;0.62179881171891;0.6389473684210526;0.6302564635032707;3035;1846;1715
49;African_crocodile;4750;;0.5374736842105263;0.7600476332241739;0.5374736842105263;0.6296707362190159;2553;806;2197
673;mouse;4750;;0.531157894736842;0.7675692120474596;0.531157894736842;0.6278462112728629;2523;764;2227
6;stingray;4750;;0.5810526315789474;0.6824925816023739;0.5810526315789474;0.6277007050261543;2760;1284;1990
598;home_theater;4750;;0.716842105263158;0.5515063168124392;0.716842105263158;0.6233980227023068;3405;2769;1345
446;binder;4750;;0.7004210526315789;0.5608563722184761;0.7004210526315789;0.6229170567309493;3327;2605;1423
865;toyshop;4750;;0.7058947368421052;0.555868700265252;0.7058947368421052;0.6219625301428306;3353;2679;1397
319;dragonfly;4750;;0.7058947368421052;0.555224374896506;0.7058947368421052;0.6215589952729632;3353;2686;1397
819;stage;4750;;0.6486315789473684;0.5955924995167214;0.6486315789473684;0.6209815579965736;3081;2092;1669
108;sea_anemone;4750;;0.7296842105263158;0.5370312984195847;0.7296842105263158;0.6187076044269904;3466;2988;1284
973;coral_reef;4750;;0.7250526315789474;0.5392202912165336;0.7250526315789474;0.6184789440603394;3444;2943;1306
281;tabby;4750;;0.864;0.48106904231625836;0.864;0.6180257510729613;4104;4427;646
240;Appenzeller;4750;;0.652;0.5865530303030303;0.652;0.6175473579262214;3097;2183;1653
664;monitor;4750;;0.5597894736842105;0.686016511867905;0.5597894736842105;0.6165082309297473;2659;1217;2091
111;nematode;4750;;0.8538947368421053;0.48216833095577744;0.8538947368421053;0.6163197082510257;4056;4356;694
970;alp;4750;;0.6157894736842106;0.6146249212019331;0.6157894736842106;0.615206646335051;2925;1834;1825
356;weasel;4750;;0.5812631578947368;0.6528730196263892;0.5812631578947368;0.6149905334669784;2761;1468;1989
712;Petri_dish;4750;;0.7328421052631579;0.528786267659122;0.7328421052631579;0.6143121856525192;3481;3102;1269
233;Bouvier_des_Flandres;4750;;0.7077894736842105;0.536803448826441;0.7077894736842105;0.6105511668028694;3362;2901;1388
527;desktop_computer;4750;;0.7532631578947369;0.5132692583560465;0.7532631578947369;0.6105281119358417;3578;3393;1172
728;plastic_bag;4750;;0.6206315789473684;0.5997965412004069;0.6206315789473684;0.6100362131401966;2948;1967;1802
818;spotlight;4750;;0.6612631578947369;0.5640150834979349;0.6612631578947369;0.6087799205349355;3141;2428;1609
60;night_snake;4750;;0.47726315789473683;0.8402520385470719;0.47726315789473683;0.6087540279269602;2267;431;2483
787;shield;4750;;0.7385263157894737;0.5174804543442986;0.7385263157894737;0.6085523462572643;3508;3271;1242
119;rock_crab;4750;;0.5572631578947368;0.6629100926621587;0.5572631578947368;0.6055129818140226;2647;1346;2103
222;kuvasz;4750;;0.7631578947368421;0.5002069821995309;0.7631578947368421;0.6043177461031924;3625;3622;1125
26;common_newt;4750;;0.6818947368421052;0.5413672070867458;0.6818947368421052;0.603559116742756;3239;2744;1511
815;spider_web;4750;;0.5863157894736842;0.6173797384172024;0.5863157894736842;0.6014469279775402;2785;1726;1965
328;sea_urchin;4750;;0.7418947368421053;0.5050157638291775;0.7418947368421053;0.6009549795361528;3524;3454;1226
265;toy_poodle;4750;;0.6574736842105263;0.5522546419098143;0.6574736842105263;0.6002883229216723;3123;2532;1627
782;screen;4750;;0.6130526315789474;0.5873336022589754;0.6130526315789474;0.5999175937371239;2912;2046;1838
921;book_jacket;4750;;0.7332631578947368;0.5004310344827586;0.7332631578947368;0.5948761742100768;3483;3477;1267
681;notebook;4750;;0.4745263157894737;0.7823672335994446;0.4745263157894737;0.5907482636613812;2254;627;2496
266;miniature_poodle;4750;;0.46778947368421053;0.7918745545260156;0.46778947368421053;0.5881418740074114;2222;584;2528
68;sidewinder;4750;;0.576;0.6;0.576;0.5877551020408163;2736;1824;2014
358;polecat;4750;;0.744421052631579;0.4810229900693783;0.744421052631579;0.5844145111974217;3536;3815;1214
58;water_snake;4750;;0.6383157894736842;0.5325838749341296;0.6383157894736842;0.5806760509432155;3032;2661;1718
461;breastplate;4750;;0.824;0.4477748541356824;0.824;0.5802386776369431;3914;4827;836
73;barn_spider;4750;;0.6557894736842105;0.4869470064092543;0.6557894736842105;0.5588947698932448;3115;3282;1635
751;racer;4750;;0.7547368421052632;0.4409051777149182;0.7547368421052632;0.5566338017234687;3585;4546;1165
381;spider_monkey;4750;;0.44042105263157894;0.7407932011331445;0.44042105263157894;0.5524161605492475;2092;732;2658
524;cuirass;4750;;0.6071578947368421;0.5057874430024553;0.6071578947368421;0.55185610409491;2884;2818;1866
794;shower_curtain;4750;;0.6614736842105263;0.4688152790211877;0.6614736842105263;0.5487251135172896;3142;3560;1608
669;mosquito_net;4750;;0.7648421052631579;0.4274620543593364;0.7648421052631579;0.5484187485847988;3633;4866;1117
469;caldron;4750;;0.7151578947368421;0.43996891594353066;0.7151578947368421;0.5447838986448561;3397;4324;1353
562;fountain;4750;;0.7905263157894736;0.4102480061182126;0.7905263157894736;0.5401711860749477;3755;5398;995
66;horned_viper;4750;;0.580421052631579;0.504852591100531;0.580421052631579;0.5400058760160612;2757;2704;1993
285;Egyptian_cat;4750;;0.39642105263157895;0.8266022827041264;0.39642105263157895;0.5358565737051793;1883;395;2867
248;Eskimo_dog;4750;;0.5170526315789473;0.5514144589133363;0.5170526315789473;0.5336810082572794;2456;1998;2294
947;mushroom;4750;;0.40273684210526317;0.7888659793814433;0.40273684210526317;0.5332404181184669;1913;512;2837
359;black-footed_ferret;4750;;0.44042105263157894;0.6711581649021495;0.44042105263157894;0.5318418711071565;2092;1025;2658
74;garden_spider;4750;;0.3741052631578947;0.7456986991187579;0.3741052631578947;0.4982475816626945;1777;606;2973
549;envelope;4750;;0.6812631578947368;0.388568683957733;0.6812631578947368;0.49487689249120664;3236;5092;1514
238;Greater_Swiss_Mountain_dog;4750;;0.3288421052631579;0.8658536585365854;0.3288421052631579;0.476655477570949;1562;242;3188
282;tiger_cat;4750;;0.31873684210526315;0.8282275711159738;0.31873684210526315;0.460322286409243;1514;314;3236
611;jigsaw_puzzle;4750;;0.7751578947368422;0.2824486038662166;0.7751578947368422;0.4140335095018554;3682;9354;1068
46;green_lizard;4750;;0.272;0.7902140672782875;0.272;0.40469851213782304;1292;343;3458
