class_idx;class_label;support;base_accuracy;overall_accuracy;precision;recall;f1;tp;fp;fn
255;Leonberg;4750;;0.9981052631578947;0.9991570073761855;0.9981052631578947;0.9986308583464982;4741;4;9
900;water_tower;4750;;0.9968421052631579;0.9974720876342953;0.9968421052631579;0.997156996946404;4735;12;15
873;triumphal_arch;4750;;0.9976842105263158;0.9957974364362261;0.9976842105263158;0.9967399305920708;4739;20;11
995;earthstar;4750;;0.9949473684210526;0.9972568052331715;0.9949473684210526;0.9961007482347982;4726;13;24
668;mosque;4750;;0.9968421052631579;0.9947478991596639;0.9968421052631579;0.9957939011566773;4735;25;15
88;macaw;4750;;0.9966315789473684;0.9949558638083228;0.9966315789473684;0.995793016407236;4734;24;16
625;lifeboat;4750;;0.9926315789473684;0.9983061613381325;0.9926315789473684;0.9954607832787923;4715;8;35
244;Tibetan_mastiff;4750;;0.9932631578947368;0.9972521665609808;0.9932631578947368;0.9952536652251872;4718;13;32
264;Cardigan;4750;;0.9922105263157894;0.9980940279542567;0.9922105263157894;0.995143581081081;4713;9;37
685;odometer;4750;;0.9953684210526316;0.9943217665615142;0.9953684210526316;0.9948448185165701;4728;27;22
100;black_swan;4750;;0.9962105263157894;0.9932829554995802;0.9962105263157894;0.9947445869245323;4732;32;18
547;electric_locomotive;4750;;0.9966315789473684;0.9924528301886792;0.9966315789473684;0.9945378151260503;4734;36;16
874;trolleybus;4750;;0.9953684210526316;0.9934860264761505;0.9953684210526316;0.9944263329477339;4728;31;22
821;steel_arch_bridge;4750;;0.9922105263157894;0.996616620850074;0.9922105263157894;0.9944086929000949;4713;16;37
260;chow;4750;;0.992421052631579;0.996196111580727;0.992421052631579;0.9943049989453702;4714;18;36
243;bull_mastiff;4750;;0.9911578947368421;0.9968240525089985;0.9911578947368421;0.9939828987649107;4708;15;42
218;Welsh_springer_spaniel;4750;;0.9882105263157894;0.999787007454739;0.9882105263157894;0.9939650608787718;4694;1;56
829;streetcar;4750;;0.9926315789473684;0.9951456310679612;0.9926315789473684;0.9938870151770658;4715;23;35
215;Brittany_spaniel;4750;;0.991578947368421;0.9961928934010152;0.991578947368421;0.9938805655201519;4710;18;40
698;palace;4750;;0.9909473684210526;0.9966123226762651;0.9909473684210526;0.9937717724057848;4707;16;43
768;rugby_ball;4750;;0.9913684210526316;0.9959813874788495;0.9913684210526316;0.9936695505380883;4709;19;41
11;goldfinch;4750;;0.9930526315789474;0.9940990516332983;0.9930526315789474;0.9935755660874144;4717;28;33
198;standard_schnauzer;4750;;0.9898947368421053;0.9970313825275657;0.9898947368421053;0.9934502429748573;4702;14;48
175;otterhound;4750;;0.9882105263157894;0.9987234042553191;0.9882105263157894;0.9934391534391533;4694;6;56
986;yellow_lady's_slipper;4750;;0.9981052631578947;0.9887382690302399;0.9981052631578947;0.993399685699319;4741;54;9
158;toy_terrier;4750;;0.9896842105263158;0.9970307529162248;0.9896842105263158;0.9933438985736927;4701;14;49
216;clumber;4750;;0.9886315789473684;0.9980871413390011;0.9886315789473684;0.9933368588048652;4696;9;54
136;European_gallinule;4750;;0.9917894736842106;0.9947212837837838;0.9917894736842106;0.9932532152646005;4711;25;39
404;airliner;4750;;0.9903157894736843;0.995766299745978;0.9903157894736843;0.9930335655478151;4704;20;46
169;borzoi;4750;;0.9932631578947368;0.9926362297496318;0.9932631578947368;0.9929495948647795;4718;35;32
253;basenji;4750;;0.9903157894736843;0.9951343346731543;0.9903157894736843;0.9927192149414372;4704;23;46
226;briard;4750;;0.9871578947368421;0.9980842911877394;0.9871578947368421;0.9925910245554616;4689;9;61
225;malinois;4750;;0.9953684210526316;0.9897425162235712;0.9953684210526316;0.9925474965886427;4728;49;22
129;spoonbill;4750;;0.9852631578947368;0.999786370433668;0.9852631578947368;0.9924716360937335;4680;1;70
612;jinrikisha;4750;;0.9932631578947368;0.9915931063472047;0.9932631578947368;0.9924274295330249;4718;40;32
179;Staffordshire_bullterrier;4750;;0.9922105263157894;0.9926284751474305;0.9922105263157894;0.9924194567277321;4713;35;37
235;German_shepherd;4750;;0.9909473684210526;0.993666877770741;0.9909473684210526;0.99230525982924;4707;30;43
177;Scottish_deerhound;4750;;0.995578947368421;0.9889167712254286;0.995578947368421;0.9922366764582459;4729;53;21
172;whippet;4750;;0.9947368421052631;0.9897360703812317;0.9947368421052631;0.9922301553968921;4725;49;25
144;pelican;4750;;0.9907368421052631;0.9936655405405406;0.9907368421052631;0.9921990301496942;4706;30;44
575;golfcart;4750;;0.9886315789473684;0.9957591178965225;0.9886315789473684;0.9921825480667653;4696;20;54
339;sorrel;4750;;0.9968421052631579;0.9874869655891554;0.9968421052631579;0.9921424829753798;4735;60;15
915;yurt;4750;;0.9941052631578947;0.9901446844202139;0.9941052631578947;0.9921210211156634;4722;47;28
247;Saint_Bernard;4750;;0.9863157894736843;0.9978700745473909;0.9863157894736843;0.9920592906299629;4685;10;65
90;lorikeet;4750;;0.9957894736842106;0.9880927512011698;0.9957894736842106;0.9919261822376009;4730;57;20
97;drake;4750;;0.995578947368421;0.9882967607105538;0.995578947368421;0.9919244887257472;4729;56;21
196;miniature_schnauzer;4750;;0.9938947368421053;0.9899349968546866;0.9938947368421053;0.9919109150120812;4721;48;29
210;German_short-haired_pointer;4750;;0.9932631578947368;0.9903442485306465;0.9932631578947368;0.9918015556022705;4718;46;32
832;stupa;4750;;0.9903157894736843;0.9932432432432432;0.9903157894736843;0.9917773561037319;4704;32;46
430;basketball;4750;;0.9978947368421053;0.9852421533984619;0.9978947368421053;0.9915280828365234;4740;71;10
227;kelpie;4750;;0.9850526315789474;0.998080204778157;0.9850526315789474;0.9915236278872643;4679;9;71
151;Chihuahua;4750;;0.9867368421052631;0.9959626009349766;0.9867368421052631;0.9913282571912013;4687;19;63
160;Afghan_hound;4750;;0.987578947368421;0.9946988973706531;0.987578947368421;0.9911261356433552;4691;25;59
376;proboscis_monkey;4750;;0.9962105263157894;0.9860387580745988;0.9962105263157894;0.9910985443501936;4732;67;18
0;tench;4750;;0.983578947368421;0.9987174005985464;0.983578947368421;0.9910903691132795;4672;6;78
162;beagle;4750;;0.987578947368421;0.9940665395210849;0.987578947368421;0.9908121237723096;4691;28;59
268;Mexican_hairless;4750;;0.9858947368421053;0.9957473952796088;0.9858947368421053;0.9907965725166614;4683;20;67
190;Sealyham_terrier;4750;;0.9856842105263158;0.9959583067432461;0.9856842105263158;0.9907946249074172;4682;19;68
466;bullet_train;4750;;0.9945263157894737;0.9870455495194317;0.9945263157894737;0.9907718120805369;4724;62;26
217;English_springer;4750;;0.9854736842105263;0.9959574468085106;0.9854736842105263;0.9906878306878306;4681;19;69
442;bell_cote;4750;;0.984;0.9972263708128867;0.984;0.9905690367701601;4674;13;76
355;llama;4750;;0.9837894736842105;0.9972257789159198;0.9837894736842105;0.9904620601949978;4673;13;77
471;cannon;4750;;0.9907368421052631;0.9901115085209341;0.9907368421052631;0.990424076607387;4706;47;44
993;gyromitra;4750;;0.9867368421052631;0.9940615058324497;0.9867368421052631;0.9903856312731115;4687;28;63
16;bulbul;4750;;0.9818947368421053;0.9989291068751338;0.9818947368421053;0.9903386771419471;4664;5;86
176;Saluki;4750;;0.9917894736842106;0.9888748950461796;0.9917894736842106;0.9903300399411394;4711;53;39
538;dome;4750;;0.9905263157894737;0.9901094276094277;0.9905263157894737;0.9903178278257209;4705;47;45
576;gondola;4750;;0.9985263157894737;0.9821909297991303;0.9985263157894737;0.9902912621359223;4743;86;7
306;rhinoceros_beetle;4750;;0.983578947368421;0.9967996586302539;0.983578947368421;0.9901451732542121;4672;15;78
192;cairn;4750;;0.9827368421052631;0.9976490703141697;0.9827368421052631;0.9901368119630926;4668;11;82
781;scoreboard;4750;;0.9928421052631579;0.9874371859296482;0.9928421052631579;0.990132269577997;4716;60;34
511;convertible;4750;;0.9901052631578947;0.9901052631578947;0.9901052631578947;0.9901052631578947;4703;47;47
239;Bernese_mountain_dog;4750;;0.9896842105263158;0.9905183312262958;0.9896842105263158;0.9901010951979781;4701;45;49
561;forklift;4750;;0.9850526315789474;0.9948968743355305;0.9850526315789474;0.9899502803342854;4679;24;71
211;vizsla;4750;;0.9882105263157894;0.9915504858470638;0.9882105263157894;0.9898776887389288;4694;40;56
863;totem_pole;4750;;0.9873684210526316;0.992382564536606;0.9873684210526316;0.9898691430983538;4690;36;60
173;Ibizan_hound;4750;;0.9833684210526316;0.9963737201365188;0.9833684210526316;0.989828353464717;4671;17;79
167;English_foxhound;4750;;0.995578947368421;0.9839783603828548;0.995578947368421;0.9897446630389284;4729;77;21
166;Walker_hound;4750;;0.984;0.9955271565495207;0.984;0.9897300158814187;4674;21;76
165;black-and-tan_coonhound;4750;;0.9831578947368421;0.996160409556314;0.9831578947368421;0.9896164441618986;4670;18;80
17;jay;4750;;0.9818947368421053;0.9972204404532821;0.9818947368421053;0.9894982497082847;4664;13;86
594;harp;4750;;0.9810526315789474;0.9980723923752409;0.9810526315789474;0.989489330077503;4660;9;90
170;Irish_wolfhound;4750;;0.9818947368421053;0.9967941867920496;0.9818947368421053;0.9892883656803477;4664;15;86
180;American_Staffordshire_terrier;4750;;0.9806315789473684;0.9980715663166917;0.9806315789473684;0.9892747159392588;4658;9;92
565;freight_car;4750;;0.9861052631578947;0.9921626773988562;0.9861052631578947;0.9891246964417696;4684;37;66
291;lion;4750;;0.9953684210526316;0.982952182952183;0.9953684210526316;0.9891213389121338;4728;82;22
663;monastery;4750;;0.9814736842105263;0.9967928159076331;0.9814736842105263;0.989073936565185;4662;15;88
262;Brabancon_griffon;4750;;0.980421052631579;0.9978572959074352;0.980421052631579;0.98906233407667;4657;10;93
234;Rottweiler;4750;;0.9894736842105263;0.9884332281808622;0.9894736842105263;0.9889531825355075;4700;55;50
275;African_hunting_dog;4750;;0.9850526315789474;0.992785911309145;0.9850526315789474;0.9889041530170135;4679;34;71
96;toucan;4750;;0.980421052631579;0.9974298565003212;0.980421052631579;0.9888523197791699;4657;12;93
820;steam_locomotive;4750;;0.9833684210526316;0.9942528735632183;0.9833684210526316;0.9887806943268416;4671;27;79
186;Norwich_terrier;4750;;0.9821052631578947;0.9955185659411011;0.9821052631578947;0.9887664264518864;4665;21;85
890;volleyball;4750;;0.9896842105263158;0.9878125656650557;0.9896842105263158;0.9887475023661795;4701;58;49
555;fire_engine;4750;;0.9863157894736843;0.9911148720118469;0.9863157894736843;0.9887095072280258;4685;42;65
259;Pomeranian;4750;;0.9850526315789474;0.9923647932131495;0.9850526315789474;0.9886951928156366;4679;36;71
581;grille;4750;;0.9831578947368421;0.9942516499893549;0.9831578947368421;0.9886736530115381;4670;27;80
717;pickup;4750;;0.9852631578947368;0.9919457397202205;0.9852631578947368;0.9885931558935361;4680;38;70
274;dhole;4750;;0.9894736842105263;0.9876024374868669;0.9894736842105263;0.9885371753076032;4700;59;50
236;Doberman;4750;;0.9905263157894737;0.9861664221337246;0.9905263157894737;0.9883415607604243;4705;66;45
185;Norfolk_terrier;4750;;0.9787368421052631;0.998067840274796;0.9787368421052631;0.9883078231292516;4649;9;101
800;slot;4750;;0.9932631578947368;0.9833263859941642;0.9932631578947368;0.9882697947214076;4718;80;32
182;Border_terrier;4750;;0.9842105263157894;0.992358310337508;0.9842105263157894;0.9882676249867879;4675;36;75
207;golden_retriever;4750;;0.9922105263157894;0.9843358395989975;0.9922105263157894;0.9882574963304677;4713;75;37
241;EntleBucher;4750;;0.9917894736842106;0.9847408026755853;0.9917894736842106;0.9882525697503671;4711;73;39
250;Siberian_husky;4750;;0.9869473684210527;0.9894470240607851;0.9869473684210527;0.988195615514334;4688;50;62
628;liner;4750;;0.9863157894736843;0.9900676246830094;0.9863157894736843;0.9881881459607679;4685;47;65
340;zebra;4750;;0.9934736842105263;0.9829202249531348;0.9934736842105263;0.9881687781384149;4719;82;31
571;gas_pump;4750;;0.9827368421052631;0.9936143039591315;0.9827368421052631;0.9881456392887383;4668;30;82
98;red-breasted_merganser;4750;;0.9795789473684211;0.9967866323907455;0.9795789473684211;0.9881078785304735;4653;15;97
927;trifle;4750;;0.983578947368421;0.9925642659868281;0.983578947368421;0.9880511790208311;4672;35;78
569;garbage_truck;4750;;0.9802105263157894;0.9959358288770054;0.9802105263157894;0.9880106100795757;4656;19;94
263;Pembroke;4750;;0.9789473684210527;0.9972120952176711;0.9789473684210527;0.9879953256135132;4650;13;100
24;great_grey_owl;4750;;0.9808421052631578;0.99508756941478;0.9808421052631578;0.9879134860050891;4659;23;91
704;parking_meter;4750;;0.9837894736842105;0.9919337720229251;0.9837894736842105;0.9878448366980235;4673;38;77
18;magpie;4750;;0.9825263157894737;0.993190040434135;0.9825263157894737;0.9878293999365012;4667;32;83
139;ruddy_turnstone;4750;;0.9816842105263158;0.9940311234278405;0.9816842105263158;0.987819086961127;4663;28;87
200;Tibetan_terrier;4750;;0.9861052631578947;0.9894381073088298;0.9861052631578947;0.9877688738928722;4684;50;66
194;Dandie_Dinmont;4750;;0.9861052631578947;0.9894381073088298;0.9861052631578947;0.9877688738928722;4684;50;66
19;chickadee;4750;;0.984421052631579;0.9910979228486647;0.984421052631579;0.9877482044782424;4676;42;74
528;dial_telephone;4750;;0.9814736842105263;0.9940298507462687;0.9814736842105263;0.9877118644067796;4662;28;88
637;mailbox;4750;;0.980421052631579;0.9950854700854701;0.980421052631579;0.9876988335100743;4657;23;93
219;cocker_spaniel;4750;;0.984421052631579;0.9908878999788091;0.984421052631579;0.9876438905903475;4676;43;74
229;Old_English_sheepdog;4750;;0.9827368421052631;0.9925579417393153;0.9827368421052631;0.9876229768327515;4668;35;82
137;American_coot;4750;;0.9818947368421053;0.9933972310969116;0.9818947368421053;0.9876124933827422;4664;31;86
159;Rhodesian_ridgeback;4750;;0.9808421052631578;0.9944503735325507;0.9808421052631578;0.9875993640699523;4659;26;91
249;malamute;4750;;0.9778947368421053;0.9974232338415289;0.9778947368421053;0.9875624534920804;4645;12;105
535;disk_brake;4750;;0.9774736842105263;0.9978508489146787;0.9774736842105263;0.9875571626076785;4643;10;107
642;marimba;4750;;0.9850526315789474;0.9900550148116801;0.9850526315789474;0.9875474883917265;4679;47;71
195;Boston_bull;4750;;0.9894736842105263;0.9855315579786119;0.9894736842105263;0.9874986868368526;4700;69;50
93;hornbill;4750;;0.9852631578947368;0.9896384013533517;0.9852631578947368;0.9874459331153075;4680;49;70
91;coucal;4750;;0.9768421052631578;0.9982788296041308;0.9768421052631578;0.9874441370504363;4640;8;110
174;Norwegian_elkhound;4750;;0.9781052631578947;0.9967818064792963;0.9781052631578947;0.9873552226118372;4646;15;104
178;Weimaraner;4750;;0.9829473684210527;0.9917162276975361;0.9829473684210527;0.9873123281877775;4669;39;81
13;junco;4750;;0.976421052631579;0.998278088678433;0.976421052631579;0.9872286079182632;4638;8;112
406;altar;4750;;0.9894736842105263;0.9849119865884325;0.9894736842105263;0.987187565637471;4700;72;50
267;standard_poodle;4750;;0.9877894736842106;0.9865433137089992;0.9877894736842106;0.9871660004207868;4692;64;58
606;iron;4750;;0.9795789473684211;0.994868505452213;0.9795789473684211;0.987164527421237;4653;24;97
154;Pekinese;4750;;0.976;0.9984923540814129;0.976;0.9871180666453743;4636;7;114
187;Yorkshire_terrier;4750;;0.9787368421052631;0.9955032119914347;0.9787368421052631;0.9870488322717622;4649;21;101
214;Gordon_setter;4750;;0.9814736842105263;0.992548435171386;0.9814736842105263;0.9869799936487773;4662;35;88
347;bison;4750;;0.9869473684210527;0.9869473684210527;0.9869473684210527;0.9869473684210527;4688;62;62
884;vault;4750;;0.9831578947368421;0.9906661009758168;0.9831578947368421;0.9868977176669484;4670;44;80
171;Italian_greyhound;4750;;0.9825263157894737;0.9912914188615123;0.9825263157894737;0.9868894057940368;4667;41;83
164;bluetick;4750;;0.9791578947368421;0.9946535500427716;0.9791578947368421;0.9868448970931467;4651;25;99
246;Great_Dane;4750;;0.9772631578947368;0.9965650493774152;0.9772631578947368;0.9868197278911565;4642;16;108
420;banjo;4750;;0.9753684210526316;0.9984913793103448;0.9753684210526316;0.9867944621938233;4633;7;117
127;white_stork;4750;;0.988;0.9855102897942041;0.988;0.986753574432296;4693;69;57
694;paddlewheel;4750;;0.9850526315789474;0.9883819180397128;0.9850526315789474;0.9867144664698441;4679;55;71
447;binoculars;4750;;0.9812631578947368;0.9921243082162622;0.9812631578947368;0.9866638441998308;4661;37;89
560;football_helmet;4750;;0.9949473684210526;0.9784679089026915;0.9949473684210526;0.9866388308977035;4726;104;24
191;Airedale;4750;;0.9863157894736843;0.9869391194438593;0.9863157894736843;0.9866273560071601;4685;62;65
661;Model_T;4750;;0.9934736842105263;0.979858803986711;0.9934736842105263;0.9866192766046413;4719;97;31
687;organ;4750;;0.9810526315789474;0.9921226314668937;0.9810526315789474;0.9865565788080873;4660;37;90
143;oystercatcher;4750;;0.9877894736842106;0.9853002939941201;0.9877894736842106;0.9865433137089993;4692;70;58
233;Bouvier_des_Flandres;4750;;0.9781052631578947;0.9950738916256158;0.9781052631578947;0.9865166153519482;4646;23;104
646;maze;4750;;0.9928421052631579;0.9802535855331532;0.9928421052631579;0.9865076874803891;4716;95;34
87;African_grey;4750;;0.9766315789473684;0.99656283566058;0.9766315789473684;0.9864965443912812;4639;16;111
251;dalmatian;4750;;0.9896842105263158;0.9832670989332776;0.9896842105263158;0.9864652187598364;4701;80;49
197;giant_schnauzer;4750;;0.9865263157894737;0.986318669753736;0.9865263157894737;0.9864224818440164;4686;65;64
714;pick;4750;;0.9778947368421053;0.9950728363324765;0.9778947368421053;0.9864090040348269;4645;23;105
245;French_bulldog;4750;;0.9776842105263158;0.9950717805871009;0.9776842105263158;0.9863013698630138;4644;23;106
284;Siamese_cat;4750;;0.9953684210526316;0.9772633319553534;0.9953684210526316;0.9862327909887358;4728;110;22
362;badger;4750;;0.9865263157894737;0.985903639806438;0.9865263157894737;0.9862148795117331;4686;67;64
604;hourglass;4750;;0.9901052631578947;0.9822472848788638;0.9901052631578947;0.9861606206751939;4703;85;47
146;albatross;4750;;0.9781052631578947;0.9942221271132035;0.9781052631578947;0.9860978456966996;4646;27;104
15;robin;4750;;0.9842105263157894;0.9879543533389687;0.9842105263157894;0.9860788863109049;4675;57;75
161;basset;4750;;0.991578947368421;0.9806371018113679;0.991578947368421;0.9860776719355177;4710;93;40
321;admiral;4750;;0.9854736842105263;0.9865121180189673;0.9854736842105263;0.9859926276987888;4681;64;69
122;American_lobster;4750;;0.9814736842105263;0.990019112338076;0.9814736842105263;0.9857278782112275;4662;47;88
228;komondor;4750;;0.9861052631578947;0.985275557425326;0.9861052631578947;0.9856902356902356;4684;70;66
261;keeshond;4750;;0.9850526315789474;0.9860906217070601;0.9850526315789474;0.9855713533438653;4679;66;71
981;ballplayer;4750;;0.992;0.9792186201163757;0.992;0.9855678728299518;4712;100;38
213;Irish_setter;4750;;0.9762105263157895;0.9950643776824034;0.9762105263157895;0.9855472901168969;4637;23;113
270;white_wolf;4750;;0.9827368421052631;0.9883548591996613;0.9827368421052631;0.9855378443998735;4668;55;82
849;teapot;4750;;0.9932631578947368;0.9778238341968912;0.9932631578947368;0.9854830287206267;4718;107;32
563;fountain_pen;4750;;0.9789473684210527;0.9921058246212929;0.9789473684210527;0.9854826745787857;4650;37;100
451;bolo_tie;4750;;0.9770526315789474;0.9940029985007496;0.9770526315789474;0.9854549315213929;4641;28;109
193;Australian_terrier;4750;;0.9867368421052631;0.9840436699559102;0.9867368421052631;0.985388415851992;4687;76;63
184;Irish_terrier;4750;;0.9787368421052631;0.992104139991464;0.9787368421052631;0.9853751589656634;4649;37;101
181;Bedlington_terrier;4750;;0.9854736842105263;0.9852662597347926;0.9854736842105263;0.9853699610567309;4681;70;69
156;Blenheim_spaniel;4750;;0.9898947368421053;0.9808093450146016;0.9898947368421053;0.9853310980720872;4702;92;48
294;brown_bear;4750;;0.9833684210526316;0.9871090448013525;0.9833684210526316;0.9852351824509598;4671;61;79
670;motor_scooter;4750;;0.9892631578947368;0.981206932553769;0.9892631578947368;0.9852185763706888;4699;90;51
497;church;4750;;0.9781052631578947;0.9923109782144383;0.9781052631578947;0.9851569126378287;4646;36;104
201;silky_terrier;4750;;0.984;0.9862840261658578;0.984;0.9851406892190957;4674;65;76
449;boathouse;4750;;0.9858947368421053;0.9842370744010088;0.9858947368421053;0.9850652082456878;4683;75;67
254;pug;4750;;0.984;0.9860759493670886;0.984;0.985036880927292;4674;66;76
726;plane;4750;;0.9793684210526316;0.9904194166489249;0.9793684210526316;0.9848629194453267;4652;45;98
9;ostrich;4750;;0.9936842105263158;0.9760132340777502;0.9936842105263158;0.9847694554558732;4720;116;30
417;balloon;4750;;0.984;0.9854522454142948;0.984;0.9847255872748341;4674;69;76
888;viaduct;4750;;0.9802105263157894;0.9891650732950924;0.9802105263157894;0.9846674421063762;4656;51;94
388;giant_panda;4750;;0.9922105263157894;0.9771926187020527;0.9922105263157894;0.9846443121278596;4713;110;37
208;Labrador_retriever;4750;;0.9833684210526316;0.9858590122414521;0.9833684210526316;0.9846121416526138;4671;67;79
870;tricycle;4750;;0.9869473684210527;0.9819857561793046;0.9869473684210527;0.984460310793784;4688;86;62
400;academic_gown;4750;;0.9882105263157894;0.9805723835387508;0.9882105263157894;0.9843766383558771;4694;93;56
389;barracouta;4750;;0.972;0.9969768948391277;0.972;0.9843300287815797;4617;14;133
723;pinwheel;4750;;0.9821052631578947;0.9864664834002961;0.9821052631578947;0.9842810423040406;4665;64;85
573;go-kart;4750;;0.9905263157894737;0.9779671585948867;0.9905263157894737;0.9842066729421609;4705;106;45
209;Chesapeake_Bay_retriever;4750;;0.9734736842105263;0.9948364888123924;0.9734736842105263;0.9840391572675037;4624;24;126
231;collie;4750;;0.972421052631579;0.9956887260185385;0.972421052631579;0.9839173500905316;4619;20;131
919;street_sign;4750;;0.9778947368421053;0.9899829497016198;0.9778947368421053;0.9839017157381911;4645;47;105
985;daisy;4750;;0.9905263157894737;0.9773577066888243;0.9905263157894737;0.9838979506482642;4705;109;45
439;bearskin;4750;;0.9993684210526316;0.9687755102040816;0.9993684210526316;0.9838341968911918;4747;153;3
12;house_finch;4750;;0.9736842105263158;0.9941960447119519;0.9736842105263158;0.9838332269729845;4625;27;125
237;miniature_pinscher;4750;;0.98;0.9876936134097178;0.98;0.9838317658247914;4655;58;95
641;maraca;4750;;0.9894736842105263;0.9781477627471384;0.9894736842105263;0.9837781266352694;4700;105;50
702;parallel_bars;4750;;0.9791578947368421;0.9883127921801955;0.9791578947368421;0.9837140439932319;4651;55;99
365;orangutan;4750;;0.9854736842105263;0.981753355704698;0.9854736842105263;0.9836100021012817;4681;87;69
718;pier;4750;;0.9783157894736842;0.9889338157054692;0.9783157894736842;0.9835961477405016;4647;52;103
351;hartebeest;4750;;0.9713684210526315;0.9961139896373057;0.9713684210526315;0.9835855894265615;4614;18;136
554;fireboat;4750;;0.9711578947368421;0.9963282937365011;0.9711578947368421;0.9835820895522388;4613;17;137
279;Arctic_fox;4750;;0.9707368421052631;0.996757457846952;0.9707368421052631;0.9835750853242321;4611;15;139
994;stinkhorn;4750;;0.984421052631579;0.9825593612103383;0.984421052631579;0.9834893259017773;4676;83;74
204;Lhasa;4750;;0.9703157894736842;0.9969716634220204;0.9703157894736842;0.9834631388029446;4609;14;141
85;quail;4750;;0.9734736842105263;0.9935539321014182;0.9734736842105263;0.9834113143343258;4624;30;126
871;trimaran;4750;;0.9854736842105263;0.9813417190775682;0.9854736842105263;0.9834033613445378;4681;89;69
23;vulture;4750;;0.9823157894736843;0.9843881856540084;0.9823157894736843;0.9833508956796628;4666;74;84
771;safe;4750;;0.9730526315789474;0.9937647817673618;0.9730526315789474;0.9832996489735135;4622;29;128
188;wire-haired_fox_terrier;4750;;0.9848421052631579;0.9817418677859392;0.9848421052631579;0.983289542827115;4678;87;72
682;obelisk;4750;;0.9823157894736843;0.9841805526260282;0.9823157894736843;0.9832472869033821;4666;75;84
667;mortarboard;4750;;0.9732631578947368;0.9933390631714654;0.9732631578947368;0.9831986388770736;4623;31;127
755;radio_telescope;4750;;0.9833684210526316;0.9829545454545454;0.9833684210526316;0.983161439696906;4671;81;79
839;suspension_bridge;4750;;0.9806315789473684;0.9856115107913669;0.9806315789473684;0.9831152384972562;4658;68;92
779;school_bus;4750;;0.9976842105263158;0.9687244480784954;0.9976842105263158;0.9829910806886538;4739;153;11
802;snowmobile;4750;;0.9793684210526316;0.9866383881230116;0.9793684210526316;0.9829899630216588;4652;63;98
990;buckeye;4750;;0.984421052631579;0.9815281276238456;0.984421052631579;0.9829724616354846;4676;88;74
232;Border_collie;4750;;0.9903157894736843;0.9757311761045426;0.9903157894736843;0.9829693866889563;4704;117;46
199;Scotch_terrier;4750;;0.9717894736842105;0.994398965962947;0.9717894736842105;0.9829642248722317;4616;26;134
429;baseball;4750;;0.9837894736842105;0.98213535098781;0.9837894736842105;0.9829617164493059;4673;85;77
276;hyena;4750;;0.9762105263157895;0.9897545357524012;0.9762105263157895;0.9829358770535241;4637;48;113
510;container_ship;4750;;0.9917894736842106;0.9741521918941274;0.9917894736842106;0.9828917170874192;4711;125;39
354;Arabian_camel;4750;;0.9930526315789474;0.972777892348938;0.9930526315789474;0.9828107094489009;4717;132;33
803;snowplow;4750;;0.9726315789473684;0.9931212381771282;0.9726315789473684;0.9827696234843649;4620;32;130
902;whistle;4750;;0.9709473684210527;0.994823123382226;0.9709473684210527;0.9827402514383125;4612;24;138
816;spindle;4750;;0.9823157894736843;0.9831436999578592;0.9823157894736843;0.9827295703454086;4666;80;84
157;papillon;4750;;0.9745263157894737;0.9910083493898523;0.9745263157894737;0.9826982273643987;4629;42;121
933;cheeseburger;4750;;0.9905263157894737;0.9749274761707418;0.9905263157894737;0.9826649958228906;4705;121;45
468;cab;4750;;0.9867368421052631;0.9784968684759916;0.9867368421052631;0.9825995807127883;4687;103;63
732;Polaroid_camera;4750;;0.9778947368421053;0.9872476089266737;0.9778947368421053;0.9825489159175039;4645;60;105
222;kuvasz;4750;;0.9808421052631578;0.9841571609632446;0.9808421052631578;0.9824968367777308;4659;75;91
183;Kerry_blue_terrier;4750;;0.9850526315789474;0.9798952879581152;0.9850526315789474;0.9824671916010499;4679;96;71
242;boxer;4750;;0.9751578947368421;0.9897435897435898;0.9751578947368421;0.9823966065747614;4632;48;118
676;muzzle;4750;;0.9682105263157895;0.9969650986342944;0.9682105263157895;0.9823774431272029;4599;14;151
822;steel_drum;4750;;0.9711578947368421;0.9937526928048255;0.9711578947368421;0.9823253833049403;4613;29;137
540;drilling_platform;4750;;0.9877894736842106;0.976889444097439;0.9877894736842106;0.9823092222338533;4692;111;58
287;lynx;4750;;0.9730526315789474;0.9916326968461704;0.9730526315789474;0.9822548082031666;4622;39;128
257;Great_Pyrenees;4750;;0.9690526315789474;0.9956738048886005;0.9690526315789474;0.9821828656780114;4603;20;147
25;European_fire_salamander;4750;;0.9734736842105263;0.9909987141020146;0.9734736842105263;0.9821580288870008;4624;42;126
684;ocarina;4750;;0.9812631578947368;0.9829185997469422;0.9812631578947368;0.9820901812052254;4661;81;89
84;peacock;4750;;0.98;0.9841437632135307;0.98;0.9820675105485233;4655;75;95
613;joystick;4750;;0.9797894736842105;0.9843485617597293;0.9797894736842105;0.9820637265245832;4654;74;96
135;limpkin;4750;;0.9730526315789474;0.9912073772249624;0.9730526315789474;0.9820461064485285;4622;41;128
486;cello;4750;;0.976;0.9880647911338448;0.976;0.9819953399703453;4636;56;114
366;gorilla;4750;;0.984;0.979874213836478;0.984;0.9819327731092437;4674;96;76
707;pay-phone;4750;;0.9757894736842105;0.9880622468556811;0.9757894736842105;0.9818875119161106;4635;56;115
450;bobsled;4750;;0.9698947368421053;0.9941735002157963;0.9698947368421053;0.9818840579710145;4607;27;143
929;ice_lolly;4750;;0.972421052631579;0.991414466623739;0.972421052631579;0.9818259113614626;4619;40;131
683;oboe;4750;;0.9797894736842105;0.9837243711688861;0.9797894736842105;0.9817529796434975;4654;77;96
886;vending_machine;4750;;0.9793684210526316;0.9841337000211551;0.9793684210526316;0.9817452780415744;4652;75;98
744;projectile;4750;;0.9774736842105263;0.9859842854109153;0.9774736842105263;0.9817105402262395;4643;66;107
503;cocktail_shaker;4750;;0.9751578947368421;0.9882654149775976;0.9751578947368421;0.9816679029352549;4632;55;118
202;soft-coated_wheaten_terrier;4750;;0.9797894736842105;0.9835164835164835;0.9797894736842105;0.9816494410461928;4654;78;96
484;catamaran;4750;;0.9728421052631578;0.9905680600214363;0.9728421052631578;0.9816250663834306;4621;44;129
695;padlock;4750;;0.9886315789473684;0.9744760323718614;0.9886315789473684;0.9815027693593897;4696;123;54
545;electric_fan;4750;;0.9863157894736843;0.9766520742130498;0.9863157894736843;0.9814601445480255;4685;112;65
94;hummingbird;4750;;0.991578947368421;0.9715346534653465;0.991578947368421;0.9814544696811836;4710;138;40
627;limousine;4750;;0.9774736842105263;0.9853565365025467;0.9774736842105263;0.9813992813358697;4643;69;107
476;carousel;4750;;0.9869473684210527;0.9758534554537885;0.9869473684210527;0.9813690600795478;4688;116;62
307;weevil;4750;;0.9677894736842105;0.995237064299632;0.9677894736842105;0.9813213790159035;4597;22;153
436;beach_wagon;4750;;0.9726315789473684;0.9901414487783969;0.9726315789473684;0.9813084112149533;4620;46;130
857;throne;4750;;0.9842105263157894;0.9782381251307805;0.9842105263157894;0.9812152376954559;4675;104;75
736;pool_table;4750;;0.988;0.9744601328903655;0.988;0.981183357725277;4693;123;57
273;dingo;4750;;0.976;0.9863829787234043;0.976;0.9811640211640211;4636;64;114
949;strawberry;4750;;0.9802105263157894;0.9820712929761654;0.9802105263157894;0.9811400273943736;4656;85;94
256;Newfoundland;4750;;0.9686315789473684;0.993951177360121;0.9686315789473684;0.9811280520311334;4601;28;149
609;jeep;4750;;0.9709473684210527;0.9914015477214101;0.9709473684210527;0.981067857902574;4612;40;138
426;barometer;4750;;0.9753684210526316;0.9867944621938232;0.9753684210526316;0.9810481736368447;4633;62;117
522;croquet_ball;4750;;0.9888421052631579;0.9732697886448405;0.9888421052631579;0.9809941520467835;4697;129;53
22;bald_eagle;4750;;0.9928421052631579;0.969173859432799;0.9928421052631579;0.9808652246256239;4716;150;34
614;kimono;4750;;0.9816842105263158;0.9800336275746112;0.9816842105263158;0.9808582246529238;4663;95;87
130;flamingo;4750;;0.9938947368421053;0.9680131228214066;0.9938947368421053;0.9807832138776358;4721;156;29
350;ibex;4750;;0.9877894736842106;0.9738480697384807;0.9877894736842106;0.9807692307692307;4692;126;58
976;promontory;4750;;0.9732631578947368;0.9880316306903184;0.9732631578947368;0.9805917912822144;4623;56;127
946;cardoon;4750;;0.9938947368421053;0.9676163148186103;0.9938947368421053;0.9805794994288088;4721;158;29
428;barrow;4750;;0.9709473684210527;0.9903371269057333;0.9709473684210527;0.9805464016158181;4612;45;138
440;beer_bottle;4750;;0.9842105263157894;0.976807354784789;0.9842105263157894;0.9804949664429531;4675;111;75
258;Samoyed;4750;;0.9814736842105263;0.9794117647058823;0.9814736842105263;0.9804416403785489;4662;98;88
945;bell_pepper;4750;;0.9831578947368421;0.9776010048147373;0.9831578947368421;0.9803715755222001;4670;107;80
224;groenendael;4750;;0.9722105263157895;0.9886533932776708;0.9722105263157895;0.9803630187878145;4618;53;132
629;lipstick;4750;;0.9698947368421053;0.9909657990965799;0.9698947368421053;0.9803170550058516;4607;42;143
491;chain_saw;4750;;0.9863157894736843;0.9742150135163236;0.9863157894736843;0.9802280573281725;4685;124;65
309;bee;4750;;0.9789473684210527;0.9814267623469819;0.9789473684210527;0.9801854974704891;4650;88;100
155;Shih-Tzu;4750;;0.9734736842105263;0.9869797225186766;0.9734736842105263;0.98018018018018;4624;61;126
665;moped;4750;;0.9762105263157895;0.9840831918505942;0.9762105263157895;0.980131050517861;4637;75;113
805;soccer_ball;4750;;0.9898947368421053;0.970485036119711;0.9898947368421053;0.9800937988535696;4702;143;48
95;jacamar;4750;;0.9785263157894737;0.9816261879619852;0.9785263157894737;0.9800738007380073;4648;87;102
444;bicycle-built-for-two;4750;;0.9903157894736843;0.9696969696969697;0.9903157894736843;0.9798979272992397;4704;147;46
711;perfume;4750;;0.9696842105263158;0.9903246613631477;0.9696842105263158;0.9798957557706627;4606;45;144
230;Shetland_sheepdog;4750;;0.968421052631579;0.99159301573615;0.968421052631579;0.9798700607093407;4600;39;150
765;rocking_chair;4750;;0.9730526315789474;0.9867634500426985;0.9730526315789474;0.9798600805596778;4622;62;128
375;colobus;4750;;0.9722105263157895;0.9875962360992301;0.9722105263157895;0.9798429874814344;4618;58;132
953;pineapple;4750;;0.9656842105263158;0.9943637546065467;0.9656842105263158;0.9798141621275233;4587;26;163
458;brass;4750;;0.9751578947368421;0.9844845908607864;0.9751578947368421;0.9797990481226865;4632;73;118
783;screw;4750;;0.9728421052631578;0.986760623531924;0.9728421052631578;0.979751934697339;4621;62;129
908;wing;4750;;0.9768421052631578;0.9826344769165608;0.9768421052631578;0.9797297297297297;4640;82;110
344;hippopotamus;4750;;0.9728421052631578;0.9865499573014518;0.9728421052631578;0.9796480814076743;4621;63;129
92;bee_eater;4750;;0.964421052631579;0.9952205083641104;0.964421052631579;0.9795787447877685;4581;22;169
437;beacon;4750;;0.9677894736842105;0.9913737330170369;0.9677894736842105;0.9794396505805901;4597;40;153
145;king_penguin;4750;;0.9873684210526316;0.9716179821835509;0.9873684210526316;0.9794298840973165;4690;137;60
220;Sussex_spaniel;4750;;0.9621052631578947;0.9973810563072893;0.9621052631578947;0.979425632233176;4570;12;180
138;bustard;4750;;0.9608421052631579;0.9986870897155361;0.9608421052631579;0.9793991416309014;4564;6;186
189;Lakeland_terrier;4750;;0.9694736842105263;0.9892588614393125;0.9694736842105263;0.9792663476874003;4605;50;145
708;pedestal;4750;;0.9907368421052631;0.9679144385026738;0.9907368421052631;0.9791926758218893;4706;156;44
223;schipperke;4750;;0.9757894736842105;0.9824077999152183;0.9757894736842105;0.9790874524714829;4635;83;115
141;redshank;4750;;0.9671578947368421;0.9911542610571736;0.9671578947368421;0.9790090570058605;4594;41;156
338;guinea_pig;4750;;0.9652631578947368;0.9930690924842972;0.9652631578947368;0.9789687199743783;4585;32;165
991;coral_fungus;4750;;0.9797894736842105;0.9781420765027322;0.9797894736842105;0.97896508203618;4654;104;96
457;bow_tie;4750;;0.9637894736842105;0.9945687595046708;0.9637894736842105;0.9789372393884315;4578;25;172
621;lawn_mower;4750;;0.9922105263157894;0.9659766345562615;0.9922105263157894;0.9789178523211133;4713;166;37
746;puck;4750;;0.983578947368421;0.9741451209341118;0.983578947368421;0.9788393044206998;4672;124;78
346;water_buffalo;4750;;0.9812631578947368;0.9763301214914119;0.9812631578947368;0.9787904241915162;4661;113;89
817;sports_car;4750;;0.964842105263158;0.9930660888407368;0.964842105263158;0.9787506673785372;4583;32;167
814;speedboat;4750;;0.9934736842105263;0.964438994481913;0.9934736842105263;0.9787410556880639;4719;174;31
752;racket;4750;;0.9917894736842106;0.9659626819766249;0.9917894736842106;0.9787057234860289;4711;166;39
326;lycaenid;4750;;0.9892631578947368;0.968267051308469;0.9892631578947368;0.9786525044257003;4699;154;51
206;curly-coated_retriever;4750;;0.9743157894736842;0.9830076465590484;0.9743157894736842;0.9786424191160922;4628;80;122
761;remote_control;4750;;0.9686315789473684;0.9888244143563293;0.9686315789473684;0.9786238434542167;4601;52;149
954;banana;4750;;0.9781052631578947;0.9791359325605901;0.9781052631578947;0.9786203264876251;4646;99;104
205;flat-coated_retriever;4750;;0.9753684210526316;0.9817757999576181;0.9753684210526316;0.9785616221353891;4633;86;117
937;broccoli;4750;;0.9694736842105263;0.9877734877734877;0.9694736842105263;0.9785380365490862;4605;57;145
240;Appenzeller;4750;;0.988421052631579;0.96884028064383;0.988421052631579;0.9785327219674865;4695;151;55
432;bassoon;4750;;0.964;0.9934909958776307;0.964;0.9785233465113794;4579;30;171
877;turnstile;4750;;0.9671578947368421;0.9900862068965517;0.9671578947368421;0.9784877529286474;4594;46;156
517;crane;4750;;0.9757894736842105;0.981160033869602;0.9757894736842105;0.9784673844205193;4635;89;115
212;English_setter;4750;;0.9585263157894737;0.999122229536976;0.9585263157894737;0.9784033523154615;4553;4;197
778;scale;4750;;0.9665263157894737;0.9905070118662351;0.9665263157894737;0.9783697389451251;4591;44;159
566;French_horn;4750;;0.964421052631579;0.9926327193932828;0.964421052631579;0.9783235451147891;4581;34;169
283;Persian_cat;4750;;0.9698947368421053;0.9865096359743041;0.9698947368421053;0.9781316348195329;4607;63;143
452;bonnet;4750;;0.9646315789473684;0.9919896081402901;0.9646315789473684;0.9781193297043441;4582;37;168
944;artichoke;4750;;0.964;0.9926295252547149;0.964;0.9781053081277368;4579;34;171
763;revolver;4750;;0.9867368421052631;0.9695904013239554;0.9867368421052631;0.9780884808013355;4687;147;63
605;iPod;4750;;0.9669473684210527;0.9892311005815205;0.9669473684210527;0.9779623123602683;4593;50;157
858;tile_roof;4750;;0.9854736842105263;0.9705577441426498;0.9854736842105263;0.9779588425780842;4681;142;69
705;passenger_car;4750;;0.9616842105263158;0.9947735191637631;0.9616842105263158;0.9779490473132092;4568;24;182
89;sulphur-crested_cockatoo;4750;;0.9612631578947368;0.9952048823016565;0.9612631578947368;0.9779396016277574;4566;22;184
308;fly;4750;;0.9821052631578947;0.9737006887914841;0.9821052631578947;0.9778849177235092;4665;126;85
536;dock;4750;;0.972;0.9838056680161943;0.972;0.977867203219316;4617;76;133
593;harmonica;4750;;0.9707368421052631;0.9850459303567614;0.9707368421052631;0.9778390414590181;4611;70;139
99;goose;4750;;0.9871578947368421;0.9686015286097913;0.9871578947368421;0.9777916796997185;4689;152;61
833;submarine;4750;;0.9675789473684211;0.9881745861105139;0.9675789473684211;0.977768322518881;4596;55;154
515;cowboy_hat;4750;;0.9717894736842105;0.9838022165387894;0.9717894736842105;0.9777589493751323;4616;76;134
957;pomegranate;4750;;0.9671578947368421;0.9885947923391435;0.9671578947368421;0.9777588592103863;4594;53;156
425;barn;4750;;0.9901052631578947;0.9657084188911704;0.9901052631578947;0.9777546777546776;4703;167;47
398;abacus;4750;;0.9623157894736842;0.9936956521739131;0.9623157894736842;0.9777540106951872;4571;29;179
518;crash_helmet;4750;;0.9749473684210527;0.9805208553885243;0.9749473684210527;0.9777261691122137;4631;92;119
756;rain_barrel;4750;;0.9789473684210527;0.9764804703905922;0.9789473684210527;0.9777123633305298;4650;112;100
872;tripod;4750;;0.9766315789473684;0.9786919831223628;0.9766315789473684;0.9776606954689147;4639;101;111
10;brambling;4750;;0.9707368421052631;0.9846252402306214;0.9707368421052631;0.9776317184352804;4611;72;139
269;timber_wolf;4750;;0.9837894736842105;0.9715176715176715;0.9837894736842105;0.9776150627615063;4673;137;77
83;prairie_chicken;4750;;0.9741052631578947;0.981128074639525;0.9741052631578947;0.977604056623706;4627;89;123
757;recreational_vehicle;4750;;0.9665263157894737;0.9885874246339362;0.9665263157894737;0.9774324036619118;4591;53;159
152;Japanese_spaniel;4750;;0.988421052631579;0.9666460778258185;0.988421052631579;0.977412303528677;4695;162;55
304;leaf_beetle;4750;;0.9667368421052631;0.9881644071443942;0.9667368421052631;0.9773331914440778;4592;55;158
837;sunglasses;4750;;0.9751578947368421;0.9794882639035737;0.9751578947368421;0.9773182825192531;4632;97;118
514;cowboy_boot;4750;;0.9614736842105264;0.9936901653611836;0.9614736842105264;0.9773164990370212;4567;29;183
252;affenpinscher;4750;;0.9734736842105263;0.9811160619562911;0.9734736842105263;0.9772799323681707;4624;89;126
859;toaster;4750;;0.9629473684210527;0.9919757102580785;0.9629473684210527;0.9772460207242817;4574;37;176
80;black_grouse;4750;;0.9673684210526315;0.987322733132789;0.9673684210526315;0.977243726074011;4595;59;155
583;guillotine;4750;;0.9795789473684211;0.9748585795097423;0.9795789473684211;0.9772130631103645;4653;120;97
31;tree_frog;4750;;0.9755789473684211;0.9786694825765575;0.9755789473684211;0.9771217712177123;4634;101;116
433;bathing_cap;4750;;0.9837894736842105;0.9705088265835929;0.9837894736842105;0.9771040250914793;4673;142;77
370;guenon;4750;;0.956421052631579;0.998681028797538;0.956421052631579;0.9770943112162599;4543;6;207
666;mortar;4750;;0.9682105263157895;0.9860634648370498;0.9682105263157895;0.9770554493307839;4599;65;151
656;minivan;4750;;0.9652631578947368;0.9889991371872304;0.9652631578947368;0.9769870019177499;4585;51;165
880;unicycle;4750;;0.9734736842105263;0.9804919423240034;0.9734736842105263;0.9769702091696598;4624;92;126
630;Loafer;4750;;0.9751578947368421;0.978660469047116;0.9751578947368421;0.9769060423916482;4632;101;118
557;flagpole;4750;;0.9717894736842105;0.9819187406934695;0.9717894736842105;0.9768278489048778;4616;85;134
895;warplane;4750;;0.9856842105263158;0.967955344221625;0.9856842105263158;0.9767393345154898;4682;155;68
371;patas;4750;;0.9591578947368421;0.9949770692290894;0.9591578947368421;0.9767392003430164;4556;23;194
719;piggy_bank;4750;;0.9743157894736842;0.9790564840279247;0.9743157894736842;0.9766803840877916;4628;99;122
699;panpipe;4750;;0.9686315789473684;0.9848030821917808;0.9686315789473684;0.976650392697941;4601;71;149
361;skunk;4750;;0.9682105263157895;0.984796573875803;0.9682105263157895;0.9764331210191083;4599;71;151
278;kit_fox;4750;;0.9709473684210527;0.9819033425590803;0.9709473684210527;0.9763946226315232;4612;85;138
316;cicada;4750;;0.9701052631578947;0.982725527831094;0.9701052631578947;0.97637461595508;4608;81;142
796;ski_mask;4750;;0.9736842105263158;0.979043183742591;0.9736842105263158;0.9763563436774331;4625;99;125
387;lesser_panda;4750;;0.9842105263157894;0.9685104619846696;0.9842105263157894;0.976297379137517;4675;152;75
14;indigo_bunting;4750;;0.9852631578947368;0.9673418768085986;0.9852631578947368;0.9762202753441802;4680;158;70
631;lotion;4750;;0.9715789473684211;0.9808714133900106;0.9715789473684211;0.9762030671602326;4615;90;135
325;sulphur_butterfly;4750;;0.9715789473684211;0.9808714133900106;0.9715789473684211;0.9762030671602326;4615;90;135
551;face_powder;4750;;0.9713684210526315;0.981075908994259;0.9713684210526315;0.9761980323706759;4614;89;136
931;bagel;4750;;0.9703157894736842;0.9821010014915832;0.9703157894736842;0.9761728264322779;4609;84;141
496;Christmas_stocking;4750;;0.9831578947368421;0.9692818596928185;0.9831578947368421;0.976170568561873;4670;148;80
688;oscilloscope;4750;;0.9909473684210526;0.9615934627170583;0.9909473684210526;0.9760497667185071;4707;188;43
303;long-horned_beetle;4750;;0.9593684210526315;0.9930268032251035;0.9593684210526315;0.975907484741407;4557;32;193
463;bucket;4750;;0.9663157894736842;0.985613055615203;0.9663157894736842;0.9758690336983098;4590;67;160
984;rapeseed;4750;;0.9934736842105263;0.9587566030069078;0.9934736842105263;0.9758064516129032;4719;203;31
934;hotdog;4750;;0.9707368421052631;0.9808551372048501;0.9707368421052631;0.9757697598137763;4611;90;139
559;folding_chair;4750;;0.9776842105263158;0.9735849056603774;0.9776842105263158;0.9756302521008403;4644;126;106
897;washer;4750;;0.9656842105263158;0.9856037816931672;0.9656842105263158;0.9755423224159933;4587;67;163
855;thimble;4750;;0.9656842105263158;0.9856037816931672;0.9656842105263158;0.9755423224159933;4587;67;163
51;triceratops;4750;;0.972421052631579;0.9786016949152543;0.972421052631579;0.9755015839493135;4619;101;131
474;cardigan;4750;;0.9625263157894737;0.9887543252595156;0.9625263157894737;0.9754640494986133;4572;52;178
266;miniature_poodle;4750;;0.9663157894736842;0.9847672173353358;0.9663157894736842;0.9754542556582723;4590;71;160
323;monarch;4750;;0.9911578947368421;0.9602284315725066;0.9911578947368421;0.9754480472392003;4708;195;42
76;tarantula;4750;;0.9658947368421053;0.985183594588791;0.9658947368421053;0.9754438184330817;4588;69;162
553;file;4750;;0.9616842105263158;0.9896013864818024;0.9616842105263158;0.9754430920350203;4568;48;182
592;hard_disc;4750;;0.9614736842105264;0.9898136107498916;0.9614736842105264;0.9754378470739;4567;47;183
882;vacuum;4750;;0.9690526315789474;0.9818686006825939;0.9690526315789474;0.9754185208730662;4603;85;147
982;groom;4750;;0.988;0.9630617689308434;0.988;0.9753715057674323;4693;180;57
163;bloodhound;4750;;0.9587368421052631;0.9925893635571055;0.9587368421052631;0.9753694581280788;4554;34;196
891;waffle_iron;4750;;0.9570526315789474;0.9943132108486439;0.9570526315789474;0.9753271830079382;4546;26;204
332;Angora;4750;;0.9713684210526315;0.9792020373514432;0.9713684210526315;0.975269499048827;4614;98;136
203;West_Highland_white_terrier;4750;;0.9709473684210527;0.9796091758708582;0.9709473684210527;0.9752590399661663;4612;96;138
367;chimpanzee;4750;;0.9703157894736842;0.9802211824755424;0.9703157894736842;0.9752433347439696;4609;93;141
952;fig;4750;;0.9783157894736842;0.9721757322175733;0.9783157894736842;0.9752360965372509;4647;133;103
147;grey_whale;4750;;0.9762105263157895;0.9741596638655462;0.9762105263157895;0.9751840168243955;4637;123;113
277;red_fox;4750;;0.9642105263157895;0.9862187769164513;0.9642105263157895;0.9750904832872046;4580;64;170
472;canoe;4750;;0.952;0.999116217410517;0.952;0.97498921949116;4522;4;228
525;dam;4750;;0.9753684210526316;0.9745477492637779;0.9753684210526316;0.9749579124579124;4633;121;117
48;Komodo_dragon;4750;;0.9669473684210527;0.9828803766317141;0.9669473684210527;0.9748487742757084;4593;80;157
697;pajama;4750;;0.9741052631578947;0.9755429053341766;0.9741052631578947;0.9748235541978301;4627;116;123
131;little_blue_heron;4750;;0.9749473684210527;0.9745370370370371;0.9749473684210527;0.9747421595453589;4631;121;119
739;potter's_wheel;4750;;0.9793684210526316;0.9699749791492911;0.9793684210526316;0.9746490676723235;4652;144;98
724;pirate;4750;;0.9711578947368421;0.9781594571670907;0.9711578947368421;0.9746461018381576;4613;103;137
475;car_mirror;4750;;0.9865263157894737;0.9630086313193588;0.9865263157894737;0.9746256239600665;4686;180;64
373;macaque;4750;;0.9770526315789474;0.9721407624633431;0.9770526315789474;0.9745905081898363;4641;133;109
786;sewing_machine;4750;;0.9595789473684211;0.9900086880973067;0.9595789473684211;0.9745563395338893;4558;46;192
773;saltshaker;4750;;0.9711578947368421;0.9779520881916473;0.9711578947368421;0.9745431498890885;4613;104;137
835;sundial;4750;;0.9623157894736842;0.9870438350248326;0.9623157894736842;0.9745229719646094;4571;60;179
448;birdhouse;4750;;0.984;0.9651042742102003;0.984;0.9744605441467736;4674;169;76
379;howler_monkey;4750;;0.9637894736842105;0.9853637537666811;0.9637894736842105;0.9744572158365261;4578;68;172
150;sea_lion;4750;;0.9711578947368421;0.9777448071216617;0.9711578947368421;0.974440219687368;4613;105;137
333;hamster;4750;;0.9863157894736843;0.9628031237155775;0.9863157894736843;0.9744176372712147;4685;181;65
221;Irish_water_spaniel;4750;;0.988;0.9610894941634242;0.988;0.9743589743589743;4693;190;57
737;pop_bottle;4750;;0.9633684210526315;0.9855696747792375;0.9633684210526315;0.9743425955498775;4576;67;174
142;dowitcher;4750;;0.9587368421052631;0.9904306220095693;0.9587368421052631;0.9743260590500642;4554;44;196
148;killer_whale;4750;;0.9823157894736843;0.9664457332228666;0.9823157894736843;0.9743161411568177;4666;162;84
645;maypole;4750;;0.9928421052631579;0.9562043795620438;0.9928421052631579;0.9741788886593679;4716;216;34
120;fiddler_crab;4750;;0.96;0.9887250650477016;0.96;0.9741508224738304;4560;52;190
408;amphibian;4750;;0.9633684210526315;0.9847213255863998;0.9633684210526315;0.9739278493136106;4576;71;174
401;accordion;4750;;0.9551578947368421;0.9934311364134005;0.9551578947368421;0.973918643340131;4537;30;213
955;jackfruit;4750;;0.9738947368421053;0.9738947368421053;0.9738947368421053;0.9738947368421053;4626;124;124
507;combination_lock;4750;;0.9551578947368421;0.9932136602451839;0.9551578947368421;0.9738141232024039;4537;31;213
368;gibbon;4750;;0.9635789473684211;0.9840894431305096;0.9635789473684211;0.9737261993404958;4577;74;173
403;aircraft_carrier;4750;;0.9850526315789474;0.9625591442090105;0.9850526315789474;0.9736759962542919;4679;182;71
812;space_shuttle;4750;;0.9703157894736842;0.9766899766899767;0.9703157894736842;0.9734924490442497;4609;110;141
653;milk_can;4750;;0.9625263157894737;0.9847081628257592;0.9625263157894737;0.9734908974768445;4572;71;178
133;bittern;4750;;0.9494736842105264;0.9986713906111603;0.9494736842105264;0.9734513274336284;4510;6;240
117;chambered_nautilus;4750;;0.9749473684210527;0.9718782791185729;0.9749473684210527;0.9734104046242775;4631;134;119
541;drum;4750;;0.9667368421052631;0.9801494130202775;0.9667368421052631;0.9733969263381028;4592;93;158
887;vestment;4750;;0.9856842105263158;0.9613963039014374;0.9856842105263158;0.9733887733887734;4682;188;68
56;king_snake;4750;;0.9625263157894737;0.9844961240310077;0.9625263157894737;0.9733872684692357;4572;72;178
602;horizontal_bar;4750;;0.9629473684210527;0.9838674983867498;0.9629473684210527;0.9732950313863177;4574;75;176
956;custard_apple;4750;;0.9627368421052631;0.9840757477942759;0.9627368421052631;0.9732893476641481;4573;74;177
740;power_drill;4750;;0.9574736842105264;0.9895561357702349;0.9574736842105264;0.9732505884870533;4548;48;202
495;china_cabinet;4750;;0.9726315789473684;0.9738617200674536;0.9726315789473684;0.9732462607962924;4620;124;130
823;stethoscope;4750;;0.9528421052631579;0.994506701823775;0.9528421052631579;0.9732286850876251;4526;25;224
807;solar_dish;4750;;0.9637894736842105;0.9826142949130715;0.9637894736842105;0.9731108513125731;4578;81;172
716;picket_fence;4750;;0.9865263157894737;0.9600491702519975;0.9865263157894737;0.9731076731388226;4686;195;64
903;wig;4750;;0.9707368421052631;0.9754601226993865;0.9707368421052631;0.9730927508705287;4611;116;139
238;Greater_Swiss_Mountain_dog;4750;;0.9503157894736842;0.9969081272084805;0.9503157894736842;0.9730545376158655;4514;14;236
838;sunscreen;4750;;0.9576842105263158;0.9889130434782609;0.9576842105263158;0.9730481283422461;4549;51;201
866;tractor;4750;;0.9856842105263158;0.9606073040623717;0.9856842105263158;0.9729842061512883;4682;192;68
601;hoopskirt;4750;;0.980421052631579;0.9655815882230977;0.980421052631579;0.9729447404157526;4657;166;93
483;castle;4750;;0.9793684210526316;0.966348151225592;0.9793684210526316;0.972814721873693;4652;162;98
479;car_wheel;4750;;0.9755789473684211;0.969861866889912;0.9755789473684211;0.9727120067170445;4634;144;116
153;Maltese_dog;4750;;0.9562105263157895;0.9897581172368708;0.9562105263157895;0.9726951493735947;4542;47;208
722;ping-pong_ball;4750;;0.9629473684210527;0.9825993555316863;0.9629473684210527;0.9726741095162148;4574;81;176
808;sombrero;4750;;0.9578947368421052;0.9878419452887538;0.9578947368421052;0.9726378794356563;4550;56;200
686;oil_filter;4750;;0.9842105263157894;0.9609455292908531;0.9842105263157894;0.9724388975559022;4675;190;75
427;barrel;4750;;0.9690526315789474;0.9758320966716133;0.9690526315789474;0.972430548220133;4603;114;147
113;snail;4750;;0.9833684210526316;0.9615067929188966;0.9833684210526316;0.9723147377185678;4671;187;79
836;sunglass;4750;;0.9572631578947368;0.9878340212904627;0.9572631578947368;0.972308350261948;4547;56;203
286;cougar;4750;;0.9696842105263158;0.9748148148148148;0.9696842105263158;0.9722427440633247;4606;119;144
360;otter;4750;;0.9612631578947368;0.9834158948955417;0.9612631578947368;0.9722133503672948;4566;77;184
948;Granny_Smith;4750;;0.9865263157894737;0.9582822085889571;0.9865263157894737;0.9721991701244813;4686;204;64
918;crossword_puzzle;4750;;0.9642105263157895;0.9803082191780822;0.9642105263157895;0.9721927403948207;4580;92;170
494;chime;4750;;0.9608421052631579;0.9836206896551725;0.9608421052631579;0.9720979765708201;4564;76;186
793;shower_cap;4750;;0.9606315789473684;0.9838292367399741;0.9606315789473684;0.972092032381764;4563;75;187
382;squirrel_monkey;4750;;0.988;0.9565837749694251;0.988;0.9720381110190555;4693;213;57
720;pill_bottle;4750;;0.968421052631579;0.975609756097561;0.968421052631579;0.9720021130480719;4600;115;150
317;leafhopper;4750;;0.9496842105263158;0.9953662842012356;0.9496842105263158;0.9719887955182072;4511;21;239
853;thatch;4750;;0.9842105263157894;0.9599589322381931;0.9842105263157894;0.971933471933472;4675;195;75
834;suit;4750;;0.9671578947368421;0.9766156462585034;0.9671578947368421;0.9718637613708483;4594;110;156
383;Madagascar_cat;4750;;0.9768421052631578;0.9668680975203168;0.9768421052631578;0.9718295109435543;4640;159;110
607;jack-o'-lantern;4750;;0.9806315789473684;0.9627945431996693;0.9806315789473684;0.9716312056737589;4658;180;92
459;brassiere;4750;;0.9694736842105263;0.9737788115880736;0.9694736842105263;0.9716214790589724;4605;124;145
775;sarong;4750;;0.964421052631579;0.978637043366802;0.964421052631579;0.9714770437917506;4581;100;169
331;hare;4750;;0.9701052631578947;0.9727675744141862;0.9701052631578947;0.9714345947085485;4608;129;142
412;ashcan;4750;;0.9703157894736842;0.9723628691983123;0.9703157894736842;0.9713382507903057;4609;131;141
901;whiskey_jug;4750;;0.9715789473684211;0.9707614640302903;0.9715789473684211;0.9711700336700337;4615;139;135
380;titi;4750;;0.9526315789473684;0.9903698840008754;0.9526315789473684;0.9711342418714454;4525;44;225
21;kite;4750;;0.9618947368421052;0.9802617464063506;0.9618947368421052;0.9709913930506855;4569;92;181
766;rotisserie;4750;;0.9690526315789474;0.9727387996618766;0.9690526315789474;0.9708922168318921;4603;129;147
39;common_iguana;4750;;0.9517894736842105;0.990578439964943;0.9517894736842105;0.9707966502039939;4521;43;229
473;can_opener;4750;;0.9471578947368421;0.9955742420889577;0.9471578947368421;0.9707627575790269;4499;20;251
636;mailbag;4750;;0.9707368421052631;0.9707368421052631;0.9707368421052631;0.9707368421052631;4611;139;139
372;baboon;4750;;0.9671578947368421;0.9741306191687871;0.9671578947368421;0.9706317346291992;4594;122;156
932;pretzel;4750;;0.9530526315789474;0.9888597640891219;0.9530526315789474;0.9706260720411664;4527;51;223
731;plunger;4750;;0.9484210526315789;0.9938230752261196;0.9484210526315789;0.9705914036410642;4505;28;245
7;cock;4750;;0.9572631578947368;0.9841991341991342;0.9572631578947368;0.9705442902881537;4547;73;203
603;horse_cart;4750;;0.9941052631578947;0.9480024091547882;0.9941052631578947;0.9705066283013051;4722;259;28
391;coho;4750;;0.9701052631578947;0.9707183484305877;0.9701052631578947;0.9704117089607243;4608;139;142
480;cash_machine;4750;;0.9583157894736842;0.9825167278221455;0.9583157894736842;0.9702653735479059;4552;81;198
635;magnetic_compass;4750;;0.9730526315789474;0.9673503557974048;0.9730526315789474;0.9701931150293871;4622;156;128
315;mantis;4750;;0.9576842105263158;0.9829299913569577;0.9576842105263158;0.9701428876092985;4549;79;201
938;cauliflower;4750;;0.9591578947368421;0.9812621150118458;0.9591578947368421;0.970084105184712;4556;87;194
608;jean;4750;;0.9753684210526316;0.9648063306955436;0.9753684210526316;0.9700586264656617;4633;169;117
416;balance_beam;4750;;0.9976842105263158;0.9436479490242932;0.9976842105263158;0.9699140401146132;4739;283;11
564;four-poster;4750;;0.9802105263157894;0.9598021026592455;0.9802105263157894;0.9698989688574107;4656;195;94
411;apron;4750;;0.9570526315789474;0.9829189189189189;0.9570526315789474;0.9698133333333333;4546;79;204
843;swing;4750;;0.9734736842105263;0.9659494464173805;0.9734736842105263;0.9696969696969696;4624;163;126
327;starfish;4750;;0.987578947368421;0.9522939504669102;0.987578947368421;0.9696155436130632;4691;235;59
487;cellular_telephone;4750;;0.9766315789473684;0.9626478522515045;0.9766315789473684;0.9695892987773017;4639;180;111
521;Crock_Pot;4750;;0.9541052631578948;0.9852173913043478;0.9541052631578948;0.9694117647058823;4532;68;218
586;half_track;4750;;0.9606315789473684;0.9783447684391081;0.9606315789473684;0.9694072657743786;4563;101;187
330;wood_rabbit;4750;;0.9703157894736842;0.9684807732716957;0.9703157894736842;0.9693974129771794;4609;150;141
149;dugong;4750;;0.9501052631578948;0.9892590968873302;0.9501052631578948;0.969286941580756;4513;49;237
498;cinema;4750;;0.9751578947368421;0.9631940112289458;0.9751578947368421;0.9691390312794225;4632;177;118
652;military_uniform;4750;;0.9566315789473684;0.9818496110630942;0.9566315789473684;0.9690765621667733;4544;84;206
745;projector;4750;;0.956;0.9824751189961056;0.956;0.9690567648314127;4541;81;209
544;Dutch_oven;4750;;0.9614736842105264;0.9766894781864842;0.9614736842105264;0.9690218544451518;4567;109;183
337;beaver;4750;;0.9446315789473684;0.9946796719131014;0.9446315789473684;0.9690098261526834;4487;24;263
589;hand_blower;4750;;0.9511578947368421;0.9875409836065574;0.9511578947368421;0.9690080428954424;4518;57;232
840;swab;4750;;0.9671578947368421;0.9708368554522401;0.9671578947368421;0.9689938831470154;4594;138;156
322;ringlet;4750;;0.9463157894736842;0.9927120141342756;0.9463157894736842;0.968958827333477;4495;33;255
791;shopping_cart;4750;;0.9677894736842105;0.9700358725469508;0.9677894736842105;0.9689113710612288;4597;142;153
348;ram;4750;;0.9642105263157895;0.9736394557823129;0.9642105263157895;0.968902052041464;4580;124;170
776;sax;4750;;0.9526315789473684;0.9856240470485733;0.9526315789473684;0.968847018520501;4525;66;225
989;hip;4750;;0.9951578947368421;0.9438897763578274;0.9951578947368421;0.968846075015372;4727;281;23
558;flute;4750;;0.9469473684210526;0.9916225749559083;0.9469473684210526;0.9687701916864097;4498;38;252
777;scabbard;4750;;0.9608421052631579;0.9766745131607104;0.9608421052631579;0.9686936219887509;4564;109;186
638;maillot;4750;;0.9494736842105264;0.9886014905743095;0.9494736842105264;0.9686426116838487;4510;52;240
47;African_chameleon;4750;;0.9610526315789474;0.9762617621899059;0.9610526315789474;0.9685974962868661;4565;111;185
394;sturgeon;4750;;0.948;0.9901055408970977;0.948;0.9685953968595398;4503;45;247
875;trombone;4750;;0.9496842105263158;0.9877381213050143;0.9496842105263158;0.9683374476762906;4511;56;239
414;backpack;4750;;0.9625263157894737;0.9742169188152567;0.9625263157894737;0.968336333792227;4572;121;178
520;crib;4750;;0.9608421052631579;0.975839213170836;0.9608421052631579;0.9682825925533044;4564;113;186
770;running_shoe;4750;;0.976421052631579;0.9602484472049689;0.976421052631579;0.968267223382046;4638;192;112
774;sandal;4750;;0.9517894736842105;0.985181956853345;0.9517894736842105;0.9681978798586572;4521;68;229
643;mask;4750;;0.9726315789473684;0.9637046307884856;0.9726315789473684;0.9681475272422465;4620;174;130
725;pitcher;4750;;0.9627368421052631;0.9736001703214818;0.9627368421052631;0.9681380332380649;4573;124;177
396;lionfish;4750;;0.9656842105263158;0.9703829067061561;0.9656842105263158;0.9680278569167459;4587;140;163
748;purse;4750;;0.9490526315789474;0.9875136911281489;0.9490526315789474;0.9679012345679013;4508;57;242
374;langur;4750;;0.9574736842105264;0.9782748978274898;0.9574736842105264;0.9677625279285029;4548;101;202
8;hen;4750;;0.9795789473684211;0.9562268803945746;0.9795789473684211;0.9677620632279534;4653;213;97
710;pencil_sharpener;4750;;0.9477894736842105;0.988364434687157;0.9477894736842105;0.9676518001074691;4502;53;248
568;fur_coat;4750;;0.9757894736842105;0.9594286897122749;0.9757894736842105;0.9675399227638033;4635;196;115
295;American_black_bear;4750;;0.9694736842105263;0.9656112392535122;0.9694736842105263;0.9675386069965333;4605;164;145
649;megalith;4750;;0.9854736842105263;0.9500710371422773;0.9854736842105263;0.9674485894388757;4681;246;69
654;minibus;4750;;0.9431578947368421;0.9929078014184397;0.9431578947368421;0.9673936514791621;4480;32;270
658;mitten;4750;;0.9667368421052631;0.9677555321390938;0.9667368421052631;0.9672459189046867;4592;153;158
914;yawl;4750;;0.9442105263157895;0.9913793103448276;0.9442105263157895;0.9672201854647403;4485;39;265
907;wine_bottle;4750;;0.9673684210526315;0.9669612794612794;0.9673684210526315;0.9671648074089665;4595;157;155
864;tow_truck;4750;;0.9473684210526315;0.9872751206669592;0.9473684210526315;0.9669101847872796;4500;58;250
795;ski;4750;;0.9831578947368421;0.9511201629327902;0.9831578947368421;0.9668737060041408;4670;240;80
639;maillot;4750;;0.968421052631579;0.9651699538396978;0.968421052631579;0.9667927700714587;4600;166;150
248;Eskimo_dog;4750;;0.9465263157894737;0.987914744012305;0.9465263157894737;0.9667777658316309;4496;55;254
349;bighorn;4750;;0.9848421052631579;0.9492694805194806;0.9848421052631579;0.9667286629468899;4678;250;72
679;necklace;4750;;0.9751578947368421;0.9584109248913718;0.9751578947368421;0.9667118856308046;4632;201;118
584;hair_slide;4750;;0.9503157894736842;0.9836565700588363;0.9503157894736842;0.9666987900203449;4514;75;236
71;scorpion;4750;;0.9730526315789474;0.9603158113442759;0.9730526315789474;0.966642267071003;4622;191;128
105;koala;4750;;0.9789473684210527;0.9546294395401355;0.9789473684210527;0.9666354848768319;4650;221;100
789;shoji;4750;;0.9787368421052631;0.9548161840213596;0.9787368421052631;0.9666285476660775;4649;220;101
134;crane;4750;;0.9541052631578948;0.9794683380159931;0.9541052631578948;0.966620454303082;4532;95;218
674;mousetrap;4750;;0.9623157894736842;0.9709005947323704;0.9623157894736842;0.9665891308944808;4571;137;179
490;chain_mail;4750;;0.9427368421052632;0.991585473870682;0.9427368421052632;0.9665443557090438;4478;38;272
622;lens_cap;4750;;0.9475789473684211;0.9861963190184049;0.9475789473684211;0.9665020399398755;4501;63;249
672;mountain_tent;4750;;0.9789473684210527;0.9542376359532115;0.9789473684210527;0.9664345838096229;4650;223;100
590;hand-held_computer;4750;;0.9621052631578947;0.9706881903143585;0.9621052631578947;0.9663776696976104;4570;138;180
63;Indian_cobra;4750;;0.9656842105263158;0.9669055649241147;0.9656842105263158;0.9662945017906045;4587;157;163
37;box_turtle;4750;;0.964842105263158;0.9674899725564703;0.964842105263158;0.966164224728576;4583;154;167
659;mixing_bowl;4750;;0.9675789473684211;0.964735516372796;0.9675789473684211;0.9661551397939878;4596;168;154
754;radio;4750;;0.9458947368421052;0.987255548231158;0.9458947368421052;0.9661326739060316;4493;58;257
140;red-backed_sandpiper;4750;;0.9631578947368421;0.969074348654946;0.9631578947368421;0.9661070636680393;4575;146;175
324;cabbage_butterfly;4750;;0.9802105263157894;0.9523419922274494;0.9802105263157894;0.9660753190164955;4656;233;94
311;grasshopper;4750;;0.9585263157894737;0.9732791791363831;0.9585263157894737;0.9658464149342385;4553;125;197
965;burrito;4750;;0.9448421052631579;0.9876760563380281;0.9448421052631579;0.9657843770174305;4488;56;262
102;echidna;4750;;0.9566315789473684;0.975107296137339;0.9566315789473684;0.9657810839532412;4544;116;206
86;partridge;4750;;0.9642105263157895;0.9672650475184794;0.9642105263157895;0.9657353716394308;4580;155;170
502;clog;4750;;0.94;0.9928841449855459;0.94;0.9657186114415486;4465;32;285
842;swimming_trunks;4750;;0.9814736842105263;0.9504587155963303;0.9814736842105263;0.9657172449508026;4662;243;88
393;anemone_fish;4750;;0.9425263157894737;0.9900486510393631;0.9425263157894737;0.9657031924072477;4477;45;273
693;paddle;4750;;0.9903157894736843;0.9417417417417417;0.9903157894736843;0.9654181631605953;4704;291;46
128;black_stork;4750;;0.9732631578947368;0.9575393537696769;0.9732631578947368;0.9653372311547295;4623;205;127
943;cucumber;4750;;0.964842105263158;0.9654518643353697;0.964842105263158;0.9651468884911024;4583;164;167
727;planetarium;4750;;0.9768421052631578;0.9535552815454171;0.9768421052631578;0.9650582362728785;4640;226;110
787;shield;4750;;0.9587368421052631;0.9707951396290769;0.9587368421052631;0.9647283126787416;4554;137;196
38;banded_gecko;4750;;0.9448421052631579;0.985290889132821;0.9448421052631579;0.9646426652337453;4488;67;262
647;measuring_cup;4750;;0.9471578947368421;0.9827435561380515;0.9471578947368421;0.964622641509434;4499;79;251
342;wild_boar;4750;;0.9526315789473684;0.9768998272884283;0.9526315789473684;0.9646130888936261;4525;107;225
506;coil;4750;;0.9709473684210527;0.9582381051319343;0.9709473684210527;0.9645508731569591;4612;201;138
456;bow;4750;;0.9757894736842105;0.953507508743057;0.9757894736842105;0.9645198210383935;4635;226;115
941;acorn_squash;4750;;0.9465263157894737;0.9831620380494205;0.9465263157894737;0.9644964067360291;4496;77;254
467;butcher_shop;4750;;0.9698947368421053;0.958992506244796;0.9698947368421053;0.9644128113879004;4607;197;143
597;holster;4750;;0.9446315789473684;0.9848551360842844;0.9446315789473684;0.9643240919836664;4487;69;263
79;centipede;4750;;0.9408421052631579;0.9889356052223943;0.9408421052631579;0.9642895673751214;4469;50;281
364;three-toed_sloth;4750;;0.9585263157894737;0.969961653174265;0.9585263157894737;0.9642100804743752;4553;141;197
443;bib;4750;;0.9404210526315789;0.9891496899911426;0.9404210526315789;0.964170084178718;4467;49;283
301;ladybug;4750;;0.9741052631578947;0.954217364405032;0.9741052631578947;0.9640587561204293;4627;222;123
20;water_ouzel;4750;;0.9435789473684211;0.9852714882391734;0.9435789473684211;0.9639746209269814;4482;67;268
588;hamper;4750;;0.9547368421052631;0.9733848465335909;0.9547368421052631;0.96397066638325;4535;124;215
893;wallet;4750;;0.9381052631578948;0.9911032028469751;0.9381052631578948;0.963876270819814;4456;40;294
830;stretcher;4750;;0.9726315789473684;0.9551374819102749;0.9726315789473684;0.9638051528110984;4620;217;130
960;chocolate_sauce;4750;;0.9389473684210526;0.9900110987791343;0.9389473684210526;0.9638033495407887;4460;45;290
660;mobile_home;4750;;0.9637894736842105;0.9637894736842105;0.9637894736842105;0.9637894736842105;4578;172;172
596;hatchet;4750;;0.9469473684210526;0.981239092495637;0.9469473684210526;0.9637883008356546;4498;86;252
939;zucchini;4750;;0.9494736842105264;0.9785202863961814;0.9494736842105264;0.9637781814296399;4510;99;240
958;hay;4750;;0.9743157894736842;0.9534404614750721;0.9743157894736842;0.9637650978758849;4628;226;122
889;violin;4750;;0.9536842105263158;0.9739840894431305;0.9536842105263158;0.9637272630571216;4530;121;220
297;sloth_bear;4750;;0.9482105263157895;0.9795563288386255;0.9482105263157895;0.9636285836542577;4504;94;246
434;bath_towel;4750;;0.9532631578947368;0.9739728973972898;0.9532631578947368;0.9635067560378763;4528;121;222
542;drumstick;4750;;0.9494736842105264;0.9778837814397224;0.9494736842105264;0.9634693441572314;4510;102;240
847;tank;4750;;0.968421052631579;0.9585330277141071;0.968421052631579;0.963451670331972;4600;199;150
305;dung_beetle;4750;;0.9568421052631579;0.9699103713188221;0.9568421052631579;0.9633319203052141;4545;141;205
570;gasmask;4750;;0.9785263157894737;0.9485714285714286;0.9785263157894737;0.9633160621761658;4648;252;102
464;buckle;4750;;0.9416842105263158;0.9858937623980604;0.9416842105263158;0.9632820071067083;4473;64;277
997;bolete;4750;;0.9818947368421053;0.945277665180381;0.9818947368421053;0.963238331268071;4664;270;86
913;wreck;4750;;0.9549473684210527;0.9715142428785607;0.9549473684210527;0.9631595710797325;4536;133;214
936;head_cabbage;4750;;0.9583157894736842;0.9678928343610461;0.9583157894736842;0.9630805035438484;4552;151;198
289;snow_leopard;4750;;0.9627368421052631;0.9633452706972825;0.9627368421052631;0.9630409603032537;4573;174;177
492;chest;4750;;0.9623157894736842;0.9637360320472275;0.9623157894736842;0.963025387127357;4571;172;179
335;fox_squirrel;4750;;0.9757894736842105;0.9505742411812962;0.9757894736842105;0.9630168294203201;4635;241;115
392;rock_beauty;4750;;0.9888421052631579;0.9384615384615385;0.9888421052631579;0.9629933367503843;4697;308;53
418;ballpoint;4750;;0.9421052631578948;0.9848151408450704;0.9421052631578948;0.9629868732515601;4475;69;275
288;leopard;4750;;0.9461052631578948;0.9803664921465969;0.9461052631578948;0.9629312191986287;4494;90;256
898;water_bottle;4750;;0.9595789473684211;0.9662921348314607;0.9595789473684211;0.9629238407098341;4558;159;192
300;tiger_beetle;4750;;0.9766315789473684;0.9490589198036007;0.9766315789473684;0.9626478522515045;4639;249;111
455;bottlecap;4750;;0.9513684210526315;0.9741323561112308;0.9513684210526315;0.9626158270316327;4519;120;231
513;cornet;4750;;0.9536842105263158;0.9716859716859717;0.9536842105263158;0.9626009349766256;4530;132;220
512;corkscrew;4750;;0.9751578947368421;0.9499589827727646;0.9751578947368421;0.9623935175566174;4632;244;118
626;lighter;4750;;0.9553684210526315;0.9694509720145268;0.9553684210526315;0.9623581804686672;4538;143;212
924;guacamole;4750;;0.9621052631578947;0.9625105307497894;0.9621052631578947;0.9623078542851126;4570;178;180
75;black_widow;4750;;0.9404210526315789;0.9852227613586237;0.9404210526315789;0.9623007324429125;4467;67;283
519;crate;4750;;0.9669473684210527;0.95767306088407;0.9669473684210527;0.9622878692646135;4593;203;157
906;Windsor_tie;4750;;0.9473684210526315;0.9771986970684039;0.9473684210526315;0.9620523784072689;4500;105;250
462;broom;4750;;0.9553684210526315;0.9688300597779675;0.9553684210526315;0.9620521517913929;4538;146;212
460;breakwater;4750;;0.976;0.9482511761096338;0.976;0.9619255109451187;4636;253;114
477;carpenter's_kit;4750;;0.96;0.963855421686747;0.96;0.9619238476953907;4560;171;190
615;knee_pad;4750;;0.9372631578947368;0.9877967605946306;0.9372631578947368;0.9618666954736956;4452;55;298
121;king_crab;4750;;0.9682105263157895;0.9555370870558902;0.9682105263157895;0.9618320610687023;4599;214;151
804;soap_dispenser;4750;;0.9385263157894737;0.986283185840708;0.9385263157894737;0.9618122977346278;4458;62;292
441;beer_glass;4750;;0.9557894736842105;0.9678107013429972;0.9557894736842105;0.9617625251562334;4540;151;210
970;alp;4750;;0.9374736842105263;0.9869237588652482;0.9374736842105263;0.9615633772403368;4453;59;297
377;marmoset;4750;;0.9387368421052632;0.9854143646408839;0.9387368421052632;0.9615094339622642;4459;66;291
35;mud_turtle;4750;;0.9509473684210527;0.9722341799397332;0.9509473684210527;0.9614729672200938;4517;129;233
709;pencil_box;4750;;0.9385263157894737;0.9854111405835544;0.9385263157894737;0.96139745525124;4458;66;292
730;plow;4750;;0.9526315789473684;0.9701972555746141;0.9526315789473684;0.9613341831315063;4525;139;225
399;abaya;4750;;0.972;0.9507825370675453;0.972;0.9612742036227359;4617;239;133
801;snorkel;4750;;0.9745263157894737;0.9483712354025814;0.9745263157894737;0.9612708960647908;4629;252;121
81;ptarmigan;4750;;0.9437894736842105;0.9792485801660114;0.9437894736842105;0.9611921097770154;4483;95;267
57;garter_snake;4750;;0.9667368421052631;0.9556711758584807;0.9667368421052631;0.9611721611721612;4592;213;158
265;toy_poodle;4750;;0.9629473684210527;0.9593120805369127;0.9629473684210527;0.9611262870350914;4574;194;176
618;ladle;4750;;0.9467368421052632;0.9756997179431547;0.9467368421052632;0.9610001068490224;4497;112;253
587;hammer;4750;;0.9505263157894737;0.9715945771465462;0.9505263157894737;0.9609449824412046;4515;132;235
640;manhole_cover;4750;;0.9423157894736842;0.9798598949211909;0.9423157894736842;0.9607211848036059;4476;92;274
537;dogsled;4750;;0.996;0.9278289860757011;0.996;0.9607066707279927;4731;368;19
780;schooner;4750;;0.9943157894736843;0.929175683651387;0.9943157894736843;0.9606427336519882;4723;360;27
869;trench_coat;4750;;0.9555789473684211;0.9657446808510638;0.9555789473684211;0.9606349206349206;4539;161;211
334;porcupine;4750;;0.9374736842105263;0.9849590798495907;0.9374736842105263;0.9606299212598426;4453;68;297
445;bikini;4750;;0.976;0.9457364341085271;0.976;0.9606299212598426;4636;266;114
69;trilobite;4750;;0.9328421052631579;0.989946380697051;0.9328421052631579;0.960546282245827;4431;45;319
892;wall_clock;4750;;0.9553684210526315;0.965531914893617;0.9553684210526315;0.9604232804232803;4538;162;212
359;black-footed_ferret;4750;;0.9576842105263158;0.9629551227773073;0.9576842105263158;0.9603124340299768;4549;175;201
671;mountain_bike;4750;;0.9947368421052631;0.9275618374558304;0.9947368421052631;0.9599756196668021;4725;369;25
785;seat_belt;4750;;0.9642105263157895;0.9555601919465888;0.9642105263157895;0.9598658702714032;4580;213;170
790;shopping_basket;4750;;0.96;0.9593940669051125;0.96;0.9596969378091128;4560;193;190
272;coyote;4750;;0.9543157894736842;0.9648786717752235;0.9543157894736842;0.9595681625740898;4533;165;217
36;terrapin;4750;;0.932;0.9886109870477892;0.932;0.9594711746857391;4427;51;323
975;lakeside;4750;;0.9665263157894737;0.9524896265560165;0.9665263157894737;0.9594566353187042;4591;229;159
381;spider_monkey;4750;;0.9309473684210526;0.9897045658012533;0.9309473684210526;0.9594272076372314;4422;46;328
759;reflex_camera;4750;;0.9629473684210527;0.9559038662486938;0.9629473684210527;0.9594126900891453;4574;211;176
343;warthog;4750;;0.9473684210526315;0.9717123731375513;0.9473684210526315;0.9593859929645027;4500;131;250
767;rubber_eraser;4750;;0.9444210526315789;0.974793568013907;0.9444210526315789;0.9593669803250643;4486;116;264
290;jaguar;4750;;0.944;0.9752066115702479;0.944;0.959349593495935;4484;114;266
784;screwdriver;4750;;0.9452631578947368;0.9737584038169594;0.9452631578947368;0.9592992201687854;4490;121;260
797;sleeping_bag;4750;;0.9368421052631579;0.982773851590106;0.9368421052631579;0.9592584608751886;4450;78;300
78;tick;4750;;0.9456842105263158;0.9731369150779896;0.9456842105263158;0.9592141789451206;4492;124;258
734;police_van;4750;;0.9553684210526315;0.9628686611500106;0.9553684210526315;0.9591038782627075;4538;175;212
413;assault_rifle;4750;;0.96;0.9581844925404497;0.96;0.9590913871069513;4560;199;190
42;agama;4750;;0.964842105263158;0.9534012897857291;0.964842105263158;0.9590875797844511;4583;224;167
703;park_bench;4750;;0.9821052631578947;0.9371233427079149;0.9821052631578947;0.9590871710526316;4665;313;85
358;polecat;4750;;0.9545263157894737;0.9636556854410202;0.9545263157894737;0.9590692755156003;4534;171;216
616;knot;4750;;0.9856842105263158;0.9337854008775429;0.9856842105263158;0.9590331831216715;4682;332;68
378;capuchin;4750;;0.9650526315789474;0.9530145530145531;0.9650526315789474;0.9589958158995817;4584;226;166
299;meerkat;4750;;0.980421052631579;0.9383437437034052;0.980421052631579;0.9589210336662206;4657;306;93
826;stopwatch;4750;;0.9309473684210526;0.98859825620389;0.9309473684210526;0.9589070801257724;4422;51;328
523;crutch;4750;;0.9431578947368421;0.9751850239442751;0.9431578947368421;0.958904109589041;4480;114;270
912;worm_fence;4750;;0.9827368421052631;0.9360336875877281;0.9827368421052631;0.958816884050529;4668;319;82
493;chiffonier;4750;;0.9530526315789474;0.9646281696143192;0.9530526315789474;0.9588054643651381;4527;166;223
675;moving_van;4750;;0.9336842105263158;0.9851177254553531;0.9336842105263158;0.9587116299178556;4435;67;315
729;plate_rack;4750;;0.9374736842105263;0.9806210085884166;0.9374736842105263;0.9585620492950166;4453;88;297
529;diaper;4750;;0.9633684210526315;0.9537307211338057;0.9633684210526315;0.9585253456221199;4576;222;174
572;goblet;4750;;0.9482105263157895;0.9688104968810497;0.9482105263157895;0.9583998297691244;4504;145;246
980;volcano;4750;;0.9408421052631579;0.9766171328671329;0.9408421052631579;0.9583958824790908;4469;107;281
281;tabby;4750;;0.9854736842105263;0.932655907551305;0.9854736842105263;0.9583375985259494;4681;338;69
410;apiary;4750;;0.9612631578947368;0.9552301255230126;0.9612631578947368;0.9582371458551943;4566;214;184
578;gown;4750;;0.9658947368421053;0.9506837961044343;0.9658947368421053;0.9582289055973265;4588;238;162
678;neck_brace;4750;;0.9277894736842105;0.9905596763317599;0.9277894736842105;0.9581476247418197;4407;42;343
302;ground_beetle;4750;;0.9216842105263158;0.9974937343358395;0.9216842105263158;0.9580916949338002;4378;11;372
751;racer;4750;;0.9545263157894737;0.9616118769883351;0.9545263157894737;0.9580559957739038;4534;181;216
530;digital_clock;4750;;0.9538947368421052;0.9622000424718624;0.9538947368421052;0.9580293899989427;4531;178;219
532;dining_table;4750;;0.9749473684210527;0.9416429442862952;0.9749473684210527;0.9580057923045098;4631;287;119
841;sweatshirt;4750;;0.9642105263157895;0.9517871986699917;0.9642105263157895;0.95795858606986;4580;232;170
951;lemon;4750;;0.9370526315789474;0.9795334507042254;0.9370526315789474;0.9578222509145685;4451;93;299
125;hermit_crab;4750;;0.9461052631578948;0.9693701466781708;0.9461052631578948;0.9575964202002983;4494;142;256
809;soup_bowl;4750;;0.9568421052631579;0.9582542694497154;0.9568421052631579;0.9575476667017804;4545;198;205
585;hair_spray;4750;;0.9532631578947368;0.9617672047578589;0.9532631578947368;0.9574962994290548;4528;180;222
577;gong;4750;;0.988421052631579;0.9284160569507613;0.988421052631579;0.9574793514836343;4695;362;55
845;syringe;4750;;0.9450526315789474;0.9701750594337584;0.9450526315789474;0.9574490775301269;4489;138;261
132;American_egret;4750;;0.98;0.935678391959799;0.98;0.9573264781491002;4655;320;95
369;siamang;4750;;0.9597894736842105;0.9547643979057592;0.9597894736842105;0.9572703412073491;4559;216;191
504;coffee_mug;4750;;0.9294736842105263;0.9865921787709497;0.9294736842105263;0.9571815718157181;4415;60;335
356;weasel;4750;;0.9282105263157895;0.9879005153484204;0.9282105263157895;0.9571258004992945;4409;54;341
696;paintbrush;4750;;0.9458947368421052;0.9685276999353309;0.9458947368421052;0.9570774310363191;4493;146;257
962;meat_loaf;4750;;0.9370526315789474;0.9778119507908611;0.9370526315789474;0.9569984949473231;4451;101;299
964;potpie;4750;;0.9431578947368421;0.9711684370257967;0.9431578947368421;0.9569582398803803;4480;133;270
690;oxcart;4750;;0.972421052631579;0.941884176182708;0.972421052631579;0.9569090532421795;4619;285;131
896;washbasin;4750;;0.9694736842105263;0.9446153846153846;0.9694736842105263;0.9568831168831169;4605;270;145
846;table_lamp;4750;;0.9743157894736842;0.9398862713241267;0.9743157894736842;0.9567913996278685;4628;296;122
827;stove;4750;;0.9625263157894737;0.9511129602662783;0.9625263157894737;0.9567856021764152;4572;235;178
662;modem;4750;;0.9395789473684211;0.9742414320017463;0.9395789473684211;0.9565962919301254;4463;118;287
516;cradle;4750;;0.9393684210526316;0.9744485695566718;0.9393684210526316;0.9565869868153072;4462;117;288
942;butternut_squash;4750;;0.9315789473684211;0.9828964904486894;0.9315789473684211;0.9565499351491569;4425;77;325
285;Egyptian_cat;4750;;0.944;0.969303934284479;0.944;0.9564846416382252;4484;142;266
531;digital_watch;4750;;0.9713684210526315;0.9420171498570845;0.9713684210526315;0.9564676616915423;4614;284;136
713;photocopier;4750;;0.9850526315789474;0.9294795391338896;0.9850526315789474;0.9564595257563369;4679;355;71
82;ruffed_grouse;4750;;0.9416842105263158;0.9713355048859935;0.9416842105263158;0.9562800641368253;4473;132;277
312;cricket;4750;;0.9269473684210526;0.9874411302982732;0.9269473684210526;0.9562384623737649;4403;56;347
689;overskirt;4750;;0.9391578947368421;0.9738048461034708;0.9391578947368421;0.9561676133319044;4461;120;289
749;quill;4750;;0.9513684210526315;0.9608760365724006;0.9513684210526315;0.9560985930392468;4519;184;231
40;American_chameleon;4750;;0.9570526315789474;0.9550420168067227;0.9570526315789474;0.9560462670872765;4546;214;204
336;marmot;4750;;0.9637894736842105;0.9484151646985706;0.9637894736842105;0.9560405137308133;4578;249;172
341;hog;4750;;0.9402105263157895;0.9723492270846941;0.9402105263157895;0.9560098469442363;4466;127;284
969;eggnog;4750;;0.9446315789473684;0.9676514988138883;0.9446315789473684;0.9560029828486205;4487;150;263
883;vase;4750;;0.9574736842105264;0.9544596012591815;0.9574736842105264;0.9559642669469259;4548;217;202
861;toilet_seat;4750;;0.9581052631578947;0.9536881810561609;0.9581052631578947;0.9558916194076875;4551;221;199
911;wool;4750;;0.9414736842105264;0.9706967657911874;0.9414736842105264;0.9558619215560542;4472;135;278
968;cup;4750;;0.9475789473684211;0.9642245072836333;0.9475789473684211;0.9558292631131875;4501;167;249
828;strainer;4750;;0.9393684210526316;0.9723251252996296;0.9393684210526316;0.9555626940785952;4462;127;288
116;chiton;4750;;0.9341052631578948;0.9779590037469693;0.9341052631578948;0.9555292344136965;4437;100;313
29;axolotl;4750;;0.9332631578947368;0.978803267829543;0.9332631578947368;0.9554908934152387;4433;96;317
280;grey_fox;4750;;0.9795789473684211;0.9324649298597194;0.9795789473684211;0.9554414784394251;4653;337;97
431;bassinet;4750;;0.9522105263157895;0.9586689275116574;0.9522105263157895;0.9554288128432615;4523;195;227
988;acorn;4750;;0.9831578947368421;0.9286140385762577;0.9831578947368421;0.9551078842417425;4670;359;80
772;safety_pin;4750;;0.9269473684210526;0.9845706618962433;0.9269473684210526;0.9548904792886577;4403;69;347
811;space_heater;4750;;0.9237894736842105;0.9878433138226025;0.9237894736842105;0.9547432550043515;4388;54;362
110;flatworm;4750;;0.9176842105263158;0.9945242984257358;0.9176842105263158;0.9545603854155261;4359;24;391
384;indri;4750;;0.9625263157894737;0.9465838509316771;0.9625263157894737;0.9544885177453027;4572;258;178
345;ox;4750;;0.9225263157894736;0.9884953755921498;0.9225263157894736;0.954372209517587;4382;51;368
501;cloak;4750;;0.9635789473684211;0.9452705493597687;0.9635789473684211;0.9543369474562137;4577;265;173
950;orange;4750;;0.9515789473684211;0.9570188439551133;0.9515789473684211;0.9542911432492347;4520;203;230
940;spaghetti_squash;4750;;0.9282105263157895;0.9817412602983745;0.9282105263157895;0.9542257331457635;4409;82;341
482;cassette_player;4750;;0.9444210526315789;0.9641091768751343;0.9444210526315789;0.9541635648197384;4486;167;264
764;rifle;4750;;0.9296842105263158;0.9795918367346939;0.9296842105263158;0.9539857420609203;4416;92;334
920;traffic_light;4750;;0.9827368421052631;0.926558157999206;0.9827368421052631;0.9538210053126277;4668;370;82
27;eft;4750;;0.9515789473684211;0.9558046098540918;0.9515789473684211;0.9536870977951262;4520;209;230
651;microwave;4750;;0.9578947368421052;0.9494991652754591;0.9578947368421052;0.9536784741144414;4550;242;200
30;bullfrog;4750;;0.9616842105263158;0.9455599254812668;0.9616842105263158;0.9535539087777894;4568;263;182
735;poncho;4750;;0.9341052631578948;0.9736668861092824;0.9341052631578948;0.9534758783711185;4437;120;313
488;chain;4750;;0.9421052631578948;0.9650636187189994;0.9421052631578948;0.9534462554596783;4475;162;275
118;Dungeness_crab;4750;;0.9549473684210527;0.9519412381951732;0.9549473684210527;0.9534419337887546;4536;229;214
293;cheetah;4750;;0.9717894736842105;0.9357389012771133;0.9717894736842105;0.9534235257668078;4616;317;134
806;sock;4750;;0.9543157894736842;0.9525110317293549;0.9543157894736842;0.9534125565253971;4533;226;217
743;prison;4750;;0.9703157894736842;0.9369790607847124;0.9703157894736842;0.9533560864618885;4609;310;141
715;pickelhaube;4750;;0.9650526315789474;0.9418532977193342;0.9650526315789474;0.9533118436102734;4584;283;166
959;carbonara;4750;;0.9494736842105264;0.9569276469340123;0.9494736842105264;0.9531860932051147;4510;203;240
680;nipple;4750;;0.9450526315789474;0.961447847504819;0.9450526315789474;0.9531797430725131;4489;180;261
574;golf_ball;4750;;0.9661052631578947;0.9405615904898544;0.9661052631578947;0.9531623221518329;4589;290;161
831;studio_couch;4750;;0.9808421052631578;0.926795305351104;0.9808421052631578;0.9530530837680269;4659;368;91
534;dishwasher;4750;;0.9402105263157895;0.9660393683755137;0.9402105263157895;0.9529499626587007;4466;157;284
104;wallaby;4750;;0.9623157894736842;0.9434468524251806;0.9623157894736842;0.9527879103699843;4571;274;179
813;spatula;4750;;0.9473684210526315;0.9580583351075155;0.9473684210526315;0.952683391552874;4500;197;250
556;fire_screen;4750;;0.9406315789473684;0.9650107991360691;0.9406315789473684;0.9526652452025587;4468;162;282
318;lacewing;4750;;0.9298947368421052;0.9765642272827769;0.9298947368421052;0.9526582551493583;4417;106;333
979;valley;4750;;0.9701052631578947;0.9356345177664974;0.9701052631578947;0.9525581395348837;4608;317;142
46;green_lizard;4750;;0.9168421052631579;0.9911242603550295;0.9168421052631579;0.9525371828521435;4355;39;395
106;wombat;4750;;0.9250526315789473;0.9816800714924039;0.9250526315789473;0.9525254714936049;4394;82;356
617;lab_coat;4750;;0.9757894736842105;0.930162552679109;0.9757894736842105;0.9524298777355389;4635;348;115
579;grand_piano;4750;;0.9338947368421052;0.9715286903197548;0.9338947368421052;0.9523400601116359;4436;130;314
876;tub;4750;;0.94;0.9647796024200519;0.94;0.9522286201748773;4465;163;285
963;pizza;4750;;0.9585263157894737;0.945979638479119;0.9585263157894737;0.9522116490641012;4553;260;197
1;goldfish;4750;;0.9783157894736842;0.9268049461507778;0.9783157894736842;0.9518639901679641;4647;367;103
624;library;4750;;0.9381052631578948;0.9659657489703013;0.9381052631578948;0.951831677881021;4456;157;294
966;red_wine;4750;;0.9538947368421052;0.9494970662196144;0.9538947368421052;0.9516908212560385;4531;241;219
644;matchstick;4750;;0.944;0.959349593495935;0.944;0.9516129032258064;4484;190;266
2;great_white_shark;4750;;0.9501052631578948;0.9529138513513513;0.9501052631578948;0.9515074847143158;4513;223;237
296;ice_bear;4750;;0.9747368421052631;0.9293456443195504;0.9747368421052631;0.9515002055076036;4630;352;120
500;cliff_dwelling;4750;;0.972421052631579;0.9314377898769913;0.972421052631579;0.9514883098156349;4619;340;131
692;packet;4750;;0.9437894736842105;0.9591356439880189;0.9437894736842105;0.9514006791171477;4483;191;267
669;mosquito_net;4750;;0.9370526315789474;0.9661384849142609;0.9370526315789474;0.9513733034092123;4451;156;299
691;oxygen_mask;4750;;0.9204210526315789;0.9837983798379838;0.9204210526315789;0.9510550358929737;4372;72;378
850;teddy;4750;;0.9869473684210527;0.917596398512429;0.9869473684210527;0.9510092301450452;4688;421;62
32;tailed_frog;4750;;0.9254736842105263;0.9779755283648498;0.9254736842105263;0.9510005408328825;4396;99;354
930;French_loaf;4750;;0.9463157894736842;0.9551636209094773;0.9463157894736842;0.9507191201353639;4495;211;255
421;bannister;4750;;0.9762105263157895;0.9264735264735264;0.9762105263157895;0.9506919528446951;4637;368;113
921;book_jacket;4750;;0.9284210526315789;0.973939929328622;0.9284210526315789;0.9506359129122656;4410;118;340
799;sliding_door;4750;;0.9374736842105263;0.9640614851699502;0.9374736842105263;0.9505817056249333;4453;166;297
769;rule;4750;;0.9187368421052632;0.9844349199187908;0.9187368421052632;0.9504519220298377;4364;69;386
701;parachute;4750;;0.9863157894736843;0.9170091994519476;0.9863157894736843;0.9504006491530581;4685;424;65
271;red_wolf;4750;;0.952421052631579;0.9482288828337875;0.952421052631579;0.950320344501628;4524;247;226
595;harvester;4750;;0.9635789473684211;0.9373336063895147;0.9635789473684211;0.9502750960240839;4577;306;173
539;doormat;4750;;0.9322105263157895;0.9689277899343545;0.9322105263157895;0.9502145922746782;4428;142;322
852;tennis_ball;4750;;0.956;0.9444675540765392;0.956;0.9501987863569784;4541;267;209
543;dumbbell;4750;;0.983578947368421;0.9189614476789929;0.983578947368421;0.9501728696359568;4672;412;78
758;reel;4750;;0.9703157894736842;0.930735056542811;0.9703157894736842;0.9501133786848073;4609;343;141
862;torch;4750;;0.9781052631578947;0.9234744583581793;0.9781052631578947;0.9500051119517433;4646;385;104
423;barber_chair;4750;;0.9631578947368421;0.9369240221175507;0.9631578947368421;0.9498598567424478;4575;308;175
390;eel;4750;;0.9170526315789473;0.9848519104680081;0.9170526315789473;0.9497438133653112;4356;67;394
899;water_jug;4750;;0.9256842105263158;0.9749445676274945;0.9256842105263158;0.9496760259179265;4397;113;353
548;entertainment_center;4750;;0.9827368421052631;0.9187167880338516;0.9827368421052631;0.9496490692706744;4668;413;82
878;typewriter_keyboard;4750;;0.9185263157894736;0.9828790268078396;0.9185263157894736;0.9496136685167047;4363;76;387
650;microphone;4750;;0.9471578947368421;0.9517664480643114;0.9471578947368421;0.9494565790862087;4499;228;251
422;barbell;4750;;0.9113684210526316;0.9906178489702517;0.9113684210526316;0.9493421052631579;4329;41;421
5;electric_ray;4750;;0.9151578947368421;0.9861615245009074;0.9151578947368421;0.9493339157021184;4347;61;403
935;mashed_potato;4750;;0.9425263157894737;0.9562152926099957;0.9425263157894737;0.9493214588634437;4477;205;273
706;patio;4750;;0.9423157894736842;0.956205938901944;0.9423157894736842;0.9492100519563142;4476;205;274
600;hook;4750;;0.924;0.9757670075589151;0.924;0.9491782006920416;4389;109;361
41;whiptail;4750;;0.9307368421052632;0.9680315305452156;0.9307368421052632;0.9490179242245357;4421;146;329
741;prayer_rug;4750;;0.9656842105263158;0.9328859060402684;0.9656842105263158;0.9490017585600496;4587;330;163
438;beaker;4750;;0.9202105263157895;0.9780711568583575;0.9202105263157895;0.948259030263586;4371;98;379
53;ringneck_snake;4750;;0.9178947368421052;0.9806567701304544;0.9178947368421052;0.948238364506307;4360;86;390
619;lampshade;4750;;0.9364210526315789;0.9602763385146805;0.9364210526315789;0.9481986783201877;4448;184;302
43;frilled_lizard;4750;;0.907157894736842;0.9926284266298088;0.907157894736842;0.947970520294797;4309;32;441
848;tape_player;4750;;0.9463157894736842;0.9493136219640972;0.9463157894736842;0.9478123352662098;4495;240;255
28;spotted_salamander;4750;;0.9378947368421052;0.9578585250483767;0.9378947368421052;0.9477715136687587;4455;196;295
856;thresher;4750;;0.9147368421052632;0.9830316742081447;0.9147368421052632;0.9476553980370774;4345;75;405
996;hen-of-the-woods;4750;;0.9389473684210526;0.9562607204116638;0.9389473684210526;0.9475249628213298;4460;204;290
632;loudspeaker;4750;;0.94;0.9534486440316037;0.94;0.9466765610092229;4465;218;285
357;mink;4750;;0.9446315789473684;0.9486257928118393;0.9446315789473684;0.9466244725738397;4487;243;263
45;Gila_monster;4750;;0.9084210526315789;0.988092512021983;0.9084210526315789;0.9465833059120325;4315;52;435
925;consomme;4750;;0.9345263157894736;0.9589544178008209;0.9345263157894736;0.9465827913423607;4439;190;311
868;tray;4750;;0.9376842105263158;0.9555889294142887;0.9376842105263158;0.9465519073424715;4454;207;296
405;airship;4750;;0.9162105263157895;0.9781973477185885;0.9162105263157895;0.9461898032394825;4352;97;398
910;wooden_spoon;4750;;0.9395789473684211;0.952005119453925;0.9395789473684211;0.9457512184784913;4463;225;287
415;bakery;4750;;0.9522105263157895;0.9391611295681063;0.9522105263157895;0.9456408112063559;4523;293;227
967;espresso;4750;;0.9536842105263158;0.9376940592009936;0.9536842105263158;0.945621542636468;4530;301;220
485;CD_player;4750;;0.9414736842105264;0.9494692144373673;0.9414736842105264;0.9454545454545454;4472;238;278
792;shovel;4750;;0.9515789473684211;0.9385382059800664;0.9515789473684211;0.9450135897971984;4520;296;230
407;ambulance;4750;;0.9776842105263158;0.9143532191376255;0.9776842105263158;0.9449587954013633;4644;435;106
747;punching_bag;4750;;0.9555789473684211;0.9343351173322355;0.9555789473684211;0.9448376353039135;4539;319;211
363;armadillo;4750;;0.9787368421052631;0.9130007855459544;0.9787368421052631;0.9447266815687867;4649;443;101
851;television;4750;;0.9778947368421053;0.9131118537448398;0.9778947368421053;0.9443936159398191;4645;442;105
489;chainlink_fence;4750;;0.9768421052631578;0.9128467440487901;0.9768421052631578;0.9437608054510321;4640;443;110
419;Band_Aid;4750;;0.9292631578947368;0.9585233441910966;0.9292631578947368;0.9436664885088187;4414;191;336
611;jigsaw_puzzle;4750;;0.9431578947368421;0.943952802359882;0.9431578947368421;0.9435551811288962;4480;266;270
478;carton;4750;;0.944;0.9430073606729759;0.944;0.9435034192530247;4484;271;266
580;greenhouse;4750;;0.9861052631578947;0.9044217030314733;0.9861052631578947;0.9434988417766139;4684;495;66
465;bulletproof_vest;4750;;0.9837894736842105;0.9059713067080264;0.9837894736842105;0.9432781590633832;4673;485;77
435;bathtub;4750;;0.9469473684210526;0.9396281595989138;0.9469473684210526;0.9432735661109364;4498;289;252
386;African_elephant;4750;;0.9490526315789474;0.9368246051537822;0.9490526315789474;0.9428989751098096;4508;304;242
114;slug;4750;;0.9218947368421052;0.9647499449217889;0.9218947368421052;0.9428356120142103;4379;160;371
972;cliff;4750;;0.9562105263157895;0.9297850562947799;0.9562105263157895;0.9428126621691749;4542;343;208
395;gar;4750;;0.9086315789473685;0.9795733091239219;0.9086315789473685;0.942769768457842;4316;90;434
124;crayfish;4750;;0.911578947368421;0.9756647138350608;0.911578947368421;0.9425337396604266;4330;108;420
33;loggerhead;4750;;0.9642105263157895;0.9213437940052304;0.9642105263157895;0.9422898878716183;4580;391;170
481;cassette;4750;;0.9317894736842105;0.9514187446259673;0.9317894736842105;0.9415018081259307;4426;226;324
453;bookcase;4750;;0.9444210526315789;0.9375130616509927;0.9444210526315789;0.9409543786051389;4486;299;264
879;umbrella;4750;;0.9757894736842105;0.9081112852664577;0.9757894736842105;0.9407347270144104;4635;469;115
527;desktop_computer;4750;;0.9084210526315789;0.9753616636528029;0.9084210526315789;0.9407019838674515;4315;109;435
3;tiger_shark;4750;;0.9027368421052632;0.9819097778795511;0.9027368421052632;0.9406603049248657;4288;79;462
928;ice_cream;4750;;0.9549473684210527;0.9262813967735348;0.9549473684210527;0.9403959780242563;4536;361;214
298;mongoose;4750;;0.9029473684210526;0.9810155535224153;0.9029473684210526;0.9403639552729665;4289;83;461
987;corn;4750;;0.9221052631578948;0.9592641261498029;0.9221052631578948;0.9403177329325891;4380;186;370
844;switch;4750;;0.956;0.9250356488083112;0.956;0.9402629671808675;4541;368;209
292;tiger;4750;;0.9913684210526316;0.8940573381431555;0.9913684210526316;0.9402016571827891;4709;558;41
998;ear;4750;;0.9364210526315789;0.9435723377174374;0.9364210526315789;0.9399830938292476;4448;266;302
499;cleaver;4750;;0.9221052631578948;0.9584245076586433;0.9221052631578948;0.9399141630901288;4380;190;370
591;handkerchief;4750;;0.928;0.9520518358531318;0.928;0.9398720682302772;4408;222;342
397;puffer;4750;;0.8932631578947369;0.9908921064922933;0.8932631578947369;0.9395482728077945;4243;39;507
524;cuirass;4750;;0.9351578947368421;0.9439014024649384;0.9351578947368421;0.9395093062605754;4442;264;308
50;American_alligator;4750;;0.9122105263157895;0.9684845775592311;0.9122105263157895;0.9395056374674762;4333;141;417
854;theater_curtain;4750;;0.9623157894736842;0.9176872114033326;0.9623157894736842;0.9394717911828177;4571;410;179
70;harvestman;4750;;0.9136842105263158;0.9663771988421287;0.9136842105263158;0.9392922843848068;4340;151;410
825;stone_wall;4750;;0.9802105263157894;0.9014520813165537;0.9802105263157894;0.9391830559757943;4656;509;94
320;damselfly;4750;;0.9650526315789474;0.9146049481245012;0.9650526315789474;0.9391518131530423;4584;428;166
385;Indian_elephant;4750;;0.9873684210526316;0.8953799159984727;0.9873684210526316;0.9391269523428113;4690;548;60
310;ant;4750;;0.9673684210526315;0.9124305003971406;0.9673684210526315;0.9390966687104025;4595;441;155
505;coffeepot;4750;;0.94;0.9380252100840336;0.94;0.9390115667718191;4465;295;285
673;mouse;4750;;0.904;0.9767970882620565;0.904;0.9389897222829652;4294;102;456
623;letter_opener;4750;;0.9183157894736842;0.9601584855822144;0.9183157894736842;0.9387711180458409;4362;181;388
115;sea_slug;4750;;0.9033684210526316;0.9767812428864102;0.9033684210526316;0.9386415837252543;4291;102;459
461;breastplate;4750;;0.9311578947368421;0.9446817599316532;0.9311578947368421;0.9378710771840543;4423;259;327
917;comic_book;4750;;0.9656842105263158;0.9115659777424483;0.9656842105263158;0.9378450214680024;4587;445;163
648;medicine_chest;4750;;0.9288421052631579;0.9469843314015883;0.9288421052631579;0.937825486236582;4412;247;338
108;sea_anemone;4750;;0.9305263157894736;0.9444444444444444;0.9305263157894736;0.9374337221633086;4420;260;330
700;paper_towel;4750;;0.9256842105263158;0.9486515641855447;0.9256842105263158;0.9370271710175813;4397;238;353
119;rock_crab;4750;;0.9134736842105263;0.9612317235268055;0.9134736842105263;0.9367443868739205;4339;175;411
974;geyser;4750;;0.9570526315789474;0.91727199354318;0.9570526315789474;0.9367401607253245;4546;410;204
824;stole;4750;;0.9250526315789473;0.9482088908070782;0.9250526315789473;0.9364876385336744;4394;240;356
881;upright;4750;;0.9747368421052631;0.9009534928974509;0.9747368421052631;0.9363939731014258;4630;509;120
810;space_bar;4750;;0.9315789473684211;0.9406887755102041;0.9315789473684211;0.936111698751851;4425;279;325
738;pot;4750;;0.9669473684210527;0.9068114511352419;0.9669473684210527;0.9359144167091188;4593;472;157
6;stingray;4750;;0.9162105263157895;0.9564835164835165;0.9162105263157895;0.9359139784946237;4352;198;398
681;notebook;4750;;0.907578947368421;0.9659421913511091;0.907578947368421;0.9358515141647671;4311;152;439
550;espresso_maker;4750;;0.9153684210526316;0.9568661971830986;0.9153684210526316;0.9356574133849795;4348;196;402
634;lumbermill;4750;;0.972421052631579;0.9012682926829269;0.972421052631579;0.9354936708860759;4619;506;131
446;binder;4750;;0.9374736842105263;0.9333473066443093;0.9374736842105263;0.9354059447537023;4453;318;297
470;candle;4750;;0.9181052631578948;0.953224043715847;0.9181052631578948;0.9353351206434317;4361;214;389
922;menu;4750;;0.8928421052631579;0.9819402639499885;0.8928421052631579;0.9352740103649795;4241;78;509
753;radiator;4750;;0.9528421052631579;0.918052738336714;0.9528421052631579;0.9351239669421487;4526;404;224
469;caldron;4750;;0.9557894736842105;0.9153225806451613;0.9557894736842105;0.9351184346035015;4540;420;210
567;frying_pan;4750;;0.8987368421052632;0.9733242134062927;0.8987368421052632;0.9345446584938704;4269;117;481
655;miniskirt;4750;;0.9526315789473684;0.916919959473151;0.9526315789473684;0.9344346928239546;4525;410;225
860;tobacco_shop;4750;;0.9583157894736842;0.9116763468856399;0.9583157894736842;0.9344144514010059;4552;441;198
978;seashore;4750;;0.9402105263157895;0.9284823284823285;0.9402105263157895;0.9343096234309624;4466;344;284
867;trailer_truck;4750;;0.9755789473684211;0.8961516147747051;0.9755789473684211;0.9341800221751839;4634;537;116
112;conch;4750;;0.9503157894736842;0.9184130213631739;0.9503157894736842;0.9340920848422143;4514;401;236
546;electric_guitar;4750;;0.9157894736842105;0.9518599562363238;0.9157894736842105;0.9334763948497853;4350;220;400
409;analog_clock;4750;;0.9635789473684211;0.9050820644650979;0.9635789473684211;0.9334149077189762;4577;480;173
894;wardrobe;4750;;0.9395789473684211;0.926702657807309;0.9395789473684211;0.9330963830232072;4463;353;287
926;hot_pot;4750;;0.956;0.911115569823435;0.956;0.9330182864187384;4541;443;209
610;jersey;4750;;0.9631578947368421;0.9041501976284585;0.9631578947368421;0.9327217125382262;4575;485;175
313;walking_stick;4750;;0.891578947368421;0.9773828756058158;0.891578947368421;0.9325112848177914;4235;98;515
794;shower_curtain;4750;;0.9233684210526316;0.9416058394160584;0.9233684210526316;0.9323979591836735;4386;272;364
54;hognose_snake;4750;;0.8827368421052632;0.9877502944640754;0.8827368421052632;0.932295719844358;4193;52;557
798;slide_rule;4750;;0.8964210526315789;0.9705949395942558;0.8964210526315789;0.9320345846557951;4258;129;492
999;toilet_tissue;4750;;0.9042105263157895;0.9604203935599285;0.9042105263157895;0.931468228150076;4295;177;455
126;isopod;4750;;0.8966315789473684;0.9690557451649602;0.8966315789473684;0.9314379442318207;4259;136;491
44;alligator_lizard;4750;;0.8821052631578947;0.9861143798540833;0.8821052631578947;0.9312145793977108;4190;59;560
742;printer;4750;;0.8972631578947369;0.9675368898978434;0.8972631578947369;0.9310759148006553;4262;143;488
533;dishrag;4750;;0.8818947368421053;0.984951798730308;0.8818947368421053;0.9305786959902255;4189;64;561
352;impala;4750;;0.9621052631578947;0.8983683900137606;0.9621052631578947;0.9291450645522009;4570;517;180
353;gazelle;4750;;0.9107368421052632;0.947645125958379;0.9107368421052632;0.9288244766505636;4326;239;424
598;home_theater;4750;;0.9282105263157895;0.9291886195995785;0.9282105263157895;0.9286993154291733;4409;336;341
728;plastic_bag;4750;;0.9256842105263158;0.9309760745289011;0.9256842105263158;0.9283226010767444;4397;326;353
885;velvet;4750;;0.9378947368421052;0.9181780708985985;0.9378947368421052;0.9279316808998125;4455;397;295
657;missile;4750;;0.960421052631579;0.8969720802202124;0.960421052631579;0.9276128507523382;4562;524;188
52;thunder_snake;4750;;0.9427368421052632;0.9112739112739112;0.9427368421052632;0.9267384105960266;4478;436;272
923;plate;4750;;0.8985263157894737;0.9567361578121497;0.8985263157894737;0.9267180545000544;4268;193;482
77;wolf_spider;4750;;0.9376842105263158;0.9158955377339091;0.9376842105263158;0.9266618121294081;4454;409;296
549;envelope;4750;;0.9362105263157895;0.91709630851722;0.9362105263157895;0.9265548494634858;4447;402;303
620;laptop;4750;;0.968421052631579;0.8876881512929371;0.968421052631579;0.9262988320579945;4600;582;150
65;sea_snake;4750;;0.8892631578947369;0.9654857142857143;0.8892631578947369;0.9258082191780821;4224;151;526
865;toyshop;4750;;0.9452631578947368;0.9067043618739903;0.9452631578947368;0.9255823541537826;4490;462;260
123;spiny_lobster;4750;;0.8856842105263157;0.9686852406170849;0.8856842105263157;0.9253271747498075;4207;136;543
819;stage;4750;;0.9423157894736842;0.9073586053111696;0.9423157894736842;0.9245068677062893;4476;457;274
26;common_newt;4750;;0.8898947368421053;0.961118690313779;0.8898947368421053;0.9241364232619151;4227;171;523
677;nail;4750;;0.9425263157894737;0.9060918842339607;0.9425263157894737;0.923950056753689;4477;464;273
905;window_shade;4750;;0.9122105263157895;0.9356510472900021;0.9122105263157895;0.9237821127811534;4333;298;417
62;rock_python;4750;;0.88;0.9711895910780669;0.88;0.9233487961122155;4180;124;570
319;dragonfly;4750;;0.8909473684210526;0.9581163685759565;0.8909473684210526;0.9233118795680157;4232;185;518
61;boa_constrictor;4750;;0.9094736842105263;0.936890045543266;0.9094736842105263;0.9229783142826621;4320;291;430
983;scuba_diver;4750;;0.9595789473684211;0.8888455538221529;0.9595789473684211;0.9228588783154484;4558;570;192
733;pole;4750;;0.9385263157894737;0.90536149471974;0.9385263157894737;0.9216456481290056;4458;466;292
562;fountain;4750;;0.9833684210526316;0.8662833827893175;0.9833684210526316;0.9211200946558863;4671;721;79
971;bubble;4750;;0.9667368421052631;0.8793565683646113;0.9667368421052631;0.9209787404733254;4592;630;158
508;computer_keyboard;4750;;0.9469473684210526;0.895480788373482;0.9469473684210526;0.9204952419932467;4498;525;252
509;confectionery;4750;;0.9412631578947368;0.8990548964407802;0.9412631578947368;0.9196749974287771;4471;502;279
328;sea_urchin;4750;;0.9442105263157895;0.8952095808383234;0.9442105263157895;0.9190573770491803;4485;525;265
101;tusker;4750;;0.8591578947368421;0.9867021276595744;0.8591578947368421;0.9185235201440468;4081;55;669
424;barbershop;4750;;0.8991578947368422;0.9360070129300898;0.8991578947368422;0.9172124986577901;4271;292;479
788;shoe_shop;4750;;0.9456842105263158;0.8896811249752427;0.9456842105263158;0.9168282477803857;4492;557;258
4;hammerhead;4750;;0.9273684210526316;0.9061921415346637;0.9273684210526316;0.9166579960461971;4405;456;345
107;jellyfish;4750;;0.9065263157894737;0.9260215053763441;0.9065263157894737;0.9161702127659574;4306;344;444
34;leatherback_turtle;4750;;0.895578947368421;0.9376239806039233;0.895578947368421;0.9161193065575536;4254;283;496
59;vine_snake;4750;;0.8989473684210526;0.9323144104803494;0.8989473684210526;0.915326902465166;4270;310;480
109;brain_coral;4750;;0.8909473684210526;0.9410718256615521;0.8909473684210526;0.9153238888288093;4232;265;518
314;cockroach;4750;;0.9050526315789473;0.9255113024757804;0.9050526315789473;0.915167642362959;4299;346;451
961;dough;4750;;0.8730526315789474;0.9612888270746407;0.8730526315789474;0.9150485436893203;4147;167;603
454;bookshop;4750;;0.9614736842105264;0.8690770694576594;0.9614736842105264;0.9129435282358821;4567;688;183
762;restaurant;4750;;0.972421052631579;0.858550185873606;0.972421052631579;0.9119447186574532;4619;761;131
67;diamondback;4750;;0.8730526315789474;0.9539912583390844;0.8730526315789474;0.9117291414752116;4147;200;603
760;refrigerator;4750;;0.964842105263158;0.8606572769953051;0.964842105263158;0.9097766749379652;4583;742;167
55;green_snake;4750;;0.9067368421052632;0.9115343915343915;0.9067368421052632;0.9091292875989446;4307;418;443
633;loupe;4750;;0.9357894736842105;0.8828202581926514;0.9357894736842105;0.9085334695963209;4445;590;305
60;night_snake;4750;;0.8383157894736842;0.9888254283585796;0.8383157894736842;0.9073715392503133;3982;45;768
818;spotlight;4750;;0.9370526315789474;0.8784290507203474;0.9370526315789474;0.906794336355302;4451;616;299
282;tiger_cat;4750;;0.8785263157894737;0.9364901256732495;0.8785263157894737;0.9065826634803389;4173;283;577
402;acoustic_guitar;4750;;0.9450526315789474;0.8667696466499324;0.9450526315789474;0.9042199617282708;4489;690;261
750;quilt;4750;;0.9661052631578947;0.8493429576161392;0.9661052631578947;0.9039692701664532;4589;814;161
64;green_mamba;4750;;0.8642105263157894;0.94281120808452;0.8642105263157894;0.9018014059753954;4105;249;645
329;sea_cucumber;4750;;0.9246315789473685;0.8799839711480665;0.9246315789473685;0.9017554665845395;4392;599;358
992;agaric;4750;;0.9818947368421053;0.828860849475742;0.9818947368421053;0.8989110532909319;4664;963;86
168;redbone;4750;;0.9837894736842105;0.8263483642793987;0.9837894736842105;0.8982220086496876;4673;982;77
49;African_crocodile;4750;;0.8503157894736842;0.9481220657276995;0.8503157894736842;0.8965593784683685;4039;221;711
599;honeycomb;4750;;0.8842105263157894;0.9085009733939;0.8842105263157894;0.8961911874533234;4200;423;550
909;wok;4750;;0.8732631578947369;0.916077738515901;0.8732631578947369;0.8941582237551197;4148;380;602
73;barn_spider;4750;;0.8621052631578947;0.9235453315290933;0.8621052631578947;0.8917682926829268;4095;339;655
526;desk;4750;;0.9229473684210526;0.862482785756443;0.9229473684210526;0.8916912437709753;4384;699;366
904;window_screen;4750;;0.9326315789473684;0.8431671107727445;0.9326315789473684;0.8856457417033186;4430;824;320
58;water_snake;4750;;0.8583157894736843;0.9112650871703174;0.8583157894736843;0.8839982653946227;4077;397;673
977;sandbar;4750;;0.9461052631578948;0.8261029411764705;0.9461052631578948;0.8820412168792934;4494;946;256
782;screen;4750;;0.8383157894736842;0.9209065679925994;0.8383157894736842;0.87767247079568;3982;342;768
721;pillow;4750;;0.9551578947368421;0.8048607415291822;0.9551578947368421;0.8735919899874842;4537;1100;213
103;platypus;4750;;0.9107368421052632;0.836912362159025;0.9107368421052632;0.8722653493295696;4326;843;424
72;black_and_gold_garden_spider;4750;;0.9816842105263158;0.7826451829472978;0.9816842105263158;0.8709376167351514;4663;1295;87
664;monitor;4750;;0.9149473684210526;0.8297059946544483;0.9149473684210526;0.8702442931517822;4346;892;404
815;spider_web;4750;;0.8166315789473684;0.9271032504780115;0.8166315789473684;0.8683680322364002;3879;305;871
916;web_site;4750;;0.98;0.76739202110122;0.98;0.8607618343195267;4655;1411;95
111;nematode;4750;;0.9204210526315789;0.8014665444546287;0.9204210526315789;0.8568348848603625;4372;1083;378
947;mushroom;4750;;0.7629473684210526;0.9597457627118644;0.7629473684210526;0.8501055594651654;3624;152;1126
582;grocery_store;4750;;0.9858947368421053;0.7341276062078695;0.9858947368421053;0.8415850480726031;4683;1696;67
66;horned_viper;4750;;0.7890526315789473;0.8822975517890772;0.7890526315789473;0.8330740164480995;3748;500;1002
712;Petri_dish;4750;;0.9181052631578948;0.7496991576413959;0.9181052631578948;0.8253998296583703;4361;1456;389
68;sidewinder;4750;;0.8785263157894737;0.7736373748609566;0.8785263157894737;0.8227523659305993;4173;1221;577
74;garden_spider;4750;;0.7336842105263158;0.8949666153055984;0.7336842105263158;0.8063396575659416;3485;409;1265
973;coral_reef;4750;;0.9225263157894736;0.6562827617193351;0.9225263157894736;0.7669554563752515;4382;2295;368
552;feather_boa;4750;;0.9757894736842105;0.17675997254214018;0.9757894736842105;0.2993025958930647;4635;21587;115
