class_idx;class_label;support;base_accuracy;overall_accuracy;precision;recall;f1;tp;fp;fn
129;spoonbill;4750;;0.9503157894736842;0.9695017182130584;0.9503157894736842;0.9598128853923028;4514;142;236
986;yellow_lady's_slipper;4750;;0.9656842105263158;0.9485111662531017;0.9656842105263158;0.957020655122053;4587;249;163
90;lorikeet;4750;;0.9418947368421052;0.9484842060631757;0.9418947368421052;0.9451779866906094;4474;243;276
339;sorrel;4750;;0.9284210526315789;0.9541324102120294;0.9284210526315789;0.9411011523687579;4410;212;340
100;black_swan;4750;;0.9351578947368421;0.9418999151823579;0.9351578947368421;0.9385167969575322;4442;274;308
136;European_gallinule;4750;;0.9126315789473685;0.9494086727989488;0.9126315789473685;0.9306569343065694;4335;231;415
340;zebra;4750;;0.9147368421052632;0.9366242724725157;0.9147368421052632;0.9255511769091491;4345;294;405
685;odometer;4750;;0.9505263157894737;0.9013775204631663;0.9505263157894737;0.9252997233323086;4515;494;235
321;admiral;4750;;0.8614736842105263;0.995136186770428;0.8614736842105263;0.923493568043331;4092;20;658
19;chickadee;4750;;0.8648421052631579;0.9896410503493134;0.8648421052631579;0.9230423547915965;4108;43;642
88;macaw;4750;;0.8976842105263158;0.9481876806760062;0.8976842105263158;0.9222450524494431;4264;233;486
985;daisy;4750;;0.9543157894736842;0.8919716646989374;0.9543157894736842;0.9220911310008137;4533;549;217
14;indigo_bunting;4750;;0.892;0.9506394435719093;0.892;0.9203866623221462;4237;220;513
92;bee_eater;4750;;0.8882105263157895;0.954093170511081;0.8882105263157895;0.9199738334060182;4219;203;531
323;monarch;4750;;0.8928421052631579;0.9481332439078918;0.8928421052631579;0.919657378293397;4241;232;509
139;ruddy_turnstone;4750;;0.9029473684210526;0.9358498799912721;0.9029473684210526;0.9191042537233473;4289;294;461
17;jay;4750;;0.8785263157894737;0.9621858427484437;0.8785263157894737;0.9184549356223176;4173;164;577
376;proboscis_monkey;4750;;0.9366315789473684;0.8935529222735489;0.9366315789473684;0.9145852605612088;4449;530;301
993;gyromitra;4750;;0.9143157894736842;0.9120117597648048;0.9143157894736842;0.9131623212783853;4343;419;407
24;great_grey_owl;4750;;0.9063157894736842;0.9177147729695161;0.9063157894736842;0.9119796631712742;4305;386;445
984;rapeseed;4750;;0.8621052631578947;0.9669421487603306;0.8621052631578947;0.9115191986644406;4095;140;655
387;lesser_panda;4750;;0.8930526315789473;0.9304672077209915;0.8930526315789473;0.911376087657106;4242;317;508
22;bald_eagle;4750;;0.868421052631579;0.9539777983348752;0.868421052631579;0.9091910954375138;4125;199;625
135;limpkin;4750;;0.9372631578947368;0.8826328310864393;0.9372631578947368;0.9091280375740248;4452;592;298
130;flamingo;4750;;0.8372631578947368;0.9932567432567433;0.8372631578947368;0.9086132053918209;3977;27;773
255;Leonberg;4750;;0.9315789473684211;0.8860632759311173;0.9315789473684211;0.9082512315270936;4425;569;325
0;tench;4750;;0.9082105263157895;0.9042129532592748;0.9082105263157895;0.9062073311626929;4314;457;436
13;junco;4750;;0.8623157894736843;0.9532231789620665;0.8623157894736843;0.9054935337680999;4096;201;654
900;water_tower;4750;;0.8728421052631579;0.9392840960579972;0.8728421052631579;0.9048450458315146;4146;268;604
15;robin;4750;;0.8793684210526316;0.9292547274749722;0.8793684210526316;0.903623580313683;4177;318;573
430;basketball;4750;;0.8566315789473684;0.9471601489757915;0.8566315789473684;0.8996241432677428;4069;227;681
388;giant_panda;4750;;0.8705263157894737;0.9292134831460674;0.8705263157894737;0.898913043478261;4135;315;615
275;African_hunting_dog;4750;;0.9446315789473684;0.8572793274742071;0.9446315789473684;0.898838141025641;4487;747;263
145;king_penguin;4750;;0.8730526315789474;0.9250501896051752;0.8730526315789474;0.8982995776020796;4147;336;603
990;buckeye;4750;;0.8854736842105263;0.9027688345138442;0.8854736842105263;0.8940376235519184;4206;453;544
84;peacock;4750;;0.844;0.9450730787364451;0.844;0.8916814946619217;4009;233;741
351;hartebeest;4750;;0.9086315789473685;0.870863599677159;0.9086315789473685;0.8893467957964146;4316;640;434
141;redshank;4750;;0.8498947368421053;0.9310424354243543;0.8498947368421053;0.8886198547215497;4037;299;713
576;gondola;4750;;0.8974736842105263;0.8793316831683168;0.8974736842105263;0.888310064596791;4263;585;487
11;goldfinch;4750;;0.8037894736842105;0.9898885143894218;0.8037894736842105;0.8871848495410711;3818;39;932
607;jack-o'-lantern;4750;;0.8543157894736843;0.920807805763558;0.8543157894736843;0.8863164791962433;4058;349;692
87;African_grey;4750;;0.8191578947368421;0.9609780192640158;0.8191578947368421;0.884418683941357;3891;158;859
143;oystercatcher;4750;;0.82;0.9579439252336449;0.82;0.8836206896551724;3895;171;855
955;jackfruit;4750;;0.8538947368421053;0.9137193061500338;0.8538947368421053;0.8827946457721187;4056;383;694
9;ostrich;4750;;0.9362105263157895;0.8327715355805243;0.9362105263157895;0.8814667988107037;4447;893;303
560;football_helmet;4750;;0.8351578947368421;0.9303470919324578;0.8351578947368421;0.880186376747282;3967;297;783
96;toucan;4750;;0.8376842105263158;0.9270736253494875;0.8376842105263158;0.8801150188011503;3979;313;771
989;hip;4750;;0.876421052631579;0.8806854241590861;0.876421052631579;0.878548063733249;4163;564;587
945;bell_pepper;4750;;0.8242105263157895;0.9388489208633094;0.8242105263157895;0.8778026905829597;3915;255;835
91;coucal;4750;;0.8663157894736843;0.885517538196686;0.8663157894736843;0.8758114291795254;4115;532;635
466;bullet_train;4750;;0.8526315789473684;0.8988015978695073;0.8526315789473684;0.8751080380293863;4050;456;700
284;Siamese_cat;4750;;0.9111578947368421;0.8389222717580926;0.9111578947368421;0.8735492986174184;4328;831;422
102;echidna;4750;;0.832;0.9186424918642492;0.832;0.8731771984091913;3952;350;798
18;magpie;4750;;0.8143157894736842;0.9367885686606927;0.8143157894736842;0.8712692870818786;3868;261;882
333;hamster;4750;;0.8793684210526316;0.8630165289256199;0.8793684210526316;0.8711157455683003;4177;663;573
890;volleyball;4750;;0.8818947368421053;0.860517666392769;0.8818947368421053;0.8710750675816179;4189;679;561
291;lion;4750;;0.9187368421052632;0.8277693474962063;0.9187368421052632;0.8708840550788266;4364;908;386
142;dowitcher;4750;;0.8663157894736843;0.8747874149659864;0.8663157894736843;0.8705309921726254;4115;589;635
12;house_finch;4750;;0.7953684210526316;0.9576679340937896;0.7953684210526316;0.869005175388154;3778;167;972
625;lifeboat;4750;;0.8488421052631578;0.8886929689221953;0.8488421052631578;0.8683105416173145;4032;505;718
138;bustard;4750;;0.8471578947368421;0.8881041712646215;0.8471578947368421;0.8671479366447581;4024;507;726
324;cabbage_butterfly;4750;;0.8277894736842105;0.9101851851851852;0.8277894736842105;0.8670341786108048;3932;388;818
146;albatross;4750;;0.8658947368421053;0.8677215189873417;0.8658947368421053;0.8668071654373024;4113;627;637
133;bittern;4750;;0.8;0.9405940594059405;0.8;0.8646188850967008;3800;240;950
347;bison;4750;;0.8530526315789474;0.8742179072276159;0.8530526315789474;0.8635055940330315;4052;583;698
16;bulbul;4750;;0.7886315789473685;0.9529381836682778;0.7886315789473685;0.8630342126483124;3746;185;1004
396;lionfish;4750;;0.7901052631578948;0.9503671815649531;0.7901052631578948;0.8628577997470974;3753;196;997
645;maypole;4750;;0.9052631578947369;0.8207673220080168;0.9052631578947369;0.8609470417459205;4300;939;450
779;school_bus;4750;;0.864421052631579;0.8564872757613684;0.864421052631579;0.8604358759430009;4106;688;644
97;drake;4750;;0.7913684210526316;0.9421052631578948;0.7913684210526316;0.8601830663615561;3759;231;991
528;dial_telephone;4750;;0.7989473684210526;0.9267399267399268;0.7989473684210526;0.8581119276427361;3795;300;955
661;Model_T;4750;;0.8583157894736843;0.8577740374500316;0.8583157894736843;0.8580448279490687;4077;676;673
565;freight_car;4750;;0.8378947368421052;0.8776185226019846;0.8378947368421052;0.8572967151319333;3980;555;770
800;slot;4750;;0.8732631578947369;0.8378105433245809;0.8732631578947369;0.8551695701474075;4148;803;602
89;sulphur-crested_cockatoo;4750;;0.7621052631578947;0.9694697375468666;0.7621052631578947;0.8533710513908533;3620;114;1130
915;yurt;4750;;0.82;0.8894724823018955;0.82;0.8533245700514843;3895;484;855
83;prairie_chicken;4750;;0.8543157894736843;0.8477125548360142;0.8543157894736843;0.8510013631120898;4058;729;692
247;Saint_Bernard;4750;;0.8395789473684211;0.8620838737570256;0.8395789473684211;0.8506825938566553;3988;638;762
93;hornbill;4750;;0.8052631578947368;0.9002118145445988;0.8052631578947368;0.8500944549394378;3825;424;925
995;earthstar;4750;;0.9482105263157895;0.7691256830601093;0.9482105263157895;0.8493305676032435;4504;1352;246
768;rugby_ball;4750;;0.7707368421052632;0.9455061983471075;0.7707368421052632;0.8492229181164463;3661;211;1089
94;hummingbird;4750;;0.7833684210526316;0.9249316430524485;0.7833684210526316;0.8482845092898668;3721;302;1029
144;pelican;4750;;0.8237894736842105;0.8732425797812988;0.8237894736842105;0.8477954717798721;3913;568;837
365;orangutan;4750;;0.8098947368421052;0.8874279123414072;0.8098947368421052;0.8468904788112271;3847;488;903
300;tiger_beetle;4750;;0.8566315789473684;0.8341533415334154;0.8566315789473684;0.8452430411300375;4069;809;681
131;little_blue_heron;4750;;0.7974736842105263;0.8982689115484942;0.7974736842105263;0.8448756551801049;3788;429;962
25;European_fire_salamander;4750;;0.7585263157894737;0.950910530482977;0.7585263157894737;0.8438927274856541;3603;186;1147
137;American_coot;4750;;0.7530526315789474;0.9579539367970006;0.7530526315789474;0.8432343234323434;3577;157;1173
325;sulphur_butterfly;4750;;0.8665263157894737;0.8197570205138419;0.8665263157894737;0.842493091802272;4116;905;634
937;broccoli;4750;;0.7711578947368422;0.9280466176843172;0.7711578947368422;0.8423594342876854;3663;284;1087
216;clumber;4750;;0.8256842105263158;0.8597106532222709;0.8256842105263158;0.8423539518900344;3922;640;828
317;leafhopper;4750;;0.7614736842105263;0.941191777257351;0.7614736842105263;0.8418480158268358;3617;226;1133
244;Tibetan_mastiff;4750;;0.848;0.8349917081260365;0.848;0.8414455817839984;4028;796;722
355;llama;4750;;0.8488421052631578;0.8320264135369376;0.8488421052631578;0.8403501458941224;4032;814;718
874;trolleybus;4750;;0.8717894736842106;0.8091051191871825;0.8717894736842106;0.8392784758816376;4141;977;609
726;plane;4750;;0.7926315789473685;0.8900709219858156;0.7926315789473685;0.8385300668151447;3765;465;985
953;pineapple;4750;;0.7593684210526316;0.9359107420861442;0.7593684210526316;0.8384472338447234;3607;247;1143
326;lycaenid;4750;;0.7602105263157894;0.9328338930508913;0.7602105263157894;0.8377218420136875;3611;260;1139
85;quail;4750;;0.7612631578947369;0.9290853031860226;0.7612631578947369;0.8368433233047905;3616;276;1134
316;cicada;4750;;0.7804210526315789;0.9015077821011673;0.7804210526315789;0.8366057323403294;3707;405;1043
140;red-backed_sandpiper;4750;;0.7608421052631579;0.9283329052144875;0.7608421052631579;0.8362836977901191;3614;279;1136
23;vulture;4750;;0.8046315789473685;0.8676503972758229;0.8046315789473685;0.8349535772801747;3822;583;928
746;puck;4750;;0.8427368421052631;0.8265537889737766;0.8427368421052631;0.8345668716772646;4003;840;747
350;ibex;4750;;0.8743157894736842;0.7942245171160833;0.8743157894736842;0.8323479306543741;4153;1076;597
873;triumphal_arch;4750;;0.7854736842105263;0.8826590962857819;0.7854736842105263;0.8312353793026624;3731;496;1019
606;iron;4750;;0.832;0.829032934759807;0.832;0.8305138173794262;3952;815;798
933;cheeseburger;4750;;0.7717894736842106;0.8980891719745223;0.7717894736842106;0.830163043478261;3666;416;1084
802;snowmobile;4750;;0.836421052631579;0.8200206398348813;0.836421052631579;0.8281396560708701;3973;872;777
276;hyena;4750;;0.8223157894736842;0.8314176245210728;0.8223157894736842;0.8268416596104995;3906;792;844
991;coral_fungus;4750;;0.7597894736842106;0.9024756189047262;0.7597894736842106;0.8250085724082753;3609;390;1141
294;brown_bear;4750;;0.8717894736842106;0.7827977315689981;0.8717894736842106;0.8249003984063745;4141;1149;609
948;Granny_Smith;4750;;0.7884210526315789;0.8648960739030023;0.7884210526315789;0.8248898678414096;3745;585;1005
755;radio_telescope;4750;;0.8256842105263158;0.8239495798319327;0.8256842105263158;0.8248159831756047;3922;838;828
251;dalmatian;4750;;0.7936842105263158;0.8574027746190584;0.7936842105263158;0.824313982726577;3770;627;980
554;fireboat;4750;;0.840421052631579;0.8079336166767861;0.840421052631579;0.8238571870807966;3992;949;758
496;Christmas_stocking;4750;;0.8166315789473684;0.8297326203208556;0.8166315789473684;0.823129973474801;3879;796;871
253;basenji;4750;;0.8282105263157895;0.8180494905385735;0.8282105263157895;0.8230986504864525;3934;875;816
832;stupa;4750;;0.7427368421052631;0.9218709171674941;0.7427368421052631;0.8226652675760755;3528;299;1222
293;cheetah;4750;;0.8581052631578947;0.7893106119287374;0.8581052631578947;0.8222715352027437;4076;1088;674
688;oscilloscope;4750;;0.8743157894736842;0.7733705772811919;0.8743157894736842;0.8207509881422925;4153;1217;597
694;paddlewheel;4750;;0.860421052631579;0.7835506134969326;0.860421052631579;0.8201886413806944;4087;1129;663
535;disk_brake;4750;;0.728;0.9386536373507057;0.728;0.820014228124259;3458;226;1292
547;electric_locomotive;4750;;0.7867368421052632;0.8559322033898306;0.7867368421052632;0.8198771390960948;3737;629;1013
274;dhole;4750;;0.844;0.7970178926441351;0.844;0.8198364008179958;4009;1021;741
863;totem_pole;4750;;0.7155789473684211;0.9553119730185498;0.7155789473684211;0.8182474723158402;3399;159;1351
1;goldfish;4750;;0.7618947368421053;0.8822525597269625;0.7618947368421053;0.8176683235427022;3619;483;1131
957;pomegranate;4750;;0.744421052631579;0.9066666666666666;0.744421052631579;0.8175722543352602;3536;364;1214
816;spindle;4750;;0.7185263157894737;0.9470033296337403;0.7185263157894737;0.8170936078525257;3413;191;1337
292;tiger;4750;;0.8953684210526316;0.7500881834215167;0.8953684210526316;0.8163147792706335;4253;1417;497
261;keeshond;4750;;0.8157894736842105;0.8166491043203372;0.8157894736842105;0.8162190626645602;3875;870;875
375;colobus;4750;;0.7829473684210526;0.8523951409580564;0.7829473684210526;0.8161966421595522;3719;644;1031
783;screw;4750;;0.8341052631578947;0.7983074753173484;0.8341052631578947;0.8158138577164624;3962;1001;788
225;malinois;4750;;0.7705263157894737;0.8658623136976579;0.7705263157894737;0.8154171772307007;3660;567;1090
105;koala;4750;;0.7174736842105263;0.9414364640883978;0.7174736842105263;0.8143369175627241;3408;212;1342
98;red-breasted_merganser;4750;;0.887578947368421;0.7520513735283625;0.887578947368421;0.8142139822325222;4216;1390;534
420;banjo;4750;;0.8202105263157895;0.8054579284680587;0.8202105263157895;0.8127672890372379;3896;941;854
486;cello;4750;;0.7993684210526316;0.8243595310464611;0.7993684210526316;0.8116716545532279;3797;809;953
426;barometer;4750;;0.7804210526315789;0.8451892384860921;0.7804210526315789;0.8115148861646234;3707;679;1043
147;grey_whale;4750;;0.7943157894736842;0.8294130578149044;0.7943157894736842;0.8114851059253684;3773;776;977
20;water_ouzel;4750;;0.7583157894736842;0.8702585165498913;0.7583157894736842;0.8104398695016313;3602;537;1148
672;mountain_tent;4750;;0.8326315789473684;0.789263620035921;0.8326315789473684;0.8103677901854318;3955;1056;795
260;chow;4750;;0.8033684210526316;0.8174807197943444;0.8033684210526316;0.8103631344234444;3816;852;934
148;killer_whale;4750;;0.8981052631578947;0.7378069872016604;0.8981052631578947;0.810102544625902;4266;1516;484
344;hippopotamus;4750;;0.7471578947368421;0.8845962113659023;0.7471578947368421;0.8100890207715133;3549;463;1201
178;Weimaraner;4750;;0.8073684210526316;0.8126721763085399;0.8073684210526316;0.8100116168550006;3835;884;915
594;harp;4750;;0.8517894736842105;0.7718428080885158;0.8517894736842105;0.8098478783026423;4046;1196;704
571;gas_pump;4750;;0.7389473684210527;0.8944954128440367;0.7389473684210527;0.8093151948351396;3510;414;1240
952;fig;4750;;0.7837894736842105;0.8362533692722371;0.7837894736842105;0.8091719191480113;3723;729;1027
389;barracouta;4750;;0.860421052631579;0.7636397608370703;0.860421052631579;0.809146703623045;4087;1265;663
289;snow_leopard;4750;;0.7747368421052632;0.8463661453541859;0.7747368421052632;0.8089690041767422;3680;668;1070
736;pool_table;4750;;0.7898947368421053;0.828073273008166;0.7898947368421053;0.8085335631936215;3752;779;998
471;cannon;4750;;0.8317894736842105;0.784551231135822;0.8317894736842105;0.807480073574494;3951;1085;799
57;garter_snake;4750;;0.7336842105263158;0.8975019314962658;0.7336842105263158;0.8073670798100313;3485;398;1265
160;Afghan_hound;4750;;0.8126315789473684;0.7981803143093466;0.8126315789473684;0.8053411224702692;3860;976;890
988;acorn;4750;;0.8191578947368421;0.7918192918192918;0.8191578947368421;0.8052566225165563;3891;1023;859
621;lawn_mower;4750;;0.8168421052631579;0.7936183268562078;0.8168421052631579;0.8050627658470795;3880;1009;870
95;jacamar;4750;;0.9105263157894737;0.7209534922487081;0.9105263157894737;0.8047260210252116;4325;1674;425
322;ringlet;4750;;0.8637894736842106;0.7524298551256189;0.8637894736842106;0.8042732529648142;4103;1350;647
687;organ;4750;;0.7797894736842105;0.8301210219632452;0.7797894736842105;0.8041684759009987;3704;758;1046
512;corkscrew;4750;;0.7991578947368421;0.8085197018104366;0.7991578947368421;0.8038115404976177;3796;899;954
537;dogsled;4750;;0.8570526315789474;0.7564102564102564;0.8570526315789474;0.8035925779707856;4071;1311;679
307;weevil;4750;;0.6995789473684211;0.9432302015327846;0.6995789473684211;0.8033361537531729;3323;200;1427
354;Arabian_camel;4750;;0.899578947368421;0.7254668930390492;0.899578947368421;0.8031954887218044;4273;1617;477
48;Komodo_dragon;4750;;0.7353684210526316;0.8840799797519615;0.7353684210526316;0.8028962188254224;3493;458;1257
156;Blenheim_spaniel;4750;;0.8326315789473684;0.7729138166894665;0.8326315789473684;0.801662106009932;3955;1162;795
299;meerkat;4750;;0.7966315789473685;0.8049351201871943;0.7966315789473685;0.800761824145593;3784;917;966
994;stinkhorn;4750;;0.7736842105263158;0.8288227334235453;0.7736842105263158;0.8003048780487805;3675;759;1075
719;piggy_bank;4750;;0.755578947368421;0.849065531109534;0.755578947368421;0.799598975158739;3589;638;1161
362;badger;4750;;0.8686315789473684;0.7400896860986547;0.8686315789473684;0.799225181598063;4126;1449;624
425;barn;4750;;0.7568421052631579;0.8442930953499296;0.7568421052631579;0.7981793960923623;3595;663;1155
308;fly;4750;;0.7526315789473684;0.8477590704292151;0.7526315789473684;0.7973681275789004;3575;642;1175
320;damselfly;4750;;0.8092631578947368;0.7836901121304791;0.8092631578947368;0.7962713619886069;3844;1061;906
407;ambulance;4750;;0.8174736842105264;0.776134319408355;0.8174736842105264;0.7962678150312724;3883;1120;867
132;American_egret;4750;;0.8789473684210526;0.7276054374346462;0.8789473684210526;0.7961479786422577;4175;1563;575
805;soccer_ball;4750;;0.8587368421052631;0.740156051533297;0.8587368421052631;0.7950492154760743;4079;1432;671
51;triceratops;4750;;0.8096842105263158;0.7790155965161029;0.8096842105263158;0.7940538866522143;3846;1091;904
366;gorilla;4750;;0.7427368421052631;0.8517624336069531;0.7427368421052631;0.7935222672064777;3528;614;1222
829;streetcar;4750;;0.8008421052631579;0.7854635556473261;0.8008421052631579;0.7930782862503909;3804;1039;946
934;hotdog;4750;;0.7498947368421053;0.8408876298394712;0.7498947368421053;0.7927887825506343;3562;674;1188
510;container_ship;4750;;0.772;0.813984461709212;0.772;0.7924365207995678;3667;838;1083
555;fire_engine;4750;;0.7787368421052632;0.8062336530078466;0.7787368421052632;0.7922467337759691;3699;889;1051
642;marimba;4750;;0.7976842105263158;0.7864259028642591;0.7976842105263158;0.7920150501672241;3789;1029;961
286;cougar;4750;;0.784;0.7996564311788705;0.784;0.7917508238545764;3724;933;1026
561;forklift;4750;;0.7353684210526316;0.8569676153091266;0.7353684210526316;0.7915250396555631;3493;583;1257
195;Boston_bull;4750;;0.7762105263157895;0.8071366024518388;0.7762105263157895;0.7913715389568576;3687;881;1063
886;vending_machine;4750;;0.8431578947368421;0.7453936348408711;0.8431578947368421;0.791267410846587;4005;1368;745
956;custard_apple;4750;;0.844421052631579;0.7442939320838745;0.844421052631579;0.7912022881941019;4011;1378;739
296;ice_bear;4750;;0.76;0.8232611174458381;0.76;0.7903667214012041;3610;775;1140
573;go-kart;4750;;0.8547368421052631;0.7340444765865124;0.8547368421052631;0.789806439062348;4060;1471;690
959;carbonara;4750;;0.6823157894736842;0.9318573893041978;0.6823157894736842;0.7877977637335927;3241;237;1509
786;sewing_machine;4750;;0.7218947368421053;0.8600451467268623;0.7218947368421053;0.7849376216092481;3429;558;1321
540;drilling_platform;4750;;0.8442105263157895;0.7330895795246801;0.8442105263157895;0.7847358121330724;4010;1460;740
306;rhinoceros_beetle;4750;;0.6726315789473685;0.9408127208480566;0.6726315789473685;0.784434078075129;3195;201;1555
612;jinrikisha;4750;;0.892;0.6996367239101717;0.892;0.7841939663150101;4237;1819;513
888;viaduct;4750;;0.7170526315789474;0.8638092822723814;0.7170526315789474;0.7836190037961578;3406;537;1344
364;three-toed_sloth;4750;;0.8311578947368421;0.7405740011254924;0.8311578947368421;0.783255629401845;3948;1383;802
21;kite;4750;;0.8397894736842105;0.7331372909391656;0.8397894736842105;0.7828476106368365;3989;1452;761
545;electric_fan;4750;;0.8189473684210526;0.746641074856046;0.8189473684210526;0.781124497991968;3890;1320;860
918;crossword_puzzle;4750;;0.7397894736842106;0.8270181219110379;0.7397894736842106;0.7809756639626625;3514;735;1236
820;steam_locomotive;4750;;0.8204210526315789;0.7451242829827915;0.8204210526315789;0.7809619238476954;3897;1333;853
338;guinea_pig;4750;;0.7115789473684211;0.8653353814644137;0.7115789473684211;0.7809611829944548;3380;526;1370
927;trifle;4750;;0.8376842105263158;0.7312993934938431;0.8376842105263158;0.7808850946913944;3979;1462;771
668;mosque;4750;;0.8052631578947368;0.7575757575757576;0.8052631578947368;0.7806919073374834;3825;1224;925
575;golfcart;4750;;0.6953684210526315;0.8869495166487648;0.6953684210526315;0.7795610101486901;3303;421;1447
346;water_buffalo;4750;;0.7353684210526316;0.8289036544850499;0.7353684210526316;0.7793395805443999;3493;721;1257
69;trilobite;4750;;0.7427368421052631;0.8183716075156576;0.7427368421052631;0.77872199536475;3528;783;1222
99;goose;4750;;0.7421052631578947;0.8174860853432282;0.7421052631578947;0.7779739571838447;3525;787;1225
727;planetarium;4750;;0.8475789473684211;0.7179029957203994;0.8475789473684211;0.7773701486773509;4026;1582;724
569;garbage_truck;4750;;0.7797894736842105;0.7748953974895397;0.7797894736842105;0.7773347324239245;3704;1076;1046
379;howler_monkey;4750;;0.7541052631578947;0.8018804566823371;0.7541052631578947;0.7772594119561679;3582;885;1168
801;snorkel;4750;;0.8016842105263158;0.7530156219102234;0.8016842105263158;0.7765881513204854;3808;1249;942
190;Sealyham_terrier;4750;;0.7743157894736842;0.7775898520084567;0.7743157894736842;0.7759493670886075;3678;1052;1072
331;hare;4750;;0.8665263157894737;0.7021494370522006;0.8665263157894737;0.7757255936675462;4116;1746;634
28;spotted_salamander;4750;;0.7277894736842105;0.8302113352545629;0.7277894736842105;0.7756338344177697;3457;707;1293
451;bolo_tie;4750;;0.8181052631578948;0.7359848484848485;0.8181052631578948;0.774875373878365;3886;1394;864
392;rock_beauty;4750;;0.9189473684210526;0.6695812241141279;0.9189473684210526;0.774691631910551;4365;2154;385
332;Angora;4750;;0.8322105263157895;0.7245234604105572;0.8322105263157895;0.7746423672349598;3953;1503;797
615;knee_pad;4750;;0.7734736842105263;0.7742887249736565;0.7734736842105263;0.7738809899947341;3674;1071;1076
391;coho;4750;;0.7061052631578948;0.8558305690227098;0.7061052631578948;0.773791671473065;3354;565;1396
327;starfish;4750;;0.7907368421052632;0.7568003223856539;0.7907368421052632;0.7733964789457428;3756;1207;994
614;kimono;4750;;0.7145263157894737;0.8409316154608524;0.7145263157894737;0.7725927612110176;3394;642;1356
169;borzoi;4750;;0.7833684210526316;0.7618755118755118;0.7833684210526316;0.7724724932530621;3721;1163;1029
566;French_horn;4750;;0.6757894736842105;0.9009261857984844;0.6757894736842105;0.7722843738722482;3210;353;1540
821;steel_arch_bridge;4750;;0.8437894736842105;0.7103863878057426;0.8437894736842105;0.7713625866050808;4008;1634;742
628;liner;4750;;0.7749473684210526;0.7671946644435181;0.7749473684210526;0.7710515291160452;3681;1117;1069
941;acorn_squash;4750;;0.6570526315789473;0.9321983273596177;0.6570526315789473;0.7708076068164978;3121;227;1629
723;pinwheel;4750;;0.796;0.7435594886922321;0.796;0.7688866293848501;3781;1304;969
254;pug;4750;;0.7677894736842106;0.768760539629005;0.7677894736842106;0.7682746998104066;3647;1097;1103
301;ladybug;4750;;0.7612631578947369;0.7748017998714377;0.7612631578947369;0.7679728151215887;3616;1051;1134
71;scorpion;4750;;0.78;0.7556598001223741;0.78;0.7676370040401949;3705;1198;1045
258;Samoyed;4750;;0.8216842105263158;0.7177271055535123;0.8216842105263158;0.7661955241460543;3903;1535;847
81;ptarmigan;4750;;0.6677894736842105;0.8985835694050992;0.6677894736842105;0.7661835748792271;3172;358;1578
640;manhole_cover;4750;;0.6656842105263158;0.9011114277571958;0.6656842105263158;0.7657101343988376;3162;347;1588
29;axolotl;4750;;0.7671578947368421;0.7641014887817152;0.7671578947368421;0.7656266414539343;3644;1125;1106
352;impala;4750;;0.7410526315789474;0.7908335205571781;0.7410526315789474;0.7651342245408108;3520;931;1230
122;American_lobster;4750;;0.8035789473684211;0.7299674890036336;0.8035789473684211;0.7650065136787253;3817;1412;933
936;head_cabbage;4750;;0.759578947368421;0.7694604393260823;0.759578947368421;0.7644877635342727;3608;1081;1142
104;wallaby;4750;;0.7157894736842105;0.819672131147541;0.7157894736842105;0.7642166779051472;3400;748;1350
290;jaguar;4750;;0.692;0.8531014793667272;0.692;0.7641520399860513;3287;566;1463
853;thatch;4750;;0.712421052631579;0.8239590942293645;0.712421052631579;0.7641413571186633;3384;723;1366
946;cardoon;4750;;0.9122105263157895;0.6574116219086633;0.9122105263157895;0.7641301472533286;4333;2258;417
259;Pomeranian;4750;;0.7997894736842105;0.7311393379522709;0.7997894736842105;0.763925196058717;3799;1397;951
932;pretzel;4750;;0.7025263157894737;0.836970152997241;0.7025263157894737;0.7638777612452787;3337;650;1413
732;Polaroid_camera;4750;;0.6762105263157895;0.8775956284153006;0.6762105263157895;0.7638525564803806;3212;448;1538
475;car_mirror;4750;;0.9048421052631579;0.6597083653108212;0.9048421052631579;0.7630714602751887;4298;2217;452
734;police_van;4750;;0.7450526315789474;0.7815812720848057;0.7450526315789474;0.7628799310196164;3539;989;1211
958;hay;4750;;0.664;0.8944980147475894;0.664;0.7622039632672789;3154;372;1596
343;warthog;4750;;0.6926315789473684;0.8470648815653965;0.6926315789473684;0.7621033124855223;3290;594;1460
218;Welsh_springer_spaniel;4750;;0.7288421052631578;0.7984317343173432;0.7288421052631578;0.7620515078142196;3462;874;1288
938;cauliflower;4750;;0.7149473684210527;0.815170427268363;0.7149473684210527;0.7617765814266487;3396;770;1354
174;Norwegian_elkhound;4750;;0.7747368421052632;0.74781548465759;0.7747368421052632;0.7610381553096888;3680;1241;1070
722;ping-pong_ball;4750;;0.748;0.774074074074074;0.748;0.7608137044967881;3553;1037;1197
309;bee;4750;;0.6949473684210526;0.8356962025316456;0.6949473684210526;0.7588505747126437;3301;649;1449
707;pay-phone;4750;;0.6688421052631579;0.8752066115702479;0.6688421052631579;0.7582338902147971;3177;453;1573
944;artichoke;4750;;0.6418947368421053;0.9256223436551305;0.6418947368421053;0.7580805569368474;3049;245;1701
646;maze;4750;;0.876;0.668111753371869;0.876;0.7580615777008562;4161;2067;589
444;bicycle-built-for-two;4750;;0.7724210526315789;0.7424119789558883;0.7724210526315789;0.7571192736277342;3669;1273;1081
336;marmot;4750;;0.7810526315789473;0.734362628661916;0.7810526315789473;0.756988369720465;3710;1342;1040
763;revolver;4750;;0.915578947368421;0.6440100695986969;0.915578947368421;0.756150569416674;4349;2404;401
217;English_springer;4750;;0.6772631578947368;0.8555851063829787;0.6772631578947368;0.7560517038777907;3217;543;1533
448;birdhouse;4750;;0.732421052631579;0.7809203142536476;0.732421052631579;0.7558935361216731;3479;976;1271
914;yawl;4750;;0.6753684210526316;0.8563801388147357;0.6753684210526316;0.7551789077212805;3208;538;1542
113;snail;4750;;0.7736842105263158;0.7364729458917836;0.7736842105263158;0.7546201232032854;3675;1315;1075
563;fountain_pen;4750;;0.6587368421052632;0.8831498729889924;0.6587368421052632;0.7546123236464487;3129;414;1621
766;rotisserie;4750;;0.7408421052631579;0.7686762778505898;0.7408421052631579;0.7545025728987993;3519;1059;1231
630;Loafer;4750;;0.7229473684210527;0.7885189437428244;0.7229473684210527;0.7543108182317408;3434;921;1316
983;scuba_diver;4750;;0.7317894736842105;0.7778026404117252;0.7317894736842105;0.7540948042086993;3476;993;1274
397;puffer;4750;;0.6677894736842105;0.8650122716116717;0.6677894736842105;0.7537127242485446;3172;495;1578
297;sloth_bear;4750;;0.7113684210526315;0.8009006873666745;0.7113684210526315;0.7534842234362804;3379;840;1371
270;white_wolf;4750;;0.7766315789473685;0.7302058590657166;0.7766315789473685;0.752703529891859;3689;1363;1061
372;baboon;4750;;0.756;0.748125;0.756;0.7520418848167538;3591;1209;1159
8;hen;4750;;0.7764210526315789;0.7288537549407115;0.7764210526315789;0.7518858307849133;3688;1372;1062
288;leopard;4750;;0.7814736842105263;0.7237278221875609;0.7814736842105263;0.7514930660998077;3712;1417;1038
404;airliner;4750;;0.9162105263157895;0.6368159203980099;0.9162105263157895;0.7513812154696133;4352;2482;398
70;harvestman;4750;;0.7067368421052631;0.8019589106545628;0.7067368421052631;0.7513428827215757;3357;829;1393
814;speedboat;4750;;0.8301052631578948;0.6827705627705628;0.8301052631578948;0.7492636579572447;3943;1832;807
757;recreational_vehicle;4750;;0.7338947368421053;0.7646413687212108;0.7338947368421053;0.7489526264904931;3486;1073;1264
283;Persian_cat;4750;;0.8134736842105263;0.6934673366834171;0.8134736842105263;0.7486921139314087;3864;1708;886
213;Irish_setter;4750;;0.6842105263157895;0.825501651003302;0.6842105263157895;0.7482445032807644;3250;687;1500
548;entertainment_center;4750;;0.7667368421052632;0.7300060132291041;0.7667368421052632;0.7479207310812199;3642;1347;1108
771;safe;4750;;0.7063157894736842;0.7940828402366864;0.7063157894736842;0.747632311977716;3355;870;1395
701;parachute;4750;;0.8477894736842105;0.6683817427385892;0.8477894736842105;0.7474709976798145;4027;1998;723
491;chain_saw;4750;;0.7408421052631579;0.7533718689788054;0.7408421052631579;0.7470544528181721;3519;1152;1231
330;wood_rabbit;4750;;0.7366315789473684;0.7573593073593073;0.7366315789473684;0.7468516542155816;3499;1121;1251
981;ballplayer;4750;;0.7877894736842105;0.7095183921122488;0.7877894736842105;0.7466081404628891;3742;1532;1008
10;brambling;4750;;0.863578947368421;0.6569506726457399;0.863578947368421;0.7462252137529561;4102;2142;648
916;web_site;4750;;0.764421052631579;0.7263452690538108;0.764421052631579;0.7448969125038467;3631;1368;1119
235;German_shepherd;4750;;0.7658947368421053;0.7245568611830313;0.7658947368421053;0.7446525432402005;3638;1383;1112
603;horse_cart;4750;;0.8092631578947368;0.6888888888888889;0.8092631578947368;0.744240077444337;3844;1736;906
401;accordion;4750;;0.7658947368421053;0.7223987291501192;0.7658947368421053;0.7435111383609239;3638;1398;1112
4;hammerhead;4750;;0.7416842105263158;0.7449777965743286;0.7416842105263158;0.7433273552062454;3523;1206;1227
157;papillon;4750;;0.8233684210526315;0.6766435986159169;0.8233684210526315;0.7428300094966762;3911;1869;839
245;French_bulldog;4750;;0.6709473684210526;0.8310299869621903;0.6709473684210526;0.7424577751892836;3187;648;1563
279;Arctic_fox;4750;;0.8446315789473684;0.6618277796106895;0.8446315789473684;0.7421383647798743;4012;2050;738
127;white_stork;4750;;0.5957894736842105;0.9805959805959806;0.5957894736842105;0.7412257726558408;2830;56;1920
360;otter;4750;;0.7357894736842105;0.7456795391508427;0.7357894736842105;0.7407014941188937;3495;1192;1255
641;maraca;4750;;0.8273684210526315;0.669962495738152;0.8273684210526315;0.7403918613413714;3930;1936;820
432;bassoon;4750;;0.775578947368421;0.7080530463194311;0.775578947368421;0.7402793127700191;3684;1519;1066
239;Bernese_mountain_dog;4750;;0.7549473684210526;0.7259109311740891;0.7549473684210526;0.7401444788441692;3586;1354;1164
770;running_shoe;4750;;0.7311578947368421;0.7486527268807933;0.7311578947368421;0.7398018958355522;3473;1166;1277
704;parking_meter;4750;;0.7008421052631579;0.7832941176470588;0.7008421052631579;0.7397777777777776;3329;921;1421
963;pizza;4750;;0.6330526315789474;0.8875442739079102;0.6330526315789474;0.7390022118456624;3007;381;1743
268;Mexican_hairless;4750;;0.8071578947368421;0.6812366737739872;0.8071578947368421;0.7388706879938332;3834;1794;916
670;motor_scooter;4750;;0.7547368421052632;0.7232196893282227;0.7547368421052632;0.7386422169568353;3585;1372;1165
458;brass;4750;;0.6231578947368421;0.9021639743980494;0.6231578947368421;0.7371435686713983;2960;321;1790
367;chimpanzee;4750;;0.8181052631578948;0.6705780845556514;0.8181052631578948;0.737031768610716;3886;1909;864
564;four-poster;4750;;0.7709473684210526;0.7058596761757903;0.7709473684210526;0.7369692090963976;3662;1526;1088
812;space_shuttle;4750;;0.7936842105263158;0.6873290793072014;0.7936842105263158;0.7366878358573523;3770;1715;980
695;padlock;4750;;0.6741052631578948;0.811454637607704;0.6741052631578948;0.7364305427782888;3202;744;1548
949;strawberry;4750;;0.6663157894736842;0.8216510903426791;0.6663157894736842;0.7358753778191118;3165;687;1585
686;oil_filter;4750;;0.6941052631578948;0.7829494181904536;0.6941052631578948;0.7358553732842318;3297;914;1453
954;banana;4750;;0.6277894736842106;0.8882931188561215;0.6277894736842106;0.7356605402738374;2982;375;1768
649;megalith;4750;;0.6762105263157895;0.8054162487462387;0.6762105263157895;0.7351796749828337;3212;776;1538
658;mitten;4750;;0.6488421052631579;0.8478679504814305;0.6488421052631579;0.7351222420989864;3082;553;1668
86;partridge;4750;;0.7976842105263158;0.6811073161962969;0.7976842105263158;0.7348007369339667;3789;1774;961
785;seat_belt;4750;;0.7265263157894737;0.7431093884582257;0.7265263157894737;0.7347242921013413;3451;1193;1299
605;iPod;4750;;0.6349473684210526;0.8701673398730525;0.6349473684210526;0.7341772151898734;3016;450;1734
295;American_black_bear;4750;;0.7532631578947369;0.7156;0.7532631578947369;0.733948717948718;3578;1422;1172
39;common_iguana;4750;;0.6806315789473685;0.7953259532595326;0.6806315789473685;0.7335224049914919;3233;832;1517
335;fox_squirrel;4750;;0.8541052631578947;0.642133586578031;0.8541052631578947;0.7331044452475605;4057;2261;693
214;Gordon_setter;4750;;0.7229473684210527;0.7434509634119939;0.7229473684210527;0.7330558223929982;3434;1185;1316
684;ocarina;4750;;0.7618947368421053;0.705595632676935;0.7618947368421053;0.732665249519182;3619;1510;1131
822;steel_drum;4750;;0.7328421052631579;0.7323795497580475;0.7328421052631579;0.7326107544985794;3481;1272;1269
637;mailbox;4750;;0.6242105263157894;0.8861326957561267;0.6242105263157894;0.7324604743083004;2965;381;1785
229;Old_English_sheepdog;4750;;0.8583157894736843;0.6387278709070969;0.8583157894736843;0.7324171382376717;4077;2306;673
682;obelisk;4750;;0.6781052631578948;0.795701581027668;0.6781052631578948;0.7322118663332575;3221;827;1529
403;aircraft_carrier;4750;;0.6896842105263158;0.7777777777777778;0.6896842105263158;0.731086810979692;3276;936;1474
609;jeep;4750;;0.6818947368421052;0.7869290573372206;0.6818947368421052;0.7306564403338596;3239;877;1511
714;pick;4750;;0.8109473684210526;0.6647109577221743;0.8109473684210526;0.7305832147937412;3852;1943;898
713;photocopier;4750;;0.8046315789473685;0.6687664041994751;0.8046315789473685;0.7304347826086958;3822;1893;928
472;canoe;4750;;0.7711578947368422;0.6933560477001703;0.7711578947368422;0.7301903717731485;3663;1620;1087
150;sea_lion;4750;;0.7650526315789473;0.6977726574500768;0.7650526315789473;0.7298654348262703;3634;1574;1116
287;lynx;4750;;0.7031578947368421;0.7568547473374122;0.7031578947368421;0.7290188802793844;3340;1073;1410
79;centipede;4750;;0.6627368421052632;0.8069725711356063;0.6627368421052632;0.7277771355912612;3148;753;1602
181;Bedlington_terrier;4750;;0.7846315789473685;0.6781295487627366;0.7846315789473685;0.7275034159672068;3727;1769;1023
410;apiary;4750;;0.6989473684210527;0.7581639643754282;0.6989473684210527;0.727352393471355;3320;1059;1430
476;carousel;4750;;0.8938947368421053;0.6128752886836027;0.8938947368421053;0.7271793115259462;4246;2682;504
82;ruffed_grouse;4750;;0.7282105263157894;0.7259181532004197;0.7282105263157894;0.7270625328428796;3459;1306;1291
149;dugong;4750;;0.8124210526315789;0.6578588475963177;0.8124210526315789;0.7270158251695553;3859;2007;891
951;lemon;4750;;0.6402105263157895;0.8393596467016284;0.6402105263157895;0.7263824196823121;3041;582;1709
417;balloon;4750;;0.832;0.644487932159165;0.832;0.7263370703914721;3952;2180;798
110;flatworm;4750;;0.7816842105263158;0.6771840233448841;0.7816842105263158;0.7256913905990422;3713;1770;1037
56;king_snake;4750;;0.5991578947368421;0.9171769255559137;0.5991578947368421;0.7248185406850884;2846;257;1904
368;gibbon;4750;;0.7488421052631579;0.7004726270185112;0.7488421052631579;0.7238502238502238;3557;1521;1193
920;traffic_light;4750;;0.6570526315789473;0.8047962867457452;0.6570526315789473;0.7234585071859063;3121;757;1629
383;Madagascar_cat;4750;;0.62;0.866686286050618;0.62;0.7228767795778105;2945;453;1805
931;bagel;4750;;0.627578947368421;0.8522012578616353;0.627578947368421;0.7228419010669253;2981;517;1769
613;joystick;4750;;0.7696842105263157;0.6800595238095238;0.7696842105263157;0.7221015208374482;3656;1720;1094
53;ringneck_snake;4750;;0.6282105263157894;0.8474865095143426;0.6282105263157894;0.7215572482166606;2984;537;1766
363;armadillo;4750;;0.8338947368421052;0.6351828094932649;0.8338947368421052;0.7210995812852721;3961;2275;789
666;mortar;4750;;0.752421052631579;0.6911622510152775;0.752421052631579;0.720491885898599;3574;1597;1176
215;Brittany_spaniel;4750;;0.7191578947368421;0.721588508660752;0.7191578947368421;0.720371151412906;3416;1318;1334
349;bighorn;4750;;0.863578947368421;0.6173991571342565;0.863578947368421;0.7200280849569949;4102;2542;648
228;komondor;4750;;0.7814736842105263;0.6673858324343761;0.7814736842105263;0.7199379363847943;3712;1850;1038
243;bull_mastiff;4750;;0.6917894736842105;0.7486899065846434;0.6917894736842105;0.7191158770106139;3286;1103;1464
134;crane;4750;;0.5945263157894737;0.9077467052394729;0.5945263157894737;0.7184836534792012;2824;287;1926
370;guenon;4750;;0.6541052631578947;0.7956466069142125;0.6541052631578947;0.7179664933564415;3107;798;1643
780;schooner;4750;;0.8682105263157894;0.610781990521327;0.8682105263157894;0.7170926795339939;4124;2628;626
398;abacus;4750;;0.7090526315789474;0.7247686679578222;0.7090526315789474;0.7168245184633393;3368;1279;1382
416;balance_beam;4750;;0.7970526315789473;0.651186790505676;0.7970526315789473;0.7167739492616434;3786;2028;964
303;long-horned_beetle;4750;;0.7385263157894737;0.696031746031746;0.7385263157894737;0.7166496424923391;3508;1532;1242
75;black_widow;4750;;0.5842105263157895;0.9240759240759241;0.5842105263157895;0.7158519282858249;2775;228;1975
495;china_cabinet;4750;;0.6271578947368421;0.828420467185762;0.6271578947368421;0.7138749101365924;2979;617;1771
592;hard_disc;4750;;0.5875789473684211;0.9064631373822669;0.5875789473684211;0.7129901647720015;2791;288;1959
518;crash_helmet;4750;;0.8412631578947368;0.6183844011142061;0.8412631578947368;0.7128077060292543;3996;2466;754
627;limousine;4750;;0.7412631578947368;0.68635477582846;0.7412631578947368;0.712753036437247;3521;1609;1229
877;turnstile;4750;;0.6406315789473684;0.8031142781736605;0.6406315789473684;0.7127298278486941;3043;746;1707
777;scabbard;4750;;0.7416842105263158;0.6859423676012462;0.7416842105263158;0.712725065749545;3523;1613;1227
781;scoreboard;4750;;0.8077894736842105;0.636318407960199;0.8077894736842105;0.711873840445269;3837;2193;913
604;hourglass;4750;;0.9052631578947369;0.5863902904677485;0.9052631578947369;0.7117437722419929;4300;3033;450
997;bolete;4750;;0.6505263157894737;0.7856598016781083;0.6505263157894737;0.7117355752620063;3090;843;1660
724;pirate;4750;;0.6549473684210526;0.7791134485349361;0.6549473684210526;0.7116550383163674;3111;882;1639
924;guacamole;4750;;0.5703157894736842;0.9458798882681564;0.5703157894736842;0.7115839243498818;2709;155;2041
940;spaghetti_squash;4750;;0.7225263157894737;0.7008372472942618;0.7225263157894737;0.7115165336374003;3432;1465;1318
154;Pekinese;4750;;0.7174736842105263;0.7055900621118012;0.7174736842105263;0.711482254697286;3408;1422;1342
553;file;4750;;0.6429473684210526;0.7963494132985658;0.6429473684210526;0.7114735002912055;3054;781;1696
318;lacewing;4750;;0.7334736842105263;0.6900376312141018;0.7334736842105263;0.7110929686702724;3484;1565;1266
378;capuchin;4750;;0.6844210526315789;0.739872553482021;0.6844210526315789;0.7110673665791777;3251;1143;1499
580;greenhouse;4750;;0.6250526315789474;0.8222099141512047;0.6250526315789474;0.710202128931946;2969;642;1781
568;fur_coat;4750;;0.7178947368421053;0.7017904918707553;0.7178947368421053;0.709751274846498;3410;1449;1340
761;remote_control;4750;;0.6376842105263157;0.8000528262017961;0.6376842105263157;0.7097000937207121;3029;757;1721
27;eft;4750;;0.5941052631578947;0.8807740324594258;0.5941052631578947;0.7095800854915765;2822;382;1928
221;Irish_water_spaniel;4750;;0.7726315789473684;0.6555912826009289;0.7726315789473684;0.7093158098183223;3670;1928;1080
42;agama;4750;;0.616421052631579;0.8330014224751067;0.616421052631579;0.7085299455535391;2928;587;1822
450;bobsled;4750;;0.7987368421052632;0.6365771812080537;0.7987368421052632;0.7084967320261437;3794;2166;956
423;barber_chair;4750;;0.6711578947368421;0.7501176470588236;0.6711578947368421;0.7084444444444444;3188;1062;1562
629;lipstick;4750;;0.6728421052631579;0.746380196170014;0.6728421052631579;0.7077059344552702;3196;1086;1554
511;convertible;4750;;0.6898947368421052;0.7259636685866194;0.6898947368421052;0.7074697754749569;3277;1237;1473
234;Rottweiler;4750;;0.7370526315789474;0.6800699300699301;0.7370526315789474;0.707415639523136;3501;1647;1249
517;crane;4750;;0.7408421052631579;0.6759508259700345;0.7408421052631579;0.7069104057854559;3519;1687;1231
872;tripod;4750;;0.6943157894736842;0.7194589877835951;0.6943157894736842;0.7066638097278766;3298;1286;1452
76;tarantula;4750;;0.5894736842105263;0.8785691873235018;0.5894736842105263;0.7055562555121582;2800;387;1950
897;washer;4750;;0.5934736842105263;0.8695249845774213;0.5934736842105263;0.7054554554554555;2819;423;1931
394;sturgeon;4750;;0.7117894736842105;0.6985537190082645;0.7117894736842105;0.7051094890510948;3381;1459;1369
305;dung_beetle;4750;;0.6193684210526316;0.8176764869371873;0.6193684210526316;0.704839482510781;2942;656;1808
796;ski_mask;4750;;0.7448421052631579;0.6685563114134543;0.7448421052631579;0.7046405098585938;3538;1754;1212
903;wig;4750;;0.6856842105263158;0.7239386530340075;0.6856842105263158;0.7042923559303708;3257;1242;1493
521;Crock_Pot;4750;;0.5781052631578948;0.9000327761389708;0.5781052631578948;0.7040123061146006;2746;305;2004
871;trimaran;4750;;0.7286315789473684;0.6783614268914151;0.7286315789473684;0.7025984571660576;3461;1641;1289
125;hermit_crab;4750;;0.6385263157894737;0.7798920030856261;0.6385263157894737;0.7021646023845353;3033;856;1717
429;baseball;4750;;0.6463157894736842;0.7678839419709855;0.6463157894736842;0.7018747142203933;3070;928;1680
439;bearskin;4750;;0.9189473684210526;0.5675464829020933;0.9189473684210526;0.7017120810224258;4365;3326;385
7;cock;4750;;0.6126315789473684;0.8208744710860366;0.6126315789473684;0.7016274864376131;2910;635;1840
377;marmoset;4750;;0.5962105263157895;0.8522419500451399;0.5962105263157895;0.7015979189892234;2832;491;1918
203;West_Highland_white_terrier;4750;;0.7631578947368421;0.6469748349098697;0.7631578947368421;0.700280112044818;3625;1978;1125
116;chiton;4750;;0.7117894736842105;0.6888753056234719;0.7117894736842105;0.7001449575481467;3381;1527;1369
833;submarine;4750;;0.7425263157894737;0.6592523364485982;0.7425263157894737;0.6984158415841585;3527;1823;1223
121;king_crab;4750;;0.7536842105263157;0.6496098711667574;0.7536842105263157;0.6977877399863561;3580;1931;1170
177;Scottish_deerhound;4750;;0.7966315789473685;0.6197183098591549;0.7966315789473685;0.6971260132645541;3784;2322;966
210;German_short-haired_pointer;4750;;0.7498947368421053;0.6508313539192399;0.7498947368421053;0.6968600215201016;3562;1911;1188
164;bluetick;4750;;0.6513684210526316;0.7491525423728813;0.6513684210526316;0.6968468468468468;3094;1036;1656
45;Gila_monster;4750;;0.604;0.8220630372492836;0.604;0.6963592233009708;2869;621;1881
334;porcupine;4750;;0.7467368421052631;0.6522618609783009;0.7467368421052631;0.6963093835885356;3547;1891;1203
942;butternut_squash;4750;;0.5747368421052632;0.881213686249193;0.5747368421052632;0.6957186544342508;2730;368;2020
236;Doberman;4750;;0.6755789473684211;0.7154960981047938;0.6755789473684211;0.6949648077964267;3209;1276;1541
965;burrito;4750;;0.5713684210526315;0.8863487916394513;0.5713684210526315;0.6948284690220174;2714;348;2036
500;cliff_dwelling;4750;;0.5610526315789474;0.9089358799454298;0.5610526315789474;0.6938297318406664;2665;267;2085
559;folding_chair;4750;;0.5983157894736842;0.8254429276793495;0.5983157894736842;0.6937629683876481;2842;601;1908
262;Brabancon_griffon;4750;;0.7861052631578948;0.6201627636605215;0.7861052631578948;0.6933432364682944;3734;2287;1016
597;holster;4750;;0.6;0.8201438848920863;0.6;0.6930091185410334;2850;625;1900
152;Japanese_spaniel;4750;;0.7646315789473684;0.6334147192186955;0.7646315789473684;0.6928653185806944;3632;2102;1118
532;dining_table;4750;;0.7145263157894737;0.6716801899861469;0.7145263157894737;0.6924410894624095;3394;1659;1356
765;rocking_chair;4750;;0.6496842105263158;0.739515935777618;0.6496842105263158;0.691695618065673;3086;1087;1664
803;snowplow;4750;;0.7997894736842105;0.609204618345093;0.7997894736842105;0.6916075004551246;3799;2437;951
361;skunk;4750;;0.8172631578947368;0.5983353884093712;0.8172631578947368;0.6908702616123865;3882;2606;868
939;zucchini;4750;;0.6267368421052631;0.7686547895688097;0.6267368421052631;0.6904789516409603;2977;896;1773
730;plow;4750;;0.6391578947368421;0.7477832512315271;0.6391578947368421;0.689216799091941;3036;1024;1714
3;tiger_shark;4750;;0.7757894736842105;0.6199528936742934;0.7757894736842105;0.689171498036282;3685;2259;1065
859;toaster;4750;;0.6522105263157895;0.7301437662031581;0.6522105263157895;0.6889803180251307;3098;1145;1652
61;boa_constrictor;4750;;0.5854736842105264;0.8366425992779783;0.5854736842105264;0.6888778796135745;2781;543;1969
795;ski;4750;;0.712421052631579;0.6658795749704841;0.712421052631579;0.6883645240032547;3384;1698;1366
654;minibus;4750;;0.7553684210526316;0.6312456016889515;0.7553684210526316;0.6877515813686027;3588;2096;1162
353;gazelle;4750;;0.6852631578947368;0.6899109792284867;0.6852631578947368;0.6875792141951838;3255;1463;1495
440;beer_bottle;4750;;0.7101052631578947;0.666205806833893;0.7101052631578947;0.6874554162845204;3373;1690;1377
211;vizsla;4750;;0.7014736842105264;0.6738119312436804;0.7014736842105264;0.6873646209386282;3332;1613;1418
263;Pembroke;4750;;0.6496842105263158;0.728689492325856;0.6496842105263158;0.6869226488592097;3086;1149;1664
617;lab_coat;4750;;0.6576842105263158;0.7186565447435013;0.6576842105263158;0.686819830713422;3124;1223;1626
198;standard_schnauzer;4750;;0.784;0.6092931937172775;0.784;0.6856932424967778;3724;2388;1026
191;Airedale;4750;;0.7050526315789474;0.6663350576999602;0.7050526315789474;0.6851472995090016;3349;1677;1401
474;cardigan;4750;;0.6290526315789474;0.7516981132075472;0.6290526315789474;0.6849283667621777;2988;987;1762
33;loggerhead;4750;;0.6589473684210526;0.7126593806921676;0.6589473684210526;0.6847516954714504;3130;1262;1620
882;vacuum;4750;;0.5812631578947368;0.8326296743063932;0.5812631578947368;0.6846020332258865;2761;555;1989
468;cab;4750;;0.6629473684210526;0.7074814648393619;0.6629473684210526;0.6844908162156288;3149;1302;1601
579;grand_piano;4750;;0.6048421052631578;0.7858315098468271;0.6048421052631578;0.6835593623602189;2873;783;1877
252;affenpinscher;4750;;0.744421052631579;0.6313158364577754;0.744421052631579;0.6832190126557821;3536;2065;1214
586;half_track;4750;;0.72;0.6499429874572406;0.72;0.6831801837794647;3420;1842;1330
337;beaver;4750;;0.6913684210526316;0.6739175046172788;0.6913684210526316;0.6825314351033981;3284;1589;1466
507;combination_lock;4750;;0.6774736842105263;0.6876068376068376;0.6774736842105263;0.6825026511134678;3218;1462;1532
194;Dandie_Dinmont;4750;;0.7749473684210526;0.6097399370548285;0.7749473684210526;0.6824881802169278;3681;2356;1069
616;knot;4750;;0.7254736842105263;0.6439917772378995;0.7254736842105263;0.6823086823086824;3446;1905;1304
107;jellyfish;4750;;0.7488421052631579;0.6264529764001409;0.7488421052631579;0.6822017644802455;3557;2121;1193
870;tricycle;4750;;0.7265263157894737;0.6428837555886736;0.7265263157894737;0.6821506226526982;3451;1917;1299
825;stone_wall;4750;;0.5513684210526316;0.894161829976101;0.5513684210526316;0.6821200677171507;2619;310;2131
593;harmonica;4750;;0.6507368421052632;0.7150127226463104;0.6507368421052632;0.6813622836988867;3091;1232;1659
895;warplane;4750;;0.752421052631579;0.6223228277903535;0.752421052631579;0.6812160487944344;3574;2169;1176
171;Italian_greyhound;4750;;0.6658947368421053;0.697156711483359;0.6658947368421053;0.6811672229998924;3163;1374;1587
2;great_white_shark;4750;;0.5591578947368421;0.8702490170380078;0.5591578947368421;0.6808510638297871;2656;396;2094
552;feather_boa;4750;;0.5783157894736842;0.8274096385542169;0.5783157894736842;0.6807930607187114;2747;573;2003
583;guillotine;4750;;0.8084210526315789;0.5878750765462339;0.8084210526315789;0.6807303669562135;3840;2692;910
114;slug;4750;;0.5738947368421052;0.8361963190184049;0.5738947368421052;0.6806491885143571;2726;534;2024
428;barrow;4750;;0.6509473684210526;0.712442396313364;0.6509473684210526;0.6803080308030803;3092;1248;1658
690;oxcart;4750;;0.8052631578947368;0.5889145496535797;0.8052631578947368;0.6803023566029347;3825;2670;925
852;tennis_ball;4750;;0.7545263157894737;0.6186777144829967;0.7545263157894737;0.6798823864175282;3584;2209;1166
699;panpipe;4750;;0.7751578947368422;0.6053929628411706;0.7751578947368422;0.6798375184638109;3682;2400;1068
473;can_opener;4750;;0.6821052631578948;0.6764091858037579;0.6821052631578948;0.6792452830188679;3240;1550;1510
752;racket;4750;;0.5947368421052631;0.791538246007285;0.5947368421052631;0.6791681692511119;2825;744;1925
50;American_alligator;4750;;0.5922105263157895;0.7955316742081447;0.5922105263157895;0.6789765870142409;2813;723;1937
950;orange;4750;;0.5995789473684211;0.7804878048780488;0.5995789473684211;0.6781759733301584;2848;801;1902
720;pill_bottle;4750;;0.7345263157894737;0.6293290043290043;0.7345263157894737;0.677870604235477;3489;2055;1261
889;violin;4750;;0.5896842105263158;0.7961910176236499;0.5896842105263158;0.677552007740687;2801;717;1949
43;frilled_lizard;4750;;0.7061052631578948;0.6508829807878905;0.7061052631578948;0.6773704937897608;3354;1799;1396
319;dragonfly;4750;;0.6524210526315789;0.7039981826442526;0.6524210526315789;0.6772290209790209;3099;1303;1651
47;African_chameleon;4750;;0.8096842105263158;0.5818456883509834;0.8096842105263158;0.6771126760563382;3846;2764;904
117;chambered_nautilus;4750;;0.8423157894736842;0.5655123674911661;0.8423157894736842;0.6767019027484145;4001;3074;749
550;espresso_maker;4750;;0.6423157894736842;0.7143526106298291;0.6423157894736842;0.6764216827402727;3051;1220;1699
901;whiskey_jug;4750;;0.6772631578947368;0.6749895090222409;0.6772631578947368;0.6761244220260613;3217;1549;1533
421;bannister;4750;;0.7309473684210527;0.6286438529784537;0.7309473684210527;0.6759466562834615;3472;2051;1278
943;cucumber;4750;;0.6454736842105263;0.7092297015961138;0.6454736842105263;0.6758514273118041;3066;1257;1684
608;jean;4750;;0.5734736842105264;0.8204819277108434;0.5734736842105264;0.6750929368029741;2724;596;2026
570;gasmask;4750;;0.6728421052631579;0.676975217115018;0.6728421052631579;0.6749023334389188;3196;1525;1554
374;langur;4750;;0.6568421052631579;0.6922564899045929;0.6568421052631579;0.6740844766122934;3120;1387;1630
106;wombat;4750;;0.6157894736842106;0.7440854744339863;0.6157894736842106;0.6738854970625504;2925;1006;1825
758;reel;4750;;0.639578947368421;0.7119756269041481;0.639578947368421;0.6738383054230896;3038;1229;1712
880;unicycle;4750;;0.7290526315789474;0.6261073946845055;0.7290526315789474;0.6736698764711604;3463;2068;1287
840;swab;4750;;0.7021052631578948;0.6468192397207138;0.7021052631578948;0.6733292953765395;3335;1821;1415
199;Scotch_terrier;4750;;0.6467368421052632;0.7013698630136986;0.6467368421052632;0.6729463307776561;3072;1308;1678
753;radiator;4750;;0.6031578947368421;0.7597454256165473;0.6031578947368421;0.6724562844736534;2865;906;1885
457;bow_tie;4750;;0.6151578947368421;0.7410601065178798;0.6151578947368421;0.6722650408374555;2922;1021;1828
182;Border_terrier;4750;;0.6221052631578947;0.7301704966641956;0.6221052631578947;0.6718199386154371;2955;1092;1795
881;upright;4750;;0.7951578947368421;0.5813452362628906;0.7951578947368421;0.6716457722059216;3777;2720;973
128;black_stork;4750;;0.8482105263157895;0.555341144038594;0.8482105263157895;0.6712203248646398;4029;3226;721
223;schipperke;4750;;0.6892631578947368;0.6529716792979657;0.6892631578947368;0.6706267922982384;3274;1740;1476
176;Saluki;4750;;0.6597894736842105;0.6814524896716677;0.6597894736842105;0.6704460370093057;3134;1465;1616
273;dingo;4750;;0.6858947368421052;0.6544797107271997;0.6858947368421052;0.6698190789473684;3258;1720;1492
974;geyser;4750;;0.768;0.5938466547289598;0.768;0.6697879372073808;3648;2495;1102
120;fiddler_crab;4750;;0.6067368421052631;0.7470191809227579;0.6067368421052631;0.6696096654275093;2882;976;1868
183;Kerry_blue_terrier;4750;;0.6482105263157895;0.692376883292107;0.6482105263157895;0.6695661628791998;3079;1368;1671
716;picket_fence;4750;;0.5913684210526315;0.7712795167490389;0.5913684210526315;0.6694470924690181;2809;833;1941
264;Cardigan;4750;;0.6682105263157895;0.670610606380731;0.6682105263157895;0.6694084150585258;3174;1559;1576
738;pot;4750;;0.7928421052631579;0.5789392774788624;0.7928421052631579;0.6692136828076412;3766;2739;984
249;malamute;4750;;0.6073684210526316;0.7424086464230572;0.6073684210526316;0.6681333950903197;2885;1001;1865
596;hatchet;4750;;0.596421052631579;0.7570817744521646;0.596421052631579;0.6672162034856336;2833;909;1917
242;boxer;4750;;0.6092631578947368;0.7358250699211798;0.6092631578947368;0.6665898882874582;2894;1039;1856
589;hand_blower;4750;;0.56;0.8222565687789799;0.56;0.6662492172824046;2660;575;2090
697;pajama;4750;;0.6402105263157895;0.6938170203057267;0.6402105263157895;0.6659367130187234;3041;1342;1709
789;shoji;4750;;0.771578947368421;0.5849960095770151;0.771578947368421;0.6654561960962323;3665;2600;1085
41;whiptail;4750;;0.7821052631578947;0.5788407603614834;0.7821052631578947;0.6652936962750716;3715;2703;1035
602;horizontal_bar;4750;;0.6602105263157895;0.6699423200170904;0.6602105263157895;0.6650408228183651;3136;1545;1614
756;rain_barrel;4750;;0.6143157894736843;0.7246088899925502;0.6143157894736843;0.6649196764270252;2918;1109;1832
384;indri;4750;;0.8475789473684211;0.5463427873524223;0.8475789473684211;0.6644112550540473;4026;3343;724
441;beer_glass;4750;;0.628;0.7045347189418989;0.628;0.6640694568121105;2983;1251;1767
467;butcher_shop;4750;;0.5338947368421053;0.8741813167873147;0.5338947368421053;0.6629198797542806;2536;365;2214
313;walking_stick;4750;;0.5882105263157895;0.7586206896551724;0.5882105263157895;0.6626348867544172;2794;889;1956
715;pickelhaube;4750;;0.5987368421052631;0.7413972888425443;0.5987368421052631;0.6624737945492662;2844;992;1906
109;brain_coral;4750;;0.6698947368421052;0.6551369157916409;0.6698947368421052;0.6624336421359425;3182;1675;1568
173;Ibizan_hound;4750;;0.5993684210526316;0.7402496099843994;0.5993684210526316;0.6624011167985109;2847;999;1903
520;crib;4750;;0.596421052631579;0.7443510246978455;0.596421052631579;0.6622253389434315;2833;973;1917
437;beacon;4750;;0.6661052631578948;0.6573862455848744;0.6661052631578948;0.66171703440343;3164;1649;1586
522;croquet_ball;4750;;0.8185263157894737;0.5545571245186136;0.8185263157894737;0.6611682680044214;3888;3123;862
298;mongoose;4750;;0.5947368421052631;0.7424441524310118;0.5947368421052631;0.6604324956165984;2825;980;1925
857;throne;4750;;0.6865263157894737;0.6344357976653696;0.6865263157894737;0.659453993933266;3261;1879;1489
533;dishrag;4750;;0.5208421052631579;0.8963768115942029;0.5208421052631579;0.6588548601864181;2474;286;2276
112;conch;4750;;0.6002105263157895;0.730089628681178;0.6002105263157895;0.6588099364529174;2851;1054;1899
369;siamang;4750;;0.6541052631578947;0.6631803628601921;0.6541052631578947;0.6586115527291999;3107;1578;1643
546;electric_guitar;4750;;0.6387368421052632;0.6792030445489142;0.6387368421052632;0.6583487034826949;3034;1433;1716
315;mantis;4750;;0.5724210526315789;0.7742027334851936;0.5724210526315789;0.6581941418542725;2719;793;2031
849;teapot;4750;;0.5570526315789474;0.8023044269254094;0.5570526315789474;0.657554671968191;2646;652;2104
329;sea_cucumber;4750;;0.6031578947368421;0.7218442932728647;0.6031578947368421;0.6571854570478265;2865;1104;1885
635;magnetic_compass;4750;;0.7111578947368421;0.6105187059461413;0.7111578947368421;0.6570067101040552;3378;2155;1372
610;jersey;4750;;0.708421052631579;0.6122634643377002;0.708421052631579;0.6568416943197346;3365;2131;1385
373;macaque;4750;;0.6538947368421053;0.6591680814940577;0.6538947368421053;0.6565208201225956;3106;1606;1644
38;banded_gecko;4750;;0.764421052631579;0.5738896791528371;0.764421052631579;0.6555926694953508;3631;2696;1119
382;squirrel_monkey;4750;;0.6985263157894737;0.6171875;0.6985263157894737;0.6553426822042268;3318;2058;1432
791;shopping_cart;4750;;0.5953684210526315;0.7256864254554786;0.5953684210526315;0.654099687752978;2828;1069;1922
115;sea_slug;4750;;0.5717894736842105;0.7601455359641758;0.5717894736842105;0.6526492851135408;2716;857;2034
72;black_and_gold_garden_spider;4750;;0.5917894736842105;0.7271081220900155;0.5917894736842105;0.6525069637883009;2811;1055;1939
63;Indian_cobra;4750;;0.804;0.5487068965517241;0.804;0.6522630230572161;3819;3141;931
759;reflex_camera;4750;;0.6534736842105263;0.6510067114093959;0.6534736842105263;0.6522378650977095;3104;1664;1646
847;tank;4750;;0.732421052631579;0.5878675228117607;0.732421052631579;0.6522309711286088;3479;2439;1271
209;Chesapeake_Bay_retriever;4750;;0.5852631578947368;0.7342842049656629;0.5852631578947368;0.6513589503280225;2780;1006;1970
342;wild_boar;4750;;0.6189473684210526;0.6865950490425035;0.6189473684210526;0.6510186005314437;2940;1342;1810
919;street_sign;4750;;0.7023157894736842;0.6066557555919257;0.7023157894736842;0.6509903405210263;3336;2163;1414
557;flagpole;4750;;0.6101052631578947;0.6973051010587104;0.6101052631578947;0.6507972153604312;2898;1258;1852
696;paintbrush;4750;;0.6025263157894737;0.7071905114899926;0.6025263157894737;0.6506763669432761;2862;1185;1888
776;sax;4750;;0.6202105263157894;0.6840027861620618;0.6202105263157894;0.6505465385889367;2946;1361;1804
455;bottlecap;4750;;0.5698947368421052;0.7569910514541387;0.5698947368421052;0.6502522219553207;2707;869;2043
118;Dungeness_crab;4750;;0.5187368421052632;0.8706713780918728;0.5187368421052632;0.6501319261213719;2464;366;2286
220;Sussex_spaniel;4750;;0.6869473684210526;0.6170574886535553;0.6869473684210526;0.6501295078700936;3263;2025;1487
929;ice_lolly;4750;;0.552;0.7897590361445783;0.552;0.649814126394052;2622;698;2128
256;Newfoundland;4750;;0.6429473684210526;0.6563507414571245;0.6429473684210526;0.6495799213017122;3054;1599;1696
703;park_bench;4750;;0.6894736842105263;0.6136406220723253;0.6894736842105263;0.6493506493506493;3275;2062;1475
443;bib;4750;;0.5797894736842105;0.7377444414679882;0.5797894736842105;0.6492985971943888;2754;979;1996
902;whistle;4750;;0.7829473684210526;0.5541648040530472;0.7829473684210526;0.6489835092923829;3719;2992;1031
544;Dutch_oven;4750;;0.5446315789473685;0.8006809037449706;0.5446315789473685;0.6482896880090214;2587;644;2163
855;thimble;4750;;0.6098947368421053;0.690419447092469;0.6098947368421053;0.6476637603398167;2897;1299;1853
514;cowboy_boot;4750;;0.659157894736842;0.6365114860744053;0.659157894736842;0.6476367773296101;3131;1788;1619
896;washbasin;4750;;0.6225263157894737;0.6731163214204416;0.6225263157894737;0.6468336432243246;2957;1436;1793
395;gar;4750;;0.7023157894736842;0.5962466487935657;0.7023157894736842;0.6449492508458192;3336;2259;1414
78;tick;4750;;0.7730526315789473;0.553012048192771;0.7730526315789473;0.644776119402985;3672;2968;1078
653;milk_can;4750;;0.6343157894736842;0.6552849064810787;0.6343157894736842;0.6446298673513051;3013;1585;1737
891;waffle_iron;4750;;0.6532631578947369;0.6356001638672675;0.6532631578947369;0.6443106312292359;3103;1779;1647
37;box_turtle;4750;;0.5408421052631579;0.796342219466832;0.5408421052631579;0.6441825476429288;2569;657;2181
774;sandal;4750;;0.5970526315789474;0.6992110453648915;0.5970526315789474;0.6441062911651148;2836;1220;1914
427;barrel;4750;;0.6875789473684211;0.6038084673691995;0.6875789473684211;0.6429766709321784;3266;2143;1484
702;parallel_bars;4750;;0.7035789473684211;0.5918186647777581;0.7035789473684211;0.6428777531980379;3342;2305;1408
659;mixing_bowl;4750;;0.6073684210526316;0.681067044381492;0.6073684210526316;0.6421099488092589;2885;1351;1865
310;ant;4750;;0.7370526315789474;0.5687134502923976;0.7370526315789474;0.6420319090408949;3501;2655;1249
760;refrigerator;4750;;0.6136842105263158;0.6730547217732625;0.6136842105263158;0.6419997797599384;2915;1416;1835
123;spiny_lobster;4750;;0.5492631578947369;0.7718934911242603;0.5492631578947369;0.6418204182041821;2609;771;2141
971;bubble;4750;;0.6753684210526316;0.6100019015021867;0.6753684210526316;0.6410230792286942;3208;2051;1542
806;sock;4750;;0.580421052631579;0.7155463275369842;0.580421052631579;0.6409392072532838;2757;1096;1993
161;basset;4750;;0.5901052631578947;0.7009252313078269;0.5901052631578947;0.6407589438793004;2803;1196;1947
267;standard_poodle;4750;;0.7433684210526316;0.5624402676011468;0.7433684210526316;0.6403699673558215;3531;2747;1219
433;bathing_cap;4750;;0.6686315789473685;0.612772525564345;0.6686315789473685;0.6394845464612907;3176;2007;1574
574;golf_ball;4750;;0.7425263157894737;0.5608204802035299;0.7425263157894737;0.6390071564453301;3527;2762;1223
237;miniature_pinscher;4750;;0.6261052631578947;0.6513359614542269;0.6261052631578947;0.6384714469729498;2974;1592;1776
717;pickup;4750;;0.5397894736842105;0.7812309567336989;0.5397894736842105;0.6384462151394422;2564;718;2186
992;agaric;4750;;0.6128421052631579;0.6650673977610235;0.6128421052631579;0.6378875862824587;2911;1466;1839
483;castle;4750;;0.5850526315789474;0.7;0.5850526315789474;0.6373853211009175;2779;1191;1971
773;saltshaker;4750;;0.5113684210526316;0.8457520891364902;0.5113684210526316;0.6373655208606666;2429;443;2321
224;groenendael;4750;;0.6311578947368421;0.6429337336478662;0.6311578947368421;0.6369913948794221;2998;1665;1752
449;boathouse;4750;;0.5997894736842105;0.6776879162702188;0.5997894736842105;0.6363636363636364;2849;1355;1901
219;cocker_spaniel;4750;;0.5793684210526315;0.7047375160051217;0.5793684210526315;0.6359329867128827;2752;1153;1998
172;whippet;4750;;0.6572631578947369;0.6150512214342002;0.6572631578947369;0.6354569509464686;3122;1954;1628
207;golden_retriever;4750;;0.704;0.5786468247101575;0.704;0.6351980245037515;3344;2435;1406
80;black_grouse;4750;;0.8926315789473684;0.49285133093107053;0.8926315789473684;0.6350632816595522;4240;4363;510
280;grey_fox;4750;;0.692;0.5867547304534095;0.692;0.6350463678516228;3287;2315;1463
399;abaya;4750;;0.7410526315789474;0.5547675334909378;0.7410526315789474;0.6345200540784136;3520;2825;1230
595;harvester;4750;;0.5871578947368421;0.690175699084385;0.5871578947368421;0.6345125696735298;2789;1252;1961
551;face_powder;4750;;0.7303157894736843;0.5608730800323363;0.7303157894736843;0.6344764517604023;3469;2716;1281
831;studio_couch;4750;;0.7572631578947369;0.5457441966317707;0.7572631578947369;0.6343355965082444;3597;2994;1153
711;perfume;4750;;0.6229473684210526;0.6456469561422649;0.6229473684210526;0.6340940747883853;2959;1624;1791
212;English_setter;4750;;0.5905263157894737;0.6838127742564603;0.5905263157894737;0.6337550835969272;2805;1297;1945
678;neck_brace;4750;;0.6947368421052632;0.5825242718446602;0.6947368421052632;0.6337013922227556;3300;2365;1450
65;sea_snake;4750;;0.6873684210526316;0.5873358517719014;0.6873684210526316;0.6334271025317684;3265;2294;1485
808;sombrero;4750;;0.6562105263157895;0.6086701816051553;0.6562105263157895;0.6315469557289028;3117;2004;1633
737;pop_bottle;4750;;0.5627368421052632;0.7191283292978208;0.5627368421052632;0.631392464863588;2673;1044;2077
778;scale;4750;;0.5282105263157895;0.7806471686372122;0.5282105263157895;0.6300853842290307;2509;705;2241
667;mortarboard;4750;;0.5353684210526316;0.7620617320946959;0.5353684210526316;0.6289105972548534;2543;794;2207
159;Rhodesian_ridgeback;4750;;0.6503157894736842;0.6087899093417423;0.6503157894736842;0.6288680781758957;3089;1985;1661
390;eel;4750;;0.5747368421052632;0.6935975609756098;0.5747368421052632;0.6285977434952797;2730;1206;2020
858;tile_roof;4750;;0.523578947368421;0.7810929648241206;0.523578947368421;0.6269221073859339;2487;697;2263
487;cellular_telephone;4750;;0.6151578947368421;0.6382699868938401;0.6151578947368421;0.6265008576329332;2922;1656;1828
644;matchstick;4750;;0.6482105263157895;0.6057446389927208;0.6482105263157895;0.6262585172378724;3079;2004;1671
477;carpenter's_kit;4750;;0.6614736842105263;0.5939508506616257;0.6614736842105263;0.6258964143426294;3142;2148;1608
577;gong;4750;;0.7818947368421053;0.5201680672268908;0.7818947368421053;0.6247266610597141;3714;3426;1036
447;binoculars;4750;;0.635578947368421;0.6141171684296176;0.635578947368421;0.6246637699151666;3019;1897;1731
964;potpie;4750;;0.6166315789473684;0.6313860745850399;0.6166315789473684;0.6239216103951433;2929;1710;1821
850;teddy;4750;;0.6844210526315789;0.5727625088090205;0.6844210526315789;0.6236332246307309;3251;2425;1499
419;Band_Aid;4750;;0.6536842105263158;0.5961981566820277;0.6536842105263158;0.6236192006426994;3105;2103;1645
823;stethoscope;4750;;0.5736842105263158;0.6824442774855998;0.5736842105263158;0.6233558275191582;2725;1268;2025
647;measuring_cup;4750;;0.5713684210526315;0.6851805099722292;0.5713684210526315;0.6231201928596029;2714;1247;2036
745;projector;4750;;0.5513684210526316;0.7153783119366294;0.5513684210526316;0.6227559148733801;2619;1042;2131
830;stretcher;4750;;0.6012631578947368;0.6449864498644986;0.6012631578947368;0.6223578121595118;2856;1572;1894
676;muzzle;4750;;0.6330526315789474;0.6115517592027659;0.6330526315789474;0.6221164787421123;3007;1910;1743
484;catamaran;4750;;0.531578947368421;0.7494805580290888;0.531578947368421;0.6219977829781993;2525;844;2225
864;tow_truck;4750;;0.5269473684210526;0.7575665859564165;0.5269473684210526;0.6215545070772287;2503;801;2247
185;Norfolk_terrier;4750;;0.5387368421052632;0.73407917383821;0.5387368421052632;0.621418164157358;2559;927;2191
175;otterhound;4750;;0.6749473684210526;0.5755834829443447;0.6749473684210526;0.6213178294573644;3206;2364;1544
502;clog;4750;;0.5701052631578948;0.6826317116208722;0.5701052631578948;0.6213146724790639;2708;1259;2042
453;bookcase;4750;;0.6296842105263157;0.6130354580856733;0.6296842105263157;0.6212483123896562;2991;1888;1759
490;chain_mail;4750;;0.5869473684210527;0.6587901701323251;0.5869473684210527;0.6207971498552661;2788;1444;1962
792;shovel;4750;;0.6018947368421053;0.6401701746529332;0.6018947368421053;0.6204427083333333;2859;1607;1891
634;lumbermill;4750;;0.6347368421052632;0.6051786431152147;0.6347368421052632;0.6196054254007398;3015;1967;1735
314;cockroach;4750;;0.5412631578947369;0.7236138474528567;0.5412631578947369;0.619294231000843;2571;982;2179
400;academic_gown;4750;;0.7606315789473684;0.5218835764841832;0.7606315789473684;0.6190353807932836;3613;3310;1137
232;Border_collie;4750;;0.6749473684210526;0.5697529767193886;0.6749473684210526;0.6179049821721114;3206;2421;1544
49;African_crocodile;4750;;0.5418947368421053;0.7185929648241206;0.5418947368421053;0.6178588574171868;2574;1008;2176
739;potter's_wheel;4750;;0.8513684210526316;0.48483395276345764;0.8513684210526316;0.6178290428538691;4044;4297;706
626;lighter;4750;;0.5896842105263158;0.6459870848708487;0.5896842105263158;0.6165529385868369;2801;1535;1949
826;stopwatch;4750;;0.5623157894736842;0.6801629742806213;0.5623157894736842;0.615650570473666;2671;1256;2079
793;shower_cap;4750;;0.6261052631578947;0.6053327905556687;0.6261052631578947;0.6155438269688502;2974;1939;1776
481;cassette;4750;;0.5768421052631579;0.6592877767083735;0.5768421052631579;0.6153155176285651;2740;1416;2010
861;toilet_seat;4750;;0.6271578947368421;0.6037697608431293;0.6271578947368421;0.6152416356877323;2979;1955;1771
302;ground_beetle;4750;;0.7334736842105263;0.5298053527980535;0.7334736842105263;0.61522161398552;3484;3092;1266
798;slide_rule;4750;;0.4884210526315789;0.8235711750088747;0.4884210526315789;0.6131888463063301;2320;497;2430
206;curly-coated_retriever;4750;;0.6570526315789473;0.5738187166758595;0.6570526315789473;0.6126214545097654;3121;2318;1629
52;thunder_snake;4750;;0.7109473684210527;0.5375676536134989;0.7109473684210527;0.6122189992748368;3377;2905;1373
158;toy_terrier;4750;;0.6658947368421053;0.566034359341446;0.6658947368421053;0.611917198684465;3163;2425;1587
465;bulletproof_vest;4750;;0.6932631578947368;0.5476467653417595;0.6932631578947368;0.6119111771810832;3293;2720;1457
693;paddle;4750;;0.6052631578947368;0.6181466351322297;0.6052631578947368;0.611637059887246;2875;1776;1875
581;grille;4750;;0.496;0.79702300405954;0.496;0.6114715805865559;2356;600;2394
671;mountain_bike;4750;;0.8677894736842106;0.4719487062056332;0.8677894736842106;0.6113912785523584;4122;4612;628
480;cash_machine;4750;;0.5894736842105263;0.6343452650657;0.5894736842105263;0.6110868616324749;2800;1614;1950
230;Shetland_sheepdog;4750;;0.5530526315789474;0.6803936803936804;0.5530526315789474;0.6101498083846243;2627;1234;2123
506;coil;4750;;0.5981052631578947;0.6226166995397765;0.5981052631578947;0.6101148931600988;2841;1722;1909
357;mink;4750;;0.6658947368421053;0.5567681746171449;0.6658947368421053;0.606461508963666;3163;2518;1587
492;chest;4750;;0.5787368421052631;0.6363425925925926;0.5787368421052631;0.6061742006615215;2749;1571;2001
588;hamper;4750;;0.6178947368421053;0.5948520470206728;0.6178947368421053;0.6061544816191656;2935;1999;1815
979;valley;4750;;0.6654736842105263;0.5546587120547465;0.6654736842105263;0.6050339745430184;3161;2538;1589
205;flat-coated_retriever;4750;;0.5534736842105263;0.6662442980233148;0.5534736842105263;0.6046458141674333;2629;1317;2121
572;goblet;4750;;0.5755789473684211;0.6367023754075454;0.5755789473684211;0.6045997346306944;2734;1560;2016
452;bonnet;4750;;0.6347368421052632;0.5771439509954058;0.6347368421052632;0.6045718869059554;3015;2209;1735
431;bassinet;4750;;0.5785263157894737;0.6325966850828729;0.5785263157894737;0.6043545194633825;2748;1596;2002
269;timber_wolf;4750;;0.6214736842105263;0.5867620751341681;0.6214736842105263;0.6036192618341683;2952;2079;1798
788;shoe_shop;4750;;0.5555789473684211;0.6587618572141787;0.5555789473684211;0.6027866605756054;2639;1367;2111
405;airship;4750;;0.6503157894736842;0.561330183536253;0.6503157894736842;0.6025553496537599;3089;2414;1661
587;hammer;4750;;0.508421052631579;0.7392102846648301;0.508421052631579;0.6024697517774729;2415;852;2335
408;amphibian;4750;;0.6578947368421053;0.5551607745603127;0.6578947368421053;0.6021774737450621;3125;2504;1625
165;black-and-tan_coonhound;4750;;0.5610526315789474;0.6496830814236958;0.5610526315789474;0.6021238138273836;2665;1437;2085
913;wreck;4750;;0.6574736842105263;0.555298719772404;0.6574736842105263;0.6020821283979179;3123;2501;1627
103;platypus;4750;;0.6330526315789474;0.5737454684220569;0.6330526315789474;0.6019417475728155;3007;2234;1743
529;diaper;4750;;0.62;0.5845573640333466;0.62;0.601757253780139;2945;2093;1805
153;Maltese_dog;4750;;0.643578947368421;0.5649602661245611;0.643578947368421;0.601712429878949;3057;2354;1693
721;pillow;4750;;0.49305263157894735;0.7706482395524844;0.49305263157894735;0.6013608935678522;2342;697;2408
272;coyote;4750;;0.5814736842105264;0.6222122099571976;0.5814736842105264;0.6011535531613887;2762;1677;1988
197;giant_schnauzer;4750;;0.5233684210526316;0.7056485949474879;0.5233684210526316;0.6009911761150731;2486;1037;2264
418;ballpoint;4750;;0.5968421052631578;0.6038338658146964;0.5968421052631578;0.6003176283748014;2835;1860;1915
311;grasshopper;4750;;0.5581052631578948;0.647532975085491;0.5581052631578948;0.599502487562189;2651;1443;2099
411;apron;4750;;0.5058947368421053;0.7335164835164835;0.5058947368421053;0.5988038873660603;2403;873;2347
827;stove;4750;;0.5877894736842105;0.609740117929679;0.5877894736842105;0.598563618823025;2792;1787;1958
101;tusker;4750;;0.6894736842105263;0.5288228645244631;0.6894736842105263;0.5985561546193914;3275;2918;1475
674;mousetrap;4750;;0.7692631578947369;0.48941869809804445;0.7692631578947369;0.5982318271119843;3654;3812;1096
996;hen-of-the-woods;4750;;0.767578947368421;0.48893656966608556;0.767578947368421;0.5973621692471534;3646;3811;1104
192;cairn;4750;;0.527578947368421;0.6880834706205382;0.527578947368421;0.5972354623450906;2506;1136;2244
875;trombone;4750;;0.6153684210526316;0.5796153083482054;0.6153684210526316;0.5969570101092616;2923;2120;1827
775;sarong;4750;;0.5873684210526315;0.6065217391304348;0.5873684210526315;0.5967914438502673;2790;1810;1960
462;broom;4750;;0.5993684210526316;0.5936196830692243;0.5993684210526316;0.5964802011313639;2847;1949;1903
227;kelpie;4750;;0.6052631578947368;0.586614976535401;0.6052631578947368;0.5957931820536733;2875;2026;1875
530;digital_clock;4750;;0.5909473684210527;0.6006847849347314;0.5909473684210527;0.5957762920513637;2807;1866;1943
930;French_loaf;4750;;0.6343157894736842;0.5604538690476191;0.6343157894736842;0.5951017183488051;3013;2363;1737
866;tractor;4750;;0.6696842105263158;0.5350714886459209;0.6696842105263158;0.5948574100046752;3181;2764;1569
246;Great_Dane;4750;;0.5707368421052632;0.6199405442487994;0.5707368421052632;0.594322043187548;2711;1662;2039
40;American_chameleon;4750;;0.6092631578947368;0.5785685725709716;0.6092631578947368;0.5935192780968006;2894;2108;1856
202;soft-coated_wheaten_terrier;4750;;0.5538947368421052;0.6373546511627907;0.5538947368421052;0.5927010587970264;2631;1497;2119
543;dumbbell;4750;;0.6098947368421053;0.5760588586200039;0.6098947368421053;0.5924941200531751;2897;2132;1853
196;miniature_schnauzer;4750;;0.47642105263157897;0.776595744680851;0.47642105263157897;0.590553235908142;2263;651;2487
835;sundial;4750;;0.5471578947368421;0.6412533925487294;0.5471578947368421;0.5904805180052254;2599;1454;2151
304;leaf_beetle;4750;;0.48736842105263156;0.7487063389391979;0.48736842105263156;0.5904106095383831;2315;777;2435
845;syringe;4750;;0.528;0.6689783942384636;0.528;0.5901870808330392;2508;1241;2242
982;groom;4750;;0.44442105263157894;0.8781198003327787;0.44442105263157894;0.5901593514117975;2111;293;2639
652;military_uniform;4750;;0.5336842105263158;0.6586126266562744;0.5336842105263158;0.589603442260728;2535;1314;2215
525;dam;4750;;0.6743157894736842;0.5237939493049877;0.6743157894736842;0.589599631845375;3203;2912;1547
188;wire-haired_fox_terrier;4750;;0.76;0.481461723126167;0.76;0.5894839973873285;3610;3888;1140
740;power_drill;4750;;0.4747368421052632;0.7765151515151515;0.4747368421052632;0.5892343872484975;2255;649;2495
636;mailbag;4750;;0.6604210526315789;0.530167314517492;0.6604210526315789;0.5881691197150088;3137;2780;1613
679;necklace;4750;;0.5701052631578948;0.6067667488236612;0.5701052631578948;0.587864973407142;2708;1755;2042
328;sea_urchin;4750;;0.64;0.5435365635615949;0.64;0.5878371845692739;3040;2553;1710
179;Staffordshire_bullterrier;4750;;0.5661052631578948;0.6111363636363636;0.5661052631578948;0.5877595628415301;2689;1711;2061
162;beagle;4750;;0.6477894736842106;0.5377490387976233;0.6477894736842106;0.5876623376623377;3077;2645;1673
538;dome;4750;;0.5349473684210526;0.6498721227621483;0.5349473684210526;0.5868360277136259;2541;1369;2209
513;cornet;4750;;0.5810526315789474;0.592528982395878;0.5810526315789474;0.586734693877551;2760;1898;1990
962;meat_loaf;4750;;0.5054736842105263;0.6983711460151251;0.5054736842105263;0.5864680019540791;2401;1037;2349
155;Shih-Tzu;4750;;0.6136842105263158;0.5612244897959183;0.6136842105263158;0.5862831858407079;2915;2279;1835
64;green_mamba;4750;;0.6688421052631579;0.5212469237079573;0.6688421052631579;0.5858921161825726;3177;2918;1573
277;red_fox;4750;;0.6170526315789474;0.557648401826484;0.6170526315789474;0.5858484909054567;2931;2325;1819
168;redbone;4750;;0.6421052631578947;0.5374449339207048;0.6421052631578947;0.5851318944844124;3050;2625;1700
807;solar_dish;4750;;0.7574736842105263;0.4760518655729029;0.7574736842105263;0.5846603834904127;3598;3960;1152
790;shopping_basket;4750;;0.552;0.6204448651206815;0.552;0.5842245989304813;2622;1604;2128
271;red_wolf;4750;;0.547578947368421;0.6250901225666907;0.547578947368421;0.5837728649983166;2601;1560;2149
402;acoustic_guitar;4750;;0.4945263157894737;0.7088111044055522;0.4945263157894737;0.5825892857142858;2349;965;2401
735;poncho;4750;;0.6025263157894737;0.5631641086186541;0.6025263157894737;0.582180634662327;2862;2220;1888
459;brassiere;4750;;0.6372631578947369;0.534522337983401;0.6372631578947369;0.5813886488043791;3027;2636;1723
842;swimming_trunks;4750;;0.5791578947368421;0.5811153358681875;0.5791578947368421;0.5801349641501476;2751;1983;1999
998;ear;4750;;0.6633684210526316;0.5152902698282911;0.6633684210526316;0.5800276115968707;3151;2964;1599
31;tree_frog;4750;;0.44463157894736843;0.8318235525797558;0.44463157894736843;0.5795033612292496;2112;427;2638
578;gown;4750;;0.48694736842105263;0.7123498614105328;0.48694736842105263;0.5784669250969114;2313;934;2437
922;menu;4750;;0.4322105263157895;0.872874149659864;0.4322105263157895;0.5781470008448324;2053;299;2697
241;EntleBucher;4750;;0.7277894736842105;0.47940646234918877;0.7277894736842105;0.5780453139369619;3457;3754;1293
843;swing;4750;;0.7770526315789473;0.4600523494952013;0.7770526315789473;0.5779378376262428;3691;4332;1059
631;lotion;4750;;0.6088421052631579;0.5482464454976304;0.6088421052631579;0.5769576059850374;2892;2383;1858
436;beach_wagon;4750;;0.5698947368421052;0.583530933390817;0.5698947368421052;0.5766322292043881;2707;1932;2043
226;briard;4750;;0.515578947368421;0.6528925619834711;0.515578947368421;0.5761675097047406;2449;1302;2301
797;sleeping_bag;4750;;0.512;0.6587215601300108;0.512;0.5761667851220091;2432;1260;2318
186;Norwich_terrier;4750;;0.636;0.5261233019853709;0.636;0.5758673274876096;3021;2721;1729
844;switch;4750;;0.5743157894736842;0.5767441860465117;0.5743157894736842;0.5755274261603376;2728;2002;2022
341;hog;4750;;0.5831578947368421;0.5659991826726604;0.5831578947368421;0.5744504355039401;2770;2124;1980
348;ram;4750;;0.4263157894736842;0.8796698523023457;0.4263157894736842;0.5743051616562678;2025;277;2725
385;Indian_elephant;4750;;0.5837894736842105;0.5636178861788618;0.5837894736842105;0.5735263702171666;2773;2147;1977
811;space_heater;4750;;0.5334736842105263;0.6183504148365057;0.5334736842105263;0.5727848101265823;2534;1564;2216
926;hot_pot;4750;;0.7090526315789474;0.4803879617743546;0.7090526315789474;0.5727404132301676;3368;3643;1382
393;anemone_fish;4750;;0.4063157894736842;0.9674185463659147;0.4063157894736842;0.5722757598220903;1930;65;2820
769;rule;4750;;0.6642105263157895;0.5022285896211398;0.6642105263157895;0.571972443799855;3155;3127;1595
887;vestment;4750;;0.5808421052631579;0.5620289264616012;0.5808421052631579;0.5712806708769024;2759;2150;1991
772;safety_pin;4750;;0.5444210526315789;0.5994436717663422;0.5444210526315789;0.5706090026478376;2586;1728;2164
665;moped;4750;;0.4997894736842105;0.6646136618141097;0.4997894736842105;0.570535928863254;2374;1198;2376
208;Labrador_retriever;4750;;0.5688421052631579;0.5720940080457336;0.5688421052631579;0.5704634223582814;2702;2021;2048
531;digital_watch;4750;;0.5109473684210526;0.6444503451938396;0.5109473684210526;0.5699859088774071;2427;1339;2323
503;cocktail_shaker;4750;;0.6126315789473684;0.5323819978046103;0.6126315789473684;0.5696945967110415;2910;2556;1840
862;torch;4750;;0.652;0.5039049788480312;0.652;0.5684654919236417;3097;3049;1653
108;sea_anemone;4750;;0.6056842105263158;0.5343610698365527;0.6056842105263158;0.5677915926583776;2877;2507;1873
515;cowboy_hat;4750;;0.5042105263157894;0.6469475958941113;0.5042105263157894;0.5667297681022243;2395;1307;2355
184;Irish_terrier;4750;;0.5250526315789473;0.6150431565967941;0.5250526315789473;0.566496308915389;2494;1561;2256
204;Lhasa;4750;;0.5132631578947369;0.630462891130075;0.5132631578947369;0.5658581873041663;2438;1429;2312
729;plate_rack;4750;;0.5555789473684211;0.5758236962688196;0.5555789473684211;0.5655201971498982;2639;1944;2111
910;wooden_spoon;4750;;0.46757894736842104;0.7114029468289558;0.46757894736842104;0.5642784552845528;2221;901;2529
966;red_wine;4750;;0.615578947368421;0.5203772913329774;0.615578947368421;0.5639888128074066;2924;2695;1826
494;chime;4750;;0.5471578947368421;0.5806523681858803;0.5471578947368421;0.5634077606763493;2599;1877;2151
867;trailer_truck;4750;;0.8010526315789473;0.4336182336182336;0.8010526315789473;0.5626617375231053;3805;4970;945
345;ox;4750;;0.5326315789473685;0.5945945945945946;0.5326315789473685;0.5619100499722377;2530;1725;2220
187;Yorkshire_terrier;4750;;0.5816842105263158;0.5416584983336601;0.5816842105263158;0.560958278347376;2763;2338;1987
632;loudspeaker;4750;;0.5229473684210526;0.6046738072054528;0.5229473684210526;0.5608489501016031;2484;1624;2266
894;wardrobe;4750;;0.6231578947368421;0.5090283748925194;0.6231578947368421;0.5603407477520115;2960;2855;1790
422;barbell;4750;;0.4791578947368421;0.6725768321513003;0.4791578947368421;0.5596262601426113;2276;1108;2474
935;mashed_potato;4750;;0.4105263157894737;0.8779828905898244;0.4105263157894737;0.559460622579257;1950;271;2800
846;table_lamp;4750;;0.6107368421052631;0.516008537886873;0.6107368421052631;0.5593906671808716;2901;2721;1849
170;Irish_wolfhound;4750;;0.5071578947368421;0.6228024819027922;0.5071578947368421;0.559062427477373;2409;1459;2341
34;leatherback_turtle;4750;;0.5427368421052632;0.5754464285714286;0.5427368421052632;0.5586132177681473;2578;1902;2172
442;bell_cote;4750;;0.6486315789473684;0.4900588515985367;0.6486315789473684;0.5583038869257951;3081;3206;1669
710;pencil_sharpener;4750;;0.45094736842105265;0.7288193263014631;0.45094736842105265;0.557159578618806;2142;797;2608
879;umbrella;4750;;0.5267368421052632;0.5905121548265282;0.5267368421052632;0.5568042728385446;2502;1735;2248
698;palace;4750;;0.6532631578947369;0.48507112709082384;0.6532631578947369;0.5567417242307349;3103;3294;1647
624;library;4750;;0.5985263157894737;0.5201244054152946;0.5985263157894737;0.5565779169929523;2843;2623;1907
854;theater_curtain;4750;;0.7749473684210526;0.4337221633085896;0.7749473684210526;0.5561683160837048;3681;4806;1069
499;cleaver;4750;;0.48147368421052633;0.6573728082782408;0.48147368421052633;0.5558391056021388;2287;1192;2463
967;espresso;4750;;0.4185263157894737;0.826955074875208;0.4185263157894737;0.5557729941291585;1988;416;2762
662;modem;4750;;0.5574736842105263;0.5513220903601915;0.5574736842105263;0.5543808227781848;2648;2155;2102
371;patas;4750;;0.6416842105263157;0.48768;0.6416842105263157;0.5541818181818181;3048;3202;1702
601;hoopskirt;4750;;0.6818947368421052;0.4667146974063401;0.6818947368421052;0.5541488451668093;3239;3701;1511
747;punching_bag;4750;;0.5953684210526315;0.5182334616089427;0.5953684210526315;0.5541295189575782;2828;2629;1922
869;trench_coat;4750;;0.432;0.7705595193390913;0.432;0.5536220153783894;2052;611;2698
231;collie;4750;;0.5393684210526316;0.5685752330226365;0.5393684210526316;0.5535868625756266;2562;1944;2188
59;vine_snake;4750;;0.611578947368421;0.5055690915419422;0.611578947368421;0.5535442073170732;2905;2841;1845
386;African_elephant;4750;;0.4317894736842105;0.7675898203592815;0.4317894736842105;0.5526812180005389;2051;621;2699
660;mobile_home;4750;;0.5381052631578948;0.5668662674650699;0.5381052631578948;0.5521114591208555;2556;1953;2194
498;cinema;4750;;0.4806315789473684;0.6445511010728402;0.4806315789473684;0.5506512301013023;2283;1259;2467
523;crutch;4750;;0.4570526315789474;0.6896442185514613;0.4570526315789474;0.5497594327677894;2171;977;2579
884;vault;4750;;0.7406315789473684;0.43598958978807784;0.7406315789473684;0.5488727669865044;3518;4551;1232
434;bath_towel;4750;;0.47010526315789475;0.6567647058823529;0.47010526315789475;0.5479754601226994;2233;1167;2517
599;honeycomb;4750;;0.5981052631578947;0.5047974413646056;0.5981052631578947;0.5475043360955869;2841;2787;1909
464;buckle;4750;;0.5090526315789474;0.5901879423968758;0.5090526315789474;0.546625974906748;2418;1679;2332
412;ashcan;4750;;0.5431578947368421;0.5480033984706882;0.5431578947368421;0.5455698879255657;2580;2128;2170
54;hognose_snake;4750;;0.45052631578947366;0.6821804271597067;0.45052631578947366;0.5426651451756055;2140;997;2610
189;Lakeland_terrier;4750;;0.5501052631578948;0.5352314625153626;0.5501052631578948;0.5425664451827242;2613;2269;2137
456;bow;4750;;0.7936842105263158;0.41175185670598513;0.7936842105263158;0.5422119948223789;3770;5386;980
180;American_Staffordshire_terrier;4750;;0.4856842105263158;0.613563829787234;0.4856842105263158;0.5421856639247943;2307;1453;2443
541;drum;4750;;0.5741052631578948;0.5132693393562959;0.5741052631578948;0.541985491404154;2727;2586;2023
651;microwave;4750;;0.48105263157894734;0.617233927606699;0.48105263157894734;0.54070042593469;2285;1417;2465
691;oxygen_mask;4750;;0.5503157894736842;0.53130081300813;0.5503157894736842;0.540641158221303;2614;2306;2136
669;mosquito_net;4750;;0.6848421052631579;0.4437926330150068;0.6848421052631579;0.5385761589403973;3253;4077;1497
683;oboe;4750;;0.6669473684210526;0.44993608862377504;0.6669473684210526;0.5373590026291238;3168;3873;1582
534;dishwasher;4750;;0.4261052631578947;0.7270114942528736;0.4261052631578947;0.5372975842845765;2024;760;2726
463;bucket;4750;;0.4831578947368421;0.6045837723919916;0.4831578947368421;0.5370933770184881;2295;1501;2455
815;spider_web;4750;;0.4534736842105263;0.6579108124618204;0.4534736842105263;0.5368893320039879;2154;1120;2596
804;soap_dispenser;4750;;0.4787368421052632;0.6106337271750806;0.4787368421052632;0.5367004956337031;2274;1450;2476
166;Walker_hound;4750;;0.5671578947368421;0.5091665091665092;0.5671578947368421;0.5365999402449956;2694;2597;2056
222;kuvasz;4750;;0.6663157894736842;0.449127288207748;0.6663157894736842;0.5365770958718319;3165;3882;1585
590;hand-held_computer;4750;;0.6454736842105263;0.45836447899536553;0.6454736842105263;0.5360608444794126;3066;3623;1684
30;bullfrog;4750;;0.38421052631578945;0.8854924793789423;0.38421052631578945;0.5358978123623551;1825;236;2925
44;alligator_lizard;4750;;0.4713684210526316;0.6202216066481995;0.4713684210526316;0.5356459330143541;2239;1371;2511
233;Bouvier_des_Flandres;4750;;0.6246315789473684;0.46643609495362365;0.6246315789473684;0.5340653406534066;2967;3394;1783
380;titi;4750;;0.6545263157894737;0.4508410672853828;0.6545263157894737;0.533917224798214;3109;3787;1641
905;window_shade;4750;;0.5797894736842105;0.49443447037701976;0.5797894736842105;0.5337209302325582;2754;2816;1996
62;rock_python;4750;;0.5223157894736842;0.5456344842753463;0.5223157894736842;0.5337205550177476;2481;2066;2269
709;pencil_box;4750;;0.4591578947368421;0.6367883211678832;0.4591578947368421;0.5335779816513762;2181;1244;2569
591;handkerchief;4750;;0.5778947368421052;0.49414941494149417;0.5778947368421052;0.5327510917030568;2745;2810;2005
856;thresher;4750;;0.6132631578947368;0.47021791767554477;0.6132631578947368;0.5322978529008681;2913;3282;1837
151;Chihuahua;4750;;0.6069473684210527;0.4739437777412461;0.6069473684210527;0.5322625311548048;2883;3200;1867
743;prison;4750;;0.6745263157894736;0.4387838948233361;0.6745263157894736;0.5316959840690342;3204;4098;1546
648;medicine_chest;4750;;0.4475789473684211;0.6543551862111419;0.4475789473684211;0.5315664458057257;2126;1123;2624
542;drumstick;4750;;0.47642105263157897;0.5991527667460947;0.47642105263157897;0.5307845666705759;2263;1514;2487
718;pier;4750;;0.5741052631578948;0.4932175800325556;0.5741052631578948;0.5305963615137659;2727;2802;2023
250;Siberian_husky;4750;;0.6181052631578947;0.46463047950625097;0.6181052631578947;0.5304905592194417;2936;3383;1814
124;crayfish;4750;;0.4458947368421053;0.6506912442396313;0.4458947368421053;0.5291692692067458;2118;1137;2632
824;stole;4750;;0.580421052631579;0.48470464135021096;0.580421052631579;0.5282621191799196;2757;2931;1993
58;water_snake;4750;;0.5054736842105263;0.550561797752809;0.5054736842105263;0.5270552079903413;2401;1960;2349
567;frying_pan;4750;;0.4983157894736842;0.5553730642890662;0.4983157894736842;0.5252996005326231;2367;1895;2383
908;wing;4750;;0.3976842105263158;0.7703915171288744;0.3976842105263158;0.524576506525965;1889;563;2861
700;paper_towel;4750;;0.48126315789473684;0.5758186397984887;0.48126315789473684;0.5243119266055046;2286;1684;2464
505;coffeepot;4750;;0.5947368421052631;0.4671738051926575;0.5947368421052631;0.5232935074557747;2825;3222;1925
312;cricket;4750;;0.46;0.6007698652735771;0.46;0.5210444735900799;2185;1452;2565
841;sweatshirt;4750;;0.3951578947368421;0.7639397639397639;0.3951578947368421;0.5208824753711669;1877;580;2873
928;ice_cream;4750;;0.4010526315789474;0.7421114141020647;0.4010526315789474;0.5207052070520705;1905;662;2845
878;typewriter_keyboard;4750;;0.42589473684210527;0.664804469273743;0.42589473684210527;0.5191838829718979;2023;1020;2727
257;Great_Pyrenees;4750;;0.4863157894736842;0.5542226487523992;0.4863157894736842;0.5180533751962324;2310;1858;2440
892;wall_clock;4750;;0.5181052631578947;0.5162576043633312;0.5181052631578947;0.5171797835452349;2461;2306;2289
708;pedestal;4750;;0.5307368421052632;0.5030931949710636;0.5307368421052632;0.5165454359184509;2521;2490;2229
705;passenger_car;4750;;0.4871578947368421;0.5491219743711439;0.4871578947368421;0.5162873717090585;2314;1900;2436
445;bikini;4750;;0.49642105263157893;0.5363967242948134;0.49642105263157893;0.5156352503826809;2358;2038;2392
519;crate;4750;;0.4848421052631579;0.5493797709923665;0.4848421052631579;0.5150972936703199;2303;1889;2447
413;assault_rifle;4750;;0.619578947368421;0.4405688622754491;0.619578947368421;0.5149606299212598;2943;3737;1807
912;worm_fence;4750;;0.7810526315789473;0.38172651507356725;0.7810526315789473;0.5128205128205128;3710;6009;1040
749;quill;4750;;0.6909473684210526;0.407095013644257;0.6909473684210526;0.5123321885732126;3282;4780;1468
656;minivan;4750;;0.42589473684210527;0.6426302414231257;0.42589473684210527;0.5122815902760192;2023;1125;2727
406;altar;4750;;0.5661052631578948;0.4652249134948097;0.5661052631578948;0.5107312440645774;2689;3091;2061
741;prayer_rug;4750;;0.6922105263157895;0.40427886388786427;0.6922105263157895;0.5104401148800745;3288;4845;1462
655;miniskirt;4750;;0.46231578947368424;0.5677352637021716;0.46231578947368424;0.5096310048735204;2196;1672;2554
839;suspension_bridge;4750;;0.38126315789473686;0.7673728813559322;0.38126315789473686;0.509423347398031;1811;549;2939
36;terrapin;4750;;0.611578947368421;0.4350104821802935;0.611578947368421;0.508400420021001;2905;3773;1845
977;sandbar;4750;;0.428;0.6257309941520468;0.428;0.5083135391923991;2033;1216;2717
787;shield;4750;;0.548;0.47396212672978877;0.548;0.50829916032025;2603;2889;2147
972;cliff;4750;;0.5338947368421053;0.4835081029551954;0.5338947368421053;0.5074537268634317;2536;2709;2214
834;suit;4750;;0.4846315789473684;0.5305369900898824;0.4846315789473684;0.5065463747386951;2302;2037;2448
585;hair_spray;4750;;0.48147368421052633;0.5317368053940944;0.48147368421052633;0.5053585239200089;2287;2014;2463
817;sports_car;4750;;0.4570526315789474;0.5650702758979698;0.4570526315789474;0.5053538175046555;2171;1671;2579
200;Tibetan_terrier;4750;;0.41810526315789476;0.6349104859335039;0.41810526315789476;0.5041888804265042;1986;1142;2764
712;Petri_dish;4750;;0.6166315789473684;0.42554118843527533;0.6166315789473684;0.5035674374623914;2929;3954;1821
582;grocery_store;4750;;0.5656842105263158;0.45350210970464133;0.5656842105263158;0.5034192037470726;2687;3238;2063
675;moving_van;4750;;0.5387368421052632;0.47049089906232766;0.5387368421052632;0.5023064088723133;2559;2880;2191
960;chocolate_sauce;4750;;0.45326315789473687;0.5627286983795087;0.45326315789473687;0.5020988805970149;2153;1673;2597
764;rifle;4750;;0.46210526315789474;0.5477913651110556;0.46210526315789474;0.5013132351261849;2195;1812;2555
677;nail;4750;;0.47978947368421054;0.5242696112261329;0.47978947368421054;0.5010443003187864;2279;2068;2471
35;mud_turtle;4750;;0.4557894736842105;0.5531425651507409;0.4557894736842105;0.49976915974145886;2165;1749;2585
67;diamondback;4750;;0.36673684210526314;0.7766384306732055;0.36673684210526314;0.49821249821249824;1742;501;3008
925;consomme;4750;;0.7233684210526315;0.3799203892083149;0.7233684210526315;0.4981876178048427;3436;5608;1314
489;chainlink_fence;4750;;0.4086315789473684;0.6363934426229508;0.4086315789473684;0.49769230769230777;1941;1109;2809
438;beaker;4750;;0.556;0.45029838022165386;0.556;0.4975977390485163;2641;3224;2109
813;spatula;4750;;0.44463157894736843;0.5639519359145527;0.44463157894736843;0.4972336668628606;2112;1633;2638
976;promontory;4750;;0.42547368421052634;0.5963411035703747;0.42547368421052634;0.49662120653642966;2021;1368;2729
742;printer;4750;;0.436;0.5747987787954483;0.436;0.4958697473961452;2071;1532;2679
750;quilt;4750;;0.4503157894736842;0.551430781129157;0.4503157894736842;0.4957700776451501;2139;1740;2611
650;microphone;4750;;0.4747368421052632;0.5136674259681093;0.4747368421052632;0.49343544857768057;2255;2135;2495
751;racer;4750;;0.6989473684210527;0.3811273102973252;0.6989473684210527;0.4932768739321001;3320;5391;1430
479;car_wheel;4750;;0.3970526315789474;0.6487788097695218;0.3970526315789474;0.4926211309912498;1886;1021;2864
598;home_theater;4750;;0.40231578947368424;0.6292393809680605;0.40231578947368424;0.49081803005008345;1911;1126;2839
643;mask;4750;;0.5555789473684211;0.43917457147611916;0.5555789473684211;0.4905660377358491;2639;3370;2111
409;analog_clock;4750;;0.6444210526315789;0.3951717015233669;0.6444210526315789;0.4899167733674775;3061;4685;1689
509;confectionery;4750;;0.42357894736842105;0.5806637806637807;0.42357894736842105;0.48983566646378573;2012;1453;2738
493;chiffonier;4750;;0.38;0.6863117870722434;0.38;0.48915989159891593;1805;825;2945
281;tabby;4750;;0.4981052631578947;0.4789473684210526;0.4981052631578947;0.48833849329205364;2366;2574;2384
26;common_newt;4750;;0.6524210526315789;0.38966427763108263;0.6524210526315789;0.4879162402582067;3099;4854;1651
163;bloodhound;4750;;0.4189473684210526;0.5839201877934272;0.4189473684210526;0.48786467271390044;1990;1418;2760
663;monastery;4750;;0.5896842105263158;0.41263995285798466;0.5896842105263158;0.485526087710175;2801;3987;1949
893;wallet;4750;;0.4105263157894737;0.5898366606170599;0.4105263157894737;0.484111221449851;1950;1356;2800
748;purse;4750;;0.4614736842105263;0.5088207985143919;0.4614736842105263;0.48399205122543604;2192;2116;2558
126;isopod;4750;;0.6557894736842105;0.3832902670111972;0.6557894736842105;0.4838083404519686;3115;5012;1635
754;radio;4750;;0.412;0.5805398991397211;0.412;0.48196034971062673;1957;1414;2793
917;comic_book;4750;;0.5157894736842106;0.45111397532682745;0.5157894736842106;0.4812886749828112;2450;2981;2300
767;rubber_eraser;4750;;0.46273684210526317;0.501139990880073;0.46273684210526317;0.4811733800350263;2198;2188;2552
980;volcano;4750;;0.6490526315789473;0.3811348745209544;0.6490526315789473;0.4802554716099385;3083;5006;1667
828;strainer;4750;;0.44505263157894737;0.5210746857283707;0.44505263157894737;0.48007266946746907;2114;1943;2636
201;silky_terrier;4750;;0.3406315789473684;0.8126569563033651;0.3406315789473684;0.4800474707016763;1618;373;3132
898;water_bottle;4750;;0.4054736842105263;0.5875533862111043;0.4054736842105263;0.4798206278026906;1926;1352;2824
907;wine_bottle;4750;;0.39663157894736845;0.6001911436763301;0.39663157894736845;0.4776270756749905;1884;1255;2866
865;toyshop;4750;;0.5848421052631579;0.40086580086580087;0.5848421052631579;0.4756849315068493;2778;4152;1972
66;horned_viper;4750;;0.5875789473684211;0.39951331233896364;0.5875789473684211;0.4756305385139741;2791;4195;1959
5;electric_ray;4750;;0.7869473684210526;0.34071643423571235;0.7869473684210526;0.47554226830354307;3738;7233;1012
906;Windsor_tie;4750;;0.4928421052631579;0.45937990580847726;0.4928421052631579;0.4755230550477351;2341;2755;2409
381;spider_monkey;4750;;0.37705263157894736;0.6369132290184921;0.37705263157894736;0.47368421052631576;1791;1021;2959
193;Australian_terrier;4750;;0.42589473684210527;0.531948461740731;0.42589473684210527;0.47305039167543556;2023;1780;2727
851;television;4750;;0.6865263157894737;0.360650298606503;0.6865263157894737;0.4728828306264501;3261;5781;1489
731;plunger;4750;;0.46989473684210525;0.4758047324664251;0.46989473684210525;0.47283126787416585;2232;2459;2518
680;nipple;4750;;0.7092631578947368;0.35340396517360745;0.7092631578947368;0.4717496324301617;3369;6164;1381
556;fire_screen;4750;;0.6381052631578947;0.37309207287050716;0.6381052631578947;0.4708715240018642;3031;5093;1719
639;maillot;4750;;0.5450526315789473;0.4132482043096568;0.5450526315789473;0.4700862460281434;2589;3676;2161
706;patio;4750;;0.35326315789473683;0.6994581075448103;0.35326315789473683;0.46943628479507615;1678;721;3072
883;vase;4750;;0.516421052631579;0.428921140059451;0.516421052631579;0.4686216448562423;2453;3266;2297
508;computer_keyboard;4750;;0.43957894736842107;0.5009596928982726;0.43957894736842107;0.4682664274501009;2088;2080;2662
278;kit_fox;4750;;0.40442105263157896;0.5548815713460428;0.40442105263157896;0.4678519240136386;1921;1541;2829
558;flute;4750;;0.45473684210526316;0.47777040477770405;0.45473684210526316;0.4659691511163845;2160;2361;2590
504;coffee_mug;4750;;0.4065263157894737;0.5337202874516307;0.4065263157894737;0.4615200764818356;1931;1687;2819
539;doormat;4750;;0.4530526315789474;0.46389308040525973;0.4530526315789474;0.45840877622750026;2152;2487;2598
600;hook;4750;;0.47010526315789475;0.44686812087252353;0.47010526315789475;0.4581922642864471;2233;2764;2517
921;book_jacket;4750;;0.4983157894736842;0.42351046698872785;0.4983157894736842;0.45787793790501985;2367;3222;2383
633;loupe;4750;;0.42947368421052634;0.4892086330935252;0.42947368421052634;0.4573991031390135;2040;2130;2710
446;binder;4750;;0.5231578947368422;0.4048550016291952;0.5231578947368422;0.45646583394562823;2485;3653;2265
111;nematode;4750;;0.8216842105263158;0.31346879768693275;0.8216842105263158;0.4538108249520376;3903;8548;847
32;tailed_frog;4750;;0.6509473684210526;0.34714269675536097;0.6509473684210526;0.4528080837665666;3092;5815;1658
358;polecat;4750;;0.5421052631578948;0.38844471262633884;0.5421052631578948;0.4525881008876;2575;4054;2175
526;desk;4750;;0.5397894736842105;0.38783845106640447;0.5397894736842105;0.4513687175424698;2564;4047;2186
973;coral_reef;4750;;0.6490526315789473;0.34578286227007626;0.6490526315789473;0.4511927411093224;3083;5833;1667
524;cuirass;4750;;0.4656842105263158;0.4361198738170347;0.4656842105263158;0.45041743025860315;2212;2860;2538
970;alp;4750;;0.4886315789473684;0.41677141318010413;0.4886315789473684;0.44984979164647737;2321;3248;2429
794;shower_curtain;4750;;0.5082105263157894;0.39808707124010556;0.5082105263157894;0.4464582948030331;2414;3650;2336
265;toy_poodle;4750;;0.43073684210526314;0.46300067888662594;0.43073684210526314;0.44628639982549895;2046;2373;2704
733;pole;4750;;0.4688421052631579;0.4196344450725457;0.4688421052631579;0.44287560902853734;2227;3080;2523
167;English_foxhound;4750;;0.43705263157894736;0.4413265306122449;0.43705263157894736;0.43917918341442774;2076;2628;2674
619;lampshade;4750;;0.4056842105263158;0.4773346544463711;0.4056842105263158;0.438602480937749;1927;2110;2823
622;lens_cap;4750;;0.2850526315789474;0.9280328992460589;0.2850526315789474;0.4361410855210179;1354;105;3396
611;jigsaw_puzzle;4750;;0.6835789473684211;0.31927236971484757;0.6835789473684211;0.435254691689008;3247;6923;1503
119;rock_crab;4750;;0.4130526315789474;0.4578763127187865;0.4130526315789474;0.43431101272827893;1962;2323;2788
819;stage;4750;;0.38989473684210524;0.48698396003155403;0.38989473684210524;0.4330644218402899;1852;1951;2898
460;breakwater;4750;;0.29789473684210527;0.7757675438596491;0.29789473684210527;0.43048372376026767;1415;409;3335
838;sunscreen;4750;;0.36905263157894735;0.5119742990654206;0.36905263157894735;0.4289209689258625;1753;1671;2997
285;Egyptian_cat;4750;;0.5381052631578948;0.35648535564853556;0.5381052631578948;0.4288590604026845;2556;4614;2194
784;screwdriver;4750;;0.34989473684210526;0.5528942115768463;0.34989473684210526;0.42857142857142855;1662;1344;3088
810;space_bar;4750;;0.5357894736842105;0.35709274589588885;0.5357894736842105;0.4285594005220173;2545;4582;2205
584;hair_slide;4750;;0.535578947368421;0.35695243440437774;0.535578947368421;0.4283910078302602;2544;4583;2206
689;overskirt;4750;;0.4391578947368421;0.4159521435692921;0.4391578947368421;0.42724014336917565;2086;2929;2664
527;desktop_computer;4750;;0.5404210526315789;0.3522711678331275;0.5404210526315789;0.4265182354407245;2567;4720;2183
266;miniature_poodle;4750;;0.3646315789473684;0.5082159624413145;0.3646315789473684;0.42461387594998773;1732;1676;3018
356;weasel;4750;;0.4414736842105263;0.40853302162478083;0.4414736842105263;0.424365071334615;2097;3036;2653
470;candle;4750;;0.5901052631578947;0.3312847181184257;0.5901052631578947;0.4243433502384376;2803;5658;1947
478;carton;4750;;0.3684210526315789;0.4946297343131713;0.3684210526315789;0.4222972972972973;1750;1788;3000
868;tray;4750;;0.5406315789473685;0.33661030279197796;0.5406315789473685;0.41489619516923826;2568;5061;2182
562;fountain;4750;;0.6334736842105263;0.3079205894392141;0.6334736842105263;0.4144057292383969;3009;6763;1741
762;restaurant;4750;;0.41705263157894734;0.406525754155551;0.41705263157894734;0.41172191624233606;1981;2892;2769
516;cradle;4750;;0.3875789473684211;0.4380204615750654;0.3875789473684211;0.41125879593432374;1841;2362;2909
497;church;4750;;0.3682105263157895;0.46282085207726914;0.3682105263157895;0.4101301442138586;1749;2030;3001
238;Greater_Swiss_Mountain_dog;4750;;0.35010526315789475;0.4943519619500594;0.35010526315789475;0.4099087996056199;1663;1701;3087
947;mushroom;4750;;0.39494736842105266;0.41596452328159644;0.39494736842105266;0.40518358531317494;1876;2634;2874
414;backpack;4750;;0.2894736842105263;0.6746810598626104;0.2894736842105263;0.4051266941661756;1375;663;3375
359;black-footed_ferret;4750;;0.34378947368421053;0.48717183770883055;0.34378947368421053;0.40311034312515426;1633;1719;3117
424;barbershop;4750;;0.26842105263157895;0.8079847908745247;0.26842105263157895;0.40297092288242725;1275;303;3475
999;toilet_tissue;4750;;0.29389473684210526;0.6274157303370786;0.29389473684210526;0.40028673835125456;1396;829;3354
673;mouse;4750;;0.3021052631578947;0.568091844813935;0.3021052631578947;0.3944474986256184;1435;1091;3315
904;window_screen;4750;;0.5252631578947369;0.3141526063963737;0.5252631578947369;0.3931610463283958;2495;5447;2255
461;breastplate;4750;;0.4896842105263158;0.3270528683914511;0.4896842105263158;0.39217669870173666;2326;4786;2424
248;Eskimo_dog;4750;;0.3696842105263158;0.41463990554899643;0.3696842105263158;0.39087367835281017;1756;2479;2994
909;wok;4750;;0.31894736842105265;0.4768649669499528;0.31894736842105265;0.3822379210293932;1515;1662;3235
549;envelope;4750;;0.391578947368421;0.3657097915847424;0.391578947368421;0.37820252135014226;1860;3226;2890
969;eggnog;4750;;0.5627368421052632;0.2831267874165872;0.5627368421052632;0.3767176379395391;2673;6768;2077
501;cloak;4750;;0.3985263157894737;0.35244833364364175;0.3985263157894737;0.3740737081316075;1893;3478;2857
692;packet;4750;;0.4296842105263158;0.32656;0.4296842105263158;0.3710909090909091;2041;4209;2709
744;projectile;4750;;0.396;0.3466003316749585;0.396;0.3696570698634175;1881;3546;2869
968;cup;4750;;0.34926315789473683;0.386803450687806;0.34926315789473683;0.36707600398274143;1659;2630;3091
485;CD_player;4750;;0.26821052631578945;0.5692582663092046;0.26821052631578945;0.36462507155123064;1274;964;3476
482;cassette_player;4750;;0.36736842105263157;0.3615081831365237;0.36736842105263157;0.3644147436566775;1745;3082;3005
799;sliding_door;4750;;0.2690526315789474;0.5592997811816193;0.2690526315789474;0.3633262260127932;1278;1007;3472
488;chain;4750;;0.4206315789473684;0.31886370890520266;0.4206315789473684;0.3627450980392157;1998;4268;2752
454;bookshop;4750;;0.24168421052631578;0.71571072319202;0.24168421052631578;0.3613471828769279;1148;456;3602
975;lakeside;4750;;0.5875789473684211;0.26040306027243887;0.5875789473684211;0.360874062580812;2791;7927;1959
848;tape_player;4750;;0.4149473684210526;0.31693198263386396;0.4149473684210526;0.35937642446895796;1971;4248;2779
923;plate;4750;;0.5372631578947369;0.2678421494542401;0.5372631578947369;0.3574730354391371;2552;6976;2198
987;corn;4750;;0.25873684210526315;0.5660985720865961;0.25873684210526315;0.35515098974136683;1229;942;3521
55;green_snake;4750;;0.22463157894736843;0.7897853441894893;0.22463157894736843;0.34977872479921324;1067;284;3683
618;ladle;4750;;0.2825263157894737;0.4524612272420769;0.2825263157894737;0.3478486262312079;1342;1624;3408
435;bathtub;4750;;0.3216842105263158;0.3725012189176012;0.3216842105263158;0.3452327157704474;1528;2574;3222
911;wool;4750;;0.45831578947368423;0.2738364779874214;0.45831578947368423;0.34283464566929134;2177;5773;2573
6;stingray;4750;;0.23242105263157894;0.6528681253696038;0.23242105263157894;0.34280391243595715;1104;587;3646
836;sunglass;4750;;0.34968421052631576;0.3307447232178415;0.34968421052631576;0.33995088006549323;1661;3361;3089
728;plastic_bag;4750;;0.36294736842105263;0.3144837650492521;0.36294736842105263;0.33698201720093823;1724;3758;3026
415;bakery;4750;;0.29178947368421054;0.39747634069400634;0.29178947368421054;0.33653029015418234;1386;2101;3364
623;letter_opener;4750;;0.29747368421052633;0.3873355263157895;0.29747368421052633;0.33650869254584426;1413;2235;3337
657;missile;4750;;0.2829473684210526;0.4112607099143207;0.2829473684210526;0.335245697181342;1344;1924;3406
978;seashore;4750;;0.4669473684210526;0.2591424231802781;0.4669473684210526;0.3333082876249155;2218;6341;2532
876;tub;4750;;0.3703157894736842;0.2982366904035266;0.3703157894736842;0.3303906836964688;1759;4139;2991
961;dough;4750;;0.21768421052631579;0.6107501476668635;0.21768421052631579;0.3209684929380723;1034;659;3716
725;pitcher;4750;;0.22905263157894737;0.5335948994605199;0.22905263157894737;0.32051848578583;1088;951;3662
60;night_snake;4750;;0.28042105263157896;0.3657331136738056;0.28042105263157896;0.3174451858913251;1332;2310;3418
860;tobacco_shop;4750;;0.48378947368421055;0.2317466720451795;0.48378947368421055;0.31337788081276424;2298;7618;2452
469;caldron;4750;;0.5465263157894736;0.21754797620045252;0.5465263157894736;0.3112150092908949;2596;9337;2154
73;barn_spider;4750;;0.8134736842105263;0.19188558375130357;0.8134736842105263;0.3105235665206734;3864;16273;886
240;Appenzeller;4750;;0.25663157894736843;0.3732394366197183;0.25663157894736843;0.3041417165668662;1219;2047;3531
536;dock;4750;;0.19978947368421052;0.6318242343541944;0.19978947368421052;0.30358285348688424;949;553;3801
818;spotlight;4750;;0.3566315789473684;0.2629209995343784;0.3566315789473684;0.30268918073796125;1694;4749;3056
620;laptop;4750;;0.27263157894736845;0.3177134445534838;0.27263157894736845;0.2934511670065715;1295;2781;3455
68;sidewinder;4750;;0.3722105263157895;0.24051149503468916;0.3722105263157895;0.29220725559871086;1768;5583;2982
899;water_jug;4750;;0.2783157894736842;0.30404783808647656;0.2783157894736842;0.2906133216091449;1322;3026;3428
837;sunglasses;4750;;0.22126315789473683;0.41394249704608116;0.22126315789473683;0.2883797503086843;1051;1488;3699
77;wolf_spider;4750;;0.1686315789473684;0.7321755027422303;0.1686315789473684;0.2741273100616016;801;293;3949
782;screen;4750;;0.2890526315789474;0.23774891774891774;0.2890526315789474;0.2609026128266033;1373;4402;3377
46;green_lizard;4750;;0.1591578947368421;0.5153374233128835;0.1591578947368421;0.2432041177416761;756;711;3994
885;velvet;4750;;0.24568421052631578;0.23045023696682465;0.24568421052631578;0.23782351742408805;1167;3897;3583
282;tiger_cat;4750;;0.15473684210526314;0.38950715421303655;0.15473684210526314;0.2214856109688112;735;1152;4015
809;soup_bowl;4750;;0.13621052631578948;0.5316351684470009;0.13621052631578948;0.21685939332998158;647;570;4103
681;notebook;4750;;0.18;0.2511013215859031;0.18;0.20968730839975475;855;2550;3895
664;monitor;4750;;0.14021052631578948;0.3021778584392015;0.14021052631578948;0.1915444348576359;666;1538;4084
638;maillot;4750;;0.11536842105263158;0.2078907435508346;0.11536842105263158;0.14838884375846195;548;2088;4202
74;garden_spider;4750;;0.07073684210526315;0.534181240063593;0.07073684210526315;0.12493028443948688;336;293;4414
