class_idx;class_label;support;base_accuracy;overall_accuracy;precision;recall;f1;tp;fp;fn
90;lorikeet;4750;;0.9385263157894737;0.9353755770037767;0.9385263157894737;0.9369482976040352;4458;308;292
376;proboscis_monkey;4750;;0.9185263157894736;0.9495103373231774;0.9185263157894736;0.9337613697164259;4363;232;387
255;Leonberg;4750;;0.9033684210526316;0.9593114241001565;0.9033684210526316;0.9304998373631138;4291;182;459
100;black_swan;4750;;0.904;0.9546465095598043;0.904;0.9286332179930796;4294;204;456
129;spoonbill;4750;;0.9082105263157895;0.9493838028169014;0.9082105263157895;0.9283408650742414;4314;230;436
88;macaw;4750;;0.915578947368421;0.9409346603202077;0.915578947368421;0.928083653435766;4349;273;401
136;European_gallinule;4750;;0.8833684210526316;0.9717461787864752;0.8833684210526316;0.9254521393912659;4196;122;554
130;flamingo;4750;;0.8768421052631579;0.9765533411488863;0.8768421052631579;0.9240155296727676;4165;100;585
135;limpkin;4750;;0.8947368421052632;0.9535562037244784;0.8947368421052632;0.9232106006299555;4250;207;500
139;ruddy_turnstone;4750;;0.8848421052631579;0.9604661791590493;0.8848421052631579;0.9211045364891518;4203;173;547
340;zebra;4750;;0.9073684210526316;0.9306845173828546;0.9073684210526316;0.9188785843726682;4310;321;440
625;lifeboat;4750;;0.892;0.93511366144339;0.892;0.9130481629134792;4237;294;513
339;sorrel;4750;;0.9246315789473685;0.8998156115550092;0.9246315789473685;0.912054822967501;4392;489;358
387;lesser_panda;4750;;0.896;0.9210127677991776;0.896;0.9083342226016433;4256;365;494
145;king_penguin;4750;;0.8633684210526316;0.9528345724907064;0.8633684210526316;0.9058979456593771;4101;203;649
607;jack-o'-lantern;4750;;0.9098947368421053;0.8981712385702411;0.9098947368421053;0.90399498012968;4322;490;428
984;rapeseed;4750;;0.8932631578947369;0.9073994867408041;0.8932631578947369;0.9002758328028857;4243;433;507
323;monarch;4750;;0.888;0.9125919515361316;0.888;0.9001280409731114;4218;404;532
275;African_hunting_dog;4750;;0.9185263157894736;0.8815922408567387;0.9185263157894736;0.8996803794205588;4363;586;387
96;toucan;4750;;0.8633684210526316;0.9375857338820301;0.8633684210526316;0.898947829899167;4101;273;649
0;tench;4750;;0.8808421052631579;0.917342688007016;0.8808421052631579;0.8987219417892814;4184;377;566
995;earthstar;4750;;0.9269473684210526;0.8672444356903684;0.9269473684210526;0.8961025745395339;4403;674;347
15;robin;4750;;0.8450526315789474;0.9534441805225653;0.8450526315789474;0.8959821428571427;4014;196;736
87;African_grey;4750;;0.8248421052631579;0.9717261904761905;0.8248421052631579;0.892279662946937;3918;114;832
14;indigo_bunting;4750;;0.8928421052631579;0.8894714765100671;0.8928421052631579;0.8911536036982559;4241;527;509
685;odometer;4750;;0.9381052631578948;0.8450597382893988;0.9381052631578948;0.8891549436296518;4456;817;294
388;giant_panda;4750;;0.8690526315789474;0.9024923480542195;0.8690526315789474;0.8854568854568854;4128;446;622
143;oystercatcher;4750;;0.8048421052631579;0.9797539723218862;0.8048421052631579;0.8837263060564031;3823;79;927
986;yellow_lady's_slipper;4750;;0.976421052631579;0.8068893528183716;0.976421052631579;0.8835968755953515;4638;1110;112
91;coucal;4750;;0.8250526315789474;0.9452484322238301;0.8250526315789474;0.881070143884892;3919;227;831
24;great_grey_owl;4750;;0.8334736842105264;0.9341670599339311;0.8334736842105264;0.8809523809523809;3959;279;791
25;European_fire_salamander;4750;;0.8501052631578947;0.9119241192411924;0.8501052631578947;0.879930268032251;4038;390;712
284;Siamese_cat;4750;;0.9122105263157895;0.8467852257181943;0.9122105263157895;0.8782811391507045;4333;784;417
993;gyromitra;4750;;0.8987368421052632;0.8543125875525315;0.8987368421052632;0.875961834410588;4269;728;481
604;hourglass;4750;;0.9065263157894737;0.845308205732234;0.9065263157894737;0.8748476229175133;4306;788;444
247;Saint_Bernard;4750;;0.8313684210526315;0.9215869311551925;0.8313684210526315;0.8741560597675705;3949;336;801
576;gondola;4750;;0.8913684210526316;0.8548354532606501;0.8913684210526316;0.8727197773884365;4234;719;516
84;peacock;4750;;0.8345263157894737;0.9135745563493892;0.8345263157894737;0.872263175266806;3964;375;786
83;prairie_chicken;4750;;0.8762105263157894;0.8670833333333333;0.8762105263157894;0.8716230366492146;4162;638;588
92;bee_eater;4750;;0.8475789473684211;0.8964595858383434;0.8475789473684211;0.8713342711827724;4026;465;724
900;water_tower;4750;;0.8471578947368421;0.8968130153777579;0.8471578947368421;0.8712785536429576;4024;463;726
17;jay;4750;;0.8122105263157895;0.9380014587892049;0.8122105263157895;0.8705855805032157;3858;255;892
915;yurt;4750;;0.8267368421052631;0.9192415730337079;0.8267368421052631;0.8705386832187985;3927;345;823
13;junco;4750;;0.7791578947368422;0.9835237842147223;0.7791578947368422;0.8694937154939505;3701;62;1049
11;goldfinch;4750;;0.7778947368421053;0.9853333333333333;0.7778947368421053;0.8694117647058824;3695;55;1055
407;ambulance;4750;;0.8570526315789474;0.8817413905133203;0.8570526315789474;0.8692217358812854;4071;546;679
19;chickadee;4750;;0.7757894736842105;0.986877343331548;0.7757894736842105;0.8686940122583687;3685;49;1065
141;redshank;4750;;0.8277894736842105;0.913781082965373;0.8277894736842105;0.8686623218822489;3932;371;818
832;stupa;4750;;0.8048421052631579;0.9430192402565367;0.8048421052631579;0.8684688777828261;3823;231;927
102;echidna;4750;;0.8277894736842105;0.9127205199628597;0.8277894736842105;0.8681828218149702;3932;376;818
746;puck;4750;;0.8069473684210526;0.9392305807400148;0.8069473684210526;0.8680783603215945;3833;248;917
554;fireboat;4750;;0.832;0.9055912007332723;0.832;0.8672372174676322;3952;412;798
291;lion;4750;;0.8903157894736842;0.8452928243054167;0.8903157894736842;0.8672203424587307;4229;774;521
560;football_helmet;4750;;0.7964210526315789;0.9424514200298953;0.7964210526315789;0.8633044272021908;3783;231;967
321;admiral;4750;;0.7827368421052632;0.9617175375064666;0.7827368421052632;0.8630454967502321;3718;148;1032
325;sulphur_butterfly;4750;;0.8145263157894737;0.9159564393939394;0.8145263157894737;0.8622687764653444;3869;355;881
420;banjo;4750;;0.8018947368421052;0.9308406647116324;0.8018947368421052;0.861569780592626;3809;283;941
425;barn;4750;;0.8572631578947368;0.8654622741764081;0.8572631578947368;0.8613432046536224;4072;633;678
392;rock_beauty;4750;;0.9532631578947368;0.785429314830876;0.9532631578947368;0.861245839277223;4528;1237;222
779;school_bus;4750;;0.8618947368421053;0.8604455653635982;0.8618947368421053;0.8611695414387883;4094;664;656
216;clumber;4750;;0.8338947368421052;0.8881165919282511;0.8338947368421052;0.8601520086862106;3961;499;789
688;oscilloscope;4750;;0.8738947368421053;0.8467972256221951;0.8738947368421053;0.8601326150020722;4151;751;599
528;dial_telephone;4750;;0.7770526315789473;0.9614482938265173;0.7770526315789473;0.8594714169286296;3691;148;1059
351;hartebeest;4750;;0.9023157894736842;0.814519194222729;0.9023157894736842;0.8561725928885338;4286;976;464
637;mailbox;4750;;0.7936842105263158;0.9292580724673404;0.7936842105263158;0.8561371636198478;3770;287;980
137;American_coot;4750;;0.7894736842105263;0.9349289454001496;0.7894736842105263;0.8560666590571852;3750;261;1000
863;totem_pole;4750;;0.7850526315789473;0.9400050415931435;0.7850526315789473;0.855569576689228;3729;238;1021
333;hamster;4750;;0.8294736842105264;0.8814317673378076;0.8294736842105264;0.8546637744034706;3940;530;810
324;cabbage_butterfly;4750;;0.8185263157894737;0.891947694425327;0.8185263157894737;0.8536612141837743;3888;471;862
727;planetarium;4750;;0.8294736842105264;0.8792680205311314;0.8294736842105264;0.8536453255335282;3940;541;810
22;bald_eagle;4750;;0.7730526315789473;0.9520352605652062;0.7730526315789473;0.8532589752527012;3672;185;1078
594;harp;4750;;0.8370526315789474;0.8698315467075038;0.8370526315789474;0.8531273468511963;3976;595;774
144;pelican;4750;;0.7701052631578947;0.9543438559874772;0.7701052631578947;0.8523826168006525;3658;175;1092
612;jinrikisha;4750;;0.8477894736842105;0.8568085106382979;0.8477894736842105;0.8522751322751323;4027;673;723
512;corkscrew;4750;;0.8265263157894737;0.8775145283862316;0.8265263157894737;0.8512575888985255;3926;548;824
225;malinois;4750;;0.8385263157894737;0.8643663194444444;0.8385263157894737;0.8512502671511006;3983;625;767
347;bison;4750;;0.7728421052631579;0.9463779324568188;0.7728421052631579;0.8508517788851546;3671;208;1079
322;ringlet;4750;;0.8071578947368421;0.8966323666978484;0.8071578947368421;0.8495457567028584;3834;442;916
365;orangutan;4750;;0.8458947368421053;0.8523546881629189;0.8458947368421053;0.849112426035503;4018;696;732
783;screw;4750;;0.8591578947368421;0.8372999589659418;0.8591578947368421;0.8480881130507066;4081;793;669
244;Tibetan_mastiff;4750;;0.8406315789473684;0.8552152495180981;0.8406315789473684;0.8478607070814312;3993;676;757
138;bustard;4750;;0.8185263157894737;0.8788426763110307;0.8185263157894737;0.8476128188358404;3888;536;862
375;colobus;4750;;0.8252631578947368;0.8703374777975134;0.8252631578947368;0.8472012102874432;3920;584;830
714;pick;4750;;0.8221052631578948;0.8737972700827926;0.8221052631578948;0.847163466753444;3905;564;845
12;house_finch;4750;;0.7654736842105263;0.947615324472244;0.7654736842105263;0.8468615348783044;3636;201;1114
85;quail;4750;;0.8052631578947368;0.8916083916083916;0.8052631578947368;0.8462389380530972;3825;465;925
991;coral_fungus;4750;;0.8096842105263158;0.8853591160220995;0.8096842105263158;0.8458324169782274;3846;498;904
268;Mexican_hairless;4750;;0.8162105263157895;0.8763562386980108;0.8162105263157895;0.8452147373010683;3877;547;873
736;pool_table;4750;;0.8077894736842105;0.885121107266436;0.8077894736842105;0.8446890478811228;3837;498;913
260;chow;4750;;0.8488421052631578;0.8386023294509152;0.8488421052631578;0.8436911487758946;4032;776;718
874;trolleybus;4750;;0.832;0.8552261415278078;0.832;0.843453206701526;3952;669;798
472;canoe;4750;;0.7770526315789473;0.9188449091361712;0.7770526315789473;0.8420212159233489;3691;326;1059
763;revolver;4750;;0.871578947368421;0.8128804241115256;0.871578947368421;0.8412069491008838;4140;953;610
396;lionfish;4750;;0.7774736842105263;0.9141089108910891;0.7774736842105263;0.840273037542662;3693;347;1057
990;buckeye;4750;;0.8122105263157895;0.8698985343855693;0.8122105263157895;0.8400653238976593;3858;577;892
886;vending_machine;4750;;0.8465263157894737;0.8309568092581112;0.8465263157894737;0.8386693085827511;4021;818;729
178;Weimaraner;4750;;0.8273684210526315;0.8500973393900065;0.8273684210526315;0.8385788968313241;3930;693;820
131;little_blue_heron;4750;;0.7858947368421053;0.8977873977873978;0.7858947368421053;0.8381230354737315;3733;425;1017
93;hornbill;4750;;0.7585263157894737;0.936087295401403;0.7585263157894737;0.8380044191185021;3603;246;1147
89;sulphur-crested_cockatoo;4750;;0.7494736842105263;0.949586556415044;0.7494736842105263;0.8377456171314271;3560;189;1190
555;fire_engine;4750;;0.7953684210526316;0.883949461862424;0.7953684210526316;0.8373226950354611;3778;496;972
642;marimba;4750;;0.7913684210526316;0.8886524822695036;0.7913684210526316;0.8371937639198218;3759;471;991
948;Granny_Smith;4750;;0.8743157894736842;0.802047122441097;0.8743157894736842;0.8366236905721192;4153;1025;597
57;garter_snake;4750;;0.8126315789473684;0.8610305598929289;0.8126315789473684;0.8361312682768332;3860;623;890
661;Model_T;4750;;0.8210526315789474;0.8511567001309471;0.8210526315789474;0.8358336905272181;3900;682;850
684;ocarina;4750;;0.8052631578947368;0.8687258687258688;0.8052631578947368;0.8357915437561456;3825;578;925
355;llama;4750;;0.7837894736842105;0.8947368421052632;0.7837894736842105;0.83559645382112;3723;438;1027
849;teapot;4750;;0.8345263157894737;0.8361105252056528;0.8345263157894737;0.835317669370983;3964;777;786
344;hippopotamus;4750;;0.7642105263157895;0.9208523592085236;0.7642105263157895;0.835250805338242;3630;312;1120
274;dhole;4750;;0.7865263157894736;0.8884661117717003;0.7865263157894736;0.834394193188163;3736;469;1014
148;killer_whale;4750;;0.8951578947368422;0.7808999081726354;0.8951578947368422;0.8341343795978421;4252;1193;498
426;barometer;4750;;0.8153684210526316;0.8534596738651389;0.8153684210526316;0.8339793281653748;3873;665;877
354;Arabian_camel;4750;;0.8381052631578947;0.8295478224630132;0.8381052631578947;0.833804586867735;3981;818;769
218;Welsh_springer_spaniel;4750;;0.8101052631578948;0.8587368890872573;0.8101052631578948;0.8337124905210703;3848;633;902
142;dowitcher;4750;;0.8250526315789474;0.8413482181193646;0.8250526315789474;0.8331207482993197;3919;739;831
9;ostrich;4750;;0.9092631578947369;0.7685053380782918;0.9092631578947369;0.8329797492767598;4319;1301;431
933;cheeseburger;4750;;0.7606315789473684;0.9188708036622584;0.7606315789473684;0.8322967058281502;3613;319;1137
606;iron;4750;;0.751578947368421;0.9321148825065274;0.751578947368421;0.8321678321678322;3570;260;1180
16;bulbul;4750;;0.7995789473684211;0.8663321167883211;0.7995789473684211;0.831618130063499;3798;586;952
755;radio_telescope;4750;;0.8231578947368421;0.8381564844587353;0.8231578947368421;0.8305894848645777;3910;755;840
97;drake;4750;;0.7503157894736842;0.930062630480167;0.7503157894736842;0.8305756233978093;3564;268;1186
466;bullet_train;4750;;0.8608421052631579;0.8005090054815975;0.8608421052631579;0.8295800365185636;4089;1019;661
687;organ;4750;;0.7606315789473684;0.9119131751640586;0.7606315789473684;0.8294306703397614;3613;349;1137
890;volleyball;4750;;0.8164210526315789;0.8428602477722235;0.8164210526315789;0.8294300074858304;3878;723;872
294;brown_bear;4750;;0.8387368421052631;0.820259419394688;0.8387368421052631;0.8293952326428646;3984;873;766
300;tiger_beetle;4750;;0.8210526315789474;0.8361921097770154;0.8210526315789474;0.82855321861058;3900;764;850
726;plane;4750;;0.7888421052631579;0.8715980460572226;0.7888421052631579;0.8281578074925405;3747;552;1003
873;triumphal_arch;4750;;0.7326315789473684;0.9521203830369357;0.7326315789473684;0.8280785246876858;3480;175;1270
547;electric_locomotive;4750;;0.78;0.8823529411764706;0.78;0.8280254777070064;3705;494;1045
945;bell_pepper;4750;;0.8113684210526316;0.8435106150142263;0.8113684210526316;0.8271273741817792;3854;715;896
133;bittern;4750;;0.7328421052631579;0.9466956758226815;0.7328421052631579;0.8261540287172184;3481;196;1269
646;maze;4750;;0.8486315789473684;0.8017104216388226;0.8486315789473684;0.8245039885457149;4031;997;719
261;keeshond;4750;;0.7842105263157895;0.8682983682983683;0.7842105263157895;0.8241150442477876;3725;565;1025
195;Boston_bull;4750;;0.8107368421052632;0.8375380600260983;0.8107368421052632;0.8239195549850236;3851;747;899
448;birdhouse;4750;;0.7688421052631579;0.8855480116391853;0.7688421052631579;0.8230786567500563;3652;472;1098
20;water_ouzel;4750;;0.7576842105263157;0.8999749937484371;0.7576842105263157;0.8227225968682136;3599;400;1151
98;red-breasted_merganser;4750;;0.8913684210526316;0.7638462926213242;0.8913684210526316;0.8226950354609929;4234;1309;516
254;pug;4750;;0.7932631578947369;0.8532608695652174;0.7932631578947369;0.822168885009819;3768;648;982
276;hyena;4750;;0.8235789473684211;0.8204697986577181;0.8235789473684211;0.8220214330741752;3912;856;838
571;gas_pump;4750;;0.7332631578947368;0.9332797427652733;0.7332631578947368;0.8212685687337892;3483;249;1267
217;English_springer;4750;;0.7926315789473685;0.8520027155465038;0.7926315789473685;0.8212455011451631;3765;654;985
350;ibex;4750;;0.8164210526315789;0.8259850905218318;0.8164210526315789;0.8211752249867654;3878;817;872
262;Brabancon_griffon;4750;;0.7730526315789473;0.8755364806866953;0.7730526315789473;0.8211091234347049;3672;522;1078
575;golfcart;4750;;0.7282105263157894;0.9404567699836868;0.7282105263157894;0.8208353108685335;3459;219;1291
156;Blenheim_spaniel;4750;;0.887578947368421;0.7610108303249098;0.887578947368421;0.8194363459669581;4216;1324;534
672;mountain_tent;4750;;0.7686315789473684;0.8765906362545018;0.7686315789473684;0.8190689848569825;3651;514;1099
422;barbell;4750;;0.7665263157894737;0.8792562183047573;0.7665263157894737;0.8190304802609379;3641;500;1109
251;dalmatian;4750;;0.7976842105263158;0.8390168290522586;0.7976842105263158;0.8178286207640837;3789;727;961
716;picket_fence;4750;;0.7987368421052632;0.8373427499448245;0.7987368421052632;0.817584312035341;3794;737;956
583;guillotine;4750;;0.7877894736842105;0.847757136384232;0.7877894736842105;0.8166739415102574;3742;672;1008
771;safe;4750;;0.7671578947368421;0.8723964567871678;0.7671578947368421;0.8163996863447966;3644;533;1106
160;Afghan_hound;4750;;0.7886315789473685;0.8457891171822082;0.7886315789473685;0.8162109162218107;3746;683;1004
430;basketball;4750;;0.7861052631578948;0.8478655767484106;0.7861052631578948;0.8158182215424951;3734;670;1016
317;leafhopper;4750;;0.7665263157894737;0.8712610672409667;0.7665263157894737;0.8155448538470154;3641;538;1109
821;steel_arch_bridge;4750;;0.8292631578947368;0.8012611879576892;0.8292631578947368;0.8150217256362506;3939;977;811
621;lawn_mower;4750;;0.8065263157894736;0.8231628706489041;0.8065263157894736;0.814759676733305;3831;823;919
253;basenji;4750;;0.7684210526315789;0.8667774875326526;0.7684210526315789;0.8146412230777814;3650;561;1100
545;electric_fan;4750;;0.7797894736842105;0.8514942528735632;0.7797894736842105;0.814065934065934;3704;646;1046
734;police_van;4750;;0.7654736842105263;0.8690248565965584;0.7654736842105263;0.8139691067830759;3636;548;1114
695;padlock;4750;;0.8254736842105264;0.8024969300040933;0.8254736842105264;0.8138231631382318;3921;965;829
888;viaduct;4750;;0.7376842105263158;0.9070670463370437;0.7376842105263158;0.8136537791710206;3504;359;1246
953;pineapple;4750;;0.7090526315789474;0.9535673839184597;0.7090526315789474;0.8133301134991548;3368;164;1382
71;scorpion;4750;;0.7844210526315789;0.8441323062981423;0.7844210526315789;0.8131820165866434;3726;688;1024
872;tripod;4750;;0.7473684210526316;0.890840652446675;0.7473684210526316;0.8128219805380652;3550;435;1200
306;rhinoceros_beetle;4750;;0.7448421052631579;0.8934343434343435;0.7448421052631579;0.8123995407577497;3538;422;1212
146;albatross;4750;;0.8176842105263158;0.8071487946799667;0.8176842105263158;0.8123823467893745;3884;928;866
802;snowmobile;4750;;0.7983157894736842;0.825065274151436;0.7983157894736842;0.8114701476567516;3792;804;958
719;piggy_bank;4750;;0.7488421052631579;0.8850460313510824;0.7488421052631579;0.8112669631656974;3557;462;1193
23;vulture;4750;;0.7378947368421053;0.9003339326997174;0.7378947368421053;0.8110609741987737;3505;388;1245
258;Samoyed;4750;;0.7949473684210526;0.8255356362046349;0.7949473684210526;0.8099528099528099;3776;798;974
563;fountain_pen;4750;;0.7292631578947368;0.9103810775295663;0.7292631578947368;0.8098188194038572;3464;341;1286
140;red-backed_sandpiper;4750;;0.732421052631579;0.9052823315118397;0.732421052631579;0.809728849063191;3479;364;1271
955;jackfruit;4750;;0.8450526315789474;0.776702786377709;0.8450526315789474;0.8094373865698731;4014;1154;736
362;badger;4750;;0.8541052631578947;0.7688080348682964;0.8541052631578947;0.8092151191782189;4057;1220;693
569;garbage_truck;4750;;0.8338947368421052;0.7835806132542038;0.8338947368421052;0.8079551249362571;3961;1094;789
870;tricycle;4750;;0.7503157894736842;0.8748159057437408;0.7503157894736842;0.8077969174977334;3564;510;1186
444;bicycle-built-for-two;4750;;0.8132631578947368;0.8022845275181724;0.8132631578947368;0.807736539466806;3863;952;887
486;cello;4750;;0.7732631578947369;0.8453394706559264;0.7732631578947369;0.8076965365585488;3673;672;1077
507;combination_lock;4750;;0.743578947368421;0.8838838838838838;0.743578947368421;0.8076835124628401;3532;464;1218
1;goldfish;4750;;0.8138947368421052;0.8012435233160622;0.8138947368421052;0.8075195822454307;3866;959;884
902;whistle;4750;;0.824;0.7913465426607359;0.824;0.8073432343234324;3914;1032;836
808;sombrero;4750;;0.7195789473684211;0.9178302900107411;0.7195789473684211;0.806702855794194;3418;306;1332
393;anemone_fish;4750;;0.7004210526315789;0.9505714285714286;0.7004210526315789;0.8065454545454545;3327;173;1423
757;recreational_vehicle;4750;;0.7724210526315789;0.8426734037666513;0.7724210526315789;0.8060193321616871;3669;685;1081
605;iPod;4750;;0.7252631578947368;0.9061020515518148;0.7252631578947368;0.8056594948550047;3445;357;1305
363;armadillo;4750;;0.8088421052631579;0.8022551680935477;0.8088421052631579;0.8055351714016145;3842;947;908
364;three-toed_sloth;4750;;0.7463157894736843;0.8746607451270664;0.7463157894736843;0.8054072475292514;3545;508;1205
383;Madagascar_cat;4750;;0.8431578947368421;0.7704886494805695;0.8431578947368421;0.8051869722557298;4005;1193;745
918;crossword_puzzle;4750;;0.7566315789473684;0.8602202010531355;0.7566315789473684;0.8051075268817205;3594;584;1156
800;slot;4750;;0.8332631578947368;0.7786740114105843;0.8332631578947368;0.8050442387877557;3958;1125;792
535;disk_brake;4750;;0.771578947368421;0.8411751204957539;0.771578947368421;0.8048753705940486;3665;692;1085
919;street_sign;4750;;0.7713684210526316;0.8407526388251492;0.7713684210526316;0.8045674132630655;3664;694;1086
829;streetcar;4750;;0.840421052631579;0.7711029553795634;0.840421052631579;0.8042711796111615;3992;1185;758
522;croquet_ball;4750;;0.8351578947368421;0.7752589407856165;0.8351578947368421;0.8040944562683693;3967;1150;783
805;soccer_ball;4750;;0.872;0.7456345634563456;0.872;0.8038816108685103;4142;1413;608
592;hard_disc;4750;;0.7566315789473684;0.8573473282442748;0.7566315789473684;0.8038470140908074;3594;598;1156
937;broccoli;4750;;0.7970526315789473;0.8105330764290302;0.7970526315789473;0.8037363337225347;3786;885;964
559;folding_chair;4750;;0.72;0.9090909090909091;0.72;0.8035714285714286;3420;342;1330
694;paddlewheel;4750;;0.8103157894736842;0.7954122752634842;0.8103157894736842;0.8027948691208676;3849;990;901
301;ladybug;4750;;0.8473684210526315;0.7615894039735099;0.8473684210526315;0.8021923268560041;4025;1260;725
473;can_opener;4750;;0.7532631578947369;0.8572113080977479;0.7532631578947369;0.8018825638727028;3578;596;1172
94;hummingbird;4750;;0.783578947368421;0.8207276736493936;0.783578947368421;0.8017232094776521;3722;813;1028
952;fig;4750;;0.7425263157894737;0.8691473632331198;0.7425263157894737;0.8008628519527703;3527;531;1223
715;pickelhaube;4750;;0.7724210526315789;0.8308423913043478;0.7724210526315789;0.8005673139864716;3669;747;1081
732;Polaroid_camera;4750;;0.7574736842105263;0.8481848184818482;0.7574736842105263;0.8002669039145908;3598;644;1152
510;container_ship;4750;;0.8098947368421052;0.7905877517468146;0.8098947368421052;0.8001247920133111;3847;1019;903
668;mosque;4750;;0.8210526315789474;0.7801560312062412;0.8210526315789474;0.8000820596984306;3900;1099;850
678;neck_brace;4750;;0.7334736842105263;0.8786885245901639;0.7334736842105263;0.7995410212277682;3484;481;1266
956;custard_apple;4750;;0.8355789473684211;0.765625;0.8355789473684211;0.7990738876585465;3969;1215;781
152;Japanese_spaniel;4750;;0.812;0.7863404689092762;0.812;0.7989642672190576;3857;1048;893
401;accordion;4750;;0.804;0.7911746426351771;0.804;0.7975357627649577;3819;1008;931
954;banana;4750;;0.752;0.8484560570071259;0.752;0.7973214285714285;3572;638;1178
566;French_horn;4750;;0.7242105263157895;0.8861411643482741;0.7242105263157895;0.7970342910101946;3440;442;1310
659;mixing_bowl;4750;;0.7362105263157894;0.867957309506081;0.7362105263157894;0.7966738808520334;3497;532;1253
28;spotted_salamander;4750;;0.7246315789473684;0.8832435206569156;0.7246315789473684;0.7961142592806755;3442;455;1308
245;French_bulldog;4750;;0.7151578947368421;0.8965426233834785;0.7151578947368421;0.7956435179763439;3397;392;1353
215;Brittany_spaniel;4750;;0.7315789473684211;0.8713640922768305;0.7315789473684211;0.7953765163653009;3475;513;1275
316;cicada;4750;;0.696;0.9276094276094277;0.696;0.7952850613423142;3306;258;1444
157;papillon;4750;;0.8703157894736843;0.7318109399893786;0.8703157894736843;0.7950764496586209;4134;1515;616
398;abacus;4750;;0.7322105263157894;0.8695;0.7322105263157894;0.7949714285714286;3478;522;1272
495;china_cabinet;4750;;0.7492631578947369;0.8461721350451735;0.7492631578947369;0.7947744528807504;3559;647;1191
801;snorkel;4750;;0.7656842105263157;0.8252779668708872;0.7656842105263157;0.7943649666921481;3637;770;1113
912;worm_fence;4750;;0.78;0.8070137225005446;0.78;0.793276951075902;3705;886;1045
147;grey_whale;4750;;0.7566315789473684;0.8332946904706701;0.7566315789473684;0.7931148626282688;3594;719;1156
766;rotisserie;4750;;0.7553684210526316;0.8348068869241507;0.7553684210526316;0.7931034482758621;3588;710;1162
613;joystick;4750;;0.7888421052631579;0.7968949383241174;0.7888421052631579;0.7928480744815912;3747;955;1003
213;Irish_setter;4750;;0.7907368421052632;0.7944162436548223;0.7907368421052632;0.7925722726313569;3756;972;994
210;German_short-haired_pointer;4750;;0.8004210526315789;0.7837559266130695;0.8004210526315789;0.7920008332465369;3802;1049;948
292;tiger;4750;;0.8829473684210526;0.7176591375770021;0.8829473684210526;0.7917689258070606;4194;1650;556
432;bassoon;4750;;0.7717894736842106;0.8094502097593288;0.7717894736842106;0.7901713546718396;3666;863;1084
609;jeep;4750;;0.7330526315789474;0.8565805658056581;0.7330526315789474;0.7900170164492343;3482;583;1268
428;barrow;4750;;0.7189473684210527;0.8763151141904029;0.7189473684210527;0.7898693188389037;3415;482;1335
891;waffle_iron;4750;;0.7370526315789474;0.8501699854298203;0.7370526315789474;0.7895805142083897;3501;617;1249
10;brambling;4750;;0.8578947368421053;0.7295023272466882;0.8578947368421053;0.7885061919504643;4075;1511;675
938;cauliflower;4750;;0.763578947368421;0.814873062233206;0.763578947368421;0.788392566025432;3627;824;1123
859;toaster;4750;;0.7269473684210527;0.8608825729244577;0.7269473684210527;0.7882661796598561;3453;558;1297
366;gorilla;4750;;0.7738947368421053;0.803146165610662;0.7738947368421053;0.7882491690790178;3676;901;1074
289;snow_leopard;4750;;0.8477894736842105;0.7363320533918449;0.8477894736842105;0.788139739700558;4027;1442;723
786;sewing_machine;4750;;0.6728421052631579;0.9500594530321046;0.6728421052631579;0.787774217402021;3196;168;1554
852;tennis_ball;4750;;0.8637894736842106;0.7237608043746693;0.8637894736842106;0.7875995776945965;4103;1566;647
914;yawl;4750;;0.7402105263157894;0.8413496051687006;0.7402105263157894;0.7875461977825063;3516;663;1234
239;Bernese_mountain_dog;4750;;0.8589473684210527;0.7268840192410476;0.8589473684210527;0.7874167712052494;4080;1533;670
427;barrel;4750;;0.7536842105263157;0.8241252302025782;0.7536842105263157;0.7873323070156146;3580;764;1170
379;howler_monkey;4750;;0.7884210526315789;0.7856093979441997;0.7884210526315789;0.7870127140905747;3745;1022;1005
264;Cardigan;4750;;0.7467368421052631;0.8312631825638622;0.7467368421052631;0.7867361650216259;3547;720;1203
901;whiskey_jug;4750;;0.8532631578947368;0.7280402371115502;0.8532631578947368;0.785693515556848;4053;1514;697
471;cannon;4750;;0.7006315789473684;0.8939027665860865;0.7006315789473684;0.7855541130650301;3328;395;1422
515;cowboy_hat;4750;;0.7250526315789474;0.8569295844737497;0.7250526315789474;0.7854943551146083;3444;575;1306
458;brass;4750;;0.6875789473684211;0.9158721256309591;0.6875789473684211;0.7854737854737855;3266;300;1484
286;cougar;4750;;0.7543157894736842;0.8187842778793418;0.7543157894736842;0.7852290159982468;3583;793;1167
614;kimono;4750;;0.7517894736842106;0.8214860823556476;0.7517894736842106;0.7850939870286908;3571;776;1179
18;magpie;4750;;0.6707368421052632;0.9459619952494062;0.6707368421052632;0.7849223946784923;3186;182;1564
457;bow_tie;4750;;0.7543157894736842;0.8174766141911932;0.7543157894736842;0.7846271761743129;3583;800;1167
51;triceratops;4750;;0.7410526315789474;0.8327418973267092;0.7410526315789474;0.784226356243734;3520;707;1230
198;standard_schnauzer;4750;;0.7501052631578947;0.8209677419354838;0.7501052631578947;0.7839383938393839;3563;777;1187
957;pomegranate;4750;;0.6778947368421052;0.9287568503028555;0.6778947368421052;0.78374102470488;3220;247;1530
686;oil_filter;4750;;0.7690526315789473;0.7970761509927995;0.7690526315789473;0.7828136719168541;3653;930;1097
707;pay-phone;4750;;0.744;0.8253152732368052;0.744;0.7825509300265722;3534;748;1216
500;cliff_dwelling;4750;;0.6936842105263158;0.8970868499863871;0.6936842105263158;0.7823815742609521;3295;378;1455
149;dugong;4750;;0.779578947368421;0.7848664688427299;0.779578947368421;0.7822137727080694;3703;1015;1047
70;harvestman;4750;;0.7107368421052631;0.8696548171045853;0.7107368421052631;0.7822057460611678;3376;506;1374
75;black_widow;4750;;0.755578947368421;0.8107070250734132;0.755578947368421;0.7821728233627547;3589;838;1161
994;stinkhorn;4750;;0.7886315789473685;0.7749275961936285;0.7886315789473685;0.7817195325542571;3746;1088;1004
711;perfume;4750;;0.7233684210526315;0.850284583024004;0.7233684210526315;0.7817085655784325;3436;605;1314
105;koala;4750;;0.6882105263157895;0.9045379081350304;0.6882105263157895;0.7816834050693449;3269;345;1481
645;maypole;4750;;0.9061052631578947;0.6869912210694333;0.9061052631578947;0.7814798002723559;4304;1961;446
203;West_Highland_white_terrier;4750;;0.8002105263157895;0.7624874623871615;0.8002105263157895;0.7808936825885978;3801;1184;949
451;bolo_tie;4750;;0.8446315789473684;0.7258910801519812;0.8446315789473684;0.7807725990074925;4012;1515;738
41;whiptail;4750;;0.7471578947368421;0.8175535590877678;0.7471578947368421;0.7807721922780774;3549;792;1201
816;spindle;4750;;0.6597894736842105;0.9560707748627212;0.6597894736842105;0.7807673143996013;3134;144;1616
532;dining_table;4750;;0.7433684210526316;0.8217360949499651;0.7433684210526316;0.7805902509119046;3531;766;1219
570;gasmask;4750;;0.8056842105263158;0.7564736113856494;0.8056842105263158;0.7803038026302376;3827;1232;923
228;komondor;4750;;0.8214736842105264;0.7429550647372429;0.8214736842105264;0.780243951209758;3902;1350;848
326;lycaenid;4750;;0.8671578947368421;0.7087061252580867;0.8671578947368421;0.7799659155462981;4119;1693;631
270;white_wolf;4750;;0.7126315789473684;0.861323155216285;0.7126315789473684;0.7799539170506912;3385;545;1365
761;remote_control;4750;;0.704;0.8740198640878202;0.704;0.7798507462686566;3344;482;1406
920;traffic_light;4750;;0.7732631578947369;0.7865096359743041;0.7732631578947369;0.7798301486199576;3673;997;1077
988;acorn;4750;;0.7743157894736842;0.7852263023057217;0.7743157894736842;0.7797328810684758;3678;1006;1072
853;thatch;4750;;0.7271578947368421;0.8399805447470817;0.7271578947368421;0.7795080117354999;3454;658;1296
521;Crock_Pot;4750;;0.6913684210526316;0.8933623503808488;0.6913684210526316;0.7794920484215523;3284;392;1466
229;Old_English_sheepdog;4750;;0.8515789473684211;0.7183448765760966;0.8515789473684211;0.7793083517965513;4045;1586;705
273;dingo;4750;;0.744421052631579;0.8162511542012927;0.744421052631579;0.7786831094472584;3536;796;1214
670;motor_scooter;4750;;0.844842105263158;0.7211141060197664;0.844842105263158;0.7780901599612216;4013;1552;737
48;Komodo_dragon;4750;;0.7033684210526315;0.8705054715997915;0.7033684210526315;0.7780624126688402;3341;497;1409
981;ballplayer;4750;;0.8088421052631579;0.7495122902848225;0.8088421052631579;0.7780477926285946;3842;1284;908
768;rugby_ball;4750;;0.7;0.8747697974217311;0.7;0.7776868202549408;3325;476;1425
190;Sealyham_terrier;4750;;0.8166315789473684;0.7419663351185922;0.8166315789473684;0.777510523150932;3879;1349;871
820;steam_locomotive;4750;;0.8143157894736842;0.7438461538461538;0.8143157894736842;0.7774874371859297;3868;1332;882
629;lipstick;4750;;0.7894736842105263;0.7653061224489796;0.7894736842105263;0.7772020725388602;3750;1150;1000
423;barber_chair;4750;;0.7414736842105263;0.8160333642261353;0.7414736842105263;0.7769688947716743;3522;794;1228
781;scoreboard;4750;;0.7903157894736842;0.7639397639397639;0.7903157894736842;0.7769039735099338;3754;1160;996
243;bull_mastiff;4750;;0.6844210526315789;0.897075055187638;0.6844210526315789;0.7764509195127776;3251;373;1499
338;guinea_pig;4750;;0.6766315789473685;0.9102237326536392;0.6766315789473685;0.7762347542567323;3214;317;1536
780;schooner;4750;;0.8094736842105263;0.7455885204576304;0.8094736842105263;0.7762188351670537;3845;1312;905
573;go-kart;4750;;0.8450526315789474;0.7172980700500358;0.8450526315789474;0.7759520587666731;4014;1582;736
400;academic_gown;4750;;0.6835789473684211;0.8962186033673751;0.6835789473684211;0.7755882001672041;3247;376;1503
518;crash_helmet;4750;;0.8046315789473685;0.7476525821596244;0.8046315789473685;0.7750963293449605;3822;1290;928
235;German_shepherd;4750;;0.7572631578947369;0.7935142289874255;0.7572631578947369;0.7749649897662394;3597;936;1153
69;trilobite;4750;;0.6951578947368421;0.8747019867549669;0.6951578947368421;0.7746627565982405;3302;473;1448
127;white_stork;4750;;0.6557894736842105;0.9453717754172989;0.6557894736842105;0.774394033561218;3115;180;1635
45;Gila_monster;4750;;0.6633684210526316;0.9292244175759363;0.6633684210526316;0.7741063751381895;3151;240;1599
293;cheetah;4750;;0.8667368421052631;0.69921875;0.8667368421052631;0.7740176724948298;4117;1771;633
773;saltshaker;4750;;0.7951578947368421;0.7523904382470119;0.7951578947368421;0.7731832139201636;3777;1243;973
95;jacamar;4750;;0.9366315789473684;0.6578441520035487;0.9366315789473684;0.7728654564405454;4449;2314;301
551;face_powder;4750;;0.8187368421052632;0.7317027281279398;0.8187368421052632;0.7727769498261301;3889;1426;861
756;rain_barrel;4750;;0.7;0.862292531120332;0.7;0.7727167092726005;3325;531;1425
823;stethoscope;4750;;0.7056842105263158;0.8537952114111055;0.7056842105263158;0.772706316274781;3352;574;1398
214;Gordon_setter;4750;;0.771578947368421;0.7736964323411442;0.771578947368421;0.7726362390639823;3665;1072;1085
307;weevil;4750;;0.6751578947368421;0.9026175063326766;0.6751578947368421;0.772491870408286;3207;346;1543
7;cock;4750;;0.8145263157894737;0.733877086494689;0.8145263157894737;0.7721013769706645;3869;1403;881
330;wood_rabbit;4750;;0.8056842105263158;0.7410921766072812;0.8056842105263158;0.7720395400443816;3827;1337;923
627;limousine;4750;;0.7547368421052632;0.7891261281091789;0.7547368421052632;0.771548477348542;3585;958;1165
553;file;4750;;0.6983157894736842;0.8602178423236515;0.6983157894736842;0.7708575412502905;3317;539;1433
699;panpipe;4750;;0.8086315789473684;0.735823754789272;0.8086315789473684;0.7705115346038115;3841;1379;909
855;thimble;4750;;0.7056842105263158;0.8479635719706552;0.7056842105263158;0.7703090888199471;3352;601;1398
99;goose;4750;;0.7448421052631579;0.7973856209150327;0.7448421052631579;0.7702187874170023;3538;899;1212
745;projector;4750;;0.7010526315789474;0.8545034642032333;0.7010526315789474;0.7702093211518446;3330;567;1420
882;vacuum;4750;;0.6585263157894737;0.9265402843601895;0.6585263157894737;0.7698744769874477;3128;248;1622
171;Italian_greyhound;4750;;0.72;0.8270858524788391;0.72;0.7698368036015757;3420;715;1330
877;turnstile;4750;;0.7225263157894737;0.8236141108711303;0.7225263157894737;0.7697656162386453;3432;735;1318
346;water_buffalo;4750;;0.7269473684210527;0.8172781065088758;0.7269473684210527;0.7694707520891366;3453;772;1297
610;jersey;4750;;0.7138947368421052;0.8343996062992126;0.7138947368421052;0.7694576809621058;3391;673;1359
174;Norwegian_elkhound;4750;;0.7738947368421053;0.7639235245220283;0.7738947368421053;0.7688768040158963;3676;1136;1074
517;crane;4750;;0.7454736842105263;0.7935903182429404;0.7454736842105263;0.7687798523664785;3541;921;1209
822;steel_drum;4750;;0.755578947368421;0.7824286025724875;0.755578947368421;0.7687694120167078;3589;998;1161
110;flatworm;4750;;0.8132631578947368;0.7288679245283018;0.8132631578947368;0.7687562189054726;3863;1437;887
467;butcher_shop;4750;;0.6861052631578948;0.8739608474121748;0.6861052631578948;0.7687227267366435;3259;470;1491
934;hotdog;4750;;0.7061052631578948;0.8418674698795181;0.7061052631578948;0.768032974582093;3354;630;1396
439;bearskin;4750;;0.8962105263157895;0.6714511041009463;0.8962105263157895;0.7677186654643822;4257;2083;493
983;scuba_diver;4750;;0.6966315789473684;0.854155911202891;0.6966315789473684;0.7673933209647495;3309;565;1441
331;hare;4750;;0.8103157894736842;0.7284254352763059;0.8103157894736842;0.7671915487343034;3849;1435;901
929;ice_lolly;4750;;0.6823157894736842;0.875;0.6823157894736842;0.7667376389874616;3241;463;1509
941;acorn_squash;4750;;0.7115789473684211;0.8300589390962672;0.7115789473684211;0.7662661527998186;3380;692;1370
503;cocktail_shaker;4750;;0.7612631578947369;0.7701810436634717;0.7612631578947369;0.7656961355214399;3616;1079;1134
959;carbonara;4750;;0.7610526315789473;0.7696401958697041;0.7610526315789473;0.7653223245474754;3615;1082;1135
896;washbasin;4750;;0.7806315789473685;0.75;0.7806315789473685;0.7650092840932536;3708;1236;1042
881;upright;4750;;0.8185263157894737;0.7178729689807977;0.8185263157894737;0.7649026165650207;3888;1528;862
846;table_lamp;4750;;0.8044210526315789;0.7289202594429607;0.8044210526315789;0.7648118494795836;3821;1421;929
916;web_site;4750;;0.7938947368421052;0.7369552472151651;0.7938947368421052;0.7643660687138949;3771;1346;979
897;washer;4750;;0.6614736842105263;0.9041726618705036;0.6614736842105263;0.7640121580547112;3142;333;1608
770;running_shoe;4750;;0.6907368421052632;0.8533159947984396;0.6907368421052632;0.7634671320535196;3281;564;1469
531;digital_watch;4750;;0.7309473684210527;0.7979774764421972;0.7309473684210527;0.7629930776837709;3472;879;1278
441;beer_glass;4750;;0.7505263157894737;0.7758433079434167;0.7505263157894737;0.7629748528624932;3565;1030;1185
608;jean;4750;;0.7267368421052631;0.802417480241748;0.7267368421052631;0.7627043747238179;3452;850;1298
589;hand_blower;4750;;0.6427368421052632;0.9370779619398404;0.6427368421052632;0.7624875124875125;3053;205;1697
717;pickup;4750;;0.6734736842105263;0.8786047789068937;0.6734736842105263;0.7624836133953045;3199;442;1551
352;impala;4750;;0.7911578947368421;0.7352768538446488;0.7911578947368421;0.7621945036000406;3758;1353;992
875;trombone;4750;;0.7269473684210527;0.8007884972170687;0.7269473684210527;0.7620834252924299;3453;859;1297
635;magnetic_compass;4750;;0.8103157894736842;0.7189017556966754;0.8103157894736842;0.7618764845605701;3849;1505;901
647;measuring_cup;4750;;0.6789473684210526;0.8674018289402905;0.6789473684210526;0.7616910722720831;3225;493;1525
752;racket;4750;;0.7058947368421052;0.8258620689655173;0.7058947368421052;0.7611804767309875;3353;707;1397
949;strawberry;4750;;0.7646315789473684;0.7572977481234362;0.7646315789473684;0.760946993505133;3632;1164;1118
410;apiary;4750;;0.6905263157894737;0.8464516129032258;0.6905263157894737;0.7605797101449275;3280;595;1470
924;guacamole;4750;;0.6673684210526316;0.8839933073061907;0.6673684210526316;0.760556621880998;3170;416;1580
840;swab;4750;;0.7597894736842106;0.7612318076355199;0.7597894736842106;0.76050995680118;3609;1132;1141
81;ptarmigan;4750;;0.6985263157894737;0.8345070422535211;0.6985263157894737;0.7604859041943616;3318;658;1432
932;pretzel;4750;;0.7216842105263158;0.8031865042174321;0.7216842105263158;0.7602572632512753;3428;840;1322
543;dumbbell;4750;;0.6831578947368421;0.8568787958806443;0.6831578947368421;0.7602202178751317;3245;542;1505
850;teddy;4750;;0.7362105263157894;0.7853132719514934;0.7362105263157894;0.7599695751385417;3497;956;1253
132;American_egret;4750;;0.8541052631578947;0.6841483979763913;0.8541052631578947;0.7597378277153558;4057;1873;693
53;ringneck_snake;4750;;0.7498947368421053;0.7698292630213962;0.7498947368421053;0.7597312573317693;3562;1065;1188
765;rocking_chair;4750;;0.6776842105263158;0.8634656652360515;0.6776842105263158;0.759377211606511;3219;509;1531
963;pizza;4750;;0.659578947368421;0.8946316390633924;0.659578947368421;0.7593310712554533;3133;369;1617
579;grand_piano;4750;;0.7002105263157895;0.8292196459735727;0.7002105263157895;0.7592740554731195;3326;685;1424
616;knot;4750;;0.7191578947368421;0.8031977427698096;0.7191578947368421;0.7588581583916474;3416;837;1334
561;forklift;4750;;0.7326315789473684;0.7857304131858207;0.7326315789473684;0.7582525329556596;3480;949;1270
665;moped;4750;;0.6808421052631579;0.8551031200423057;0.6808421052631579;0.7580872011251758;3234;548;1516
279;Arctic_fox;4750;;0.8101052631578948;0.7123287671232876;0.8101052631578948;0.7580772261623325;3848;1554;902
936;head_cabbage;4750;;0.7490526315789474;0.7671410090556274;0.7490526315789474;0.757988922028121;3558;1080;1192
169;borzoi;4750;;0.8206315789473684;0.7036101083032491;0.8206315789473684;0.7576287657920311;3898;1642;852
837;sunglasses;4750;;0.6932631578947368;0.8321961081627496;0.6932631578947368;0.756402894223039;3293;664;1457
790;shopping_basket;4750;;0.7178947368421053;0.7980341680318278;0.7178947368421053;0.7558461708965976;3410;863;1340
666;mortar;4750;;0.7183157894736842;0.797196261682243;0.7183157894736842;0.7557032115171651;3412;868;1338
8;hen;4750;;0.6812631578947368;0.8482306684141546;0.6812631578947368;0.7556333917104494;3236;579;1514
649;megalith;4750;;0.6652631578947369;0.8738938053097345;0.6652631578947369;0.755438680372938;3160;456;1590
654;minibus;4750;;0.796;0.7180022787694645;0.796;0.7549920127795529;3781;1485;969
676;muzzle;4750;;0.6538947368421053;0.8930419781483612;0.6538947368421053;0.754982984929509;3106;372;1644
826;stopwatch;4750;;0.6856842105263158;0.8390005151983514;0.6856842105263158;0.754633920296571;3257;625;1493
421;bannister;4750;;0.7098947368421052;0.8051575931232091;0.7098947368421052;0.7545312150369209;3372;816;1378
806;sock;4750;;0.6810526315789474;0.843986433602922;0.6810526315789474;0.7538156821624141;3235;598;1515
514;cowboy_boot;4750;;0.704421052631579;0.810365705982078;0.704421052631579;0.753688478432256;3346;783;1404
295;American_black_bear;4750;;0.7684210526315789;0.7390159951407167;0.7684210526315789;0.7534317267003818;3650;1289;1100
332;Angora;4750;;0.7917894736842105;0.7185708826901032;0.7917894736842105;0.7534054487179487;3761;1473;989
211;vizsla;4750;;0.7406315789473684;0.7631236442516269;0.7406315789473684;0.7517094017094017;3518;1092;1232
778;scale;4750;;0.6185263157894737;0.955757970071568;0.6185263157894737;0.7510224948875256;2938;136;1812
154;Pekinese;4750;;0.6938947368421052;0.8182720953326713;0.6938947368421052;0.7509683299156983;3296;732;1454
548;entertainment_center;4750;;0.887578947368421;0.6496147919876734;0.887578947368421;0.7501779359430605;4216;2274;534
125;hermit_crab;4750;;0.6741052631578948;0.8444092827004219;0.6741052631578948;0.7497073284944977;3202;590;1548
236;Doberman;4750;;0.6707368421052632;0.8496;0.6707368421052632;0.7496470588235294;3186;564;1564
404;airliner;4750;;0.8134736842105263;0.6950890447922288;0.8134736842105263;0.7496362401784848;3864;1695;886
343;warthog;4750;;0.7254736842105263;0.7754275427542754;0.7254736842105263;0.7496193169458342;3446;998;1304
540;drilling_platform;4750;;0.8650526315789474;0.661036036036036;0.8650526315789474;0.7494072587999271;4109;2107;641
234;Rottweiler;4750;;0.7328421052631579;0.7664024658740642;0.7328421052631579;0.7492466637968145;3481;1061;1269
391;coho;4750;;0.659157894736842;0.8670728330102465;0.659157894736842;0.748953474464777;3131;480;1619
39;common_iguana;4750;;0.7317894736842105;0.7666519629466255;0.7317894736842105;0.7488151658767772;3476;1058;1274
122;American_lobster;4750;;0.7949473684210526;0.7075135844107177;0.7949473684210526;0.748686428075741;3776;1561;974
72;black_and_gold_garden_spider;4750;;0.92;0.6305916305916306;0.92;0.7482876712328766;4370;2560;380
29;axolotl;4750;;0.776;0.7217544546700607;0.776;0.7478948970274932;3686;1421;1064
596;hatchet;4750;;0.6587368421052632;0.862934362934363;0.6587368421052632;0.747134670487106;3129;497;1621
56;king_snake;4750;;0.6216842105263158;0.9356780735107731;0.6216842105263158;0.7470275739944348;2953;203;1797
704;parking_meter;4750;;0.744421052631579;0.7494701144552777;0.744421052631579;0.7469370511195607;3536;1182;1214
173;Ibizan_hound;4750;;0.6581052631578947;0.8632974316487159;0.6581052631578947;0.7468641739338191;3126;495;1624
475;car_mirror;4750;;0.904;0.6360539179380833;0.904;0.7467176767237632;4294;2457;456
86;partridge;4750;;0.7850526315789473;0.7117770566902081;0.7850526315789473;0.7466212834117529;3729;1510;1021
224;groenendael;4750;;0.6825263157894736;0.8236788617886179;0.6825263157894736;0.746488602348607;3242;694;1508
720;pill_bottle;4750;;0.7612631578947369;0.7312436804853387;0.7612631578947369;0.7459515214027849;3616;1329;1134
572;goblet;4750;;0.6762105263157895;0.831693423096841;0.6762105263157895;0.7459359033906178;3212;650;1538
958;hay;4750;;0.6650526315789473;0.8489653319000269;0.6650526315789473;0.7458387439499468;3159;562;1591
27;eft;4750;;0.6772631578947368;0.8291237113402062;0.6772631578947368;0.7455388180764774;3217;663;1533
753;radiator;4750;;0.6955789473684211;0.8029161603888214;0.6955789473684211;0.7454032712915963;3304;811;1446
185;Norfolk_terrier;4750;;0.631578947368421;0.9088155104513783;0.631578947368421;0.74524903738666;3000;301;1750
43;frilled_lizard;4750;;0.6821052631578948;0.8206686930091185;0.6821052631578948;0.7449988503104162;3240;708;1510
297;sloth_bear;4750;;0.7086315789473684;0.7847983212870133;0.7086315789473684;0.7447726518420179;3366;923;1384
544;Dutch_oven;4750;;0.6816842105263158;0.8205778003041054;0.6816842105263158;0.7447102115915363;3238;708;1512
564;four-poster;4750;;0.7783157894736842;0.7134311076804323;0.7783157894736842;0.7444623439387837;3697;1485;1053
631;lotion;4750;;0.7654736842105263;0.7238701970933705;0.7654736842105263;0.7440908625805792;3636;1387;1114
759;reflex_camera;4750;;0.6987368421052632;0.7949700598802395;0.6987368421052632;0.7437535014005602;3319;856;1431
223;schipperke;4750;;0.6877894736842105;0.8094648166501487;0.6877894736842105;0.7436831322558617;3267;769;1483
812;space_shuttle;4750;;0.8029473684210526;0.6924473493100944;0.8029473684210526;0.7436147397153441;3814;1694;936
117;chambered_nautilus;4750;;0.8290526315789474;0.6738535249828884;0.8290526315789474;0.7434396828393429;3938;1906;812
710;pencil_sharpener;4750;;0.6301052631578947;0.9055975794251134;0.6301052631578947;0.7431409062693979;2993;312;1757
194;Dandie_Dinmont;4750;;0.8071578947368421;0.6884539414616627;0.8071578947368421;0.7430952611687177;3834;1735;916
730;plow;4750;;0.6490526315789473;0.8689402480270575;0.6490526315789473;0.7430706194263677;3083;465;1667
833;submarine;4750;;0.7105263157894737;0.7785467128027682;0.7105263157894737;0.7429829389102919;3375;960;1375
939;zucchini;4750;;0.7021052631578948;0.7880434782608695;0.7021052631578948;0.7425963037185483;3335;897;1415
128;black_stork;4750;;0.8467368421052631;0.6610782380013149;0.8467368421052631;0.7424773860070149;4022;2062;728
520;crib;4750;;0.6911578947368421;0.8019052271617001;0.6911578947368421;0.7424242424242424;3283;811;1467
308;fly;4750;;0.6454736842105263;0.873255482768442;0.6454736842105263;0.7422830165839486;3066;445;1684
150;sea_lion;4750;;0.6311578947368421;0.9008413461538461;0.6311578947368421;0.7422629363703888;2998;330;1752
772;safety_pin;4750;;0.6842105263157895;0.810675979047144;0.6842105263157895;0.7420938463294896;3250;759;1500
640;manhole_cover;4750;;0.6734736842105263;0.8259746966176091;0.6734736842105263;0.7419691522671925;3199;674;1551
80;black_grouse;4750;;0.8606315789473684;0.651993620414673;0.8606315789473684;0.7419237749546279;4088;2182;662
927;trifle;4750;;0.848421052631579;0.6591429506051685;0.848421052631579;0.741899852724595;4030;2084;720
336;marmot;4750;;0.7429473684210526;0.7402978812670442;0.7429473684210526;0.7416202584848166;3529;1238;1221
632;loudspeaker;4750;;0.6661052631578948;0.8357105124141574;0.6661052631578948;0.7413308341143393;3164;622;1586
511;convertible;4750;;0.8130526315789474;0.6808885754583921;0.8130526315789474;0.7411245442333525;3862;1810;888
785;seat_belt;4750;;0.7185263157894737;0.7642185400806091;0.7185263157894737;0.7406684027777778;3413;1053;1337
179;Staffordshire_bullterrier;4750;;0.6511578947368422;0.8586896168795114;0.6511578947368422;0.74066091954023;3093;509;1657
287;lynx;4750;;0.7018947368421052;0.7839172348930167;0.7018947368421052;0.7406420082194823;3334;919;1416
116;chiton;4750;;0.7195789473684211;0.7607389272201202;0.7195789473684211;0.7395867142702586;3418;1075;1332
221;Irish_water_spaniel;4750;;0.8286315789473684;0.6674580295065288;0.8286315789473684;0.7393632009016625;3936;1961;814
830;stretcher;4750;;0.6589473684210526;0.842076943771859;0.6589473684210526;0.7393409708279202;3130;587;1620
263;Pembroke;4750;;0.6322105263157894;0.88898756660746;0.6322105263157894;0.7389271653543306;3003;375;1747
731;plunger;4750;;0.6458947368421053;0.8630098452883262;0.6458947368421053;0.738832028898254;3068;487;1682
290;jaguar;4750;;0.655157894736842;0.8468027210884354;0.655157894736842;0.7387537091988131;3112;563;1638
883;vase;4750;;0.6728421052631579;0.8182283666154634;0.6728421052631579;0.7384473197781886;3196;710;1554
724;pirate;4750;;0.6745263157894736;0.8156822810590632;0.6745263157894736;0.7384189905508182;3204;724;1546
537;dogsled;4750;;0.9143157894736842;0.6192784828176244;0.9143157894736842;0.738417070475219;4343;2670;407
931;bagel;4750;;0.659157894736842;0.8389603429796356;0.659157894736842;0.7382692761141241;3131;601;1619
593;harmonica;4750;;0.8035789473684211;0.6822162645218945;0.8035789473684211;0.7379410343160947;3817;1778;933
966;red_wine;4750;;0.7225263157894737;0.7534577387486279;0.7225263157894737;0.7376679204728641;3432;1123;1318
220;Sussex_spaniel;4750;;0.7233684210526315;0.7520245130225433;0.7233684210526315;0.7374181779160853;3436;1133;1314
418;ballpoint;4750;;0.6705263157894736;0.8189766006685524;0.6705263157894736;0.7373538604005093;3185;704;1565
490;chain_mail;4750;;0.7482105263157894;0.7263437563866748;0.7482105263157894;0.7371150057036192;3554;1339;1196
796;ski_mask;4750;;0.8423157894736842;0.6546138743455497;0.8423157894736842;0.7366967409316885;4001;2111;749
192;cairn;4750;;0.64;0.866837753065298;0.64;0.7363449194622743;3040;467;1710
776;sax;4750;;0.7353684210526316;0.7369198312236287;0.7353684210526316;0.7361433087460485;3493;1247;1257
429;baseball;4750;;0.7082105263157895;0.765415244596132;0.7082105263157895;0.7357025697102241;3364;1031;1386
463;bucket;4750;;0.6865263157894737;0.7920816128248724;0.6865263157894737;0.7355362580354121;3261;856;1489
729;plate_rack;4750;;0.6625263157894736;0.8259842519685039;0.6625263157894736;0.7352803738317757;3147;663;1603
259;Pomeranian;4750;;0.8351578947368421;0.6562448304383788;0.8351578947368421;0.7349698934691986;3967;2078;783
682;obelisk;4750;;0.6766315789473685;0.8032991752061984;0.6766315789473685;0.7345446234716032;3214;787;1536
550;espresso_maker;4750;;0.6934736842105264;0.7805687203791469;0.6934736842105264;0.7344481605351171;3294;926;1456
857;throne;4750;;0.7294736842105263;0.7383336884721926;0.7294736842105263;0.7338769458858413;3465;1228;1285
985;daisy;4750;;0.9694736842105263;0.590157631680123;0.9694736842105263;0.7336891579702064;4605;3198;145
789;shoji;4750;;0.824;0.6609253630530226;0.824;0.7335082458770614;3914;2008;836
828;strainer;4750;;0.6326315789473684;0.872278664731495;0.6326315789473684;0.7333740085417937;3005;440;1745
494;chime;4750;;0.671578947368421;0.8069820389577536;0.671578947368421;0.7330805469378375;3190;763;1560
109;brain_coral;4750;;0.7126315789473684;0.754401604635614;0.7126315789473684;0.7329219443542275;3385;1102;1365
242;boxer;4750;;0.6658947368421053;0.8141570141570141;0.6658947368421053;0.732599884192241;3163;722;1587
946;cardoon;4750;;0.9183157894736842;0.6093029752758765;0.9183157894736842;0.7325552103451172;4362;2797;388
232;Border_collie;4750;;0.8210526315789474;0.6609049313675648;0.8210526315789474;0.7323256032297437;3900;2001;850
889;violin;4750;;0.6966315789473684;0.7711489163365183;0.6966315789473684;0.7319986727131954;3309;982;1441
47;African_chameleon;4750;;0.7934736842105263;0.6793439077144917;0.7934736842105263;0.7319867935521461;3769;1779;981
252;affenpinscher;4750;;0.779578947368421;0.6895716945996275;0.779578947368421;0.7318181818181819;3703;1667;1047
79;centipede;4750;;0.6303157894736842;0.8711085248763456;0.6303157894736842;0.7314034444851594;2994;443;1756
942;butternut_squash;4750;;0.6722105263157895;0.8014558232931727;0.6722105263157895;0.7311655598809251;3193;791;1557
361;skunk;4750;;0.8703157894736843;0.6301829268292682;0.8703157894736843;0.7310344827586207;4134;2426;616
256;Newfoundland;4750;;0.6258947368421053;0.8782865583456425;0.6258947368421053;0.7309157959434541;2973;412;1777
496;Christmas_stocking;4750;;0.8538947368421053;0.6386395843174303;0.8538947368421053;0.7307449779299162;4056;2295;694
831;studio_couch;4750;;0.6976842105263158;0.7658886064247746;0.6976842105263158;0.7301972017186295;3314;1013;1436
296;ice_bear;4750;;0.7970526315789473;0.6736654804270462;0.7970526315789473;0.7301832208293154;3786;1834;964
709;pencil_box;4750;;0.6107368421052631;0.9074131998748827;0.6107368421052631;0.7300868252170629;2901;296;1849
384;indri;4750;;0.7953684210526316;0.6744019992859693;0.7953684210526316;0.7299072642967543;3778;1824;972
403;aircraft_carrier;4750;;0.7223157894736842;0.7375322441960447;0.7223157894736842;0.7298447138906615;3431;1221;1319
951;lemon;4750;;0.6901052631578948;0.7738432483474976;0.6901052631578948;0.729579345648787;3278;958;1472
871;trimaran;4750;;0.7496842105263158;0.7104948124501197;0.7496842105263158;0.7295636140135218;3561;1451;1189
725;pitcher;4750;;0.6263157894736842;0.8729460093896714;0.6263157894736842;0.7293454278009315;2975;433;1775
367;chimpanzee;4750;;0.8061052631578948;0.6656815020862309;0.8061052631578948;0.7291944391544468;3829;1923;921
182;Border_terrier;4750;;0.6873684210526316;0.7751661918328585;0.6873684210526316;0.7286320017853158;3265;947;1485
580;greenhouse;4750;;0.6178947368421053;0.8867069486404834;0.6178947368421053;0.728287841191067;2935;375;1815
209;Chesapeake_Bay_retriever;4750;;0.6309473684210526;0.8582474226804123;0.6309473684210526;0.7272506673137588;2997;495;1753
557;flagpole;4750;;0.7288421052631578;0.7256340389855376;0.7288421052631578;0.7272345341875853;3462;1309;1288
758;reel;4750;;0.6418947368421053;0.8385588558855885;0.6418947368421053;0.7271643214881947;3049;587;1701
530;digital_clock;4750;;0.7086315789473684;0.7458453356968757;0.7086315789473684;0.7267623879952501;3366;1147;1384
767;rubber_eraser;4750;;0.6467368421052632;0.8293736501079914;0.6467368421052632;0.7267565649396736;3072;632;1678
541;drum;4750;;0.684;0.7748628666825662;0.684;0.7266018114726602;3249;944;1501
703;park_bench;4750;;0.6835789473684211;0.7753104106972302;0.6835789473684211;0.7265607518460505;3247;941;1503
844;switch;4750;;0.6503157894736842;0.8228556206712839;0.6503157894736842;0.7264816556914393;3089;665;1661
161;basset;4750;;0.7408421052631579;0.7124924073699129;0.7408421052631579;0.7263907523996284;3519;1420;1231
249;malamute;4750;;0.6743157894736842;0.7871712951585156;0.6743157894736842;0.7263862115886155;3203;866;1547
327;starfish;4750;;0.8223157894736842;0.6501331557922769;0.8223157894736842;0.7261572783045176;3906;2102;844
679;necklace;4750;;0.6734736842105263;0.7875430822255047;0.6734736842105263;0.7260553790285975;3199;863;1551
445;bikini;4750;;0.7450526315789474;0.7078;0.7450526315789474;0.7259487179487178;3539;1461;1211
653;milk_can;4750;;0.7098947368421052;0.7427312775330397;0.7098947368421052;0.7259418729817007;3372;1168;1378
804;soap_dispenser;4750;;0.6263157894736842;0.8628190255220418;0.6263157894736842;0.725786777262747;2975;473;1775
903;wig;4750;;0.8423157894736842;0.6371019108280255;0.8423157894736842;0.7254759746146873;4001;2279;749
368;gibbon;4750;;0.7888421052631579;0.6711445459430414;0.7888421052631579;0.725249201587148;3747;1836;1003
165;black-and-tan_coonhound;4750;;0.664;0.7988855116514691;0.664;0.7252241894688435;3154;794;1596
841;sweatshirt;4750;;0.6176842105263158;0.8776548010768771;0.6176842105263158;0.7250710490547387;2934;409;1816
630;Loafer;4750;;0.7286315789473684;0.7208914809414705;0.7286315789473684;0.7247408648309077;3461;1340;1289
825;stone_wall;4750;;0.6553684210526316;0.8096228868660598;0.6553684210526316;0.7243746364165211;3113;732;1637
760;refrigerator;4750;;0.692;0.7596487173561359;0.692;0.7242480995923763;3287;1040;1463
288;leopard;4750;;0.708421052631579;0.7400483835495931;0.708421052631579;0.7238894266967839;3365;1182;1385
196;miniature_schnauzer;4750;;0.6694736842105263;0.787518573551263;0.6694736842105263;0.7237141556668184;3180;858;1570
417;balloon;4750;;0.7983157894736842;0.6616646309544582;0.7983157894736842;0.7235950768056483;3792;1939;958
440;beer_bottle;4750;;0.7522105263157894;0.6963554862599883;0.7522105263157894;0.7232061532233579;3573;1558;1177
205;flat-coated_retriever;4750;;0.692;0.7570244127130354;0.692;0.7230532336119665;3287;1055;1463
172;whippet;4750;;0.6088421052631579;0.8898461538461538;0.6088421052631579;0.723;2892;358;1858
643;mask;4750;;0.647578947368421;0.8169986719787516;0.647578947368421;0.7224897240164415;3076;689;1674
487;cellular_telephone;4750;;0.752421052631579;0.6941153622062537;0.752421052631579;0.722093140721285;3574;1575;1176
443;bib;4750;;0.6795789473684211;0.7702219040801718;0.6795789473684211;0.7220668828990046;3228;963;1522
838;sunscreen;4750;;0.6033684210526316;0.898714330511132;0.6033684210526316;0.7220052903388336;2866;323;1884
827;stove;4750;;0.6852631578947368;0.7598039215686274;0.6852631578947368;0.7206110250166039;3255;1029;1495
523;crutch;4750;;0.6553684210526316;0.7994350282485876;0.6553684210526316;0.7202683942619158;3113;781;1637
337;beaver;4750;;0.6471578947368422;0.8115100316789863;0.6471578947368422;0.7200749590067932;3074;714;1676
181;Bedlington_terrier;4750;;0.7637894736842106;0.6805477396360908;0.7637894736842106;0.7197698641007837;3628;1703;1122
777;scabbard;4750;;0.7686315789473684;0.6767377201112141;0.7686315789473684;0.7197634302612124;3651;1744;1099
798;slide_rule;4750;;0.6482105263157895;0.8089858118759853;0.6482105263157895;0.719728845254792;3079;727;1671
227;kelpie;4750;;0.7551578947368421;0.6872964169381107;0.7551578947368421;0.7196308556525228;3587;1632;1163
134;crane;4750;;0.6178947368421053;0.8612089201877934;0.6178947368421053;0.7195391027212551;2935;473;1815
2;great_white_shark;4750;;0.6943157894736842;0.7466606293864614;0.6943157894736842;0.7195374713646775;3298;1119;1452
474;cardigan;4750;;0.6865263157894737;0.7553856845031272;0.6865263157894737;0.7193117900077203;3261;1056;1489
534;dishwasher;4750;;0.6162105263157894;0.8621502209131076;0.6162105263157894;0.7187231430325354;2927;468;1823
845;syringe;4750;;0.6593684210526316;0.7895134862616587;0.6593684210526316;0.7185958471951358;3132;835;1618
176;Saluki;4750;;0.7265263157894737;0.7105208976734609;0.7265263157894737;0.7184344748620797;3451;1406;1299
186;Norwich_terrier;4750;;0.772;0.6716117216117216;0.772;0.7183153770812928;3667;1793;1083
455;bottlecap;4750;;0.6867368421052632;0.752827140549273;0.6867368421052632;0.7182648904546957;3262;1071;1488
370;guenon;4750;;0.5972631578947368;0.9003490955252301;0.5972631578947368;0.7181369446905455;2837;314;1913
158;toy_terrier;4750;;0.7532631578947369;0.6859662576687117;0.7532631578947369;0.7180413405578968;3578;1638;1172
104;wallaby;4750;;0.6648421052631579;0.7795606023204147;0.6648421052631579;0.7176457220770367;3158;893;1592
452;bonnet;4750;;0.6332631578947369;0.8277380297193175;0.6332631578947369;0.7175572519083969;3008;626;1742
655;miniskirt;4750;;0.6402105263157895;0.8161567364465915;0.6402105263157895;0.7175554506842851;3041;685;1709
907;wine_bottle;4750;;0.6698947368421052;0.7706466456769193;0.6698947368421052;0.7167473814618763;3182;947;1568
412;ashcan;4750;;0.6397894736842106;0.814745308310992;0.6397894736842106;0.7167452830188681;3039;691;1711
155;Shih-Tzu;4750;;0.7650526315789473;0.6737115313311086;0.7650526315789473;0.7164826498422712;3634;1760;1116
349;bighorn;4750;;0.8155789473684211;0.6386416089680185;0.8155789473684211;0.7163461538461539;3874;2192;876
505;coffeepot;4750;;0.7334736842105263;0.6991772024884607;0.7334736842105263;0.715914928593445;3484;1499;1266
52;thunder_snake;4750;;0.6955789473684211;0.7371709058456046;0.6955789473684211;0.7157712305025996;3304;1178;1446
435;bathtub;4750;;0.6263157894736842;0.8345021037868162;0.6263157894736842;0.7155742633794349;2975;590;1775
38;banded_gecko;4750;;0.7688421052631579;0.6688644688644688;0.7688421052631579;0.7153770812928502;3652;1808;1098
834;suit;4750;;0.6098947368421053;0.8642601431980907;0.6098947368421053;0.7151320661565046;2897;455;1853
199;Scotch_terrier;4750;;0.6330526315789474;0.8206877729257642;0.6330526315789474;0.7147611124316615;3007;657;1743
164;bluetick;4750;;0.7406315789473684;0.6904808635917566;0.7406315789473684;0.71467750126968;3518;1577;1232
813;spatula;4750;;0.6269473684210526;0.8309151785714286;0.6269473684210526;0.7146628269738421;2978;606;1772
219;cocker_spaniel;4750;;0.6543157894736842;0.7868354430379747;0.6543157894736842;0.7144827586206897;3108;842;1642
303;long-horned_beetle;4750;;0.6833684210526316;0.7480986402396865;0.6833684210526316;0.7142699966993069;3246;1093;1504
491;chain_saw;4750;;0.788;0.6530006978367062;0.788;0.714176683838962;3743;1989;1007
811;space_heater;4750;;0.6503157894736842;0.7916453100973859;0.6503157894736842;0.714054553860379;3089;813;1661
529;diaper;4750;;0.7067368421052631;0.7210051546391752;0.7067368421052631;0.7137997023176695;3357;1299;1393
791;shopping_cart;4750;;0.7105263157894737;0.7167126778509237;0.7105263157894737;0.7136060894386298;3375;1334;1375
31;tree_frog;4750;;0.6791578947368421;0.7514558583740973;0.6791578947368421;0.7134800398097976;3226;1067;1524
722;ping-pong_ball;4750;;0.7696842105263157;0.6643648918771579;0.7696842105263157;0.7131571247439773;3656;1847;1094
389;barracouta;4750;;0.8389473684210527;0.6199439950217797;0.8389473684210527;0.7130076936840222;3985;2443;765
775;sarong;4750;;0.644;0.798277661795407;0.644;0.7128874388254486;3059;773;1691
697;pajama;4750;;0.6953684210526315;0.7310756972111554;0.6953684210526315;0.7127751402675874;3303;1215;1447
533;dishrag;4750;;0.6393684210526316;0.8051431601272534;0.6393684210526316;0.7127434874442619;3037;735;1713
858;tile_roof;4750;;0.5926315789473684;0.8928005074532191;0.5926315789473684;0.7123877008730862;2815;338;1935
597;holster;4750;;0.6092631578947368;0.8569736452472608;0.6092631578947368;0.7121939214962472;2894;483;1856
633;loupe;4750;;0.6305263157894737;0.8160762942779292;0.6305263157894737;0.7114014251781473;2995;675;1755
626;lighter;4750;;0.6850526315789474;0.7392094502498864;0.6850526315789474;0.7111013986013988;3254;1148;1496
372;baboon;4750;;0.7821052631578947;0.6516400631468163;0.7821052631578947;0.710936752463879;3715;1986;1035
394;sturgeon;4750;;0.631578947368421;0.8119079837618404;0.631578947368421;0.7104795737122557;3000;695;1750
183;Kerry_blue_terrier;4750;;0.7625263157894737;0.6648311306901615;0.7625263157894737;0.7103353598744853;3622;1826;1128
862;torch;4750;;0.7808421052631579;0.6515018443702792;0.7808421052631579;0.7103322799961698;3709;1984;1041
369;siamang;4750;;0.7189473684210527;0.7015201314708299;0.7189473684210527;0.7101268454980246;3415;1453;1335
769;rule;4750;;0.6871578947368421;0.7338129496402878;0.6871578947368421;0.7097195042400521;3264;1184;1486
950;orange;4750;;0.6193684210526316;0.8308387461169161;0.6193684210526316;0.7096852008201664;2942;599;1808
542;drumstick;4750;;0.6848421052631579;0.7358063786473649;0.6848421052631579;0.7094100970450333;3253;1168;1497
175;otterhound;4750;;0.7273684210526316;0.6918301962354826;0.7273684210526316;0.7091543513957307;3455;1539;1295
357;mink;4750;;0.671578947368421;0.7511184365434425;0.671578947368421;0.7091252639768812;3190;1057;1560
842;swimming_trunks;4750;;0.7764210526315789;0.6521662245800177;0.7764210526315789;0.7088899567515617;3688;1967;1062
267;standard_poodle;4750;;0.7305263157894737;0.6868566904196358;0.7305263157894737;0.7080187716792492;3470;1582;1280
965;burrito;4750;;0.5930526315789474;0.8753884400248602;0.5930526315789474;0.7070783132530121;2817;401;1933
693;paddle;4750;;0.7410526315789474;0.6757535035515454;0.7410526315789474;0.7068982829601366;3520;1689;1230
602;horizontal_bar;4750;;0.5993684210526316;0.8614220877458396;0.5993684210526316;0.7068901303538174;2847;458;1903
320;damselfly;4750;;0.8743157894736842;0.5928622412562455;0.8743157894736842;0.7065929391748191;4153;2852;597
740;power_drill;4750;;0.6031578947368421;0.8514115898959881;0.6031578947368421;0.7060998151571164;2865;500;1885
696;paintbrush;4750;;0.652;0.7690588527439781;0.652;0.7057081007177852;3097;930;1653
446;binder;4750;;0.6787368421052632;0.7348985639389104;0.6787368421052632;0.7057020904016635;3224;1163;1526
922;menu;4750;;0.6048421052631578;0.8459952885747939;0.6048421052631578;0.7053768720844585;2873;523;1877
869;trench_coat;4750;;0.5797894736842105;0.9;0.5797894736842105;0.7052496798975673;2754;306;1996
641;maraca;4750;;0.8665263157894737;0.5942824140918279;0.8665263157894737;0.7050359712230216;4116;2810;634
283;Persian_cat;4750;;0.7943157894736842;0.633691635875042;0.7943157894736842;0.7049701046337818;3773;2181;977
449;boathouse;4750;;0.704;0.7056341000211015;0.704;0.7048161028559384;3344;1395;1406
386;African_elephant;4750;;0.6722105263157895;0.7406634191602877;0.6722105263157895;0.7047787219953647;3193;1118;1557
456;bow;4750;;0.7987368421052632;0.6302325581395349;0.7987368421052632;0.7045496750232128;3794;2226;956
397;puffer;4750;;0.6109473684210527;0.8319954128440367;0.6109473684210527;0.704539936877883;2902;586;1848
622;lens_cap;4750;;0.5583157894736842;0.9529284944304707;0.5583157894736842;0.7041019514137793;2652;131;2098
315;mantis;4750;;0.6467368421052632;0.7724415388483782;0.6467368421052632;0.7040220006875215;3072;905;1678
940;spaghetti_squash;4750;;0.6911578947368421;0.7163430067641283;0.6911578947368421;0.7035251258973535;3283;1300;1467
818;spotlight;4750;;0.6202105263157894;0.8124655267512411;0.6202105263157894;0.7034383954154727;2946;680;1804
498;cinema;4750;;0.6166315789473684;0.8156502367028683;0.6166315789473684;0.7023138712384606;2929;662;1821
708;pedestal;4750;;0.6313684210526316;0.790458618871903;0.6313684210526316;0.7020131086142322;2999;795;1751
502;clog;4750;;0.6949473684210526;0.7089776632302406;0.6949473684210526;0.7018924091005742;3301;1355;1449
371;patas;4750;;0.6168421052631579;0.8141150319533204;0.6168421052631579;0.7018804647263145;2930;669;1820
587;hammer;4750;;0.6187368421052631;0.8096418732782369;0.6187368421052631;0.7014319809069214;2939;691;1811
201;silky_terrier;4750;;0.624421052631579;0.7998921251348435;0.624421052631579;0.7013478363679356;2966;742;1784
538;dome;4750;;0.6513684210526316;0.7594501718213058;0.6513684210526316;0.7012692656391659;3094;980;1656
513;cornet;4750;;0.6614736842105263;0.7452561669829222;0.6614736842105263;0.7008699531563685;3142;1074;1608
78;tick;4750;;0.8145263157894737;0.6147124245312997;0.8145263157894737;0.7006519377037306;3869;2425;881
590;hand-held_computer;4750;;0.735578947368421;0.6687081339712919;0.735578947368421;0.7005513784461153;3494;1731;1256
784;screwdriver;4750;;0.6288421052631579;0.7906299629433563;0.6288421052631579;0.700515947467167;2987;791;1763
581;grille;4750;;0.5747368421052632;0.8962573867367039;0.5747368421052632;0.7003591585428426;2730;316;2020
114;slug;4750;;0.6669473684210526;0.7365728900255755;0.6669473684210526;0.7000331455087836;3168;1133;1582
159;Rhodesian_ridgeback;4750;;0.6296842105263157;0.7879346680716544;0.6296842105263157;0.6999765972384742;2991;805;1759
477;carpenter's_kit;4750;;0.7418947368421053;0.662406015037594;0.7418947368421053;0.6999006951340616;3524;1796;1226
864;tow_truck;4750;;0.6966315789473684;0.7029955385595921;0.6966315789473684;0.6997990906207042;3309;1398;1441
921;book_jacket;4750;;0.6263157894736842;0.7918552036199095;0.6263157894736842;0.6994240037616082;2975;782;1775
433;bathing_cap;4750;;0.7629473684210526;0.6456440406199893;0.7629473684210526;0.6994113673646627;3624;1989;1126
419;Band_Aid;4750;;0.7096842105263158;0.688661899897855;0.7096842105263158;0.6990150336962158;3371;1524;1379
585;hair_spray;4750;;0.6073684210526316;0.822405929304447;0.6073684210526316;0.6987163962218454;2885;623;1865
180;American_Staffordshire_terrier;4750;;0.6513684210526316;0.7531645569620253;0.6513684210526316;0.698577557010612;3094;1014;1656
644;matchstick;4750;;0.6698947368421052;0.7298165137614679;0.6698947368421052;0.6985729967069155;3182;1178;1568
660;mobile_home;4750;;0.6854736842105263;0.7121609798775154;0.6854736842105263;0.698562540227419;3256;1316;1494
206;curly-coated_retriever;4750;;0.6547368421052632;0.7486759749638903;0.6547368421052632;0.6985624438454627;3110;1044;1640
504;coffee_mug;4750;;0.6486315789473684;0.7566306483300589;0.6486315789473684;0.6984810700521424;3081;991;1669
787;shield;4750;;0.6225263157894737;0.7955340328221684;0.6225263157894737;0.6984764379355144;2957;760;1793
464;buckle;4750;;0.5938947368421053;0.84765625;0.5938947368421053;0.6984402079722704;2821;507;1929
835;sundial;4750;;0.5949473684210527;0.8423248882265276;0.5949473684210527;0.6973473164713141;2826;529;1924
378;capuchin;4750;;0.7549473684210526;0.647409279653367;0.7549473684210526;0.6970551073962484;3586;1953;1164
652;military_uniform;4750;;0.6086315789473684;0.8150549760360868;0.6086315789473684;0.6968783897794384;2891;656;1859
706;patio;4750;;0.5547368421052632;0.93672236046925;0.5547368421052632;0.6968134338225572;2635;178;2115
737;pop_bottle;4750;;0.6507368421052632;0.7493333333333333;0.6507368421052632;0.6965633802816902;3091;1034;1659
675;moving_van;4750;;0.6322105263157894;0.7753679318357862;0.6322105263157894;0.6965093354980865;3003;870;1747
943;cucumber;4750;;0.6658947368421053;0.7299792291714747;0.6658947368421053;0.6964659253550589;3163;1170;1587
168;redbone;4750;;0.7138947368421052;0.6790148177813377;0.7138947368421052;0.6960180623973727;3391;1603;1359
713;photocopier;4750;;0.8157894736842105;0.606226533166458;0.8157894736842105;0.6955663256147908;3875;2517;875
795;ski;4750;;0.7741052631578947;0.6314614459900395;0.7741052631578947;0.6955452567861534;3677;2146;1073
658;mitten;4750;;0.6915789473684211;0.6993825846284862;0.6915789473684211;0.695458875833598;3285;1412;1465
723;pinwheel;4750;;0.7850526315789473;0.6241004184100418;0.7850526315789473;0.6953846153846154;3729;2246;1021
617;lab_coat;4750;;0.771578947368421;0.6327693370165746;0.771578947368421;0.6953139821665717;3665;2127;1085
299;meerkat;4750;;0.8330526315789474;0.5965626413387607;0.8330526315789474;0.6952472986031801;3957;2676;793
656;minivan;4750;;0.6431578947368422;0.7545072857495678;0.6431578947368422;0.6943970905784749;3055;994;1695
847;tank;4750;;0.716421052631579;0.6729286138026498;0.716421052631579;0.6939940858570409;3403;1654;1347
854;theater_curtain;4750;;0.852;0.5854187762187184;0.852;0.6939895395695791;4047;2866;703
615;knee_pad;4750;;0.8290526315789474;0.5957639939485628;0.8290526315789474;0.6933098591549297;3938;2672;812
42;agama;4750;;0.7298947368421053;0.6595016168917633;0.7298947368421053;0.6929149595283302;3467;1790;1283
123;spiny_lobster;4750;;0.5741052631578948;0.8729193341869398;0.5741052631578948;0.6926593853187707;2727;397;2023
814;speedboat;4750;;0.8473684210526315;0.5845193145512634;0.8473684210526315;0.6918184943279477;4025;2861;725
197;giant_schnauzer;4750;;0.5762105263157895;0.8653177363262725;0.5762105263157895;0.6917730317199545;2737;426;2013
469;caldron;4750;;0.6587368421052632;0.7281824528740982;0.6587368421052632;0.6917210124903284;3129;1168;1621
867;trailer_truck;4750;;0.7818947368421053;0.6197230101785416;0.7818947368421053;0.6914269757051102;3714;2279;1036
3;tiger_shark;4750;;0.7267368421052631;0.658276125095347;0.7267368421052631;0.6908144886932159;3452;1792;1298
674;mousetrap;4750;;0.7869473684210526;0.6148026315789473;0.7869473684210526;0.6903047091412742;3738;2342;1012
651;microwave;4750;;0.6722105263157895;0.7093979115752055;0.6722105263157895;0.6903037509458436;3193;1308;1557
964;potpie;4750;;0.6837894736842105;0.6968461703497104;0.6837894736842105;0.6902560833067687;3248;1413;1502
588;hamper;4750;;0.6696842105263158;0.7105204377931651;0.6696842105263158;0.6894982117698061;3181;1296;1569
177;Scottish_deerhound;4750;;0.7553684210526316;0.6325811001410437;0.7553684210526316;0.6885434657455383;3588;2084;1162
353;gazelle;4750;;0.6917894736842105;0.6852971845672575;0.6917894736842105;0.6885280251440544;3286;1509;1464
567;frying_pan;4750;;0.6126315789473684;0.7852131678359417;0.6126315789473684;0.6882686849574267;2910;796;1840
971;bubble;4750;;0.7162105263157895;0.6622542339887094;0.7162105263157895;0.6881763932436533;3402;1735;1348
481;cassette;4750;;0.6530526315789473;0.7268041237113402;0.6530526315789473;0.6879574184963407;3102;1166;1648
414;backpack;4750;;0.5437894736842105;0.935530604853314;0.5437894736842105;0.6877912395153774;2583;178;2167
437;beacon;4750;;0.7341052631578947;0.6466988130563798;0.7341052631578947;0.6876355748373102;3487;1905;1263
506;coil;4750;;0.631578947368421;0.7528230865746549;0.631578947368421;0.68689181453921;3000;985;1750
33;loggerhead;4750;;0.7235789473684211;0.6535463015782468;0.7235789473684211;0.686781896293336;3437;1822;1313
586;half_track;4750;;0.7303157894736843;0.6479267837131117;0.7303157894736843;0.686658749010293;3469;1885;1281
577;gong;4750;;0.8808421052631579;0.562441188331765;0.8808421052631579;0.6865206333579457;4184;3255;566
662;modem;4750;;0.6701052631578948;0.703736458103029;0.6701052631578948;0.6865092203170495;3183;1340;1567
208;Labrador_retriever;4750;;0.6496842105263158;0.7273155786000471;0.6496842105263158;0.6863115756699655;3086;1157;1664
411;apron;4750;;0.5753684210526315;0.8498134328358209;0.5753684210526315;0.6861662063771027;2733;483;2017
638;maillot;4750;;0.6362105263157894;0.7432365961633055;0.6362105263157894;0.6855716878402904;3022;1044;1728
305;dung_beetle;4750;;0.6509473684210526;0.7237827715355806;0.6509473684210526;0.6854356018621148;3092;1180;1658
106;wombat;4750;;0.5741052631578948;0.8484754200373367;0.5741052631578948;0.6848317428427926;2727;487;2023
879;umbrella;4750;;0.6513684210526316;0.7215485074626866;0.6513684210526316;0.6846647488382386;3094;1194;1656
680;nipple;4750;;0.7907368421052632;0.6034704370179949;0.7907368421052632;0.6845270639693822;3756;2468;994
212;English_setter;4750;;0.6861052631578948;0.6827990781479154;0.6861052631578948;0.6844481780951381;3259;1514;1491
700;paper_towel;4750;;0.6058947368421053;0.7844099209593894;0.6058947368421053;0.6836916498396485;2878;791;1872
438;beaker;4750;;0.6524210526315789;0.7178596247394023;0.6524210526315789;0.6835778096393514;3099;1218;1651
683;oboe;4750;;0.732;0.6409216589861751;0.732;0.6834398034398034;3477;1948;1273
667;mortarboard;4750;;0.8433684210526315;0.5740899971338492;0.8433684210526315;0.6831514324693041;4006;2972;744
618;ladle;4750;;0.5368421052631579;0.9381898454746137;0.5368421052631579;0.6829137653990359;2550;168;2200
202;soft-coated_wheaten_terrier;4750;;0.5968421052631578;0.7965720708064062;0.5968421052631578;0.6823925863521482;2835;724;1915
600;hook;4750;;0.5623157894736842;0.8672077922077922;0.5623157894736842;0.6822477650063857;2671;409;2079
126;isopod;4750;;0.6461052631578947;0.7185670803090611;0.6461052631578947;0.6804123711340206;3069;1202;1681
377;marmoset;4750;;0.7410526315789474;0.6286836935166994;0.7410526315789474;0.6802589622185718;3520;2079;1230
962;meat_loaf;4750;;0.6206315789473684;0.7524247064828994;0.6206315789473684;0.6802030456852791;2948;970;1802
184;Irish_terrier;4750;;0.6113684210526316;0.7652173913043478;0.6113684210526316;0.6796957284961965;2904;891;1846
887;vestment;4750;;0.6837894736842105;0.6755407653910149;0.6837894736842105;0.6796400920694706;3248;1560;1502
492;chest;4750;;0.5816842105263158;0.8169722057953873;0.5816842105263158;0.6795376291195278;2763;619;1987
360;otter;4750;;0.7970526315789473;0.5922102299389957;0.7970526315789473;0.6795297496185946;3786;2607;964
118;Dungeness_crab;4750;;0.7252631578947368;0.6391465677179963;0.7252631578947368;0.6794871794871794;3445;1945;1305
634;lumbermill;4750;;0.6791578947368421;0.6797302991993257;0.6791578947368421;0.6794439764111204;3226;1520;1524
82;ruffed_grouse;4750;;0.7884210526315789;0.5969078737647434;0.7884210526315789;0.6794267053701016;3745;2529;1005
894;wardrobe;4750;;0.6726315789473685;0.684887459807074;0.6726315789473685;0.67870419543282;3195;1470;1555
967;espresso;4750;;0.6631578947368421;0.6939854593522803;0.6631578947368421;0.6782215523737756;3150;1389;1600
636;mailbag;4750;;0.7423157894736843;0.6234087694483734;0.7423157894736843;0.6776859504132232;3526;2130;1224
969;eggnog;4750;;0.6789473684210526;0.6762423988257497;0.6789473684210526;0.6775921840529467;3225;1544;1525
898;water_bottle;4750;;0.5631578947368421;0.8481293595434369;0.5631578947368421;0.6768724696356275;2675;479;2075
910;wooden_spoon;4750;;0.5661052631578948;0.8405751797436699;0.5661052631578948;0.6765630896968172;2689;510;2061
431;bassinet;4750;;0.6604210526315789;0.692494481236203;0.6604210526315789;0.6760775862068965;3137;1393;1613
792;shovel;4750;;0.6;0.772986167615948;0.6;0.6755955908498282;2850;837;1900
568;fur_coat;4750;;0.752421052631579;0.6129308866403704;0.752421052631579;0.6755505150741895;3574;2257;1176
484;catamaran;4750;;0.5675789473684211;0.8341584158415841;0.5675789473684211;0.6755199198195941;2696;536;2054
121;king_crab;4750;;0.6431578947368422;0.7112922002328289;0.6431578947368422;0.6755113322277501;3055;1240;1695
899;water_jug;4750;;0.5467368421052632;0.8830329819789188;0.5467368421052632;0.6753348069171758;2597;344;2153
601;hoopskirt;4750;;0.7077894736842105;0.6450498848810438;0.7077894736842105;0.6749648664926722;3362;1850;1388
402;acoustic_guitar;4750;;0.7322105263157894;0.625427081460169;0.7322105263157894;0.6746193385704587;3478;2083;1272
623;letter_opener;4750;;0.5456842105263158;0.8831345826235094;0.5456842105263158;0.6745608327911516;2592;343;2158
650;microphone;4750;;0.6633684210526316;0.6860439799695188;0.6633684210526316;0.6745156801883764;3151;1442;1599
113;snail;4750;;0.7833684210526316;0.5918562112295213;0.7833684210526316;0.674277430461176;3721;2566;1029
880;unicycle;4750;;0.7101052631578947;0.6411328644744345;0.7101052631578947;0.673858755369094;3373;1888;1377
151;Chihuahua;4750;;0.6587368421052632;0.6889035667107001;0.6587368421052632;0.6734825656478691;3129;1413;1621
313;walking_stick;4750;;0.5578947368421052;0.8469159475870885;0.5578947368421052;0.6726741972331515;2650;479;2100
876;tub;4750;;0.5882105263157895;0.7841706427168117;0.5882105263157895;0.6722001684109228;2794;769;1956
465;bulletproof_vest;4750;;0.7673684210526316;0.5980311730926989;0.7673684210526316;0.6721991701244813;3645;2450;1105
21;kite;4750;;0.7987368421052632;0.5792366412213741;0.7987368421052632;0.6715044247787612;3794;2756;956
65;sea_snake;4750;;0.632;0.7157844539818788;0.632;0.6712880143112702;3002;1192;1748
153;Maltese_dog;4750;;0.7092631578947368;0.6369824163357912;0.7092631578947368;0.6711823886841318;3369;1920;1381
692;packet;4750;;0.6027368421052631;0.7556083399313803;0.6027368421052631;0.6705703243939571;2863;926;1887
101;tusker;4750;;0.6149473684210527;0.7370678778703003;0.6149473684210527;0.670492367726386;2921;1042;1829
913;wreck;4750;;0.6374736842105263;0.7066511085180863;0.6374736842105263;0.6702822357498617;3028;1257;1722
690;oxcart;4750;;0.8431578947368421;0.5560955290197167;0.8431578947368421;0.6701807228915662;4005;3197;745
241;EntleBucher;4750;;0.8178947368421052;0.5676504967855055;0.8178947368421052;0.6701742280489908;3885;2959;865
314;cockroach;4750;;0.6037894736842105;0.7523609653725079;0.6037894736842105;0.669936930623686;2868;944;1882
453;bookcase;4750;;0.7166315789473684;0.6280442804428045;0.7166315789473684;0.6694198623402163;3404;2016;1346
738;pot;4750;;0.8206315789473684;0.5642733063115228;0.8206315789473684;0.6687253388231257;3898;3010;852
298;mongoose;4750;;0.600421052631579;0.7523080981271433;0.600421052631579;0.667837489755298;2852;939;1898
861;toilet_seat;4750;;0.692;0.6452689438555163;0.692;0.667817960178789;3287;1807;1463
40;American_chameleon;4750;;0.7214736842105263;0.6211709262280225;0.7214736842105263;0.6675757280607773;3427;2090;1323
558;flute;4750;;0.6023157894736842;0.7473876698014629;0.6023157894736842;0.6670552576358125;2861;967;1889
595;harvester;4750;;0.7290526315789474;0.6134632418069088;0.7290526315789474;0.6662818662818663;3463;2182;1287
257;Great_Pyrenees;4750;;0.5774736842105264;0.7873134328358209;0.5774736842105264;0.6662618411464659;2743;741;2007
982;groom;4750;;0.5147368421052632;0.9425597532767926;0.5147368421052632;0.6658496732026145;2445;149;2305
774;sandal;4750;;0.6014736842105263;0.7453691625358727;0.6014736842105263;0.6657345916346267;2857;976;1893
319;dragonfly;4750;;0.5686315789473684;0.8021978021978022;0.5686315789473684;0.6655168165578416;2701;666;2049
246;Great_Dane;4750;;0.6330526315789474;0.7014229064613949;0.6330526315789474;0.665486333960385;3007;1280;1743
395;gar;4750;;0.6802105263157895;0.6485347250100362;0.6802105263157895;0.6639950678175093;3231;1751;1519
334;porcupine;4750;;0.7214736842105263;0.6149291225551767;0.7214736842105263;0.6639542768575026;3427;2146;1323
944;artichoke;4750;;0.5298947368421053;0.8881439661256175;0.5298947368421053;0.6637658227848101;2517;317;2233
193;Australian_terrier;4750;;0.6368421052631579;0.6926952141057935;0.6368421052631579;0.6635954809696172;3025;1342;1725
639;maillot;4750;;0.5785263157894737;0.777809227285593;0.5785263157894737;0.6635277073524085;2748;785;2002
499;cleaver;4750;;0.5538947368421052;0.8270983967305878;0.5538947368421052;0.6634724498802168;2631;550;2119
930;French_loaf;4750;;0.6248421052631579;0.7061622650487747;0.6248421052631579;0.6630179827990618;2968;1235;1782
489;chainlink_fence;4750;;0.7235789473684211;0.6116746752091119;0.7235789473684211;0.6629376024688977;3437;2182;1313
556;fire_screen;4750;;0.6692631578947369;0.656140350877193;0.6692631578947369;0.6626367899947889;3179;1666;1571
191;Airedale;4750;;0.7865263157894736;0.5717783899602081;0.7865263157894736;0.662176533144275;3736;2798;1014
112;conch;4750;;0.5995789473684211;0.7380150298004664;0.5995789473684211;0.6616331745847369;2848;1011;1902
748;purse;4750;;0.5566315789473684;0.8152944804193648;0.5566315789473684;0.6615788815213312;2644;599;2106
470;candle;4750;;0.696;0.6297142857142857;0.696;0.6612;3306;1944;1444
318;lacewing;4750;;0.7747368421052632;0.5766217486681291;0.7747368421052632;0.6611570247933884;3680;2702;1070
619;lampshade;4750;;0.5370526315789473;0.8580558358560376;0.5370526315789473;0.6606241098018903;2551;422;2199
480;cash_machine;4750;;0.6978947368421052;0.6267725467952354;0.6978947368421052;0.6604243450542884;3315;1974;1435
546;electric_guitar;4750;;0.7309473684210527;0.6022549869904597;0.7309473684210527;0.6603899191631004;3472;2293;1278
107;jellyfish;4750;;0.7749473684210526;0.5749765698219307;0.7749473684210526;0.6601506456241033;3681;2721;1069
309;bee;4750;;0.6614736842105263;0.6564981195152528;0.6614736842105263;0.6589765100671141;3142;1644;1608
226;briard;4750;;0.592842105263158;0.7408576690344646;0.592842105263158;0.6586364167933575;2816;985;1934
207;golden_retriever;4750;;0.7383157894736843;0.594406779661017;0.7383157894736843;0.6585915492957748;3507;2393;1243
750;quilt;4750;;0.6181052631578947;0.7045836333093353;0.6181052631578947;0.6585174386004261;2936;1231;1814
935;mashed_potato;4750;;0.5867368421052631;0.7489922063961301;0.5867368421052631;0.6580096800849957;2787;934;1963
578;gown;4750;;0.6294736842105263;0.6890988707075363;0.6294736842105263;0.6579381670150731;2990;1349;1760
409;analog_clock;4750;;0.7776842105263158;0.5694465854786496;0.7776842105263158;0.6574708552104653;3694;2793;1056
691;oxygen_mask;4750;;0.6218947368421053;0.6945685398542205;0.6218947368421053;0.6562257025435966;2954;1299;1796
677;nail;4750;;0.5774736842105264;0.7594130675526024;0.5774736842105264;0.6560631427888065;2743;869;2007
749;quill;4750;;0.6858947368421052;0.6281087333718912;0.6858947368421052;0.6557311059675958;3258;1929;1492
797;sleeping_bag;4750;;0.6317894736842106;0.6808076225045372;0.6317894736842106;0.6553832714566499;3001;1407;1749
747;punching_bag;4750;;0.6791578947368421;0.6327971753628874;0.6791578947368421;0.6551584077985377;3226;1872;1524
906;Windsor_tie;4750;;0.7077894736842105;0.6089476544104329;0.7077894736842105;0.654658747931068;3362;2159;1388
204;Lhasa;4750;;0.5513684210526316;0.8048555623847572;0.5513684210526316;0.6544227886056971;2619;635;2131
893;wallet;4750;;0.6128421052631579;0.7019532191945985;0.6128421052631579;0.6543778801843317;2911;1236;1839
50;American_alligator;4750;;0.5867368421052631;0.7386694937715346;0.5867368421052631;0.653995072157691;2787;986;1963
250;Siberian_husky;4750;;0.6749473684210526;0.6337220794623444;0.6749473684210526;0.6536853909674788;3206;1853;1544
413;assault_rifle;4750;;0.7966315789473685;0.5532163742690058;0.7966315789473685;0.65297670405522;3784;3056;966
120;fiddler_crab;4750;;0.7490526315789474;0.5786306716539275;0.7490526315789474;0.6529039361409303;3558;2591;1192
735;poncho;4750;;0.716842105263158;0.5993663087484598;0.716842105263158;0.6528616623526028;3405;2276;1345
237;miniature_pinscher;4750;;0.7277894736842105;0.5918507104947783;0.7277894736842105;0.6528184307430838;3457;2384;1293
705;passenger_car;4750;;0.5642105263157895;0.7725569328336697;0.5642105263157895;0.6521474631950359;2680;789;2070
574;golf_ball;4750;;0.7783157894736842;0.5605761940864291;0.7783157894736842;0.6517408550022037;3697;2898;1053
390;eel;4750;;0.6035789473684211;0.7077264872870896;0.6035789473684211;0.6515168730826043;2867;1184;1883
408;amphibian;4750;;0.6688421052631579;0.6334995014955135;0.6688421052631579;0.6506912442396313;3177;1838;1573
399;abaya;4750;;0.8067368421052632;0.5436232089658107;0.8067368421052632;0.6495465717433682;3832;3217;918
819;stage;4750;;0.5762105263157895;0.7433460076045627;0.5762105263157895;0.6491935483870968;2737;945;2013
839;suspension_bridge;4750;;0.5309473684210526;0.8345466578424884;0.5309473684210526;0.6489963973237262;2522;500;2228
493;chiffonier;4750;;0.5896842105263158;0.7211637487126673;0.5896842105263158;0.6488302061616863;2801;1083;1949
436;beach_wagon;4750;;0.6290526315789474;0.6684563758389261;0.6290526315789474;0.6481561822125813;2988;1482;1762
508;computer_keyboard;4750;;0.7012631578947368;0.6011550261685616;0.7012631578947368;0.6473617724225051;3331;2210;1419
960;chocolate_sauce;4750;;0.6065263157894737;0.6938824662813102;0.6065263157894737;0.647270276342395;2881;1271;1869
478;carton;4750;;0.5372631578947369;0.8132568514977693;0.5372631578947369;0.6470588235294118;2552;586;2198
739;potter's_wheel;4750;;0.8461052631578947;0.5235117884590335;0.8461052631578947;0.6468174136959846;4019;3658;731
884;vault;4750;;0.6494736842105263;0.6427083333333333;0.6494736842105263;0.6460732984293194;3085;1715;1665
926;hot_pot;4750;;0.6928421052631579;0.6049632352941177;0.6928421052631579;0.6459273797841021;3291;2149;1459
189;Lakeland_terrier;4750;;0.56;0.7626146788990825;0.56;0.645787812575868;2660;828;2090
233;Bouvier_des_Flandres;4750;;0.6941052631578948;0.6024118399415311;0.6941052631578948;0.6450161400762985;3297;2176;1453
468;cab;4750;;0.7753684210526316;0.5520083932853717;0.7753684210526316;0.6448958150936788;3683;2989;1067
743;prison;4750;;0.7122105263157895;0.5884501652461298;0.7122105263157895;0.6444423278407467;3383;2366;1367
76;tarantula;4750;;0.7381052631578947;0.5699886197366282;0.7381052631578947;0.643243739106504;3506;2645;1244
462;broom;4750;;0.6661052631578948;0.6196631414022719;0.6661052631578948;0.6420454545454545;3164;1942;1586
817;sports_car;4750;;0.5863157894736842;0.7077509529860229;0.5863157894736842;0.641335636154289;2785;1150;1965
624;library;4750;;0.6608421052631579;0.6224469561768788;0.6608421052631579;0.6410701521494945;3139;1904;1611
866;tractor;4750;;0.6804210526315789;0.6059242594675666;0.6804210526315789;0.6410154700515669;3232;2102;1518
30;bullfrog;4750;;0.5204210526315789;0.8340080971659919;0.5204210526315789;0.64091262639357;2472;492;2278
648;medicine_chest;4750;;0.5387368421052632;0.7905468025949953;0.5387368421052632;0.6407912858394892;2559;678;2191
163;bloodhound;4750;;0.5669473684210526;0.7361946418808092;0.5669473684210526;0.64058039961941;2693;965;2057
501;cloak;4750;;0.5551578947368421;0.7566714490674319;0.5551578947368421;0.6404371584699454;2637;848;2113
762;restaurant;4750;;0.600421052631579;0.6849183477425552;0.600421052631579;0.6398923042405205;2852;1312;1898
63;Indian_cobra;4750;;0.8151578947368421;0.525944036946482;0.8151578947368421;0.6393659180977543;3872;3490;878
793;shower_cap;4750;;0.728421052631579;0.5695473251028806;0.728421052631579;0.6392609699769053;3460;2615;1290
702;parallel_bars;4750;;0.7928421052631579;0.5347153201760614;0.7928421052631579;0.638683965064021;3766;3277;984
788;shoe_shop;4750;;0.6366315789473684;0.6355611601513241;0.6366315789473684;0.6360959192259151;3024;1734;1726
103;platypus;4750;;0.7187368421052631;0.5699499165275459;0.7187368421052631;0.635754189944134;3414;2576;1336
584;hair_slide;4750;;0.671578947368421;0.6003010914565299;0.671578947368421;0.6339427662957074;3190;2124;1560
905;window_shade;4750;;0.6837894736842105;0.5902235144466654;0.6837894736842105;0.6335706622451964;3248;2255;1502
382;squirrel_monkey;4750;;0.8932631578947369;0.4893886966551326;0.8932631578947369;0.6323397913561848;4243;4427;507
329;sea_cucumber;4750;;0.635578947368421;0.6286963765097876;0.635578947368421;0.6321189279731992;3019;1783;1731
718;pier;4750;;0.5724210526315789;0.7049520352605652;0.5724210526315789;0.6318113163703961;2719;1138;2031
335;fox_squirrel;4750;;0.8166315789473684;0.5147976111479761;0.8166315789473684;0.6315018315018316;3879;3656;871
406;altar;4750;;0.7162105263157895;0.564179104477612;0.7162105263157895;0.6311688311688313;3402;2628;1348
269;timber_wolf;4750;;0.7353684210526316;0.5519911504424779;0.7353684210526316;0.6306192453511466;3493;2835;1257
187;Yorkshire_terrier;4750;;0.7410526315789474;0.5470935654336339;0.7410526315789474;0.6294706723891274;3520;2914;1230
342;wild_boar;4750;;0.7538947368421053;0.5399577804583836;0.7538947368421053;0.6292391495343524;3581;3051;1169
416;balance_beam;4750;;0.8012631578947368;0.5177526867092912;0.8012631578947368;0.6290389224031072;3806;3545;944
200;Tibetan_terrier;4750;;0.5471578947368421;0.738562091503268;0.5471578947368421;0.6286128915225541;2599;920;2151
222;kuvasz;4750;;0.7067368421052631;0.5654370894391106;0.7067368421052631;0.6282399176569664;3357;2580;1393
380;titi;4750;;0.4783157894736842;0.9142857142857143;0.4783157894736842;0.6280580511402902;2272;213;2478
67;diamondback;4750;;0.5444210526315789;0.737592698231603;0.5444210526315789;0.626453488372093;2586;920;2164
49;African_crocodile;4750;;0.5162105263157895;0.7919896640826873;0.5162105263157895;0.62503186336987;2452;644;2298
754;radio;4750;;0.4943157894736842;0.8482658959537572;0.4943157894736842;0.62463421122639;2348;420;2402
628;liner;4750;;0.7448421052631579;0.5357359176256814;0.7448421052631579;0.6232164875814691;3538;3066;1212
803;snowplow;4750;;0.8566315789473684;0.48882748678519944;0.8566315789473684;0.6224567844577024;4069;4255;681
526;desk;4750;;0.6530526315789473;0.5942528735632184;0.6530526315789473;0.6222668004012036;3102;2118;1648
721;pillow;4750;;0.46378947368421053;0.9394456289978678;0.46378947368421053;0.6210007047216349;2203;142;2547
516;cradle;4750;;0.5976842105263158;0.6461083295402822;0.5976842105263158;0.6209536307961504;2839;1555;1911
311;grasshopper;4750;;0.6237894736842106;0.6176777152386909;0.6237894736842106;0.6207185503299466;2963;1834;1787
459;brassiere;4750;;0.7682105263157895;0.5206906392694064;0.7682105263157895;0.6206837897601633;3649;3359;1101
698;palace;4750;;0.6261052631578947;0.6128168143416444;0.6261052631578947;0.6193897740289493;2974;1879;1776
61;boa_constrictor;4750;;0.532;0.7399707174231333;0.532;0.6189834660134721;2527;888;2223
764;rifle;4750;;0.4823157894736842;0.8606311044327574;0.4823157894736842;0.6181867242309769;2291;371;2459
552;feather_boa;4750;;0.7242105263157895;0.538931536894877;0.7242105263157895;0.6179825743285726;3440;2943;1310
998;ear;4750;;0.7423157894736843;0.5274495138369484;0.7423157894736843;0.6167031045037167;3526;3159;1224
44;alligator_lizard;4750;;0.48273684210526313;0.8530505952380952;0.48273684210526313;0.6165635923635386;2293;395;2457
266;miniature_poodle;4750;;0.5858947368421052;0.6496265172735761;0.5858947368421052;0.6161168917423069;2783;1501;1967
509;confectionery;4750;;0.6185263157894737;0.6131051752921536;0.6185263157894737;0.6158038147138964;2938;1854;1812
385;Indian_elephant;4750;;0.6338947368421053;0.5977764542386341;0.6338947368421053;0.6153060181873915;3011;2026;1739
909;wok;4750;;0.524;0.7440956651718984;0.524;0.614947498455837;2489;856;2261
976;promontory;4750;;0.6671578947368421;0.5698615356950189;0.6671578947368421;0.6146833478809038;3169;2392;1581
742;printer;4750;;0.5406315789473685;0.7113573407202216;0.5406315789473685;0.6143540669856461;2568;1042;2182
373;macaque;4750;;0.7730526315789473;0.5092220219109693;0.7730526315789473;0.6139954853273139;3672;3539;1078
447;binoculars;4750;;0.7113684210526315;0.539862597859083;0.7113684210526315;0.6138613861386137;3379;2880;1371
59;vine_snake;4750;;0.6932631578947368;0.5502088554720134;0.6932631578947368;0.6135072193758733;3293;2692;1457
4;hammerhead;4750;;0.7233684210526315;0.5320532672654072;0.7233684210526315;0.6131334760885082;3436;3022;1314
434;bath_towel;4750;;0.484;0.8341799709724238;0.484;0.6125766053823608;2299;457;2451
271;red_wolf;4750;;0.5835789473684211;0.6445012787723785;0.5835789473684211;0.6125290023201856;2772;1529;1978
162;beagle;4750;;0.5225263157894737;0.7323694305104751;0.5225263157894737;0.6099029364786829;2482;907;2268
424;barbershop;4750;;0.4610526315789474;0.8990147783251231;0.4610526315789474;0.6095185082104091;2190;246;2560
598;home_theater;4750;;0.6825263157894736;0.5496778569006443;0.6825263157894736;0.6089406461307287;3242;2656;1508
669;mosquito_net;4750;;0.684;0.5482618967262909;0.684;0.6086549269389285;3249;2677;1501
611;jigsaw_puzzle;4750;;0.6781052631578948;0.5516355540332248;0.6781052631578948;0.6083671734819152;3221;2618;1529
37;box_turtle;4750;;0.48905263157894735;0.8043628808864266;0.48905263157894735;0.6082744173867505;2323;565;2427
908;wing;4750;;0.4574736842105263;0.9054166666666666;0.4574736842105263;0.6078321678321678;2173;227;2577
525;dam;4750;;0.6989473684210527;0.5371299142533571;0.6989473684210527;0.6074467111883634;3320;2861;1430
170;Irish_wolfhound;4750;;0.5789473684210527;0.6367214633016902;0.5789473684210527;0.6064615723894586;2750;1569;2000
280;grey_fox;4750;;0.6983157894736842;0.5356912144702842;0.6983157894736842;0.606287698775361;3317;2875;1433
108;sea_anemone;4750;;0.6330526315789474;0.5806140181502221;0.6330526315789474;0.6057004733608622;3007;2172;1743
603;horse_cart;4750;;0.7286315789473684;0.5172619937229114;0.7286315789473684;0.6050170439646884;3461;3230;1289
231;collie;4750;;0.5713684210526315;0.6428233064898152;0.5713684210526315;0.6049933125278644;2714;1508;2036
460;breakwater;4750;;0.5153684210526316;0.7318385650224215;0.5153684210526316;0.6048177887584929;2448;897;2302
64;green_mamba;4750;;0.6941052631578948;0.5357491062723432;0.6941052631578948;0.6047322083639032;3297;2857;1453
34;leatherback_turtle;4750;;0.6157894736842106;0.5878215434083601;0.6157894736842106;0.6014805675508945;2925;2051;1825
483;castle;4750;;0.7587368421052632;0.4966923925027563;0.7587368421052632;0.6003664834249541;3604;3652;1146
989;hip;4750;;0.8776842105263158;0.45592738407699035;0.8776842105263158;0.6001151576219951;4169;4975;581
359;black-footed_ferret;4750;;0.608;0.5914396887159533;0.608;0.5996055226824457;2888;1995;1862
701;parachute;4750;;0.8682105263157894;0.4571555259949008;0.8682105263157894;0.5989398010311524;4124;4897;626
479;car_wheel;4750;;0.48589473684210527;0.7781523937963587;0.48589473684210527;0.5982374287195438;2308;658;2442
904;window_screen;4750;;0.7387368421052631;0.501931054212559;0.7387368421052631;0.597734434886296;3509;3482;1241
302;ground_beetle;4750;;0.7016842105263158;0.5198066126013724;0.7016842105263158;0.5972048020068088;3333;3079;1417
925;consomme;4750;;0.8393684210526315;0.4626900313334107;0.8393684210526315;0.5965437270891001;3987;4630;763
851;television;4750;;0.6911578947368421;0.524022346368715;0.6911578947368421;0.5960962324103495;3283;2982;1467
751;racer;4750;;0.7501052631578947;0.4937638580931264;0.7501052631578947;0.5955206418184857;3563;3653;1187
856;thresher;4750;;0.68;0.5279503105590062;0.68;0.5944055944055944;3230;2888;1520
673;mouse;4750;;0.4831578947368421;0.7637271214642263;0.4831578947368421;0.5918762088974856;2295;710;2455
689;overskirt;4750;;0.5578947368421052;0.6281109267598957;0.5578947368421052;0.5909242947931764;2650;1569;2100
999;toilet_tissue;4750;;0.47178947368421054;0.7901974612129761;0.47178947368421054;0.5908252043237543;2241;595;2509
549;envelope;4750;;0.6025263157894737;0.5770161290322581;0.6025263157894737;0.5894953656024716;2862;2098;1888
868;tray;4750;;0.5888421052631579;0.5898355124420076;0.5888421052631579;0.5893383902233459;2797;1945;1953
62;rock_python;4750;;0.592421052631579;0.579250720461095;0.592421052631579;0.5857618651124062;2814;2044;1936
712;Petri_dish;4750;;0.6808421052631579;0.5128449096098954;0.6808421052631579;0.5850217076700435;3234;3072;1516
476;carousel;4750;;0.8913684210526316;0.4351043058267393;0.8913684210526316;0.5847662454250397;4234;5497;516
230;Shetland_sheepdog;4750;;0.5825263157894737;0.5866016535933857;0.5825263157894737;0.5845568817999367;2767;1950;1983
442;bell_cote;4750;;0.6707368421052632;0.516453233911493;0.6707368421052632;0.583569923985713;3186;2983;1564
450;bobsled;4750;;0.7846315789473685;0.4642501245640259;0.7846315789473685;0.5833463765847551;3727;4301;1023
815;spider_web;4750;;0.5366315789473685;0.6380475594493117;0.5366315789473685;0.5829616923956548;2549;1446;2201
807;solar_dish;4750;;0.7707368421052632;0.46845809341010874;0.7707368421052632;0.5827298050139276;3661;4154;1089
992;agaric;4750;;0.5050526315789474;0.6885763490241102;0.5050526315789474;0.5827058537770221;2399;1085;2351
591;handkerchief;4750;;0.6096842105263158;0.5576737916425958;0.6096842105263158;0.5825203660866942;2896;2297;1854
341;hog;4750;;0.5825263157894737;0.5816691191927685;0.5825263157894737;0.5820974019143789;2767;1990;1983
167;English_foxhound;4750;;0.7909473684210526;0.45895431224041044;0.7909473684210526;0.5808596165739022;3757;4429;993
310;ant;4750;;0.735578947368421;0.4783025325119781;0.735578947368421;0.5796764827872252;3494;3811;1256
892;wall_clock;4750;;0.45263157894736844;0.8043396932285821;0.45263157894736844;0.579280614306884;2150;523;2600
744;projectile;4750;;0.5189473684210526;0.6509110113546343;0.5189473684210526;0.5774862363828042;2465;1322;2285
115;sea_slug;4750;;0.572;0.5825471698113207;0.572;0.5772254089653708;2717;1947;2033
527;desktop_computer;4750;;0.62;0.5392785204175059;0.62;0.5768289099990206;2945;2516;1805
5;electric_ray;4750;;0.7265263157894737;0.47725072604065827;0.7265263157894737;0.5760787914197479;3451;3780;1299
312;cricket;4750;;0.49347368421052634;0.69185360094451;0.49347368421052634;0.5760629147210617;2344;1044;2406
917;comic_book;4750;;0.7130526315789474;0.4802892796369824;0.7130526315789474;0.5739705134722928;3387;3665;1363
928;ice_cream;4750;;0.4326315789473684;0.8495245969408847;0.4326315789473684;0.5733017157204631;2055;364;2695
272;coyote;4750;;0.688;0.4911331529906823;0.688;0.5731322343037532;3268;3386;1482
415;bakery;4750;;0.5090526315789474;0.653160453808752;0.5090526315789474;0.5721722669190724;2418;1284;2332
657;missile;4750;;0.6484210526315789;0.5093434761038531;0.6484210526315789;0.5705288506066499;3080;2967;1670
454;bookshop;4750;;0.5069473684210526;0.6516914749661705;0.5069473684210526;0.5702782711663706;2408;1287;2342
345;ox;4750;;0.4341052631578947;0.8251300520208084;0.4341052631578947;0.5689060560077253;2062;437;2688
124;crayfish;4750;;0.47642105263157897;0.7021408625504189;0.47642105263157897;0.5676658723190768;2263;960;2487
54;hognose_snake;4750;;0.4924210526315789;0.6700085935262102;0.4924210526315789;0.5676495570925858;2339;1152;2411
860;tobacco_shop;4750;;0.6511578947368422;0.5025999350016249;0.6511578947368422;0.5673147468818783;3093;3061;1657
865;toyshop;4750;;0.6926315789473684;0.4737903225806452;0.6926315789473684;0.5626817171198906;3290;3654;1460
848;tape_player;4750;;0.42273684210526313;0.8405190456257848;0.42273684210526313;0.5625437736377643;2008;381;2742
77;wolf_spider;4750;;0.7549473684210526;0.4468535825545171;0.7549473684210526;0.5614090019569471;3586;4439;1164
794;shower_curtain;4750;;0.5993684210526316;0.5274175620600222;0.5993684210526316;0.5610957824201812;2847;2551;1903
461;breastplate;4750;;0.7402105263157894;0.45134788189987163;0.7402105263157894;0.5607655502392345;3516;4274;1234
824;stole;4750;;0.5962105263157895;0.5283582089552239;0.5962105263157895;0.5602373887240356;2832;2528;1918
277;red_fox;4750;;0.8008421052631579;0.4297819455428765;0.8008421052631579;0.5593706345121682;3804;5047;946
58;water_snake;4750;;0.532;0.5893190298507462;0.532;0.5591945120601903;2527;1761;2223
987;corn;4750;;0.5204210526315789;0.6036630036630036;0.5204210526315789;0.55895986433013;2472;1623;2278
599;honeycomb;4750;;0.6035789473684211;0.5204211290615357;0.6035789473684211;0.5589238717223902;2867;2642;1883
664;monitor;4750;;0.45242105263157895;0.7233254796364861;0.45242105263157895;0.5566636446056211;2149;822;2601
885;velvet;4750;;0.5244210526315789;0.592108390777276;0.5244210526315789;0.5562130177514792;2491;1716;2259
582;grocery_store;4750;;0.6627368421052632;0.4784921720626235;0.6627368421052632;0.5557419013152087;3148;3431;1602
348;ram;4750;;0.4134736842105263;0.8425568425568426;0.4134736842105263;0.5547239090523938;1964;367;2786
281;tabby;4750;;0.8242105263157895;0.4164450590362727;0.8242105263157895;0.553317786728853;3915;5486;835
265;toy_poodle;4750;;0.5686315789473684;0.5385842472582253;0.5686315789473684;0.5532002048131079;2701;2314;2049
304;leaf_beetle;4750;;0.42336842105263156;0.7970669837495046;0.42336842105263156;0.5530042623401622;2011;512;2739
285;Egyptian_cat;4750;;0.42378947368421055;0.7922077922077922;0.42378947368421055;0.5521876285831847;2013;528;2737
536;dock;4750;;0.4166315789473684;0.8181066556428276;0.4166315789473684;0.552099316501604;1979;440;2771
358;polecat;4750;;0.6393684210526316;0.48576455534229046;0.6393684210526316;0.5520814397382293;3037;3215;1713
979;valley;4750;;0.7513684210526316;0.43513777127529873;0.7513684210526316;0.5511117974058061;3569;4633;1181
620;laptop;4750;;0.8075789473684211;0.41587163920208153;0.8075789473684211;0.5490196078431373;3836;5388;914
923;plate;4750;;0.5288421052631579;0.569227283027419;0.5288421052631579;0.5482920440903635;2512;1901;2238
35;mud_turtle;4750;;0.42926315789473685;0.7474340175953079;0.42926315789473685;0.5453329767317464;2039;689;2711
997;bolete;4750;;0.7987368421052632;0.4134699215344377;0.7987368421052632;0.544880080425104;3794;5382;956
240;Appenzeller;4750;;0.5237894736842105;0.566742596810934;0.5237894736842105;0.5444201312910284;2488;1902;2262
68;sidewinder;4750;;0.5726315789473684;0.5156398104265403;0.5726315789473684;0.542643391521197;2720;2555;2030
975;lakeside;4750;;0.5568421052631579;0.5248015873015873;0.5568421052631579;0.5403472931562819;2645;2395;2105
671;mountain_bike;4750;;0.8256842105263158;0.40147405056812363;0.8256842105263158;0.5402575934981748;3922;5847;828
728;plastic_bag;4750;;0.5056842105263157;0.5796332046332047;0.5056842105263157;0.5401394198335957;2402;1742;2348
980;volcano;4750;;0.7082105263157895;0.4342326061701304;0.7082105263157895;0.5383692086100664;3364;4383;1386
356;weasel;4750;;0.5326315789473685;0.5433848797250859;0.5326315789473685;0.5379544971294918;2530;2126;2220
482;cassette_player;4750;;0.7505263157894737;0.41906665099329965;0.7505263157894737;0.5378290714339595;3565;4942;1185
978;seashore;4750;;0.46610526315789474;0.6311288483466363;0.46610526315789474;0.5362073141196416;2214;1294;2536
961;dough;4750;;0.3989473684210526;0.8112157534246576;0.3989473684210526;0.5348574654247813;1895;441;2855
119;rock_crab;4750;;0.43305263157894736;0.6944632005401755;0.43305263157894736;0.533454356846473;2057;905;2693
565;freight_car;4750;;0.8696842105263158;0.38087774294670845;0.8696842105263158;0.5297512182610926;4131;6715;619
733;pole;4750;;0.5808421052631579;0.4865961199294533;0.5808421052631579;0.5295585412667946;2759;2911;1991
843;swing;4750;;0.8031578947368421;0.3923686105111591;0.8031578947368421;0.5271885580045602;3815;5908;935
166;Walker_hound;4750;;0.4012631578947368;0.764234161988773;0.4012631578947368;0.526228602981778;1906;588;2844
972;cliff;4750;;0.48610526315789476;0.571676157464719;0.48610526315789476;0.5254295141654342;2309;1730;2441
810;space_bar;4750;;0.6393684210526316;0.44524263304500805;0.6393684210526316;0.524933022210699;3037;3784;1713
663;monastery;4750;;0.6286315789473684;0.4491576413959085;0.6286315789473684;0.5239515704509563;2986;3662;1764
524;cuirass;4750;;0.38442105263157894;0.8101153504880213;0.38442105263157894;0.5214163335237008;1826;428;2924
968;cup;4750;;0.5970526315789474;0.45252912079144725;0.5970526315789474;0.5148407007352274;2836;3431;1914
782;screen;4750;;0.45094736842105265;0.5981569394024016;0.45094736842105265;0.5142239827151603;2142;1439;2608
381;spider_monkey;4750;;0.4248421052631579;0.6300343428036216;0.4248421052631579;0.5074814535395449;2018;1185;2732
488;chain;4750;;0.592421052631579;0.43927567905088977;0.592421052631579;0.5044818931516672;2814;3592;1936
485;CD_player;4750;;0.3616842105263158;0.82319118351701;0.3616842105263158;0.5025596021646921;1718;369;3032
799;sliding_door;4750;;0.5294736842105263;0.47194595608932255;0.5294736842105263;0.49905744617521575;2515;2814;2235
497;church;4750;;0.3753684210526316;0.7358646306231944;0.3753684210526316;0.49714206050467025;1783;640;2967
970;alp;4750;;0.5736842105263158;0.4376806938644395;0.5736842105263158;0.4965379008746356;2725;3501;2025
188;wire-haired_fox_terrier;4750;;0.7947368421052632;0.35714285714285715;0.7947368421052632;0.49281984334203655;3775;6795;975
539;doormat;4750;;0.5587368421052632;0.43373100179767937;0.5587368421052632;0.4883613947925292;2654;3465;2096
6;stingray;4750;;0.4231578947368421;0.5724864710908573;0.4231578947368421;0.48662389541217765;2010;1501;2740
977;sandbar;4750;;0.7069473684210527;0.3686059275521405;0.7069473684210527;0.4845598845598845;3358;5752;1392
248;Eskimo_dog;4750;;0.4187368421052632;0.574523396880416;0.4187368421052632;0.48441305406721874;1989;1473;2761
809;soup_bowl;4750;;0.3433684210526316;0.8171342685370742;0.3433684210526316;0.483545804921435;1631;365;3119
974;geyser;4750;;0.7911578947368421;0.3408307636495556;0.7911578947368421;0.4764198782961461;3758;7268;992
328;sea_urchin;4750;;0.7258947368421053;0.3474055415617128;0.7258947368421053;0.46991482112436117;3448;6477;1302
32;tailed_frog;4750;;0.5722105263157895;0.3967883211678832;0.5722105263157895;0.46862068965517245;2718;4132;2032
374;langur;4750;;0.7446315789473684;0.3385985066053992;0.7446315789473684;0.4655172413793103;3537;6909;1213
66;horned_viper;4750;;0.48126315789473684;0.4424230694793884;0.48126315789473684;0.4610265201169708;2286;2881;2464
60;night_snake;4750;;0.3545263157894737;0.6347531096871466;0.3545263157894737;0.45495069566392005;1684;969;3066
73;barn_spider;4750;;0.5951578947368421;0.3641164348274086;0.5951578947368421;0.4518139683554419;2827;4937;1923
111;nematode;4750;;0.8648421052631579;0.30549564958726855;0.8648421052631579;0.45150299499917573;4108;9339;642
996;hen-of-the-woods;4750;;0.7766315789473685;0.30384647063668563;0.7766315789473685;0.4368006630750104;3689;8452;1061
26;common_newt;4750;;0.6572631578947369;0.32544563744396954;0.6572631578947369;0.4353343094192289;3122;6471;1628
36;terrapin;4750;;0.6941052631578948;0.3138804265041889;0.6941052631578948;0.4322800576897864;3297;7207;1453
681;notebook;4750;;0.33094736842105266;0.5927601809954751;0.33094736842105266;0.424750067549311;1572;1080;3178
405;airship;4750;;0.7206315789473684;0.29931794333683104;0.7206315789473684;0.42295811194859756;3423;8013;1327
741;prayer_rug;4750;;0.808;0.28043255881923135;0.808;0.4163592970275548;3838;9848;912
282;tiger_cat;4750;;0.30357894736842106;0.662379421221865;0.30357894736842106;0.4163418507290313;1442;735;3308
238;Greater_Swiss_Mountain_dog;4750;;0.25705263157894737;0.8841419261404779;0.25705263157894737;0.39830370249551456;1221;160;3529
895;warplane;4750;;0.7642105263157895;0.2682133885030294;0.7642105263157895;0.39706847516954713;3630;9904;1120
836;sunglass;4750;;0.636421052631579;0.2835834896810507;0.636421052631579;0.3923426346528229;3023;7637;1727
46;green_lizard;4750;;0.264;0.723600692440854;0.264;0.38685793614067565;1254;479;3496
878;typewriter_keyboard;4750;;0.2597894736842105;0.7149478563151797;0.2597894736842105;0.3810994441012971;1234;492;3516
519;crate;4750;;0.6242105263157894;0.2684472612041648;0.6242105263157894;0.37543526432415325;2965;8080;1785
973;coral_reef;4750;;0.676;0.2573947895791583;0.676;0.3728301886792453;3211;9264;1539
562;fountain;4750;;0.7273684210526316;0.19623991820970124;0.7273684210526316;0.30908928251923423;3455;14151;1295
947;mushroom;4750;;0.19473684210526315;0.5671367259350092;0.19473684210526315;0.2899232095282871;925;706;3825
278;kit_fox;4750;;0.17410526315789474;0.8099902056807052;0.17410526315789474;0.28660544099809393;827;194;3923
55;green_snake;4750;;0.17789473684210527;0.7041666666666667;0.17789473684210527;0.2840336134453782;845;355;3905
911;wool;4750;;0.516;0.11118167384894534;0.516;0.18294457921253968;2451;19594;2299
74;garden_spider;4750;;0.05284210526315789;0.7212643678160919;0.05284210526315789;0.09846998823067868;251;97;4499
