class_idx;class_label;support;base_accuracy;overall_accuracy;precision;recall;f1;tp;fp;fn
376;proboscis_monkey;4750;;0.9515789473684211;0.9608843537414966;0.9515789473684211;0.956209012058388;4520;184;230
255;Leonberg;4750;;0.9267368421052632;0.9850078317296934;0.9267368421052632;0.9549842716129732;4402;67;348
100;black_swan;4750;;0.9406315789473684;0.9662629757785467;0.9406315789473684;0.9532750160017068;4468;156;282
136;European_gallinule;4750;;0.9301052631578948;0.9748455428067079;0.9301052631578948;0.9519500107735402;4418;114;332
129;spoonbill;4750;;0.9221052631578948;0.9800850302081002;0.9221052631578948;0.9502115196876016;4380;89;370
339;sorrel;4750;;0.9576842105263158;0.9367792421746294;0.9576842105263158;0.9471163855923382;4549;307;201
90;lorikeet;4750;;0.9484210526315789;0.9438508275717578;0.9484210526315789;0.9461304210857923;4505;268;245
139;ruddy_turnstone;4750;;0.9296842105263158;0.9566724436741768;0.9296842105263158;0.942985265855221;4416;200;334
88;macaw;4750;;0.9252631578947368;0.9558503697259678;0.9252631578947368;0.9403080872913993;4395;203;355
15;robin;4750;;0.9170526315789473;0.9577836411609498;0.9170526315789473;0.9369756936975694;4356;192;394
130;flamingo;4750;;0.9016842105263158;0.9729668332576101;0.9016842105263158;0.9359702797202797;4283;119;467
135;limpkin;4750;;0.9549473684210527;0.9167340339531124;0.9549473684210527;0.9354506083728604;4536;412;214
275;African_hunting_dog;4750;;0.9477894736842105;0.9214081047891937;0.9477894736842105;0.9344126193441262;4502;384;248
9;ostrich;4750;;0.9372631578947368;0.9304075235109718;0.9372631578947368;0.9338227582590456;4452;333;298
340;zebra;4750;;0.9088421052631579;0.9506716582250606;0.9088421052631579;0.9292864061995479;4317;224;433
19;chickadee;4750;;0.884;0.977193390737724;0.884;0.9282635127666631;4199;98;551
0;tench;4750;;0.899578947368421;0.9574277391888864;0.899578947368421;0.927602301096277;4273;190;477
995;earthstar;4750;;0.9568421052631579;0.8948611931482575;0.9568421052631579;0.9248143249567606;4545;534;205
986;yellow_lady's_slipper;4750;;0.9671578947368421;0.8855050115651504;0.9671578947368421;0.9245320990138861;4594;594;156
143;oystercatcher;4750;;0.8825263157894737;0.9692485549132948;0.8825263157894737;0.9238567493112948;4192;133;558
96;toucan;4750;;0.876;0.9769899037332708;0.876;0.9237429237429237;4161;98;589
91;coucal;4750;;0.8861052631578947;0.9633783474479286;0.8861052631578947;0.9231275359140255;4209;160;541
625;lifeboat;4750;;0.9008421052631579;0.9462627156125608;0.9008421052631579;0.9229939603106125;4279;243;471
11;goldfinch;4750;;0.8785263157894737;0.9684381527036435;0.8785263157894737;0.9212937410310189;4173;136;577
388;giant_panda;4750;;0.9311578947368421;0.9089601315248664;0.9311578947368421;0.9199251247920133;4423;443;327
351;hartebeest;4750;;0.9275789473684211;0.9088283828382838;0.9275789473684211;0.9181079391539904;4406;442;344
900;water_tower;4750;;0.8717894736842106;0.9695621634277687;0.8717894736842106;0.9180800354727857;4141;130;609
247;Saint_Bernard;4750;;0.8909473684210526;0.9465443972265712;0.8909473684210526;0.9179047825615442;4232;239;518
25;European_fire_salamander;4750;;0.907578947368421;0.9223363286264442;0.907578947368421;0.9148981324278437;4311;363;439
387;lesser_panda;4750;;0.919578947368421;0.9079193514861775;0.919578947368421;0.9137119548164417;4368;443;382
92;bee_eater;4750;;0.8610526315789474;0.9641678453559641;0.8610526315789474;0.9096975088967972;4090;152;660
145;king_penguin;4750;;0.8825263157894737;0.9348795718108831;0.8825263157894737;0.9079488845570718;4192;292;558
13;junco;4750;;0.848;0.9764848484848485;0.848;0.9077183098591549;4028;97;722
24;great_grey_owl;4750;;0.8913684210526316;0.9244541484716157;0.8913684210526316;0.9076098606645231;4234;346;516
84;peacock;4750;;0.8663157894736843;0.9527668441768928;0.8663157894736843;0.9074870437754989;4115;204;635
216;clumber;4750;;0.8818947368421053;0.9325467497773821;0.8818947368421053;0.9065137416143693;4189;303;561
915;yurt;4750;;0.8776842105263158;0.9372751798561151;0.8776842105263158;0.9065014133507285;4169;279;581
244;Tibetan_mastiff;4750;;0.8945263157894737;0.9179088356016418;0.8945263157894737;0.9060667448555284;4249;380;501
87;African_grey;4750;;0.852421052631579;0.9617577197149644;0.852421052631579;0.9037946428571428;4049;161;701
284;Siamese_cat;4750;;0.9210526315789473;0.8863452188006483;0.9210526315789473;0.903365682428247;4375;561;375
138;bustard;4750;;0.8614736842105263;0.9494199535962877;0.8614736842105263;0.9033112582781456;4092;218;658
141;redshank;4750;;0.8816842105263157;0.924707440936189;0.8816842105263157;0.902683478823149;4188;341;562
17;jay;4750;;0.8435789473684211;0.970687984496124;0.8435789473684211;0.9026807839603515;4007;121;743
873;triumphal_arch;4750;;0.8703157894736843;0.9359293638215984;0.8703157894736843;0.9019308388785863;4134;283;616
984;rapeseed;4750;;0.9406315789473684;0.8613842298052824;0.9406315789473684;0.8992653718426084;4468;719;282
528;dial_telephone;4750;;0.8341052631578947;0.9741824440619621;0.8341052631578947;0.8987183849381876;3962;105;788
253;basenji;4750;;0.8688421052631579;0.928876884987621;0.8688421052631579;0.8978570651582726;4127;316;623
260;chow;4750;;0.9077894736842105;0.8866954554801563;0.9077894736842105;0.8971184853843753;4312;551;438
333;hamster;4750;;0.8938947368421053;0.8978642419116092;0.8938947368421053;0.8958750923093153;4246;483;504
89;sulphur-crested_cockatoo;4750;;0.8334736842105264;0.9679706601466993;0.8334736842105264;0.8957013574660634;3959;131;791
560;football_helmet;4750;;0.8515789473684211;0.9444314732664021;0.8515789473684211;0.8956050038746817;4045;238;705
12;house_finch;4750;;0.8507368421052631;0.9432773109243697;0.8507368421052631;0.8946203232233784;4041;243;709
93;hornbill;4750;;0.8572631578947368;0.9343735658558971;0.8572631578947368;0.8941589811155027;4072;286;678
323;monarch;4750;;0.9187368421052632;0.8696691909127142;0.9187368421052632;0.8935298935298935;4364;654;386
355;llama;4750;;0.8414736842105263;0.952120057170081;0.8414736842105263;0.8933839964237819;3997;201;753
178;Weimaraner;4750;;0.8597894736842105;0.9292377701934016;0.8597894736842105;0.8931656642974302;4084;311;666
16;bulbul;4750;;0.8562105263157894;0.9300251543562772;0.8562105263157894;0.8915926778471993;4067;306;683
993;gyromitra;4750;;0.8991578947368422;0.8838990066225165;0.8991578947368422;0.8914631600918388;4271;561;479
746;puck;4750;;0.8791578947368421;0.9040917947607707;0.8791578947368421;0.8914505283381364;4176;443;574
512;corkscrew;4750;;0.8732631578947369;0.910048266783677;0.8732631578947369;0.8912763214439191;4148;410;602
576;gondola;4750;;0.9225263157894736;0.8605655930871956;0.9225263157894736;0.8904694167852062;4382;710;368
354;Arabian_camel;4750;;0.8941052631578947;0.8838709677419355;0.8941052631578947;0.8889586603872319;4247;558;503
146;albatross;4750;;0.8616842105263158;0.9173016584491259;0.8616842105263158;0.888623534520191;4093;369;657
430;basketball;4750;;0.8402105263157895;0.9421624173748819;0.8402105263157895;0.888270643222791;3991;245;759
291;lion;4750;;0.9370526315789474;0.8442716236722306;0.9370526315789474;0.888245859109958;4451;821;299
874;trolleybus;4750;;0.8787368421052631;0.8974414104493658;0.8787368421052631;0.8879906392936922;4174;477;576
637;mailbox;4750;;0.8136842105263158;0.9769969666329625;0.8136842105263158;0.8878934068458534;3865;91;885
137;American_coot;4750;;0.8334736842105264;0.9496282082034061;0.8334736842105264;0.8877676869604216;3959;210;791
14;indigo_bunting;4750;;0.9471578947368421;0.835003711952487;0.9471578947368421;0.8875517853620044;4499;889;251
18;magpie;4750;;0.844;0.9351527874970842;0.844;0.8872413411530374;4009;278;741
144;pelican;4750;;0.8277894736842105;0.9552964042759962;0.8277894736842105;0.8869839837581773;3932;184;818
325;sulphur_butterfly;4750;;0.8694736842105263;0.904709748083242;0.8694736842105263;0.8867418142780461;4130;435;620
160;Afghan_hound;4750;;0.8812631578947369;0.8921568627450981;0.8812631578947369;0.8866765515780555;4186;506;564
606;iron;4750;;0.8406315789473684;0.9368840919755983;0.8406315789473684;0.8861517976031956;3993;269;757
425;barn;4750;;0.8907368421052632;0.8809077659795961;0.8907368421052632;0.8857950382078928;4231;572;519
321;admiral;4750;;0.8282105263157895;0.9513905683192261;0.8282105263157895;0.8855374226223973;3934;201;816
554;fireboat;4750;;0.8574736842105263;0.9154866262081367;0.8574736842105263;0.8855310359821719;4073;376;677
347;bison;4750;;0.852421052631579;0.9212741751990898;0.852421052631579;0.8855112083105523;4049;346;701
396;lionfish;4750;;0.8433684210526315;0.9292507538854095;0.8433684210526315;0.8842291137843504;4006;305;744
763;revolver;4750;;0.9109473684210526;0.8588725684795554;0.9109473684210526;0.8841438496117695;4327;711;423
420;banjo;4750;;0.8511578947368421;0.9194905617466455;0.8511578947368421;0.8840056849240189;4043;354;707
466;bullet_train;4750;;0.903578947368421;0.8630605268449628;0.903578947368421;0.8828550858788441;4292;681;458
990;buckeye;4750;;0.8791578947368421;0.8862478777589134;0.8791578947368421;0.8826886493341789;4176;536;574
726;plane;4750;;0.8450526315789474;0.9231830726770929;0.8450526315789474;0.8823917344471311;4014;334;736
225;malinois;4750;;0.8591578947368421;0.9068888888888889;0.8591578947368421;0.8823783783783783;4081;419;669
832;stupa;4750;;0.8498947368421053;0.9162505674080799;0.8498947368421053;0.8818261249453909;4037;369;713
276;hyena;4750;;0.868421052631579;0.893243828497185;0.868421052631579;0.8806575576430402;4125;493;625
779;school_bus;4750;;0.8877894736842106;0.8736275119121608;0.8877894736842106;0.8806515610316384;4217;610;533
863;totem_pole;4750;;0.8501052631578947;0.9131614654002713;0.8501052631578947;0.8805058874836458;4038;384;712
426;barometer;4750;;0.8475789473684211;0.9158325750682439;0.8475789473684211;0.8803848677017275;4026;370;724
565;freight_car;4750;;0.8974736842105263;0.8613861386138614;0.8974736842105263;0.8790596968759666;4263;686;487
890;volleyball;4750;;0.8656842105263158;0.892748588797221;0.8656842105263158;0.8790081231295426;4112;494;638
350;ibex;4750;;0.8871578947368421;0.8704813055153894;0.8871578947368421;0.8787404858721719;4214;627;536
274;dhole;4750;;0.8311578947368421;0.9306930693069307;0.8311578947368421;0.8781138790035588;3948;294;802
661;Model_T;4750;;0.8547368421052631;0.8992248062015504;0.8547368421052631;0.8764166216945495;4060;455;690
251;dalmatian;4750;;0.856421052631579;0.8964301454385192;0.856421052631579;0.8759689922480619;4068;470;682
695;padlock;4750;;0.8421052631578947;0.9119927040583675;0.8421052631578947;0.8756567425569177;4000;386;750
133;bittern;4750;;0.8149473684210526;0.9455300439667806;0.8149473684210526;0.875395748530077;3871;223;879
755;radio_telescope;4750;;0.8530526315789474;0.8980496453900709;0.8530526315789474;0.8749730079896352;4052;460;698
594;harp;4750;;0.8943157894736842;0.8559339109409632;0.8943157894736842;0.8747040049418305;4248;715;502
719;piggy_bank;4750;;0.8383157894736842;0.9133027522935779;0.8383157894736842;0.8742041712403951;3982;378;768
563;fountain_pen;4750;;0.8273684210526315;0.9255770136599152;0.8273684210526315;0.8737216540684748;3930;316;820
142;dowitcher;4750;;0.8890526315789473;0.8588570266422615;0.8890526315789473;0.8736940105513603;4223;694;527
324;cabbage_butterfly;4750;;0.8290526315789474;0.9231129864041256;0.8290526315789474;0.8735581188997339;3938;328;812
694;paddlewheel;4750;;0.8762105263157894;0.8707112970711297;0.8762105263157894;0.8734522560335782;4162;618;588
575;golfcart;4750;;0.8065263157894736;0.9487369985141159;0.8065263157894736;0.8718707328174783;3831;207;919
195;Boston_bull;4750;;0.8650526315789474;0.8787425149700598;0.8650526315789474;0.8718438361977509;4109;567;641
621;lawn_mower;4750;;0.8366315789473684;0.9100068697046027;0.8366315789473684;0.8717779971481847;3974;393;776
704;parking_meter;4750;;0.8115789473684211;0.9407027818448024;0.8115789473684211;0.8713833634719711;3855;243;895
732;Polaroid_camera;4750;;0.8212631578947368;0.9279257849666984;0.8212631578947368;0.8713424167969621;3901;303;849
685;odometer;4750;;0.9543157894736842;0.7998941238750662;0.9543157894736842;0.8703081501391956;4533;1134;217
991;coral_fungus;4750;;0.8490526315789474;0.8924540827616729;0.8490526315789474;0.870212536411695;4033;486;717
727;planetarium;4750;;0.8667368421052631;0.8715071972904318;0.8667368421052631;0.8691154739286467;4117;607;633
261;keeshond;4750;;0.8482105263157895;0.8884233737596472;0.8482105263157895;0.8678513731825525;4029;506;721
254;pug;4750;;0.8458947368421053;0.8907115938816227;0.8458947368421053;0.8677248677248677;4018;493;732
614;kimono;4750;;0.8273684210526315;0.9107763615295481;0.8273684210526315;0.8670711527854386;3930;385;820
612;jinrikisha;4750;;0.8941052631578947;0.841323296354992;0.8941052631578947;0.8669116146152275;4247;801;503
156;Blenheim_spaniel;4750;;0.9237894736842105;0.8148560817084494;0.9237894736842105;0.8659102121361617;4388;997;362
268;Mexican_hairless;4750;;0.8747368421052631;0.8568777067436585;0.8747368421052631;0.8657151786644443;4155;694;595
306;rhinoceros_beetle;4750;;0.8054736842105263;0.9349951124144672;0.8054736842105263;0.8654150644650531;3826;266;924
363;armadillo;4750;;0.8473684210526315;0.8838383838383839;0.8473684210526315;0.865219260533104;4025;529;725
262;Brabancon_griffon;4750;;0.8355789473684211;0.8965439349446578;0.8355789473684211;0.8649885583524027;3969;458;781
102;echidna;4750;;0.8625263157894737;0.8674571247088715;0.8625263157894737;0.8649846933389634;4097;626;653
294;brown_bear;4750;;0.8696842105263158;0.8595505617977528;0.8696842105263158;0.8645876935956467;4131;675;619
771;safe;4750;;0.8023157894736842;0.9365937576800196;0.8023157894736842;0.8642703254337227;3811;258;939
886;vending_machine;4750;;0.8882105263157895;0.8406056983462841;0.8882105263157895;0.8637526870713481;4219;800;531
555;fire_engine;4750;;0.8183157894736842;0.9143730886850153;0.8183157894736842;0.8636818131318742;3887;364;863
218;Welsh_springer_spaniel;4750;;0.8751578947368421;0.852018856323017;0.8751578947368421;0.8634333783362758;4157;722;593
535;disk_brake;4750;;0.7837894736842105;0.9583011583011583;0.7837894736842105;0.8623045744064852;3723;162;1027
131;little_blue_heron;4750;;0.8368421052631579;0.8888640429338104;0.8368421052631579;0.8620689655172414;3975;497;775
849;teapot;4750;;0.891578947368421;0.8330055074744296;0.891578947368421;0.8612975391498882;4235;849;515
642;marimba;4750;;0.8383157894736842;0.884299355984899;0.8383157894736842;0.8606938290284232;3982;521;768
571;gas_pump;4750;;0.7772631578947369;0.9617087783276895;0.7772631578947369;0.8597042729072069;3692;147;1058
198;standard_schnauzer;4750;;0.8130526315789474;0.9110639301722104;0.8130526315789474;0.8592724440983425;3862;377;888
383;Madagascar_cat;4750;;0.875578947368421;0.8434394646116407;0.875578947368421;0.8592087594256791;4159;772;591
668;mosque;4750;;0.8591578947368421;0.858254468980021;0.8591578947368421;0.8587059442398737;4081;674;669
375;colobus;4750;;0.8570526315789474;0.8601309951405028;0.8570526315789474;0.8585890540968047;4071;662;679
239;Bernese_mountain_dog;4750;;0.9126315789473685;0.8101289478602131;0.9126315789473685;0.8583308583308583;4335;1016;415
407;ambulance;4750;;0.9113684210526316;0.8099158091674462;0.9113684210526316;0.8576523031203566;4329;1016;421
344;hippopotamus;4750;;0.7970526315789473;0.9277137956383239;0.7970526315789473;0.8574340391801608;3786;295;964
933;cheeseburger;4750;;0.8029473684210526;0.919700988666506;0.8029473684210526;0.8573676520175341;3814;333;936
545;electric_fan;4750;;0.8406315789473684;0.8718340611353712;0.8406315789473684;0.8559485530546623;3993;587;757
547;electric_locomotive;4750;;0.8343157894736842;0.8787139689578713;0.8343157894736842;0.8559395248380129;3963;547;787
214;Gordon_setter;4750;;0.8393684210526315;0.8728108581436077;0.8393684210526315;0.8557630392788151;3987;581;763
609;jeep;4750;;0.8153684210526316;0.900278940027894;0.8153684210526316;0.8557224922669023;3873;429;877
286;cougar;4750;;0.8067368421052632;0.9106463878326996;0.8067368421052632;0.8555481134181737;3832;376;918
322;ringlet;4750;;0.788;0.9338822355289421;0.788;0.8547613610413337;3743;265;1007
22;bald_eagle;4750;;0.8494736842105263;0.8596080102258202;0.8494736842105263;0.8545108005082592;4035;659;715
687;organ;4750;;0.7888421052631579;0.9313944817300522;0.7888421052631579;0.8542117861620883;3747;276;1003
816;spindle;4750;;0.7696842105263157;0.9590766002098636;0.7696842105263157;0.8540060733473487;3656;156;1094
805;soccer_ball;4750;;0.9077894736842105;0.8058306858531116;0.9077894736842105;0.8537768537768536;4312;1039;438
444;bicycle-built-for-two;4750;;0.8629473684210527;0.8444581788215905;0.8629473684210527;0.8536026655560184;4099;755;651
955;jackfruit;4750;;0.8141052631578948;0.8967996289424861;0.8141052631578948;0.8534539836680645;3867;445;883
714;pick;4750;;0.9128421052631579;0.8011825572801182;0.9128421052631579;0.8533753198189333;4336;1076;414
217;English_springer;4750;;0.808;0.9032713579665804;0.808;0.8529836648516503;3838;411;912
448;birdhouse;4750;;0.8526315789473684;0.8529907329401853;0.8526315789473684;0.8528111181301327;4050;698;700
235;German_shepherd;4750;;0.8151578947368421;0.8934010152284264;0.8151578947368421;0.8524878907970057;3872;462;878
473;can_opener;4750;;0.8058947368421052;0.9028301886792452;0.8058947368421052;0.8516129032258065;3828;412;922
85;quail;4750;;0.8397894736842105;0.8636068413076423;0.8397894736842105;0.8515316469206959;3989;630;761
688;oscilloscope;4750;;0.9067368421052632;0.8021978021978022;0.9067368421052632;0.8512698883288864;4307;1062;443
659;mixing_bowl;4750;;0.8176842105263158;0.8875685557586838;0.8176842105263158;0.851194389655928;3884;492;866
20;water_ouzel;4750;;0.8332631578947368;0.8695079086115993;0.8332631578947368;0.8509997849924748;3958;594;792
569;garbage_truck;4750;;0.8661052631578947;0.8361788617886179;0.8661052631578947;0.8508790072388831;4114;806;636
71;scorpion;4750;;0.8206315789473684;0.8832993428506685;0.8206315789473684;0.8508130524937247;3898;515;852
105;koala;4750;;0.7934736842105263;0.9165856031128404;0.7934736842105263;0.8505980591288649;3769;343;981
937;broccoli;4750;;0.8107368421052632;0.8943334881560613;0.8107368421052632;0.8504858657243816;3851;455;899
23;vulture;4750;;0.7858947368421053;0.9265326383718044;0.7858947368421053;0.8504385465314958;3733;296;1017
417;balloon;4750;;0.8416842105263158;0.8588614393125671;0.8416842105263158;0.8501860712387028;3998;657;752
722;ping-pong_ball;4750;;0.8557894736842105;0.8445875753168502;0.8557894736842105;0.8501516260587682;4065;748;685
57;garter_snake;4750;;0.8473684210526315;0.8525736072865918;0.8473684210526315;0.8499630450849962;4025;696;725
829;streetcar;4750;;0.852;0.847894406033941;0.852;0.8499422450908327;4047;726;703
245;French_bulldog;4750;;0.7781052631578947;0.9349860865165697;0.7781052631578947;0.8493622888659083;3696;257;1054
364;three-toed_sloth;4750;;0.8069473684210526;0.8961889174655132;0.8069473684210526;0.8492300875152321;3833;444;917
174;Norwegian_elkhound;4750;;0.8309473684210527;0.8680448647459864;0.8309473684210527;0.8490911046574164;3947;600;803
988;acorn;4750;;0.7997894736842105;0.9040932889100428;0.7997894736842105;0.8487488829311886;3799;403;951
401;accordion;4750;;0.8269473684210527;0.8717265867731913;0.8269473684210527;0.8487467588591184;3928;578;822
888;viaduct;4750;;0.7877894736842105;0.9196362742688621;0.7877894736842105;0.8486222927769588;3742;327;1008
365;orangutan;4750;;0.8768421052631579;0.8219853956976515;0.8768421052631579;0.8485280635632066;4165;902;585
613;joystick;4750;;0.8517894736842105;0.8439716312056738;0.8517894736842105;0.8478625314333613;4046;748;704
540;drilling_platform;4750;;0.895578947368421;0.8037030039675043;0.895578947368421;0.8471572239370707;4254;1039;496
736;pool_table;4750;;0.852;0.8420724094881398;0.852;0.8470071159480954;4047;759;703
684;ocarina;4750;;0.8888421052631579;0.8086573453361425;0.8888421052631579;0.8468558820579681;4222;999;528
428;barrow;4750;;0.7701052631578947;0.9391527599486521;0.7701052631578947;0.8462695199537305;3658;237;1092
273;dingo;4750;;0.8090526315789474;0.8863007380073801;0.8090526315789474;0.8459167950693375;3843;493;907
872;tripod;4750;;0.8246315789473684;0.8679370706846887;0.8246315789473684;0.8457303249487207;3917;596;833
852;tennis_ball;4750;;0.8553684210526316;0.8361802840090553;0.8553684210526316;0.8456655219065459;4063;796;687
127;white_stork;4750;;0.7753684210526316;0.9298157031052764;0.7753684210526316;0.8455975203765355;3683;278;1067
605;iPod;4750;;0.7734736842105263;0.9315415821501014;0.7734736842105263;0.8451805843110192;3674;270;1076
629;lipstick;4750;;0.8454736842105263;0.8442295564431365;0.8454736842105263;0.8448511623014621;4016;741;734
258;Samoyed;4750;;0.8743157894736842;0.8170371827660831;0.8743157894736842;0.8447066002237364;4153;930;597
768;rugby_ball;4750;;0.7578947368421053;0.9538950715421304;0.7578947368421053;0.8446738620366026;3600;174;1150
422;barbell;4750;;0.7966315789473685;0.898812351543943;0.7966315789473685;0.8446428571428571;3784;426;966
300;tiger_beetle;4750;;0.864421052631579;0.8256585562034989;0.864421052631579;0.8445952895196956;4106;867;644
307;weevil;4750;;0.7867368421052632;0.911241160692514;0.7867368421052632;0.8444243588295108;3737;364;1013
954;banana;4750;;0.7837894736842105;0.9142927308447937;0.7837894736842105;0.8440262978916344;3723;349;1027
486;cello;4750;;0.8244210526315789;0.8638870505184205;0.8244210526315789;0.843692771733276;3916;617;834
433;bathing_cap;4750;;0.7928421052631579;0.9013882240306367;0.7928421052631579;0.8436379928315413;3766;412;984
279;Arctic_fox;4750;;0.8492631578947368;0.8379725799750727;0.8492631578947368;0.8435800920117106;4034;780;716
752;racket;4750;;0.8189473684210526;0.8684974324626032;0.8189473684210526;0.8429949073572434;3890;589;860
97;drake;4750;;0.7490526315789474;0.9637053087757314;0.7490526315789474;0.8429282160625444;3558;134;1192
210;German_short-haired_pointer;4750;;0.8665263157894737;0.8202471104025508;0.8665263157894737;0.8427518427518428;4116;902;634
802;snowmobile;4750;;0.8974736842105263;0.7937069447030348;0.8974736842105263;0.8424068767908309;4263;1108;487
918;crossword_puzzle;4750;;0.8134736842105263;0.8712514092446448;0.8134736842105263;0.8413718018508438;3864;571;886
507;combination_lock;4750;;0.7865263157894736;0.9035066505441355;0.7865263157894736;0.8409679234665165;3736;399;1014
515;cowboy_hat;4750;;0.8176842105263158;0.865611767327836;0.8176842105263158;0.840965681498322;3884;603;866
447;binoculars;4750;;0.7945263157894736;0.8921985815602836;0.7945263157894736;0.8405345211581291;3774;456;976
707;pay-phone;4750;;0.7610526315789473;0.9355590062111802;0.7610526315789473;0.8393313211051776;3615;249;1135
808;sombrero;4750;;0.7837894736842105;0.9025454545454545;0.7837894736842105;0.8389859154929576;3723;402;1027
686;oil_filter;4750;;0.8458947368421053;0.8318840579710145;0.8458947368421053;0.838830897703549;4018;812;732
236;Doberman;4750;;0.7905263157894736;0.8925600190159259;0.7905263157894736;0.8384503740091548;3755;452;995
610;jersey;4750;;0.7856842105263158;0.8986274981940766;0.7856842105263158;0.8383690890710997;3732;421;1018
773;saltshaker;4750;;0.8313684210526315;0.8448866067608044;0.8313684210526315;0.8380730050933787;3949;725;801
821;steel_arch_bridge;4750;;0.9012631578947369;0.7820606503470954;0.9012631578947369;0.8374413145539906;4281;1193;469
270;white_wolf;4750;;0.7745263157894737;0.9106435643564357;0.7745263157894737;0.8370875995449375;3679;361;1071
521;Crock_Pot;4750;;0.7901052631578948;0.8880738286796025;0.7901052631578948;0.8362299465240641;3753;473;997
194;Dandie_Dinmont;4750;;0.8896842105263157;0.7887271369914147;0.8896842105263157;0.8361693707954096;4226;1132;524
140;red-backed_sandpiper;4750;;0.7964210526315789;0.8797674418604651;0.7964210526315789;0.8360220994475138;3783;517;967
362;badger;4750;;0.8858947368421053;0.79082879158053;0.8858947368421053;0.8356667659616721;4208;1113;542
786;sewing_machine;4750;;0.7503157894736842;0.9426077757207089;0.7503157894736842;0.8355409682335013;3564;217;1186
877;turnstile;4750;;0.7701052631578947;0.9126746506986028;0.7701052631578947;0.8353505366522036;3658;350;1092
177;Scottish_deerhound;4750;;0.8317894736842105;0.8386754404585014;0.8317894736842105;0.8352182644540745;3951;760;799
99;goose;4750;;0.8256842105263158;0.8439853669033786;0.8256842105263158;0.8347344897307651;3922;725;828
592;hard_disc;4750;;0.7498947368421053;0.9408346539883783;0.7498947368421053;0.8345829428303655;3562;224;1188
720;pill_bottle;4750;;0.8208421052631579;0.8483463881636205;0.8208421052631579;0.8343676439118339;3899;697;851
213;Irish_setter;4750;;0.8195789473684211;0.8492582897033158;0.8195789473684211;0.8341547032354832;3893;691;857
716;picket_fence;4750;;0.84;0.8281444582814446;0.84;0.834030100334448;3990;828;760
914;yawl;4750;;0.8073684210526316;0.8623791319991005;0.8073684210526316;0.833967598129825;3835;612;915
561;forklift;4750;;0.8044210526315789;0.8654586636466591;0.8044210526315789;0.8338243316966721;3821;594;929
229;Old_English_sheepdog;4750;;0.8943157894736842;0.7807388347730196;0.8943157894736842;0.8336767736237856;4248;1193;502
645;maypole;4750;;0.9309473684210526;0.7547363031233999;0.9309473684210526;0.8336318220378923;4422;1437;328
952;fig;4750;;0.7827368421052632;0.8913929513306161;0.7827368421052632;0.8335388409371146;3718;453;1032
630;Loafer;4750;;0.7848421052631579;0.88804192472606;0.7848421052631579;0.8332588287885561;3728;470;1022
666;mortar;4750;;0.8126315789473684;0.8541712768311573;0.8126315789473684;0.8328838062358398;3860;659;890
94;hummingbird;4750;;0.8345263157894737;0.8301570680628272;0.8345263157894737;0.8323359580052494;3964;811;786
471;cannon;4750;;0.7498947368421053;0.9349081364829396;0.7498947368421053;0.8322429906542056;3562;248;1188
902;whistle;4750;;0.8781052631578947;0.7905610310841547;0.8781052631578947;0.8320367045681228;4171;1105;579
570;gasmask;4750;;0.8214736842105264;0.8418554476806904;0.8214736842105264;0.8315396909962708;3902;733;848
583;guillotine;4750;;0.8631578947368421;0.8018775669861138;0.8631578947368421;0.8313900435972827;4100;1013;650
503;cocktail_shaker;4750;;0.8456842105263158;0.8171277461350691;0.8456842105263158;0.8311607697082558;4017;899;733
559;folding_chair;4750;;0.7730526315789473;0.8986784140969163;0.7730526315789473;0.8311453146220009;3672;414;1078
957;pomegranate;4750;;0.7370526315789474;0.9521348925754691;0.7370526315789474;0.8309006763972944;3501;176;1249
1;goldfish;4750;;0.8688421052631579;0.7961033950617284;0.8688421052631579;0.8308838332997786;4127;1057;623
859;toaster;4750;;0.7774736842105263;0.8913830557566981;0.7774736842105263;0.8305408748453841;3693;450;1057
51;triceratops;4750;;0.8031578947368421;0.8598151904439937;0.8031578947368421;0.8305213889191249;3815;622;935
672;mountain_tent;4750;;0.8069473684210526;0.8548171275646744;0.8069473684210526;0.8301927658652806;3833;651;917
896;washbasin;4750;;0.7995789473684211;0.8631818181818182;0.7995789473684211;0.8301639344262296;3798;602;952
566;French_horn;4750;;0.7562105263157894;0.9200819672131147;0.7562105263157894;0.8301363531315;3592;312;1158
317;leafhopper;4750;;0.848421052631579;0.8123362225357791;0.848421052631579;0.8299866131191432;4030;931;720
766;rotisserie;4750;;0.8124210526315789;0.8483183117168609;0.8124210526315789;0.829981718464351;3859;690;891
259;Pomeranian;4750;;0.8964210526315789;0.7724963715529753;0.8964210526315789;0.8298577275384915;4258;1254;492
953;pineapple;4750;;0.7591578947368421;0.9145320821709358;0.7591578947368421;0.8296330380766134;3606;337;1144
573;go-kart;4750;;0.8833684210526316;0.7812325451498789;0.8833684210526316;0.8291670783519415;4196;1175;554
410;apiary;4750;;0.7701052631578947;0.8976687116564417;0.7701052631578947;0.8290084985835695;3658;417;1092
458;brass;4750;;0.7448421052631579;0.9344955097728473;0.7448421052631579;0.8289597000937208;3538;248;1212
757;recreational_vehicle;4750;;0.8044210526315789;0.8550011188185276;0.8044210526315789;0.8289402321292981;3821;648;929
495;china_cabinet;4750;;0.8016842105263158;0.8580441640378549;0.8016842105263158;0.8289072703526339;3808;630;942
393;anemone_fish;4750;;0.7313684210526316;0.9525637510282424;0.7313684210526316;0.827438370846731;3474;173;1276
608;jean;4750;;0.7648421052631579;0.9010416666666666;0.7648421052631579;0.827374174447734;3633;399;1117
327;starfish;4750;;0.8797894736842106;0.780829596412556;0.8797894736842106;0.8273609186299742;4179;1173;571
148;killer_whale;4750;;0.9256842105263158;0.7471537807986406;0.9256842105263158;0.8268923366243537;4397;1488;353
711;perfume;4750;;0.7526315789473684;0.9173723376956633;0.7526315789473684;0.8268763733086619;3575;322;1175
215;Brittany_spaniel;4750;;0.7981052631578948;0.8574983035512328;0.7981052631578948;0.8267364518591211;3791;630;959
934;hotdog;4750;;0.771578947368421;0.8902113189215448;0.771578947368421;0.8266606518551933;3665;452;1085
190;Sealyham_terrier;4750;;0.9033684210526316;0.7617610509497603;0.9033684210526316;0.8265433882307618;4291;1342;459
780;schooner;4750;;0.8456842105263158;0.8080869040434521;0.8456842105263158;0.826458183314474;4017;954;733
83;prairie_chicken;4750;;0.8829473684210526;0.77623542476402;0.8829473684210526;0.8261597557372204;4194;1209;556
801;snorkel;4750;;0.8305263157894737;0.8203368683718029;0.8305263157894737;0.8254001464588345;3945;864;805
745;projector;4750;;0.783578947368421;0.8716627634660421;0.783578947368421;0.8252771618625278;3722;548;1028
945;bell_pepper;4750;;0.8313684210526315;0.8187849885963093;0.8313684210526315;0.8250287266269717;3949;874;801
441;beer_glass;4750;;0.7930526315789473;0.8592609489051095;0.7930526315789473;0.8248303043573463;3767;617;983
48;Komodo_dragon;4750;;0.7482105263157894;0.9188210961737332;0.7482105263157894;0.8247853330239033;3554;314;1196
929;ice_lolly;4750;;0.7427368421052631;0.9272010512483574;0.7427368421052631;0.8247808299240211;3528;277;1222
870;tricycle;4750;;0.7869473684210526;0.866079703429101;0.7869473684210526;0.8246194573130378;3738;578;1012
10;brambling;4750;;0.9082105263157895;0.7549877493874694;0.9082105263157895;0.8245412844036698;4314;1400;436
234;Rottweiler;4750;;0.8214736842105264;0.8268700995973723;0.8214736842105264;0.8241630584010983;3902;817;848
647;measuring_cup;4750;;0.7511578947368421;0.9127654131491431;0.7511578947368421;0.8241136389883359;3568;341;1182
326;lycaenid;4750;;0.9162105263157895;0.7486667813521417;0.9162105263157895;0.8240083309665813;4352;1461;398
263;Pembroke;4750;;0.7989473684210526;0.8505154639175257;0.7989473684210526;0.8239253148067739;3795;667;955
289;snow_leopard;4750;;0.8307368421052631;0.8166390728476821;0.8307368421052631;0.8236276351492382;3946;886;804
932;pretzel;4750;;0.7970526315789473;0.8517435320584927;0.7970526315789473;0.8234910277324634;3786;659;964
31;tree_frog;4750;;0.7974736842105263;0.8512359550561798;0.7974736842105263;0.8234782608695652;3788;662;962
916;web_site;4750;;0.8223157894736842;0.8233558178752108;0.8223157894736842;0.8228354750368654;3906;838;844
467;butcher_shop;4750;;0.7378947368421053;0.9294616812516574;0.7378947368421053;0.8226733951414155;3505;266;1245
320;damselfly;4750;;0.8949473684210526;0.7607372942018611;0.8949473684210526;0.8224027858386534;4251;1337;499
676;muzzle;4750;;0.7421052631578947;0.9220507454878368;0.7421052631578947;0.8223492359734049;3525;298;1225
181;Bedlington_terrier;4750;;0.8747368421052631;0.7756206832182192;0.8747368421052631;0.8222024339566637;4155;1202;595
366;gorilla;4750;;0.8431578947368421;0.8019623548257909;0.8431578947368421;0.8220443349753694;4005;989;745
196;miniature_schnauzer;4750;;0.7966315789473685;0.8490015705631591;0.7966315789473685;0.8219832735961768;3784;673;966
604;hourglass;4750;;0.9538947368421052;0.7217266645428481;0.9538947368421052;0.8217265143271673;4531;1747;219
518;crash_helmet;4750;;0.848421052631579;0.7964426877470355;0.848421052631579;0.8216106014271152;4030;1030;720
157;papillon;4750;;0.8934736842105263;0.7600286532951289;0.8934736842105263;0.8213663634604218;4244;1340;506
264;Cardigan;4750;;0.8002105263157895;0.8435419440745673;0.8002105263157895;0.8213050993949871;3801;705;949
70;harvestman;4750;;0.7593684210526316;0.8941497273177987;0.7593684210526316;0.8212659380692168;3607;427;1143
2;great_white_shark;4750;;0.7905263157894736;0.8543799772468714;0.7905263157894736;0.8212137780207762;3755;640;995
243;bull_mastiff;4750;;0.7461052631578947;0.9129314786192684;0.7461052631578947;0.8211306765523633;3544;338;1206
717;pickup;4750;;0.7421052631578947;0.9186864738076622;0.7421052631578947;0.8210085012227786;3525;312;1225
948;Granny_Smith;4750;;0.8867368421052632;0.7641509433962265;0.8867368421052632;0.8208926135256285;4212;1300;538
332;Angora;4750;;0.8837894736842106;0.7663380795910917;0.8837894736842106;0.8208838482596793;4198;1280;552
293;cheetah;4750;;0.8789473684210526;0.7695852534562212;0.8789473684210526;0.8206388206388207;4175;1250;575
301;ladybug;4750;;0.8850526315789473;0.7646416878865042;0.8850526315789473;0.8204527712724433;4204;1294;546
398;abacus;4750;;0.8166315789473684;0.8240917782026769;0.8166315789473684;0.82034471819816;3879;828;871
209;Chesapeake_Bay_retriever;4750;;0.7528421052631579;0.9000755096904103;0.7528421052631579;0.8199014100653446;3576;397;1174
379;howler_monkey;4750;;0.8743157894736842;0.7713595839524517;0.8743157894736842;0.819617130451944;4153;1231;597
553;file;4750;;0.7366315789473684;0.923462655054104;0.7366315789473684;0.8195339032673615;3499;290;1251
169;borzoi;4750;;0.8751578947368421;0.7701000370507596;0.8751578947368421;0.8192747339377218;4157;1241;593
734;police_van;4750;;0.7696842105263157;0.8750598372426999;0.7696842105263157;0.8189964157706092;3656;522;1094
919;street_sign;4750;;0.8225263157894737;0.8153171953255426;0.8225263157894737;0.8189058897505763;3907;885;843
678;neck_brace;4750;;0.8221052631578948;0.8147298143125391;0.8221052631578948;0.8184009221418841;3905;888;845
891;waffle_iron;4750;;0.7804210526315789;0.8588971269694161;0.7804210526315789;0.8177807191705272;3707;609;1043
28;spotted_salamander;4750;;0.7391578947368421;0.9150377899400574;0.7391578947368421;0.8177477582391988;3511;326;1239
994;stinkhorn;4750;;0.8341052631578947;0.8018619712608783;0.8341052631578947;0.8176658755546382;3962;979;788
308;fly;4750;;0.763578947368421;0.8796992481203008;0.763578947368421;0.8175363462188663;3627;496;1123
532;dining_table;4750;;0.8058947368421052;0.8283921229171175;0.8058947368421052;0.8169885817948991;3828;793;922
882;vacuum;4750;;0.7092631578947368;0.9631217838765008;0.7092631578947368;0.816925315227934;3369;129;1381
316;cicada;4750;;0.728;0.9285714285714286;0.728;0.8161434977578476;3458;266;1292
223;schipperke;4750;;0.7892631578947369;0.8443693693693693;0.7892631578947369;0.8158868335146899;3749;691;1001
850;teddy;4750;;0.8208421052631579;0.8104344211182706;0.8208421052631579;0.8156050622319841;3899;912;851
823;stethoscope;4750;;0.7271578947368421;0.928494623655914;0.7271578947368421;0.8155844155844155;3454;266;1296
27;eft;4750;;0.792;0.8404825737265416;0.792;0.8155213526988945;3762;714;988
429;baseball;4750;;0.7591578947368421;0.88037109375;0.7591578947368421;0.8152837440651143;3606;490;1144
785;seat_belt;4750;;0.7414736842105263;0.905165767154973;0.7414736842105263;0.8151834278439996;3522;369;1228
331;hare;4750;;0.8058947368421052;0.8246445497630331;0.8058947368421052;0.8151618398637137;3828;814;922
164;bluetick;4750;;0.7496842105263158;0.8920340681362725;0.7496842105263158;0.814687714481812;3561;431;1189
820;steam_locomotive;4750;;0.8395789473684211;0.7911128744296767;0.8395789473684211;0.8146256766418141;3988;1053;762
338;guinea_pig;4750;;0.7808421052631579;0.8510784763653052;0.7808421052631579;0.8144488361879666;3709;649;1041
544;Dutch_oven;4750;;0.7347368421052631;0.913134484563056;0.7347368421052631;0.8142790480634624;3490;332;1260
901;whiskey_jug;4750;;0.8837894736842106;0.7547644732110752;0.8837894736842106;0.8141970519782779;4198;1364;552
132;American_egret;4750;;0.9008421052631579;0.7427529942718278;0.9008421052631579;0.8141946532204358;4279;1482;471
439;bearskin;4750;;0.9389473684210526;0.7183121275567724;0.9389473684210526;0.8139428779998175;4460;1749;290
537;dogsled;4750;;0.9282105263157895;0.7244495563588564;0.9282105263157895;0.8137689184200814;4409;1677;341
837;sunglasses;4750;;0.7271578947368421;0.9232825447741245;0.7271578947368421;0.8135673065598868;3454;287;1296
79;centipede;4750;;0.7917894736842105;0.8363353346675562;0.7917894736842105;0.8134530117876069;3761;736;989
589;hand_blower;4750;;0.7572631578947369;0.8783882783882784;0.7572631578947369;0.8133408705483324;3597;498;1153
593;harmonica;4750;;0.8427368421052631;0.7850558933124142;0.8427368421052631;0.8128744034927403;4003;1096;747
384;indri;4750;;0.8646315789473684;0.7653745806932538;0.8646315789473684;0.8119810201660735;4107;1259;643
627;limousine;4750;;0.82;0.803921568627451;0.82;0.8118811881188118;3895;950;855
104;wallaby;4750;;0.7553684210526316;0.8753354476701635;0.7553684210526316;0.8109390891626173;3588;511;1162
171;Italian_greyhound;4750;;0.8;0.8216216216216217;0.8;0.8106666666666666;3800;825;950
761;remote_control;4750;;0.8101052631578948;0.8106172319359596;0.8101052631578948;0.8103611666842161;3848;899;902
427;barrel;4750;;0.7633684210526316;0.8633333333333333;0.7633684210526316;0.8102793296089386;3626;574;1124
451;bolo_tie;4750;;0.8913684210526316;0.7425464749210803;0.8913684210526316;0.8101798698813624;4234;1468;516
224;groenendael;4750;;0.7833684210526316;0.8386297047554654;0.7833684210526316;0.8100576902144335;3721;716;1029
514;cowboy_boot;4750;;0.7414736842105263;0.8923232835064606;0.7414736842105263;0.8099344601586754;3522;425;1228
372;baboon;4750;;0.8543157894736843;0.7697268588770865;0.8543157894736843;0.8098183995210538;4058;1214;692
511;convertible;4750;;0.8686315789473684;0.7583164859400845;0.8686315789473684;0.8097340790893925;4126;1315;624
958;hay;4750;;0.7214736842105263;0.9214842699650444;0.7214736842105263;0.8093045223757233;3427;292;1323
147;grey_whale;4750;;0.7947368421052632;0.8240558829949792;0.7947368421052632;0.8091308541421068;3775;806;975
456;bow;4750;;0.8195789473684211;0.7984003281378179;0.8195789473684211;0.8088510284645751;3893;983;857
531;digital_watch;4750;;0.8195789473684211;0.7984003281378179;0.8195789473684211;0.8088510284645751;3893;983;857
765;rocking_chair;4750;;0.7492631578947369;0.8781149765605725;0.7492631578947369;0.8085879813699876;3559;494;1191
564;four-poster;4750;;0.8421052631578947;0.7774538386783285;0.8421052631578947;0.808489135927236;4000;1145;750
95;jacamar;4750;;0.9606315789473684;0.6979198531661058;0.9606315789473684;0.8084691708008505;4563;1975;187
759;reflex_camera;4750;;0.7793684210526316;0.839646178271717;0.7793684210526316;0.8083851948902718;3702;707;1048
840;swab;4750;;0.7673684210526316;0.8534301100444861;0.7673684210526316;0.8081143997339543;3645;626;1105
173;Ibizan_hound;4750;;0.7454736842105263;0.8819427148194271;0.7454736842105263;0.8079863091842556;3541;474;1209
756;rain_barrel;4750;;0.7341052631578947;0.8982483256053581;0.7341052631578947;0.8079240037071362;3487;395;1263
941;acorn_squash;4750;;0.7543157894736842;0.8696601941747573;0.7543157894736842;0.8078917700112739;3583;537;1167
822;steel_drum;4750;;0.8134736842105263;0.8023255813953488;0.8134736842105263;0.8078611749947732;3864;952;886
775;sarong;4750;;0.740421052631579;0.8888046499873642;0.740421052631579;0.8078557482485357;3517;440;1233
628;liner;4750;;0.8189473684210526;0.7969678344601516;0.8189473684210526;0.8078081196137473;3890;991;860
305;dung_beetle;4750;;0.7543157894736842;0.8686060606060606;0.7543157894736842;0.8074366197183098;3583;542;1167
654;minibus;4750;;0.840421052631579;0.7768048258416034;0.840421052631579;0.8073617150369097;3992;1147;758
883;vase;4750;;0.7793684210526316;0.8366101694915254;0.7793684210526316;0.806975476839237;3702;723;1048
56;king_snake;4750;;0.72;0.9173819742489271;0.72;0.8067940552016986;3420;308;1330
897;washer;4750;;0.7115789473684211;0.931129476584022;0.7115789473684211;0.8066825775656324;3380;250;1370
956;custard_apple;4750;;0.8549473684210527;0.7634893777025756;0.8549473684210527;0.8066342238553978;4061;1258;689
472;canoe;4750;;0.6951578947368421;0.9601628380343123;0.6951578947368421;0.8064476737086335;3302;137;1448
98;red-breasted_merganser;4750;;0.9397894736842105;0.7061056627649478;0.9397894736842105;0.8063583815028902;4464;1858;286
703;park_bench;4750;;0.7768421052631579;0.8376844494892168;0.7768421052631579;0.8061168760240305;3690;715;1060
367;chimpanzee;4750;;0.8204210526315789;0.7922341939418581;0.8204210526315789;0.806081290722929;3897;1022;853
45;Gila_monster;4750;;0.7042105263157895;0.9422535211267605;0.7042105263157895;0.8060240963855422;3345;205;1405
924;guacamole;4750;;0.7349473684210527;0.8921543572706363;0.7349473684210527;0.8059563661549116;3491;422;1259
572;goblet;4750;;0.724421052631579;0.9076760749142706;0.724421052631579;0.805760449596066;3441;350;1309
833;submarine;4750;;0.7671578947368421;0.8482309124767226;0.7671578947368421;0.8056599602034048;3644;652;1106
182;Border_terrier;4750;;0.7814736842105263;0.8311688311688312;0.7814736842105263;0.8055555555555557;3712;754;1038
211;vizsla;4750;;0.7844210526315789;0.8274483677548301;0.7844210526315789;0.8053604236463849;3726;777;1024
981;ballplayer;4750;;0.8374736842105264;0.7755897835835446;0.8374736842105264;0.8053446705132099;3978;1151;772
474;cardigan;4750;;0.7734736842105263;0.8395795246800731;0.7734736842105263;0.8051720359412667;3674;702;1076
739;potter's_wheel;4750;;0.8827368421052632;0.7398976530792306;0.8827368421052632;0.8050302390323509;4193;1474;557
463;bucket;4750;;0.7242105263157895;0.9055014477494078;0.7242105263157895;0.8047724880102937;3440;359;1310
158;toy_terrier;4750;;0.8412631578947368;0.7706846673095468;0.8412631578947368;0.8044287871162557;3996;1189;754
185;Norfolk_terrier;4750;;0.724;0.9042860899290034;0.724;0.8041622822401495;3439;364;1311
543;dumbbell;4750;;0.7865263157894736;0.8221830985915493;0.7865263157894736;0.8039595437916934;3736;808;1014
75;black_widow;4750;;0.8475789473684211;0.7645271553361185;0.8475789473684211;0.8039137380191693;4026;1240;724
753;radiator;4750;;0.7522105263157894;0.8628350639942043;0.7522105263157894;0.8037341131481274;3573;568;1177
517;crane;4750;;0.740421052631579;0.8785910567074694;0.740421052631579;0.8036101907917286;3517;486;1233
292;tiger;4750;;0.904;0.722652305621003;0.904;0.8032173587729143;4294;1648;456
220;Sussex_spaniel;4750;;0.7368421052631579;0.8822788001008318;0.7368421052631579;0.8030285648732362;3500;467;1250
43;frilled_lizard;4750;;0.7202105263157895;0.9071864226995492;0.7202105263157895;0.8029573993662715;3421;350;1329
912;worm_fence;4750;;0.7951578947368421;0.8108630313439245;0.7951578947368421;0.8029336734693878;3777;881;973
346;water_buffalo;4750;;0.7505263157894737;0.8629871701767127;0.7505263157894737;0.8028375182974891;3565;566;1185
880;unicycle;4750;;0.7865263157894736;0.8198376124643406;0.7865263157894736;0.8028365746212529;3736;821;1014
237;miniature_pinscher;4750;;0.7886315789473685;0.8171902268760908;0.7886315789473685;0.8026569530747804;3746;838;1004
352;impala;4750;;0.7922105263157895;0.8130942091616249;0.7922105263157895;0.8025165280443591;3763;865;987
737;pop_bottle;4750;;0.7065263157894737;0.9286109573879358;0.7065263157894737;0.8024868483978956;3356;258;1394
152;Japanese_spaniel;4750;;0.864421052631579;0.7480415376206959;0.864421052631579;0.8020314483836312;4106;1383;644
985;daisy;4750;;0.9686315789473684;0.6841635687732343;0.9686315789473684;0.8019172113289761;4601;2124;149
506;coil;4750;;0.756421052631579;0.8524317912218268;0.756421052631579;0.8015616285554936;3593;622;1157
679;necklace;4750;;0.8042105263157895;0.7984949832775919;0.8042105263157895;0.8013425634571009;3820;964;930
790;shopping_basket;4750;;0.7842105263157895;0.8190413368513633;0.7842105263157895;0.801247580124758;3725;823;1025
221;Irish_water_spaniel;4750;;0.8768421052631579;0.7370376924438152;0.8768421052631579;0.8008845303336217;4165;1486;585
53;ringneck_snake;4750;;0.8046315789473685;0.7969140950792327;0.8046315789473685;0.8007542426147078;3822;974;928
330;wood_rabbit;4750;;0.8208421052631579;0.7813627254509018;0.8208421052631579;0.8006160164271048;3899;1091;851
154;Pekinese;4750;;0.7793684210526316;0.8224838924683404;0.7793684210526316;0.8003459085504271;3702;799;1048
336;marmot;4750;;0.7922105263157895;0.8082044673539519;0.7922105263157895;0.8001275781416117;3763;893;987
423;barber_chair;4750;;0.8084210526315789;0.7909371781668383;0.8084210526315789;0.799583550234253;3840;1015;910
603;horse_cart;4750;;0.7378947368421053;0.8723245395719263;0.7378947368421053;0.7994981751824818;3505;513;1245
838;sunscreen;4750;;0.6936842105263158;0.9430452203777905;0.6936842105263158;0.7993692382338671;3295;199;1455
649;megalith;4750;;0.7155789473684211;0.9044704630122405;0.7155789473684211;0.7990126939351199;3399;359;1351
86;partridge;4750;;0.824;0.7753565768621236;0.824;0.7989385588895692;3914;1134;836
432;bassoon;4750;;0.8105263157894737;0.7876432078559739;0.8105263157894737;0.7989209379539325;3850;1038;900
715;pickelhaube;4750;;0.8069473684210526;0.790798432019806;0.8069473684210526;0.7987912889444618;3833;1014;917
855;thimble;4750;;0.776;0.822400713966979;0.776;0.798526863084922;3686;796;1064
800;slot;4750;;0.9294736842105263;0.6997939451577112;0.9294736842105263;0.7984447056695904;4415;1894;335
938;cauliflower;4750;;0.7736842105263158;0.8247307001795332;0.7736842105263158;0.7983923528133825;3675;781;1075
959;carbonara;4750;;0.7711578947368422;0.8266756939742722;0.7711578947368422;0.7979522927785645;3663;768;1087
134;crane;4750;;0.6890526315789474;0.9473227206946454;0.6890526315789474;0.7978062157221207;3273;182;1477
227;kelpie;4750;;0.7658947368421053;0.83230382063601;0.7658947368421053;0.7977195482951431;3638;733;1112
440;beer_bottle;4750;;0.795578947368421;0.7997883597883598;0.795578947368421;0.7976781002638522;3779;946;971
457;bow_tie;4750;;0.8174736842105264;0.7786244235011028;0.8174736842105264;0.7975762555201807;3883;1104;867
343;warthog;4750;;0.7865263157894736;0.8088330807534099;0.7865263157894736;0.7975237485323939;3736;883;1014
920;traffic_light;4750;;0.8273684210526315;0.7692307692307693;0.8273684210526315;0.7972410995029922;3930;1179;820
155;Shih-Tzu;4750;;0.8195789473684211;0.7753435570603465;0.8195789473684211;0.7968478149626446;3893;1128;857
710;pencil_sharpener;4750;;0.7092631578947368;0.9088211491772322;0.7092631578947368;0.7967364313586377;3369;338;1381
287;lynx;4750;;0.7541052631578947;0.8444130127298444;0.7541052631578947;0.7967081850533807;3582;660;1168
404;airliner;4750;;0.8597894736842105;0.7414669571532316;0.8597894736842105;0.7962565802300643;4084;1424;666
841;sweatshirt;4750;;0.7195789473684211;0.8891779396462018;0.7195789473684211;0.7954386781475448;3418;426;1332
826;stopwatch;4750;;0.7450526315789474;0.8527710843373494;0.7450526315789474;0.7952808988764045;3539;611;1211
418;ballpoint;4750;;0.7789473684210526;0.8122941822173436;0.7789473684210526;0.7952713594841482;3700;855;1050
907;wine_bottle;4750;;0.7372631578947368;0.8629866929521932;0.7372631578947368;0.7951861943687557;3502;556;1248
777;scabbard;4750;;0.8172631578947368;0.7731527584146585;0.8172631578947368;0.7945962542216765;3882;1139;868
494;chime;4750;;0.7292631578947368;0.872544080604534;0.7292631578947368;0.7944954128440367;3464;506;1286
784;screwdriver;4750;;0.6856842105263158;0.9443316903450275;0.6856842105263158;0.7944871325771435;3257;192;1493
966;red_wine;4750;;0.7501052631578947;0.8439128375177641;0.7501052631578947;0.7942487739634418;3563;659;1187
205;flat-coated_retriever;4750;;0.772;0.8168857206504789;0.772;0.7938088537720532;3667;822;1083
879;umbrella;4750;;0.7006315789473684;0.9140346058775062;0.7006315789473684;0.7932308425694196;3328;313;1422
783;screw;4750;;0.9258947368421052;0.6933627620999527;0.9258947368421052;0.7929324799423059;4398;1945;352
38;banded_gecko;4750;;0.8134736842105263;0.773109243697479;0.8134736842105263;0.7927780057447682;3864;1134;886
889;violin;4750;;0.7517894736842106;0.8382629107981221;0.7517894736842106;0.7926748057713652;3571;689;1179
150;sea_lion;4750;;0.7042105263157895;0.9065040650406504;0.7042105263157895;0.792654028436019;3345;345;1405
69;trilobite;4750;;0.7821052631578947;0.803416955017301;0.7821052631578947;0.7926178792404523;3715;909;1035
7;cock;4750;;0.8353684210526315;0.7537993920972644;0.8353684210526315;0.792490513281406;3968;1296;782
228;komondor;4750;;0.8858947368421053;0.7168654173764907;0.8858947368421053;0.792467043314501;4208;1662;542
903;wig;4750;;0.8789473684210526;0.7210708117443869;0.8789473684210526;0.7922201138519924;4175;1615;575
949;strawberry;4750;;0.8305263157894737;0.7570523891767416;0.8305263157894737;0.7920891476759361;3945;1266;805
449;boathouse;4750;;0.7627368421052632;0.8235962718799728;0.7627368421052632;0.791999125587496;3623;776;1127
242;boxer;4750;;0.7431578947368421;0.8475390156062425;0.7431578947368421;0.7919237240605721;3530;635;1220
176;Saluki;4750;;0.8014736842105263;0.782367447595561;0.8014736842105263;0.7918053244592346;3807;1059;943
682;obelisk;4750;;0.7269473684210527;0.8693353474320241;0.7269473684210527;0.791790873652832;3453;519;1297
557;flagpole;4750;;0.7621052631578947;0.8234758871701547;0.7621052631578947;0.7916028865077629;3620;776;1130
927;trifle;4750;;0.9246315789473685;0.6918714555765595;0.9246315789473685;0.7914939628761938;4392;1956;358
778;scale;4750;;0.668;0.9703363914373089;0.668;0.7912718204488778;3173;97;1577
942;butternut_squash;4750;;0.7473684210526316;0.8404356060606061;0.7473684210526316;0.791174504123022;3550;674;1200
738;pot;4750;;0.8631578947368421;0.7295373665480427;0.8631578947368421;0.7907425265188042;4100;1520;650
203;West_Highland_white_terrier;4750;;0.8549473684210527;0.7354219485693589;0.8549473684210527;0.7906931464174456;4061;1461;689
116;chiton;4750;;0.804;0.7776420281001832;0.804;0.7906013870199773;3819;1092;931
47;African_chameleon;4750;;0.8143157894736842;0.7680698967434472;0.8143157894736842;0.7905170651951768;3868;1168;882
41;whiptail;4750;;0.8107368421052632;0.770970970970971;0.8107368421052632;0.7903540277065163;3851;1144;899
776;sax;4750;;0.7557894736842106;0.8281430219146482;0.7557894736842106;0.7903137039075399;3590;745;1160
295;American_black_bear;4750;;0.864421052631579;0.727756114852889;0.864421052631579;0.7902232486528099;4106;1536;644
655;miniskirt;4750;;0.74;0.8473963355834137;0.74;0.7900651831872331;3515;633;1235
186;Norwich_terrier;4750;;0.8288421052631579;0.7545036412418551;0.8288421052631579;0.7899277688603532;3937;1281;813
793;shower_cap;4750;;0.8025263157894736;0.7773246329526917;0.8025263157894736;0.7897244665423658;3812;1092;938
443;bib;4750;;0.7690526315789473;0.8114171479342515;0.7690526315789473;0.7896670990056204;3653;849;1097
529;diaper;4750;;0.755578947368421;0.8269585253456221;0.755578947368421;0.7896589658965897;3589;751;1161
122;American_lobster;4750;;0.8393684210526315;0.7445378151260504;0.8393684210526315;0.7891142998515586;3987;1368;763
875;trombone;4750;;0.7696842105263157;0.8092076139884905;0.7696842105263157;0.7889512300388434;3656;862;1094
951;lemon;4750;;0.735578947368421;0.8503285470917498;0.735578947368421;0.7888023478947962;3494;615;1256
114;slug;4750;;0.7267368421052631;0.8623532350736948;0.7267368421052631;0.7887581400662629;3452;551;1298
596;hatchet;4750;;0.7178947368421053;0.8750320759558635;0.7178947368421053;0.7887128483867237;3410;487;1340
249;malamute;4750;;0.7753684210526316;0.8022217381834023;0.7753684210526316;0.7885665346322662;3683;908;1067
616;knot;4750;;0.7987368421052632;0.7784160853508412;0.7987368421052632;0.7884455527847051;3794;1080;956
110;flatworm;4750;;0.8486315789473684;0.7361212563915267;0.8486315789473684;0.7883825542734207;4031;1445;719
504;coffee_mug;4750;;0.7269473684210527;0.8602391629297459;0.7269473684210527;0.7879963486992242;3453;561;1297
643;mask;4750;;0.7282105263157894;0.8578869047619048;0.7282105263157894;0.7877476656797996;3459;573;1291
709;pencil_box;4750;;0.6909473684210526;0.9154811715481171;0.6909473684210526;0.7875224955008998;3282;303;1468
256;Newfoundland;4750;;0.7172631578947368;0.87247119078105;0.7172631578947368;0.7872905834777585;3407;498;1343
81;ptarmigan;4750;;0.7126315789473684;0.8785362055541137;0.7126315789473684;0.7869347901894689;3385;468;1365
411;apron;4750;;0.6932631578947368;0.9081632653061225;0.6932631578947368;0.7862941738299903;3293;333;1457
828;strainer;4750;;0.6974736842105264;0.9010062550992657;0.6974736842105264;0.7862821882045805;3313;364;1437
963;pizza;4750;;0.7128421052631579;0.8762939958592133;0.7128421052631579;0.7861620617599258;3386;478;1364
551;face_powder;4750;;0.8642105263157894;0.7205546779006494;0.8642105263157894;0.7858715420694936;4105;1592;645
842;swimming_trunks;4750;;0.8248421052631579;0.7497129735935706;0.8248421052631579;0.785485164394547;3918;1308;832
580;greenhouse;4750;;0.6890526315789474;0.9132254464285714;0.6890526315789474;0.7854571634269257;3273;311;1477
844;switch;4750;;0.7218947368421053;0.8609088626663319;0.7218947368421053;0.7852971487461353;3429;554;1321
936;head_cabbage;4750;;0.7658947368421053;0.8052235502434706;0.7658947368421053;0.7850668968493743;3638;880;1112
389;barracouta;4750;;0.8886315789473684;0.7029142381348876;0.8886315789473684;0.7849372384937239;4221;1784;529
438;beaker;4750;;0.7065263157894737;0.8824612148303971;0.7065263157894737;0.7847538875248451;3356;447;1394
267;standard_poodle;4750;;0.8254736842105264;0.747141768292683;0.8254736842105264;0.7843568713742748;3921;1327;829
825;stone_wall;4750;;0.7090526315789474;0.8775403856175091;0.7090526315789474;0.784350256171402;3368;470;1382
845;syringe;4750;;0.6745263157894736;0.9360210341805434;0.6745263157894736;0.78404502630613;3204;219;1546
931;bagel;4750;;0.6947368421052632;0.8991825613079019;0.6947368421052632;0.7838479809976246;3300;370;1450
542;drumstick;4750;;0.7208421052631578;0.8581453634085213;0.7208421052631578;0.7835240274599542;3424;566;1326
392;rock_beauty;4750;;0.9608421052631579;0.6612576064908722;0.9608421052631579;0.7833848266392036;4564;2338;186
635;magnetic_compass;4750;;0.8261052631578948;0.7447333459859556;0.8261052631578948;0.7833117077552652;3924;1345;826
151;Chihuahua;4750;;0.7109473684210527;0.8714838709677419;0.7109473684210527;0.7830724637681159;3377;498;1373
445;bikini;4750;;0.7648421052631579;0.8021638330757341;0.7648421052631579;0.7830585192369867;3633;896;1117
192;cairn;4750;;0.6938947368421052;0.8978479978207573;0.6938947368421052;0.7828048925305784;3296;375;1454
487;cellular_telephone;4750;;0.7248421052631578;0.850753644675068;0.7248421052631578;0.7827668523360236;3443;604;1307
774;sandal;4750;;0.7042105263157895;0.8807266982622433;0.7042105263157895;0.7826392138511933;3345;453;1405
806;sock;4750;;0.7677894736842106;0.7973327503279405;0.7677894736842106;0.7822822822822821;3647;927;1103
290;jaguar;4750;;0.7166315789473684;0.860900354071826;0.7166315789473684;0.7821691176470589;3404;550;1346
8;hen;4750;;0.6926315789473684;0.897680763983629;0.6926315789473684;0.7819370172311348;3290;375;1460
165;black-and-tan_coonhound;4750;;0.7778947368421053;0.7860029780897682;0.7778947368421053;0.7819278383239868;3695;1006;1055
179;Staffordshire_bullterrier;4750;;0.755578947368421;0.8099751749040849;0.755578947368421;0.7818320444396035;3589;842;1161
827;stove;4750;;0.7347368421052631;0.8353279080899952;0.7347368421052631;0.781810035842294;3490;688;1260
297;sloth_bear;4750;;0.7503157894736842;0.8157473105973907;0.7503157894736842;0.7816646562123041;3564;805;1186
403;aircraft_carrier;4750;;0.783157894736842;0.7797107524627961;0.783157894736842;0.7814305220039911;3720;1051;1030
887;vestment;4750;;0.7383157894736843;0.8292740600614803;0.7383157894736843;0.7811560307383896;3507;722;1243
811;space_heater;4750;;0.7132631578947368;0.8631847133757962;0.7132631578947368;0.7810951008645534;3388;537;1362
523;crutch;4750;;0.6875789473684211;0.9037078029883785;0.6875789473684211;0.7809660449545671;3266;348;1484
257;Great_Pyrenees;4750;;0.7366315789473684;0.8309190216100689;0.7366315789473684;0.7809396272737418;3499;712;1251
724;pirate;4750;;0.7762105263157895;0.784301212507977;0.7762105263157895;0.7802348957782245;3687;1014;1063
39;common_iguana;4750;;0.7450526315789474;0.8188338732068486;0.7450526315789474;0.7802028218694886;3539;783;1211
857;throne;4750;;0.7930526315789473;0.7675224123879381;0.7930526315789473;0.7800786912404225;3767;1141;983
477;carpenter's_kit;4750;;0.8218947368421052;0.7420642463409998;0.8218947368421052;0.7799420637298969;3904;1357;846
617;lab_coat;4750;;0.8046315789473685;0.7557840616966581;0.8046315789473685;0.7794432548179873;3822;1235;928
967;espresso;4750;;0.735578947368421;0.8287476280834914;0.735578947368421;0.7793888021414231;3494;722;1256
626;lighter;4750;;0.756421052631579;0.8036233504808767;0.756421052631579;0.7793081010736362;3593;878;1157
769;rule;4750;;0.7433684210526316;0.8183082271147161;0.7433684210526316;0.7790402647545505;3531;784;1219
971;bubble;4750;;0.7349473684210527;0.8286256824115832;0.7349473684210527;0.7789802521477184;3491;722;1259
368;gibbon;4750;;0.7945263157894736;0.76381299332119;0.7945263157894736;0.778866989990713;3774;1167;976
665;moped;4750;;0.7223157894736842;0.8448657966018223;0.7223157894736842;0.7787992282374305;3431;630;1319
397;puffer;4750;;0.6926315789473684;0.8891891891891892;0.6926315789473684;0.778698224852071;3290;410;1460
370;guenon;4750;;0.6667368421052632;0.9350457632122823;0.6667368421052632;0.7784195649502273;3167;220;1583
288;leopard;4750;;0.7728421052631579;0.7840666381888082;0.7728421052631579;0.7784139100932994;3671;1011;1079
632;loudspeaker;4750;;0.7231578947368421;0.8423246689553703;0.7231578947368421;0.7782057091073856;3435;643;1315
641;maraca;4750;;0.9204210526315789;0.6739633112378604;0.9204210526315789;0.7781436326421642;4372;2115;378
830;stretcher;4750;;0.7551578947368421;0.8013851653261841;0.7551578947368421;0.7775850856275742;3587;889;1163
770;running_shoe;4750;;0.771578947368421;0.7832870271425518;0.771578947368421;0.7773889065648533;3665;1014;1085
767;rubber_eraser;4750;;0.7115789473684211;0.8565636087176888;0.7115789473684211;0.7773689052437902;3380;566;1370
798;slide_rule;4750;;0.7431578947368421;0.8141143911439115;0.7431578947368421;0.7770195905789128;3530;806;1220
622;lens_cap;4750;;0.6498947368421053;0.9637839525444896;0.6498947368421053;0.7763108261033573;3087;116;1663
219;cocker_spaniel;4750;;0.7383157894736843;0.8182454503033131;0.7383157894736843;0.7762284196547145;3507;779;1243
412;ashcan;4750;;0.6749473684210526;0.9131301623469097;0.6749473684210526;0.7761772182544487;3206;305;1544
452;bonnet;4750;;0.7349473684210527;0.8221855864342911;0.7349473684210527;0.7761227212094263;3491;755;1259
303;long-horned_beetle;4750;;0.7490526315789474;0.8049773755656109;0.7490526315789474;0.7760087241003272;3558;862;1192
796;ski_mask;4750;;0.8825263157894737;0.6923203963666391;0.8825263157894737;0.7759370661730681;4192;1863;558
378;capuchin;4750;;0.8058947368421052;0.748094586671878;0.8058947368421052;0.7759197324414715;3828;1289;922
421;bannister;4750;;0.7770526315789473;0.7741191275167785;0.7770526315789473;0.7755831056944735;3691;1077;1059
201;silky_terrier;4750;;0.7275789473684211;0.830170550084074;0.7275789473684211;0.7754964658364188;3456;707;1294
708;pedestal;4750;;0.7341052631578947;0.8214369846878681;0.7341052631578947;0.7753196220122289;3487;758;1263
480;cash_machine;4750;;0.7397894736842106;0.8141797961075069;0.7397894736842106;0.7752040591219944;3514;802;1236
232;Border_collie;4750;;0.8393684210526315;0.7195452084461289;0.8393684210526315;0.7748518122631426;3987;1554;763
113;snail;4750;;0.8231578947368421;0.7312511688797456;0.8231578947368421;0.7744874715261959;3910;1437;840
618;ladle;4750;;0.6421052631578947;0.973507819980849;0.6421052631578947;0.7738170747177472;3050;83;1700
172;whippet;4750;;0.6844210526315789;0.8863140676117776;0.6844210526315789;0.7723924922784509;3251;417;1499
760;refrigerator;4750;;0.7614736842105263;0.7834091401342863;0.7614736842105263;0.7722856837834953;3617;1000;1133
183;Kerry_blue_terrier;4750;;0.8311578947368421;0.7207009857612268;0.8311578947368421;0.771998435666797;3948;1530;802
651;microwave;4750;;0.7562105263157894;0.787201402586018;0.7562105263157894;0.7713948244389564;3592;971;1158
468;cab;4750;;0.8063157894736842;0.7392395290484463;0.8063157894736842;0.7713221226462592;3830;1351;920
667;mortarboard;4750;;0.8656842105263158;0.6950642325895876;0.8656842105263158;0.771048190511907;4112;1804;638
869;trench_coat;4750;;0.6757894736842105;0.897400055912776;0.6757894736842105;0.7709859493214843;3210;367;1540
149;dugong;4750;;0.8397894736842105;0.7125759199714183;0.8397894736842105;0.7709702357943563;3989;1609;761
699;panpipe;4750;;0.8465263157894737;0.7071755188181499;0.8465263157894737;0.7706017631276351;4021;1665;729
360;otter;4750;;0.8105263157894737;0.7341723874904653;0.8105263157894737;0.7704622773664198;3850;1394;900
579;grand_piano;4750;;0.6989473684210527;0.8581028689583872;0.6989473684210527;0.7703909966353405;3320;549;1430
586;half_track;4750;;0.7865263157894736;0.7547474747474747;0.7865263157894736;0.7703092783505155;3736;1214;1014
200;Tibetan_terrier;4750;;0.6823157894736842;0.8843110504774898;0.6823157894736842;0.770291146761735;3241;424;1509
597;holster;4750;;0.6816842105263158;0.8851831601968289;0.6816842105263158;0.7702188392007612;3238;420;1512
464;buckle;4750;;0.6932631578947368;0.8663509602736122;0.6932631578947368;0.7702023155186527;3293;508;1457
644;matchstick;4750;;0.744;0.7979227816662904;0.744;0.7700185205360062;3534;895;1216
161;basset;4750;;0.7776842105263158;0.7618065580532069;0.7776842105263158;0.7696635066152725;3694;1155;1056
587;hammer;4750;;0.6572631578947369;0.9280618311533888;0.6572631578947369;0.7695341385260045;3122;242;1628
740;power_drill;4750;;0.6804210526315789;0.8854794520547945;0.6804210526315789;0.7695238095238095;3232;418;1518
118;Dungeness_crab;4750;;0.7370526315789474;0.8046426108940473;0.7370526315789474;0.7693660037358531;3501;850;1249
804;soap_dispenser;4750;;0.6698947368421052;0.9029511918274687;0.6698947368421052;0.7691563935218757;3182;342;1568
867;trailer_truck;4750;;0.7652631578947369;0.7720900594732371;0.7652631578947369;0.7686614506238106;3635;1073;1115
125;hermit_crab;4750;;0.7696842105263157;0.7675834558051648;0.7696842105263157;0.7686323977714706;3656;1107;1094
465;bulletproof_vest;4750;;0.8602105263157894;0.6940716833701376;0.8602105263157894;0.7682617279308075;4086;1801;664
394;sturgeon;4750;;0.6953684210526315;0.8581449727201871;0.6953684210526315;0.7682288638213747;3303;546;1447
80;black_grouse;4750;;0.9103157894736842;0.664004914004914;0.9103157894736842;0.7678920262830758;4324;2188;426
391;coho;4750;;0.667578947368421;0.9036762610430322;0.667578947368421;0.7678895750090811;3171;338;1579
922;menu;4750;;0.684;0.8747980613893377;0.684;0.7677221172022685;3249;465;1501
212;English_setter;4750;;0.7412631578947368;0.7957062146892655;0.7412631578947368;0.7675204359673024;3521;904;1229
758;reel;4750;;0.6835789473684211;0.8744950175060597;0.6835789473684211;0.7673401866950254;3247;466;1503
437;beacon;4750;;0.7616842105263157;0.7724167378309138;0.7616842105263157;0.7670129319482721;3618;1066;1132
674;mousetrap;4750;;0.8101052631578948;0.7282361847085541;0.8101052631578948;0.7669922264301375;3848;1436;902
475;car_mirror;4750;;0.9296842105263158;0.6525786907048914;0.9296842105263158;0.7668663714508986;4416;2351;334
206;curly-coated_retriever;4750;;0.7553684210526316;0.7771280051981806;0.7553684210526316;0.766093733319099;3588;1029;1162
520;crib;4750;;0.6995789473684211;0.8464085583290881;0.6995789473684211;0.7660212079299217;3323;603;1427
199;Scotch_terrier;4750;;0.7252631578947368;0.8115429917550059;0.7252631578947368;0.7659811006114507;3445;800;1305
500;cliff_dwelling;4750;;0.7421052631578947;0.7912457912457912;0.7421052631578947;0.7658881042911461;3525;930;1225
858;tile_roof;4750;;0.7021052631578948;0.841321897073663;0.7021052631578948;0.7654349322928621;3335;629;1415
395;gar;4750;;0.7418947368421053;0.7896034057808649;0.7418947368421053;0.7650059698252469;3524;939;1226
846;table_lamp;4750;;0.8292631578947368;0.7098576320057668;0.8292631578947368;0.7649286338479463;3939;1610;811
492;chest;4750;;0.6745263157894736;0.8831312017640573;0.6745263157894736;0.7648603485318691;3204;424;1546
731;plunger;4750;;0.6652631578947369;0.8987485779294653;0.6652631578947369;0.7645777885313331;3160;356;1590
296;ice_bear;4750;;0.8589473684210527;0.6888401148066858;0.8589473684210527;0.764546050782348;4080;1843;670
729;plate_rack;4750;;0.7463157894736843;0.7832523199292974;0.7463157894736843;0.7643380767572231;3545;981;1205
175;otterhound;4750;;0.8195789473684211;0.71588819418904;0.8195789473684211;0.7642324303101689;3893;1545;857
814;speedboat;4750;;0.8926315789473684;0.6680321411690563;0.8926315789473684;0.764170496530594;4240;2107;510
730;plow;4750;;0.6751578947368421;0.8793528927885934;0.6751578947368421;0.7638442300821722;3207;440;1543
33;loggerhead;4750;;0.7684210526315789;0.7589935537533791;0.7684210526315789;0.7636782090176797;3650;1159;1100
197;giant_schnauzer;4750;;0.7122105263157895;0.8229141328144004;0.7122105263157895;0.7635707030809165;3383;728;1367
787;shield;4750;;0.6829473684210526;0.8657592740859354;0.6829473684210526;0.7635636106861244;3244;503;1506
204;Lhasa;4750;;0.6646315789473685;0.896875;0.6646315789473685;0.7634824667472795;3157;363;1593
386;African_elephant;4750;;0.8212631578947368;0.7132931066008411;0.8212631578947368;0.7634797925433017;3901;1568;849
496;Christmas_stocking;4750;;0.9364210526315789;0.6444508838017966;0.9364210526315789;0.763474081702712;4448;2454;302
871;trimaran;4750;;0.8263157894736842;0.7088676178435976;0.8263157894736842;0.7630990570623117;3925;1612;825
706;patio;4750;;0.6486315789473684;0.92578125;0.6486315789473684;0.7628125773706362;3081;247;1669
946;cardoon;4750;;0.9389473684210526;0.6421886249100072;0.9389473684210526;0.7627191107310816;4460;2485;290
400;academic_gown;4750;;0.7;0.8375314861460957;0.7;0.7626146788990825;3325;645;1425
965;burrito;4750;;0.6505263157894737;0.9210134128166915;0.6505263157894737;0.7624922887106724;3090;265;1660
337;beaver;4750;;0.6844210526315789;0.8605082053996824;0.6844210526315789;0.7624296435272044;3251;527;1499
864;tow_truck;4750;;0.7549473684210526;0.7685383626232319;0.7549473684210526;0.7616822429906541;3586;1080;1164
725;pitcher;4750;;0.6353684210526316;0.9496538703587162;0.6353684210526316;0.7613521695257316;3018;160;1732
636;mailbag;4750;;0.7667368421052632;0.7543496271748136;0.7667368421052632;0.7604927959908122;3642;1186;1108
21;kite;4750;;0.8517894736842105;0.686810388728569;0.8517894736842105;0.7604548444695048;4046;1845;704
910;wooden_spoon;4750;;0.6574736842105263;0.9015588914549654;0.6574736842105263;0.7604090577063549;3123;341;1627
76;tarantula;4750;;0.7446315789473684;0.7765093304061471;0.7446315789473684;0.7602364320257926;3537;1018;1213
921;book_jacket;4750;;0.7425263157894737;0.778243601059135;0.7425263157894737;0.7599655246714071;3527;1005;1223
505;coffeepot;4750;;0.7652631578947369;0.754619057504671;0.7652631578947369;0.7599038361032717;3635;1182;1115
455;bottlecap;4750;;0.7425263157894737;0.7775573192239859;0.7425263157894737;0.7596381649795391;3527;1009;1223
631;lotion;4750;;0.8317894736842105;0.6987973116377786;0.8317894736842105;0.759515570934256;3951;1703;799
669;mosquito_net;4750;;0.6871578947368421;0.8488946684005202;0.6871578947368421;0.7595113438045376;3264;581;1486
184;Irish_terrier;4750;;0.7397894736842106;0.7789847040567501;0.7397894736842106;0.7588813303099018;3514;997;1236
646;maze;4750;;0.9107368421052632;0.6503307276007216;0.9107368421052632;0.7588142431152429;4326;2326;424
748;purse;4750;;0.6429473684210526;0.9243341404358354;0.6429473684210526;0.7583809287310653;3054;250;1696
168;redbone;4750;;0.8328421052631579;0.6961112088685554;0.8328421052631579;0.7583628869931948;3956;1727;794
939;zucchini;4750;;0.6837894736842105;0.8511530398322851;0.6837894736842105;0.7583469530702779;3248;568;1502
623;letter_opener;4750;;0.68;0.8569912443618997;0.68;0.7583049653715226;3230;539;1520
693;paddle;4750;;0.8061052631578948;0.7158347354645728;0.8061052631578948;0.7582929002871572;3829;1520;921
791;shopping_cart;4750;;0.7692631578947369;0.7473921047248926;0.7692631578947369;0.758169934640523;3654;1235;1096
772;safety_pin;4750;;0.7385263157894737;0.7786903440621532;0.7385263157894737;0.758076715289033;3508;997;1242
446;binder;4750;;0.7025263157894737;0.8223262690980778;0.7025263157894737;0.7577202543142598;3337;721;1413
969;eggnog;4750;;0.736421052631579;0.7799331103678929;0.736421052631579;0.75755278830536;3498;987;1252
193;Australian_terrier;4750;;0.6517894736842105;0.9042056074766355;0.6517894736842105;0.7575238561291902;3096;328;1654
713;photocopier;4750;;0.8766315789473684;0.6661334186530156;0.8766315789473684;0.757022088901009;4164;2087;586
315;mantis;4750;;0.7353684210526316;0.7798615762446974;0.7353684210526316;0.7569617510022755;3493;986;1257
299;meerkat;4750;;0.8696842105263158;0.6698556834765689;0.8696842105263158;0.7568013190436935;4131;2036;619
568;fur_coat;4750;;0.7858947368421053;0.7286746047237946;0.7858947368421053;0.7562037881089843;3733;1390;1017
831;studio_couch;4750;;0.8138947368421052;0.7061187214611873;0.8138947368421052;0.7561858190709047;3866;1609;884
638;maillot;4750;;0.812;0.7073170731707317;0.812;0.7560521415270018;3857;1596;893
534;dishwasher;4750;;0.6827368421052632;0.8467362924281985;0.6827368421052632;0.7559440559440561;3243;587;1507
117;chambered_nautilus;4750;;0.884;0.6597014925373135;0.884;0.7555555555555555;4199;2166;551
469;caldron;4750;;0.6964210526315789;0.8255552782630396;0.6964210526315789;0.755509877812036;3308;699;1442
574;golf_ball;4750;;0.8164210526315789;0.7026635260010872;0.8164210526315789;0.7552828902522154;3878;1641;872
581;grille;4750;;0.6486315789473684;0.9037841009093576;0.6486315789473684;0.7552396126976346;3081;328;1669
940;spaghetti_squash;4750;;0.7351578947368421;0.776;0.7351578947368421;0.7550270270270271;3492;1008;1258
853;thatch;4750;;0.7861052631578948;0.7260353879058915;0.7861052631578948;0.7548771858890124;3734;1409;1016
567;frying_pan;4750;;0.7387368421052631;0.7717176160105564;0.7387368421052631;0.75486716144993;3509;1038;1241
159;Rhodesian_ridgeback;4750;;0.6941052631578948;0.8269375470278405;0.6941052631578948;0.7547213002174659;3297;690;1453
342;wild_boar;4750;;0.7757894736842105;0.7339175463055169;0.7757894736842105;0.7542728482243374;3685;1336;1065
836;sunglass;4750;;0.6656842105263158;0.8696369636963697;0.6656842105263158;0.7541139995230146;3162;474;1588
538;dome;4750;;0.6776842105263158;0.8475513428120063;0.6776842105263158;0.7531586335985025;3219;579;1531
30;bullfrog;4750;;0.6482105263157895;0.8955788248981966;0.6482105263157895;0.752076209086468;3079;359;1671
357;mink;4750;;0.7290526315789474;0.7761093679964142;0.7290526315789474;0.7518454190186713;3463;999;1287
683;oboe;4750;;0.8094736842105263;0.7013863553447647;0.8094736842105263;0.7515637216575449;3845;1637;905
813;spatula;4750;;0.6974736842105264;0.8134053523201571;0.6974736842105264;0.7509917261702369;3313;760;1437
640;manhole_cover;4750;;0.6913684210526316;0.8207948012996751;0.6913684210526316;0.7505427951091305;3284;717;1466
106;wombat;4750;;0.6385263157894737;0.9083557951482479;0.6385263157894737;0.7499072814933859;3033;306;1717
602;horizontal_bar;4750;;0.6842105263157895;0.8288701861769957;0.6842105263157895;0.7496251874062968;3250;671;1500
369;siamang;4750;;0.7713684210526316;0.7281399046104928;0.7713684210526316;0.7491310570435493;3664;1368;1086
353;gazelle;4750;;0.7288421052631578;0.7696754112939084;0.7288421052631578;0.7487024221453288;3462;1036;1288
697;pajama;4750;;0.8092631578947368;0.6961245925389352;0.8092631578947368;0.7484423676012463;3844;1678;906
590;hand-held_computer;4750;;0.8286315789473684;0.6823855755894591;0.8286315789473684;0.7484312606959498;3936;1832;814
246;Great_Dane;4750;;0.6997894736842105;0.803869407496977;0.6997894736842105;0.748227349465391;3324;811;1426
208;Labrador_retriever;4750;;0.6936842105263158;0.8117762995811776;0.6936842105263158;0.7480985355886025;3295;764;1455
435;bathtub;4750;;0.6806315789473685;0.8300385109114249;0.6806315789473685;0.7479467900520532;3233;662;1517
548;entertainment_center;4750;;0.9107368421052632;0.6335676625659051;0.9107368421052632;0.747279322853688;4326;2502;424
541;drum;4750;;0.7374736842105263;0.7565874730021598;0.7374736842105263;0.746908315565032;3503;1127;1247
309;bee;4750;;0.7336842105263158;0.7602530541012217;0.7336842105263158;0.7467323762588387;3485;1099;1265
313;walking_stick;4750;;0.652;0.8716577540106952;0.652;0.7459954233409613;3097;456;1653
652;military_uniform;4750;;0.6511578947368422;0.872004510854243;0.6511578947368422;0.7455706882005544;3093;454;1657
187;Yorkshire_terrier;4750;;0.7772631578947369;0.716336825766395;0.7772631578947369;0.7455573505654282;3692;1462;1058
519;crate;4750;;0.6526315789473685;0.8693213684800898;0.6526315789473685;0.7455507455507455;3100;466;1650
371;patas;4750;;0.6536842105263158;0.8663504464285714;0.6536842105263158;0.7451403887688983;3105;479;1645
843;swing;4750;;0.8223157894736842;0.6806063774176686;0.8223157894736842;0.7447802459719707;3906;1833;844
795;ski;4750;;0.8221052631578948;0.6806693393759805;0.8221052631578948;0.744731572423;3905;1832;845
298;mongoose;4750;;0.6568421052631579;0.8597409754753376;0.6568421052631579;0.7447189402076619;3120;509;1630
670;motor_scooter;4750;;0.8913684210526316;0.6392873320247622;0.8913684210526316;0.7445704739294822;4234;2389;516
624;library;4750;;0.6936842105263158;0.802484169508037;0.6936842105263158;0.7441282746160796;3295;811;1455
481;cassette;4750;;0.7212631578947368;0.7681614349775785;0.7212631578947368;0.7439739413680782;3426;1034;1324
615;knee_pad;4750;;0.8728421052631579;0.6478125;0.8728421052631579;0.743677130044843;4146;2254;604
191;Airedale;4750;;0.8355789473684211;0.6696473764130252;0.8355789473684211;0.7434672660859792;3969;1958;781
52;thunder_snake;4750;;0.7570526315789474;0.7297077922077922;0.7570526315789474;0.7431287456085968;3596;1332;1154
656;minivan;4750;;0.6536842105263158;0.8605875831485588;0.6536842105263158;0.7430007178750897;3105;503;1645
595;harvester;4750;;0.7612631578947369;0.724068882659191;0.7612631578947369;0.7422003284072249;3616;1378;1134
749;quill;4750;;0.7229473684210527;0.7624333925399644;0.7229473684210527;0.7421655500324185;3434;1070;1316
660;mobile_home;4750;;0.7461052631578947;0.7380258225739276;0.7461052631578947;0.7420435510887774;3544;1258;1206
835;sundial;4750;;0.6168421052631579;0.9307496823379924;0.6168421052631579;0.7419599898708533;2930;218;1820
650;microphone;4750;;0.704421052631579;0.7826900584795322;0.704421052631579;0.7414958448753463;3346;929;1404
866;tractor;4750;;0.74;0.7409359190556493;0.74;0.7404676637876554;3515;1229;1235
431;bassinet;4750;;0.7277894736842105;0.7528310104529616;0.7277894736842105;0.740098479982873;3457;1135;1293
390;eel;4750;;0.6410526315789473;0.875;0.6410526315789473;0.7399756986634264;3045;435;1705
153;Maltese_dog;4750;;0.763578947368421;0.716798418972332;0.763578947368421;0.7394495412844037;3627;1433;1123
600;hook;4750;;0.6482105263157895;0.8605366126327557;0.6482105263157895;0.739433237271854;3079;499;1671
962;meat_loaf;4750;;0.6995789473684211;0.7839112998348667;0.6995789473684211;0.739348092112582;3323;916;1427
501;cloak;4750;;0.6482105263157895;0.860296172115116;0.6482105263157895;0.7393444591187418;3079;500;1671
252;affenpinscher;4750;;0.8747368421052631;0.6394275161588181;0.8747368421052631;0.7387980085348507;4155;2343;595
3;tiger_shark;4750;;0.7376842105263158;0.7393964971512977;0.7376842105263158;0.738539361365792;3504;1235;1246
29;axolotl;4750;;0.8431578947368421;0.6562346387022776;0.8431578947368421;0.7380447802450935;4005;2098;745
414;backpack;4750;;0.6016842105263158;0.9523492169276908;0.6016842105263158;0.7374532318410528;2858;143;1892
803;snowplow;4750;;0.8871578947368421;0.6307439006136806;0.8871578947368421;0.7372933251684017;4214;2467;536
202;soft-coated_wheaten_terrier;4750;;0.7174736842105263;0.7581757508342603;0.7174736842105263;0.7372633856138452;3408;1087;1342
898;water_bottle;4750;;0.624421052631579;0.8993329290479078;0.624421052631579;0.7370775347912526;2966;332;1784
4;hammerhead;4750;;0.8054736842105263;0.6792117876797443;0.8054736842105263;0.7369738996436482;3826;1807;924
498;cinema;4750;;0.7016842105263158;0.7742160278745644;0.7016842105263158;0.7361678630590835;3333;972;1417
818;spotlight;4750;;0.6631578947368421;0.8265547100498557;0.6631578947368421;0.7358953393295176;3150;661;1600
459;brassiere;4750;;0.8183157894736842;0.6675253305856088;0.8183157894736842;0.7352690816230021;3887;1936;863
513;cornet;4750;;0.7206315789473684;0.7496714848883048;0.7206315789473684;0.7348647488192357;3423;1143;1327
314;cockroach;4750;;0.6713684210526316;0.8114503816793893;0.6713684210526316;0.7347926267281106;3189;741;1561
82;ruffed_grouse;4750;;0.8418947368421053;0.6518337408312959;0.8418947368421053;0.7347726228755167;3999;2136;751
112;conch;4750;;0.6922105263157895;0.7822983583154889;0.6922105263157895;0.7345024014296884;3288;915;1462
450;bobsled;4750;;0.8467368421052631;0.6483959374496211;0.8467368421052631;0.7344106637450927;4022;2181;728
318;lacewing;4750;;0.7907368421052632;0.6849015317286652;0.7907368421052632;0.7340238420949775;3756;1728;994
792;shovel;4750;;0.6282105263157894;0.8820573455512858;0.6282105263157894;0.7338005655969507;2984;399;1766
226;briard;4750;;0.6781052631578948;0.7986610463674684;0.6781052631578948;0.7334623704884435;3221;812;1529
692;packet;4750;;0.6911578947368421;0.7809229305423406;0.6911578947368421;0.7333035514853696;3283;921;1467
72;black_and_gold_garden_spider;4750;;0.9298947368421052;0.6053172536658901;0.9298947368421052;0.7332945961650204;4417;2880;333
377;marmoset;4750;;0.7452631578947368;0.7212713936430318;0.7452631578947368;0.733071029198592;3540;1368;1210
233;Bouvier_des_Flandres;4750;;0.7353684210526316;0.7299895506792059;0.7353684210526316;0.7326691137912953;3493;1292;1257
834;suit;4750;;0.7157894736842105;0.748898678414097;0.7157894736842105;0.7319698600645856;3400;1140;1350
126;isopod;4750;;0.7315789473684211;0.7323498419388831;0.7315789473684211;0.7319641916798315;3475;1270;1275
222;kuvasz;4750;;0.767578947368421;0.6994053328217916;0.767578947368421;0.731908059821339;3646;1567;1104
499;cleaver;4750;;0.6298947368421053;0.8728121353558926;0.6298947368421053;0.7317192467595989;2992;436;1758
653;milk_can;4750;;0.776;0.6918168168168168;0.776;0.731494344115896;3686;1642;1064
747;punching_bag;4750;;0.7688421052631579;0.6973458086690854;0.7688421052631579;0.7313507559827775;3652;1585;1098
700;paper_towel;4750;;0.6957894736842105;0.7702167326963412;0.6957894736842105;0.7311138148434908;3305;986;1445
588;hamper;4750;;0.7406315789473684;0.7188393951777687;0.7406315789473684;0.7295727913728743;3518;1376;1232
881;upright;4750;;0.8816842105263157;0.6216416802731186;0.8816842105263157;0.7291721075998955;4188;2549;562
578;gown;4750;;0.6633684210526316;0.8091936312275295;0.6633684210526316;0.7290606200832948;3151;743;1599
893;wallet;4750;;0.6907368421052632;0.7712740949694405;0.6907368421052632;0.7287872056863617;3281;973;1469
493;chiffonier;4750;;0.6901052631578948;0.7716572504708098;0.6901052631578948;0.7286063569682151;3278;970;1472
180;American_Staffordshire_terrier;4750;;0.704;0.7546829158203566;0.704;0.7284609519660169;3344;1087;1406
63;Indian_cobra;4750;;0.8593684210526316;0.6319863755999381;0.8593684210526316;0.728343295566063;4082;2377;668
982;groom;4750;;0.5907368421052631;0.949255751014885;0.5907368421052631;0.7282636906306773;2806;150;1944
868;tray;4750;;0.6326315789473684;0.8571021106674273;0.6326315789473684;0.7279554263565892;3005;501;1745
453;bookcase;4750;;0.7433684210526316;0.7130452342487884;0.7433684210526316;0.727891156462585;3531;1421;1219
691;oxygen_mask;4750;;0.6669473684210526;0.800606520090978;0.6669473684210526;0.7276903640748822;3168;789;1582
585;hair_spray;4750;;0.6846315789473684;0.7761336515513126;0.6846315789473684;0.72751677852349;3252;938;1498
489;chainlink_fence;4750;;0.7442105263157894;0.7114107466291004;0.7442105263157894;0.7274410947628357;3535;1434;1215
436;beach_wagon;4750;;0.7206315789473684;0.7339193825042881;0.7206315789473684;0.727214786488209;3423;1241;1327
876;tub;4750;;0.6271578947368421;0.8644805571677308;0.6271578947368421;0.7269399707174232;2979;467;1771
349;bighorn;4750;;0.7884210526315789;0.6733189500179791;0.7884210526315789;0.7263382467028704;3745;1817;1005
944;artichoke;4750;;0.5947368421052631;0.9326510399471772;0.5947368421052631;0.7263144363028666;2825;204;1925
702;parallel_bars;4750;;0.8374736842105264;0.6409925878182404;0.8374736842105264;0.7261774370208106;3978;2228;772
781;scoreboard;4750;;0.8642105263157894;0.6259530344617261;0.8642105263157894;0.7260346657233817;4105;2453;645
926;hot_pot;4750;;0.7995789473684211;0.664683234161708;0.7995789473684211;0.7259174311926605;3798;1916;952
861;toilet_seat;4750;;0.7924210526315789;0.6695126289576663;0.7924210526315789;0.7258002313922098;3764;1858;986
899;water_jug;4750;;0.6256842105263158;0.8624492164828786;0.6256842105263158;0.7252318204001952;2972;474;1778
721;pillow;4750;;0.5776842105263158;0.9733948208584604;0.5776842105263158;0.7250627559783327;2744;75;2006
250;Siberian_husky;4750;;0.6774736842105263;0.7784228350266086;0.6774736842105263;0.7244484466456552;3218;916;1532
508;computer_keyboard;4750;;0.7810526315789473;0.6754050609867104;0.7810526315789473;0.7243971492726742;3710;1783;1040
65;sea_snake;4750;;0.6976842105263158;0.7531818181818182;0.6976842105263158;0.7243715846994535;3314;1086;1436
754;radio;4750;;0.5997894736842105;0.912848446010894;0.5997894736842105;0.7239232626095795;2849;272;1901
462;broom;4750;;0.6896842105263158;0.7609756097560976;0.6896842105263158;0.72357813362783;3276;1029;1474
241;EntleBucher;4750;;0.879578947368421;0.6143214233201;0.879578947368421;0.7234005713791014;4178;2623;572
950;orange;4750;;0.6629473684210526;0.7958049027040688;0.6629473684210526;0.7233260594923624;3149;808;1601
839;suspension_bridge;4750;;0.6616842105263158;0.7965027876330462;0.6616842105263158;0.7228610855565777;3143;803;1607
189;Lakeland_terrier;4750;;0.6265263157894737;0.853945480631277;0.6265263157894737;0.7227686703096539;2976;509;1774
163;bloodhound;4750;;0.6067368421052631;0.8922600619195047;0.6067368421052631;0.7223057644110276;2882;348;1868
968;cup;4750;;0.659578947368421;0.7980132450331126;0.659578947368421;0.7222222222222222;3133;793;1617
413;assault_rifle;4750;;0.8248421052631579;0.6412438625204583;0.8248421052631579;0.7215469613259669;3918;2192;832
556;fire_screen;4750;;0.7778947368421053;0.6724294813466788;0.7778947368421053;0.72132747681796;3695;1800;1055
917;comic_book;4750;;0.7536842105263157;0.6909862960818375;0.7536842105263157;0.7209747256066862;3580;1601;1170
847;tank;4750;;0.771578947368421;0.6755760368663595;0.771578947368421;0.7203931203931204;3665;1760;1085
419;Band_Aid;4750;;0.78;0.6685312161674486;0.78;0.7199766809172172;3705;1837;1045
478;carton;4750;;0.6286315789473684;0.8420755781161873;0.6286315789473684;0.7198649951783992;2986;560;1764
123;spiny_lobster;4750;;0.6107368421052631;0.8761703412866203;0.6107368421052631;0.7197618161518422;2901;410;1849
964;potpie;4750;;0.7570526315789474;0.685866870112531;0.7570526315789474;0.7197037926548584;3596;1647;1154
797;sleeping_bag;4750;;0.6652631578947369;0.7827594748575675;0.6652631578947369;0.7192443382269262;3160;877;1590
634;lumbermill;4750;;0.6964210526315789;0.7435378736794785;0.6964210526315789;0.7192086096314817;3308;1141;1442
442;bell_cote;4750;;0.7406315789473684;0.698015873015873;0.7406315789473684;0.7186925434116446;3518;1522;1232
658;mitten;4750;;0.84;0.6278520849724626;0.84;0.7185952273750562;3990;2365;760
943;cucumber;4750;;0.7073684210526315;0.7301173402868318;0.7073684210526315;0.718562874251497;3360;1242;1390
502;clog;4750;;0.8086315789473684;0.646415348367553;0.8086315789473684;0.7184811073699963;3841;2101;909
50;American_alligator;4750;;0.6437894736842106;0.8120021242697822;0.6437894736842106;0.7181775481446688;3058;708;1692
909;wok;4750;;0.6130526315789474;0.8653789004457653;0.6130526315789474;0.7176833025261861;2912;453;1838
894;wardrobe;4750;;0.6943157894736842;0.7421242124212422;0.6943157894736842;0.7174244072221014;3298;1146;1452
662;modem;4750;;0.6789473684210526;0.7604338599386937;0.6789473684210526;0.7173840507173841;3225;1016;1525
380;titi;4750;;0.6002105263157895;0.8873327108621226;0.6002105263157895;0.716061785759136;2851;362;1899
334;porcupine;4750;;0.7926315789473685;0.6516095534787124;0.7926315789473685;0.7152355623100305;3765;2013;985
319;dragonfly;4750;;0.6269473684210526;0.8309151785714286;0.6269473684210526;0.7146628269738421;2978;606;1772
930;French_loaf;4750;;0.6968421052631579;0.7332742578644218;0.6968421052631579;0.7145941278065631;3310;1204;1440
735;poncho;4750;;0.8267368421052631;0.6291252803588593;0.8267368421052631;0.7145196506550219;3927;2315;823
280;grey_fox;4750;;0.7029473684210527;0.726027397260274;0.7029473684210527;0.7143009947587978;3339;1260;1411
409;analog_clock;4750;;0.8376842105263158;0.62171875;0.8376842105263158;0.7137219730941704;3979;2421;771
723;pinwheel;4750;;0.8602105263157894;0.6093050999105278;0.8602105263157894;0.7133379888268155;4086;2620;664
633;loupe;4750;;0.7042105263157895;0.7224622030237581;0.7042105263157895;0.7132196162046908;3345;1285;1405
989;hip;4750;;0.9277894736842105;0.5788022064617809;0.9277894736842105;0.7128760918796506;4407;3207;343
42;agama;4750;;0.7757894736842105;0.6590949740654624;0.7757894736842105;0.7126970312348903;3685;1906;1065
530;digital_clock;4750;;0.7313684210526316;0.693551607107207;0.7313684210526316;0.7119581924377497;3474;1535;1276
470;candle;4750;;0.7528421052631579;0.6738270209157716;0.7528421052631579;0.7111464651486528;3576;1731;1174
698;palace;4750;;0.6941052631578948;0.7284577993813521;0.6941052631578948;0.7108667529107373;3297;1229;1453
491;chain_saw;4750;;0.8673684210526316;0.6018991964937911;0.8673684210526316;0.710651142733937;4120;2725;630
750;quilt;4750;;0.6418947368421053;0.7950456323337679;0.6418947368421053;0.7103086779266161;3049;786;1701
558;flute;4750;;0.652;0.7775546070800904;0.652;0.7092637123554334;3097;886;1653
601;hoopskirt;4750;;0.8018947368421052;0.633988015978695;0.8018947368421052;0.708124186651794;3809;2199;941
639;maillot;4750;;0.6147368421052631;0.8345241497570735;0.6147368421052631;0.7079646017699115;2920;579;1830
591;handkerchief;4750;;0.7267368421052631;0.6898481215027977;0.7267368421052631;0.707812179618618;3452;1552;1298
851;television;4750;;0.7593684210526316;0.6628077912532158;0.7593684210526316;0.7078100470957613;3607;1835;1143
311;grasshopper;4750;;0.7082105263157895;0.707168383434938;0.7082105263157895;0.7076890712106869;3364;1393;1386
382;squirrel_monkey;4750;;0.8762105263157894;0.5934692713532012;0.8762105263157894;0.7076426081781857;4162;2851;588
862;torch;4750;;0.8286315789473684;0.6171213546566322;0.8286315789473684;0.7074047447879225;3936;2442;814
533;dishrag;4750;;0.6911578947368421;0.7229685091389562;0.6911578947368421;0.7067054138413519;3283;1258;1467
648;medicine_chest;4750;;0.6383157894736842;0.7910253065483955;0.6383157894736842;0.7065128742863802;3032;801;1718
108;sea_anemone;4750;;0.6646315789473685;0.7540004776689754;0.6646315789473685;0.7065010629965314;3157;1030;1593
884;vault;4750;;0.6941052631578948;0.7190839694656489;0.6941052631578948;0.7063738618103911;3297;1288;1453
170;Irish_wolfhound;4750;;0.6797894736842105;0.7350330070566811;0.6797894736842105;0.7063327135513507;3229;1164;1521
788;shoe_shop;4750;;0.7225263157894737;0.6902654867256637;0.7225263157894737;0.7060275663443736;3432;1540;1318
677;nail;4750;;0.6877894736842105;0.724390243902439;0.6877894736842105;0.7056155507559395;3267;1243;1483
484;catamaran;4750;;0.6052631578947368;0.8436032863849765;0.6052631578947368;0.7048296151017406;2875;533;1875
960;chocolate_sauce;4750;;0.7235789473684211;0.6856173947735886;0.7235789473684211;0.7040868585475776;3437;1576;1313
824;stole;4750;;0.671578947368421;0.7397959183673469;0.671578947368421;0.7040388435224013;3190;1122;1560
115;sea_slug;4750;;0.6616842105263158;0.7517340349198757;0.6616842105263158;0.7038405553689396;3143;1038;1607
302;ground_beetle;4750;;0.7338947368421053;0.6761055081458495;0.7338947368421053;0.7038158691701999;3486;1670;1264
510;container_ship;4750;;0.868421052631579;0.5907203207790348;0.868421052631579;0.7031449757095373;4125;2858;625
998;ear;4750;;0.7263157894736842;0.6808762581409118;0.7263157894736842;0.7028623815829683;3450;1617;1300
121;king_crab;4750;;0.768;0.6478423015450187;0.768;0.702822464117137;3648;1983;1102
373;macaque;4750;;0.8073684210526316;0.6213545042125729;0.8073684210526316;0.7022523347372277;3835;2337;915
399;abaya;4750;;0.8576842105263158;0.5937044593412999;0.8576842105263158;0.7016879090595934;4074;2788;676
78;tick;4750;;0.8486315789473684;0.5980712166172106;0.8486315789473684;0.7016536118363794;4031;2709;719
733;pole;4750;;0.632;0.787719758593545;0.632;0.7013199392594324;3002;809;1748
807;solar_dish;4750;;0.8212631578947368;0.611921568627451;0.8212631578947368;0.7013033707865168;3901;2474;849
742;printer;4750;;0.6092631578947368;0.8247363921345112;0.6092631578947368;0.7008112362271461;2894;615;1856
992;agaric;4750;;0.6886315789473684;0.7121706945351622;0.6886315789473684;0.7002033608048807;3271;1322;1479
701;parachute;4750;;0.8974736842105263;0.5736006458557589;0.8974736842105263;0.699885076342144;4263;3169;487
207;golden_retriever;4750;;0.8;0.6203068886712374;0.8;0.6987863184994483;3800;2326;950
928;ice_cream;4750;;0.5734736842105264;0.8934076746474254;0.5734736842105264;0.6985510962943968;2724;325;2026
335;fox_squirrel;4750;;0.888421052631579;0.575402236160349;0.888421052631579;0.6984442237669646;4220;3114;530
454;bookshop;4750;;0.6012631578947368;0.8316831683168316;0.6012631578947368;0.6979472140762463;2856;578;1894
109;brain_coral;4750;;0.6825263157894736;0.7133113311331133;0.6825263157894736;0.69757934373319;3242;1303;1508
283;Persian_cat;4750;;0.8612631578947368;0.5859352621025494;0.8612631578947368;0.6974087964541424;4091;2891;659
552;feather_boa;4750;;0.8052631578947368;0.614655310943275;0.8052631578947368;0.6971657705276587;3825;2398;925
361;skunk;4750;;0.9056842105263158;0.5664998683170924;0.9056842105263158;0.6970187945560596;4302;3292;448
983;scuba_diver;4750;;0.8054736842105263;0.6136327185244587;0.8054736842105263;0.6965862539827036;3826;2409;924
525;dam;4750;;0.7063157894736842;0.6870776162195372;0.7063157894736842;0.6965638949444618;3355;1528;1395
460;breakwater;4750;;0.5770526315789474;0.877681716298431;0.5770526315789474;0.696303823193192;2741;382;2009
61;boa_constrictor;4750;;0.5713684210526315;0.8872180451127819;0.5713684210526315;0.6950954027404277;2714;345;2036
577;gong;4750;;0.9084210526315789;0.561629571781856;0.9084210526315789;0.6941204858039091;4315;3368;435
789;shoji;4750;;0.8669473684210526;0.5786958965711073;0.8669473684210526;0.6940839372998483;4118;2998;632
230;Shetland_sheepdog;4750;;0.7141052631578947;0.6744879697753032;0.7141052631578947;0.6937314653850087;3392;1637;1358
764;rifle;4750;;0.5530526315789474;0.9302407932011332;0.5530526315789474;0.6936889358331132;2627;197;2123
101;tusker;4750;;0.6189473684210526;0.7852564102564102;0.6189473684210526;0.6922533553096303;2940;804;1810
817;sports_car;4750;;0.663578947368421;0.7231016288139481;0.663578947368421;0.6920627950378747;3152;1207;1598
34;leatherback_turtle;4750;;0.6682105263157895;0.7171260732037957;0.6682105263157895;0.6918047079337402;3174;1252;1576
762;restaurant;4750;;0.671578947368421;0.7122125474436258;0.671578947368421;0.6912991656734208;3190;1289;1560
341;hog;4750;;0.6029473684210527;0.8081264108352144;0.6029473684210527;0.6906197251024837;2864;680;1886
406;altar;4750;;0.748;0.640641904075009;0.748;0.6901709401709402;3553;1993;1197
416;balance_beam;4750;;0.8703157894736843;0.5711522520033159;0.8703157894736843;0.6896896896896898;4134;3104;616
675;moving_van;4750;;0.7682105263157895;0.6255786044916852;0.7682105263157895;0.6895965227251253;3649;2184;1101
490;chain_mail;4750;;0.8096842105263158;0.5972049689440994;0.8096842105263158;0.6873994638069706;3846;2594;904
987;corn;4750;;0.6858947368421052;0.688212927756654;0.6858947368421052;0.6870518768452131;3258;1476;1492
743;prison;4750;;0.7587368421052632;0.626129256428075;0.7587368421052632;0.6860841423948221;3604;2152;1146
892;wall_clock;4750;;0.584421052631579;0.8269288054810843;0.584421052631579;0.6848402615024054;2776;581;1974
848;tape_player;4750;;0.5572631578947368;0.8879570613887957;0.5572631578947368;0.6847755788384425;2647;334;2103
40;American_chameleon;4750;;0.7218947368421053;0.6506641366223909;0.7218947368421053;0.684431137724551;3429;1841;1321
913;wreck;4750;;0.7126315789473684;0.6567714396585177;0.7126315789473684;0.683562197092084;3385;1769;1365
37;box_turtle;4750;;0.6109473684210527;0.7751068376068376;0.6109473684210527;0.6833058629620908;2902;842;1848
696;paintbrush;4750;;0.6957894736842105;0.6702494423037924;0.6957894736842105;0.6827807044726785;3305;1626;1445
690;oxcart;4750;;0.879578947368421;0.5572895824996665;0.879578947368421;0.6822895402955825;4178;3319;572
584;hair_slide;4750;;0.716;0.6491696888719222;0.716;0.6809490439483432;3401;1838;1349
619;lampshade;4750;;0.5827368421052631;0.8189349112426035;0.5827368421052631;0.6809348093480934;2768;612;1982
329;sea_cucumber;4750;;0.6814736842105263;0.6771966527196652;0.6814736842105263;0.6793284365162644;3237;1543;1513
935;mashed_potato;4750;;0.7141052631578947;0.6474518037793472;0.7141052631578947;0.6791470617679447;3392;1847;1358
854;theater_curtain;4750;;0.8745263157894737;0.5551249498864091;0.8745263157894737;0.6791465707512465;4154;3329;596
269;timber_wolf;4750;;0.7572631578947369;0.6155030800821355;0.7572631578947369;0.6790636209175004;3597;2247;1153
434;bath_towel;4750;;0.5882105263157895;0.7998854852562267;0.5882105263157895;0.6779085284483805;2794;699;1956
516;cradle;4750;;0.6593684210526316;0.6946107784431138;0.6593684210526316;0.6765309428664003;3132;1377;1618
680;nipple;4750;;0.82;0.5757575757575758;0.82;0.6765089014329135;3895;2870;855
103;platypus;4750;;0.756;0.6107142857142858;0.756;0.6756349952963312;3591;2289;1159
120;fiddler_crab;4750;;0.86;0.5547256925583922;0.86;0.6744262836387651;4085;3279;665
718;pier;4750;;0.5848421052631579;0.7953048955052963;0.5848421052631579;0.6740264466820333;2778;715;1972
908;wing;4750;;0.5633684210526316;0.831055900621118;0.5633684210526316;0.6715181932245923;2676;544;2074
705;passenger_car;4750;;0.6033684210526316;0.7552042160737813;0.6033684210526316;0.6708016383850205;2866;929;1884
124;crayfish;4750;;0.6048421052631578;0.7499347428869747;0.6048421052631578;0.6696189255331546;2873;958;1877
54;hognose_snake;4750;;0.5541052631578948;0.8449438202247191;0.5541052631578948;0.6692943420216149;2632;483;2118
905;window_shade;4750;;0.6962105263157895;0.6440116845180136;0.6962105263157895;0.6690945877592311;3307;1828;1443
271;red_wolf;4750;;0.6042105263157894;0.7493472584856397;0.6042105263157894;0.668997668997669;2870;960;1880
348;ram;4750;;0.5724210526315789;0.8044378698224852;0.5724210526315789;0.6688806888068881;2719;661;2031
812;space_shuttle;4750;;0.8696842105263158;0.5423395037416305;0.8696842105263158;0.6680682461389181;4131;3486;619
509;confectionery;4750;;0.6341052631578947;0.7039027810236036;0.6341052631578947;0.6671835197696312;3012;1267;1738
59;vine_snake;4750;;0.7134736842105264;0.6262010347376201;0.7134736842105264;0.6669946860854163;3389;2023;1361
266;miniature_poodle;4750;;0.6096842105263158;0.7344661425310677;0.6096842105263158;0.6662832163809962;2896;1047;1854
620;laptop;4750;;0.82;0.5605929763960852;0.82;0.6659257992819285;3895;3053;855
128;black_stork;4750;;0.8865263157894737;0.5327682186234818;0.8865263157894737;0.6655602971392445;4211;3693;539
527;desktop_computer;4750;;0.664;0.6662441909590199;0.664;0.6651202024462253;3154;1580;1596
162;beagle;4750;;0.5534736842105263;0.8314358001265022;0.5534736842105263;0.6645601617795753;2629;533;2121
5;electric_ray;4750;;0.7642105263157895;0.585956416464891;0.7642105263157895;0.663316582914573;3630;2565;1120
904;window_screen;4750;;0.7494736842105263;0.5947210157033077;0.7494736842105263;0.6631892697466468;3560;2426;1190
673;mouse;4750;;0.5642105263157895;0.8002388772767991;0.5642105263157895;0.6618101000123472;2680;669;2070
35;mud_turtle;4750;;0.5781052631578948;0.7735211267605634;0.5781052631578948;0.6616867469879518;2746;804;2004
44;alligator_lizard;4750;;0.512;0.9346656418139893;0.512;0.661588683351469;2432;170;2318
67;diamondback;4750;;0.5587368421052632;0.8086532602071907;0.5587368421052632;0.6608565737051794;2654;628;2096
751;racer;4750;;0.7764210526315789;0.5748129675810474;0.7764210526315789;0.660576750850797;3688;2728;1062
975;lakeside;4750;;0.6050526315789474;0.7246596066565809;0.6050526315789474;0.6594768242312987;2874;1092;1876
549;envelope;4750;;0.6578947368421053;0.6601182931981411;0.6578947368421053;0.6590046393926613;3125;1609;1625
188;wire-haired_fox_terrier;4750;;0.8789473684210526;0.5270133804594799;0.8789473684210526;0.6589330808080807;4175;3747;575
671;mountain_bike;4750;;0.8736842105263158;0.5275200203381213;0.8736842105263158;0.6578425933264643;4150;3717;600
49;African_crocodile;4750;;0.5349473684210526;0.8526845637583893;0.5349473684210526;0.6574385510996119;2541;439;2209
424;barbershop;4750;;0.5277894736842105;0.8701839639014232;0.5277894736842105;0.6570567422356178;2507;374;2243
304;leaf_beetle;4750;;0.5701052631578948;0.7693181818181818;0.5701052631578948;0.6548972188633616;2708;812;2042
231;collie;4750;;0.6187368421052631;0.694963348309293;0.6187368421052631;0.6546386011805324;2939;1290;1811
906;Windsor_tie;4750;;0.8063157894736842;0.5482393358144861;0.8063157894736842;0.652692569870484;3830;3156;920
402;acoustic_guitar;4750;;0.7450526315789474;0.5799737790888233;0.7450526315789474;0.6522300036859565;3539;2563;1211
526;desk;4750;;0.6974736842105264;0.6091193234050377;0.6974736842105264;0.6503091569339484;3313;2126;1437
794;shower_curtain;4750;;0.6858947368421052;0.6162284849631171;0.6858947368421052;0.6491979675201753;3258;2029;1492
546;electric_guitar;4750;;0.7856842105263158;0.5528888888888889;0.7856842105263158;0.6490434782608695;3732;3018;1018
999;toilet_tissue;4750;;0.4974736842105263;0.9303149606299213;0.4974736842105263;0.6482853223593964;2363;177;2387
664;monitor;4750;;0.5581052631578948;0.7728862973760933;0.5581052631578948;0.6481662591687042;2651;779;2099
77;wolf_spider;4750;;0.8332631578947368;0.5295691731335296;0.8332631578947368;0.6475785340314136;3958;3516;792
248;Eskimo_dog;4750;;0.6096842105263158;0.6901811248808389;0.6096842105263158;0.6474401967359714;2896;1300;1854
483;castle;4750;;0.7945263157894736;0.545770065075922;0.7945263157894736;0.6470638662666095;3774;3141;976
62;rock_python;4750;;0.6505263157894737;0.6420112196135467;0.6505263157894737;0.6462407194395065;3090;1723;1660
598;home_theater;4750;;0.7345263157894737;0.5764083925326284;0.7345263157894737;0.645931685642877;3489;2564;1261
488;chain;4750;;0.6469473684210526;0.6447754930759547;0.6469473684210526;0.6458596048759982;3073;1693;1677
582;grocery_store;4750;;0.6473684210526316;0.6441139505655634;0.6473684210526316;0.6457370852582948;3075;1699;1675
819;stage;4750;;0.6505263157894737;0.640016570008285;0.6505263157894737;0.6452286489872625;3090;1738;1660
479;car_wheel;4750;;0.5126315789473684;0.8690221270521057;0.5126315789473684;0.6448622881355933;2435;367;2315
272;coyote;4750;;0.7303157894736843;0.5770126413838988;0.7303157894736843;0.6446757108344174;3469;2543;1281
923;plate;4750;;0.5494736842105263;0.7724178751109796;0.5494736842105263;0.6421454053389101;2610;769;2140
281;tabby;4750;;0.8498947368421053;0.5145296966607188;0.8498947368421053;0.6409971419498254;4037;3809;713
522;croquet_ball;4750;;0.8753684210526316;0.5046728971962616;0.8753684210526316;0.6402340441912386;4158;4081;592
408;amphibian;4750;;0.7246315789473684;0.5730935730935731;0.7246315789473684;0.6400148754183712;3442;2564;1308
240;Appenzeller;4750;;0.6252631578947369;0.6527472527472528;0.6252631578947369;0.6387096774193549;2970;1580;1780
312;cricket;4750;;0.5246315789473684;0.8151782793588486;0.5246315789473684;0.6384014346099655;2492;565;2258
976;promontory;4750;;0.740421052631579;0.5586086404066074;0.740421052631579;0.6367915987687851;3517;2779;1233
961;dough;4750;;0.4991578947368421;0.8791249536522061;0.4991578947368421;0.6367664831475762;2371;326;2379
64;green_mamba;4750;;0.7566315789473684;0.5470319634703197;0.7566315789473684;0.6349823321554771;3594;2976;1156
815;spider_web;4750;;0.5711578947368421;0.7068785825951016;0.5711578947368421;0.6318118304611086;2713;1125;2037
997;bolete;4750;;0.8572631578947368;0.4987140232700551;0.8572631578947368;0.6305845915602014;4072;4093;678
689;overskirt;4750;;0.6951578947368421;0.5754618333914255;0.6951578947368421;0.629672006102212;3302;2436;1448
977;sandbar;4750;;0.7507368421052631;0.5393224440411373;0.7507368421052631;0.6277063897201197;3566;3046;1184
663;monastery;4750;;0.6922105263157895;0.5720250521920668;0.6922105263157895;0.6264050295294342;3288;2460;1462
485;CD_player;4750;;0.5054736842105263;0.8219787743923314;0.5054736842105263;0.6259940033893886;2401;520;2349
799;sliding_door;4750;;0.5136842105263157;0.799213887979037;0.5136842105263157;0.6254004869921824;2440;613;2310
285;Egyptian_cat;4750;;0.5073684210526316;0.8114478114478114;0.5073684210526316;0.6243523316062176;2410;560;2340
607;jack-o'-lantern;4750;;0.9642105263157895;0.4600241060666935;0.9642105263157895;0.622875016999864;4580;5376;170
865;toyshop;4750;;0.7343157894736843;0.5381885511495139;0.7343157894736843;0.6211379218235241;3488;2993;1262
310;ant;4750;;0.7905263157894736;0.5096362649294245;0.7905263157894736;0.6197392308961874;3755;3613;995
58;water_snake;4750;;0.6197894736842106;0.616802849360989;0.6197894736842106;0.6182925548671637;2944;1829;1806
482;cassette_player;4750;;0.8052631578947368;0.5010479434110559;0.8052631578947368;0.6177325581395349;3825;3809;925
911;wool;4750;;0.5707368421052632;0.6715382709933119;0.5707368421052632;0.6170479116877204;2711;1326;2039
385;Indian_elephant;4750;;0.6418947368421053;0.5939996103643094;0.6418947368421053;0.6170191237478497;3049;2084;1701
265;toy_poodle;4750;;0.6452631578947369;0.5889700230591852;0.6452631578947369;0.6158328310227044;3065;2139;1685
979;valley;4750;;0.7296842105263158;0.5317582080392759;0.7296842105263158;0.6151934682286121;3466;3052;1284
461;breastplate;4750;;0.8145263157894737;0.4923644693306185;0.8145263157894737;0.6137373096446701;3869;3989;881
476;carousel;4750;;0.9178947368421052;0.4603526554746067;0.9178947368421052;0.6131776949581603;4360;5111;390
36;terrapin;4750;;0.6898947368421052;0.5514050143025409;0.6898947368421052;0.6129243430281492;3277;2666;1473
856;thresher;4750;;0.7734736842105263;0.5052950075642966;0.7734736842105263;0.6112636219948424;3674;3597;1076
885;velvet;4750;;0.584;0.6393178151647845;0.584;0.610408185719001;2774;1565;1976
860;tobacco_shop;4750;;0.7058947368421052;0.5315472415979708;0.7058947368421052;0.6064387773557606;3353;2955;1397
359;black-footed_ferret;4750;;0.4966315789473684;0.7785478547854785;0.4966315789473684;0.606426735218509;2359;671;2391
809;soup_bowl;4750;;0.46442105263157896;0.8729719034428176;0.46442105263157896;0.6062938023910953;2206;321;2544
810;space_bar;4750;;0.7113684210526315;0.5281337918099406;0.7113684210526315;0.6062073914603516;3379;3019;1371
356;weasel;4750;;0.5389473684210526;0.6903991370010788;0.5389473684210526;0.6053440529676047;2560;1148;2190
536;dock;4750;;0.48042105263157897;0.8176280902902185;0.48042105263157897;0.6052247712504972;2282;509;2468
978;seashore;4750;;0.5802105263157895;0.6315307057745188;0.5802105263157895;0.6047838490234804;2756;1608;1994
32;tailed_frog;4750;;0.6254736842105263;0.5822065451695081;0.6254736842105263;0.6030650563280219;2971;2132;1779
277;red_fox;4750;;0.8332631578947368;0.46553752058339215;0.8332631578947368;0.5973437971626925;3958;4544;792
782;screen;4750;;0.5378947368421053;0.6686731222193143;0.5378947368421053;0.5961964764904912;2555;1266;2195
728;plastic_bag;4750;;0.5553684210526316;0.6390503875968992;0.5553684210526316;0.5942779905384096;2638;1490;2112
925;consomme;4750;;0.9006315789473684;0.4423991726990693;0.9006315789473684;0.5933425797503469;4278;5392;472
970;alp;4750;;0.6861052631578948;0.5177947251350492;0.6861052631578948;0.5901847156827236;3259;3035;1491
415;bakery;4750;;0.5757894736842105;0.6009668204790156;0.5757894736842105;0.5881088055047845;2735;1816;2015
972;cliff;4750;;0.5208421052631579;0.673380511703865;0.5208421052631579;0.5873694207027541;2474;1200;2276
405;airship;4750;;0.7425263157894737;0.48381344307270235;0.7425263157894737;0.5858803986710963;3527;3763;1223
611;jigsaw_puzzle;4750;;0.760421052631579;0.4762030323005933;0.760421052631579;0.5856505877584111;3612;3973;1138
381;spider_monkey;4750;;0.4978947368421053;0.6891025641025641;0.4978947368421053;0.5780982644830115;2365;1067;2385
562;fountain;4750;;0.7711578947368422;0.4614512471655329;0.7711578947368422;0.5773959646910467;3663;4275;1087
712;Petri_dish;4750;;0.744;0.46950976484655244;0.744;0.5757106785045206;3534;3993;1216
328;sea_urchin;4750;;0.7612631578947369;0.459758423394787;0.7612631578947369;0.5732857709076495;3616;4249;1134
6;stingray;4750;;0.5153684210526316;0.6416775884665793;0.5153684210526316;0.5716287215411558;2448;1367;2302
497;church;4750;;0.4183157894736842;0.8974706413730804;0.4183157894736842;0.570649052268811;1987;227;2763
996;hen-of-the-woods;4750;;0.7848421052631579;0.4467345715997603;0.7848421052631579;0.5693776250477282;3728;4617;1022
345;ox;4750;;0.4187368421052632;0.8731343283582089;0.4187368421052632;0.5660216277746158;1989;289;2761
167;English_foxhound;4750;;0.8370526315789474;0.42647216561192747;0.8370526315789474;0.565053648831095;3976;5347;774
68;sidewinder;4750;;0.6858947368421052;0.4731338948591345;0.6858947368421052;0.5599862495702991;3258;3628;1492
107;jellyfish;4750;;0.787578947368421;0.4333873957367933;0.787578947368421;0.5591092512329996;3741;4891;1009
741;prayer_rug;4750;;0.8311578947368421;0.41623616236162364;0.8311578947368421;0.5546891464699684;3948;5537;802
238;Greater_Swiss_Mountain_dog;4750;;0.4069473684210526;0.8683737646001797;0.4069473684210526;0.5541857798165137;1933;293;2817
119;rock_crab;4750;;0.41536842105263155;0.8196925633568758;0.41536842105263155;0.5513483303059942;1973;434;2777
550;espresso_maker;4750;;0.7730526315789473;0.4262827954492686;0.7730526315789473;0.5495360670457946;3672;4942;1078
681;notebook;4750;;0.4338947368421053;0.7475516866158868;0.4338947368421053;0.5490875183162383;2061;696;2689
980;volcano;4750;;0.7454736842105263;0.43437193326790974;0.7454736842105263;0.548907146178887;3541;4611;1209
26;common_newt;4750;;0.6816842105263158;0.45715092474939995;0.6816842105263158;0.5472830220569592;3238;3845;1512
166;Walker_hound;4750;;0.412;0.8043567612001644;0.412;0.5448976750661283;1957;476;2793
539;doormat;4750;;0.659578947368421;0.45710533994747593;0.659578947368421;0.5399862116511547;3133;3721;1617
60;night_snake;4750;;0.4014736842105263;0.8097664543524417;0.4014736842105263;0.536805066854328;1907;448;2843
358;polecat;4750;;0.7494736842105263;0.4174973613228568;0.7494736842105263;0.536265722678316;3560;4967;1190
524;cuirass;4750;;0.3991578947368421;0.8158347676419966;0.3991578947368421;0.5360474978795589;1896;428;2854
374;langur;4750;;0.7618947368421053;0.407545045045045;0.7618947368421053;0.5310344827586208;3619;5261;1131
895;warplane;4750;;0.8035789473684211;0.39562603648424544;0.8035789473684211;0.5302125295179887;3817;5831;933
878;typewriter_keyboard;4750;;0.39957894736842103;0.7868988391376451;0.39957894736842103;0.5300195476123988;1898;514;2852
973;coral_reef;4750;;0.7075789473684211;0.3723274620582696;0.7075789473684211;0.48791464034260007;3361;5666;1389
599;honeycomb;4750;;0.6667368421052632;0.377428196877607;0.6667368421052632;0.4820028917129594;3167;5224;1583
657;missile;4750;;0.6852631578947368;0.3706445001138693;0.6852631578947368;0.4810818799881761;3255;5527;1495
66;horned_viper;4750;;0.4762105263157895;0.484472049689441;0.4762105263157895;0.48030576494319993;2262;2407;2488
73;barn_spider;4750;;0.6448421052631579;0.380733374766936;0.6448421052631579;0.4787807737397421;3063;4982;1687
282;tiger_cat;4750;;0.30926315789473685;0.8656452563347083;0.30926315789473685;0.4557158368233286;1469;228;3281
744;projectile;4750;;0.5711578947368421;0.37748712953944624;0.5711578947368421;0.45455307028566644;2713;4474;2037
974;geyser;4750;;0.8235789473684211;0.2885807022720567;0.8235789473684211;0.42740085217961327;3912;9644;838
278;kit_fox;4750;;0.2825263157894737;0.8536895674300254;0.2825263157894737;0.42454919329326163;1342;230;3408
46;green_lizard;4750;;0.2894736842105263;0.7480957562568009;0.2894736842105263;0.41742562234365516;1375;463;3375
111;nematode;4750;;0.9343157894736842;0.2650659977303948;0.9343157894736842;0.41297166519331874;4438;12305;312
55;green_snake;4750;;0.2808421052631579;0.7009984235417761;0.2808421052631579;0.40102209529535543;1334;569;3416
947;mushroom;4750;;0.24778947368421053;0.5497431106959365;0.24778947368421053;0.34160499201857497;1177;964;3573
74;garden_spider;4750;;0.092;0.75736568457539;0.092;0.16406983292660032;437;140;4313
