class_idx;class_label;support;base_accuracy;overall_accuracy;precision;recall;f1;tp;fp;fn
986;yellow_lady's_slipper;4750;;0.9181052631578948;0.9775835014570724;0.9181052631578948;0.9469113017044837;4361;100;389
340;zebra;4750;;0.9204210526315789;0.9672566371681416;0.9204210526315789;0.9432578209277238;4372;148;378
90;lorikeet;4750;;0.9256842105263158;0.9589967284623773;0.9256842105263158;0.9420460632029996;4397;188;353
900;water_tower;4750;;0.8997894736842105;0.9834330418775886;0.8997894736842105;0.9397537379067722;4274;72;476
323;monarch;4750;;0.9134736842105263;0.9612317235268055;0.9134736842105263;0.9367443868739205;4339;175;411
685;odometer;4750;;0.9126315789473685;0.9554771875688781;0.9126315789473685;0.9335630451168301;4335;202;415
136;European_gallinule;4750;;0.8783157894736842;0.9832665566815932;0.8783157894736842;0.9278327588124096;4172;71;578
995;earthstar;4750;;0.8789473684210526;0.9823529411764705;0.8789473684210526;0.9277777777777778;4175;75;575
143;oystercatcher;4750;;0.8698947368421053;0.9887532902608279;0.8698947368421053;0.9255235748684062;4132;47;618
100;black_swan;4750;;0.864421052631579;0.9905910735826297;0.864421052631579;0.9232152894884766;4106;39;644
763;revolver;4750;;0.892;0.9551397655545536;0.892;0.9224907467885913;4237;199;513
92;bee_eater;4750;;0.875578947368421;0.9744611059044048;0.875578947368421;0.9223774672876468;4159;109;591
17;jay;4750;;0.8589473684210527;0.9946367625548513;0.8589473684210527;0.9218255761409851;4080;22;670
321;admiral;4750;;0.8696842105263158;0.9793741109530584;0.8696842105263158;0.9212756467439787;4131;87;619
451;bolo_tie;4750;;0.8962105263157895;0.9470522803114572;0.8962105263157895;0.9209302325581395;4257;238;493
255;Leonberg;4750;;0.8654736842105263;0.9818485789347982;0.8654736842105263;0.9199955242251315;4111;76;639
604;hourglass;4750;;0.880421052631579;0.9589543682641596;0.880421052631579;0.9180111952584787;4182;179;568
0;tench;4750;;0.8568421052631578;0.9871452825612418;0.8568421052631578;0.9173898343288628;4070;53;680
339;sorrel;4750;;0.8534736842105263;0.9892630551488532;0.8534736842105263;0.9163652802893308;4054;44;696
135;limpkin;4750;;0.8465263157894737;0.996777392166584;0.8465263157894737;0.9155282331511839;4021;13;729
95;jacamar;4750;;0.8703157894736843;0.9654367118169079;0.8703157894736843;0.9154118689105403;4134;148;616
11;goldfinch;4750;;0.8498947368421053;0.9909180166912126;0.8498947368421053;0.9150045330915685;4037;37;713
637;mailbox;4750;;0.8583157894736843;0.9786365818530965;0.8583157894736843;0.9145356662180351;4077;89;673
88;macaw;4750;;0.8667368421052631;0.9677950164551011;0.8667368421052631;0.9144824522434473;4117;137;633
746;puck;4750;;0.8717894736842106;0.9603432282003711;0.8717894736842106;0.9139262855881704;4141;171;609
139;ruddy_turnstone;4750;;0.8576842105263158;0.977447216890595;0.8576842105263158;0.913657770800628;4074;94;676
97;drake;4750;;0.8463157894736842;0.9918578830495929;0.8463157894736842;0.9133250028399409;4020;33;730
727;planetarium;4750;;0.8461052631578947;0.9894140817331364;0.8461052631578947;0.9121652292328642;4019;43;731
376;proboscis_monkey;4750;;0.8492631578947368;0.9803159173754556;0.8492631578947368;0.9100958826847152;4034;81;716
846;table_lamp;4750;;0.8522105263157894;0.9758919961427194;0.8522105263157894;0.9098673859294223;4048;100;702
695;padlock;4750;;0.8456842105263158;0.9840764331210191;0.8456842105263158;0.9096467391304348;4017;65;733
429;baseball;4750;;0.8498947368421053;0.9781923915677248;0.8498947368421053;0.909541511771995;4037;90;713
387;lesser_panda;4750;;0.8549473684210527;0.9689811500835123;0.8549473684210527;0.908399507885024;4061;130;689
275;African_hunting_dog;4750;;0.8528421052631578;0.9707644380541577;0.8528421052631578;0.9079905861257426;4051;122;699
129;spoonbill;4750;;0.8383157894736842;0.9893167701863355;0.8383157894736842;0.9075783475783478;3982;43;768
392;rock_beauty;4750;;0.8976842105263158;0.9171864917186492;0.8976842105263158;0.9073305670816044;4264;385;486
91;coucal;4750;;0.8652631578947368;0.9520500347463516;0.8652631578947368;0.9065843167530605;4110;207;640
130;flamingo;4750;;0.8336842105263158;0.9932279909706546;0.8336842105263158;0.9064896417534624;3960;27;790
901;whiskey_jug;4750;;0.8549473684210527;0.9636924537256764;0.8549473684210527;0.9060687193217315;4061;153;689
832;stupa;4750;;0.8498947368421053;0.9692677070828332;0.8498947368421053;0.9056646102075153;4037;128;713
247;Saint_Bernard;4750;;0.8435789473684211;0.9773170731707317;0.8435789473684211;0.9055367231638417;4007;93;743
284;Siamese_cat;4750;;0.8526315789473684;0.9652049571020019;0.8526315789473684;0.9054325955734406;4050;146;700
625;lifeboat;4750;;0.8345263157894737;0.9882822238843181;0.8345263157894737;0.9049195297340487;3964;47;786
15;robin;4750;;0.8505263157894737;0.9665071770334929;0.8505263157894737;0.9048152295632699;4040;140;710
127;white_stork;4750;;0.8311578947368421;0.9919597989949749;0.8311578947368421;0.90446735395189;3948;32;802
507;combination_lock;4750;;0.8507368421052631;0.9653607262302915;0.8507368421052631;0.9044315129811996;4041;145;709
684;ocarina;4750;;0.8572631578947368;0.9563175199624236;0.8572631578947368;0.9040852575488454;4072;186;678
563;fountain_pen;4750;;0.8677894736842106;0.9434653238727397;0.8677894736842106;0.9040464963263516;4122;247;628
816;spindle;4750;;0.8616842105263158;0.950313443231948;0.8616842105263158;0.9038312907143645;4093;214;657
25;European_fire_salamander;4750;;0.8652631578947368;0.9448275862068966;0.8652631578947368;0.9032967032967033;4110;240;640
576;gondola;4750;;0.8692631578947368;0.9399043933530616;0.8692631578947368;0.9032046374275402;4129;264;621
849;teapot;4750;;0.8414736842105263;0.9741652449427248;0.8414736842105263;0.902970744380436;3997;106;753
873;triumphal_arch;4750;;0.8551578947368421;0.955764705882353;0.8551578947368421;0.9026666666666667;4062;188;688
94;hummingbird;4750;;0.8490526315789474;0.9634495938843765;0.8490526315789474;0.9026410026857654;4033;153;717
805;soccer_ball;4750;;0.8871578947368421;0.9176829268292683;0.8871578947368421;0.9021622778848213;4214;378;536
24;great_grey_owl;4750;;0.8509473684210527;0.9580469305522635;0.8509473684210527;0.9013267922845357;4042;177;708
477;carpenter's_kit;4750;;0.8338947368421052;0.9804455445544554;0.8338947368421052;0.9012514220705347;3961;79;789
141;redshank;4750;;0.8486315789473684;0.9606768350810295;0.8486315789473684;0.90118488710038;4031;165;719
244;Tibetan_mastiff;4750;;0.832;0.9828400895299677;0.832;0.9011515220613384;3952;69;798
915;yurt;4750;;0.8383157894736842;0.9738322328197603;0.8383157894736842;0.9010069012331712;3982;107;768
7;cock;4750;;0.8416842105263158;0.9685077519379846;0.8416842105263158;0.9006533002928587;3998;130;752
144;pelican;4750;;0.8246315789473684;0.9913945836497089;0.8246315789473684;0.9003562808872543;3917;34;833
613;joystick;4750;;0.8456842105263158;0.962386200287494;0.8456842105263158;0.9002689376961004;4017;157;733
9;ostrich;4750;;0.8692631578947368;0.9333182640144665;0.8692631578947368;0.9001526051885764;4129;295;621
886;vending_machine;4750;;0.8471578947368421;0.9596947293107561;0.8471578947368421;0.8999217264899921;4024;169;726
300;tiger_beetle;4750;;0.8770526315789474;0.9237250554323725;0.8770526315789474;0.8997840172786177;4166;344;584
607;jack-o'-lantern;4750;;0.864;0.9384861651040476;0.864;0.8997040447221308;4104;269;646
821;steel_arch_bridge;4750;;0.8349473684210527;0.9746866551978373;0.8349473684210527;0.8994217031409457;3966;103;784
560;football_helmet;4750;;0.8698947368421053;0.9281221922731356;0.8698947368421053;0.8980656379048033;4132;320;618
826;stopwatch;4750;;0.8463157894736842;0.956232159847764;0.8463157894736842;0.8979227161045343;4020;184;730
398;abacus;4750;;0.879578947368421;0.9170324846356454;0.879578947368421;0.8979153234472383;4178;378;572
709;pencil_box;4750;;0.836421052631579;0.9685519258898099;0.836421052631579;0.8976502485314054;3973;129;777
688;oscilloscope;4750;;0.8581052631578947;0.9409048938134811;0.8581052631578947;0.8975996476547016;4076;256;674
98;red-breasted_merganser;4750;;0.8745263157894737;0.921677390725538;0.8745263157894737;0.8974829858485471;4154;353;596
18;magpie;4750;;0.8216842105263158;0.9871016691957512;0.8216842105263158;0.896829044117647;3903;51;847
396;lionfish;4750;;0.8551578947368421;0.9424593967517402;0.8551578947368421;0.8966887417218542;4062;248;688
439;bearskin;4750;;0.8797894736842106;0.9138421167723595;0.8797894736842106;0.8964925453180308;4179;394;571
790;shopping_basket;4750;;0.8301052631578948;0.9743019520632568;0.8301052631578948;0.8964419688530182;3943;104;807
145;king_penguin;4750;;0.8235789473684211;0.982420894023104;0.8235789473684211;0.8960146587265231;3912;70;838
531;digital_watch;4750;;0.8328421052631579;0.9679471494984095;0.8328421052631579;0.8953264682584589;3956;131;794
528;dial_telephone;4750;;0.8128421052631579;0.9963870967741936;0.8128421052631579;0.895304347826087;3861;14;889
14;indigo_bunting;4750;;0.9210526315789473;0.8708200636942676;0.9210526315789473;0.895232248823409;4375;649;375
555;fire_engine;4750;;0.8221052631578948;0.9823899371069182;0.8221052631578948;0.8951289398280803;3905;70;845
388;giant_panda;4750;;0.8677894736842106;0.9240080699394755;0.8677894736842106;0.8950168277060038;4122;339;628
16;bulbul;4750;;0.8206315789473684;0.9833501513622603;0.8206315789473684;0.8946522836814322;3898;66;852
612;jinrikisha;4750;;0.8122105263157895;0.9948427024239299;0.8122105263157895;0.894297635605007;3858;20;892
426;barometer;4750;;0.868421052631579;0.9215817694369973;0.868421052631579;0.8942120095382615;4125;351;625
863;totem_pole;4750;;0.8585263157894737;0.9329672843742851;0.8585263157894737;0.8942001973467822;4078;293;672
990;buckeye;4750;;0.8383157894736842;0.9576719576719577;0.8383157894736842;0.894027840143691;3982;176;768
96;toucan;4750;;0.8745263157894737;0.913971397139714;0.8745263157894737;0.893813878429263;4154;391;596
13;junco;4750;;0.8248421052631579;0.9753547423450336;0.8248421052631579;0.8938063191513631;3918;99;832
535;disk_brake;4750;;0.8309473684210527;0.9657450452654759;0.8309473684210527;0.8932895779110558;3947;140;803
883;vase;4750;;0.8153684210526316;0.987254652052001;0.8153684210526316;0.8931165686613628;3873;50;877
363;armadillo;4750;;0.8210526315789474;0.9771986970684039;0.8210526315789474;0.8923464134538382;3900;91;850
570;gasmask;4750;;0.8301052631578948;0.9640586797066014;0.8301052631578948;0.8920814479638008;3943;147;807
85;quail;4750;;0.8109473684210526;0.9899768696993061;0.8109473684210526;0.891563476449485;3852;39;898
56;king_snake;4750;;0.8261052631578948;0.9679329057720769;0.8261052631578948;0.8914129940935938;3924;130;826
494;chime;4750;;0.8147368421052632;0.9834815756035579;0.8147368421052632;0.8911917098445595;3870;65;880
225;malinois;4750;;0.84;0.948644793152639;0.84;0.8910227780259043;3990;216;760
264;Cardigan;4750;;0.8063157894736842;0.9955809721861191;0.8063157894736842;0.8910084913341864;3830;17;920
902;whistle;4750;;0.8383157894736842;0.950584865122941;0.8383157894736842;0.8909273968005369;3982;207;768
218;Welsh_springer_spaniel;4750;;0.8345263157894737;0.955410942395758;0.8345263157894737;0.8908866164737611;3964;185;786
291;lion;4750;;0.848;0.9378346915017463;0.848;0.8906578220011057;4028;267;722
307;weevil;4750;;0.8330526315789474;0.9564902102973168;0.8330526315789474;0.8905142342747834;3957;180;793
417;balloon;4750;;0.8286315789473684;0.9611721611721612;0.8286315789473684;0.8899943470887506;3936;159;814
726;plane;4750;;0.8235789473684211;0.9678377041068777;0.8235789473684211;0.8898999090081893;3912;130;838
198;standard_schnauzer;4750;;0.8092631578947368;0.9879208429709586;0.8092631578947368;0.8897118389075338;3844;47;906
561;forklift;4750;;0.8071578947368421;0.9896747547754259;0.8071578947368421;0.8891465677179963;3834;40;916
12;house_finch;4750;;0.8082105263157895;0.9868894601542416;0.8082105263157895;0.8886574074074075;3839;51;911
362;badger;4750;;0.8389473684210527;0.944536620052145;0.8389473684210527;0.8886163451889844;3985;234;765
138;bustard;4750;;0.8153684210526316;0.9763045122258633;0.8153684210526316;0.888608466215441;3873;94;877
761;remote_control;4750;;0.8341052631578947;0.9501199040767386;0.8341052631578947;0.8883408071748878;3962;208;788
538;dome;4750;;0.8313684210526315;0.9536343878290268;0.8313684210526315;0.888314025418963;3949;192;801
19;chickadee;4750;;0.832421052631579;0.9516245487364621;0.832421052631579;0.8880404267265581;3954;201;796
635;magnetic_compass;4750;;0.8296842105263158;0.9551623848763936;0.8296842105263158;0.88801261829653;3941;185;809
522;croquet_ball;4750;;0.860421052631579;0.9171903052064632;0.860421052631579;0.8878991961764067;4087;369;663
464;buckle;4750;;0.8301052631578948;0.9542594385285575;0.8301052631578948;0.8878630938977707;3943;189;807
756;rain_barrel;4750;;0.8046315789473685;0.9893864871861248;0.8046315789473685;0.8874956461163358;3822;41;928
547;electric_locomotive;4750;;0.8355789473684211;0.9461263408820024;0.8355789473684211;0.8874231414197875;3969;226;781
31;tree_frog;4750;;0.8132631578947368;0.9762446297700278;0.8132631578947368;0.8873320316986333;3863;94;887
79;centipede;4750;;0.824;0.9604907975460123;0.824;0.8870254957507082;3914;161;836
274;dhole;4750;;0.8210526315789474;0.9636767976278725;0.8210526315789474;0.8866659088325565;3900;147;850
131;little_blue_heron;4750;;0.8185263157894737;0.9664429530201343;0.8185263157894737;0.8863558645845206;3888;135;862
852;tennis_ball;4750;;0.8576842105263158;0.9159172661870504;0.8576842105263158;0.8858447488584474;4074;374;676
306;rhinoceros_beetle;4750;;0.8023157894736842;0.987817522032141;0.8023157894736842;0.8854553903345725;3811;47;939
584;hair_slide;4750;;0.8254736842105264;0.9544790652385589;0.8254736842105264;0.8853014224429894;3921;187;829
308;fly;4750;;0.8094736842105263;0.9766319532639065;0.8094736842105263;0.8852308046506273;3845;92;905
110;flatworm;4750;;0.8296842105263158;0.9487241213288397;0.8296842105263158;0.8852201257861635;3941;213;809
471;cannon;4750;;0.8027368421052632;0.9865459249676585;0.8027368421052632;0.8852002321532212;3813;52;937
83;prairie_chicken;4750;;0.8541052631578947;0.9182888184698959;0.8541052631578947;0.8850349040139616;4057;361;693
559;folding_chair;4750;;0.8054736842105263;0.9817808570695407;0.8054736842105263;0.8849311900080953;3826;71;924
919;street_sign;4750;;0.8267368421052631;0.9510777427948656;0.8267368421052631;0.8845590719675639;3927;202;823
235;German_shepherd;4750;;0.8037894736842105;0.9822485207100592;0.8037894736842105;0.8841032766006715;3818;69;932
829;streetcar;4750;;0.8067368421052632;0.9773017087477684;0.8067368421052632;0.8838657594279783;3832;89;918
616;knot;4750;;0.8210526315789474;0.9558823529411765;0.8210526315789474;0.883352208380521;3900;180;850
765;rocking_chair;4750;;0.7993684210526316;0.9870028593709383;0.7993684210526316;0.8833313946725602;3797;50;953
322;ringlet;4750;;0.8385263157894737;0.9330053876786133;0.8385263157894737;0.8832464796540638;3983;286;767
707;pay-phone;4750;;0.816;0.9620253164556962;0.816;0.8830162888711698;3876;153;874
137;American_coot;4750;;0.8204210526315789;0.9551470588235295;0.8204210526315789;0.8826727066817667;3897;183;853
466;bullet_train;4750;;0.8254736842105264;0.9475592073465442;0.8254736842105264;0.8823132313231323;3921;217;829
260;chow;4750;;0.8143157894736842;0.9626679940268791;0.8143157894736842;0.8822992700729927;3868;150;882
659;mixing_bowl;4750;;0.8208421052631579;0.9535338713621913;0.8208421052631579;0.8822264962099785;3899;190;851
418;ballpoint;4750;;0.8515789473684211;0.9143309222423146;0.8515789473684211;0.8818399825594071;4045;379;705
320;damselfly;4750;;0.8665263157894737;0.8973185088293002;0.8665263157894737;0.8816536360715433;4116;471;634
732;Polaroid_camera;4750;;0.8029473684210526;0.9771970279272355;0.8029473684210526;0.8815439731884896;3814;89;936
80;black_grouse;4750;;0.8888421052631579;0.874120082815735;0.8888421052631579;0.881419624217119;4222;608;528
755;radio_telescope;4750;;0.8128421052631579;0.9621230999252429;0.8128421052631579;0.8812050667579596;3861;152;889
421;bannister;4750;;0.8446315789473684;0.9201834862385321;0.8446315789473684;0.8807903402854007;4012;348;738
456;bow;4750;;0.8214736842105264;0.9491607881294089;0.8214736842105264;0.8807132377835459;3902;209;848
253;basenji;4750;;0.8229473684210526;0.9469476744186046;0.8229473684210526;0.8806037395809868;3909;219;841
463;bucket;4750;;0.8258947368421052;0.9430288461538462;0.8258947368421052;0.8805836139169472;3923;237;827
783;screw;4750;;0.9044210526315789;0.8574850299401198;0.9044210526315789;0.8803278688524591;4296;714;454
447;binoculars;4750;;0.8056842105263158;0.9693515704154002;0.8056842105263158;0.8799724074499885;3827;121;923
57;garter_snake;4750;;0.8187368421052632;0.9510882856444118;0.8187368421052632;0.8799637968095939;3889;200;861
86;partridge;4750;;0.8162105263157895;0.9544559330379123;0.8162105263157895;0.8799364502950522;3877;185;873
993;gyromitra;4750;;0.8406315789473684;0.9228102611509129;0.8406315789473684;0.8798061033381073;3993;334;757
498;cinema;4750;;0.8025263157894736;0.9731937707429155;0.8025263157894736;0.879658474674051;3812;105;938
872;tripod;4750;;0.8307368421052631;0.9346281383230697;0.8307368421052631;0.8796255015604102;3946;276;804
448;birdhouse;4750;;0.8330526315789474;0.9312779477524123;0.8330526315789474;0.8794310478942104;3957;292;793
891;waffle_iron;4750;;0.8035789473684211;0.9707527975584944;0.8035789473684211;0.8792904860631192;3817;115;933
759;reflex_camera;4750;;0.8256842105263158;0.940302085830736;0.8256842105263158;0.8792736240331802;3922;249;828
796;ski_mask;4750;;0.8263157894736842;0.9394447103877454;0.8263157894736842;0.8792562724014337;3925;253;825
273;dingo;4750;;0.8101052631578948;0.9612790407194604;0.8101052631578948;0.8792414029475608;3848;155;902
10;brambling;4750;;0.8412631578947368;0.9207373271889401;0.8412631578947368;0.8792079207920792;3996;344;754
642;marimba;4750;;0.8054736842105263;0.9676277187658068;0.8054736842105263;0.8791360294117646;3826;128;924
442;bell_cote;4750;;0.8086315789473684;0.9628979694158937;0.8086315789473684;0.8790479459892435;3841;148;909
544;Dutch_oven;4750;;0.8138947368421052;0.954803655223512;0.8138947368421052;0.8787362200250027;3866;183;884
400;academic_gown;4750;;0.8113684210526316;0.9579915485955754;0.8113684210526316;0.878604810213154;3854;169;896
855;thimble;4750;;0.8181052631578948;0.9482674475353832;0.8181052631578948;0.8783905967450271;3886;212;864
806;sock;4750;;0.8503157894736842;0.9080485611510791;0.8503157894736842;0.878234398782344;4039;409;711
592;hard_disc;4750;;0.7976842105263158;0.9767981438515081;0.7976842105263158;0.8782014138370611;3789;90;961
787;shield;4750;;0.7968421052631579;0.9777835184706795;0.7968421052631579;0.8780883888180026;3785;86;965
602;horizontal_bar;4750;;0.7869473684210526;0.9930924548352816;0.7869473684210526;0.8780831571529246;3738;26;1012
156;Blenheim_spaniel;4750;;0.8372631578947368;0.922737819025522;0.8372631578947368;0.877924944812362;3977;333;773
355;llama;4750;;0.792;0.9843014128728415;0.792;0.8777414839010734;3762;60;988
351;hartebeest;4750;;0.8907368421052632;0.8648814390842191;0.8907368421052632;0.8776187512964114;4231;661;519
686;oil_filter;4750;;0.8513684210526316;0.9055082848186297;0.8513684210526316;0.8776041666666667;4044;422;706
622;lens_cap;4750;;0.8031578947368421;0.9670468948035488;0.8031578947368421;0.8775158136860264;3815;130;935
843;swing;4750;;0.8103157894736842;0.9562732919254658;0.8103157894736842;0.8772649572649572;3849;176;901
708;pedestal;4750;;0.7934736842105263;0.9799791991679667;0.7934736842105263;0.87691949744067;3769;77;981
737;pop_bottle;4750;;0.8195789473684211;0.9426150121065375;0.8195789473684211;0.8768018018018019;3893;237;857
196;miniature_schnauzer;4750;;0.8008421052631579;0.9686783804430863;0.8008421052631579;0.8768007375821136;3804;123;946
772;safety_pin;4750;;0.7949473684210526;0.9772256728778468;0.7949473684210526;0.8767123287671234;3776;88;974
232;Border_collie;4750;;0.8242105263157895;0.9354838709677419;0.8242105263157895;0.8763290430889759;3915;270;835
133;bittern;4750;;0.8269473684210527;0.9316888045540797;0.8269473684210527;0.8761989739014052;3928;288;822
738;pot;4750;;0.8221052631578948;0.9375750300120048;0.8221052631578948;0.8760515984296131;3905;260;845
768;rugby_ball;4750;;0.8431578947368421;0.9112627986348123;0.8431578947368421;0.875888463641334;4005;390;745
771;safe;4750;;0.7953684210526316;0.9742135121196493;0.7953684210526316;0.8757533611497451;3778;100;972
770;running_shoe;4750;;0.8092631578947368;0.9540828989823777;0.8092631578947368;0.8757261647112428;3844;185;906
566;French_horn;4750;;0.8090526315789474;0.9540714995034757;0.8090526315789474;0.8755980861244019;3843;185;907
667;mortarboard;4750;;0.8332631578947368;0.9219659911483811;0.8332631578947368;0.8753732168528143;3958;335;792
650;microphone;4750;;0.7930526315789473;0.9766658024371273;0.7930526315789473;0.8753340304403392;3767;90;983
581;grille;4750;;0.8090526315789474;0.9526524541398116;0.8090526315789474;0.8750000000000001;3843;191;907
668;mosque;4750;;0.7974736842105263;0.9687979539641943;0.7974736842105263;0.8748267898383371;3788;122;962
487;cellular_telephone;4750;;0.836;0.9173019173019173;0.836;0.8747659433858354;3971;358;779
703;park_bench;4750;;0.8054736842105263;0.9569784892446224;0.8054736842105263;0.8747142203932329;3826;172;924
694;paddlewheel;4750;;0.8530526315789474;0.8968570163789288;0.8530526315789474;0.8744065602071645;4052;466;698
682;obelisk;4750;;0.8347368421052631;0.9176116639666744;0.8347368421052631;0.8742145298203065;3965;356;785
63;Indian_cobra;4750;;0.8029473684210526;0.9592555331991952;0.8029473684210526;0.8741691496676599;3814;162;936
301;ladybug;4750;;0.8762105263157894;0.8716230366492147;0.8762105263157894;0.8739107611548557;4162;613;588
502;clog;4750;;0.8086315789473684;0.9498021760633036;0.8086315789473684;0.8735501478280645;3841;203;909
757;recreational_vehicle;4750;;0.8094736842105263;0.9482120838471023;0.8094736842105263;0.8733674048835889;3845;210;905
716;picket_fence;4750;;0.8332631578947368;0.9174779786740844;0.8332631578947368;0.8733451015004413;3958;356;792
571;gas_pump;4750;;0.7776842105263158;0.9956873315363881;0.7776842105263158;0.8732860520094562;3694;16;1056
428;barrow;4750;;0.7896842105263158;0.9765686019265816;0.7896842105263158;0.8732394366197183;3751;90;999
304;leaf_beetle;4750;;0.84;0.9082631459139541;0.84;0.8727988625177733;3990;403;760
877;turnstile;4750;;0.8044210526315789;0.95381927109336;0.8044210526315789;0.8727729556875286;3821;185;929
427;barrel;4750;;0.8332631578947368;0.9162037037037037;0.8332631578947368;0.8727673649393606;3958;362;792
600;hook;4750;;0.7922105263157895;0.9713474445018069;0.7922105263157895;0.8726808905380334;3763;111;987
595;harvester;4750;;0.8378947368421052;0.9103385178408051;0.8378947368421052;0.8726156544617408;3980;392;770
354;Arabian_camel;4750;;0.7886315789473685;0.9765380604796663;0.7886315789473685;0.8725832750989985;3746;90;1004
823;stethoscope;4750;;0.7797894736842105;0.9903743315508021;0.7797894736842105;0.8725559481743227;3704;36;1046
953;pineapple;4750;;0.7894736842105263;0.9750390015600624;0.7894736842105263;0.8724988366682178;3750;96;1000
158;toy_terrier;4750;;0.8204210526315789;0.9311827956989247;0.8204210526315789;0.8722999440402909;3897;288;853
866;tractor;4750;;0.8277894736842105;0.9217065166432254;0.8277894736842105;0.8722271517302572;3932;334;818
393;anemone_fish;4750;;0.788;0.9765196973649882;0.788;0.8721892112315041;3743;90;1007
840;swab;4750;;0.8389473684210527;0.908158614402917;0.8389473684210527;0.8721820967388926;3985;403;765
661;Model_T;4750;;0.8115789473684211;0.9425427872860636;0.8115789473684211;0.8721719457013575;3855;235;895
687;organ;4750;;0.8395789473684211;0.9073947667804323;0.8395789473684211;0.872170585019136;3988;407;762
350;ibex;4750;;0.7928421052631579;0.9691199176531138;0.7928421052631579;0.872163038443724;3766;120;984
40;American_chameleon;4750;;0.8098947368421052;0.9442808051055473;0.8098947368421052;0.8719401631912965;3847;227;903
146;albatross;4750;;0.7981052631578948;0.9599898708533806;0.7981052631578948;0.8715944361420853;3791;158;959
473;can_opener;4750;;0.8134736842105263;0.9383195726080622;0.8134736842105263;0.871447902571042;3864;254;886
8;hen;4750;;0.7890526315789473;0.9730010384215991;0.7890526315789473;0.871425249941874;3748;104;1002
193;Australian_terrier;4750;;0.8155789473684211;0.9352969579913085;0.8155789473684211;0.8713450292397661;3874;268;876
216;clumber;4750;;0.7873684210526316;0.9749739311783108;0.7873684210526316;0.8711856510598649;3740;96;1010
27;eft;4750;;0.8143157894736842;0.9365617433414044;0.8143157894736842;0.8711711711711713;3868;262;882
175;otterhound;4750;;0.8002105263157895;0.9557455368368116;0.8002105263157895;0.8710897215537985;3801;176;949
217;English_springer;4750;;0.8303157894736842;0.9157185976317622;0.8303157894736842;0.8709285635420116;3944;363;806
907;wine_bottle;4750;;0.8090526315789474;0.9423737126042178;0.8090526315789474;0.8706388763026734;3843;235;907
619;lampshade;4750;;0.84;0.9035326086956522;0.84;0.8706087715470217;3990;426;760
311;grasshopper;4750;;0.7818947368421053;0.9820200951877314;0.7818947368421053;0.870604781997187;3714;68;1036
113;snail;4750;;0.7945263157894736;0.9627551020408164;0.7945263157894736;0.8705882352941177;3774;146;976
201;silky_terrier;4750;;0.8115789473684211;0.9377280467039649;0.8115789473684211;0.8701049542940977;3855;256;895
506;coil;4750;;0.8947368421052632;0.8467822275353656;0.8947368421052632;0.8700992936841028;4250;769;500
579;grand_piano;4750;;0.7762105263157895;0.9897986577181208;0.7762105263157895;0.8700884955752213;3687;38;1063
636;mailbag;4750;;0.8254736842105264;0.9197748064743139;0.8254736842105264;0.870076556085654;3921;342;829
954;banana;4750;;0.7886315789473685;0.9697126585555268;0.7886315789473685;0.869847904330663;3746;117;1004
184;Irish_terrier;4750;;0.8012631578947368;0.9510244877561219;0.8012631578947368;0.8697440585009141;3806;196;944
360;otter;4750;;0.8117894736842105;0.9366043235365558;0.8117894736842105;0.8697417390323672;3856;261;894
670;motor_scooter;4750;;0.8185263157894737;0.9274809160305344;0.8185263157894737;0.8696041154104227;3888;304;862
262;Brabancon_griffon;4750;;0.7896842105263158;0.9670018045888116;0.7896842105263158;0.8693939042762776;3751;128;999
303;long-horned_beetle;4750;;0.812;0.9352570320077594;0.812;0.8692810457516341;3857;267;893
352;impala;4750;;0.8195789473684211;0.9253624910862848;0.8195789473684211;0.8692642625879202;3893;314;857
740;power_drill;4750;;0.7722105263157895;0.9940379403794037;0.7722105263157895;0.8691943127962084;3668;22;1082
920;traffic_light;4750;;0.8315789473684211;0.9101382488479263;0.8315789473684211;0.8690869086908691;3950;390;800
943;cucumber;4750;;0.78;0.9809372517871326;0.78;0.8690043391579688;3705;72;1045
704;parking_meter;4750;;0.7701052631578947;0.9970019078768056;0.7701052631578947;0.868986815536287;3658;11;1092
939;zucchini;4750;;0.7751578947368422;0.9884563758389262;0.7751578947368422;0.8689085545722713;3682;43;1068
512;corkscrew;4750;;0.8482105263157895;0.8905835543766578;0.8482105263157895;0.8688807418589606;4029;495;721
472;canoe;4750;;0.7997894736842105;0.9504628471353516;0.7997894736842105;0.8686406768034755;3799;198;951
517;crane;4750;;0.8425263157894737;0.8963045912653975;0.8425263157894737;0.8685838307107976;4002;463;748
618;ladle;4750;;0.7842105263157895;0.9728388613214939;0.7842105263157895;0.8683995803706724;3725;104;1025
39;common_iguana;4750;;0.7812631578947369;0.977350539899921;0.7812631578947369;0.8683748683748684;3711;86;1039
317;leafhopper;4750;;0.8597894736842105;0.8767711464147703;0.8597894736842105;0.8681972789115646;4084;574;666
475;car_mirror;4750;;0.8974736842105263;0.8406625912048905;0.8974736842105263;0.8681397006414825;4263;808;487
583;guillotine;4750;;0.7985263157894736;0.950864878415643;0.7985263157894736;0.8680627074035931;3793;196;957
504;coffee_mug;4750;;0.7913684210526316;0.9611352595244184;0.7913684210526316;0.8680290959473502;3759;152;991
892;wall_clock;4750;;0.7909473684210526;0.9616073713846941;0.7909473684210526;0.8679681182857802;3757;150;993
420;banjo;4750;;0.7934736842105263;0.9575711382113821;0.7934736842105263;0.8678332949574027;3769;167;981
569;garbage_truck;4750;;0.7966315789473685;0.9529085872576177;0.7966315789473685;0.8677903910102053;3784;187;966
159;Rhodesian_ridgeback;4750;;0.8;0.9473946646721516;0.8;0.8674808811779477;3800;211;950
215;Brittany_spaniel;4750;;0.7934736842105263;0.9565989847715736;0.7934736842105263;0.867433831990794;3769;171;981
752;racket;4750;;0.8056842105263158;0.9393716249386352;0.8056842105263158;0.8674070716228467;3827;247;923
537;dogsled;4750;;0.8231578947368421;0.9165494608532583;0.8231578947368421;0.8673469387755102;3910;356;840
874;trolleybus;4750;;0.8393684210526315;0.8971647164716472;0.8393684210526315;0.8673047639765064;3987;457;763
532;dining_table;4750;;0.7991578947368421;0.948051948051948;0.7991578947368421;0.8672606808316199;3796;208;954
519;crate;4750;;0.7816842105263158;0.9737739312877;0.7816842105263158;0.8672194324419013;3713;100;1037
859;toaster;4750;;0.8149473684210526;0.9265198659645764;0.8149473684210526;0.8671594982078853;3871;307;879
234;Rottweiler;4750;;0.8202105263157895;0.9197355996222851;0.8202105263157895;0.8671266414422435;3896;340;854
20;water_ouzel;4750;;0.7896842105263158;0.9610555982577504;0.7896842105263158;0.8669825494048307;3751;152;999
623;letter_opener;4750;;0.7882105263157895;0.9632107023411371;0.7882105263157895;0.8669676971170546;3744;143;1006
779;school_bus;4750;;0.8416842105263158;0.8934078212290503;0.8416842105263158;0.8667750677506775;3998;477;752
804;soap_dispenser;4750;;0.7713684210526316;0.9889338731443995;0.7713684210526316;0.8667060910703727;3664;41;1086
774;sandal;4750;;0.7694736842105263;0.9918588873812755;0.7694736842105263;0.8666271487848252;3655;30;1095
160;Afghan_hound;4750;;0.7884210526315789;0.9609956376700025;0.7884210526315789;0.8661963686827802;3745;152;1005
753;radiator;4750;;0.8298947368421052;0.9057904411764706;0.8298947368421052;0.8661832564271588;3942;410;808
165;black-and-tan_coonhound;4750;;0.8031578947368421;0.939423787244521;0.8031578947368421;0.8659630007944615;3815;246;935
745;projector;4750;;0.7833684210526316;0.9680020811654526;0.7833684210526316;0.8659529904584594;3721;123;1029
142;dowitcher;4750;;0.8248421052631579;0.9113747383112352;0.8248421052631579;0.8659520388993258;3918;381;832
827;stove;4750;;0.7865263157894736;0.9631348285640629;0.7865263157894736;0.8659172557654421;3736;143;1014
263;Pembroke;4750;;0.7783157894736842;0.9757191871206123;0.7783157894736842;0.8659093570675723;3697;92;1053
23;vulture;4750;;0.783578947368421;0.967507148427346;0.783578947368421;0.8658834477143189;3722;125;1028
632;loudspeaker;4750;;0.8046315789473685;0.9369943613630792;0.8046315789473685;0.8657832144070676;3822;257;928
725;pitcher;4750;;0.8044210526315789;0.9372087319107186;0.8044210526315789;0.8657528038971338;3821;256;929
185;Norfolk_terrier;4750;;0.7776842105263158;0.9759577278731836;0.7776842105263158;0.8656121851200936;3694;91;1056
870;tricycle;4750;;0.7722105263157895;0.9841695733834183;0.7722105263157895;0.8654004954582989;3668;59;1082
882;vacuum;4750;;0.7667368421052632;0.9929116684841875;0.7667368421052632;0.865288667141839;3642;26;1108
173;Ibizan_hound;4750;;0.7850526315789473;0.9635658914728682;0.7850526315789473;0.865197215777262;3729;141;1021
800;slot;4750;;0.8545263157894737;0.8761061946902655;0.8545263157894737;0.865181711606096;4059;574;691
22;bald_eagle;4750;;0.8366315789473684;0.895650214108632;0.8366315789473684;0.8651355175791879;3974;463;776
888;viaduct;4750;;0.8332631578947368;0.8989325459913695;0.8332631578947368;0.8648530536436142;3958;445;792
572;goblet;4750;;0.8143157894736842;0.9216106742911604;0.8143157894736842;0.8646473678327931;3868;329;882
349;bighorn;4750;;0.8130526315789474;0.9230401529636711;0.8130526315789474;0.8645623460935751;3862;322;888
347;bison;4750;;0.808;0.9292978208232445;0.808;0.8644144144144145;3838;292;912
767;rubber_eraser;4750;;0.8183157894736842;0.9158812441093308;0.8183157894736842;0.8643540137869692;3887;357;863
542;drumstick;4750;;0.8071578947368421;0.9299054086829979;0.8071578947368421;0.8641947481122506;3834;289;916
822;steel_drum;4750;;0.8018947368421052;0.9367929168716183;0.8018947368421052;0.8641107078039928;3809;257;941
211;vizsla;4750;;0.7943157894736842;0.9472759226713533;0.7943157894736842;0.8640787816328868;3773;210;977
541;drum;4750;;0.763578947368421;0.9928825622775801;0.763578947368421;0.8632631203141734;3627;26;1123
514;cowboy_boot;4750;;0.7825263157894737;0.9624546866908338;0.7825263157894737;0.8632141198327915;3717;145;1033
518;crash_helmet;4750;;0.8501052631578947;0.8766825879287885;0.8501052631578947;0.8631893971782812;4038;568;712
87;African_grey;4750;;0.7669473684210526;0.9867280606717227;0.7669473684210526;0.863065624259654;3643;49;1107
918;crossword_puzzle;4750;;0.7945263157894736;0.9442081561170879;0.7945263157894736;0.8629244312335659;3774;223;976
845;syringe;4750;;0.7810526315789473;0.9636363636363636;0.7810526315789473;0.8627906976744185;3710;140;1040
575;golfcart;4750;;0.7633684210526316;0.9917943107221007;0.7633684210526316;0.8627171068284558;3626;30;1124
590;hand-held_computer;4750;;0.8128421052631579;0.918848167539267;0.8128421052631579;0.8626005361930295;3861;341;889
645;maypole;4750;;0.8781052631578947;0.8475919528551108;0.8781052631578947;0.8625788439664978;4171;750;579
278;kit_fox;4750;;0.7951578947368421;0.9418952618453865;0.7951578947368421;0.8623287671232877;3777;233;973
997;bolete;4750;;0.8138947368421052;0.9163308840957572;0.8138947368421052;0.8620804994982718;3866;353;884
227;kelpie;4750;;0.7724210526315789;0.9752791068580542;0.7724210526315789;0.8620770676691728;3669;93;1081
567;frying_pan;4750;;0.7972631578947369;0.9383052527254707;0.7972631578947369;0.8620532665604371;3787;249;963
557;flagpole;4750;;0.8326315789473684;0.8933815224757172;0.8326315789473684;0.8619374523264683;3955;472;795
836;sunglass;4750;;0.7978947368421052;0.9369592088998764;0.7978947368421052;0.8618533257532689;3790;255;960
721;pillow;4750;;0.795578947368421;0.9400497512437811;0.795578947368421;0.8618015963511972;3779;241;971
890;volleyball;4750;;0.7877894736842105;0.9509529860228717;0.7877894736842105;0.8617156016119747;3742;193;1008
495;china_cabinet;4750;;0.8065263157894736;0.9249154997585708;0.8065263157894736;0.8616734143049932;3831;311;919
773;saltshaker;4750;;0.8665263157894737;0.8567860116569526;0.8665263157894737;0.8616286372200125;4116;688;634
994;stinkhorn;4750;;0.8153684210526316;0.9134433962264151;0.8153684210526316;0.8616240266963293;3873;367;877
312;cricket;4750;;0.7711578947368422;0.9757591901971231;0.7711578947368422;0.8614769520225776;3663;91;1087
172;whippet;4750;;0.7701052631578947;0.9765082754938601;0.7701052631578947;0.8611111111111112;3658;88;1092
383;Madagascar_cat;4750;;0.8351578947368421;0.8884658454647256;0.8351578947368421;0.8609875203472599;3967;498;783
766;rotisserie;4750;;0.7938947368421052;0.9401645474943904;0.7938947368421052;0.8608606323479056;3771;240;979
93;hornbill;4750;;0.7614736842105263;0.9896032831737346;0.7614736842105263;0.8606781677572872;3617;38;1133
875;trombone;4750;;0.771578947368421;0.9726645435244161;0.771578947368421;0.8605306409955389;3665;103;1085
148;killer_whale;4750;;0.8509473684210527;0.8701829924650162;0.8509473684210527;0.860457690260777;4042;603;708
758;reel;4750;;0.795578947368421;0.9367873078829946;0.795578947368421;0.8604280510018215;3779;255;971
179;Staffordshire_bullterrier;4750;;0.7793684210526316;0.959813326419497;0.7793684210526316;0.8602300453119555;3702;155;1048
114;slug;4750;;0.7968421052631579;0.9345679012345679;0.7968421052631579;0.8602272727272727;3785;265;965
324;cabbage_butterfly;4750;;0.8155789473684211;0.9100305379375146;0.8155789473684211;0.8602198290218718;3874;383;876
47;African_chameleon;4750;;0.8368421052631579;0.8847095481860672;0.8368421052631579;0.8601103537812398;3975;518;775
601;hoopskirt;4750;;0.8063157894736842;0.9211159211159211;0.8063157894736842;0.8599012123933543;3830;328;920
401;accordion;4750;;0.8242105263157895;0.8987603305785123;0.8242105263157895;0.8598726114649681;3915;441;835
729;plate_rack;4750;;0.7772631578947369;0.9619593538301199;0.7772631578947369;0.8598043782021425;3692;146;1058
412;ashcan;4750;;0.7945263157894736;0.9367088607594937;0.7945263157894736;0.8597790181114022;3774;255;976
134;crane;4750;;0.7698947368421053;0.9731240021287919;0.7698947368421053;0.8596614950634698;3657;101;1093
672;mountain_tent;4750;;0.768;0.9759229534510433;0.768;0.8595664467483505;3648;90;1102
404;airliner;4750;;0.832421052631579;0.8873429084380611;0.832421052631579;0.8590049967412557;3954;502;796
499;cleaver;4750;;0.7616842105263157;0.9847577572128471;0.7616842105263157;0.8589743589743589;3618;56;1132
597;holster;4750;;0.7568421052631579;0.9928196630764982;0.7568421052631579;0.8589176920320153;3595;26;1155
194;Dandie_Dinmont;4750;;0.8067368421052632;0.9182842080038341;0.8067368421052632;0.8589039560685869;3832;341;918
162;beagle;4750;;0.7842105263157895;0.9490445859872612;0.7842105263157895;0.8587896253602306;3725;200;1025
505;coffeepot;4750;;0.7825263157894737;0.9511258955987717;0.7825263157894737;0.8586278586278586;3717;191;1033
366;gorilla;4750;;0.8166315789473684;0.9046175373134329;0.8166315789473684;0.8583757468466475;3879;409;871
42;agama;4750;;0.8149473684210526;0.9063451182392882;0.8149473684210526;0.8582197095665669;3871;400;879
249;malamute;4750;;0.7896842105263158;0.939629258517034;0.7896842105263158;0.8581560283687943;3751;241;999
71;scorpion;4750;;0.7932631578947369;0.9345238095238095;0.7932631578947369;0.8581188795263038;3768;264;982
838;sunscreen;4750;;0.7677894736842106;0.9725333333333334;0.7677894736842106;0.8581176470588237;3647;103;1103
605;iPod;4750;;0.7787368421052632;0.9553202479338843;0.7787368421052632;0.8580375782881002;3699;173;1051
802;snowmobile;4750;;0.7787368421052632;0.9553202479338843;0.7787368421052632;0.8580375782881002;3699;173;1051
748;purse;4750;;0.8134736842105263;0.9076814658210007;0.8134736842105263;0.8579993338514488;3864;393;886
132;American_egret;4750;;0.8368421052631579;0.8802037201062888;0.8368421052631579;0.8579753939132312;3975;541;775
988;acorn;4750;;0.7692631578947369;0.9697452229299363;0.7692631578947369;0.8579478750880488;3654;114;1096
835;sundial;4750;;0.7743157894736842;0.9618200836820083;0.7743157894736842;0.8579426172148356;3678;146;1072
858;tile_roof;4750;;0.8105263157894737;0.9112426035502958;0.8105263157894737;0.8579387186629526;3850;375;900
540;drilling_platform;4750;;0.8294736842105264;0.8883878241262683;0.8294736842105264;0.8579205225911813;3940;495;810
543;dumbbell;4750;;0.7732631578947369;0.9632835038027799;0.7732631578947369;0.8578769122970922;3673;140;1077
316;cicada;4750;;0.7578947368421053;0.9881965413121054;0.7578947368421053;0.8578577385916836;3600;43;1150
325;sulphur_butterfly;4750;;0.7848421052631579;0.9447541814495691;0.7848421052631579;0.8574057037718491;3728;218;1022
503;cocktail_shaker;4750;;0.8338947368421052;0.880613606047132;0.8338947368421052;0.8566176470588234;3961;537;789
243;bull_mastiff;4750;;0.8191578947368421;0.8975778546712803;0.8191578947368421;0.8565767749036874;3891;444;859
128;black_stork;4750;;0.8568421052631578;0.8561211611274716;0.8568421052631578;0.8564814814814815;4070;684;680
422;barbell;4750;;0.7791578947368422;0.9504365690806369;0.7791578947368422;0.8563165201295696;3701;193;1049
586;half_track;4750;;0.8002105263157895;0.9205618793896827;0.8002105263157895;0.856177497465931;3801;328;949
912;worm_fence;4750;;0.8014736842105263;0.9186776061776062;0.8014736842105263;0.85608275241736;3807;337;943
719;piggy_bank;4750;;0.8206315789473684;0.8946522836814321;0.8206315789473684;0.8560448007027561;3898;459;852
641;maraca;4750;;0.8623157894736843;0.8492639436035663;0.8623157894736843;0.8557401023712525;4096;727;654
231;collie;4750;;0.8166315789473684;0.8987488415199258;0.8166315789473684;0.8557246856386499;3879;437;871
647;measuring_cup;4750;;0.7743157894736842;0.9560696646737717;0.7743157894736842;0.8556473188321507;3678;169;1072
895;warplane;4750;;0.8115789473684211;0.9047172025346163;0.8115789473684211;0.8556209077793808;3855;406;895
485;CD_player;4750;;0.7625263157894737;0.974441754102771;0.7625263157894737;0.8555568678398489;3622;95;1128
346;water_buffalo;4750;;0.7658947368421053;0.9688415446071904;0.7658947368421053;0.8554967666078778;3638;117;1112
944;artichoke;4750;;0.7541052631578947;0.9875930521091811;0.7541052631578947;0.8551987585054315;3582;45;1168
370;guenon;4750;;0.7618947368421053;0.9744211093161013;0.7618947368421053;0.8551512287334595;3619;95;1131
425;barn;4750;;0.8808421052631579;0.8304882890035729;0.8808421052631579;0.854924397221087;4184;854;566
781;scoreboard;4750;;0.8282105263157895;0.8828545780969479;0.8282105263157895;0.8546600043449925;3934;522;816
808;sombrero;4750;;0.7682105263157895;0.9627968337730871;0.7682105263157895;0.8545667447306792;3649;141;1101
53;ringneck_snake;4750;;0.7852631578947369;0.9371859296482412;0.7852631578947369;0.854524627720504;3730;250;1020
991;coral_fungus;4750;;0.8305263157894737;0.8797948260481713;0.8305263157894737;0.8544509421702403;3945;539;805
674;mousetrap;4750;;0.7852631578947369;0.9360100376411543;0.7852631578947369;0.854035489410418;3730;255;1020
254;pug;4750;;0.7789473684210526;0.9450830140485313;0.7789473684210526;0.8540103866128103;3700;215;1050
195;Boston_bull;4750;;0.832;0.8770528184642699;0.832;0.8539325842696629;3952;554;798
660;mobile_home;4750;;0.7633684210526316;0.9679658302189001;0.7633684210526316;0.8535781544256121;3626;120;1124
693;paddle;4750;;0.775578947368421;0.9487509657481329;0.775578947368421;0.8534692459168308;3684;199;1066
733;pole;4750;;0.7964210526315789;0.9193195625759417;0.7964210526315789;0.8534686971235194;3783;332;967
474;cardigan;4750;;0.8010526315789473;0.9131269498440124;0.8010526315789473;0.8534260401480318;3805;362;945
848;tape_player;4750;;0.7690526315789473;0.9585410653371819;0.7690526315789473;0.8534049760541992;3653;158;1097
213;Irish_setter;4750;;0.7534736842105263;0.9837822979659153;0.7534736842105263;0.8533619456366237;3579;59;1171
331;hare;4750;;0.7909473684210526;0.9262820512820513;0.7909473684210526;0.8532818532818534;3757;299;993
452;bonnet;4750;;0.7978947368421052;0.9167876149008225;0.7978947368421052;0.8532192705988294;3790;344;960
801;snorkel;4750;;0.7968421052631579;0.9177982541222115;0.7968421052631579;0.8530538652242506;3785;339;965
37;box_turtle;4750;;0.8128421052631579;0.8970724907063197;0.8128421052631579;0.8528827037773359;3861;443;889
379;howler_monkey;4750;;0.8096842105263158;0.9009135628952917;0.8096842105263158;0.8528661714158997;3846;423;904
629;lipstick;4750;;0.8153684210526316;0.8936317489616982;0.8153684210526316;0.8527080581241744;3873;461;877
318;lacewing;4750;;0.8244210526315789;0.8829763246899662;0.8244210526315789;0.8526946107784431;3916;519;834
992;agaric;4750;;0.872421052631579;0.8338028169014085;0.872421052631579;0.8526748971193416;4144;826;606
501;cloak;4750;;0.7650526315789473;0.9629040805511394;0.7650526315789473;0.8526513374002815;3634;140;1116
910;wooden_spoon;4750;;0.7585263157894737;0.972732181425486;0.7585263157894737;0.8523775727466288;3603;101;1147
520;crib;4750;;0.772;0.9509854771784232;0.772;0.8521961422263536;3667;189;1083
236;Doberman;4750;;0.7962105263157895;0.9164041676762782;0.7962105263157895;0.8520896699335362;3782;345;968
122;American_lobster;4750;;0.7648421052631579;0.9616199047114875;0.7648421052631579;0.852016885553471;3633;145;1117
214;Gordon_setter;4750;;0.7962105263157895;0.9161821705426356;0.7962105263157895;0.8519936922730343;3782;346;968
186;Norwich_terrier;4750;;0.8181052631578948;0.8886348044820489;0.8181052631578948;0.8519127479995615;3886;487;864
120;fiddler_crab;4750;;0.7629473684210526;0.9643427354976051;0.7629473684210526;0.8519040902679831;3624;134;1126
41;whiptail;4750;;0.7922105263157895;0.9211750305997553;0.7922105263157895;0.8518392756083758;3763;322;987
957;pomegranate;4750;;0.8044210526315789;0.9050213169114164;0.8044210526315789;0.8517610343290236;3821;401;929
389;barracouta;4750;;0.8086315789473684;0.8997423284141485;0.8086315789473684;0.8517574010422441;3841;428;909
769;rule;4750;;0.8006315789473685;0.9098086124401914;0.8006315789473685;0.8517357222844346;3803;377;947
337;beaver;4750;;0.8004210526315789;0.9097870303900455;0.8004210526315789;0.8516071228581028;3802;377;948
192;cairn;4750;;0.7854736842105263;0.9294967613353263;0.7854736842105263;0.8514376996805111;3731;283;1019
488;chain;4750;;0.8115789473684211;0.8950545623403762;0.8115789473684211;0.8512752567075191;3855;452;895
150;sea_lion;4750;;0.7541052631578947;0.9770867430441899;0.7541052631578947;0.8512357414448669;3582;84;1168
169;borzoi;4750;;0.7892631578947369;0.9231716326028072;0.7892631578947369;0.8509817273862219;3749;312;1001
117;chambered_nautilus;4750;;0.8703157894736843;0.8324607329842932;0.8703157894736843;0.850967476327707;4134;832;616
409;analog_clock;4750;;0.8507368421052631;0.8503787878787878;0.8507368421052631;0.8505577773100401;4041;711;709
423;barber_chair;4750;;0.7597894736842106;0.9657479261439658;0.7597894736842106;0.8504772004241782;3609;128;1141
302;ground_beetle;4750;;0.8298947368421052;0.8719309887193099;0.8298947368421052;0.8503937007874016;3942;579;808
837;sunglasses;4750;;0.7614736842105263;0.9627362257120042;0.7614736842105263;0.8503585282708358;3617;140;1133
174;Norwegian_elkhound;4750;;0.7764210526315789;0.9398572884811417;0.7764210526315789;0.850357389900853;3688;236;1062
367;chimpanzee;4750;;0.8088421052631579;0.8961978073244693;0.8088421052631579;0.8502821732875954;3842;445;908
699;panpipe;4750;;0.8313684210526315;0.8694407749889916;0.8313684210526315;0.8499784761084804;3949;593;801
378;capuchin;4750;;0.8223157894736842;0.8795316370186895;0.8223157894736842;0.84996191926885;3906;535;844
61;boa_constrictor;4750;;0.7498947368421053;0.9788403407529541;0.7498947368421053;0.8492072952676124;3562;77;1188
305;dung_beetle;4750;;0.796;0.9099879663056558;0.796;0.8491858506457046;3781;374;969
390;eel;4750;;0.7637894736842106;0.9559947299077733;0.7637894736842106;0.8491515506143944;3628;167;1122
867;trailer_truck;4750;;0.7802105263157895;0.9311557788944723;0.7802105263157895;0.8490263459335623;3706;274;1044
166;Walker_hound;4750;;0.7766315789473685;0.9362944162436548;0.7766315789473685;0.8490218642117378;3689;251;1061
52;thunder_snake;4750;;0.8225263157894737;0.8771890435563539;0.8225263157894737;0.8489787049109082;3907;547;843
556;fire_screen;4750;;0.8183157894736842;0.8820058997050148;0.8183157894736842;0.8489680026209457;3887;520;863
46;green_lizard;4750;;0.7774736842105263;0.9349367088607595;0.7774736842105263;0.8489655172413793;3693;257;1057
207;golden_retriever;4750;;0.7684210526315789;0.9482982592881268;0.7684210526315789;0.8489359227817188;3650;199;1100
313;walking_stick;4750;;0.8202105263157895;0.8794582392776523;0.8202105263157895;0.8488017429193899;3896;534;854
444;bicycle-built-for-two;4750;;0.8214736842105264;0.877642825011246;0.8214736842105264;0.8486298390604611;3902;544;848
152;Japanese_spaniel;4750;;0.8282105263157895;0.8699690402476781;0.8282105263157895;0.8485763589301122;3934;588;816
315;mantis;4750;;0.7671578947368421;0.9492055222714249;0.7671578947368421;0.848527185935499;3644;195;1106
147;grey_whale;4750;;0.8029473684210526;0.8995283018867924;0.8029473684210526;0.8484983314794217;3814;426;936
554;fireboat;4750;;0.7772631578947369;0.9339741968125475;0.7772631578947369;0.84844306560956;3692;261;1058
724;pirate;4750;;0.8178947368421052;0.8809523809523809;0.8178947368421052;0.8482532751091704;3885;525;865
140;red-backed_sandpiper;4750;;0.7606315789473684;0.9586097107986203;0.7606315789473684;0.8482216222561334;3613;156;1137
831;studio_couch;4750;;0.771578947368421;0.9416752312435765;0.771578947368421;0.848183290904883;3665;227;1085
434;bath_towel;4750;;0.7728421052631579;0.9395955976452521;0.7728421052631579;0.8480998036271226;3671;236;1079
630;Loafer;4750;;0.8067368421052632;0.893865173781199;0.8067368421052632;0.8480690494633175;3832;455;918
457;bow_tie;4750;;0.7901052631578948;0.9142509135200975;0.7901052631578948;0.847656691134952;3753;352;997
491;chain_saw;4750;;0.8233684210526315;0.8731859790131726;0.8233684210526315;0.8475457796077581;3911;568;839
242;boxer;4750;;0.7547368421052632;0.9660468876313663;0.7547368421052632;0.8474175629358233;3585;126;1165
521;Crock_Pot;4750;;0.804;0.8956378986866792;0.804;0.8473485688928334;3819;445;931
224;groenendael;4750;;0.760421052631579;0.9558084149245832;0.760421052631579;0.8469926134365108;3612;167;1138
778;scale;4750;;0.7703157894736842;0.9406169665809768;0.7703157894736842;0.8469907407407407;3659;231;1091
968;cup;4750;;0.7627368421052632;0.9519180241723594;0.7627368421052632;0.8468910705937355;3623;183;1127
662;modem;4750;;0.7513684210526316;0.969573485465906;0.7513684210526316;0.8466374095599573;3569;112;1181
899;water_jug;4750;;0.7452631578947368;0.9795240730492529;0.7452631578947368;0.8464849354375897;3540;74;1210
869;trench_coat;4750;;0.748;0.9747599451303155;0.748;0.8464562239428232;3553;92;1197
338;guinea_pig;4750;;0.7423157894736843;0.984091543399386;0.7423157894736843;0.8462738509540383;3526;57;1224
551;face_powder;4750;;0.8427368421052631;0.8497134366376565;0.8427368421052631;0.846210759961949;4003;708;747
871;trimaran;4750;;0.8050526315789474;0.8917910447761194;0.8050526315789474;0.8462049125912812;3824;464;926
256;Newfoundland;4750;;0.7593684210526316;0.9552436440677966;0.7593684210526316;0.8461177574478067;3607;169;1143
30;bullfrog;4750;;0.787578947368421;0.91399951136086;0.787578947368421;0.8460929548795657;3741;352;1009
414;backpack;4750;;0.7482105263157894;0.9734319364557655;0.7482105263157894;0.8460897512200929;3554;97;1196
299;meerkat;4750;;0.8124210526315789;0.8826623970722781;0.8124210526315789;0.8460863845647884;3859;513;891
949;strawberry;4750;;0.8267368421052631;0.8663136995367307;0.8267368421052631;0.8460626952493805;3927;606;823
702;parallel_bars;4750;;0.8168421052631579;0.877431026684758;0.8168421052631579;0.8460532054077626;3880;542;870
45;Gila_monster;4750;;0.7623157894736842;0.9496459480723839;0.7623157894736842;0.8457316361088403;3621;192;1129
834;suit;4750;;0.7627368421052632;0.9489261393399686;0.7627368421052632;0.8457049486461251;3623;195;1127
628;liner;4750;;0.7568421052631579;0.9581556503198294;0.7568421052631579;0.8456833686191484;3595;157;1155
666;mortar;4750;;0.8117894736842105;0.8821779913063372;0.8117894736842105;0.8455213244161826;3856;515;894
151;Chihuahua;4750;;0.7538947368421053;0.9623757054555228;0.7538947368421053;0.8454727895171763;3581;140;1169
706;patio;4750;;0.7376842105263158;0.9892715979672502;0.7376842105263158;0.8451519536903039;3504;38;1246
465;bulletproof_vest;4750;;0.7732631578947369;0.9317605276509386;0.7732631578947369;0.8451449608835712;3673;269;1077
639;maillot;4750;;0.8075789473684211;0.8863216266173752;0.8075789473684211;0.8451200705001101;3836;492;914
966;red_wine;4750;;0.7894736842105263;0.9090909090909091;0.7894736842105263;0.8450704225352113;3750;375;1000
948;Granny_Smith;4750;;0.8185263157894737;0.8733153638814016;0.8185263157894737;0.8450336883286242;3888;564;862
856;thresher;4750;;0.7612631578947369;0.948334644636769;0.7612631578947369;0.8445638210907392;3616;197;1134
945;bell_pepper;4750;;0.8023157894736842;0.8912535079513564;0.8023157894736842;0.8444493684910258;3811;465;939
850;teddy;4750;;0.8063157894736842;0.8863688960888683;0.8063157894736842;0.844449344063499;3830;491;920
479;car_wheel;4750;;0.7882105263157895;0.9091792132102963;0.7882105263157895;0.8443843031123139;3744;374;1006
998;ear;4750;;0.7745263157894737;0.9278688524590164;0.7745263157894737;0.8442914515203672;3679;286;1071
89;sulphur-crested_cockatoo;4750;;0.7698947368421053;0.9343382728666326;0.7698947368421053;0.8441828254847645;3657;257;1093
154;Pekinese;4750;;0.76;0.9490010515247108;0.76;0.8440495674538228;3610;194;1140
293;cheetah;4750;;0.8315789473684211;0.8566471481240512;0.8315789473684211;0.8439269308834526;3950;661;800
718;pier;4750;;0.7663157894736842;0.9388702605107041;0.7663157894736842;0.8438622928016691;3640;237;1110
250;Siberian_husky;4750;;0.7621052631578947;0.9451697127937336;0.7621052631578947;0.8438228438228438;3620;210;1130
679;necklace;4750;;0.8425263157894737;0.8446601941747572;0.8425263157894737;0.843591905564924;4002;736;748
226;briard;4750;;0.7896842105263158;0.9049457177322074;0.7896842105263158;0.8433951658234962;3751;394;999
38;banded_gecko;4750;;0.760421052631579;0.9465408805031447;0.760421052631579;0.843334111604016;3612;204;1138
445;bikini;4750;;0.7665263157894737;0.936712117314124;0.7665263157894737;0.843116822970939;3641;246;1109
21;kite;4750;;0.8105263157894737;0.8783937942048825;0.8105263157894737;0.8430964633745757;3850;533;900
344;hippopotamus;4750;;0.7376842105263158;0.9834409205725512;0.7376842105263158;0.8430169613857813;3504;59;1246
764;rifle;4750;;0.7374736842105263;0.9837124403257512;0.7374736842105263;0.8429791842136927;3503;58;1247
415;bakery;4750;;0.7545263157894737;0.9547149706979222;0.7545263157894737;0.8428974600188146;3584;170;1166
433;bathing_cap;4750;;0.7690526315789473;0.9323634507401736;0.7690526315789473;0.8428703276419012;3653;265;1097
691;oxygen_mask;4750;;0.7496842105263158;0.9621723858416644;0.7496842105263158;0.8427405040823571;3561;140;1189
609;jeep;4750;;0.8010526315789473;0.8888110254613408;0.8010526315789473;0.8426530838223896;3805;476;945
676;muzzle;4750;;0.7637894736842106;0.9396529396529396;0.7637894736842106;0.8426431308791081;3628;233;1122
651;microwave;4750;;0.7530526315789474;0.9564171122994652;0.7530526315789474;0.84263839811543;3577;163;1173
35;mud_turtle;4750;;0.7414736842105263;0.9748131746471077;0.7414736842105263;0.8422814779385388;3522;91;1228
747;punching_bag;4750;;0.7654736842105263;0.9354257782351428;0.7654736842105263;0.8419590135463704;3636;251;1114
934;hotdog;4750;;0.7418947368421053;0.9729431253451132;0.7418947368421053;0.8418537983755375;3524;98;1226
105;koala;4750;;0.7572631578947369;0.9475763962065332;0.7572631578947369;0.8417973320851861;3597;199;1153
51;triceratops;4750;;0.7345263157894737;0.985593220338983;0.7345263157894737;0.8417370325693606;3489;51;1261
523;crutch;4750;;0.7886315789473685;0.9022157996146436;0.7886315789473685;0.8416086272747697;3746;406;1004
553;file;4750;;0.7842105263157895;0.9078722885693395;0.7842105263157895;0.8415226476900486;3725;378;1025
239;Bernese_mountain_dog;4750;;0.8016842105263158;0.8847583643122676;0.8016842105263158;0.8411751711950519;3808;496;942
614;kimono;4750;;0.8105263157894737;0.8742052679382379;0.8105263157894737;0.8411623334061611;3850;554;900
484;catamaran;4750;;0.7406315789473684;0.9731673582295989;0.7406315789473684;0.8411237298266587;3518;97;1232
467;butcher_shop;4750;;0.7713684210526316;0.9245521069896543;0.7713684210526316;0.8410421209686675;3664;299;1086
268;Mexican_hairless;4750;;0.8170526315789474;0.866101316670386;0.8170526315789474;0.8408623117755389;3881;600;869
588;hamper;4750;;0.8010526315789473;0.8846779818646826;0.8010526315789473;0.8407910728096342;3805;496;945
698;palace;4750;;0.7867368421052632;0.9026570048309178;0.7867368421052632;0.8407199100112485;3737;403;1013
854;theater_curtain;4750;;0.8825263157894737;0.8026038675090944;0.8825263157894737;0.8406698084829038;4192;1031;558
585;hair_spray;4750;;0.7568421052631579;0.9450578338590957;0.7568421052631579;0.8405424362871172;3595;209;1155
793;shower_cap;4750;;0.8069473684210526;0.8765149782757832;0.8069473684210526;0.8402937630165517;3833;540;917
43;frilled_lizard;4750;;0.7368421052631579;0.9773806199385646;0.7368421052631579;0.8402352658744447;3500;81;1250
102;echidna;4750;;0.8475789473684211;0.8326783867631851;0.8475789473684211;0.8400625978090768;4026;809;724
440;beer_bottle;4750;;0.8338947368421052;0.8461867122409742;0.8338947368421052;0.8399957586682218;3961;720;789
868;tray;4750;;0.8012631578947368;0.8822438572090867;0.8012631578947368;0.8398058252427184;3806;508;944
665;moped;4750;;0.7513684210526316;0.9514796054385497;0.7513684210526316;0.8396659216562757;3569;182;1181
164;bluetick;4750;;0.7926315789473685;0.8919687277896233;0.7926315789473685;0.8393713075465388;3765;456;985
513;cornet;4750;;0.7473684210526316;0.9563577586206896;0.7473684210526316;0.8390451429922003;3550;162;1200
220;Sussex_spaniel;4750;;0.7665263157894737;0.9266989055739374;0.7665263157894737;0.8390367553865654;3641;288;1109
497;church;4750;;0.7724210526315789;0.9181681681681682;0.7724210526315789;0.8390121198262063;3669;327;1081
294;brown_bear;4750;;0.8505263157894737;0.8275297009422368;0.8505263157894737;0.8388704318936876;4040;842;710
481;cassette;4750;;0.8071578947368421;0.8725534820209376;0.8071578947368421;0.8385826771653543;3834;560;916
930;French_loaf;4750;;0.7574736842105263;0.9379562043795621;0.7574736842105263;0.8381085488003727;3598;238;1152
178;Weimaraner;4750;;0.8197894736842105;0.8571428571428571;0.8197894736842105;0.8380501452706337;3894;649;856
161;basset;4750;;0.7957894736842105;0.8850386326387263;0.7957894736842105;0.8380445626870636;3780;491;970
730;plow;4750;;0.7587368421052632;0.9358608153726304;0.7587368421052632;0.8380420881292873;3604;247;1146
987;corn;4750;;0.8006315789473685;0.8791030975496995;0.8006315789473685;0.8380343763772587;3803;523;947
64;green_mamba;4750;;0.7898947368421053;0.8922711058263971;0.7898947368421053;0.8379676158570631;3752;453;998
658;mitten;4750;;0.8522105263157894;0.8241042345276873;0.8522105263157894;0.8379217553301593;4048;864;702
811;space_heater;4750;;0.8088421052631579;0.8690341551685139;0.8088421052631579;0.8378584669065533;3842;579;908
125;hermit_crab;4750;;0.744421052631579;0.9580059604443241;0.744421052631579;0.8378154247127118;3536;155;1214
202;soft-coated_wheaten_terrier;4750;;0.7427368421052631;0.9605227334603866;0.7427368421052631;0.8377062804226523;3528;145;1222
210;German_short-haired_pointer;4750;;0.8263157894736842;0.8493832503787059;0.8263157894736842;0.8376907480525024;3925;696;825
287;lynx;4750;;0.751578947368421;0.9451945988880064;0.751578947368421;0.8373402134396621;3570;207;1180
292;tiger;4750;;0.8722105263157894;0.8046222567488833;0.8722105263157894;0.8370542479038287;4143;1006;607
655;miniskirt;4750;;0.7614736842105263;0.9291035191369124;0.7614736842105263;0.8369779011917159;3617;276;1133
171;Italian_greyhound;4750;;0.7576842105263157;0.9348051948051948;0.7576842105263157;0.8369767441860464;3599;251;1151
205;flat-coated_retriever;4750;;0.7650526315789473;0.923741738688358;0.7650526315789473;0.8369415016121603;3634;300;1116
326;lycaenid;4750;;0.7736842105263158;0.9114583333333334;0.7736842105263158;0.8369391938055112;3675;357;1075
951;lemon;4750;;0.759578947368421;0.9318181818181818;0.759578947368421;0.8369287868244026;3608;264;1142
373;macaque;4750;;0.7692631578947369;0.9176293319939729;0.7692631578947369;0.836921667430142;3654;328;1096
65;sea_snake;4750;;0.8042105263157895;0.8721461187214612;0.8042105263157895;0.836801752464403;3820;560;930
54;hognose_snake;4750;;0.7315789473684211;0.9772215973003374;0.7315789473684211;0.8367445220322658;3475;81;1275
545;electric_fan;4750;;0.8621052631578947;0.8126612423099822;0.8621052631578947;0.8366533864541832;4095;944;655
898;water_bottle;4750;;0.7414736842105263;0.9594116044674476;0.7414736842105263;0.8364802280014249;3522;149;1228
180;American_Staffordshire_terrier;4750;;0.7317894736842105;0.9753086419753086;0.7317894736842105;0.8361799374548954;3476;88;1274
341;hog;4750;;0.7347368421052631;0.9699833240689272;0.7347368421052631;0.8361284139913752;3490;108;1260
775;sarong;4750;;0.7713684210526316;0.9125778331257783;0.7713684210526316;0.8360524814603537;3664;351;1086
486;cello;4750;;0.7726315789473684;0.9106699751861043;0.7726315789473684;0.835990888382688;3670;360;1080
402;acoustic_guitar;4750;;0.7869473684210526;0.8914858096828047;0.7869473684210526;0.8359610868835962;3738;455;1012
842;swimming_trunks;4750;;0.783157894736842;0.8963855421686747;0.783157894736842;0.8359550561797752;3720;430;1030
155;Shih-Tzu;4750;;0.752;0.9407426915986304;0.752;0.835848835848836;3572;225;1178
492;chest;4750;;0.7909473684210526;0.8860849056603773;0.7909473684210526;0.8358175750834259;3757;483;993
906;Windsor_tie;4750;;0.751578947368421;0.9412074874769312;0.751578947368421;0.8357719770572398;3570;223;1180
690;oxcart;4750;;0.7713684210526316;0.9118964659034345;0.7713684210526316;0.8357664233576643;3664;354;1086
626;lighter;4750;;0.796;0.8797114937180084;0.796;0.835764809902741;3781;517;969
453;bookcase;4750;;0.8138947368421052;0.8587294535761884;0.8138947368421052;0.8357111975789019;3866;636;884
190;Sealyham_terrier;4750;;0.783157894736842;0.895738020707922;0.783157894736842;0.8356733685274627;3720;433;1030
932;pretzel;4750;;0.8012631578947368;0.873136040376233;0.8012631578947368;0.8356570424854539;3806;553;944
336;marmot;4750;;0.7785263157894737;0.9017312850524263;0.7785263157894737;0.8356117952773698;3698;403;1052
663;monastery;4750;;0.7572631578947369;0.9318652849740933;0.7572631578947369;0.835540069686411;3597;263;1153
482;cassette_player;4750;;0.8193684210526315;0.8522005693015109;0.8193684210526315;0.8354620586025544;3892;675;858
432;bassoon;4750;;0.7993684210526316;0.8748847926267281;0.7993684210526316;0.8354235423542355;3797;543;953
118;Dungeness_crab;4750;;0.7303157894736843;0.9755343082114736;0.7303157894736843;0.8352997832891885;3469;87;1281
121;king_crab;4750;;0.7707368421052632;0.9113766492407269;0.7707368421052632;0.8351773696817612;3661;356;1089
269;timber_wolf;4750;;0.7932631578947369;0.8816097332709406;0.7932631578947369;0.8351063829787235;3768;506;982
449;boathouse;4750;;0.7873684210526316;0.8889945329213216;0.7873684210526316;0.8351010382940716;3740;467;1010
48;Komodo_dragon;4750;;0.7574736842105263;0.9301964839710445;0.7574736842105263;0.8349965189139011;3598;270;1152
649;megalith;4750;;0.7545263157894737;0.9343065693430657;0.7545263157894737;0.8348474260423946;3584;252;1166
36;terrapin;4750;;0.7618947368421053;0.9232142857142858;0.7618947368421053;0.8348327566320646;3619;301;1131
969;eggnog;4750;;0.7509473684210526;0.9396733403582719;0.7509473684210526;0.8347765036274281;3567;229;1183
76;tarantula;4750;;0.8101052631578948;0.8602727475966913;0.8101052631578948;0.8344356500054213;3848;625;902
776;sax;4750;;0.7498947368421053;0.9398416886543536;0.7498947368421053;0.834192037470726;3562;228;1188
739;potter's_wheel;4750;;0.7642105263157895;0.9178255372945638;0.7642105263157895;0.8340034462952327;3630;325;1120
828;strainer;4750;;0.8181052631578948;0.8505143357408623;0.8181052631578948;0.8339950638480523;3886;683;864
981;ballplayer;4750;;0.8237894736842105;0.8438645676083675;0.8237894736842105;0.8337061894108874;3913;724;837
640;manhole_cover;4750;;0.8067368421052632;0.8624803060994823;0.8067368421052632;0.8336777983248124;3832;611;918
933;cheeseburger;4750;;0.7273684210526316;0.9759887005649718;0.7273684210526316;0.8335343787696019;3455;85;1295
424;barbershop;4750;;0.7585263157894737;0.9245573518090839;0.7585263157894737;0.8333526078408697;3603;294;1147
209;Chesapeake_Bay_retriever;4750;;0.7431578947368421;0.9484148307361634;0.7431578947368421;0.8333333333333334;3530;192;1220
219;cocker_spaniel;4750;;0.7303157894736843;0.9700782997762863;0.7303157894736843;0.8332932981023301;3469;107;1281
286;cougar;4750;;0.7621052631578947;0.9187817258883249;0.7621052631578947;0.8331415420023014;3620;320;1130
952;fig;4750;;0.8111578947368421;0.8562222222222222;0.8111578947368421;0.833081081081081;3853;647;897
289;snow_leopard;4750;;0.8056842105263158;0.8623253717890942;0.8056842105263158;0.8330430996952547;3827;611;923
371;patas;4750;;0.7698947368421053;0.9067691544755765;0.7698947368421053;0.8327450757144483;3657;376;1093
789;shoji;4750;;0.8616842105263158;0.8052331300413141;0.8616842105263158;0.8325027967049731;4093;990;657
270;white_wolf;4750;;0.7614736842105263;0.9177873636132962;0.7614736842105263;0.8323553100908987;3617;324;1133
99;goose;4750;;0.8134736842105263;0.8520396912899669;0.8134736842105263;0.8323101777059775;3864;671;886
489;chainlink_fence;4750;;0.863578947368421;0.8032112786371647;0.863578947368421;0.8323019174190931;4102;1005;648
276;hyena;4750;;0.8193684210526315;0.8455355203128394;0.8193684210526315;0.8322463380733455;3892;711;858
515;cowboy_hat;4750;;0.7829473684210526;0.8878013845786584;0.7829473684210526;0.8320841257411342;3719;470;1031
416;balance_beam;4750;;0.8168421052631579;0.8475316732197467;0.8168421052631579;0.8319039451114923;3880;698;870
967;espresso;4750;;0.8353684210526315;0.8280467445742905;0.8353684210526315;0.8316914692936491;3968;824;782
356;weasel;4750;;0.7317894736842105;0.9631476863397063;0.7317894736842105;0.8316784304342625;3476;133;1274
348;ram;4750;;0.7648421052631579;0.9112114371708051;0.7648421052631579;0.831635572851093;3633;354;1117
246;Great_Dane;4750;;0.7195789473684211;0.9847306251800634;0.7195789473684211;0.8315290110692131;3418;53;1332
295;American_black_bear;4750;;0.8225263157894737;0.8402150537634409;0.8225263157894737;0.8312765957446808;3907;743;843
298;mongoose;4750;;0.7461052631578947;0.9373181697963502;0.7461052631578947;0.830852186144649;3544;237;1206
610;jersey;4750;;0.7743157894736842;0.8961988304093568;0.7743157894736842;0.8308109329116783;3678;426;1072
277;red_fox;4750;;0.8069473684210526;0.8557713775396294;0.8069473684210526;0.8306425398201323;3833;646;917
893;wallet;4750;;0.8107368421052632;0.8514260446606234;0.8107368421052632;0.8305834142133074;3851;672;899
638;maillot;4750;;0.7290526315789474;0.9648927277793257;0.7290526315789474;0.8305552224487348;3463;126;1287
478;carton;4750;;0.7433684210526316;0.9405966968566862;0.7433684210526316;0.8304327375352775;3531;223;1219
558;flute;4750;;0.792;0.872651356993737;0.792;0.8303719236287386;3762;549;988
897;washer;4750;;0.7216842105263158;0.977473624180211;0.7216842105263158;0.8303257841831173;3428;79;1322
167;English_foxhound;4750;;0.8265263157894737;0.8338997451146983;0.8265263157894737;0.8301966589130894;3926;782;824
177;Scottish_deerhound;4750;;0.8021052631578948;0.8600451467268623;0.8021052631578948;0.8300653594771241;3810;620;940
364;three-toed_sloth;4750;;0.787578947368421;0.8773452157598499;0.787578947368421;0.8300421566452185;3741;523;1009
736;pool_table;4750;;0.8088421052631579;0.8520736305167443;0.8088421052631579;0.8298952370666379;3842;667;908
208;Labrador_retriever;4750;;0.7686315789473684;0.901704124475179;0.7686315789473684;0.8298670303443573;3651;398;1099
795;ski;4750;;0.7985263157894736;0.863615664845173;0.7985263157894736;0.8297965434259461;3793;599;957
204;Lhasa;4750;;0.7503157894736842;0.9278833637073679;0.7503157894736842;0.8297055057618438;3564;277;1186
493;chiffonier;4750;;0.7437894736842106;0.9373839214645795;0.7437894736842106;0.8294400751261887;3533;236;1217
368;gibbon;4750;;0.8023157894736842;0.8583333333333333;0.8023157894736842;0.829379760609358;3811;629;939
342;wild_boar;4750;;0.7661052631578947;0.9038748137108793;0.7661052631578947;0.8293072014585232;3639;387;1111
675;moving_van;4750;;0.7157894736842105;0.9855072463768116;0.7157894736842105;0.8292682926829269;3400;50;1350
261;keeshond;4750;;0.8168421052631579;0.8420138888888888;0.8168421052631579;0.8292370164565077;3880;728;870
624;library;4750;;0.7648421052631579;0.9048567870485679;0.7648421052631579;0.8289788933257273;3633;382;1117
786;sewing_machine;4750;;0.7269473684210527;0.9642557944708182;0.7269473684210527;0.8289521065898452;3453;128;1297
84;peacock;4750;;0.8425263157894737;0.8157358336730534;0.8425263157894737;0.8289146644573322;4002;904;748
844;switch;4750;;0.8130526315789474;0.8445221954952985;0.8130526315789474;0.8284886839000322;3862;711;888
608;jean;4750;;0.8067368421052632;0.8511772545535318;0.8067368421052632;0.8283614353653264;3832;670;918
82;ruffed_grouse;4750;;0.8069473684210526;0.8504548480142001;0.8069473684210526;0.8281300637355515;3833;674;917
750;quilt;4750;;0.7425263157894737;0.9360403397027601;0.7425263157894737;0.8281286687015732;3527;241;1223
878;typewriter_keyboard;4750;;0.7536842105263157;0.9181841497819954;0.7536842105263157;0.8278413689443866;3580;319;1170
634;lumbermill;4750;;0.7541052631578947;0.9175204918032787;0.7541052631578947;0.8278252831060782;3582;322;1168
245;French_bulldog;4750;;0.7189473684210527;0.9754355898314767;0.7189473684210527;0.8277784510968368;3415;86;1335
653;milk_can;4750;;0.7717894736842106;0.8924050632911392;0.7717894736842106;0.8277263490629939;3666;442;1084
798;slide_rule;4750;;0.7534736842105263;0.918163160595177;0.7534736842105263;0.8277058279370952;3579;319;1171
62;rock_python;4750;;0.7189473684210527;0.9743223965763196;0.7189473684210527;0.8273773470623865;3415;90;1335
573;go-kart;4750;;0.8242105263157895;0.8305048790835808;0.8242105263157895;0.827345731191885;3915;799;835
230;Shetland_sheepdog;4750;;0.7648421052631579;0.9001486620416254;0.7648421052631579;0.8269974960163896;3633;403;1117
851;television;4750;;0.7823157894736842;0.8768286927796131;0.7823157894736842;0.82688028482421;3716;522;1034
197;giant_schnauzer;4750;;0.7597894736842106;0.9063284781516826;0.7597894736842106;0.826614750343564;3609;373;1141
44;alligator_lizard;4750;;0.752;0.9173086800205444;0.752;0.8264692272096252;3572;322;1178
267;standard_poodle;4750;;0.7766315789473685;0.8829583532790809;0.7766315789473685;0.826388888888889;3689;489;1061
403;aircraft_carrier;4750;;0.7488421052631579;0.9215025906735751;0.7488421052631579;0.8262485481997677;3557;303;1193
1;goldfish;4750;;0.7943157894736842;0.8604332953249715;0.7943157894736842;0.8260536398467433;3773;612;977
587;hammer;4750;;0.7534736842105263;0.9139427987742594;0.7534736842105263;0.8259866143549505;3579;337;1171
163;bloodhound;4750;;0.7334736842105263;0.9446854663774403;0.7334736842105263;0.8257881014458403;3484;204;1266
847;tank;4750;;0.7307368421052631;0.9491386382280558;0.7307368421052631;0.825740454383252;3471;186;1279
458;brass;4750;;0.8336842105263158;0.8178438661710037;0.8336842105263158;0.8256880733944955;3960;882;790
908;wing;4750;;0.7157894736842105;0.9750501864066533;0.7157894736842105;0.8255432803205051;3400;87;1350
810;space_bar;4750;;0.7913684210526316;0.8623537508602891;0.7913684210526316;0.8253375782193435;3759;600;991
443;bib;4750;;0.7722105263157895;0.8862043971973906;0.7722105263157895;0.8252896838789515;3668;471;1082
248;Eskimo_dog;4750;;0.7115789473684211;0.9817020040662213;0.7115789473684211;0.8250945929451972;3380;63;1370
683;oboe;4750;;0.8311578947368421;0.8189172370877411;0.8311578947368421;0.8249921638282312;3948;873;802
380;titi;4750;;0.7296842105263158;0.9482900136798905;0.7296842105263158;0.8247471743010113;3466;189;1284
982;groom;4750;;0.7412631578947368;0.9285337552742616;0.7412631578947368;0.8243970966986653;3521;271;1229
223;schipperke;4750;;0.7930526315789473;0.8582820688083846;0.7930526315789473;0.8243790349053507;3767;622;983
744;projectile;4750;;0.7884210526315789;0.8633010603964961;0.7884210526315789;0.8241637323943661;3745;593;1005
406;altar;4750;;0.8235789473684211;0.8244467860906217;0.8235789473684211;0.8240126382306476;3912;833;838
280;grey_fox;4750;;0.8098947368421052;0.8375789244502504;0.8098947368421052;0.8235042277641015;3847;746;903
377;marmoset;4750;;0.7505263157894737;0.909903011740684;0.7505263157894737;0.8225657591139823;3565;353;1185
762;restaurant;4750;;0.735578947368421;0.932230522945571;0.735578947368421;0.8223111320310662;3494;254;1256
720;pill_bottle;4750;;0.7943157894736842;0.851885301422443;0.7943157894736842;0.822093910011984;3773;656;977
55;green_snake;4750;;0.7648421052631579;0.888481291269259;0.7648421052631579;0.8220386921597466;3633;456;1117
490;chain_mail;4750;;0.8376842105263158;0.806772100567721;0.8376842105263158;0.821937616195001;3979;953;771
881;upright;4750;;0.868421052631579;0.7800680786686838;0.868421052631579;0.8218768679019725;4125;1163;625
436;beach_wagon;4750;;0.7197894736842105;0.957703081232493;0.7197894736842105;0.8218749999999999;3419;151;1331
438;beaker;4750;;0.7446315789473684;0.916796267496112;0.7446315789473684;0.8217936802973977;3537;321;1213
942;butternut_squash;4750;;0.7242105263157895;0.9497515184980674;0.7242105263157895;0.8217869087434304;3440;182;1310
792;shovel;4750;;0.7223157894736842;0.9527908914190503;0.7223157894736842;0.8216980002394922;3431;170;1319
345;ox;4750;;0.7042105263157895;0.9861438679245284;0.7042105263157895;0.8216654384672072;3345;47;1405
917;comic_book;4750;;0.8141052631578948;0.8287612516073725;0.8141052631578948;0.8213678844519966;3867;799;883
643;mask;4750;;0.8183157894736842;0.824390243902439;0.8183157894736842;0.8213417855256208;3887;828;863
237;miniature_pinscher;4750;;0.8486315789473684;0.7952258828171237;0.8486315789473684;0.8210612078623077;4031;1038;719
578;gown;4750;;0.7642105263157895;0.8868800390911312;0.7642105263157895;0.8209883523691054;3630;463;1120
580;greenhouse;4750;;0.808;0.8343478260869566;0.808;0.8209625668449199;3838;762;912
176;Saluki;4750;;0.8088421052631579;0.8325027085590466;0.8088421052631579;0.8205018686599039;3842;773;908
830;stretcher;4750;;0.7667368421052632;0.8818401937046005;0.7667368421052632;0.8202702702702703;3642;488;1108
589;hand_blower;4750;;0.7934736842105263;0.8488738738738739;0.7934736842105263;0.8202393906420022;3769;671;981
212;English_setter;4750;;0.7174736842105263;0.956765861875351;0.7174736842105263;0.8200192492781521;3408;154;1342
407;ambulance;4750;;0.9082105263157895;0.7468836565096952;0.9082105263157895;0.8196845905377161;4314;1462;436
524;cuirass;4750;;0.7309473684210527;0.9325812516787537;0.7309473684210527;0.8195444352649592;3472;251;1278
335;fox_squirrel;4750;;0.7917894736842105;0.8491758862045609;0.7917894736842105;0.8194792461052403;3761;668;989
656;minivan;4750;;0.7313684210526316;0.9316170555108608;0.7313684210526316;0.8194362542752682;3474;255;1276
780;schooner;4750;;0.8292631578947368;0.8096608427543679;0.8292631578947368;0.8193447737909517;3939;926;811
157;papillon;4750;;0.828;0.8100926879505664;0.828;0.8189484643414888;3933;922;817
564;four-poster;4750;;0.7894736842105263;0.8493771234428086;0.7894736842105263;0.8183306055646481;3750;665;1000
233;Bouvier_des_Flandres;4750;;0.7713684210526316;0.8703087885985749;0.7713684210526316;0.817857142857143;3664;546;1086
711;perfume;4750;;0.8170526315789474;0.818431041754534;0.8170526315789474;0.8177412557943532;3881;861;869
435;bathtub;4750;;0.7248421052631578;0.9376361655773421;0.7248421052631578;0.8176205176917597;3443;229;1307
654;minibus;4750;;0.7608421052631579;0.8829709259711703;0.7608421052631579;0.8173696709261563;3614;479;1136
631;lotion;4750;;0.8126315789473684;0.8221512247071352;0.8126315789473684;0.8173636844891476;3860;835;890
372;baboon;4750;;0.7743157894736842;0.8654117647058823;0.7743157894736842;0.8173333333333334;3678;572;1072
749;quill;4750;;0.7768421052631579;0.8613445378151261;0.7768421052631579;0.8169138808943989;3690;594;1060
731;plunger;4750;;0.8021052631578948;0.8322411533420708;0.8021052631578948;0.8168953687821613;3810;768;940
574;golf_ball;4750;;0.8374736842105264;0.7971943887775551;0.8374736842105264;0.8168377823408626;3978;1012;772
288;leopard;4750;;0.792;0.842741935483871;0.792;0.8165834599522466;3762;702;988
534;dishwasher;4750;;0.7427368421052631;0.9067077872012336;0.7427368421052631;0.8165721560004628;3528;363;1222
593;harmonica;4750;;0.7930526315789473;0.8414116595934777;0.7930526315789473;0.816516744337271;3767;710;983
228;komondor;4750;;0.8050526315789474;0.8277056277056277;0.8050526315789474;0.8162219850586979;3824;796;926
353;gazelle;4750;;0.8155789473684211;0.8167826270293064;0.8155789473684211;0.8161803434109344;3874;869;876
70;harvestman;4750;;0.8124210526315789;0.8194945848375451;0.8124210526315789;0.8159424886351623;3859;850;891
252;affenpinscher;4750;;0.7873684210526316;0.8465368945224083;0.7873684210526316;0.8158813263525305;3740;678;1010
924;guacamole;4750;;0.7707368421052632;0.8663038334122102;0.7707368421052632;0.8157308377896614;3661;565;1089
984;rapeseed;4750;;0.8850526315789473;0.7563871896365599;0.8850526315789473;0.8156771439658518;4204;1354;546
820;steam_locomotive;4750;;0.7726315789473684;0.8637326429748176;0.7726315789473684;0.8156461829092122;3670;579;1080
511;convertible;4750;;0.8661052631578947;0.7707006369426752;0.8661052631578947;0.8156225218080888;4114;1224;636
596;hatchet;4750;;0.783157894736842;0.8508691674290942;0.783157894736842;0.8156106117079587;3720;652;1030
461;breastplate;4750;;0.7768421052631579;0.8579400139502441;0.7768421052631579;0.8153795160755718;3690;611;1060
124;crayfish;4750;;0.7021052631578948;0.9711706464764124;0.7021052631578948;0.8150048875855328;3335;99;1415
913;wreck;4750;;0.7254736842105263;0.9293419633225458;0.7254736842105263;0.8148498462993614;3446;262;1304
279;Arctic_fox;4750;;0.7821052631578947;0.8495312142693803;0.7821052631578947;0.8144250794694728;3715;658;1035
229;Old_English_sheepdog;4750;;0.7936842105263158;0.8361055666444888;0.7936842105263158;0.8143428015984447;3770;739;980
921;book_jacket;4750;;0.78;0.8511371467953136;0.78;0.8140173569153027;3705;648;1045
187;Yorkshire_terrier;4750;;0.7983157894736842;0.8299409061063691;0.7983157894736842;0.8138212254533748;3792;777;958
32;tailed_frog;4750;;0.7162105263157895;0.9421212960398782;0.7162105263157895;0.8137782561894512;3402;209;1348
652;military_uniform;4750;;0.7176842105263158;0.9393772389087903;0.7176842105263158;0.8137009189640769;3409;220;1341
961;dough;4750;;0.7237894736842105;0.9286871961102107;0.7237894736842105;0.8135352579271177;3438;264;1312
791;shopping_cart;4750;;0.783157894736842;0.8460313850352513;0.783157894736842;0.8133814365365695;3720;677;1030
785;seat_belt;4750;;0.7134736842105264;0.9453277545327754;0.7134736842105264;0.8131973605278945;3389;196;1361
290;jaguar;4750;;0.748;0.8906994234143896;0.748;0.8131365144753404;3553;436;1197
126;isopod;4750;;0.7848421052631579;0.8419150858175248;0.7848421052631579;0.8123774242754412;3728;700;1022
343;warthog;4750;;0.7317894736842105;0.9111402359108781;0.7317894736842105;0.8116754232340923;3476;339;1274
75;black_widow;4750;;0.8387368421052631;0.7845608507286334;0.8387368421052631;0.8107448107448108;3984;1094;766
922;menu;4750;;0.7797894736842105;0.8441203281677302;0.7797894736842105;0.81068067410812;3704;684;1046
809;soup_bowl;4750;;0.7328421052631579;0.9067465485803595;0.7328421052631579;0.8105716614274071;3481;358;1269
960;chocolate_sauce;4750;;0.7869473684210526;0.8353072625698325;0.7869473684210526;0.8104065040650407;3738;737;1012
884;vault;4750;;0.7806315789473685;0.84234438891413;0.7806315789473685;0.8103146853146854;3708;694;1042
807;solar_dish;4750;;0.8214736842105264;0.7994263470600287;0.8214736842105264;0.8103000726819645;3902;979;848
568;fur_coat;4750;;0.7854736842105263;0.8363595606366285;0.7854736842105263;0.8101183367712517;3731;730;1019
582;grocery_store;4750;;0.7802105263157895;0.8422727272727273;0.7802105263157895;0.8100546448087431;3706;694;1044
529;diaper;4750;;0.7286315789473684;0.9117492096944152;0.7286315789473684;0.8099695764100164;3461;335;1289
937;broccoli;4750;;0.7532631578947369;0.8758873929008568;0.7532631578947369;0.8099603848330503;3578;507;1172
681;notebook;4750;;0.7134736842105264;0.936446532191213;0.7134736842105264;0.8098936551559326;3389;230;1361
983;scuba_diver;4750;;0.7618947368421053;0.8643420109863864;0.7618947368421053;0.8098914624594383;3619;568;1131
516;cradle;4750;;0.7145263157894737;0.933957072096863;0.7145263157894737;0.8096374045801528;3394;240;1356
26;common_newt;4750;;0.7789473684210526;0.8428246013667426;0.7789473684210526;0.8096280087527352;3700;690;1050
958;hay;4750;;0.7503157894736842;0.8789149198520345;0.7503157894736842;0.8095400340715503;3564;491;1186
29;axolotl;4750;;0.7787368421052632;0.8427887901572112;0.7787368421052632;0.8094977568661778;3699;690;1051
964;potpie;4750;;0.7501052631578947;0.878018728437654;0.7501052631578947;0.8090372388737511;3563;495;1187
825;stone_wall;4750;;0.7511578947368421;0.8764431343650209;0.7511578947368421;0.8089785738578392;3568;503;1182
189;Lakeland_terrier;4750;;0.7418947368421053;0.8887767969735183;0.7418947368421053;0.8087205966724039;3524;441;1226
330;wood_rabbit;4750;;0.8269473684210527;0.7911379657603222;0.8269473684210527;0.8086464230571283;3928;1037;822
203;West_Highland_white_terrier;4750;;0.8197894736842105;0.7971340839303992;0.8197894736842105;0.8083030617540218;3894;991;856
384;indri;4750;;0.8084210526315789;0.8074011774600505;0.8084210526315789;0.8079107931832527;3840;916;910
938;cauliflower;4750;;0.7029473684210527;0.9493886835371055;0.7029473684210527;0.8077900084674005;3339;178;1411
49;African_crocodile;4750;;0.7136842105263158;0.9280043799616753;0.7136842105263158;0.8068546947518743;3390;263;1360
470;candle;4750;;0.7305263157894737;0.9005969374513366;0.7305263157894737;0.8066953388352901;3470;383;1280
500;cliff_dwelling;4750;;0.7176842105263158;0.9203563714902808;0.7176842105263158;0.8064821386326;3409;295;1341
391;coho;4750;;0.7509473684210526;0.870849609375;0.7509473684210526;0.8064661994121636;3567;529;1183
72;black_and_gold_garden_spider;4750;;0.8833684210526316;0.7417359024217783;0.8833684210526316;0.8063803209378304;4196;1461;554
947;mushroom;4750;;0.6848421052631579;0.9792293798916315;0.6848421052631579;0.8059960356788899;3253;69;1497
397;puffer;4750;;0.7018947368421052;0.9460839954597049;0.7018947368421052;0.8058979937152527;3334;190;1416
861;toilet_seat;4750;;0.7749473684210526;0.8388787602552416;0.7749473684210526;0.8056467498358503;3681;707;1069
382;squirrel_monkey;4750;;0.8705263157894737;0.7489585220068828;0.8705263157894737;0.8051796319735177;4135;1386;615
813;spatula;4750;;0.776;0.8365864729913755;0.776;0.8051550895587593;3686;720;1064
931;bagel;4750;;0.7526315789473684;0.8651984511132623;0.7526315789473684;0.8049988741274487;3575;557;1175
361;skunk;4750;;0.8258947368421052;0.7849139655862345;0.8258947368421052;0.8048830529339351;3923;1075;827
413;assault_rifle;4750;;0.7968421052631579;0.8124060957286972;0.7968421052631579;0.8045488362206398;3785;874;965
705;passenger_car;4750;;0.6905263157894737;0.9632892804698973;0.6905263157894737;0.8044144696505211;3280;125;1470
833;submarine;4750;;0.752421052631579;0.8637022716288062;0.752421052631579;0.8042304230423043;3574;564;1176
962;meat_loaf;4750;;0.7494736842105263;0.8670238675109596;0.7494736842105263;0.8039747064137308;3560;546;1190
271;red_wolf;4750;;0.7751578947368422;0.834920634920635;0.7751578947368422;0.8039301310043668;3682;728;1068
459;brassiere;4750;;0.7698947368421053;0.8401102687801516;0.7698947368421053;0.8034713830605295;3657;696;1093
914;yawl;4750;;0.6804210526315789;0.9799878714372346;0.6804210526315789;0.8031809145129224;3232;66;1518
115;sea_slug;4750;;0.7804210526315789;0.8261644751504346;0.7804210526315789;0.8026415502868895;3707;780;1043
437;beacon;4750;;0.8044210526315789;0.8007124895222129;0.8044210526315789;0.8025624868725058;3821;951;929
104;wallaby;4750;;0.7578947368421053;0.8526764566556134;0.7578947368421053;0.8024966562639322;3600;622;1150
879;umbrella;4750;;0.7997894736842105;0.8050434414070777;0.7997894736842105;0.8024078572182913;3799;920;951
508;computer_keyboard;4750;;0.7941052631578948;0.8101374570446735;0.7941052631578948;0.8020412502657878;3772;884;978
839;suspension_bridge;4750;;0.7745263157894737;0.8310368195166027;0.7745263157894737;0.8017870763866187;3679;748;1071
381;spider_monkey;4750;;0.6903157894736842;0.9559766763848396;0.6903157894736842;0.8017114914425428;3279;151;1471
889;violin;4750;;0.7212631578947368;0.9013417521704814;0.7212631578947368;0.8013097883288504;3426;375;1324
109;brain_coral;4750;;0.7976842105263158;0.804629433000637;0.7976842105263158;0.8011417697431018;3789;920;961
941;acorn_squash;4750;;0.7844210526315789;0.8181818181818182;0.7844210526315789;0.8009458297506449;3726;828;1024
971;bubble;4750;;0.8244210526315789;0.7783740806996621;0.8244210526315789;0.8007361210510172;3916;1115;834
60;night_snake;4750;;0.6745263157894736;0.9834254143646409;0.6745263157894736;0.8001998001998001;3204;54;1546
689;overskirt;4750;;0.764;0.8398518861374682;0.764;0.8001322897144747;3629;692;1121
606;iron;4750;;0.7964210526315789;0.8033552771289021;0.7964210526315789;0.799873136695211;3783;926;967
272;coyote;4750;;0.7682105263157895;0.8342478280749885;0.7682105263157895;0.7998684787373959;3649;725;1101
450;bobsled;4750;;0.7922105263157895;0.8071643071643072;0.7922105263157895;0.799617509562261;3763;899;987
929;ice_lolly;4750;;0.7724210526315789;0.8280297901150981;0.7724210526315789;0.7992593399411829;3669;762;1081
240;Appenzeller;4750;;0.7433684210526316;0.8626924016613731;0.7433684210526316;0.7985977609408571;3531;562;1219
359;black-footed_ferret;4750;;0.7402105263157894;0.8668639053254438;0.7402105263157894;0.798546445605269;3516;540;1234
257;Great_Pyrenees;4750;;0.6816842105263158;0.9636904761904762;0.6816842105263158;0.7985203452527744;3238;122;1512
546;electric_guitar;4750;;0.7530526315789474;0.8488372093023255;0.7530526315789474;0.7980812137438643;3577;637;1173
468;cab;4750;;0.8128421052631579;0.7834821428571429;0.8128421052631579;0.7978921264724116;3861;1067;889
410;apiary;4750;;0.772;0.8244154676258992;0.772;0.7973472494020438;3667;781;1083
375;colobus;4750;;0.8416842105263158;0.7569102612646724;0.8416842105263158;0.7970494417862838;3998;1284;752
123;spiny_lobster;4750;;0.7170526315789474;0.8953732912723449;0.7170526315789474;0.7963525835866261;3406;398;1344
959;carbonara;4750;;0.7090526315789474;0.9053763440860215;0.7090526315789474;0.7952774498229044;3368;352;1382
853;thatch;4750;;0.8027368421052632;0.7878099173553719;0.8027368421052632;0.7952033368091762;3813;1027;937
222;kuvasz;4750;;0.7334736842105263;0.8677459526774596;0.7334736842105263;0.7949800342270393;3484;531;1266
67;diamondback;4750;;0.7067368421052631;0.9080335407086827;0.7067368421052631;0.7948384041671599;3357;340;1393
909;wok;4750;;0.7585263157894737;0.834414080592867;0.7585263157894737;0.7946625496250551;3603;715;1147
199;Scotch_terrier;4750;;0.7467368421052631;0.847753346080306;0.7467368421052631;0.7940452205059324;3547;637;1203
170;Irish_wolfhound;4750;;0.7509473684210526;0.8408769448373409;0.7509473684210526;0.7933718861209965;3567;675;1183
754;radio;4750;;0.8235789473684211;0.7652582159624414;0.8235789473684211;0.7933482052322045;3912;1200;838
577;gong;4750;;0.9027368421052632;0.7075907590759076;0.9027368421052632;0.7933395004625348;4288;1772;462
149;dugong;4750;;0.7614736842105263;0.8276887871853547;0.7614736842105263;0.793201754385965;3617;753;1133
818;spotlight;4750;;0.7953684210526316;0.7883973288814691;0.7953684210526316;0.7918675330119472;3778;1014;972
734;police_van;4750;;0.7010526315789474;0.9090909090909091;0.7010526315789474;0.7916319980981814;3330;333;1420
777;scabbard;4750;;0.8707368421052631;0.7239628916506214;0.8707368421052631;0.7905954315205964;4136;1577;614
496;Christmas_stocking;4750;;0.8305263157894737;0.7538696732275941;0.8305263157894737;0.790343584092958;3945;1288;805
33;loggerhead;4750;;0.7536842105263157;0.8302411873840445;0.7536842105263157;0.7901125579342307;3580;732;1170
925;consomme;4750;;0.7854736842105263;0.7938297872340425;0.7854736842105263;0.7896296296296296;3731;969;1019
333;hamster;4750;;0.8170526315789474;0.7627751572327044;0.8170526315789474;0.78898150030494;3881;1207;869
386;African_elephant;4750;;0.7054736842105264;0.8933617701946148;0.7054736842105264;0.7883778379014234;3351;400;1399
319;dragonfly;4750;;0.7296842105263158;0.8562252964426877;0.7296842105263158;0.7879063423505341;3466;582;1284
460;breakwater;4750;;0.72;0.8686817373634748;0.72;0.7873834465292967;3420;517;1330
536;dock;4750;;0.7025263157894737;0.8917691074291823;0.7025263157894737;0.7859161563824777;3337;405;1413
527;desktop_computer;4750;;0.7126315789473684;0.8746770025839793;0.7126315789473684;0.7853828306264501;3385;485;1365
365;orangutan;4750;;0.852;0.7277468081280345;0.852;0.7849869071865;4047;1514;703
101;tusker;4750;;0.7347368421052631;0.8425881216803477;0.7347368421052631;0.7849752586594692;3490;652;1260
266;miniature_poodle;4750;;0.7349473684210527;0.8422195416164053;0.7349473684210527;0.7849353569421024;3491;654;1259
923;plate;4750;;0.6930526315789474;0.904147212304312;0.6930526315789474;0.7846502204743177;3292;349;1458
696;paintbrush;4750;;0.8162105263157895;0.755161667315933;0.8162105263157895;0.7845002023472278;3877;1257;873
28;spotted_salamander;4750;;0.8018947368421052;0.767479347169051;0.8018947368421052;0.7843096880469475;3809;1154;941
926;hot_pot;4750;;0.7856842105263158;0.7827181208053692;0.7856842105263158;0.78419836100021;3732;1036;1018
985;daisy;4750;;0.9484210526315789;0.6672097156398105;0.9484210526315789;0.7833420274734828;4505;2247;245
411;apron;4750;;0.7957894736842105;0.7711138310893513;0.7957894736842105;0.7832573559883962;3780;1122;970
885;velvet;4750;;0.8210526315789474;0.7485604606525912;0.8210526315789474;0.7831325301204819;3900;1310;850
965;burrito;4750;;0.6671578947368421;0.9434355462935398;0.6671578947368421;0.7816006905907017;3169;190;1581
742;printer;4750;;0.6757894736842105;0.9258725122584367;0.6757894736842105;0.7813070463672873;3210;257;1540
310;ant;4750;;0.8044210526315789;0.7593402225755167;0.8044210526315789;0.7812308321406665;3821;1211;929
238;Greater_Swiss_Mountain_dog;4750;;0.655157894736842;0.9661595777708786;0.655157894736842;0.7808305106009283;3112;109;1638
857;throne;4750;;0.8109473684210526;0.7526377491207503;0.8109473684210526;0.7807053100932307;3852;1266;898
405;airship;4750;;0.7507368421052631;0.8123006833712985;0.7507368421052631;0.7803063457330416;3566;824;1184
181;Bedlington_terrier;4750;;0.7968421052631579;0.763566673391164;0.7968421052631579;0.7798495930771608;3785;1172;965
894;wardrobe;4750;;0.7736842105263158;0.7845858240819812;0.7736842105263158;0.7790968836124655;3675;1009;1075
241;EntleBucher;4750;;0.8738947368421053;0.7028445648493058;0.8738947368421053;0.7790915915915916;4151;1755;599
955;jackfruit;4750;;0.8105263157894737;0.7499026100506427;0.8105263157894737;0.7790368271954674;3850;1284;900
441;beer_glass;4750;;0.796;0.7622983870967742;0.796;0.7787847579814624;3781;1179;969
864;tow_truck;4750;;0.7452631578947368;0.8126721763085399;0.7452631578947368;0.7775093345047223;3540;816;1210
621;lawn_mower;4750;;0.8378947368421052;0.7233733187931661;0.8378947368421052;0.7764338665626219;3980;1522;770
153;Maltese_dog;4750;;0.6913684210526316;0.8842218632202478;0.6913684210526316;0.7759924385633271;3284;430;1466
700;paper_towel;4750;;0.7370526315789474;0.818755846585594;0.7370526315789474;0.7757589186793707;3501;775;1249
399;abaya;4750;;0.8225263157894737;0.7338467317806161;0.8225263157894737;0.7756601151479054;3907;1417;843
285;Egyptian_cat;4750;;0.6522105263157895;0.9564680456931152;0.6522105263157895;0.7755664038052322;3098;141;1652
526;desk;4750;;0.747578947368421;0.8053980494443185;0.747578947368421;0.7754121628998799;3551;858;1199
431;bassinet;4750;;0.7141052631578947;0.8473644766425181;0.7141052631578947;0.7750485547812179;3392;611;1358
599;honeycomb;4750;;0.8218947368421052;0.7320457528595538;0.8218947368421052;0.7743727065357533;3904;1429;846
817;sports_car;4750;;0.7732631578947369;0.7750580291200675;0.7732631578947369;0.7741595531668247;3673;1066;1077
876;tub;4750;;0.6701052631578948;0.9143924159724217;0.6701052631578948;0.7734175677317457;3183;298;1567
182;Border_terrier;4750;;0.8006315789473685;0.7470045177764683;0.8006315789473685;0.7728889340514176;3803;1288;947
68;sidewinder;4750;;0.7282105263157894;0.8225921521997622;0.7282105263157894;0.7725293132328307;3459;746;1291
106;wombat;4750;;0.7035789473684211;0.8542944785276073;0.7035789473684211;0.7716462710690372;3342;570;1408
692;packet;4750;;0.796;0.7464955577492596;0.796;0.7704533876719308;3781;1284;969
936;head_cabbage;4750;;0.764421052631579;0.7753576767029682;0.764421052631579;0.7698505247535249;3631;1052;1119
916;web_site;4750;;0.7397894736842106;0.8000910746812386;0.7397894736842106;0.768759571209801;3514;878;1236
462;broom;4750;;0.7637894736842106;0.7730662689111443;0.7637894736842106;0.7683998729217411;3628;1065;1122
803;snowplow;4750;;0.8014736842105263;0.7379337080829618;0.8014736842105263;0.7683923705722071;3807;1352;943
782;screen;4750;;0.6566315789473685;0.9238744075829384;0.6566315789473685;0.7676593650012306;3119;257;1631
183;Kerry_blue_terrier;4750;;0.8082105263157895;0.7304033485540334;0.8082105263157895;0.7673395962422547;3839;1417;911
2;great_white_shark;4750;;0.7793684210526316;0.7550479298388741;0.7793684210526316;0.7670154356158706;3702;1201;1048
454;bookshop;4750;;0.7985263157894736;0.7369341363901302;0.7985263157894736;0.7664948974436698;3793;1354;957
963;pizza;4750;;0.8235789473684211;0.7167460608281422;0.8235789473684211;0.7664576802507838;3912;1546;838
728;plastic_bag;4750;;0.7351578947368421;0.7998167659184608;0.7351578947368421;0.7661254936375604;3492;874;1258
594;harp;4750;;0.8233684210526315;0.7155140870837907;0.8233684210526315;0.7656617071260767;3911;1555;839
903;wig;4750;;0.844842105263158;0.6990071416129594;0.844842105263158;0.7650366981222;4013;1728;737
743;prison;4750;;0.8149473684210526;0.720320059545962;0.8149473684210526;0.7647175029632556;3871;1503;879
657;missile;4750;;0.7848421052631579;0.7441117764471058;0.7848421052631579;0.7639344262295082;3728;1282;1022
191;Airedale;4750;;0.788;0.7379731861198738;0.788;0.7621665648544085;3743;1329;1007
927;trifle;4750;;0.844421052631579;0.6938245978204463;0.844421052631579;0.7617510207957459;4011;1770;739
617;lab_coat;4750;;0.7745263157894737;0.7479162431388494;0.7745263157894737;0.7609887268590342;3679;1240;1071
66;horned_viper;4750;;0.6955789473684211;0.8383658969804618;0.6955789473684211;0.7603267748245313;3304;637;1446
394;sturgeon;4750;;0.6698947368421052;0.8787627727147197;0.6698947368421052;0.7602436984828574;3182;439;1568
799;sliding_door;4750;;0.7450526315789474;0.7733828671328671;0.7450526315789474;0.7589534634355566;3539;1037;1211
510;container_ship;4750;;0.8018947368421052;0.7185436710054707;0.8018947368421052;0.7579345338772261;3809;1492;941
664;monitor;4750;;0.6783157894736842;0.8566870513161393;0.6783157894736842;0.7571378216425803;3222;539;1528
710;pencil_sharpener;4750;;0.7903157894736842;0.7248503572118169;0.7903157894736842;0.7561687984691308;3754;1425;996
549;envelope;4750;;0.7463157894736843;0.7648327939590076;0.7463157894736843;0.75546084176878;3545;1090;1205
946;cardoon;4750;;0.9164210526315789;0.6422248450870464;0.9164210526315789;0.7552047189451769;4353;2425;397
979;valley;4750;;0.788;0.7228659714175357;0.788;0.7540290088638195;3743;1435;1007
430;basketball;4750;;0.78;0.7294743059657413;0.78;0.7538915454267983;3705;1374;1045
673;mouse;4750;;0.6770526315789474;0.8498942917547568;0.6770526315789474;0.7536911178814154;3216;568;1534
395;gar;4750;;0.768;0.7390599675850892;0.768;0.7532521164567417;3648;1288;1102
81;ptarmigan;4750;;0.7629473684210526;0.7436897188590191;0.7629473684210526;0.7531954691884029;3624;1249;1126
713;photocopier;4750;;0.7829473684210526;0.7243864433190494;0.7829473684210526;0.7525293403480371;3719;1415;1031
860;tobacco_shop;4750;;0.8075789473684211;0.7023068473086781;0.8075789473684211;0.7512730121425774;3836;1626;914
369;siamang;4750;;0.8042105263157895;0.7047970479704797;0.8042105263157895;0.7512291052114061;3820;1600;930
648;medicine_chest;4750;;0.7071578947368421;0.8003335715987611;0.7071578947368421;0.7508662121381469;3359;838;1391
59;vine_snake;4750;;0.8132631578947368;0.6964124752118263;0.8132631578947368;0.7503156259104593;3863;1684;887
73;barn_spider;4750;;0.7037894736842105;0.8032196059586737;0.7037894736842105;0.7502244165170556;3343;819;1407
788;shoe_shop;4750;;0.7292631578947368;0.7713204186150078;0.7292631578947368;0.7497024131587491;3464;1027;1286
975;lakeside;4750;;0.7176842105263158;0.7845799769850402;0.7176842105263158;0.7496426608026389;3409;936;1341
58;water_snake;4750;;0.7214736842105263;0.7776265032902201;0.7214736842105263;0.748498416511958;3427;980;1323
978;seashore;4750;;0.7004210526315789;0.8034291234001449;0.7004210526315789;0.7483972556517828;3327;814;1423
598;home_theater;4750;;0.7442105263157894;0.751967666453946;0.7442105263157894;0.7480689874087398;3535;1166;1215
797;sleeping_bag;4750;;0.7877894736842105;0.7103264996203493;0.7877894736842105;0.7470553004591733;3742;1526;1008
480;cash_machine;4750;;0.7663157894736842;0.7278544291141772;0.7663157894736842;0.7465900933237617;3640;1361;1110
548;entertainment_center;4750;;0.8326315789473684;0.6758373205741627;0.8326315789473684;0.7460856442180721;3955;1897;795
334;porcupine;4750;;0.788;0.7079629279364479;0.788;0.7458403905549467;3743;1544;1007
824;stole;4750;;0.8103157894736842;0.6879356568364611;0.8103157894736842;0.7441275978733687;3849;1746;901
419;Band_Aid;4750;;0.7768421052631579;0.7133191571621883;0.7768421052631579;0.7437266955557795;3690;1483;1060
615;knee_pad;4750;;0.8246315789473684;0.6747631352282515;0.8246315789473684;0.7422074846044528;3917;1888;833
446;binder;4750;;0.8023157894736842;0.6893994211287988;0.8023157894736842;0.7415839657520918;3811;1717;939
976;promontory;4750;;0.7178947368421053;0.7668090847762536;0.7178947368421053;0.7415461563553333;3410;1037;1340
483;castle;4750;;0.7837894736842105;0.7024528301886792;0.7837894736842105;0.7408955223880597;3723;1577;1027
735;poncho;4750;;0.8290526315789474;0.6691588785046729;0.8290526315789474;0.7405735778091209;3938;1947;812
455;bottlecap;4750;;0.8471578947368421;0.657516339869281;0.8471578947368421;0.7403863845446182;4024;2096;726
5;electric_ray;4750;;0.8105263157894737;0.6812953459564679;0.8105263157894737;0.740313431400827;3850;1801;900
591;handkerchief;4750;;0.7745263157894737;0.7075;0.7745263157894737;0.739497487437186;3679;1521;1071
956;custard_apple;4750;;0.8029473684210526;0.6849856321839081;0.8029473684210526;0.7392905601860825;3814;1754;936
760;refrigerator;4750;;0.7642105263157895;0.7131630648330058;0.7642105263157895;0.7378048780487805;3630;1460;1120
633;loupe;4750;;0.7793684210526316;0.6988861619784784;0.7793684210526316;0.7369363989250522;3702;1595;1048
112;conch;4750;;0.783157894736842;0.6946778711484594;0.783157894736842;0.7362691736763979;3720;1635;1030
784;screwdriver;4750;;0.8052631578947368;0.6779510811768876;0.8052631578947368;0.7361431870669746;3825;1817;925
332;Angora;4750;;0.7785263157894737;0.6953742008273787;0.7785263157894737;0.7346046881207787;3698;1620;1052
722;ping-pong_ball;4750;;0.836421052631579;0.651525090193506;0.836421052631579;0.732485250737463;3973;2125;777
678;neck_brace;4750;;0.7993684210526316;0.6745425475217623;0.7993684210526316;0.7316697176992003;3797;1832;953
258;Samoyed;4750;;0.7917894736842105;0.6791260382809678;0.7917894736842105;0.7311430793157075;3761;1777;989
385;Indian_elephant;4750;;0.6907368421052632;0.7754667927203971;0.6907368421052632;0.7306536020487696;3281;950;1469
282;tiger_cat;4750;;0.6202105263157894;0.8846846846846846;0.6202105263157894;0.7292079207920791;2946;384;1804
887;vestment;4750;;0.7934736842105263;0.6737575974258134;0.7934736842105263;0.7287316318638826;3769;1825;981
3;tiger_shark;4750;;0.5970526315789474;0.9335088874259381;0.5970526315789474;0.7282999486389317;2836;202;1914
714;pick;4750;;0.8785263157894737;0.6190476190476191;0.8785263157894737;0.726307545035245;4173;2568;577
970;alp;4750;;0.7082105263157895;0.7444124806373091;0.7082105263157895;0.7258603948646025;3364;1155;1386
509;confectionery;4750;;0.7898947368421053;0.6701196642257546;0.7898947368421053;0.7250942120011595;3752;1847;998
911;wool;4750;;0.8292631578947368;0.640383677450821;0.8292631578947368;0.7226859921108156;3939;2212;811
78;tick;4750;;0.8578947368421053;0.6238518064911206;0.8578947368421053;0.7223896472256692;4075;2457;675
259;Pomeranian;4750;;0.8218947368421052;0.6410509031198687;0.8218947368421052;0.7202952029520294;3904;2186;846
221;Irish_water_spaniel;4750;;0.8402105263157895;0.6292967518133081;0.8402105263157895;0.7196177425171295;3991;2351;759
281;tabby;4750;;0.8218947368421052;0.6356235753826115;0.8218947368421052;0.7168564083731179;3904;2238;846
741;prayer_rug;4750;;0.8267368421052631;0.6317567567567568;0.8267368421052631;0.7162137515958418;3927;2289;823
77;wolf_spider;4750;;0.8077894736842105;0.642498325519089;0.8077894736842105;0.7157246782316732;3837;2135;913
812;space_shuttle;4750;;0.7726315789473684;0.666182610274097;0.7726315789473684;0.7154693439906424;3670;1839;1080
206;curly-coated_retriever;4750;;0.787578947368421;0.6511749347258485;0.787578947368421;0.7129109099571224;3741;2004;1009
999;toilet_tissue;4750;;0.7138947368421052;0.6997523730912092;0.7138947368421052;0.7067528136723633;3391;1455;1359
188;wire-haired_fox_terrier;4750;;0.783578947368421;0.6405093787644123;0.783578947368421;0.7048574945554398;3722;2089;1028
940;spaghetti_squash;4750;;0.7037894736842105;0.7001047120418848;0.7037894736842105;0.7019422572178478;3343;1432;1407
469;caldron;4750;;0.771578947368421;0.6368375325803649;0.771578947368421;0.6977629700142789;3665;2090;1085
973;coral_reef;4750;;0.8077894736842105;0.6111819050653075;0.8077894736842105;0.6958650707290533;3837;2441;913
717;pickup;4750;;0.7945263157894736;0.616969102501226;0.7945263157894736;0.6945799208613231;3774;2343;976
896;washbasin;4750;;0.796;0.6073895582329317;0.796;0.6890205011389522;3781;2444;969
116;chiton;4750;;0.7901052631578948;0.6103431452268662;0.7901052631578948;0.6886870355078447;3753;2396;997
819;stage;4750;;0.7766315789473685;0.6166833834837847;0.7766315789473685;0.6874767051807679;3689;2293;1061
357;mink;4750;;0.7787368421052632;0.6129246064623032;0.7787368421052632;0.6859527121001391;3699;2336;1051
814;speedboat;4750;;0.8385263157894737;0.5801048645499564;0.8385263157894737;0.6857782369146006;3983;2883;767
200;Tibetan_terrier;4750;;0.7867368421052632;0.6036181553868519;0.7867368421052632;0.6831185449227677;3737;2454;1013
935;mashed_potato;4750;;0.7275789473684211;0.6436952877630844;0.7275789473684211;0.6830714497479988;3456;1913;1294
552;feather_boa;4750;;0.7574736842105263;0.6209872281670694;0.7574736842105263;0.6824734446130502;3598;2196;1152
309;bee;4750;;0.7597894736842106;0.616185760628308;0.7597894736842106;0.6804940133873856;3609;2248;1141
74;garden_spider;4750;;0.608;0.7713675213675214;0.608;0.6800094184129974;2888;856;1862
34;leatherback_turtle;4750;;0.7492631578947369;0.6201428820351977;0.7492631578947369;0.6786156926303747;3559;2180;1191
476;carousel;4750;;0.8191578947368421;0.5791040333382944;0.8191578947368421;0.6785247188072194;3891;2828;859
697;pajama;4750;;0.7966315789473685;0.5897755610972568;0.7966315789473685;0.6777718072720759;3784;2632;966
723;pinwheel;4750;;0.8431578947368421;0.565438373570521;0.8431578947368421;0.6769204766331446;4005;3078;745
314;cockroach;4750;;0.7886315789473685;0.5877922485485643;0.7886315789473685;0.673559291558033;3746;2627;1004
865;toyshop;4750;;0.7490526315789474;0.6092465753424657;0.7490526315789474;0.6719546742209632;3558;2282;1192
794;shower_curtain;4750;;0.7492631578947369;0.6085841313269493;0.7492631578947369;0.6716361577656161;3559;2289;1191
904;window_screen;4750;;0.8551578947368421;0.550704989154013;0.8551578947368421;0.6699653636813458;4062;3314;688
251;dalmatian;4750;;0.8507368421052631;0.5525020508613617;0.8507368421052631;0.6699270557029178;4041;3273;709
168;redbone;4750;;0.8288421052631579;0.560986035907666;0.8288421052631579;0.6691026512576479;3937;3081;813
751;racer;4750;;0.7842105263157895;0.5813046192259675;0.7842105263157895;0.6676823803549022;3725;2683;1025
530;digital_clock;4750;;0.8526315789473684;0.5396402398401066;0.8526315789473684;0.6609547123623011;4050;3455;700
565;freight_car;4750;;0.856;0.5363408521303258;0.856;0.6594761171032357;4066;3515;684
296;ice_bear;4750;;0.7757894736842105;0.5655310006138735;0.7757894736842105;0.6541807207527073;3685;2831;1065
620;laptop;4750;;0.8126315789473684;0.5464326160815403;0.8126315789473684;0.6534619942441172;3860;3204;890
327;starfish;4750;;0.8629473684210527;0.5195842312080111;0.8629473684210527;0.6486272648152543;4099;3790;651
815;spider_web;4750;;0.7067368421052631;0.5992502677615138;0.7067368421052631;0.6485703245749613;3357;2245;1393
408;amphibian;4750;;0.7785263157894737;0.5528479593362237;0.7785263157894737;0.6465600139872367;3698;2991;1052
69;trilobite;4750;;0.8103157894736842;0.5352523988318731;0.8103157894736842;0.6446696256594925;3849;3342;901
980;volcano;4750;;0.7482105263157894;0.5588929076898883;0.7482105263157894;0.6398415698982807;3554;2805;1196
627;limousine;4750;;0.7972631578947369;0.53248031496063;0.7972631578947369;0.6385095262181757;3787;3325;963
715;pickelhaube;4750;;0.8086315789473684;0.526525017135024;0.8086315789473684;0.6377750103777501;3841;3454;909
928;ice_cream;4750;;0.7397894736842106;0.549663694666041;0.7397894736842106;0.6307098626940681;3514;2879;1236
525;dam;4750;;0.756421052631579;0.5334818114328137;0.756421052631579;0.6256856769699609;3593;3142;1157
905;window_shade;4750;;0.7854736842105263;0.5197102660537679;0.7854736842105263;0.6255344119372956;3731;3448;1019
669;mosquito_net;4750;;0.7178947368421053;0.5387045813586098;0.7178947368421053;0.6155234657039711;3410;2920;1340
880;unicycle;4750;;0.7953684210526316;0.5001985965841388;0.7953684210526316;0.6141591481752419;3778;3775;972
6;stingray;4750;;0.7490526315789474;0.49651130337705834;0.7490526315789474;0.5971802618328299;3558;3608;1192
533;dishrag;4750;;0.860421052631579;0.4324867724867725;0.860421052631579;0.5756338028169015;4087;5363;663
107;jellyfish;4750;;0.8336842105263158;0.43416292073237583;0.8336842105263158;0.570975416336241;3960;5161;790
950;orange;4750;;0.7703157894736842;0.4458932488423105;0.7703157894736842;0.5648348255634454;3659;4547;1091
103;platypus;4750;;0.7743157894736842;0.4443102198598695;0.7743157894736842;0.5646300276327909;3678;4600;1072
539;doormat;4750;;0.7709473684210526;0.44323408375695955;0.7709473684210526;0.5628650476483246;3662;4600;1088
329;sea_cucumber;4750;;0.7964210526315789;0.43293659876401924;0.7964210526315789;0.5609430604982206;3783;4955;967
358;polecat;4750;;0.8162105263157895;0.4267473858007705;0.8162105263157895;0.5604625948680881;3877;5208;873
712;Petri_dish;4750;;0.8307368421052631;0.4175661375661376;0.8307368421052631;0.555774647887324;3946;5504;804
4;hammerhead;4750;;0.7991578947368421;0.42599034900684546;0.7991578947368421;0.5557426249908498;3796;5115;954
841;sweatshirt;4750;;0.7901052631578948;0.4217327789639285;0.7901052631578948;0.5499303978313429;3753;5146;997
972;cliff;4750;;0.6865263157894737;0.4560839160839161;0.6865263157894737;0.5480672268907563;3261;3889;1489
111;nematode;4750;;0.8410526315789474;0.39425639001282936;0.8410526315789474;0.5368541288718672;3995;6138;755
283;Persian_cat;4750;;0.7452631578947368;0.4181431608788094;0.7452631578947368;0.5357142857142857;3540;4926;1210
671;mountain_bike;4750;;0.7964210526315789;0.3977917981072555;0.7964210526315789;0.5305750350631137;3783;5727;967
996;hen-of-the-woods;4750;;0.7694736842105263;0.4002847442777352;0.7694736842105263;0.5266191196599668;3655;5476;1095
550;espresso_maker;4750;;0.8181052631578948;0.3778685336444963;0.8181052631578948;0.5169615538113609;3886;6398;864
701;parachute;4750;;0.8726315789473684;0.3643635724331927;0.8726315789473684;0.514076646409525;4145;7231;605
862;torch;4750;;0.7943157894736842;0.37643420133692507;0.7943157894736842;0.5107967237527922;3773;6250;977
989;hip;4750;;0.9006315789473684;0.3341404358353511;0.9006315789473684;0.48743804477867037;4278;8525;472
562;fountain;4750;;0.8246315789473684;0.33060432140445645;0.8246315789473684;0.47198457645499453;3917;7931;833
374;langur;4750;;0.772;0.3232260907888938;0.772;0.45566946256601437;3667;7678;1083
646;maze;4750;;0.8785263157894737;0.3057590855803048;0.8785263157894737;0.4536362648113926;4173;9475;577
265;toy_poodle;4750;;0.7633684210526316;0.3180980787788403;0.7633684210526316;0.4490680537494582;3626;7773;1124
644;matchstick;4750;;0.8166315789473684;0.30574603925277843;0.8166315789473684;0.4449159832540001;3879;8808;871
677;nail;4750;;0.8134736842105263;0.25925925925925924;0.8134736842105263;0.3932024015467589;3864;11040;886
108;sea_anemone;4750;;0.8275789473684211;0.2554754013127965;0.8275789473684211;0.3904255847445001;3931;11456;819
977;sandbar;4750;;0.7408421052631579;0.24923861463276437;0.7408421052631579;0.3729927394138534;3519;10600;1231
680;nipple;4750;;0.7717894736842106;0.2218725413060582;0.7717894736842106;0.3446622479198984;3666;12857;1084
50;American_alligator;4750;;0.7437894736842106;0.22188029893864222;0.7437894736842106;0.34179848111062744;3533;12390;1217
119;rock_crab;4750;;0.76;0.15868131868131868;0.76;0.2625454545454545;3610;19140;1140
611;jigsaw_puzzle;4750;;0.791578947368421;0.1539910717942417;0.791578947368421;0.25782562485000166;3760;20657;990
328;sea_urchin;4750;;0.856421052631579;0.1208304868268631;0.856421052631579;0.21178124267902232;4068;29599;682
603;horse_cart;4750;;0.7949473684210526;0.10261148400771761;0.7949473684210526;0.18176129389395657;3776;33023;974
974;geyser;4750;;0.7402105263157894;0.07038475397365576;0.7402105263157894;0.1285463585843814;3516;46438;1234
297;sloth_bear;4750;;0.84;0.06219603441825664;0.84;0.11581666715044557;3990;60162;760
