class_idx;class_label;support;base_accuracy;overall_accuracy;precision;recall;f1;tp;fp;fn
986;yellow_lady's_slipper;4750;;0.9861052631578947;0.9685690653432589;0.9861052631578947;0.9772585019820572;4684;152;66
100;black_swan;4750;;0.9627368421052631;0.9802786709539121;0.9627368421052631;0.9714285714285714;4573;92;177
129;spoonbill;4750;;0.9541052631578948;0.9875789932447157;0.9541052631578948;0.9705535924617197;4532;57;218
135;limpkin;4750;;0.9629473684210527;0.9777682770414707;0.9629473684210527;0.9703012303775986;4574;104;176
136;European_gallinule;4750;;0.9532631578947368;0.9864923747276688;0.9532631578947368;0.969593147751606;4528;62;222
376;proboscis_monkey;4750;;0.9692631578947368;0.9684476230542701;0.9692631578947368;0.968855218855219;4604;150;146
255;Leonberg;4750;;0.9593684210526315;0.9758029978586724;0.9593684210526315;0.967515923566879;4557;113;193
9;ostrich;4750;;0.9576842105263158;0.9584913611462283;0.9576842105263158;0.9580876158382476;4549;197;201
339;sorrel;4750;;0.9585263157894737;0.9573170731707317;0.9585263157894737;0.9579213128550389;4553;203;197
90;lorikeet;4750;;0.9623157894736842;0.9491279069767442;0.9623157894736842;0.9556763537528749;4571;245;179
247;Saint_Bernard;4750;;0.9303157894736842;0.9796054090002216;0.9303157894736842;0.9543245869776481;4419;92;331
88;macaw;4750;;0.9332631578947368;0.9700218818380744;0.9332631578947368;0.9512875536480686;4433;137;317
139;ruddy_turnstone;4750;;0.9391578947368421;0.963498920086393;0.9391578947368421;0.9511727078891258;4461;169;289
0;tench;4750;;0.9317894736842105;0.9706140350877193;0.9317894736842105;0.9508055853920515;4426;134;324
685;odometer;4750;;0.9738947368421053;0.9253850770154031;0.9738947368421053;0.9490204123499846;4626;373;124
275;African_hunting_dog;4750;;0.9606315789473684;0.9358080393765381;0.9606315789473684;0.9480573446914606;4563;313;187
19;chickadee;4750;;0.9048421052631579;0.991693585602215;0.9048421052631579;0.9462791721708498;4298;36;452
340;zebra;4750;;0.9174736842105263;0.9769110065007846;0.9174736842105263;0.9462599066333731;4358;103;392
253;basenji;4750;;0.9174736842105263;0.9760358342665174;0.9174736842105263;0.945849158979924;4358;107;392
915;yurt;4750;;0.9178947368421052;0.9727800089245873;0.9178947368421052;0.9445407279029462;4360;122;390
145;king_penguin;4750;;0.9117894736842105;0.9765501691093574;0.9117894736842105;0.9430593358737072;4331;104;419
91;coucal;4750;;0.9092631578947369;0.9791430514622534;0.9092631578947369;0.9429101626459994;4319;92;431
13;junco;4750;;0.9067368421052632;0.9804234008650126;0.9067368421052632;0.9421415290386089;4307;86;443
15;robin;4750;;0.8968421052631579;0.992081974848626;0.8968421052631579;0.9420610349402919;4260;34;490
25;European_fire_salamander;4750;;0.9418947368421052;0.9393239554902373;0.9418947368421052;0.9406075896142121;4474;289;276
625;lifeboat;4750;;0.9345263157894736;0.9446690785273463;0.9345263157894736;0.939570324902106;4439;260;311
351;hartebeest;4750;;0.9254736842105263;0.9537860707311782;0.9254736842105263;0.9394166043380703;4396;213;354
430;basketball;4750;;0.9096842105263158;0.9697037701974865;0.9096842105263158;0.9387356072126873;4321;135;429
143;oystercatcher;4750;;0.8947368421052632;0.984251968503937;0.8947368421052632;0.937362152624614;4250;68;500
594;harp;4750;;0.9347368421052632;0.9386892177589852;0.9347368421052632;0.9367088607594936;4440;290;310
84;peacock;4750;;0.9016842105263158;0.9738517507958163;0.9016842105263158;0.9363795365107127;4283;115;467
900;water_tower;4750;;0.8888421052631579;0.9889903958772547;0.8888421052631579;0.9362457035148022;4222;47;528
576;gondola;4750;;0.9208421052631579;0.9504563233376793;0.9208421052631579;0.935414884516681;4374;228;376
260;chow;4750;;0.9298947368421052;0.9409884959522795;0.9298947368421052;0.9354087251164761;4417;277;333
87;African_grey;4750;;0.9018947368421053;0.9694501018329938;0.9018947368421053;0.9344530483149743;4284;135;466
355;llama;4750;;0.8913684210526316;0.9807736854296966;0.8913684210526316;0.933936252343664;4234;83;516
388;giant_panda;4750;;0.9341052631578948;0.9335156743109615;0.9341052631578948;0.9338103756708408;4437;316;313
138;bustard;4750;;0.9063157894736842;0.9622261957979437;0.9063157894736842;0.9334345186470078;4305;169;445
24;great_grey_owl;4750;;0.9025263157894737;0.9638039568345323;0.9025263157894737;0.9321591650358775;4287;161;463
323;monarch;4750;;0.9294736842105263;0.934787211518103;0.9294736842105263;0.9321228755410114;4415;308;335
11;goldfinch;4750;;0.8833684210526316;0.9826697892271663;0.8833684210526316;0.9303769401330377;4196;74;554
216;clumber;4750;;0.9092631578947369;0.9513215859030837;0.9092631578947369;0.929817007534984;4319;221;431
291;lion;4750;;0.9682105263157895;0.8905886909372579;0.9682105263157895;0.9277788985273351;4599;565;151
387;lesser_panda;4750;;0.9269473684210526;0.9277286135693216;0.9269473684210526;0.9273378264532435;4403;343;347
284;Siamese_cat;4750;;0.96;0.8962264150943396;0.96;0.9270176865216507;4560;528;190
874;trolleybus;4750;;0.9136842105263158;0.9404117009750813;0.9136842105263158;0.9268553123331554;4340;275;410
244;Tibetan_mastiff;4750;;0.9231578947368421;0.9304052620411627;0.9231578947368421;0.92676740991229;4385;328;365
96;toucan;4750;;0.8901052631578947;0.965296803652968;0.8901052631578947;0.9261774370208105;4228;152;522
420;banjo;4750;;0.8890526315789473;0.9639351746176672;0.8890526315789473;0.9249808345197678;4223;158;527
160;Afghan_hound;4750;;0.9269473684210526;0.9211297071129707;0.9269473684210526;0.9240293809024134;4403;377;347
17;jay;4750;;0.8663157894736843;0.9894205337821592;0.8663157894736843;0.9237849365809856;4115;44;635
466;bullet_train;4750;;0.9109473684210526;0.9363774074875568;0.9109473684210526;0.9234873546046314;4327;294;423
890;volleyball;4750;;0.8993684210526316;0.9489115948467348;0.8993684210526316;0.9234760051880675;4272;230;478
993;gyromitra;4750;;0.9296842105263158;0.9171339563862928;0.9296842105263158;0.923366440146367;4416;399;334
22;bald_eagle;4750;;0.8924210526315789;0.9517287831162999;0.8924210526315789;0.9211212516297262;4239;215;511
354;Arabian_camel;4750;;0.9309473684210526;0.9113767518549052;0.9309473684210526;0.9210581128931473;4422;430;328
16;bulbul;4750;;0.880421052631579;0.9653739612188366;0.880421052631579;0.9209425236731997;4182;150;568
560;football_helmet;4750;;0.8970526315789473;0.9458379578246393;0.8970526315789473;0.9207995678011885;4261;244;489
141;redshank;4750;;0.8825263157894737;0.9623507805325987;0.8825263157894737;0.9207116187129366;4192;164;558
347;bison;4750;;0.8806315789473684;0.9644915840442703;0.8806315789473684;0.9206558820292726;4183;154;567
146;albatross;4750;;0.9098947368421053;0.9304628632938644;0.9098947368421053;0.9200638637573177;4322;323;428
694;paddlewheel;4750;;0.8972631578947369;0.9433377600708278;0.8972631578947369;0.919723780750971;4262;256;488
995;earthstar;4750;;0.9755789473684211;0.8692552991933971;0.9755789473684211;0.9193532387659954;4634;697;116
606;iron;4750;;0.8873684210526316;0.9525423728813559;0.8873684210526316;0.918801089918256;4215;210;535
321;admiral;4750;;0.8905263157894737;0.9488559892328399;0.8905263157894737;0.91876629018245;4230;228;520
12;house_finch;4750;;0.8814736842105263;0.95922107674685;0.8814736842105263;0.9187054306088864;4187;178;563
565;freight_car;4750;;0.9185263157894736;0.9177534707614641;0.9185263157894736;0.9181397306397306;4363;391;387
688;oscilloscope;4750;;0.9210526315789473;0.9145066889632107;0.9210526315789473;0.9177679882525698;4375;409;375
746;puck;4750;;0.8951578947368422;0.9413327429709984;0.8951578947368422;0.9176648322002806;4252;265;498
14;indigo_bunting;4750;;0.9393684210526316;0.8965240104480611;0.9393684210526316;0.91744628354066;4462;515;288
225;malinois;4750;;0.9016842105263158;0.9327090592334495;0.9016842105263158;0.9169342753157782;4283;309;467
604;hourglass;4750;;0.9726315789473684;0.8669544004503659;0.9726315789473684;0.9167576148427423;4620;709;130
333;hamster;4750;;0.9315789473684211;0.9023246329526917;0.9315789473684211;0.9167184586699815;4425;479;325
178;Weimaraner;4750;;0.896;0.9376514650804142;0.896;0.9163526752072343;4256;283;494
89;sulphur-crested_cockatoo;4750;;0.8646315789473684;0.973915105525255;0.8646315789473684;0.9160254265640683;4107;110;643
779;school_bus;4750;;0.9143157894736842;0.9168249947223981;0.9143157894736842;0.915568672920839;4343;394;407
984;rapeseed;4750;;0.9250526315789473;0.9048599670510709;0.9250526315789473;0.9148448886112847;4394;462;356
144;pelican;4750;;0.8741052631578947;0.9586700531055183;0.8741052631578947;0.914436736042286;4152;179;598
137;American_coot;4750;;0.8692631578947368;0.9622465625728268;0.8692631578947368;0.9133945360026545;4129;162;621
528;dial_telephone;4750;;0.8671578947368421;0.964185393258427;0.8671578947368421;0.913101307913988;4119;153;631
873;triumphal_arch;4750;;0.8943157894736842;0.932396839332748;0.8943157894736842;0.9129593810444875;4248;308;502
262;Brabancon_griffon;4750;;0.9025263157894737;0.9211431027073486;0.9025263157894737;0.9117396852403233;4287;367;463
274;dhole;4750;;0.887578947368421;0.9368888888888889;0.887578947368421;0.9115675675675675;4216;284;534
637;mailbox;4750;;0.8625263157894737;0.9665015333805143;0.8625263157894737;0.9115585715874959;4097;142;653
554;fireboat;4750;;0.8909473684210526;0.9329805996472663;0.8909473684210526;0.9114796467800991;4232;304;518
254;pug;4750;;0.8797894736842106;0.944620253164557;0.8797894736842106;0.9110529758011773;4179;245;571
157;papillon;4750;;0.9349473684210526;0.8878448620551779;0.9349473684210526;0.9107875307629204;4441;561;309
18;magpie;4750;;0.8465263157894737;0.9840920215369554;0.8465263157894737;0.9101403349932096;4021;65;729
569;garbage_truck;4750;;0.9042105263157895;0.9151928404005967;0.9042105263157895;0.9096685375410358;4295;398;455
218;Welsh_springer_spaniel;4750;;0.9153684210526316;0.9033866611261168;0.9153684210526316;0.9093380738262052;4348;465;402
279;Arctic_fox;4750;;0.9105263157894737;0.9078505457598657;0.9105263157894737;0.9091864620559177;4325;439;425
251;dalmatian;4750;;0.8934736842105263;0.9252234575975583;0.8934736842105263;0.9090714362214843;4244;343;506
755;radio_telescope;4750;;0.8808421052631579;0.9387480367960511;0.8808421052631579;0.9088736830672314;4184;273;566
83;prairie_chicken;4750;;0.8985263157894737;0.9174548581255374;0.8985263157894737;0.9078919378855563;4268;384;482
71;scorpion;4750;;0.884;0.9331111111111111;0.884;0.9078918918918919;4199;301;551
93;hornbill;4750;;0.8867368421052632;0.9300066239788033;0.8867368421052632;0.9078564500484966;4212;317;538
401;accordion;4750;;0.8711578947368421;0.9473443223443223;0.8711578947368421;0.9076551875411275;4138;230;612
990;buckeye;4750;;0.9094736842105263;0.9047120418848168;0.9094736842105263;0.9070866141732284;4320;455;430
195;Boston_bull;4750;;0.9307368421052632;0.8842;0.9307368421052632;0.9068717948717949;4421;579;329
130;flamingo;4750;;0.932;0.8829278021539689;0.932;0.9068004916018026;4427;587;323
133;bittern;4750;;0.8469473684210527;0.9738562091503268;0.8469473684210527;0.9059790564125663;4023;108;727
350;ibex;4750;;0.9176842105263158;0.8937871642403117;0.9176842105263158;0.9055780617014646;4359;518;391
325;sulphur_butterfly;4750;;0.8930526315789473;0.9173875432525952;0.8930526315789473;0.9050565393641989;4242;382;508
726;plane;4750;;0.8997894736842105;0.9072383782636383;0.8997894736842105;0.9034985730895253;4274;437;476
816;spindle;4750;;0.8587368421052631;0.9521475256769374;0.8587368421052631;0.9030329864954616;4079;205;671
609;jeep;4750;;0.852421052631579;0.9599336178283546;0.852421052631579;0.9029884032114183;4049;169;701
714;pick;4750;;0.9111578947368421;0.8947694852181104;0.9111578947368421;0.9028893293000938;4328;509;422
719;piggy_bank;4750;;0.8686315789473684;0.9396492826235482;0.8686315789473684;0.9027458702548955;4126;265;624
363;armadillo;4750;;0.8793684210526316;0.9265749778172139;0.8793684210526316;0.902354720241953;4177;331;573
317;leafhopper;4750;;0.8692631578947368;0.937343927355278;0.8692631578947368;0.90202075368651;4129;276;621
85;quail;4750;;0.9147368421052632;0.8896396396396397;0.9147368421052632;0.9020137014739464;4345;539;405
575;golfcart;4750;;0.8421052631578947;0.970873786407767;0.8421052631578947;0.9019165727170236;4000;120;750
92;bee_eater;4750;;0.8425263157894737;0.9701818181818181;0.8425263157894737;0.9018591549295774;4002;123;748
863;totem_pole;4750;;0.8696842105263158;0.935673839184598;0.8696842105263158;0.9014729950900163;4131;284;619
425;barn;4750;;0.9098947368421053;0.8931597437487084;0.9098947368421053;0.901449577641047;4322;517;428
621;lawn_mower;4750;;0.8854736842105263;0.9179397642950676;0.8854736842105263;0.9014144877839692;4206;376;544
991;coral_fungus;4750;;0.8888421052631579;0.9142485924642703;0.8888421052631579;0.9013663535439795;4222;396;528
829;streetcar;4750;;0.9092631578947369;0.8919867823213549;0.9092631578947369;0.9005421184320268;4319;523;431
51;triceratops;4750;;0.8882105263157895;0.9128083080917352;0.8882105263157895;0.9003414425949637;4219;403;531
307;weevil;4750;;0.8618947368421053;0.9415823367065317;0.8618947368421053;0.8999780171466256;4094;254;656
23;vulture;4750;;0.8726315789473684;0.9289556252801434;0.8726315789473684;0.8999131567520625;4145;317;605
364;three-toed_sloth;4750;;0.8669473684210526;0.9354838709677419;0.8669473684210526;0.8999125874125874;4118;284;632
607;jack-o'-lantern;4750;;0.9642105263157895;0.8409842085934631;0.9642105263157895;0.8983915260886622;4580;866;170
444;bicycle-built-for-two;4750;;0.8741052631578947;0.9224616751832926;0.8741052631578947;0.8976326883580154;4152;349;598
396;lionfish;4750;;0.8698947368421053;0.9262497197937682;0.8698947368421053;0.8971881446097058;4132;329;618
695;padlock;4750;;0.8972631578947369;0.8965082036180059;0.8972631578947369;0.8968855218855218;4262;492;488
94;hummingbird;4750;;0.8456842105263158;0.9539301828544289;0.8456842105263158;0.8965517241379312;4017;194;733
306;rhinoceros_beetle;4750;;0.8372631578947368;0.9648229015041242;0.8372631578947368;0.8965284039675383;3977;145;773
614;kimono;4750;;0.8701052631578947;0.9241949910554562;0.8701052631578947;0.8963348514422035;4133;339;617
512;corkscrew;4750;;0.9181052631578948;0.8751755970299017;0.9181052631578948;0.8961265796773863;4361;622;389
612;jinrikisha;4750;;0.9292631578947368;0.8648119122257053;0.9292631578947368;0.8958798457479196;4414;690;336
259;Pomeranian;4750;;0.9277894736842105;0.8654752553024352;0.9277894736842105;0.8955496850233692;4407;685;343
535;disk_brake;4750;;0.8296842105263158;0.9726061204343535;0.8296842105263158;0.8954783003862758;3941;111;809
268;Mexican_hairless;4750;;0.9267368421052632;0.866194411648957;0.9267368421052632;0.8954434499593166;4402;680;348
661;Model_T;4750;;0.9044210526315789;0.8865043334709038;0.9044210526315789;0.8953730721133806;4296;550;454
933;cheeseburger;4750;;0.8646315789473684;0.9283453887884268;0.8646315789473684;0.8953564421190321;4107;317;643
849;teapot;4750;;0.9296842105263158;0.8621632174931667;0.9296842105263158;0.8946515397082657;4416;706;334
988;acorn;4750;;0.8477894736842105;0.9468610392664002;0.8477894736842105;0.8945906919915584;4027;226;723
294;brown_bear;4750;;0.9012631578947369;0.8872538860103627;0.9012631578947369;0.8942036553524804;4281;544;469
258;Samoyed;4750;;0.9073684210526316;0.8812103864240441;0.9073684210526316;0.8940981226013899;4310;581;440
344;hippopotamus;4750;;0.8338947368421052;0.9635125273656044;0.8338947368421052;0.8940300191851935;3961;150;789
229;Old_English_sheepdog;4750;;0.9153684210526316;0.8725667268713626;0.9153684210526316;0.8934552553169629;4348;635;402
886;vending_machine;4750;;0.9058947368421053;0.8806794924273434;0.9058947368421053;0.8931091739310918;4303;583;447
276;hyena;4750;;0.9025263157894737;0.8828253706754531;0.9025263157894737;0.8925671455340413;4287;569;463
545;electric_fan;4750;;0.8732631578947369;0.9122498350560809;0.8732631578947369;0.8923308594170163;4148;399;602
324;cabbage_butterfly;4750;;0.8475789473684211;0.9413140051437924;0.8475789473684211;0.891990694582918;4026;251;724
800;slot;4750;;0.9374736842105263;0.8501336387934326;0.9374736842105263;0.8916700040048057;4453;785;297
105;koala;4750;;0.8442105263157895;0.9428638608041383;0.8442105263157895;0.8908141730534268;4010;243;740
235;German_shepherd;4750;;0.8829473684210526;0.8986500964216841;0.8829473684210526;0.890729531697993;4194;473;556
948;Granny_Smith;4750;;0.9014736842105263;0.8801644398766701;0.9014736842105263;0.8906916276651066;4282;583;468
174;Norwegian_elkhound;4750;;0.887578947368421;0.8922751322751322;0.887578947368421;0.8899208443271767;4216;509;534
190;Sealyham_terrier;4750;;0.9486315789473684;0.8377021751254881;0.9486315789473684;0.889722578734327;4506;873;244
261;keeshond;4750;;0.8751578947368421;0.9046789989118608;0.8751578947368421;0.8896736222578919;4157;438;593
365;orangutan;4750;;0.9212631578947369;0.860062893081761;0.9212631578947369;0.8896117096970929;4376;712;374
239;Bernese_mountain_dog;4750;;0.9597894736842105;0.8277051561365287;0.9597894736842105;0.8888672255800351;4559;949;191
802;snowmobile;4750;;0.9183157894736842;0.8610343466245559;0.9183157894736842;0.8887530562347188;4362;704;388
338;guinea_pig;4750;;0.8513684210526316;0.9281615790681662;0.8513684210526316;0.8881080487537059;4044;313;706
426;barometer;4750;;0.8846315789473684;0.8910093299406276;0.8846315789473684;0.8878090006338475;4202;514;548
613;joystick;4750;;0.8917894736842106;0.8836045056320401;0.8917894736842106;0.8876781223805533;4236;558;514
630;Loafer;4750;;0.8589473684210527;0.9168539325842696;0.8589473684210527;0.8869565217391303;4080;370;670
286;cougar;4750;;0.8334736842105264;0.9469026548672567;0.8334736842105264;0.8865748516403538;3959;222;791
832;stupa;4750;;0.8726315789473684;0.9008911106281243;0.8726315789473684;0.8865361993369693;4145;456;605
486;cello;4750;;0.8503157894736842;0.9259513984410821;0.8503157894736842;0.886523266022827;4039;323;711
583;guillotine;4750;;0.9105263157894737;0.8634457975643841;0.9105263157894737;0.8863613075110155;4325;684;425
214;Gordon_setter;4750;;0.8688421052631579;0.9044488275257506;0.8688421052631579;0.8862879845377428;4127;436;623
169;borzoi;4750;;0.9286315789473685;0.8461538461538461;0.9286315789473685;0.8854762621700291;4411;802;339
771;safe;4750;;0.8338947368421052;0.9428707450606998;0.8338947368421052;0.8850407775667523;3961;240;789
392;rock_beauty;4750;;0.9707368421052631;0.8132275132275132;0.9707368421052631;0.8850287907869482;4611;1059;139
131;little_blue_heron;4750;;0.8610526315789474;0.9103049187625195;0.8610526315789474;0.8849940495510116;4090;403;660
156;Blenheim_spaniel;4750;;0.9503157894736842;0.8279530447542186;0.9503157894736842;0.8849245246030188;4514;938;236
684;ocarina;4750;;0.9006315789473684;0.8693355009144483;0.9006315789473684;0.8847068555475132;4278;643;472
20;water_ouzel;4750;;0.8429473684210527;0.9300813008130081;0.8429473684210527;0.8843732744340145;4004;301;746
937;broccoli;4750;;0.8435789473684211;0.9281908732916377;0.8435789473684211;0.8838645638028013;4007;310;743
736;pool_table;4750;;0.8892631578947369;0.8781704781704782;0.8892631578947369;0.8836820083682008;4224;586;526
561;forklift;4750;;0.8625263157894737;0.9058147247402166;0.8625263157894737;0.8836406772349833;4097;426;653
642;marimba;4750;;0.8812631578947369;0.8846153846153846;0.8812631578947369;0.882936089432609;4186;546;564
417;balloon;4750;;0.8452631578947368;0.9240506329113924;0.8452631578947368;0.8829026937877955;4015;330;735
366;gorilla;4750;;0.8772631578947369;0.8877290157648061;0.8772631578947369;0.8824650571791612;4167;527;583
142;dowitcher;4750;;0.9233684210526316;0.8447611710323575;0.9233684210526316;0.8823174411587206;4386;806;364
687;organ;4750;;0.828;0.9438444924406048;0.828;0.8821352472804754;3933;234;817
332;Angora;4750;;0.9330526315789474;0.8362264150943396;0.9330526315789474;0.8819900497512437;4432;868;318
102;echidna;4750;;0.8766315789473684;0.8869009584664537;0.8766315789473684;0.8817363684489148;4164;531;586
559;folding_chair;4750;;0.8372631578947368;0.9294227623276466;0.8372631578947368;0.8809391959242442;3977;302;773
786;sewing_machine;4750;;0.8147368421052632;0.9574468085106383;0.8147368421052632;0.8803457688808007;3870;172;880
952;fig;4750;;0.8357894736842105;0.928872250818905;0.8357894736842105;0.8798758865248227;3970;304;780
217;English_springer;4750;;0.8357894736842105;0.9267040149393091;0.8357894736842105;0.8789019260571176;3970;314;780
945;bell_pepper;4750;;0.8778947368421053;0.8786346396965866;0.8778947368421053;0.8782645324347095;4170;576;580
571;gas_pump;4750;;0.7962105263157895;0.9780191362813551;0.7962105263157895;0.8777996982708599;3782;85;968
870;tricycle;4750;;0.8631578947368421;0.8920800696257616;0.8631578947368421;0.8773806976246523;4100;496;650
563;fountain_pen;4750;;0.8225263157894737;0.9396344396344396;0.8225263157894737;0.8771890435563537;3907;251;843
375;colobus;4750;;0.8867368421052632;0.8677379480840544;0.8867368421052632;0.8771345272802998;4212;642;538
1;goldfish;4750;;0.8926315789473684;0.8612634572415194;0.8926315789473684;0.8766670112684792;4240;683;510
398;abacus;4750;;0.8311578947368421;0.9256740914419695;0.8311578947368421;0.8758735440931782;3948;317;802
447;binoculars;4750;;0.8345263157894737;0.9214318921431892;0.8345263157894737;0.8758285461776403;3964;338;786
953;pineapple;4750;;0.8;0.9674134419551935;0.8;0.8757778289928555;3800;128;950
181;Bedlington_terrier;4750;;0.9164210526315789;0.8385667501444808;0.9164210526315789;0.8757670254501558;4353;838;397
573;go-kart;4750;;0.8928421052631579;0.858154593282072;0.8928421052631579;0.8751547668179942;4241;701;509
547;electric_locomotive;4750;;0.867578947368421;0.8820633561643836;0.867578947368421;0.8747611971980471;4121;551;629
148;killer_whale;4750;;0.9370526315789474;0.8201584669246361;0.9370526315789474;0.874717500245652;4451;976;299
852;tennis_ball;4750;;0.8970526315789473;0.8528823058446757;0.8970526315789473;0.8744100143648675;4261;735;489
236;Doberman;4750;;0.856;0.8930375576542938;0.856;0.8741266258196281;4066;487;684
245;French_bulldog;4750;;0.8189473684210526;0.9371235846783907;0.8189473684210526;0.8740590944837658;3890;261;860
379;howler_monkey;4750;;0.8812631578947369;0.8668461379167529;0.8812631578947369;0.8739951978285834;4186;643;564
140;red-backed_sandpiper;4750;;0.8292631578947368;0.9237804878048781;0.8292631578947368;0.8739738185045485;3939;325;811
722;ping-pong_ball;4750;;0.8793684210526316;0.8683991683991684;0.8793684210526316;0.8738493723849373;4177;633;573
362;badger;4750;;0.9069473684210526;0.8430528375733856;0.9069473684210526;0.8738336713995943;4308;802;442
322;ringlet;4750;;0.8191578947368421;0.9362367661212705;0.8191578947368421;0.873792948573995;3891;265;859
296;ice_bear;4750;;0.8863157894736842;0.8614692040106404;0.8863157894736842;0.8737158866867282;4210;677;540
593;harmonica;4750;;0.8846315789473684;0.8624794745484401;0.8846315789473684;0.8734150904177926;4202;670;548
918;crossword_puzzle;4750;;0.8435789473684211;0.9053321283325803;0.8435789473684211;0.8733653007846557;4007;419;743
300;tiger_beetle;4750;;0.9048421052631579;0.8437377306635258;0.9048421052631579;0.8732222673709874;4298;796;452
471;cannon;4750;;0.8185263157894737;0.9355149181905679;0.8185263157894737;0.873119245452504;3888;268;862
727;planetarium;4750;;0.8871578947368421;0.8594737915561901;0.8871578947368421;0.8730964467005076;4214;689;536
914;yawl;4750;;0.8553684210526316;0.8913997367266345;0.8553684210526316;0.8730124623979374;4063;495;687
215;Brittany_spaniel;4750;;0.8454736842105263;0.902269152999326;0.8454736842105263;0.8729485925442887;4016;435;734
732;Polaroid_camera;4750;;0.8505263157894737;0.8961845607808341;0.8505263157894737;0.8727586951825449;4040;468;710
766;rotisserie;4750;;0.883578947368421;0.8619839802834257;0.883578947368421;0.8726478843954673;4197;672;553
407;ambulance;4750;;0.9061052631578947;0.8411178424858315;0.9061052631578947;0.8724029593594812;4304;813;446
383;Madagascar_cat;4750;;0.9113684210526316;0.8358756516702066;0.9113684210526316;0.8719911370732198;4329;850;421
672;mountain_tent;4750;;0.8646315789473684;0.8792549775208734;0.8646315789473684;0.871881965821038;4107;564;643
820;steam_locomotive;4750;;0.86;0.8838165296408481;0.86;0.871745625266752;4085;537;665
801;snorkel;4750;;0.8928421052631579;0.8514354547279662;0.8928421052631579;0.8716473127119515;4241;740;509
316;cicada;4750;;0.8347368421052631;0.9112847621236497;0.8347368421052631;0.8713328205691682;3965;386;785
668;mosque;4750;;0.8825263157894737;0.8602503591216909;0.8825263157894737;0.8712459731892341;4192;681;558
955;jackfruit;4750;;0.8551578947368421;0.8870932518017034;0.8551578947368421;0.8708328866973952;4062;517;688
210;German_short-haired_pointer;4750;;0.8951578947368422;0.8473495416500598;0.8951578947368422;0.8705978705978706;4252;766;498
503;cocktail_shaker;4750;;0.876;0.8652526512788522;0.876;0.8705931582801548;4161;648;589
213;Irish_setter;4750;;0.8435789473684211;0.8982290966151087;0.8435789473684211;0.8700466833134295;4007;454;743
448;birdhouse;4750;;0.8850526315789473;0.8553407934893185;0.8850526315789473;0.869943093636834;4204;711;546
888;viaduct;4750;;0.8176842105263158;0.9289643625926812;0.8176842105263158;0.8697794199977605;3884;297;866
902;whistle;4750;;0.9212631578947369;0.8233301975540922;0.9212631578947369;0.8695479384003975;4376;939;374
428;barrow;4750;;0.8345263157894737;0.9046097672295755;0.8345263157894737;0.8681559351730179;3964;418;786
270;white_wolf;4750;;0.8105263157894737;0.9344660194174758;0.8105263157894737;0.8680947012401353;3850;270;900
472;canoe;4750;;0.8269473684210527;0.912851498954218;0.8269473684210527;0.8677786369159395;3928;375;822
954;banana;4750;;0.8315789473684211;0.9063790729692519;0.8315789473684211;0.8673693456302153;3950;408;800
99;goose;4750;;0.8745263157894737;0.8596854304635762;0.8745263157894737;0.8670423711125027;4154;678;596
645;maypole;4750;;0.9473684210526315;0.7991475759190197;0.9473684210526315;0.8669685001444947;4500;1131;250
75;black_widow;4750;;0.8602105263157894;0.8736369467607441;0.8602105263157894;0.8668717513524982;4086;591;664
555;fire_engine;4750;;0.8395789473684211;0.8957771787960467;0.8395789473684211;0.8667680938926321;3988;464;762
473;can_opener;4750;;0.8349473684210527;0.9003405221339387;0.8349473684210527;0.866411796832332;3966;439;784
451;bolo_tie;4750;;0.9168421052631579;0.82015065913371;0.9168421052631579;0.8658051689860835;4355;955;395
686;oil_filter;4750;;0.8778947368421053;0.8534588620548506;0.8778947368421053;0.8655043586550435;4170;716;580
507;combination_lock;4750;;0.8296842105263158;0.9045214597199909;0.8296842105263158;0.865488086087625;3941;416;809
956;custard_apple;4750;;0.8738947368421053;0.8569364161849711;0.8738947368421053;0.8653324994788409;4151;693;599
989;hip;4750;;0.9492631578947368;0.7942575303857672;0.9492631578947368;0.8648700489114799;4509;1168;241
920;traffic_light;4750;;0.8461052631578947;0.8842684268426843;0.8461052631578947;0.8647660032275416;4019;526;731
716;picket_fence;4750;;0.84;0.890625;0.84;0.8645720476706392;3990;490;760
707;pay-phone;4750;;0.8273684210526315;0.904071773636991;0.8273684210526315;0.8640211058590744;3930;417;820
666;mortar;4750;;0.8698947368421053;0.8581516095534787;0.8698947368421053;0.8639832723470988;4132;683;618
79;centipede;4750;;0.824;0.906648135279129;0.824;0.8633506121098489;3914;403;836
2;great_white_shark;4750;;0.8663157894736843;0.860338699560945;0.8663157894736843;0.8633168991922796;4115;668;635
872;tripod;4750;;0.8555789473684211;0.8704219318911972;0.8555789473684211;0.8629366174753158;4064;605;686
234;Rottweiler;4750;;0.8494736842105263;0.8756510416666666;0.8494736842105263;0.8623637529386621;4035;573;715
289;snow_leopard;4750;;0.8488421052631578;0.8755700325732899;0.8488421052631578;0.8619989310529129;4032;573;718
929;ice_lolly;4750;;0.8164210526315789;0.9129001883239172;0.8164210526315789;0.8619693265170038;3878;370;872
641;maraca;4750;;0.9532631578947368;0.786247612432714;0.9532631578947368;0.8617375582833762;4528;1231;222
757;recreational_vehicle;4750;;0.8210526315789474;0.9061338289962825;0.8210526315789474;0.8614976805831677;3900;404;850
739;potter's_wheel;4750;;0.9143157894736842;0.8142107236595426;0.9143157894736842;0.861364537881793;4343;991;407
198;standard_schnauzer;4750;;0.8124210526315789;0.915974365060527;0.8124210526315789;0.8610956153073748;3859;354;891
149;dugong;4750;;0.88;0.8417237213048732;0.88;0.860436393577604;4180;786;570
808;sombrero;4750;;0.8254736842105264;0.898487626031164;0.8254736842105264;0.8604344963791968;3921;443;829
273;dingo;4750;;0.828;0.8952879581151832;0.828;0.8603303073389479;3933;460;817
605;iPod;4750;;0.7890526315789473;0.9455095862764884;0.7890526315789473;0.8602249254073903;3748;216;1002
780;schooner;4750;;0.8669473684210526;0.8534715025906736;0.8669473684210526;0.8601566579634464;4118;707;632
48;Komodo_dragon;4750;;0.8105263157894737;0.9157944814462416;0.8105263157894737;0.85995085995086;3850;354;900
592;hard_disc;4750;;0.7907368421052632;0.9411175144074166;0.7907368421052632;0.8593982381878504;3756;235;994
934;hotdog;4750;;0.848421052631579;0.8698467515648608;0.848421052631579;0.8590003197271663;4030;603;720
70;harvestman;4750;;0.8012631578947368;0.9242350655658087;0.8012631578947368;0.8583671628326567;3806;312;944
521;Crock_Pot;4750;;0.8212631578947368;0.898640866159871;0.8212631578947368;0.8582114178858211;3901;440;849
31;tree_frog;4750;;0.840842105263158;0.8758771929824561;0.840842105263158;0.8580021482277121;3994;566;756
28;spotted_salamander;4750;;0.8012631578947368;0.9226666666666666;0.8012631578947368;0.8576901408450704;3806;319;944
610;jersey;4750;;0.8583157894736843;0.8570527643472777;0.8583157894736843;0.8576838119280531;4077;680;673
57;garter_snake;4750;;0.8772631578947369;0.8387681159420289;0.8772631578947369;0.8575838649927968;4167;801;583
957;pomegranate;4750;;0.7861052631578948;0.9426912395859631;0.7861052631578948;0.8573068534037425;3734;227;1016
763;revolver;4750;;0.9294736842105263;0.7953521887948117;0.9294736842105263;0.8571983302591982;4415;1136;335
410;apiary;4750;;0.8197894736842105;0.8976486860304288;0.8197894736842105;0.8569542253521127;3894;444;856
456;bow;4750;;0.8583157894736843;0.855254877281309;0.8583157894736843;0.8567825995586844;4077;690;673
223;schipperke;4750;;0.8088421052631579;0.9106423323062337;0.8088421052631579;0.856728732300145;3842;377;908
734;police_van;4750;;0.8374736842105264;0.8767908309455588;0.8374736842105264;0.856681382577797;3978;559;772
326;lycaenid;4750;;0.924;0.7981451172940535;0.924;0.8564738023221778;4389;1110;361
458;brass;4750;;0.783157894736842;0.9448818897637795;0.783157894736842;0.8564521699090594;3720;217;1030
518;crash_helmet;4750;;0.8861052631578947;0.8283802401102145;0.8861052631578947;0.8562709795544705;4209;872;541
293;cheetah;4750;;0.9275789473684211;0.7947330447330447;0.9275789473684211;0.8560326403730328;4406;1138;344
647;measuring_cup;4750;;0.7892631578947369;0.9346796310147095;0.7892631578947369;0.85583837461477;3749;262;1001
522;croquet_ball;4750;;0.9183157894736842;0.8011019283746557;0.9183157894736842;0.8557135850907308;4362;1083;388
659;mixing_bowl;4750;;0.816;0.8986784140969163;0.816;0.8553459119496855;3876;437;874
327;starfish;4750;;0.9096842105263158;0.8066081762180325;0.9096842105263158;0.8550509547838131;4321;1036;429
540;drilling_platform;4750;;0.9307368421052632;0.7907351099982114;0.9307368421052632;0.8550430325887246;4421;1170;329
773;saltshaker;4750;;0.8507368421052631;0.858508604206501;0.8507368421052631;0.854605054457016;4041;666;709
903;wig;4750;;0.908;0.8070733532934131;0.908;0.8545670695462652;4313;1031;437
720;pill_bottle;4750;;0.8570526315789474;0.8514955030328383;0.8570526315789474;0.8542650299024237;4071;710;679
457;bow_tie;4750;;0.8467368421052631;0.8614264296423217;0.8467368421052631;0.8540184732986518;4022;647;728
433;bathing_cap;4750;;0.8328421052631579;0.8761904761904762;0.8328421052631579;0.8539665407447382;3956;559;794
877;turnstile;4750;;0.8193684210526315;0.891433806688044;0.8193684210526315;0.8538832821412901;3892;474;858
822;steel_drum;4750;;0.8338947368421052;0.8740070609002648;0.8338947368421052;0.8534798534798536;3961;571;789
586;half_track;4750;;0.8235789473684211;0.8852681602172437;0.8235789473684211;0.8533100665285199;3912;507;838
805;soccer_ball;4750;;0.9532631578947368;0.7720375106564364;0.9532631578947368;0.8531323598681111;4528;1337;222
699;panpipe;4750;;0.8587368421052631;0.8464411703672962;0.8587368421052631;0.8525446755146829;4079;740;671
147;grey_whale;4750;;0.8585263157894737;0.846585011417895;0.8585263157894737;0.8525138496916483;4078;739;672
891;waffle_iron;4750;;0.8368421052631579;0.8684727987764912;0.8368421052631579;0.8523641042135736;3975;602;775
783;screw;4750;;0.9246315789473685;0.7900701565029682;0.9246315789473685;0.8520710059171598;4392;1167;358
932;pretzel;4750;;0.828421052631579;0.8767825311942959;0.828421052631579;0.8519159991340117;3935;553;815
53;ringneck_snake;4750;;0.8473684210526315;0.8543833580980683;0.8473684210526315;0.8508614311383574;4025;686;725
711;perfume;4750;;0.7930526315789473;0.9176613885505481;0.7930526315789473;0.8508187464709204;3767;338;983
752;racket;4750;;0.8006315789473685;0.9065554231227652;0.8006315789473685;0.8503074343208497;3803;392;947
47;African_chameleon;4750;;0.844421052631579;0.8559539052496798;0.844421052631579;0.8501483679525221;4011;675;739
177;Scottish_deerhound;4750;;0.8749473684210526;0.8262425447316103;0.8749473684210526;0.8498977505112474;4156;874;594
10;brambling;4750;;0.9355789473684211;0.7784200385356455;0.9355789473684211;0.8497944354144755;4444;1265;306
264;Cardigan;4750;;0.8553684210526316;0.8438213914849428;0.8553684210526316;0.8495556717198118;4063;752;687
941;acorn_squash;4750;;0.8263157894736842;0.8739701625473169;0.8263157894736842;0.8494751650254302;3925;566;825
4;hammerhead;4750;;0.7991578947368421;0.9061828598710909;0.7991578947368421;0.8493120035798186;3796;393;954
821;steel_arch_bridge;4750;;0.9336842105263158;0.7788900597119776;0.9336842105263158;0.8492914592110303;4435;1259;315
104;wallaby;4750;;0.8122105263157895;0.889760147601476;0.8122105263157895;0.8492185780321374;3858;478;892
882;vacuum;4750;;0.7686315789473684;0.9485580670303975;0.7686315789473684;0.8491685079660427;3651;198;1099
566;French_horn;4750;;0.7545263157894737;0.9707475622968581;0.7545263157894737;0.8490878938640133;3584;108;1166
678;neck_brace;4750;;0.8783157894736842;0.8210982090139737;0.8783157894736842;0.8487437697080664;4172;909;578
796;ski_mask;4750;;0.9014736842105263;0.8011225444340505;0.9014736842105263;0.8483407627538385;4282;1063;468
833;submarine;4750;;0.8271578947368421;0.8705960558386883;0.8271578947368421;0.8483212782036058;3929;584;821
393;anemone_fish;4750;;0.7802105263157895;0.9292878635907723;0.7802105263157895;0.8482490272373542;3706;282;1044
768;rugby_ball;4750;;0.7423157894736843;0.9887829500841279;0.7423157894736843;0.8480038480038481;3526;40;1224
837;sunglasses;4750;;0.7656842105263157;0.9498563593627579;0.7656842105263157;0.8478843688075534;3637;192;1113
152;Japanese_spaniel;4750;;0.8903157894736842;0.8087588449034232;0.8903157894736842;0.8475799178274377;4229;1000;521
154;Pekinese;4750;;0.8;0.9011145364002846;0.8;0.8475521356083418;3800;417;950
346;water_buffalo;4750;;0.8132631578947368;0.884588962674605;0.8132631578947368;0.8474278819787211;3863;504;887
495;china_cabinet;4750;;0.8185263157894737;0.8780487804878049;0.8185263157894737;0.8472434081499238;3888;540;862
608;jean;4750;;0.7947368421052632;0.9067979822243575;0.7947368421052632;0.8470773028161114;3775;388;975
823;stethoscope;4750;;0.7829473684210526;0.9225998511535599;0.7829473684210526;0.8470561439471588;3719;312;1031
919;street_sign;4750;;0.8223157894736842;0.8728491620111731;0.8223157894736842;0.846829268292683;3906;569;844
880;unicycle;4750;;0.8147368421052632;0.8815489749430524;0.8147368421052632;0.8468271334792121;3870;520;880
336;marmot;4750;;0.852421052631579;0.841088491898629;0.852421052631579;0.8467168548724383;4049;765;701
164;bluetick;4750;;0.8450526315789474;0.8479087452471483;0.8450526315789474;0.8464782792070857;4014;720;736
785;seat_belt;4750;;0.7974736842105263;0.9016900737919543;0.7974736842105263;0.8463858786727739;3788;413;962
704;parking_meter;4750;;0.8538947368421053;0.8385362828199298;0.8538947368421053;0.8461458224679254;4056;781;694
224;groenendael;4750;;0.8326315789473684;0.8599695585996956;0.8326315789473684;0.8460797946304417;3955;644;795
564;four-poster;4750;;0.8673684210526316;0.8254858745742336;0.8673684210526316;0.8459090442459705;4120;871;630
635;magnetic_compass;4750;;0.8673684210526316;0.8253205128205128;0.8673684210526316;0.8458222130979264;4120;872;630
243;bull_mastiff;4750;;0.759578947368421;0.9539925965097832;0.759578947368421;0.8457571495546179;3608;174;1142
209;Chesapeake_Bay_retriever;4750;;0.784;0.9174673564917467;0.784;0.845498921557498;3724;335;1026
717;pickup;4750;;0.7941052631578948;0.9039060627845674;0.7941052631578948;0.8454555642721059;3772;401;978
994;stinkhorn;4750;;0.8732631578947369;0.8192771084337349;0.8732631578947369;0.8454091511260572;4148;915;602
756;rain_barrel;4750;;0.7945263157894736;0.9022232847238824;0.7945263157894736;0.844956901376917;3774;409;976
423;barber_chair;4750;;0.8562105263157894;0.8330602212208111;0.8562105263157894;0.8444767441860463;4067;815;683
916;web_site;4750;;0.8553684210526316;0.8336068937217891;0.8553684210526316;0.8443474646716542;4063;811;687
372;baboon;4750;;0.944;0.7636239782016349;0.944;0.844285445302203;4484;1388;266
343;warthog;4750;;0.8290526315789474;0.8594500218245308;0.8290526315789474;0.8439777111015859;3938;644;812
452;bonnet;4750;;0.8153684210526316;0.8746612466124661;0.8153684210526316;0.8439747221616909;3873;555;877
308;fly;4750;;0.7802105263157895;0.9173267326732674;0.7802105263157895;0.8432309442548349;3706;334;1044
959;carbonara;4750;;0.8082105263157895;0.8813131313131313;0.8082105263157895;0.8431803206676916;3839;517;911
194;Dandie_Dinmont;4750;;0.8957894736842106;0.7948813749299458;0.8957894736842106;0.8423240621597545;4255;1098;495
674;mousetrap;4750;;0.8534736842105263;0.831248718474472;0.8534736842105263;0.842214604757453;4054;823;696
765;rocking_chair;4750;;0.7943157894736842;0.8961995249406176;0.7943157894736842;0.8421875000000001;3773;437;977
896;washbasin;4750;;0.8265263157894737;0.8583296895496283;0.8265263157894737;0.8421278421278421;3926;648;824
603;horse_cart;4750;;0.7821052631578947;0.9118802160039273;0.7821052631578947;0.8420217588395286;3715;359;1035
840;swab;4750;;0.8107368421052632;0.875426233234826;0.8107368421052632;0.841840638321128;3851;548;899
676;muzzle;4750;;0.7717894736842106;0.9255238576117142;0.7717894736842106;0.8416944093674664;3666;295;1084
938;cauliflower;4750;;0.8035789473684211;0.8831559463211476;0.8035789473684211;0.8414902998236332;3817;505;933
897;washer;4750;;0.7498947368421053;0.9585575888051668;0.7498947368421053;0.841483581384361;3562;154;1188
97;drake;4750;;0.7501052631578947;0.9580532401183114;0.7501052631578947;0.8414216554492856;3563;156;1187
69;trilobite;4750;;0.8138947368421052;0.8707207207207207;0.8138947368421052;0.8413492927094669;3866;574;884
511;convertible;4750;;0.8970526315789473;0.7921546755902584;0.8970526315789473;0.8413466284924473;4261;1118;489
173;Ibizan_hound;4750;;0.7778947368421053;0.9159643034209222;0.7778947368421053;0.8413023679417122;3695;339;1055
98;red-breasted_merganser;4750;;0.9286315789473685;0.7687347507842454;0.9286315789473685;0.8411517925247902;4411;1327;339
553;file;4750;;0.7658947368421053;0.9323423885187083;0.7658947368421053;0.8409616273693944;3638;264;1112
150;sea_lion;4750;;0.7938947368421052;0.8933901918976546;0.7938947368421052;0.8407089510645412;3771;450;979
242;boxer;4750;;0.8138947368421052;0.8693501236788846;0.8138947368421052;0.8407089268239644;3866;581;884
627;limousine;4750;;0.8612631578947368;0.8209913706602449;0.8612631578947368;0.8406452275762869;4091;892;659
117;chambered_nautilus;4750;;0.8867368421052632;0.7990893568582812;0.8867368421052632;0.8406346671988824;4212;1059;538
596;hatchet;4750;;0.7941052631578948;0.8923586467944169;0.7941052631578948;0.8403698340202742;3772;455;978
869;trench_coat;4750;;0.7785263157894737;0.912861021969884;0.7785263157894737;0.8403590501079423;3698;353;1052
171;Italian_greyhound;4750;;0.8530526315789474;0.8279525950143032;0.8530526315789474;0.8403152218996267;4052;842;698
132;American_egret;4750;;0.9004210526315789;0.7873711340206185;0.9004210526315789;0.8401099980357493;4277;1155;473
617;lab_coat;4750;;0.8503157894736842;0.8280032800328003;0.8503157894736842;0.8390112172829248;4039;839;711
859;toaster;4750;;0.7974736842105263;0.8848399906563887;0.7974736842105263;0.8388882737238401;3788;493;962
211;vizsla;4750;;0.8242105263157895;0.8536851286524204;0.8242105263157895;0.8386889460154242;3915;671;835
283;Persian_cat;4750;;0.9113684210526316;0.7766415500538213;0.9113684210526316;0.8386284385896938;4329;1245;421
570;gasmask;4750;;0.8509473684210527;0.8265848670756646;0.8509473684210527;0.8385892116182572;4042;848;708
474;cardigan;4750;;0.8216842105263158;0.8557333918000438;0.8216842105263158;0.8383632262914832;3903;658;847
628;liner;4750;;0.832;0.8446249198546698;0.832;0.838264927351787;3952;727;798
303;long-horned_beetle;4750;;0.824;0.8523519163763066;0.824;0.8379362020980518;3914;678;836
43;frilled_lizard;4750;;0.8136842105263158;0.8634941912421805;0.8136842105263158;0.8378495556037285;3865;611;885
850;teddy;4750;;0.8389473684210527;0.8366575687591854;0.8389473684210527;0.8378009040260697;3985;778;765
532;dining_table;4750;;0.8597894736842105;0.816310213871677;0.8597894736842105;0.8374859017738131;4084;919;666
589;hand_blower;4750;;0.7953684210526316;0.8829165692918907;0.7953684210526316;0.836859009857127;3778;501;972
81;ptarmigan;4750;;0.7909473684210526;0.8875502008032129;0.7909473684210526;0.8364688856729378;3757;476;993
221;Irish_water_spaniel;4750;;0.9149473684210526;0.7700212615166548;0.9149473684210526;0.8362516836636521;4346;1298;404
515;cowboy_hat;4750;;0.8330526315789474;0.839236479321315;0.8330526315789474;0.8361331220285261;3957;758;793
367;chimpanzee;4750;;0.872;0.8030244280728964;0.872;0.8360920468308437;4142;1016;608
45;Gila_monster;4750;;0.7496842105263158;0.9443118536197295;0.7496842105263158;0.8358173923248445;3561;210;1189
182;Border_terrier;4750;;0.8551578947368421;0.8166465621230398;0.8551578947368421;0.8354586589880708;4062;912;688
971;bubble;4750;;0.7696842105263157;0.9126310534198702;0.7696842105263157;0.8350845134764733;3656;350;1094
80;black_grouse;4750;;0.919578947368421;0.7645720287064589;0.919578947368421;0.834942177195833;4368;1345;382
795;ski;4750;;0.8869473684210526;0.788655934107076;0.8869473684210526;0.8349187475227904;4213;1129;537
389;barracouta;4750;;0.9111578947368421;0.7702438156255561;0.9111578947368421;0.834796026617803;4328;1291;422
740;power_drill;4750;;0.7827368421052632;0.8935352078827205;0.7827368421052632;0.8344742453147795;3718;443;1032
580;greenhouse;4750;;0.7501052631578947;0.9401055408970976;0.7501052631578947;0.8344262295081967;3563;227;1187
517;crane;4750;;0.7865263157894736;0.8884661117717003;0.7865263157894736;0.834394193188163;3736;469;1014
778;scale;4750;;0.7349473684210527;0.9643646408839779;0.7349473684210527;0.8341696535244923;3491;129;1259
441;beer_glass;4750;;0.8212631578947368;0.8469387755102041;0.8212631578947368;0.8339033775117571;3901;705;849
629;lipstick;4750;;0.8349473684210527;0.8326684862481629;0.8349473684210527;0.8338063702302114;3966;797;784
397;puffer;4750;;0.7812631578947369;0.893570912593306;0.7812631578947369;0.833651578119735;3711;442;1039
331;hare;4750;;0.828421052631579;0.8388403325516948;0.828421052631579;0.8335981357907002;3935;756;815
825;stone_wall;4750;;0.7968421052631579;0.873730378578024;0.7968421052631579;0.8335168465095794;3785;547;965
176;Saluki;4750;;0.7997894736842105;0.8697344322344323;0.7997894736842105;0.8332967756086861;3799;569;951
883;vase;4750;;0.8235789473684211;0.843103448275862;0.8235789473684211;0.8332268370607028;3912;728;838
537;dogsled;4750;;0.9528421052631579;0.7402682368334969;0.9528421052631579;0.8332106038291605;4526;1588;224
958;hay;4750;;0.7671578947368421;0.9114557278639319;0.7671578947368421;0.8331047096479195;3644;354;1106
227;kelpie;4750;;0.8341052631578947;0.8311306901615272;0.8341052631578947;0.8326153199537669;3962;805;788
427;barrel;4750;;0.7989473684210526;0.86921667430142;0.7989473684210526;0.8326020184291355;3795;571;955
429;baseball;4750;;0.7629473684210526;0.9158453373768006;0.7629473684210526;0.8324336740553578;3624;333;1126
574;golf_ball;4750;;0.8475789473684211;0.817794028031688;0.8475789473684211;0.8324201385299287;4026;897;724
249;malamute;4750;;0.856;0.8099601593625498;0.856;0.832343909928352;4066;954;684
758;reel;4750;;0.7738947368421053;0.9003183933382317;0.7738947368421053;0.8323332955960602;3676;407;1074
806;sock;4750;;0.7945263157894736;0.8730048577376822;0.7945263157894736;0.8319188801939821;3774;549;976
753;radiator;4750;;0.7898947368421053;0.8784827909154764;0.7898947368421053;0.8318368251856779;3752;519;998
38;banded_gecko;4750;;0.8507368421052631;0.8137333870318163;0.8507368421052631;0.831823795800741;4041;925;709
432;bassoon;4750;;0.8574736842105263;0.8073339940535184;0.8574736842105263;0.8316488004083715;4073;972;677
287;lynx;4750;;0.7886315789473685;0.8793427230046948;0.7886315789473685;0.8315205327413985;3746;514;1004
931;bagel;4750;;0.8082105263157895;0.8559643255295429;0.8082105263157895;0.8314022739577693;3839;646;911
404;airliner;4750;;0.8987368421052632;0.7726696832579185;0.8987368421052632;0.8309489051094892;4269;1256;481
237;miniature_pinscher;4750;;0.787578947368421;0.8777569216330361;0.787578947368421;0.8302263648468708;3741;521;1009
299;meerkat;4750;;0.9067368421052632;0.7652807391613362;0.9067368421052632;0.8300250529967238;4307;1321;443
203;West_Highland_white_terrier;4750;;0.8957894736842106;0.7727933163821286;0.8957894736842106;0.829758190327613;4255;1251;495
615;knee_pad;4750;;0.8953684210526316;0.7721496005809731;0.8953684210526316;0.8292064729966856;4253;1255;497
775;sarong;4750;;0.8077894736842105;0.8515312916111851;0.8077894736842105;0.8290838375108038;3837;669;913
394;sturgeon;4750;;0.7709473684210526;0.8966699314397649;0.7709473684210526;0.8290695041883632;3662;422;1088
395;gar;4750;;0.8130526315789474;0.8450765864332604;0.8130526315789474;0.828755364806867;3862;708;888
391;coho;4750;;0.747578947368421;0.9290947148090005;0.747578947368421;0.8285114325711619;3551;271;1199
901;whiskey_jug;4750;;0.9138947368421053;0.7571951857666144;0.9138947368421053;0.8281980349136697;4341;1392;409
777;scabbard;4750;;0.8534736842105263;0.8042055147788137;0.8534736842105263;0.8281074456133184;4054;987;696
793;shower_cap;4750;;0.8326315789473684;0.8236151603498543;0.8326315789473684;0.8280988274706867;3955;847;795
301;ladybug;4750;;0.9063157894736842;0.7610040657592363;0.9063157894736842;0.8273277601614298;4305;1352;445
212;English_setter;4750;;0.8261052631578948;0.8285472972972973;0.8261052631578948;0.8273244781783681;3924;812;826
551;face_powder;4750;;0.8787368421052631;0.7815015914622729;0.8787368421052631;0.8272718263799425;4174;1167;576
443;bib;4750;;0.8008421052631579;0.8548314606741573;0.8008421052631579;0.8269565217391304;3804;646;946
649;megalith;4750;;0.7905263157894736;0.8664051684356253;0.7905263157894736;0.8267283135182739;3755;579;995
643;mask;4750;;0.7568421052631579;0.9108183430453509;0.7568421052631579;0.8267218581119927;3595;352;1155
710;pencil_sharpener;4750;;0.7774736842105263;0.8824372759856631;0.7774736842105263;0.8266368214885282;3693;492;1057
842;swimming_trunks;4750;;0.86;0.7952112127700993;0.86;0.8263376150500658;4085;1052;665
514;cowboy_boot;4750;;0.7791578947368422;0.8790973871733967;0.7791578947368422;0.8261160714285715;3701;509;1049
320;damselfly;4750;;0.9231578947368421;0.747146021468734;0.9231578947368421;0.8258781429513137;4385;1484;365
232;Border_collie;4750;;0.9086315789473685;0.7569273938968782;0.9086315789473685;0.8258706467661691;4316;1386;434
86;partridge;4750;;0.7993684210526316;0.8528751123090745;0.7993684210526316;0.8252553792653771;3797;655;953
151;Chihuahua;4750;;0.8105263157894737;0.84042785418031;0.8105263157894737;0.8252063015753939;3850;731;900
949;strawberry;4750;;0.8568421052631578;0.7956989247311828;0.8568421052631578;0.8251393816523062;4070;1045;680
781;scoreboard;4750;;0.8606315789473684;0.7922480620155039;0.8606315789473684;0.8250252270433905;4088;1072;662
125;hermit_crab;4750;;0.8402105263157895;0.8101908241981324;0.8402105263157895;0.8249276560562216;3991;935;759
161;basset;4750;;0.8368421052631579;0.8127172357391127;0.8368421052631579;0.8246032569235556;3975;916;775
463;bucket;4750;;0.7827368421052632;0.8707259953161592;0.7827368421052632;0.8243902439024391;3718;552;1032
352;impala;4750;;0.8351578947368421;0.8134098831248718;0.8351578947368421;0.8241404383504726;3967;910;783
256;Newfoundland;4750;;0.7804210526315789;0.8726459510357816;0.7804210526315789;0.823960880195599;3707;541;1043
183;Kerry_blue_terrier;4750;;0.872421052631579;0.7804143126177024;0.872421052631579;0.8238568588469184;4144;1166;606
191;Airedale;4750;;0.840842105263158;0.8075212292761828;0.840842105263158;0.8238448844884488;3994;952;756
7;cock;4750;;0.8273684210526315;0.8192620387742339;0.8273684210526315;0.8232952760029327;3930;867;820
669;mosquito_net;4750;;0.7532631578947369;0.9049064238745574;0.7532631578947369;0.8221507352941176;3578;376;1172
315;mantis;4750;;0.8275789473684211;0.8165766514333195;0.8275789473684211;0.8220409870347134;3931;883;819
745;projector;4750;;0.7793684210526316;0.8696264975334743;0.7793684210526316;0.8220273120905962;3702;555;1048
127;white_stork;4750;;0.7054736842105264;0.9829862129656791;0.7054736842105264;0.821424194141439;3351;58;1399
983;scuba_diver;4750;;0.8225263157894737;0.8202813352928826;0.8225263157894737;0.821402291600967;3907;856;843
665;moped;4750;;0.7503157894736842;0.9073319755600815;0.7503157894736842;0.8213874164554045;3564;364;1186
480;cash_machine;4750;;0.8113684210526316;0.8309616213885296;0.8113684210526316;0.8210481465700896;3854;784;896
544;Dutch_oven;4750;;0.752;0.9038461538461539;0.752;0.8209606986899562;3572;380;1178
56;king_snake;4750;;0.7275789473684211;0.9414328520839008;0.7275789473684211;0.8208051300320628;3456;215;1294
192;cairn;4750;;0.7650526315789473;0.8852618757612668;0.7650526315789473;0.8207792207792208;3634;471;1116
572;goblet;4750;;0.7252631578947368;0.9446120098711269;0.7252631578947368;0.8205311420745504;3445;202;1305
110;flatworm;4750;;0.8547368421052631;0.788809014960171;0.8547368421052631;0.8204506416085682;4060;1087;690
889;violin;4750;;0.8103157894736842;0.8305999136814847;0.8103157894736842;0.8203324808184144;3849;785;901
879;umbrella;4750;;0.7646315789473684;0.8841285296981499;0.7646315789473684;0.8200496726123279;3632;476;1118
963;pizza;4750;;0.7526315789473684;0.9005037783375315;0.7526315789473684;0.819954128440367;3575;395;1175
384;indri;4750;;0.9050526315789473;0.7494769874476988;0.9050526315789473;0.8199504100705703;4299;1437;451
529;diaper;4750;;0.8376842105263158;0.802865213882163;0.8376842105263158;0.8199052132701422;3979;977;771
843;swing;4750;;0.872421052631579;0.7727018459817266;0.872421052631579;0.8195392069613369;4144;1219;606
761;remote_control;4750;;0.8214736842105264;0.8173439463762044;0.8214736842105264;0.8194036119277615;3902;872;848
292;tiger;4750;;0.9174736842105263;0.7401494565217391;0.9174736842105263;0.8193269411543523;4358;1530;392
864;tow_truck;4750;;0.7694736842105263;0.8754491017964072;0.7694736842105263;0.819047619047619;3655;520;1095
912;worm_fence;4750;;0.860421052631579;0.781303766010323;0.860421052631579;0.8189560164312193;4087;1144;663
697;pajama;4750;;0.8583157894736843;0.7829844440176685;0.8583157894736843;0.8189213618559807;4077;1130;673
500;cliff_dwelling;4750;;0.791578947368421;0.8481840739905256;0.791578947368421;0.8189044974409234;3760;673;990
713;photocopier;4750;;0.8966315789473684;0.7534052715372369;0.8966315789473684;0.8188022685763722;4259;1394;491
116;chiton;4750;;0.8261052631578948;0.8109113453192809;0.8261052631578948;0.8184377933048285;3924;915;826
770;running_shoe;4750;;0.8098947368421052;0.8269561478933792;0.8098947368421052;0.8183365241437992;3847;805;903
305;dung_beetle;4750;;0.7991578947368421;0.8379690949227373;0.7991578947368421;0.818103448275862;3796;734;954
3;tiger_shark;4750;;0.8029473684210526;0.8336612021857923;0.8029473684210526;0.8180160857908848;3814;761;936
165;black-and-tan_coonhound;4750;;0.8290526315789474;0.8069672131147541;0.8290526315789474;0.8178608515057114;3938;942;812
199;Scotch_terrier;4750;;0.7856842105263158;0.8524440383736867;0.7856842105263158;0.8177037686240141;3732;646;1018
981;ballplayer;4750;;0.8787368421052631;0.7640490572945268;0.8787368421052631;0.8173896014882992;4174;1289;576
122;American_lobster;4750;;0.8869473684210526;0.7578701205252744;0.8869473684210526;0.8173440682898437;4213;1346;537
39;common_iguana;4750;;0.8185263157894737;0.8161209068010076;0.8185263157894737;0.8173218414967416;3888;876;862
196;miniature_schnauzer;4750;;0.8307368421052631;0.8043212392988178;0.8307368421052631;0.8173156586578294;3946;960;804
134;crane;4750;;0.7086315789473684;0.9644699140401146;0.7086315789473684;0.8169902912621358;3366;124;1384
738;pot;4750;;0.8972631578947369;0.749428521188676;0.8972631578947369;0.8167097825045513;4262;1425;488
658;mitten;4750;;0.8507368421052631;0.784965034965035;0.8507368421052631;0.8165285916346736;4041;1107;709
616;knot;4750;;0.859578947368421;0.7766787140954917;0.859578947368421;0.8160287798541022;4083;1174;667
185;Norfolk_terrier;4750;;0.7629473684210526;0.8759970993473531;0.7629473684210526;0.8155733093282322;3624;513;1126
568;fur_coat;4750;;0.8288421052631579;0.8026503567787971;0.8288421052631579;0.8155359917141377;3937;968;813
790;shopping_basket;4750;;0.8254736842105264;0.8057953144266338;0.8254736842105264;0.8155158069883529;3921;945;829
857;throne;4750;;0.8366315789473684;0.7954363490792634;0.8366315789473684;0.8155140570490458;3974;1022;776
759;reflex_camera;4750;;0.8;0.8307826847398339;0.8;0.8151008151008151;3800;774;950
27;eft;4750;;0.779578947368421;0.8536191793453204;0.779578947368421;0.8149207746478873;3703;635;1047
113;snail;4750;;0.8482105263157895;0.7840046701692936;0.8482105263157895;0.8148447770249773;4029;1110;721
186;Norwich_terrier;4750;;0.8648421052631579;0.7702981436339771;0.8648421052631579;0.8148368541108797;4108;1225;642
655;miniskirt;4750;;0.7696842105263157;0.8649160160870594;0.7696842105263157;0.8145260109167873;3656;571;1094
467;butcher_shop;4750;;0.767578947368421;0.8672692673644149;0.767578947368421;0.8143846325664509;3646;558;1104
449;boathouse;4750;;0.8212631578947368;0.8058252427184466;0.8212631578947368;0.8134709623605463;3901;940;849
715;pickelhaube;4750;;0.8555789473684211;0.7749809305873379;0.8555789473684211;0.8132879727836702;4064;1180;686
844;switch;4750;;0.7568421052631579;0.8787582498166707;0.7568421052631579;0.8132564189571315;3595;496;1155
654;minibus;4750;;0.8749473684210526;0.7596417473953574;0.8749473684210526;0.8132276685255846;4156;1315;594
875;trombone;4750;;0.7991578947368421;0.8275561369086549;0.7991578947368421;0.8131091356966905;3796;791;954
95;jacamar;4750;;0.9696842105263158;0.6997872986934063;0.9696842105263158;0.8129191669608189;4606;1976;144
811;space_heater;4750;;0.7673684210526316;0.864153627311522;0.7673684210526316;0.8128902765388046;3645;573;1105
330;wood_rabbit;4750;;0.8233684210526315;0.8022564102564103;0.8233684210526315;0.8126753246753247;3911;964;839
703;park_bench;4750;;0.8494736842105263;0.7788071800810654;0.8494736842105263;0.812606988218709;4035;1146;715
924;guacamole;4750;;0.7471578947368421;0.8905897114178168;0.7471578947368421;0.8125930165998856;3549;436;1201
228;komondor;4750;;0.9372631578947368;0.717139175257732;0.9372631578947368;0.8125570359554664;4452;1756;298
41;whiptail;4750;;0.86;0.7698831511496419;0.86;0.8124502784407319;4085;1221;665
403;aircraft_carrier;4750;;0.7911578947368421;0.8347401155042203;0.7911578947368421;0.8123648940769562;3758;744;992
626;lighter;4750;;0.7987368421052632;0.8263994772380745;0.7987368421052632;0.8123327266887914;3794;797;956
8;hen;4750;;0.7585263157894737;0.8717638519235422;0.7585263157894737;0.8112124282337049;3603;530;1147
543;dumbbell;4750;;0.872;0.7580527086383602;0.872;0.8110436655570785;4142;1322;608
439;bearskin;4750;;0.9383157894736842;0.7141483736580676;0.9383157894736842;0.8110272040760622;4457;1784;293
523;crutch;4750;;0.7496842105263158;0.8829655343416811;0.7496842105263158;0.8108846635545942;3561;472;1189
814;speedboat;4750;;0.9315789473684211;0.7174124513618677;0.9315789473684211;0.8105880197838432;4425;1743;325
205;flat-coated_retriever;4750;;0.8301052631578948;0.7917670682730924;0.8301052631578948;0.8104830421377184;3943;1037;807
557;flagpole;4750;;0.7717894736842106;0.8531533628112636;0.7717894736842106;0.8104343981430309;3666;631;1084
438;beaker;4750;;0.7730526315789473;0.8509849362688297;0.7730526315789473;0.8101489244346387;3672;643;1078
494;chime;4750;;0.7703157894736842;0.8543077282278777;0.7703157894736842;0.8101405955939335;3659;624;1091
263;Pembroke;4750;;0.7446315789473684;0.8882471120040181;0.7446315789473684;0.8101236830050389;3537;445;1213
288;leopard;4750;;0.8265263157894737;0.7936122902769355;0.8265263157894737;0.80973496957822;3926;1021;824
693;paddle;4750;;0.8210526315789474;0.7981989357347523;0.8210526315789474;0.8094645080946451;3900;986;850
682;obelisk;4750;;0.7589473684210526;0.8667949026208223;0.7589473684210526;0.8092939723874732;3605;554;1145
667;mortarboard;4750;;0.8423157894736842;0.7782532581209881;0.8423157894736842;0.8090182994641594;4001;1140;749
506;coil;4750;;0.8071578947368421;0.810742228801015;0.8071578947368421;0.8089460913598481;3834;895;916
845;syringe;4750;;0.7275789473684211;0.9101922570450356;0.7275789473684211;0.8087048087048088;3456;341;1294
927;trifle;4750;;0.9357894736842105;0.711427656850192;0.9357894736842105;0.8083287870521914;4445;1803;305
942;butternut_squash;4750;;0.76;0.8626045400238949;0.76;0.8080581980973699;3610;575;1140
520;crib;4750;;0.7503157894736842;0.8750306899091579;0.7503157894736842;0.8078884733083985;3564;509;1186
841;sweatshirt;4750;;0.7583157894736842;0.8639961621491965;0.7583157894736842;0.807713869267855;3602;567;1148
179;Staffordshire_bullterrier;4750;;0.7898947368421053;0.8258859784283513;0.7898947368421053;0.8074895082320026;3752;791;998
158;toy_terrier;4750;;0.8701052631578947;0.7526862138044073;0.8701052631578947;0.8071477394785666;4133;1358;617
579;grand_piano;4750;;0.7305263157894737;0.9010646585302519;0.7305263157894737;0.806882920590629;3470;381;1280
468;cab;4750;;0.8570526315789474;0.7622168133308369;0.8570526315789474;0.8068575958775147;4071;1270;679
737;pop_bottle;4750;;0.736421052631579;0.8918918918918919;0.736421052631579;0.8067343173431735;3498;424;1252
267;standard_poodle;4750;;0.8711578947368421;0.7504533913674284;0.8711578947368421;0.8063133281371785;4138;1376;612
724;pirate;4750;;0.8044210526315789;0.8081641285956007;0.8044210526315789;0.8062882464654991;3821;907;929
708;pedestal;4750;;0.7951578947368421;0.8166486486486486;0.7951578947368421;0.8057599999999999;3777;848;973
421;bannister;4750;;0.8235789473684211;0.7877567458719291;0.8235789473684211;0.8052696582955949;3912;1054;838
459;brassiere;4750;;0.8338947368421052;0.7783454509726861;0.8338947368421052;0.805163126333977;3961;1128;789
487;cellular_telephone;4750;;0.7728421052631579;0.8377453217708809;0.7728421052631579;0.8039859833552344;3671;711;1079
114;slug;4750;;0.7650526315789473;0.8470862470862471;0.7650526315789473;0.8039823008849558;3634;656;1116
33;loggerhead;4750;;0.8155789473684211;0.7925531914893617;0.8155789473684211;0.8039012243203985;3874;1014;876
220;Sussex_spaniel;4750;;0.7589473684210526;0.8532544378698225;0.7589473684210526;0.803342618384401;3605;620;1145
295;American_black_bear;4750;;0.8802105263157894;0.7386925795053003;0.8802105263157894;0.8032660902977906;4181;1479;569
175;otterhound;4750;;0.88;0.7386464039582965;0.88;0.8031511192237486;4180;1479;570
197;giant_schnauzer;4750;;0.7410526315789474;0.8758397611346106;0.7410526315789474;0.8028281446002964;3520;499;1230
951;lemon;4750;;0.7698947368421053;0.8385691355193763;0.7698947368421053;0.8027658873888706;3657;704;1093
412;ashcan;4750;;0.7416842105263158;0.8744105237031522;0.7416842105263158;0.802597106731974;3523;506;1227
709;pencil_box;4750;;0.7210526315789474;0.904887714663144;0.7210526315789474;0.8025776215582894;3425;360;1325
644;matchstick;4750;;0.7633684210526316;0.8450244698205547;0.7633684210526316;0.8021236588872913;3626;665;1124
246;Great_Dane;4750;;0.7433684210526316;0.8707768187422935;0.7433684210526316;0.8020442930153322;3531;524;1219
370;guenon;4750;;0.7075789473684211;0.9251307459399944;0.7075789473684211;0.8018609089824645;3361;272;1389
867;trailer_truck;4750;;0.7856842105263158;0.8182416136812103;0.7856842105263158;0.8016324777145312;3732;829;1018
257;Great_Pyrenees;4750;;0.7972631578947369;0.8055732822803658;0.7972631578947369;0.801396677600254;3787;914;963
440;beer_bottle;4750;;0.8309473684210527;0.7734665882814031;0.8309473684210527;0.8011773064041409;3947;1156;803
498;cinema;4750;;0.728;0.8900900900900901;0.728;0.8009264620729589;3458;427;1292
172;whippet;4750;;0.775578947368421;0.8276791732195012;0.775578947368421;0.800782523638735;3684;767;1066
730;plow;4750;;0.7174736842105263;0.9059011164274322;0.7174736842105263;0.8007518796992481;3408;354;1342
791;shopping_cart;4750;;0.8265263157894737;0.7763496143958869;0.8265263157894737;0.8006525950851433;3926;1131;824
597;holster;4750;;0.7326315789473684;0.8823529411764706;0.7326315789473684;0.800552104899931;3480;464;1270
542;drumstick;4750;;0.759578947368421;0.8459554513481828;0.759578947368421;0.8004437049362174;3608;657;1142
827;stove;4750;;0.7806315789473685;0.8205355167072361;0.7806315789473685;0.8000863092027188;3708;811;1042
731;plunger;4750;;0.716;0.9064498933901919;0.716;0.8000470477534697;3401;351;1349
772;safety_pin;4750;;0.751578947368421;0.8550898203592814;0.751578947368421;0.7999999999999999;3570;605;1180
422;barbell;4750;;0.7075789473684211;0.9193107221006565;0.7075789473684211;0.7996669045919581;3361;295;1389
445;bikini;4750;;0.8002105263157895;0.7986972052952301;0.8002105263157895;0.7994531496477022;3801;958;949
774;sandal;4750;;0.7126315789473684;0.9099462365591398;0.7126315789473684;0.7992916174734356;3385;335;1365
106;wombat;4750;;0.7008421052631579;0.9298882681564246;0.7008421052631579;0.7992797118847538;3329;251;1421
309;bee;4750;;0.7732631578947369;0.8270659761315019;0.7732631578947369;0.7992601457947992;3673;768;1077
155;Shih-Tzu;4750;;0.8027368421052632;0.7945405292769326;0.8027368421052632;0.798617656299089;3813;986;937
776;sax;4750;;0.7877894736842105;0.8096062310688014;0.7877894736842105;0.7985488689714041;3742;880;1008
475;car_mirror;4750;;0.9309473684210526;0.6974763406940063;0.9309473684210526;0.7974752028854825;4422;1918;328
115;sea_slug;4750;;0.7275789473684211;0.881857616738964;0.7275789473684211;0.797323797439151;3456;463;1294
858;tile_roof;4750;;0.7233684210526315;0.8880847764280175;0.7233684210526315;0.7973082724213945;3436;433;1314
400;academic_gown;4750;;0.768;0.8285260049965932;0.768;0.7971156997705671;3648;755;1102
361;skunk;4750;;0.9256842105263158;0.6992684478371501;0.9256842105263158;0.7967023011415112;4397;1891;353
357;mink;4750;;0.8048421052631579;0.788409981439472;0.8048421052631579;0.7965413063860819;3823;1026;927
450;bobsled;4750;;0.884;0.7238407171177383;0.884;0.7959435124632736;4199;1602;551
390;eel;4750;;0.7568421052631579;0.8368249534450651;0.7568421052631579;0.7948264426265752;3595;701;1155
830;stretcher;4750;;0.828;0.7635410599883518;0.828;0.7944652055347944;3933;1218;817
922;menu;4750;;0.7092631578947368;0.9024912938655237;0.7092631578947368;0.7942944712955322;3369;364;1381
855;thimble;4750;;0.8010526315789473;0.7874586092715232;0.8010526315789473;0.794197453558756;3805;1027;945
360;otter;4750;;0.8698947368421053;0.7304224854162984;0.8698947368421053;0.7940809070817719;4132;1525;618
159;Rhodesian_ridgeback;4750;;0.7408421052631579;0.8553719008264463;0.7408421052631579;0.7939981949458483;3519;595;1231
368;gibbon;4750;;0.8425263157894737;0.7501405810684161;0.8425263157894737;0.7936539414972732;4002;1333;748
826;stopwatch;4750;;0.7454736842105263;0.8479406130268199;0.7454736842105263;0.7934125028008066;3541;635;1209
749;quill;4750;;0.8010526315789473;0.7858323007021891;0.8010526315789473;0.7933694745621351;3805;1037;945
861;toilet_seat;4750;;0.795578947368421;0.7904204141393014;0.795578947368421;0.7929912915748609;3779;1002;971
118;Dungeness_crab;4750;;0.7783157894736842;0.8079108391608392;0.7783157894736842;0.7928372292515548;3697;879;1053
723;pinwheel;4750;;0.9126315789473685;0.7004362578768784;0.9126315789473685;0.7925770180089587;4335;1854;415
290;jaguar;4750;;0.7088421052631579;0.8973880597014925;0.7088421052631579;0.7920489296636085;3367;385;1383
792;shovel;4750;;0.7294736842105263;0.86625;0.7294736842105263;0.7919999999999999;3465;535;1285
910;wooden_spoon;4750;;0.7202105263157895;0.8796605811262536;0.7202105263157895;0.7919898136358375;3421;468;1329
838;sunscreen;4750;;0.7229473684210527;0.8755736868944416;0.7229473684210527;0.7919741697416974;3434;488;1316
548;entertainment_center;4750;;0.9103157894736842;0.7003563330093943;0.9103157894736842;0.791651409740022;4324;1850;426
386;African_elephant;4750;;0.8606315789473684;0.732879168160631;0.8606315789473684;0.7916343919442292;4088;1490;662
651;microwave;4750;;0.78;0.803164968567093;0.78;0.7914130086510733;3705;908;1045
767;rubber_eraser;4750;;0.7517894736842106;0.8353216374269006;0.7517894736842106;0.7913573407202216;3571;704;1179
477;carpenter's_kit;4750;;0.8347368421052631;0.7522291785239993;0.8347368421052631;0.791338189801417;3965;1306;785
541;drum;4750;;0.7907368421052632;0.7914032869785083;0.7907368421052632;0.7910699241786016;3756;990;994
496;Christmas_stocking;4750;;0.9568421052631579;0.6742323097463284;0.9568421052631579;0.7910538682447132;4545;2196;205
939;zucchini;4750;;0.7532631578947369;0.8324802233597022;0.7532631578947369;0.7908930150309461;3578;720;1172
297;sloth_bear;4750;;0.7648421052631579;0.8186119873817035;0.7648421052631579;0.7908141053548107;3633;805;1117
653;milk_can;4750;;0.8461052631578947;0.7419235739339117;0.8461052631578947;0.7905970296055866;4019;1398;731
769;rule;4750;;0.7461052631578947;0.8402086296823139;0.7461052631578947;0.7903657448706513;3544;674;1206
965;burrito;4750;;0.7052631578947368;0.8986051502145923;0.7052631578947368;0.7902807265864591;3350;378;1400
219;cocker_spaniel;4750;;0.7503157894736842;0.8344649964879419;0.7503157894736842;0.7901563019620884;3564;707;1186
936;head_cabbage;4750;;0.7892631578947369;0.7909282700421941;0.7892631578947369;0.7900948366701792;3749;991;1001
465;bulletproof_vest;4750;;0.8842105263157894;0.713678844519966;0.8842105263157894;0.7898448519040904;4200;1685;550
337;beaver;4750;;0.744421052631579;0.8409036860879905;0.744421052631579;0.7897264098269123;3536;669;1214
966;red_wine;4750;;0.7652631578947369;0.8155710118914068;0.7652631578947369;0.7896165960682091;3635;822;1115
378;capuchin;4750;;0.8214736842105264;0.7585536547433903;0.8214736842105264;0.7887608651708106;3902;1242;848
82;ruffed_grouse;4750;;0.8488421052631578;0.7359007118087242;0.8488421052631578;0.7883468569752664;4032;1447;718
63;Indian_cobra;4750;;0.875578947368421;0.7168217855911755;0.875578947368421;0.7882865807429871;4159;1643;591
907;wine_bottle;4750;;0.7608421052631579;0.8170924711734117;0.7608421052631579;0.7879646789490896;3614;809;1136
499;cleaver;4750;;0.7162105263157895;0.8752251093388217;0.7162105263157895;0.7877735324765544;3402;485;1348
670;motor_scooter;4750;;0.9206315789473685;0.6871464487743557;0.9206315789473685;0.7869353967968328;4373;1991;377
437;beacon;4750;;0.7423157894736843;0.8371320037986705;0.7423157894736843;0.7868779290336979;3526;686;1224
587;hammer;4750;;0.7027368421052631;0.8937081659973226;0.7027368421052631;0.7868002357100764;3338;397;1412
489;chainlink_fence;4750;;0.7749473684210526;0.7986548058147104;0.7749473684210526;0.7866225024041031;3681;928;1069
622;lens_cap;4750;;0.6692631578947369;0.9532233883058471;0.6692631578947369;0.7863945578231293;3179;156;1571
128;black_stork;4750;;0.9231578947368421;0.6847282948157402;0.9231578947368421;0.7862650170342479;4385;2019;365
904;window_screen;4750;;0.7688421052631579;0.8035203520352036;0.7688421052631579;0.7857988165680474;3652;893;1098
871;trimaran;4750;;0.8216842105263158;0.7520231213872832;0.8216842105263158;0.7853118712273642;3903;1287;847
50;American_alligator;4750;;0.6867368421052632;0.9155206286836935;0.6867368421052632;0.784794899554914;3262;301;1488
21;kite;4750;;0.8762105263157894;0.7106026976267714;0.8762105263157894;0.7847647779768079;4162;1695;588
804;soap_dispenser;4750;;0.7185263157894737;0.8642694353000759;0.7185263157894737;0.7846878951603632;3413;536;1337
640;manhole_cover;4750;;0.7090526315789474;0.8782268578878748;0.7090526315789474;0.7846243447874199;3368;467;1382
399;abaya;4750;;0.8709473684210526;0.7135219041048637;0.8709473684210526;0.784414106939704;4137;1661;613
200;Tibetan_terrier;4750;;0.7309473684210527;0.8460038986354775;0.7309473684210527;0.7842782922972669;3472;632;1278
446;binder;4750;;0.771578947368421;0.7972590820100065;0.771578947368421;0.7842088370600192;3665;932;1085
490;chain_mail;4750;;0.8090526315789474;0.7606888361045131;0.8090526315789474;0.7841256886349725;3843;1209;907
492;chest;4750;;0.7107368421052631;0.8739321770644577;0.7107368421052631;0.7839312666898873;3376;487;1374
881;upright;4750;;0.8924210526315789;0.6989282769991756;0.8924210526315789;0.7839112343966713;4239;1826;511
233;Bouvier_des_Flandres;4750;;0.7776842105263158;0.7899914456800684;0.7776842105263158;0.7837895183534903;3694;982;1056
706;patio;4750;;0.6993684210526315;0.8910944206008584;0.6993684210526315;0.7836753951403632;3322;406;1428
29;axolotl;4750;;0.88;0.7063197026022305;0.88;0.7836520434945631;4180;1738;570
784;screwdriver;4750;;0.6962105263157895;0.8957204767063922;0.6962105263157895;0.7834636342099027;3307;385;1443
184;Irish_terrier;4750;;0.7597894736842106;0.806841046277666;0.7597894736842106;0.782608695652174;3609;864;1141
201;silky_terrier;4750;;0.7096842105263158;0.8721862871927555;0.7096842105263158;0.7825885084155543;3371;494;1379
342;wild_boar;4750;;0.8155789473684211;0.7520869734032227;0.8155789473684211;0.7825472174527827;3874;1277;876
618;ladle;4750;;0.6633684210526316;0.9536924939467313;0.6633684210526316;0.7824683387136826;3151;153;1599
940;spaghetti_squash;4750;;0.7886315789473685;0.7762121840033154;0.7886315789473685;0.7823725981620718;3746;1080;1004
662;modem;4750;;0.7073684210526315;0.875;0.7073684210526315;0.7823050058207217;3360;480;1390
436;beach_wagon;4750;;0.7652631578947369;0.799955985915493;0.7652631578947369;0.7822250914568539;3635;909;1115
985;daisy;4750;;0.9757894736842105;0.6526330611095466;0.9757894736842105;0.7821464731690854;4635;2467;115
464;buckle;4750;;0.7162105263157895;0.8601769911504424;0.7162105263157895;0.7816197587593336;3402;553;1348
314;cockroach;4750;;0.7128421052631579;0.8637755102040816;0.7128421052631579;0.7810841983852365;3386;534;1364
519;crate;4750;;0.7092631578947368;0.868522815158546;0.7092631578947368;0.7808552555336655;3369;510;1381
318;lacewing;4750;;0.8292631578947368;0.7377786102266342;0.8292631578947368;0.7808504311626523;3939;1400;811
52;thunder_snake;4750;;0.7629473684210526;0.7980621008588417;0.7629473684210526;0.780109783661608;3624;917;1126
725;pitcher;4750;;0.6922105263157895;0.8932355338223309;0.6922105263157895;0.7799786502194282;3288;393;1462
313;walking_stick;4750;;0.6884210526315789;0.8990926587847127;0.6884210526315789;0.7797782282103255;3270;367;1480
747;punching_bag;4750;;0.8018947368421052;0.7587649402390438;0.8018947368421052;0.7797338792221085;3809;1211;941
310;ant;4750;;0.8381052631578947;0.7288538996704503;0.8381052631578947;0.7796709753231492;3981;1481;769
828;strainer;4750;;0.6947368421052632;0.8880516684607105;0.6947368421052632;0.7795889440113395;3300;416;1450
121;king_crab;4750;;0.7745263157894737;0.7829325388380507;0.7745263157894737;0.7787067414541221;3679;1020;1071
208;Labrador_retriever;4750;;0.7334736842105263;0.8297213622291022;0.7334736842105263;0.7786344842999219;3484;715;1266
789;shoji;4750;;0.8677894736842106;0.7059427984243878;0.8677894736842106;0.7785437718387005;4122;1717;628
369;siamang;4750;;0.8061052631578948;0.7525550314465409;0.8061052631578948;0.7784102459849563;3829;1259;921
504;coffee_mug;4750;;0.7210526315789474;0.8450530471255859;0.7210526315789474;0.7781438146086561;3425;628;1325
946;cardoon;4750;;0.9593684210526315;0.6542713567839196;0.9593684210526315;0.7779769526248399;4557;2408;193
836;sunglass;4750;;0.7256842105263158;0.8376670716889429;0.7256842105263158;0.7776649746192894;3447;668;1303
680;nipple;4750;;0.8547368421052631;0.7132817990161631;0.8547368421052631;0.7776288067420035;4060;1632;690
419;Band_Aid;4750;;0.8225263157894737;0.7373089262124929;0.8225263157894737;0.7775898099313364;3907;1392;843
862;torch;4750;;0.8633684210526316;0.7070689655172414;0.8633684210526316;0.7774407582938389;4101;1699;649
72;black_and_gold_garden_spider;4750;;0.9427368421052632;0.6611545843791525;0.9427368421052632;0.7772281523908705;4478;2295;272
729;plate_rack;4750;;0.756;0.7985323549032688;0.756;0.7766843300529902;3591;906;1159
123;spiny_lobster;4750;;0.7002105263157895;0.8713649462929002;0.7002105263157895;0.7764678417182211;3326;491;1424
202;soft-coated_wheaten_terrier;4750;;0.776;0.776;0.776;0.776;3686;1064;1064
353;gazelle;4750;;0.7642105263157895;0.7867360208062418;0.7642105263157895;0.7753096967108073;3630;984;1120
510;container_ship;4750;;0.892;0.6855987055016182;0.892;0.7752973467520586;4237;1943;513
455;bottlecap;4750;;0.7448421052631579;0.8081315669255368;0.7448421052631579;0.7751971954425941;3538;840;1212
943;cucumber;4750;;0.7418947368421053;0.8116075541225242;0.7418947368421053;0.7751869775626925;3524;818;1226
798;slide_rule;4750;;0.7372631578947368;0.8170788614092394;0.7372631578947368;0.7751217352810978;3502;784;1248
207;golden_retriever;4750;;0.8338947368421052;0.7238669590643275;0.8338947368421052;0.7749951085893172;3961;1511;789
222;kuvasz;4750;;0.8176842105263158;0.7364429275692075;0.8176842105263158;0.7749401436552275;3884;1390;866
470;candle;4750;;0.7709473684210526;0.7784863945578231;0.7709473684210526;0.7746985403004019;3662;1042;1088
469;caldron;4750;;0.7983157894736842;0.752231700059512;0.7983157894736842;0.7745889081809826;3792;1249;958
787;shield;4750;;0.7290526315789474;0.8249166269652215;0.7290526315789474;0.7740277156906571;3463;735;1287
831;studio_couch;4750;;0.8686315789473684;0.6971949983102399;0.8686315789473684;0.7735283089613798;4126;1792;624
590;hand-held_computer;4750;;0.8307368421052631;0.7228430115405752;0.8307368421052631;0.7730433930845332;3946;1513;804
418;ballpoint;4750;;0.8092631578947368;0.7392307692307692;0.8092631578947368;0.7726633165829146;3844;1356;906
162;beagle;4750;;0.7233684210526315;0.8289505428226779;0.7233684210526315;0.7725688589094998;3436;709;1314
632;loudspeaker;4750;;0.7193684210526315;0.8340248962655602;0.7193684210526315;0.7724652424550695;3417;680;1333
835;sundial;4750;;0.6785263157894736;0.8945323341659728;0.6785263157894736;0.7716987908535855;3223;380;1527
964;potpie;4750;;0.8115789473684211;0.7345655487804879;0.8115789473684211;0.7711542308461692;3855;1393;895
531;digital_watch;4750;;0.8054736842105263;0.7387526549526936;0.8054736842105263;0.7706717695639038;3826;1353;924
153;Maltese_dog;4750;;0.8;0.7433489827856025;0.8;0.7706347596836342;3800;1312;950
577;gong;4750;;0.9414736842105264;0.6518950437317784;0.9414736842105264;0.7703703703703705;4472;2388;278
534;dishwasher;4750;;0.7252631578947368;0.8214115402956604;0.7252631578947368;0.7703488372093023;3445;749;1305
298;mongoose;4750;;0.7263157894736842;0.8186995728523968;0.7263157894736842;0.7697456492637217;3450;764;1300
893;wallet;4750;;0.7530526315789474;0.787018701870187;0.7530526315789474;0.7696611081226465;3577;968;1173
807;solar_dish;4750;;0.8437894736842105;0.7075022065313328;0.8437894736842105;0.7696591454632741;4008;1657;742
656;minivan;4750;;0.6852631578947368;0.876885775862069;0.6852631578947368;0.7693216733632711;3255;457;1495
180;American_Staffordshire_terrier;4750;;0.7854736842105263;0.7537373737373737;0.7854736842105263;0.7692783505154639;3731;1219;1019
112;conch;4750;;0.7094736842105264;0.8387257341961175;0.7094736842105264;0.7687043795620438;3370;648;1380
700;paper_towel;4750;;0.7261052631578947;0.8153664302600473;0.7261052631578947;0.7681514476614699;3449;781;1301
411;apron;4750;;0.6787368421052632;0.8835297341737463;0.6787368421052632;0.7677104417192522;3224;425;1526
588;hamper;4750;;0.7553684210526316;0.7796610169491526;0.7553684210526316;0.76732249786142;3588;1014;1162
803;snowplow;4750;;0.9145263157894736;0.6608854404381561;0.9145263157894736;0.7672878212487857;4344;2229;406
636;mailbag;4750;;0.8229473684210526;0.7176427391224527;0.8229473684210526;0.7666960870844365;3909;1538;841
431;bassinet;4750;;0.7770526315789473;0.7565074810411969;0.7770526315789473;0.7666424343130127;3691;1188;1059
853;thatch;4750;;0.8381052631578947;0.70597623692144;0.8381052631578947;0.7663875252671094;3981;1658;769
813;spatula;4750;;0.7218947368421053;0.8160399809614469;0.7218947368421053;0.7660857908847185;3429;773;1321
721;pillow;4750;;0.6258947368421053;0.9844370860927152;0.6258947368421053;0.7652509652509653;2973;47;1777
921;book_jacket;4750;;0.7661052631578947;0.7638539042821159;0.7661052631578947;0.7649779272650831;3639;1125;1111
898;water_bottle;4750;;0.6776842105263158;0.8763953171794173;0.6776842105263158;0.7643357473584234;3219;454;1531
887;vestment;4750;;0.7305263157894737;0.8012006465019625;0.7305263157894737;0.7642330139852439;3470;861;1280
701;parachute;4750;;0.92;0.6535068042470465;0.92;0.764186412520766;4370;2317;380
109;brain_coral;4750;;0.7410526315789474;0.7881773399014779;0.7410526315789474;0.7638888888888888;3520;946;1230
834;suit;4750;;0.7465263157894737;0.7819184123484013;0.7465263157894737;0.7638126009693053;3546;989;1204
189;Lakeland_terrier;4750;;0.7035789473684211;0.8352911772056986;0.7035789473684211;0.7637984230373671;3342;659;1408
505;coffeepot;4750;;0.787578947368421;0.7409387997623291;0.787578947368421;0.763547300744974;3741;1308;1009
491;chain_saw;4750;;0.9025263157894737;0.6612679315131883;0.9025263157894737;0.7632867444137809;4287;2196;463
206;curly-coated_retriever;4750;;0.7347368421052631;0.7928214447978191;0.7347368421052631;0.7626748251748252;3490;912;1260
691;oxygen_mask;4750;;0.7056842105263158;0.829087311402424;0.7056842105263158;0.7624246559763448;3352;691;1398
652;military_uniform;4750;;0.6722105263157895;0.8796143250688705;0.6722105263157895;0.762052505966587;3193;437;1557
204;Lhasa;4750;;0.7134736842105264;0.8174143753014954;0.7134736842105264;0.7619154676258992;3389;757;1361
409;analog_clock;4750;;0.7821052631578947;0.7422577422577422;0.7821052631578947;0.7616606868272681;3715;1290;1035
349;bighorn;4750;;0.9126315789473685;0.6529597830998645;0.9126315789473685;0.7612608657476512;4335;2304;415
702;parallel_bars;4750;;0.8517894736842105;0.6880952380952381;0.8517894736842105;0.761241768579492;4046;1834;704
78;tick;4750;;0.8416842105263158;0.6944589195761681;0.8416842105263158;0.7610164652136671;3998;1759;752
760;refrigerator;4750;;0.8071578947368421;0.7198648141194142;0.8071578947368421;0.761016276300119;3834;1492;916
252;affenpinscher;4750;;0.9216842105263158;0.6466765140324963;0.9216842105263158;0.7600694444444444;4378;2392;372
546;electric_guitar;4750;;0.8345263157894737;0.6975189160654583;0.8345263157894737;0.7598964823157289;3964;1719;786
748;purse;4750;;0.6378947368421053;0.9392436453812771;0.6378947368421053;0.7597793380140422;3030;196;1720
967;espresso;4750;;0.7191578947368421;0.8049010367577757;0.7191578947368421;0.7596175227929731;3416;828;1334
226;briard;4750;;0.7046315789473684;0.8227630285152409;0.7046315789473684;0.7591290542073031;3347;721;1403
969;eggnog;4750;;0.7574736842105263;0.760676532769556;0.7574736842105263;0.759071729957806;3598;1132;1152
334;porcupine;4750;;0.8235789473684211;0.7028386633129716;0.8235789473684211;0.7584335013571151;3912;1654;838
818;spotlight;4750;;0.7115789473684211;0.81074598224994;0.7115789473684211;0.7579325036439062;3380;789;1370
120;fiddler_crab;4750;;0.9063157894736842;0.6507936507936508;0.9063157894736842;0.7575890893092829;4305;2310;445
76;tarantula;4750;;0.7585263157894737;0.7561385099685205;0.7585263157894737;0.7573305307409354;3603;1162;1147
646;maze;4750;;0.9305263157894736;0.6380828641547568;0.9305263157894736;0.7570437612400446;4420;2507;330
868;tray;4750;;0.6669473684210526;0.874413469500414;0.6669473684210526;0.7567180222142602;3168;455;1582
696;paintbrush;4750;;0.7437894736842106;0.7697167755991285;0.7437894736842106;0.7565310492505354;3533;1057;1217
567;frying_pan;4750;;0.7856842105263158;0.7291910902696366;0.7856842105263158;0.7563842723956222;3732;1386;1018
416;balance_beam;4750;;0.8581052631578947;0.676065682534417;0.8581052631578947;0.7562853697003433;4076;1953;674
168;redbone;4750;;0.8793684210526316;0.6630158730158731;0.8793684210526316;0.7560180995475114;4177;2123;573
634;lumbermill;4750;;0.767578947368421;0.7443854634544712;0.767578947368421;0.7558043117744611;3646;1252;1104
581;grille;4750;;0.6572631578947369;0.8889521640091116;0.6572631578947369;0.7557492132655531;3122;390;1628
950;orange;4750;;0.6875789473684211;0.8387262455059066;0.6875789473684211;0.7556686719111523;3266;628;1484
241;EntleBucher;4750;;0.8823157894736842;0.66062421185372;0.8823157894736842;0.7555435370470523;4191;2153;559
525;dam;4750;;0.7892631578947369;0.7244444444444444;0.7892631578947369;0.7554659949622167;3749;1426;1001
319;dragonfly;4750;;0.6698947368421052;0.8653793853685069;0.6698947368421052;0.755191645900083;3182;495;1568
335;fox_squirrel;4750;;0.9284210526315789;0.6363636363636364;0.9284210526315789;0.7551369863013698;4410;2520;340
533;dishrag;4750;;0.7353684210526316;0.7755328596802842;0.7353684210526316;0.7549167927382754;3493;1011;1257
402;acoustic_guitar;4750;;0.779578947368421;0.7316735822959889;0.779578947368421;0.7548669860360818;3703;1358;1047
371;patas;4750;;0.6625263157894736;0.8756260434056762;0.6625263157894736;0.75431447746884;3147;447;1603
854;theater_curtain;4750;;0.892;0.6527499614851333;0.892;0.7538475224624145;4237;2254;513
502;clog;4750;;0.8332631578947368;0.6878693083072646;0.8332631578947368;0.7536176694592536;3958;1796;792
788;shoe_shop;4750;;0.767578947368421;0.7401542833942347;0.767578947368421;0.7536171971889211;3646;1280;1104
103;platypus;4750;;0.8067368421052632;0.7066199520560575;0.8067368421052632;0.7533667551361447;3832;1591;918
302;ground_beetle;4750;;0.7602105263157894;0.7459202644081802;0.7602105263157894;0.7529976019184652;3611;1230;1139
600;hook;4750;;0.6778947368421052;0.8460325801366264;0.6778947368421052;0.7526881720430108;3220;586;1530
126;isopod;4750;;0.7818947368421053;0.7249658403279329;0.7818947368421053;0.7523549073230023;3714;1409;1036
380;titi;4750;;0.6381052631578947;0.9157099697885196;0.6381052631578947;0.7521091811414392;3031;279;1719
556;fire_screen;4750;;0.7863157894736842;0.7195145444037757;0.7863157894736842;0.7514334573986521;3735;1456;1015
193;Australian_terrier;4750;;0.6968421052631579;0.8146689638198376;0.6968421052631579;0.7511630545784638;3310;753;1440
414;backpack;4750;;0.6303157894736842;0.9269349845201238;0.6303157894736842;0.750375939849624;2994;236;1756
462;broom;4750;;0.7618947368421053;0.7387221882016738;0.7618947368421053;0.7501295471033267;3619;1280;1131
623;letter_opener;4750;;0.6987368421052632;0.8091175036567528;0.6987368421052632;0.7498870311793946;3319;783;1431
373;macaque;4750;;0.8317894736842105;0.6826192121630961;0.8317894736842105;0.7498576579996205;3951;1837;799
847;tank;4750;;0.7892631578947369;0.7136874167142585;0.7892631578947369;0.7495751274617616;3749;1504;1001
478;carton;4750;;0.6669473684210526;0.855522549284364;0.6669473684210526;0.7495563705193422;3168;535;1582
481;cassette;4750;;0.7471578947368421;0.7517475111205253;0.7471578947368421;0.7494456762749446;3549;1172;1201
280;grey_fox;4750;;0.7471578947368421;0.7507933149989422;0.7471578947368421;0.7489711934156379;3549;1178;1201
750;quilt;4750;;0.6894736842105263;0.8181363977017237;0.6894736842105263;0.7483148634753799;3275;728;1475
982;groom;4750;;0.6185263157894737;0.9446945337620579;0.6185263157894737;0.7475826972010178;2938;172;1812
508;computer_keyboard;4750;;0.7804210526315789;0.7171599922615592;0.7804210526315789;0.7474543804819034;3707;1462;1043
846;table_lamp;4750;;0.8821052631578947;0.6482054455445545;0.8821052631578947;0.7472801854824327;4190;2274;560
538;dome;4750;;0.6538947368421053;0.8717373000280663;0.6538947368421053;0.747263322506917;3106;457;1644
591;handkerchief;4750;;0.7181052631578947;0.7778791334093501;0.7181052631578947;0.7467980295566502;3411;974;1339
671;mountain_bike;4750;;0.9202105263157895;0.6281074867078603;0.9202105263157895;0.746605175506021;4371;2588;379
839;suspension_bridge;4750;;0.6425263157894737;0.8908347927612376;0.6425263157894737;0.7465753424657534;3052;374;1698
187;Yorkshire_terrier;4750;;0.8145263157894737;0.6890471950133571;0.8145263157894737;0.7465508924264351;3869;1746;881
712;Petri_dish;4750;;0.783578947368421;0.7116634799235182;0.783578947368421;0.7458917835671341;3722;1508;1028
484;catamaran;4750;;0.6707368421052632;0.8399683627735302;0.6707368421052632;0.7458738148191503;3186;607;1564
679;necklace;4750;;0.860421052631579;0.6568627450980392;0.860421052631579;0.7449872402479036;4087;2135;663
648;medicine_chest;4750;;0.68;0.8210472801220132;0.68;0.743896821741133;3230;704;1520
797;sleeping_bag;4750;;0.7174736842105263;0.7717391304347826;0.7174736842105263;0.7436177176521929;3408;1008;1342
935;mashed_potato;4750;;0.7263157894736842;0.7610853739245532;0.7263157894736842;0.7432941936873856;3450;1083;1300
513;cornet;4750;;0.7357894736842105;0.7508055853920516;0.7357894736842105;0.7432216905901118;3495;1160;1255
65;sea_snake;4750;;0.7334736842105263;0.7528089887640449;0.7334736842105263;0.7430155683514608;3484;1144;1266
876;tub;4750;;0.6795789473684211;0.8155634158665993;0.6795789473684211;0.741387230133211;3228;730;1522
762;restaurant;4750;;0.7073684210526315;0.7786790266512167;0.7073684210526315;0.7413127413127412;3360;955;1390
269;timber_wolf;4750;;0.796;0.6929985337243402;0.796;0.7409367038996668;3781;1675;969
530;digital_clock;4750;;0.7075789473684211;0.7769301895515488;0.7075789473684211;0.74063464081093;3361;965;1389
435;bathtub;4750;;0.6802105263157895;0.812421423183304;0.6802105263157895;0.7404606393949811;3231;746;1519
624;library;4750;;0.6749473684210526;0.8178571428571428;0.6749473684210526;0.7395617070357556;3206;714;1544
851;television;4750;;0.8223157894736842;0.6710187253049305;0.8223157894736842;0.7390029325513197;3906;1915;844
968;cup;4750;;0.6741052631578948;0.8164201937786844;0.6741052631578948;0.7384686346863469;3202;720;1548
812;space_shuttle;4750;;0.8926315789473684;0.6296406296406296;0.8926315789473684;0.7384186694531522;4240;2494;510
631;lotion;4750;;0.7978947368421052;0.6864698424198514;0.7978947368421052;0.7380001947230065;3790;1731;960
552;feather_boa;4750;;0.8197894736842105;0.6703391289378551;0.8197894736842105;0.737569845629321;3894;1915;856
107;jellyfish;4750;;0.8303157894736842;0.6630800268997983;0.8303157894736842;0.7373340811366611;3944;2004;806
434;bath_towel;4750;;0.6482105263157895;0.8548028872848418;0.6482105263157895;0.7373084291187739;3079;523;1671
892;wall_clock;4750;;0.7294736842105263;0.7448409286328461;0.7294736842105263;0.7370772176132738;3465;1187;1285
899;water_jug;4750;;0.6147368421052631;0.9199747952110902;0.6147368421052631;0.7370015143866735;2920;254;1830
585;hair_spray;4750;;0.755578947368421;0.7186623948738486;0.755578947368421;0.7366584564860427;3589;1405;1161
742;printer;4750;;0.6545263157894737;0.8423191547006231;0.6545263157894737;0.7366425778936145;3109;582;1641
962;meat_loaf;4750;;0.751578947368421;0.7220873786407767;0.751578947368421;0.7365380647823396;3570;1374;1180
40;American_chameleon;4750;;0.8058947368421052;0.6764446015197031;0.8058947368421052;0.7355173407628014;3828;1831;922
960;chocolate_sauce;4750;;0.7376842105263158;0.7321353949017969;0.7376842105263158;0.7348993288590604;3504;1282;1246
37;box_turtle;4750;;0.6823157894736842;0.793390452876377;0.6823157894736842;0.7336728919071874;3241;844;1509
944;artichoke;4750;;0.5987368421052631;0.9461077844311377;0.5987368421052631;0.7333677153171737;2844;162;1906
894;wardrobe;4750;;0.756421052631579;0.7107814045499505;0.756421052631579;0.7328913819479858;3593;1462;1157
743;prison;4750;;0.8315789473684211;0.6544068919814446;0.8315789473684211;0.7324309289820137;3950;2086;800
884;vault;4750;;0.779578947368421;0.6902143522833178;0.779578947368421;0.7321799307958478;3703;1662;1047
584;hair_slide;4750;;0.784;0.6864516129032258;0.784;0.731990171990172;3724;1701;1026
633;loupe;4750;;0.7513684210526316;0.712944466640032;0.7513684210526316;0.7316523165231652;3569;1437;1181
690;oxcart;4750;;0.9086315789473685;0.6116780045351474;0.9086315789473685;0.731153650686092;4316;2740;434
453;bookcase;4750;;0.7736842105263158;0.6866591928251121;0.7736842105263158;0.7275786972876658;3675;1677;1075
660;mobile_home;4750;;0.783578947368421;0.6773430391264786;0.783578947368421;0.7265983406539775;3722;1773;1028
124;crayfish;4750;;0.6503157894736842;0.8202336696760488;0.6503157894736842;0.7254579614842649;3089;677;1661
374;langur;4750;;0.8170526315789474;0.6513930849278281;0.8170526315789474;0.7248785954426598;3881;2077;869
61;boa_constrictor;4750;;0.6056842105263158;0.9024466750313677;0.6056842105263158;0.7248677248677248;2877;311;1873
460;breakwater;4750;;0.6446315789473684;0.8277912949445796;0.6446315789473684;0.7248195052668955;3062;637;1688
493;chiffonier;4750;;0.6888421052631579;0.7634157722818479;0.6888421052631579;0.7242142540947321;3272;1014;1478
595;harvester;4750;;0.7456842105263158;0.7036154151767978;0.7456842105263158;0.7240392477514309;3542;1492;1208
683;oboe;4750;;0.7724210526315789;0.6809576837416481;0.7724210526315789;0.7238114026435194;3669;1719;1081
341;hog;4750;;0.6536842105263158;0.810070440907905;0.6536842105263158;0.7235232436211114;3105;728;1645
329;sea_cucumber;4750;;0.7298947368421053;0.7170630816959669;0.7298947368421053;0.7234220135628586;3467;1368;1283
913;wreck;4750;;0.7551578947368421;0.6938104448742747;0.7551578947368421;0.7231854838709678;3587;1583;1163
602;horizontal_bar;4750;;0.6814736842105263;0.7688836104513064;0.6814736842105263;0.722544642857143;3237;973;1513
454;bookshop;4750;;0.6507368421052632;0.8117121848739496;0.6507368421052632;0.7223650385604112;3091;717;1659
188;wire-haired_fox_terrier;4750;;0.9269473684210526;0.5914830736163353;0.9269473684210526;0.7221584385763491;4403;3041;347
677;nail;4750;;0.7347368421052631;0.7097823876347367;0.7347368421052631;0.7220440674459501;3490;1427;1260
866;tractor;4750;;0.7090526315789474;0.7336092354606839;0.7090526315789474;0.7211219355529386;3368;1223;1382
163;bloodhound;4750;;0.6069473684210527;0.8870769230769231;0.6069473684210527;0.72075;2883;367;1867
377;marmoset;4750;;0.8124210526315789;0.6472660181147266;0.8124210526315789;0.7205003734129948;3859;2103;891
992;agaric;4750;;0.7705263157894737;0.6756507291858963;0.7705263157894737;0.719976394216583;3660;1757;1090
49;African_crocodile;4750;;0.64;0.8218437415517708;0.64;0.7196117883773228;3040;659;1710
905;window_shade;4750;;0.736;0.7029961793685904;0.736;0.7191196132880797;3496;1477;1254
230;Shetland_sheepdog;4750;;0.7370526315789474;0.6999200319872051;0.7370526315789474;0.7180065627563577;3501;1501;1249
906;Windsor_tie;4750;;0.8269473684210527;0.630598812008348;0.8269473684210527;0.7155478641041989;3928;2301;822
483;castle;4750;;0.7852631578947369;0.6568057756647298;0.7852631578947369;0.7153130693259182;3730;1949;1020
250;Siberian_husky;4750;;0.7850526315789473;0.654899894625922;0.7850526315789473;0.7140942167751819;3729;1965;1021
692;packet;4750;;0.7225263157894737;0.7034228325476533;0.7225263157894737;0.7128466092013709;3432;1447;1318
650;microphone;4750;;0.6957894736842105;0.73070970594738;0.6957894736842105;0.712822171896905;3305;1218;1445
917;comic_book;4750;;0.7471578947368421;0.6807980049875312;0.7471578947368421;0.7124360132490214;3549;1664;1201
926;hot_pot;4750;;0.8267368421052631;0.6258167330677291;0.8267368421052631;0.7123809523809523;3927;2348;823
501;cloak;4750;;0.6791578947368421;0.7464136973623322;0.6791578947368421;0.7111992945326279;3226;1096;1524
718;pier;4750;;0.6717894736842105;0.7554450757575758;0.6717894736842105;0.7111655894807221;3191;1033;1559
311;grasshopper;4750;;0.748;0.677536231884058;0.748;0.7110266159695818;3553;1691;1197
675;moving_van;4750;;0.8113684210526316;0.6306660121093111;0.8113684210526316;0.709695239849001;3854;2257;896
558;flute;4750;;0.6492631578947369;0.7813529262731188;0.6492631578947369;0.709210072438772;3084;863;1666
601;hoopskirt;4750;;0.8227368421052632;0.6228881096589098;0.8227368421052632;0.7089985486211903;3908;2366;842
979;valley;4750;;0.8018947368421052;0.635256837891928;0.8018947368421052;0.7089149450958496;3809;2187;941
170;Irish_wolfhound;4750;;0.7193684210526315;0.6986301369863014;0.7193684210526315;0.7088476299139094;3417;1474;1333
382;squirrel_monkey;4750;;0.876;0.5949385187303403;0.876;0.7086171662125341;4161;2833;589
638;maillot;4750;;0.7781052631578947;0.6481936162749913;0.7781052631578947;0.7072330654420206;3696;2006;1054
698;palace;4750;;0.7252631578947368;0.6896896896896897;0.7252631578947368;0.7070292457670599;3445;1550;1305
928;ice_cream;4750;;0.592421052631579;0.8728287841191067;0.592421052631579;0.7057938299473288;2814;410;1936
59;vine_snake;4750;;0.7623157894736842;0.6542005420054201;0.7623157894736842;0.7041322314049587;3621;1914;1129
819;stage;4750;;0.6901052631578948;0.7183870260793338;0.6901052631578948;0.7039622033716311;3278;1285;1472
735;poncho;4750;;0.8469473684210527;0.6020652499251721;0.8469473684210527;0.7038138558432471;4023;2659;727
442;bell_cote;4750;;0.7294736842105263;0.6796783052177324;0.7294736842105263;0.7036961819658814;3465;1633;1285
77;wolf_spider;4750;;0.8787368421052631;0.5854958619722261;0.8787368421052631;0.7027527569660746;4174;2955;576
550;espresso_maker;4750;;0.772;0.644577254350501;0.772;0.7025577162563464;3667;2022;1083
549;envelope;4750;;0.6774736842105263;0.7292091547699977;0.6774736842105263;0.702390046927862;3218;1195;1532
997;bolete;4750;;0.8861052631578947;0.5814338997099047;0.8861052631578947;0.702143631662357;4209;3030;541
413;assault_rifle;4750;;0.8589473684210527;0.5925925925925926;0.8589473684210527;0.7013321873657069;4080;2805;670
824;stole;4750;;0.7446315789473684;0.6624836111631391;0.7446315789473684;0.7011596788581624;3537;1802;1213
67;diamondback;4750;;0.6484210526315789;0.7625649913344887;0.6484210526315789;0.7008760951188987;3080;959;1670
30;bullfrog;4750;;0.5856842105263158;0.8701908038786362;0.5856842105263158;0.7001384170127092;2782;415;1968
930;French_loaf;4750;;0.760421052631579;0.6475439225528863;0.760421052631579;0.6994577846630519;3612;1966;1138
976;promontory;4750;;0.7818947368421053;0.6323854929337647;0.7818947368421053;0.6992375035300762;3714;2159;1036
44;alligator_lizard;4750;;0.5608421052631579;0.919889502762431;0.5608421052631579;0.6968349463771907;2664;232;2086
998;ear;4750;;0.7642105263157895;0.6391970417326994;0.7642105263157895;0.6961357752421133;3630;2049;1120
578;gown;4750;;0.596421052631579;0.835693215339233;0.596421052631579;0.696068796068796;2833;557;1917
733;pole;4750;;0.6027368421052631;0.8203438395415473;0.6027368421052631;0.6949029126213593;2863;627;1887
598;home_theater;4750;;0.7707368421052632;0.6278511404561825;0.7707368421052632;0.6919950855306682;3661;2170;1089
751;racer;4750;;0.8050526315789474;0.6057341992713449;0.8050526315789474;0.6913133869655609;3824;2489;926
42;agama;4750;;0.8412631578947368;0.5852372583479789;0.8412631578947368;0.6902746588357229;3996;2832;754
977;sandbar;4750;;0.7562105263157894;0.6346289752650177;0.7562105263157894;0.6901056676272814;3592;2068;1158
754;radio;4750;;0.5450526315789473;0.9373642288196958;0.5450526315789473;0.689297124600639;2589;173;2161
271;red_wolf;4750;;0.6027368421052631;0.8042134831460674;0.6027368421052631;0.6890493381468111;2863;697;1887
705;passenger_car;4750;;0.6366315789473684;0.7488855869242199;0.6366315789473684;0.6882111970869367;3024;1014;1726
5;electric_ray;4750;;0.82;0.5928462709284628;0.82;0.6881625441696113;3895;2675;855
285;Egyptian_cat;4750;;0.5951578947368421;0.8151672433679354;0.5951578947368421;0.6880019469457289;2827;641;1923
166;Walker_hound;4750;;0.58;0.8440563725490197;0.58;0.6875467931120539;2755;509;1995
999;toilet_tissue;4750;;0.5421052631578948;0.9360232642675391;0.5421052631578948;0.6865751233168911;2575;176;2175
980;volcano;4750;;0.7509473684210526;0.6315509915014165;0.7509473684210526;0.6860934795152914;3567;2081;1183
908;wing;4750;;0.5532631578947368;0.9003083247687564;0.5532631578947368;0.6853566305906897;2628;291;2122
34;leatherback_turtle;4750;;0.7014736842105264;0.6689419795221843;0.7014736842105264;0.6848217038331107;3332;1649;1418
817;sports_car;4750;;0.655157894736842;0.7167204053431598;0.655157894736842;0.6845578530576331;3112;1230;1638
406;altar;4750;;0.7155789473684211;0.6552920763447079;0.7155789473684211;0.6841098923216262;3399;1788;1351
385;Indian_elephant;4750;;0.6911578947368421;0.6771864686468647;0.6911578947368421;0.6841008543446552;3283;1565;1467
108;sea_anemone;4750;;0.6530526315789473;0.7157360406091371;0.6530526315789473;0.6829590488771466;3102;1232;1648
516;cradle;4750;;0.6749473684210526;0.6910972192282819;0.6749473684210526;0.6829268292682927;3206;1433;1544
272;coyote;4750;;0.7473684210526316;0.6274301873453517;0.7473684210526316;0.6821675634127594;3550;2108;1200
479;car_wheel;4750;;0.5587368421052632;0.8704493276484093;0.5587368421052632;0.6806000769329401;2654;395;2096
909;wok;4750;;0.580421052631579;0.8120765832106038;0.580421052631579;0.6769797421731124;2757;638;1993
975;lakeside;4750;;0.6915789473684211;0.6618980455369736;0.6915789473684211;0.6764130546690004;3285;1678;1465
970;alp;4750;;0.7347368421052631;0.6232142857142857;0.7347368421052631;0.6743961352657004;3490;2110;1260
304;leaf_beetle;4750;;0.5612631578947368;0.8420720151610865;0.5612631578947368;0.6735725113693786;2666;500;2084
509;confectionery;4750;;0.6837894736842105;0.6596263200649878;0.6837894736842105;0.6714905933429812;3248;1676;1502
101;tusker;4750;;0.5850526315789474;0.7861386138613862;0.5850526315789474;0.6708509354254678;2779;756;1971
562;fountain;4750;;0.8004210526315789;0.5769347496206373;0.8004210526315789;0.6705467372134037;3802;2788;948
281;tabby;4750;;0.8941052631578947;0.5342810416404579;0.8941052631578947;0.6688715646901331;4247;3702;503
231;collie;4750;;0.6303157894736842;0.7048022598870056;0.6303157894736842;0.6654812180484552;2994;1254;1756
424;barbershop;4750;;0.5421052631578948;0.8563352178250748;0.5421052631578948;0.6639164625499548;2575;432;2175
961;dough;4750;;0.5332631578947369;0.87616741611899;0.5332631578947369;0.6630022248396807;2533;358;2217
673;mouse;4750;;0.5707368421052632;0.7889988358556461;0.5707368421052632;0.6623503542633765;2711;725;2039
167;English_foxhound;4750;;0.8210526315789474;0.5546863888493813;0.8210526315789474;0.6620830150241915;3900;3131;850
526;desk;4750;;0.6983157894736842;0.6273879326650275;0.6983157894736842;0.6609544684666733;3317;1970;1433
62;rock_python;4750;;0.7012631578947368;0.6247186796699175;0.7012631578947368;0.6607815909541758;3331;2001;1419
415;bakery;4750;;0.5858947368421052;0.755223880597015;0.5858947368421052;0.6598695909899229;2783;902;1967
54;hognose_snake;4750;;0.5646315789473684;0.7932564330079858;0.5646315789473684;0.6596974541876768;2682;699;2068
611;jigsaw_puzzle;4750;;0.7818947368421053;0.5643519222002735;0.7818947368421053;0.6555467302091608;3714;2867;1036
488;chain;4750;;0.6229473684210526;0.6910322279308734;0.6229473684210526;0.6552258635961027;2959;1323;1791
620;laptop;4750;;0.8397894736842105;0.5345751809166444;0.8397894736842105;0.6532918440877826;3989;3473;761
536;dock;4750;;0.5757894736842105;0.7544827586206897;0.5757894736842105;0.6531343283582091;2735;890;2015
848;tape_player;4750;;0.5402105263157895;0.823227462303497;0.5402105263157895;0.6523452396084912;2566;551;2184
111;nematode;4750;;0.9387368421052632;0.4988253719655442;0.9387368421052632;0.6514719848053181;4459;4480;291
240;Appenzeller;4750;;0.5890526315789474;0.7231842853450504;0.5890526315789474;0.6492632555980972;2798;1071;1952
476;carousel;4750;;0.9227368421052632;0.5007998171846435;0.9227368421052632;0.6492371500518442;4383;4369;367
582;grocery_store;4750;;0.708421052631579;0.5987544483985765;0.708421052631579;0.6489874638379941;3365;2255;1385
32;tailed_frog;4750;;0.7242105263157895;0.5852330724736304;0.7242105263157895;0.64734663153933;3440;2438;1310
408;amphibian;4750;;0.7785263157894737;0.5536756999550831;0.7785263157894737;0.6471257327850206;3698;2981;1052
461;breastplate;4750;;0.836;0.5274272811794395;0.836;0.6467953416401987;3971;3558;779
64;green_mamba;4750;;0.7696842105263157;0.5549483910139648;0.7696842105263157;0.6449109190333392;3656;2932;1094
58;water_snake;4750;;0.6269473684210526;0.6631039857492763;0.6269473684210526;0.6445189914511416;2978;1513;1772
764;rifle;4750;;0.49957894736842107;0.9060710194730813;0.49957894736842107;0.6440493961188763;2373;246;2377
741;prayer_rug;4750;;0.8574736842105263;0.5153087044534413;0.8574736842105263;0.6437490121700649;4073;3831;677
639;maillot;4750;;0.5526315789473685;0.7648601398601399;0.5526315789473685;0.6416524077242728;2625;807;2125
895;warplane;4750;;0.840842105263158;0.517491578129049;0.840842105263158;0.6406801411613732;3994;3724;756
815;spider_web;4750;;0.6006315789473684;0.684829572731637;0.6006315789473684;0.6399730820995961;2853;1313;1897
527;desktop_computer;4750;;0.6437894736842106;0.6344398340248962;0.6437894736842106;0.6390804597701151;3058;1762;1692
266;miniature_poodle;4750;;0.5802105263157895;0.7021656050955414;0.5802105263157895;0.6353890489913545;2756;1169;1994
405;airship;4750;;0.7629473684210526;0.543572821358932;0.7629473684210526;0.634842778313042;3624;3043;1126
865;toyshop;4750;;0.8048421052631579;0.5230537693254891;0.8048421052631579;0.6340492578157392;3823;3486;927
925;consomme;4750;;0.8829473684210526;0.49213799577563955;0.8829473684210526;0.6320072332730561;4194;4328;556
885;velvet;4750;;0.6126315789473684;0.6507155635062611;0.6126315789473684;0.631099544567339;2910;1562;1840
987;corn;4750;;0.6014736842105263;0.6601201478743068;0.6014736842105263;0.6294337959903062;2857;1471;1893
312;cricket;4750;;0.5221052631578947;0.7908163265306123;0.5221052631578947;0.6289627187420745;2480;656;2270
689;overskirt;4750;;0.728;0.5509001115182413;0.728;0.6271878117348327;3458;2819;1292
265;toy_poodle;4750;;0.6901052631578948;0.5745836985100788;0.6901052631578948;0.627068388330942;3278;2427;1472
782;screen;4750;;0.5850526315789474;0.6709319169483341;0.5850526315789474;0.6250562303193882;2779;1363;1971
277;red_fox;4750;;0.8818947368421053;0.479345462867605;0.8818947368421053;0.621098672992809;4189;4550;561
238;Greater_Swiss_Mountain_dog;4750;;0.5183157894736842;0.7744573765335011;0.5183157894736842;0.6210114768571068;2462;717;2288
794;shower_curtain;4750;;0.7189473684210527;0.5459632294164668;0.7189473684210527;0.6206269877328487;3415;2840;1335
972;cliff;4750;;0.5922105263157895;0.6456277254991967;0.5922105263157895;0.6177665532008345;2813;1544;1937
856;thresher;4750;;0.7663157894736842;0.5169720210197415;0.7663157894736842;0.6174200661521498;3640;3401;1110
356;weasel;4750;;0.5328421052631579;0.7323495370370371;0.5328421052631579;0.616865708018523;2531;925;2219
348;ram;4750;;0.4686315789473684;0.8893328006392329;0.4686315789473684;0.6138149731145733;2226;277;2524
36;terrapin;4750;;0.7494736842105263;0.5172914850334205;0.7494736842105263;0.6121045392022008;3560;3322;1190
923;plate;4750;;0.5955789473684211;0.6290860573715811;0.5955789473684211;0.6118741213366498;2829;1668;1921
619;lampshade;4750;;0.48168421052631577;0.836563071297989;0.48168421052631577;0.6113560454241818;2288;447;2462
359;black-footed_ferret;4750;;0.5132631578947369;0.7453378171812901;0.5132631578947369;0.607904251340232;2438;833;2312
996;hen-of-the-woods;4750;;0.8178947368421052;0.4829086389061529;0.8178947368421052;0.6072684642438453;3885;4160;865
664;monitor;4750;;0.5726315789473684;0.6424185167690127;0.5726315789473684;0.6055209260908281;2720;1514;2030
809;soup_bowl;4750;;0.4766315789473684;0.8238719068413392;0.4766315789473684;0.6038943718324887;2264;484;2486
6;stingray;4750;;0.5233684210526316;0.7131382673551349;0.5233684210526316;0.6036911121903837;2486;1000;2264
345;ox;4750;;0.4770526315789474;0.8156947444204463;0.4770526315789474;0.60201912858661;2266;512;2484
728;plastic_bag;4750;;0.6290526315789474;0.5707736389684813;0.6290526315789474;0.5984977466199298;2988;2247;1762
26;common_newt;4750;;0.7075789473684211;0.5181131493756744;0.7075789473684211;0.5982023671798524;3361;3126;1389
381;spider_monkey;4750;;0.5002105263157894;0.7411104179663132;0.5002105263157894;0.597285067873303;2376;830;2374
810;space_bar;4750;;0.7465263157894737;0.4973352033660589;0.7465263157894737;0.5969696969696969;3546;3584;1204
485;CD_player;4750;;0.47957894736842105;0.789875173370319;0.47957894736842105;0.5968037725962798;2278;606;2472
35;mud_turtle;4750;;0.4768421052631579;0.7961335676625659;0.4768421052631579;0.5964450296247532;2265;580;2485
663;monastery;4750;;0.7286315789473684;0.5029792181368987;0.7286315789473684;0.5951336944372797;3461;3420;1289
799;sliding_door;4750;;0.504421052631579;0.7243047158403869;0.504421052631579;0.5946885083147183;2396;912;2354
860;tobacco_shop;4750;;0.7766315789473685;0.47185981069327193;0.7766315789473685;0.5870464672183322;3689;4129;1061
482;cassette_player;4750;;0.8174736842105264;0.45457738234605477;0.8174736842105264;0.5842612097502257;3883;4659;867
328;sea_urchin;4750;;0.7972631578947369;0.44981589262382704;0.7972631578947369;0.5751385830359177;3787;4632;963
119;rock_crab;4750;;0.4298947368421053;0.8626953950147866;0.4298947368421053;0.5738372909933961;2042;325;2708
681;notebook;4750;;0.4686315789473684;0.7339268051434223;0.4686315789473684;0.5720159321598356;2226;807;2524
358;polecat;4750;;0.7315789473684211;0.46927751519243754;0.7315789473684211;0.5717811600164542;3475;3930;1275
68;sidewinder;4750;;0.7477894736842106;0.46207883439573305;0.7477894736842106;0.5711988421645092;3552;4135;1198
497;church;4750;;0.43557894736842107;0.8101018010963195;0.43557894736842107;0.566538882803943;2069;485;2681
599;honeycomb;4750;;0.7128421052631579;0.4541309012875536;0.7128421052631579;0.5548091102736359;3386;4070;1364
657;missile;4750;;0.6930526315789474;0.45887928631168107;0.6930526315789474;0.5521637034552164;3292;3882;1458
524;cuirass;4750;;0.4383157894736842;0.7088866189989785;0.4383157894736842;0.5416937687004032;2082;855;2668
60;night_snake;4750;;0.4086315789473684;0.794189852700491;0.4086315789473684;0.5396163469557965;1941;503;2809
539;doormat;4750;;0.6743157894736842;0.4447375728964177;0.6743157894736842;0.5359772423025435;3203;3999;1547
73;barn_spider;4750;;0.7109473684210527;0.42730608629634315;0.7109473684210527;0.5337864538054217;3377;4526;1373
973;coral_reef;4750;;0.735578947368421;0.4060901906090191;0.735578947368421;0.5232889022015875;3494;5110;1256
978;seashore;4750;;0.6402105263157895;0.4390067850440306;0.6402105263157895;0.520852958807913;3041;3886;1709
248;Eskimo_dog;4750;;0.3625263157894737;0.7957486136783734;0.3625263157894737;0.4981197570147526;1722;442;3028
66;horned_viper;4750;;0.4749473684210526;0.5175498967653132;0.4749473684210526;0.49533428477330116;2256;2103;2494
744;projectile;4750;;0.5694736842105264;0.425314465408805;0.5694736842105264;0.48694869486948694;2705;3655;2045
911;wool;4750;;0.5627368421052632;0.4267922720740859;0.5627368421052632;0.4854263143557614;2673;3590;2077
878;typewriter_keyboard;4750;;0.3237894736842105;0.8422782037239869;0.3237894736842105;0.4677615571776156;1538;288;3212
46;green_lizard;4750;;0.30736842105263157;0.8079690094078583;0.30736842105263157;0.44532560622235773;1460;347;3290
974;geyser;4750;;0.868;0.2823585810162991;0.868;0.4261058288548987;4123;10479;627
55;green_snake;4750;;0.2909473684210526;0.6937751004016064;0.2909473684210526;0.4099673687333135;1382;610;3368
282;tiger_cat;4750;;0.24357894736842106;0.8906851424172441;0.24357894736842106;0.3825425690196727;1157;142;3593
278;kit_fox;4750;;0.21789473684210525;0.8567880794701986;0.21789473684210525;0.3474320241691843;1035;173;3715
947;mushroom;4750;;0.21305263157894735;0.63210493441599;0.21305263157894735;0.3186899700834514;1012;589;3738
74;garden_spider;4750;;0.1408421052631579;0.7542277339346111;0.1408421052631579;0.2373602980308675;669;218;4081
