class_idx;class_label;support;base_accuracy;overall_accuracy;precision;recall;f1;tp;fp;fn
136;European_gallinule;4750;;0.9256842105263158;0.9723573639982309;0.9256842105263158;0.9484469370146678;4397;125;353
90;lorikeet;4750;;0.9536842105263158;0.9375;0.9536842105263158;0.9455228553537883;4530;302;220
129;spoonbill;4750;;0.9218947368421052;0.9703079991136716;0.9218947368421052;0.9454820252617941;4379;134;371
255;Leonberg;4750;;0.9164210526315789;0.9671184181293045;0.9164210526315789;0.9410874500054048;4353;148;397
339;sorrel;4750;;0.9404210526315789;0.9368708053691275;0.9404210526315789;0.938642571968901;4467;301;283
135;limpkin;4750;;0.9349473684210526;0.9414882340470638;0.9349473684210526;0.9382064011830569;4441;276;309
100;black_swan;4750;;0.9273684210526316;0.9481274214377959;0.9273684210526316;0.9376330353341849;4405;241;345
130;flamingo;4750;;0.8997894736842105;0.9749087591240876;0.8997894736842105;0.9358440989708781;4274;110;476
376;proboscis_monkey;4750;;0.9406315789473684;0.9244775501758742;0.9406315789473684;0.9324846081602838;4468;365;282
340;zebra;4750;;0.9082105263157895;0.9529489728296885;0.9082105263157895;0.9300420394524092;4314;213;436
139;ruddy_turnstone;4750;;0.8989473684210526;0.958688819039066;0.8989473684210526;0.9278574532811821;4270;184;480
88;macaw;4750;;0.9063157894736842;0.9465699208443272;0.9063157894736842;0.9260055926005593;4305;243;445
995;earthstar;4750;;0.9418947368421052;0.9097193981293209;0.9418947368421052;0.9255275134464211;4474;444;276
9;ostrich;4750;;0.9136842105263158;0.9353448275862069;0.9136842105263158;0.9243876464323747;4340;300;410
15;robin;4750;;0.8922105263157895;0.9566591422121896;0.8922105263157895;0.9233115468409586;4238;192;512
0;tench;4750;;0.8983157894736842;0.9465394853593612;0.8983157894736842;0.921797364441564;4267;241;483
685;odometer;4750;;0.9528421052631579;0.8927021696252465;0.9528421052631579;0.9217922606924644;4526;544;224
275;African_hunting_dog;4750;;0.9254736842105263;0.9120331950207469;0.9254736842105263;0.9187042842215256;4396;424;354
11;goldfinch;4750;;0.8587368421052631;0.9821815555020467;0.8587368421052631;0.9163203414579355;4079;74;671
576;gondola;4750;;0.8905263157894737;0.9372922667848438;0.8905263157894737;0.9133110223469718;4230;283;520
625;lifeboat;4750;;0.8846315789473684;0.9429982046678635;0.8846315789473684;0.9128829024549207;4202;254;548
96;toucan;4750;;0.864421052631579;0.9658903787344154;0.864421052631579;0.9123430729918898;4106;145;644
388;giant_panda;4750;;0.9061052631578947;0.9175015988062247;0.9061052631578947;0.9117678212053808;4304;387;446
19;chickadee;4750;;0.8562105263157894;0.9704127893104271;0.8562105263157894;0.9097416396376244;4067;124;683
87;African_grey;4750;;0.8614736842105263;0.9603379488383008;0.8614736842105263;0.9082232826545333;4092;169;658
323;monarch;4750;;0.9187368421052632;0.895363151415675;0.9187368421052632;0.9068994181213633;4364;510;386
143;oystercatcher;4750;;0.844421052631579;0.9790090309982914;0.844421052631579;0.906748050186504;4011;86;739
387;lesser_panda;4750;;0.9134736842105263;0.895377631035906;0.9134736842105263;0.9043351396415173;4339;507;411
351;hartebeest;4750;;0.9136842105263158;0.8920863309352518;0.9136842105263158;0.9027561102444098;4340;525;410
900;water_tower;4750;;0.8701052631578947;0.9378261856137963;0.8701052631578947;0.9026973899748826;4133;274;617
91;coucal;4750;;0.8578947368421053;0.944598980064905;0.8578947368421053;0.8991615180935569;4075;239;675
25;European_fire_salamander;4750;;0.8823157894736842;0.9160655737704918;0.8823157894736842;0.8988739946380697;4191;384;559
284;Siamese_cat;4750;;0.9298947368421052;0.8647220046985121;0.9298947368421052;0.8961249746398863;4417;691;333
291;lion;4750;;0.9002105263157895;0.8904623073719283;0.9002105263157895;0.8953098827470687;4276;526;474
24;great_grey_owl;4750;;0.8642105263157894;0.9281030974451729;0.8642105263157894;0.8950179875722227;4105;318;645
560;football_helmet;4750;;0.8532631578947368;0.941026236359415;0.8532631578947368;0.8949983438224578;4053;254;697
145;king_penguin;4750;;0.8703157894736843;0.9196885428253615;0.8703157894736843;0.8943212547322879;4134;361;616
746;puck;4750;;0.8661052631578947;0.9238715472715023;0.8661052631578947;0.8940562859936977;4114;339;636
333;hamster;4750;;0.8861052631578947;0.894200127469726;0.8861052631578947;0.8901342920587925;4209;498;541
986;yellow_lady's_slipper;4750;;0.9793684210526316;0.8154250657318142;0.9793684210526316;0.8899091343854615;4652;1053;98
915;yurt;4750;;0.8452631578947368;0.9350256171401956;0.8452631578947368;0.8878814683768245;4015;279;735
247;Saint_Bernard;4750;;0.875578947368421;0.9000216403375892;0.875578947368421;0.88763205634404;4159;462;591
17;jay;4750;;0.8229473684210526;0.9625707953705984;0.8229473684210526;0.8872999659516513;3909;152;841
321;admiral;4750;;0.8549473684210527;0.9208616780045351;0.8549473684210527;0.8866812227074236;4061;349;689
763;revolver;4750;;0.9044210526315789;0.8682295877122069;0.9044210526315789;0.8859558671891111;4296;652;454
12;house_finch;4750;;0.848;0.9261899287192458;0.848;0.8853720189031761;4028;321;722
138;bustard;4750;;0.8389473684210527;0.9363251879699248;0.8389473684210527;0.88496557850322;3985;271;765
984;rapeseed;4750;;0.9456842105263158;0.8310823311748381;0.9456842105263158;0.8846873461349088;4492;913;258
637;mailbox;4750;;0.8086315789473684;0.9758638211382114;0.8086315789473684;0.8844116969836519;3841;95;909
430;basketball;4750;;0.8578947368421053;0.9120411817367949;0.8578947368421053;0.8841397266218268;4075;393;675
137;American_coot;4750;;0.8189473684210526;0.9578921447919232;0.8189473684210526;0.8829871751220065;3890;171;860
13;junco;4750;;0.8109473684210526;0.9671102184283203;0.8109473684210526;0.882171075231879;3852;131;898
14;indigo_bunting;4750;;0.9370526315789474;0.8325851103628882;0.9370526315789474;0.8817353407290016;4451;895;299
141;redshank;4750;;0.828421052631579;0.9422892720306514;0.828421052631579;0.8816939278512212;3935;241;815
84;peacock;4750;;0.8505263157894737;0.9105251295920667;0.8505263157894737;0.87950364645695;4040;397;710
832;stupa;4750;;0.8433684210526315;0.9154478976234004;0.8433684210526315;0.8779311856234933;4006;370;744
512;corkscrew;4750;;0.844842105263158;0.9134987480081949;0.844842105263158;0.8778300339057203;4013;380;737
991;coral_fungus;4750;;0.824;0.9386091127098322;0.824;0.8775784753363228;3914;256;836
606;iron;4750;;0.8431578947368421;0.9133409350057012;0.8431578947368421;0.8768472906403941;4005;380;745
216;clumber;4750;;0.8654736842105263;0.8884806570131835;0.8654736842105263;0.8768262770608937;4111;516;639
347;bison;4750;;0.8362105263157895;0.9215777262180974;0.8362105263157895;0.8768211920529801;3972;338;778
253;basenji;4750;;0.8101052631578948;0.9512978986402967;0.8101052631578948;0.875042637862422;3848;197;902
528;dial_telephone;4750;;0.8067368421052632;0.9556109725685785;0.8067368421052632;0.8748858447488584;3832;178;918
355;llama;4750;;0.8128421052631579;0.9467876410004904;0.8128421052631579;0.8747168101495243;3861;217;889
85;quail;4750;;0.8254736842105264;0.9293671486134155;0.8254736842105264;0.8743449659939793;3921;298;829
144;pelican;4750;;0.8103157894736842;0.9473295594388383;0.8103157894736842;0.8734823556110292;3849;214;901
244;Tibetan_mastiff;4750;;0.8970526315789473;0.850499001996008;0.8970526315789473;0.8731557377049182;4261;749;489
146;albatross;4750;;0.8458947368421053;0.9021104625056129;0.8458947368421053;0.8730986527596697;4018;436;732
18;magpie;4750;;0.796;0.9657726692209451;0.796;0.8727062896710907;3781;134;969
863;totem_pole;4750;;0.8246315789473684;0.9266619351786137;0.8246315789473684;0.8726746128996323;3917;310;833
16;bulbul;4750;;0.8037894736842105;0.9542614346413396;0.8037894736842105;0.8725859901725517;3818;183;932
873;triumphal_arch;4750;;0.8250526315789474;0.9221176470588235;0.8250526315789474;0.8708888888888889;3919;331;831
294;brown_bear;4750;;0.8629473684210527;0.8786709539121115;0.8629473684210527;0.8707381837493362;4099;566;651
732;Polaroid_camera;4750;;0.8042105263157895;0.9485969704494661;0.8042105263157895;0.870456875925715;3820;207;930
178;Weimaraner;4750;;0.8488421052631578;0.8914437320362592;0.8488421052631578;0.8696214817211257;4032;491;718
425;barn;4750;;0.8787368421052631;0.8602638087386645;0.8787368421052631;0.8694022078733598;4174;678;576
260;chow;4750;;0.8877894736842106;0.8514031899858672;0.8877894736842106;0.8692157064825312;4217;736;533
695;padlock;4750;;0.8576842105263158;0.879154078549849;0.8576842105263158;0.8682864450127877;4074;560;676
466;bullet_train;4750;;0.8951578947368422;0.8416468725257323;0.8951578947368422;0.8675780452968781;4252;800;498
133;bittern;4750;;0.7951578947368421;0.9535470840696794;0.7951578947368421;0.8671794283090345;3777;184;973
420;banjo;4750;;0.8058947368421052;0.9366283337411304;0.8058947368421052;0.8663573610953944;3828;259;922
607;jack-o'-lantern;4750;;0.9673684210526315;0.781595509440381;0.9673684210526315;0.8646156740991626;4595;1284;155
89;sulphur-crested_cockatoo;4750;;0.7747368421052632;0.9761273209549072;0.7747368421052632;0.8638497652582161;3680;90;1070
396;lionfish;4750;;0.8303157894736842;0.9000456412596988;0.8303157894736842;0.8637757336837494;3944;438;806
771;safe;4750;;0.8387368421052631;0.8896828941491738;0.8387368421052631;0.8634590377113134;3984;494;766
225;malinois;4750;;0.848;0.8792839991268282;0.848;0.8633586968170613;4028;553;722
322;ringlet;4750;;0.8117894736842105;0.9194086790653314;0.8117894736842105;0.8622540250447227;3856;338;894
92;bee_eater;4750;;0.8625263157894737;0.8608951460390838;0.8625263157894737;0.8617099589862235;4097;662;653
535;disk_brake;4750;;0.7953684210526316;0.9400348345359543;0.7953684210526316;0.8616717983806592;3778;241;972
93;hornbill;4750;;0.8147368421052632;0.9142452161587526;0.8147368421052632;0.861627518646332;3870;363;880
102;echidna;4750;;0.8473684210526315;0.8763335510559547;0.8473684210526315;0.8616076206785829;4025;568;725
755;radio_telescope;4750;;0.8572631578947368;0.8650945400467389;0.8572631578947368;0.8611610447287722;4072;635;678
874;trolleybus;4750;;0.8614736842105263;0.8607488430795119;0.8614736842105263;0.861111111111111;4092;662;658
726;plane;4750;;0.8378947368421052;0.8844444444444445;0.8378947368421052;0.8605405405405406;3980;520;770
218;Welsh_springer_spaniel;4750;;0.8132631578947368;0.9128071833648393;0.8132631578947368;0.8601647739924293;3863;369;887
407;ambulance;4750;;0.8751578947368421;0.8450904655417768;0.8751578947368421;0.8598614127624367;4157;762;593
933;cheeseburger;4750;;0.8035789473684211;0.9244369096633568;0.8035789473684211;0.8597815069264557;3817;312;933
890;volleyball;4750;;0.8416842105263158;0.8784882443419029;0.8416842105263158;0.859692506182131;3998;553;752
642;marimba;4750;;0.8381052631578947;0.8815323294951284;0.8381052631578947;0.8592704511115906;3981;535;769
993;gyromitra;4750;;0.903578947368421;0.8190839694656489;0.903578947368421;0.8592592592592593;4292;948;458
131;little_blue_heron;4750;;0.8178947368421052;0.9045401629802096;0.8178947368421052;0.8590381426202323;3885;410;865
94;hummingbird;4750;;0.8252631578947368;0.8955905871601554;0.8252631578947368;0.8589898104525036;3920;457;830
816;spindle;4750;;0.7804210526315789;0.9544284243048403;0.7804210526315789;0.8586981700254805;3707;177;1043
448;birdhouse;4750;;0.8328421052631579;0.8822479928635147;0.8328421052631579;0.8568334416287633;3956;528;794
849;teapot;4750;;0.8627368421052631;0.8507369732198464;0.8627368421052631;0.8566948886798369;4098;719;652
83;prairie_chicken;4750;;0.8983157894736842;0.81837360951285;0.8983157894736842;0.8564833400240867;4267;947;483
127;white_stork;4750;;0.7732631578947369;0.9587575045679979;0.7732631578947369;0.8560773802587112;3673;158;1077
955;jackfruit;4750;;0.8252631578947368;0.8884859474161378;0.8252631578947368;0.855708360619952;3920;492;830
350;ibex;4750;;0.8669473684210526;0.8447179487179487;0.8669473684210526;0.8556883116883116;4118;757;632
714;pick;4750;;0.864421052631579;0.846947194719472;0.864421052631579;0.8555949156074183;4106;742;644
990;buckeye;4750;;0.8570526315789474;0.8536380792618997;0.8570526315789474;0.8553419476835802;4071;698;679
563;fountain_pen;4750;;0.808;0.9077578051087984;0.808;0.8549788371574961;3838;390;912
426;barometer;4750;;0.8696842105263158;0.8398048383817849;0.8696842105263158;0.8544834005584859;4131;788;619
325;sulphur_butterfly;4750;;0.8570526315789474;0.850250626566416;0.8570526315789474;0.8536380792618998;4071;717;679
20;water_ouzel;4750;;0.792;0.9254612546125461;0.792;0.8535450935904707;3762;303;988
604;hourglass;4750;;0.9328421052631579;0.7863354037267081;0.9328421052631579;0.8533461723639865;4431;1204;319
719;piggy_bank;4750;;0.8058947368421052;0.9060355029585799;0.8058947368421052;0.8530362116991642;3828;397;922
621;lawn_mower;4750;;0.8296842105263158;0.877728285077951;0.8296842105263158;0.853030303030303;3941;549;809
554;fireboat;4750;;0.8627368421052631;0.8430364122608517;0.8627368421052631;0.8527728644261783;4098;763;652
659;mixing_bowl;4750;;0.7930526315789473;0.921702960606802;0.7930526315789473;0.8525517709629964;3767;320;983
555;fire_engine;4750;;0.8141052631578948;0.8920415224913495;0.8141052631578948;0.8512933406714365;3867;468;883
722;ping-pong_ball;4750;;0.8301052631578948;0.8721521787215218;0.8301052631578948;0.8506094272462518;3943;578;807
276;hyena;4750;;0.8593684210526316;0.841996699669967;0.8593684210526316;0.8505938737236924;4082;766;668
324;cabbage_butterfly;4750;;0.8210526315789474;0.8811568007230004;0.8210526315789474;0.8500435919790758;3900;526;850
268;Mexican_hairless;4750;;0.8608421052631579;0.8384252614312077;0.8608421052631579;0.8494858211280774;4089;788;661
547;electric_locomotive;4750;;0.8471578947368421;0.8518204911092294;0.8471578947368421;0.8494827950179439;4024;700;726
613;joystick;4750;;0.8465263157894737;0.8519067796610169;0.8465263157894737;0.849208025343189;4021;699;729
687;organ;4750;;0.7722105263157895;0.9429305912596401;0.7722105263157895;0.8490740740740741;3668;222;1082
97;drake;4750;;0.7593684210526316;0.9621232328620966;0.7593684210526316;0.8488057418519827;3607;142;1143
609;jeep;4750;;0.7802105263157895;0.9285893259834628;0.7802105263157895;0.8479578995538268;3706;285;1044
614;kimono;4750;;0.8075789473684211;0.89188560799814;0.8075789473684211;0.8476411446249034;3836;465;914
473;can_opener;4750;;0.8021052631578948;0.8981612446958982;0.8021052631578948;0.8474199288256228;3810;432;940
262;Brabancon_griffon;4750;;0.8273684210526315;0.8677412232280857;0.8273684210526315;0.8470740381506628;3930;599;820
354;Arabian_camel;4750;;0.8698947368421053;0.8254095085896924;0.8698947368421053;0.8470684706847069;4132;874;618
886;vending_machine;4750;;0.8722105263157894;0.8233306836248012;0.8722105263157894;0.8470660396646902;4143;889;607
571;gas_pump;4750;;0.7812631578947369;0.9240537848605578;0.7812631578947369;0.8466803559206024;3711;305;1039
363;armadillo;4750;;0.84;0.8523819696646016;0.84;0.8461456897465803;3990;691;760
142;dowitcher;4750;;0.8829473684210526;0.8104347826086956;0.8829473684210526;0.8451385390428211;4194;981;556
954;banana;4750;;0.7690526315789473;0.9369068992049243;0.7690526315789473;0.8447219331714649;3653;246;1097
306;rhinoceros_beetle;4750;;0.7606315789473684;0.9495400788436268;0.7606315789473684;0.8446522501461133;3613;192;1137
704;parking_meter;4750;;0.7808421052631579;0.9192069392812887;0.7808421052631579;0.8443938531587933;3709;326;1041
375;colobus;4750;;0.8566315789473684;0.8322765391695643;0.8566315789473684;0.8442784521215894;4069;820;681
300;tiger_beetle;4750;;0.8463157894736842;0.8418848167539267;0.8463157894736842;0.8440944881889764;4020;755;730
327;starfish;4750;;0.8532631578947368;0.8349814585908529;0.8532631578947368;0.8440233236151603;4053;801;697
612;jinrikisha;4750;;0.8781052631578947;0.8121105919003115;0.8781052631578947;0.8438195427877806;4171;965;579
254;pug;4750;;0.8050526315789474;0.8860055607043559;0.8050526315789474;0.843591440547099;3824;492;926
575;golfcart;4750;;0.7610526315789473;0.9453451882845189;0.7610526315789473;0.8432470258922323;3615;209;1135
507;combination_lock;4750;;0.7726315789473684;0.9277047522750252;0.7726315789473684;0.8430967149092581;3670;286;1080
688;oscilloscope;4750;;0.9065263157894737;0.787778997438712;0.9065263157894737;0.8429913860610806;4306;1160;444
51;triceratops;4750;;0.8002105263157895;0.8884992987377279;0.8002105263157895;0.8420469649977848;3801;477;949
195;Boston_bull;4750;;0.8292631578947368;0.8550032559149121;0.8292631578947368;0.8419365181147803;3939;668;811
668;mosque;4750;;0.8425263157894737;0.8407563025210084;0.8425263157894737;0.8416403785488958;4002;758;748
716;picket_fence;4750;;0.8216842105263158;0.8625414364640884;0.8216842105263158;0.8416172506738544;3903;622;847
661;Model_T;4750;;0.8385263157894737;0.8445716709075488;0.8385263157894737;0.8415381364884851;3983;733;767
937;broccoli;4750;;0.796;0.8925873465533523;0.796;0.8415312708657913;3781;455;969
952;fig;4750;;0.7943157894736842;0.8947118804837563;0.7943157894736842;0.8415300546448088;3773;444;977
805;soccer_ball;4750;;0.8934736842105263;0.7947565543071161;0.8934736842105263;0.841228939544103;4244;1096;506
57;garter_snake;4750;;0.8096842105263158;0.8746872867864453;0.8096842105263158;0.8409314529353886;3846;551;904
694;paddlewheel;4750;;0.8614736842105263;0.8203688853247795;0.8614736842105263;0.8404189772027111;4092;896;658
888;viaduct;4750;;0.7810526315789473;0.9086456037227528;0.7810526315789473;0.8400316993094078;3710;373;1040
801;snorkel;4750;;0.8181052631578948;0.8627886323268206;0.8181052631578948;0.839853036524746;3886;618;864
808;sombrero;4750;;0.7705263157894737;0.9228441754916793;0.7705263157894737;0.8398347865993576;3660;306;1090
274;dhole;4750;;0.8170526315789474;0.8635959056519804;0.8170526315789474;0.8396797922977066;3881;613;869
157;papillon;4750;;0.8658947368421053;0.8147781299524565;0.8658947368421053;0.8395590936925903;4113;935;637
365;orangutan;4750;;0.872421052631579;0.8084276238782676;0.872421052631579;0.8392061563385986;4144;982;606
364;three-toed_sloth;4750;;0.796;0.886102648230607;0.796;0.8386381279804814;3781;486;969
217;English_springer;4750;;0.7810526315789473;0.9050988045864845;0.7810526315789473;0.8385128263080573;3710;389;1040
727;planetarium;4750;;0.8545263157894737;0.8226591001216051;0.8545263157894737;0.8382899628252788;4059;875;691
317;leafhopper;4750;;0.8035789473684211;0.8756595549437944;0.8035789473684211;0.8380722362498627;3817;542;933
929;ice_lolly;4750;;0.763578947368421;0.9285714285714286;0.763578947368421;0.8380314232902032;3627;279;1123
71;scorpion;4750;;0.779578947368421;0.9053789731051345;0.779578947368421;0.8377828054298643;3703;387;1047
566;French_horn;4750;;0.7486315789473684;0.9508021390374332;0.7486315789473684;0.8376914016489988;3556;184;1194
953;pineapple;4750;;0.7738947368421053;0.912385207247456;0.7738947368421053;0.8374530128716255;3676;353;1074
401;accordion;4750;;0.8147368421052632;0.8594270486342438;0.8147368421052632;0.8364854641737813;3870;633;880
160;Afghan_hound;4750;;0.8741052631578947;0.8016991697238849;0.8741052631578947;0.8363379997985698;4152;1027;598
829;streetcar;4750;;0.8237894736842105;0.8491753472222222;0.8237894736842105;0.8362898055139987;3913;695;837
344;hippopotamus;4750;;0.7711578947368422;0.9130109670987039;0.7711578947368422;0.8361104770600318;3663;349;1087
610;jersey;4750;;0.8145263157894737;0.8586329338659565;0.8145263157894737;0.8359982713915298;3869;637;881
594;harp;4750;;0.8673684210526316;0.8065779169929522;0.8673684210526316;0.8358693446946641;4120;988;630
918;crossword_puzzle;4750;;0.7837894736842105;0.8951671074777591;0.7837894736842105;0.8357840386126388;3723;436;1027
545;electric_fan;4750;;0.8437894736842105;0.8270738753611225;0.8437894736842105;0.8353480616923719;4008;838;742
428;barrow;4750;;0.7541052631578947;0.9357366771159875;0.7541052631578947;0.835159710888319;3582;246;1168
417;balloon;4750;;0.8271578947368421;0.8431330472103005;0.8271578947368421;0.8350690754516471;3929;731;821
105;koala;4750;;0.7623157894736842;0.9206712433257056;0.7623157894736842;0.8340435333410112;3621;312;1129
629;lipstick;4750;;0.8305263157894737;0.8363366546533814;0.8305263157894737;0.8334213584028731;3945;772;805
140;red-backed_sandpiper;4750;;0.7629473684210526;0.91816569546491;0.7629473684210526;0.8333908244222145;3624;323;1126
757;recreational_vehicle;4750;;0.8016842105263158;0.8668335989073526;0.8016842105263158;0.832986984578366;3808;585;942
684;ocarina;4750;;0.8589473684210527;0.8084010303150386;0.8589473684210527;0.8329080330713484;4080;967;670
707;pay-phone;4750;;0.7829473684210526;0.8882254597563888;0.7829473684210526;0.8322703368020589;3719;468;1031
486;cello;4750;;0.8162105263157895;0.8479877515310587;0.8162105263157895;0.8317957519845528;3877;695;873
251;dalmatian;4750;;0.832421052631579;0.8308468165581004;0.832421052631579;0.8316331896098432;3954;805;796
686;oil_filter;4750;;0.8218947368421052;0.8413793103448276;0.8218947368421052;0.8315228966986155;3904;736;846
957;pomegranate;4750;;0.7494736842105263;0.9316932740120387;0.7494736842105263;0.8307082020767705;3560;261;1190
645;maypole;4750;;0.9153684210526316;0.7602727749606575;0.9153684210526316;0.8306428503199924;4348;1371;402
258;Samoyed;4750;;0.8208421052631579;0.840664079344545;0.8208421052631579;0.8306348530038346;3899;739;851
174;Norwegian_elkhound;4750;;0.8056842105263158;0.8569189431258397;0.8056842105263158;0.8305121527777778;3827;639;923
1;goldfish;4750;;0.8233684210526315;0.8372939413401841;0.8233684210526315;0.8302727948200828;3911;760;839
919;street_sign;4750;;0.8071578947368421;0.8544684644528638;0.8071578947368421;0.8301396557323806;3834;653;916
156;Blenheim_spaniel;4750;;0.9174736842105263;0.7579130434782608;0.9174736842105263;0.8300952380952381;4358;1392;392
583;guillotine;4750;;0.8391578947368421;0.8210092687950566;0.8391578947368421;0.8299843831337845;3986;869;764
261;keeshond;4750;;0.8254736842105264;0.8342553191489361;0.8254736842105264;0.8298412698412699;3921;779;829
678;neck_brace;4750;;0.8016842105263158;0.8599819331526649;0.8016842105263158;0.8298104162126826;3808;620;942
711;perfume;4750;;0.7724210526315789;0.895751953125;0.7724210526315789;0.8295274700429573;3669;427;1081
521;Crock_Pot;4750;;0.7486315789473684;0.9299163179916318;0.7486315789473684;0.8294844879869373;3556;268;1194
229;Old_English_sheepdog;4750;;0.8922105263157895;0.7749131468275736;0.8922105263157895;0.8294353654956454;4238;1231;512
736;pool_table;4750;;0.8534736842105263;0.8064451959419137;0.8534736842105263;0.8292932392349391;4054;973;696
239;Bernese_mountain_dog;4750;;0.8867368421052632;0.7769784172661871;0.8867368421052632;0.8282371448235178;4212;1209;538
235;German_shepherd;4750;;0.8269473684210527;0.8283424715309996;0.8269473684210527;0.8276443320691109;3928;814;822
393;anemone_fish;4750;;0.7227368421052631;0.9681331077270163;0.7227368421052631;0.8276277724204435;3433;113;1317
872;tripod;4750;;0.808;0.8472406181015453;0.808;0.8271551724137931;3838;692;912
289;snow_leopard;4750;;0.8162105263157895;0.8375459062432491;0.8162105263157895;0.8267405906813093;3877;752;873
338;guinea_pig;4750;;0.7334736842105263;0.9464819342569953;0.7334736842105263;0.8264737279089075;3484;197;1266
561;forklift;4750;;0.771578947368421;0.8895631067961165;0.771578947368421;0.8263810597519728;3665;455;1085
786;sewing_machine;4750;;0.736421052631579;0.9413347685683531;0.736421052631579;0.82636428065202;3498;218;1252
896;washbasin;4750;;0.7913684210526316;0.8635423845623708;0.7913684210526316;0.8258815775019224;3759;594;991
766;rotisserie;4750;;0.8048421052631579;0.8480479148181012;0.8048421052631579;0.8258803197234824;3823;685;927
821;steel_arch_bridge;4750;;0.884421052631579;0.7743778801843318;0.884421052631579;0.8257493857493858;4201;1224;549
422;barbell;4750;;0.7978947368421052;0.85514440433213;0.7978947368421052;0.8255282073622305;3790;642;960
988;acorn;4750;;0.776;0.8795036984013362;0.776;0.8245162733475003;3686;505;1064
820;steam_locomotive;4750;;0.8141052631578948;0.8346643643427585;0.8141052631578948;0.8242566343386976;3867;766;883
531;digital_watch;4750;;0.8027368421052632;0.845829636202307;0.8027368421052632;0.8237200259235257;3813;695;937
734;police_van;4750;;0.7808421052631579;0.8702487095260442;0.7808421052631579;0.8231247225920993;3709;553;1041
945;bell_pepper;4750;;0.8296842105263158;0.816449140252745;0.8296842105263158;0.8230134697713272;3941;886;809
565;freight_car;4750;;0.8842105263157894;0.7693716797948342;0.8842105263157894;0.8228034087569791;4200;1259;550
392;rock_beauty;4750;;0.9658947368421053;0.7165391222864282;0.9658947368421053;0.8227382766968528;4588;1815;162
98;red-breasted_merganser;4750;;0.9004210526315789;0.7565894215460818;0.9004210526315789;0.8222628088051523;4277;1376;473
22;bald_eagle;4750;;0.8570526315789474;0.7901785714285714;0.8570526315789474;0.8222581296707735;4071;1081;679
859;toaster;4750;;0.7703157894736842;0.8810498434866362;0.7703157894736842;0.8219701224306413;3659;494;1091
768;rugby_ball;4750;;0.7728421052631579;0.876552053486151;0.7728421052631579;0.8214365629894832;3671;517;1079
444;bicycle-built-for-two;4750;;0.8423157894736842;0.8014823717948718;0.8423157894736842;0.8213919113118455;4001;991;749
307;weevil;4750;;0.7458947368421053;0.9138509156564354;0.7458947368421053;0.821374753680306;3543;334;1207
605;iPod;4750;;0.7490526315789474;0.9083482256829206;0.7490526315789474;0.8210453444098305;3558;359;1192
95;jacamar;4750;;0.9402105263157895;0.7284292937530582;0.9402105263157895;0.8208804337836595;4466;1665;284
270;white_wolf;4750;;0.7498947368421053;0.9056699720315281;0.7498947368421053;0.8204537602211217;3562;371;1188
948;Granny_Smith;4750;;0.8966315789473684;0.7558118899733807;0.8966315789473684;0.8202214732787674;4259;1376;491
433;bathing_cap;4750;;0.783578947368421;0.8595842956120092;0.783578947368421;0.8198237885462554;3722;608;1028
148;killer_whale;4750;;0.8966315789473684;0.7543393552957847;0.8966315789473684;0.8193535975375145;4259;1387;491
559;folding_chair;4750;;0.7421052631578947;0.9136858475894246;0.7421052631578947;0.8190055762081785;3525;333;1225
264;Cardigan;4750;;0.7686315789473684;0.8757495802350683;0.7686315789473684;0.8187016481668349;3651;518;1099
31;tree_frog;4750;;0.8088421052631579;0.8283742992669254;0.8088421052631579;0.8184916915210908;3842;796;908
441;beer_glass;4750;;0.8145263157894737;0.8221419464513388;0.8145263157894737;0.8183164128595601;3869;837;881
553;file;4750;;0.7471578947368421;0.9039735099337748;0.7471578947368421;0.8181189488243431;3549;377;1201
720;pill_bottle;4750;;0.8178947368421052;0.8177225847190065;0.8178947368421052;0.8178086517208714;3885;866;865
245;French_bulldog;4750;;0.7471578947368421;0.9028237089799034;0.7471578947368421;0.8176477364358946;3549;382;1201
210;German_short-haired_pointer;4750;;0.8345263157894737;0.8001614856681469;0.8345263157894737;0.816982687551525;3964;990;786
592;hard_disc;4750;;0.7456842105263158;0.9033409844427442;0.7456842105263158;0.8169761273209549;3542;379;1208
916;web_site;4750;;0.8534736842105263;0.7823234272481667;0.8534736842105263;0.8163511880789367;4054;1128;696
70;harvestman;4750;;0.7629473684210526;0.8776943569871639;0.7629473684210526;0.8163081428088749;3624;505;1126
263;Pembroke;4750;;0.7606315789473684;0.8803606237816765;0.7606315789473684;0.816128303591597;3613;491;1137
630;Loafer;4750;;0.7993684210526316;0.833589462129528;0.7993684210526316;0.816120365394949;3797;758;953
901;whiskey_jug;4750;;0.8783157894736842;0.7600655857168883;0.8783157894736842;0.8149233323566755;4172;1317;578
641;maraca;4750;;0.8947368421052632;0.7471870604781997;0.8947368421052632;0.8143322475570033;4250;1438;500
458;brass;4750;;0.7094736842105264;0.9544038516001133;0.7094736842105264;0.8139113633619129;3370;161;1380
213;Irish_setter;4750;;0.787578947368421;0.8419986495611074;0.787578947368421;0.8138801261829653;3741;702;1009
75;black_widow;4750;;0.8381052631578947;0.7909795350685476;0.8381052631578947;0.8138607789021772;3981;1052;769
773;saltshaker;4750;;0.8395789473684211;0.7895466244308058;0.8395789473684211;0.8137945107642078;3988;1063;762
293;cheetah;4750;;0.8812631578947369;0.7557320816031775;0.8812631578947369;0.8136845174458159;4186;1353;564
495;china_cabinet;4750;;0.8014736842105263;0.8259926231286613;0.8014736842105263;0.8135484560316274;3807;802;943
471;cannon;4750;;0.7311578947368421;0.9166006861968857;0.7311578947368421;0.8134441972127884;3473;316;1277
802;snowmobile;4750;;0.8703157894736843;0.7627306273062731;0.8703157894736843;0.8129793510324483;4134;1286;616
870;tricycle;4750;;0.743578947368421;0.8962192336970312;0.743578947368421;0.8127948452422045;3532;409;1218
451;bolo_tie;4750;;0.8985263157894737;0.7418738049713193;0.8985263157894737;0.8127201751880415;4268;1485;482
924;guacamole;4750;;0.751578947368421;0.8834446919079436;0.751578947368421;0.8121942896143782;3570;471;1180
514;cowboy_boot;4750;;0.7387368421052631;0.9018247237214084;0.7387368421052631;0.8121745168383289;3509;382;1241
427;barrel;4750;;0.7901052631578948;0.8352993545515246;0.7901052631578948;0.8120740019474199;3753;740;997
994;stinkhorn;4750;;0.7884210526315789;0.8370585605721949;0.7884210526315789;0.8120121422376408;3745;729;1005
745;projector;4750;;0.7587368421052632;0.8732735643324449;0.7587368421052632;0.8119860313168863;3604;523;1146
823;stethoscope;4750;;0.7298947368421053;0.9145344236349249;0.7298947368421053;0.8118487296569489;3467;324;1283
515;cowboy_hat;4750;;0.7812631578947369;0.844753016162076;0.7812631578947369;0.8117685661161544;3711;682;1039
398;abacus;4750;;0.7844210526315789;0.8403247631935047;0.7844210526315789;0.811411149825784;3726;708;1024
852;tennis_ball;4750;;0.8677894736842106;0.7606569477763425;0.8677894736842106;0.8106991837938835;4122;1297;628
400;academic_gown;4750;;0.7873684210526316;0.8353808353808354;0.7873684210526316;0.8106643546114662;3740;737;1010
666;mortar;4750;;0.8016842105263158;0.8198062432723359;0.8016842105263158;0.8106439595529537;3808;837;942
589;hand_blower;4750;;0.7349473684210527;0.9032341526520051;0.7349473684210527;0.8104468949506674;3491;374;1259
647;measuring_cup;4750;;0.7368421052631579;0.8981267641775725;0.7368421052631579;0.8095293165259627;3500;397;1250
672;mountain_tent;4750;;0.7730526315789473;0.8488210818307905;0.7730526315789473;0.8091670339356545;3672;654;1078
48;Komodo_dragon;4750;;0.7303157894736843;0.9064541416252939;0.7303157894736843;0.8089075434301038;3469;358;1281
472;canoe;4750;;0.708;0.9433380084151473;0.708;0.8088995790739627;3363;202;1387
934;hotdog;4750;;0.7690526315789473;0.8521110333566597;0.7690526315789473;0.8084541330087418;3653;634;1097
99;goose;4750;;0.7945263157894736;0.8227599738391105;0.7945263157894736;0.8083967012959195;3774;813;976
457;bow_tie;4750;;0.812;0.8047152096807845;0.812;0.8083411924971184;3857;936;893
770;running_shoe;4750;;0.752;0.8731361525299438;0.752;0.8080533876258343;3572;519;1178
537;dogsled;4750;;0.8928421052631579;0.7376935119151157;0.8928421052631579;0.8078864653776551;4241;1508;509
920;traffic_light;4750;;0.7886315789473685;0.8272968197879859;0.7886315789473685;0.8075016167277431;3746;782;1004
503;cocktail_shaker;4750;;0.8138947368421052;0.8010774968918359;0.8138947368421052;0.8074352548036758;3866;960;884
572;goblet;4750;;0.7431578947368421;0.8838257386079119;0.7431578947368421;0.8074107959743825;3530;464;1220
273;dingo;4750;;0.7606315789473684;0.8600333253987146;0.7606315789473684;0.8072841023349346;3613;588;1137
822;steel_drum;4750;;0.7970526315789473;0.8173575129533679;0.7970526315789473;0.8070773822212748;3786;846;964
850;teddy;4750;;0.795578947368421;0.8184968594325319;0.795578947368421;0.8068752001708125;3779;838;971
902;whistle;4750;;0.8837894736842106;0.7419582891481089;0.8837894736842106;0.8066871637202152;4198;1460;552
463;bucket;4750;;0.748421052631579;0.8741086796164249;0.748421052631579;0.8063967335828514;3555;512;1195
837;sunglasses;4750;;0.7206315789473684;0.91524064171123;0.7206315789473684;0.8063604240282686;3423;317;1327
475;car_mirror;4750;;0.9246315789473685;0.71484375;0.9246315789473685;0.8063154029741142;4392;1752;358
806;sock;4750;;0.752421052631579;0.8683187560738581;0.752421052631579;0.8062260320324837;3574;542;1176
366;gorilla;4750;;0.8275789473684211;0.7858856457417033;0.8275789473684211;0.8061936013125512;3931;1071;819
383;Madagascar_cat;4750;;0.8783157894736842;0.7448669880378503;0.8783157894736842;0.8061056902714713;4172;1429;578
190;Sealyham_terrier;4750;;0.8848421052631579;0.7397043294614573;0.8848421052631579;0.8057898773006136;4203;1479;547
938;cauliflower;4750;;0.748421052631579;0.8721786064769381;0.748421052631579;0.8055744391570361;3555;521;1195
756;rain_barrel;4750;;0.7130526315789474;0.9254098360655738;0.7130526315789474;0.8054696789536266;3387;273;1363
215;Brittany_spaniel;4750;;0.7901052631578948;0.8214051214707814;0.7901052631578948;0.8054512286726044;3753;816;997
882;vacuum;4750;;0.7197894736842105;0.9141711229946524;0.7197894736842105;0.8054181389870436;3419;321;1331
467;butcher_shop;4750;;0.7090526315789474;0.9311584185789328;0.7090526315789474;0.8050675271901517;3368;249;1382
198;standard_schnauzer;4750;;0.7286315789473684;0.8987276032199428;0.7286315789473684;0.804790140681316;3461;390;1289
316;cicada;4750;;0.7103157894736842;0.9281980742778542;0.7103157894736842;0.8047704233750745;3374;261;1376
877;turnstile;4750;;0.751578947368421;0.865874363327674;0.751578947368421;0.8046883804801082;3570;553;1180
840;swab;4750;;0.7854736842105263;0.8247126436781609;0.7854736842105263;0.8046150528358852;3731;793;1019
7;cock;4750;;0.7787368421052632;0.8314227916385705;0.7787368421052632;0.8042178497662789;3699;750;1051
286;cougar;4750;;0.7852631578947369;0.8237632508833922;0.7852631578947369;0.8040525975425737;3730;798;1020
765;rocking_chair;4750;;0.7229473684210527;0.9055907172995781;0.7229473684210527;0.8040271599157106;3434;358;1316
28;spotted_salamander;4750;;0.7208421052631578;0.9087048832271762;0.7208421052631578;0.8039445879314393;3424;344;1326
551;face_powder;4750;;0.8494736842105263;0.7624716553287982;0.8494736842105263;0.8036247759410475;4035;1257;715
346;water_buffalo;4750;;0.7778947368421053;0.8308972340903981;0.7778947368421053;0.8035228878982278;3695;752;1055
826;stopwatch;4750;;0.736421052631579;0.8837796867104598;0.736421052631579;0.8033991731740928;3498;460;1252
410;apiary;4750;;0.7357894736842105;0.884138628889451;0.7357894736842105;0.803171320234402;3495;458;1255
593;harmonica;4750;;0.836421052631579;0.7713065424189478;0.836421052631579;0.8025451974548025;3973;1178;777
2;great_white_shark;4750;;0.760421052631579;0.8494825964252116;0.760421052631579;0.80248833592535;3612;640;1138
544;Dutch_oven;4750;;0.7347368421052631;0.8835443037974684;0.7347368421052631;0.8022988505747126;3490;460;1260
279;Arctic_fox;4750;;0.8244210526315789;0.7807017543859649;0.8244210526315789;0.801966004505427;3916;1100;834
699;panpipe;4750;;0.8315789473684211;0.7743579690256812;0.8315789473684211;0.8019490407065273;3950;1151;800
959;carbonara;4750;;0.7913684210526316;0.8125810635538262;0.7913684210526316;0.8018344709897611;3759;867;991
332;Angora;4750;;0.8616842105263158;0.7489478499542543;0.8616842105263158;0.8013705335291238;4093;1372;657
468;cab;4750;;0.8117894736842105;0.790974358974359;0.8117894736842105;0.8012467532467531;3856;1019;894
912;worm_fence;4750;;0.7873684210526316;0.8141053548106225;0.7873684210526316;0.800513698630137;3740;854;1010
228;komondor;4750;;0.8709473684210526;0.7406015037593985;0.8709473684210526;0.8005030959752323;4137;1449;613
320;damselfly;4750;;0.8823157894736842;0.7324362111149948;0.8823157894736842;0.8004201680672268;4191;1531;559
214;Gordon_setter;4750;;0.8305263157894737;0.7723179326546593;0.8305263157894737;0.8003651856360317;3945;1163;805
883;vase;4750;;0.744;0.8659642244547905;0.744;0.8003623598686446;3534;547;1216
752;racket;4750;;0.7812631578947369;0.8199292973928414;0.7812631578947369;0.8001293661060802;3711;815;1039
336;marmot;4750;;0.78;0.8211436170212766;0.78;0.8000431872165839;3705;807;1045
45;Gila_monster;4750;;0.6976842105263158;0.9351015801354402;0.6976842105263158;0.7991319025801785;3314;230;1436
326;lycaenid;4750;;0.9092631578947369;0.711766644693474;0.9092631578947369;0.7984840081345905;4319;1749;431
404;airliner;4750;;0.8362105263157895;0.7639930755914599;0.8362105263157895;0.7984722082621369;3972;1227;778
981;ballplayer;4750;;0.8265263157894737;0.7713163064833006;0.8265263157894737;0.7979674796747968;3926;1164;824
710;pencil_sharpener;4750;;0.6941052631578948;0.9382470119521913;0.6941052631578948;0.797918683446273;3297;217;1453
330;wood_rabbit;4750;;0.8265263157894737;0.7701059238917223;0.8265263157894737;0.79731925264013;3926;1172;824
439;bearskin;4750;;0.9033684210526316;0.713383208645054;0.9033684210526316;0.7972131908964235;4291;1724;459
243;bull_mastiff;4750;;0.704421052631579;0.9177180471749863;0.704421052631579;0.7970462124821343;3346;300;1404
949;strawberry;4750;;0.8014736842105263;0.7922996878251821;0.8014736842105263;0.7968602825745683;3807;998;943
737;pop_bottle;4750;;0.6955789473684211;0.9325430426192493;0.6955789473684211;0.7968165923067647;3304;239;1446
897;washer;4750;;0.7071578947368421;0.9120282378495791;0.7071578947368421;0.7966322779556504;3359;324;1391
308;fly;4750;;0.7242105263157895;0.8845461558241193;0.7242105263157895;0.7963884708878343;3440;449;1310
761;remote_control;4750;;0.7547368421052632;0.8421423537702607;0.7547368421052632;0.7960475185966471;3585;672;1165
682;obelisk;4750;;0.7494736842105263;0.8484270734032412;0.7494736842105263;0.7958864296892466;3560;636;1190
790;shopping_basket;4750;;0.7762105263157895;0.8148066298342541;0.7762105263157895;0.7950404312668463;3687;838;1063
27;eft;4750;;0.7488421052631579;0.8460989533777354;0.7488421052631579;0.7945052490507035;3557;647;1193
171;Italian_greyhound;4750;;0.735578947368421;0.8635689569945625;0.735578947368421;0.7944520236471123;3494;552;1256
608;jean;4750;;0.7587368421052632;0.8332947976878613;0.7587368421052632;0.7942699724517907;3604;721;1146
779;school_bus;4750;;0.8652631578947368;0.7336665476615495;0.8652631578947368;0.7940494590417311;4110;1492;640
532;dining_table;4750;;0.7909473684210526;0.7956374417619653;0.7909473684210526;0.793285472972973;3757;965;993
173;Ibizan_hound;4750;;0.7193684210526315;0.8840879689521346;0.7193684210526315;0.7932675565873475;3417;448;1333
891;waffle_iron;4750;;0.7741052631578947;0.8133156381331563;0.7741052631578947;0.7932261891921045;3677;844;1073
914;yawl;4750;;0.7776842105263158;0.8084920113810462;0.7776842105263158;0.7927889258504133;3694;875;1056
596;hatchet;4750;;0.7021052631578948;0.9097108565193671;0.7021052631578948;0.7925380228136882;3335;331;1415
423;barber_chair;4750;;0.8092631578947368;0.7759386354461042;0.8092631578947368;0.7922506183017312;3844;1110;906
352;impala;4750;;0.8204210526315789;0.7656188605108055;0.8204210526315789;0.7920731707317075;3897;1193;853
573;go-kart;4750;;0.8896842105263157;0.7133693450371371;0.8896842105263157;0.7918306164511898;4226;1698;524
429;baseball;4750;;0.7541052631578947;0.8332170272156315;0.7541052631578947;0.7916896894684495;3582;717;1168
147;grey_whale;4750;;0.7793684210526316;0.8032111087003688;0.7793684210526316;0.7911101613420236;3702;907;1048
305;dung_beetle;4750;;0.7231578947368421;0.8731570920183019;0.7231578947368421;0.7911100875172732;3435;499;1315
432;bassoon;4750;;0.8008421052631579;0.7809484705399302;0.8008421052631579;0.790770190208918;3804;1067;946
670;motor_scooter;4750;;0.8486315789473684;0.7397687649109929;0.8486315789473684;0.790469653887636;4031;1418;719
169;borzoi;4750;;0.8271578947368421;0.7565954169073753;0.8271578947368421;0.7903047370009052;3929;1264;821
290;jaguar;4750;;0.7271578947368421;0.8652304609218436;0.7271578947368421;0.7902081903454586;3454;538;1296
717;pickup;4750;;0.7174736842105263;0.8792569659442725;0.7174736842105263;0.790169255738465;3408;468;1342
780;schooner;4750;;0.8421052631578947;0.7440476190476191;0.8421052631578947;0.7900454276120876;4000;1376;750
440;beer_bottle;4750;;0.7936842105263158;0.7863996662494785;0.7936842105263158;0.7900251466890194;3770;1024;980
540;drilling_platform;4750;;0.9073684210526316;0.6993347395748823;0.9073684210526316;0.7898836250343627;4310;1853;440
635;magnetic_compass;4750;;0.8044210526315789;0.7758375634517767;0.8044210526315789;0.7898708010335916;3821;1104;929
654;minibus;4750;;0.8254736842105264;0.756949806949807;0.8254736842105264;0.7897280966767373;3921;1259;829
194;Dandie_Dinmont;4750;;0.867578947368421;0.7242530755711775;0.867578947368421;0.7894636015325671;4121;1569;629
494;chime;4750;;0.7311578947368421;0.8573191804492718;0.7311578947368421;0.7892284967617317;3473;578;1277
653;milk_can;4750;;0.7637894736842106;0.8160143949617634;0.7637894736842106;0.7890387124836887;3628;818;1122
759;reflex_camera;4750;;0.7825263157894737;0.7955907534246576;0.7825263157894737;0.7890044576523032;3717;955;1033
781;scoreboard;4750;;0.8267368421052631;0.7544668587896254;0.8267368421052631;0.7889502762430939;3927;1278;823
967;espresso;4750;;0.7482105263157894;0.8342723004694835;0.7482105263157894;0.7889012208657048;3554;706;1196
301;ladybug;4750;;0.868;0.7229528318428897;0.868;0.7888644408303835;4123;1580;627
203;West_Highland_white_terrier;4750;;0.8503157894736842;0.7355672919322528;0.8503157894736842;0.7887901572112099;4039;1452;711
116;chiton;4750;;0.7736842105263158;0.8041575492341356;0.7736842105263158;0.7886266094420601;3675;895;1075
543;dumbbell;4750;;0.7587368421052632;0.8207697563197449;0.7587368421052632;0.7885351712066513;3604;787;1146
676;muzzle;4750;;0.6936842105263158;0.9132483370288248;0.6936842105263158;0.7884661402249341;3295;313;1455
421;bannister;4750;;0.7341052631578947;0.8504878048780488;0.7341052631578947;0.7880225988700565;3487;613;1263
785;seat_belt;4750;;0.7450526315789474;0.8360500826836759;0.7450526315789474;0.7879327618835579;3539;694;1211
164;bluetick;4750;;0.7362105263157894;0.8473467409740731;0.7362105263157894;0.7878787878787877;3497;630;1253
331;hare;4750;;0.8023157894736842;0.7736500203004466;0.8023157894736842;0.7877221992558908;3811;1115;939
667;mortarboard;4750;;0.8608421052631579;0.7257720979765708;0.8608421052631579;0.787557781201849;4089;1545;661
846;table_lamp;4750;;0.8503157894736842;0.7331639135959339;0.8503157894736842;0.7874061799395653;4039;1470;711
496;Christmas_stocking;4750;;0.9101052631578948;0.6937891189215214;0.9101052631578948;0.787359985429378;4323;1908;427
649;megalith;4750;;0.7010526315789474;0.8978161229441898;0.7010526315789474;0.787327107223076;3330;379;1420
10;brambling;4750;;0.8974736842105263;0.7004600722970753;0.8974736842105263;0.7868217054263565;4263;1823;487
223;schipperke;4750;;0.7446315789473684;0.8324311602730055;0.7446315789473684;0.7860873430381152;3537;712;1213
487;cellular_telephone;4750;;0.7642105263157895;0.8086433504121185;0.7642105263157895;0.7857993289317026;3630;859;1120
236;Doberman;4750;;0.744;0.832312764955252;0.744;0.7856825255669186;3534;712;1216
845;syringe;4750;;0.7002105263157895;0.8940860215053763;0.7002105263157895;0.7853600944510035;3326;394;1424
627;limousine;4750;;0.788;0.7827268925135926;0.788;0.7853545950482584;3743;1039;1007
232;Border_collie;4750;;0.8536842105263158;0.7269630692004303;0.8536842105263158;0.7852439969016267;4055;1523;695
643;mask;4750;;0.7143157894736842;0.8715643462625224;0.7143157894736842;0.7851440472058313;3393;500;1357
23;vulture;4750;;0.7945263157894736;0.7754263406615985;0.7945263157894736;0.7848601434958926;3774;1093;976
709;pencil_box;4750;;0.7033684210526315;0.8871481678173128;0.7033684210526315;0.7846406763738843;3341;425;1409
418;ballpoint;4750;;0.76;0.8105074090704985;0.76;0.7844415471534115;3610;844;1140
474;cardigan;4750;;0.759578947368421;0.8107865168539325;0.759578947368421;0.7843478260869564;3608;842;1142
775;sarong;4750;;0.7;0.8916599624564227;0.7;0.7842906003066399;3325;404;1425
715;pickelhaube;4750;;0.8071578947368421;0.7622266401590457;0.8071578947368421;0.7840490797546011;3834;1196;916
234;Rottweiler;4750;;0.7669473684210526;0.8018930222320053;0.7669473684210526;0.7840309910685461;3643;900;1107
86;partridge;4750;;0.7953684210526316;0.7727551646553488;0.7953684210526316;0.7838987446830585;3778;1111;972
69;trilobite;4750;;0.7696842105263157;0.7972088966419538;0.7696842105263157;0.7832047986289631;3656;930;1094
963;pizza;4750;;0.716842105263158;0.8626805168482392;0.716842105263158;0.783028630562263;3405;542;1345
39;common_iguana;4750;;0.7501052631578947;0.8187040441176471;0.7501052631578947;0.7829048560755877;3563;789;1187
154;Pekinese;4750;;0.7195789473684211;0.8575012543903663;0.7195789473684211;0.7825091575091575;3418;568;1332
787;shield;4750;;0.6858947368421052;0.9105645612073784;0.6858947368421052;0.7824207492795389;3258;320;1492
41;whiptail;4750;;0.7886315789473685;0.7762121840033154;0.7886315789473685;0.7823725981620718;3746;1080;1004
259;Pomeranian;4750;;0.8627368421052631;0.7151832460732984;0.8627368421052631;0.7820610687022901;4098;1632;652
158;toy_terrier;4750;;0.795578947368421;0.7688708036622584;0.795578947368421;0.7819968960165546;3779;1136;971
557;flagpole;4750;;0.7787368421052632;0.7846839202375901;0.7787368421052632;0.7816990701606087;3699;1015;1051
443;bib;4750;;0.744421052631579;0.8223255813953488;0.744421052631579;0.7814364640883978;3536;764;1214
958;hay;4750;;0.7202105263157895;0.8539690464303544;0.7202105263157895;0.7814070351758794;3421;585;1329
655;miniskirt;4750;;0.7183157894736842;0.8566407230730605;0.7183157894736842;0.7814038703767319;3412;571;1338
753;radiator;4750;;0.7454736842105263;0.8204355885078777;0.7454736842105263;0.7811603794396648;3541;775;1209
113;snail;4750;;0.7997894736842105;0.7623921332530604;0.7997894736842105;0.7806431727113942;3799;1184;951
538;dome;4750;;0.716;0.8562437059415912;0.716;0.7798670029809677;3401;571;1349
177;Scottish_deerhound;4750;;0.8134736842105263;0.7488372093023256;0.8134736842105263;0.7798183652875884;3864;1296;886
830;stretcher;4750;;0.7145263157894737;0.8575037897928247;0.7145263157894737;0.7795130914101975;3394;564;1356
452;bonnet;4750;;0.7223157894736842;0.84653343202566;0.7223157894736842;0.7795069862546858;3431;622;1319
932;pretzel;4750;;0.7762105263157895;0.7826363829335597;0.7762105263157895;0.7794102103371737;3687;1024;1063
784;screwdriver;4750;;0.6778947368421052;0.9163346613545816;0.6778947368421052;0.7792836398838334;3220;294;1530
161;basset;4750;;0.7913684210526316;0.7674561045324623;0.7913684210526316;0.779228855721393;3759;1139;991
853;thatch;4750;;0.7797894736842105;0.7786420012612991;0.7797894736842105;0.7792153150310297;3704;1053;1046
205;flat-coated_retriever;4750;;0.7505263157894737;0.8098591549295775;0.7505263157894737;0.7790646853146854;3565;837;1185
292;tiger;4750;;0.8941052631578947;0.6902324069559564;0.8941052631578947;0.7790516371640832;4247;1906;503
517;crane;4750;;0.7517894736842106;0.8081013804028061;0.7517894736842106;0.7789289998909368;3571;848;1179
456;bow;4750;;0.7951578947368421;0.763338722716249;0.7951578947368421;0.7789234893792534;3777;1171;973
855;thimble;4750;;0.7865263157894736;0.7714226718975842;0.7865263157894736;0.7789012821849265;3736;1107;1014
983;scuba_diver;4750;;0.7806315789473685;0.7768698931489629;0.7806315789473685;0.7787461934264412;3708;1065;1042
8;hen;4750;;0.7381052631578947;0.8239717978848413;0.7381052631578947;0.7786785119378122;3506;749;1244
343;warthog;4750;;0.7522105263157894;0.8061823104693141;0.7522105263157894;0.7782618165976911;3573;859;1177
844;switch;4750;;0.6949473684210526;0.8840385645420461;0.6949473684210526;0.7781706742102783;3301;433;1449
56;king_snake;4750;;0.6787368421052632;0.9115069267741024;0.6787368421052632;0.7780861590442862;3224;313;1526
632;loudspeaker;4750;;0.7216842105263158;0.843503937007874;0.7216842105263158;0.7778534150215567;3428;636;1322
628;liner;4750;;0.7753684210526316;0.7802966101694915;0.7753684210526316;0.7778247096092925;3683;1037;1067
185;Norfolk_terrier;4750;;0.7477894736842106;0.8098495212038304;0.7477894736842106;0.777583187390543;3552;834;1198
738;pot;4750;;0.8551578947368421;0.7128817128817129;0.8551578947368421;0.7775650842266462;4062;1636;688
767;rubber_eraser;4750;;0.7214736842105263;0.8428430890309887;0.7214736842105263;0.7774500907441015;3427;639;1323
971;bubble;4750;;0.6993684210526315;0.875131717597471;0.6993684210526315;0.777439737889071;3322;474;1428
813;spatula;4750;;0.6854736842105263;0.8977116073890268;0.6854736842105263;0.7773665990211293;3256;371;1494
196;miniature_schnauzer;4750;;0.7837894736842105;0.7709670739283495;0.7837894736842105;0.7773253993109926;3723;1106;1027
966;red_wine;4750;;0.7562105263157894;0.7992879394748553;0.7562105263157894;0.7771527477282562;3592;902;1158
931;bagel;4750;;0.6909473684210526;0.8872668288726683;0.6909473684210526;0.7768966741626229;3282;417;1468
942;butternut_squash;4750;;0.7328421052631579;0.8264482431149098;0.7328421052631579;0.7768355277839768;3481;731;1269
570;gasmask;4750;;0.8252631578947368;0.7335329341317365;0.8252631578947368;0.7766990291262136;3920;1424;830
518;crash_helmet;4750;;0.8646315789473684;0.7049433573635427;0.8646315789473684;0.7766641452344931;4107;1719;643
81;ptarmigan;4750;;0.7115789473684211;0.8548305513404147;0.7115789473684211;0.776654411764706;3380;574;1370
79;centipede;4750;;0.728;0.8320500481231954;0.728;0.7765551313721087;3458;698;1292
122;American_lobster;4750;;0.8486315789473684;0.7157315340909091;0.8486315789473684;0.7765363128491619;4031;1601;719
774;sandal;4750;;0.6917894736842105;0.884760366182014;0.6917894736842105;0.7764650283553876;3286;428;1464
564;four-poster;4750;;0.8;0.7542675664946408;0.8;0.7764609726195342;3800;1238;950
132;American_egret;4750;;0.8776842105263158;0.6961095341459342;0.8776842105263158;0.7764223856969923;4169;1820;581
182;Border_terrier;4750;;0.744421052631579;0.8106373223292068;0.744421052631579;0.7761194029850746;3536;826;1214
219;cocker_spaniel;4750;;0.7294736842105263;0.8289473684210527;0.7294736842105263;0.7760358342665173;3465;715;1285
504;coffee_mug;4750;;0.7410526315789474;0.8142493638676844;0.7410526315789474;0.7759285793012234;3520;803;1230
880;unicycle;4750;;0.7452631578947368;0.8089579524680073;0.7452631578947368;0.7758053911900066;3540;836;1210
729;plate_rack;4750;;0.7197894736842105;0.8410824108241083;0.7197894736842105;0.7757231990924561;3419;646;1331
804;soap_dispenser;4750;;0.6608421052631579;0.9378547953391096;0.6608421052631579;0.7753488946523404;3139;208;1611
134;crane;4750;;0.6477894736842106;0.964576802507837;0.6477894736842106;0.7750629722921913;3077;113;1673
104;wallaby;4750;;0.7092631578947368;0.85420892494929;0.7092631578947368;0.7750172532781229;3369;575;1381
227;kelpie;4750;;0.7856842105263158;0.7645974185617701;0.7856842105263158;0.774997404215554;3732;1149;1018
812;space_shuttle;4750;;0.844;0.7164045746962115;0.844;0.774985501643147;4009;1587;741
636;mailbag;4750;;0.7932631578947369;0.7567784695722033;0.7932631578947369;0.7745914276904101;3768;1211;982
379;howler_monkey;4750;;0.8437894736842105;0.7158421146633327;0.8437894736842105;0.7745675910716011;4008;1591;742
367;chimpanzee;4750;;0.8136842105263158;0.7388644618619766;0.8136842105263158;0.7744714958421;3865;1366;885
626;lighter;4750;;0.7498947368421053;0.800629354911216;0.7498947368421053;0.774432003478639;3562;887;1188
889;violin;4750;;0.7543157894736842;0.795338512763596;0.7543157894736842;0.7742841707185305;3583;922;1167
828;strainer;4750;;0.6755789473684211;0.906497175141243;0.6755789473684211;0.7741857659831122;3209;331;1541
150;sea_lion;4750;;0.6724210526315789;0.9120502569960023;0.6724210526315789;0.7741153659718857;3194;308;1556
580;greenhouse;4750;;0.6652631578947369;0.9253294289897511;0.6652631578947369;0.7740355174525413;3160;255;1590
731;plunger;4750;;0.6658947368421053;0.9237733644859814;0.6658947368421053;0.773917298752141;3163;261;1587
796;ski_mask;4750;;0.8450526315789474;0.7137268847795164;0.8450526315789474;0.7738577212261423;4014;1610;736
155;Shih-Tzu;4750;;0.7966315789473685;0.752286282306163;0.7966315789473685;0.7738241308793457;3784;1246;966
703;park_bench;4750;;0.7334736842105263;0.8182245185533115;0.7334736842105263;0.7735346358792184;3484;774;1266
297;sloth_bear;4750;;0.7566315789473684;0.7911071978868589;0.7566315789473684;0.7734854191326804;3594;949;1156
464;buckle;4750;;0.6882105263157895;0.8825593952483801;0.6882105263157895;0.7733617222616513;3269;435;1481
211;vizsla;4750;;0.743578947368421;0.8054732041049031;0.743578947368421;0.7732895457033387;3532;853;1218
38;banded_gecko;4750;;0.7724210526315789;0.7737241670181358;0.7724210526315789;0.7730720606826802;3669;1073;1081
903;wig;4750;;0.8745263157894737;0.6925641880626876;0.8745263157894737;0.7729810197246001;4154;1844;596
857;throne;4750;;0.7633684210526316;0.781971102005607;0.7633684210526316;0.7725577926920209;3626;1011;1124
500;cliff_dwelling;4750;;0.708421052631579;0.8491042139793086;0.708421052631579;0.7724090439573051;3365;598;1385
542;drumstick;4750;;0.7183157894736842;0.835250917992656;0.7183157894736842;0.7723825693265423;3412;673;1338
412;ashcan;4750;;0.6747368421052632;0.9025626584060827;0.6747368421052632;0.7721961209492831;3205;346;1545
956;custard_apple;4750;;0.8576842105263158;0.7021716649431231;0.8576842105263158;0.7721758908263836;4074;1728;676
53;ringneck_snake;4750;;0.7665263157894737;0.7774930600042708;0.7665263157894737;0.7719707410155836;3641;1042;1109
523;crutch;4750;;0.692;0.8723460721868365;0.692;0.7717774125381544;3287;481;1463
841;sweatshirt;4750;;0.6943157894736842;0.8676664035780058;0.6943157894736842;0.7713717693836978;3298;503;1452
783;screw;4750;;0.9124210526315789;0.6680024660912454;0.9124210526315789;0.771311621284926;4334;2154;416
220;Sussex_spaniel;4750;;0.7448421052631579;0.7993673746046092;0.7448421052631579;0.7711421098517873;3538;888;1212
662;modem;4750;;0.6947368421052632;0.8659144581474678;0.6947368421052632;0.7709379745356851;3300;511;1450
725;pitcher;4750;;0.6581052631578947;0.9303571428571429;0.6581052631578947;0.7709001233045624;3126;234;1624
224;groenendael;4750;;0.7431578947368421;0.800635064640508;0.7431578947368421;0.7708265094442625;3530;879;1220
776;sax;4750;;0.748421052631579;0.7938811969629299;0.748421052631579;0.7704811443433031;3555;923;1195
708;pedestal;4750;;0.6981052631578948;0.859289971495206;0.6981052631578948;0.7703566035544199;3316;543;1434
411;apron;4750;;0.6673684210526316;0.9106578569376615;0.6673684210526316;0.7702587777912768;3170;311;1580
927;trifle;4750;;0.9138947368421053;0.6653893316983446;0.9138947368421053;0.7700904736562002;4341;2183;409
43;frilled_lizard;4750;;0.7014736842105264;0.8528282569746609;0.7014736842105264;0.7697816795656695;3332;575;1418
941;acorn_squash;4750;;0.7490526315789474;0.7915461624026696;0.7490526315789474;0.7697133585722012;3558;937;1192
811;space_heater;4750;;0.7061052631578948;0.8459016393442623;0.7061052631578948;0.7697074010327024;3354;611;1396
192;cairn;4750;;0.6576842105263158;0.927278124072425;0.6576842105263158;0.7695529006035227;3124;245;1626
149;dugong;4750;;0.808;0.7341239479724561;0.808;0.7692924433754259;3838;1390;912
186;Norwich_terrier;4750;;0.7762105263157895;0.7619342839429635;0.7762105263157895;0.7690061528835125;3687;1152;1063
477;carpenter's_kit;4750;;0.8012631578947368;0.7384555684904929;0.8012631578947368;0.768578352180937;3806;1348;944
772;safety_pin;4750;;0.7077894736842105;0.8405;0.7077894736842105;0.768457142857143;3362;638;1388
777;scabbard;4750;;0.8077894736842105;0.7326713767424098;0.8077894736842105;0.7683989185941724;3837;1400;913
827;stove;4750;;0.7421052631578947;0.7966101694915254;0.7421052631578947;0.768392370572207;3525;900;1225
176;Saluki;4750;;0.7696842105263157;0.7669393748688903;0.7696842105263157;0.7683093411789429;3656;1111;1094
778;scale;4750;;0.636;0.9698234349919743;0.636;0.7682136045772409;3021;94;1729
179;Staffordshire_bullterrier;4750;;0.7429473684210526;0.7948198198198199;0.7429473684210526;0.7680087051142547;3529;911;1221
740;power_drill;4750;;0.668;0.9032166239681184;0.668;0.7680019363427327;3173;340;1577
838;sunscreen;4750;;0.6522105263157895;0.9334136788189213;0.6522105263157895;0.767877060354443;3098;221;1652
114;slug;4750;;0.6732631578947369;0.8932960893854749;0.6732631578947369;0.767827130852341;3198;382;1552
33;loggerhead;4750;;0.7482105263157894;0.7883762200532387;0.7482105263157894;0.7677684165046446;3554;954;1196
172;whippet;4750;;0.6694736842105263;0.8993212669683258;0.6694736842105263;0.7675597393193339;3180;356;1570
951;lemon;4750;;0.7170526315789474;0.825496849248667;0.7170526315789474;0.7674628210905813;3406;720;1344
875;trombone;4750;;0.7572631578947369;0.7777297297297298;0.7572631578947369;0.76736;3597;1028;1153
370;guenon;4750;;0.647578947368421;0.9412484700122399;0.647578947368421;0.7672736343227737;3076;192;1674
939;zucchini;4750;;0.7202105263157895;0.8207773512476008;0.7202105263157895;0.7672123794572775;3421;747;1329
389;barracouta;4750;;0.8557894736842105;0.6947530336694582;0.8557894736842105;0.7669087821903594;4065;1786;685
372;baboon;4750;;0.8349473684210527;0.7091006615412122;0.8349473684210527;0.7668954848689936;3966;1627;784
455;bottlecap;4750;;0.752;0.7814482607744476;0.752;0.7664413689518291;3572;999;1178
288;leopard;4750;;0.7498947368421053;0.7821695212999561;0.7498947368421053;0.7656921754084265;3562;992;1188
242;boxer;4750;;0.7061052631578948;0.8359920239282154;0.7061052631578948;0.7655786350148369;3354;658;1396
221;Irish_water_spaniel;4750;;0.844;0.7002620087336244;0.844;0.7654415274463007;4009;1716;741
511;convertible;4750;;0.8425263157894737;0.7012440862099176;0.8425263157894737;0.7654202926269484;4002;1705;748
791;shopping_cart;4750;;0.7402105263157894;0.7922487607030194;0.7402105263157894;0.7653461036134087;3516;922;1234
640;manhole_cover;4750;;0.6673684210526316;0.8957332579824809;0.6673684210526316;0.7648691036313185;3170;369;1580
907;wine_bottle;4750;;0.7246315789473684;0.8085506225041109;0.7246315789473684;0.764294437659598;3442;815;1308
152;Japanese_spaniel;4750;;0.8856842105263157;0.6720447284345048;0.8856842105263157;0.7642143505903722;4207;2053;543
362;badger;4750;;0.8732631578947369;0.6793318047821815;0.8732631578947369;0.7641857037582904;4148;1958;602
303;long-horned_beetle;4750;;0.7031578947368421;0.8364638116704233;0.7031578947368421;0.7640398032711884;3340;653;1410
800;slot;4750;;0.903578947368421;0.6617329633055813;0.903578947368421;0.7639729441082236;4292;2194;458
569;garbage_truck;4750;;0.8629473684210527;0.6853369001839157;0.8629473684210527;0.7639548970273041;4099;1882;651
665;moped;4750;;0.6709473684210526;0.886509040333797;0.6709473684210526;0.7638106650689035;3187;408;1563
505;coffeepot;4750;;0.752;0.7739978331527627;0.752;0.7628403630539243;3572;1043;1178
287;lynx;4750;;0.7309473684210527;0.7976108430967149;0.7309473684210527;0.7628254421619247;3472;881;1278
541;drum;4750;;0.7330526315789474;0.7947957087422963;0.7330526315789474;0.7626765962107108;3482;899;1268
842;swimming_trunks;4750;;0.7825263157894737;0.7434;0.7825263157894737;0.7624615384615384;3717;1283;1033
337;beaver;4750;;0.7029473684210527;0.8310104529616724;0.7029473684210527;0.7616332116788321;3339;679;1411
798;slide_rule;4750;;0.7002105263157895;0.8344204716507777;0.7002105263157895;0.7614468864468865;3326;660;1424
579;grand_piano;4750;;0.6972631578947368;0.8369977255496588;0.6972631578947368;0.7607671988055587;3312;645;1438
769;rule;4750;;0.7450526315789474;0.7769484083424808;0.7450526315789474;0.7606663084363245;3539;1016;1211
730;plow;4750;;0.6648421052631579;0.8883263009845288;0.6648421052631579;0.7605057194461168;3158;397;1592
869;trench_coat;4750;;0.6587368421052632;0.8993963782696177;0.6587368421052632;0.7604812249362013;3129;350;1621
760;refrigerator;4750;;0.7486315789473684;0.7723718505647263;0.7486315789473684;0.7603164421637802;3556;1048;1194
650;microphone;4750;;0.6951578947368421;0.8389227642276422;0.6951578947368421;0.7603039373704812;3302;634;1448
881;upright;4750;;0.8703157894736843;0.6749387755102041;0.8703157894736843;0.7602758620689656;4134;1991;616
502;clog;4750;;0.7671578947368421;0.7533595203638619;0.7671578947368421;0.7601960988839054;3644;1193;1106
249;malamute;4750;;0.7397894736842106;0.7817575083426029;0.7397894736842106;0.7601946998377501;3514;981;1236
480;cash_machine;4750;;0.728421052631579;0.7944890929965557;0.728421052631579;0.7600219659527733;3460;895;1290
867;trailer_truck;4750;;0.7736842105263158;0.7466477041852906;0.7736842105263158;0.7599255583126551;3675;1247;1075
622;lens_cap;4750;;0.6393684210526316;0.9364785692260252;0.6393684210526316;0.7599149255598648;3037;206;1713
644;matchstick;4750;;0.7117894736842105;0.8145025295109612;0.7117894736842105;0.7596899224806201;3381;770;1369
574;golf_ball;4750;;0.8138947368421052;0.7119705340699816;0.8138947368421052;0.7595284872298624;3866;1564;884
910;wooden_spoon;4750;;0.6589473684210526;0.8958214081282198;0.6589473684210526;0.7593401261523532;3130;364;1620
209;Chesapeake_Bay_retriever;4750;;0.6995789473684211;0.830127404446665;0.6995789473684211;0.759282531703416;3323;680;1427
656;minivan;4750;;0.6597894736842105;0.8933865450399088;0.6597894736842105;0.7590215548558973;3134;374;1616
110;flatworm;4750;;0.8210526315789474;0.705371676614216;0.8210526315789474;0.7588286798326686;3900;1629;850
567;frying_pan;4750;;0.7187368421052631;0.8023501762632197;0.7187368421052631;0.7582454192115491;3414;841;1336
674;mousetrap;4750;;0.7667368421052632;0.748766447368421;0.7667368421052632;0.7576451008945287;3642;1222;1108
940;spaghetti_squash;4750;;0.7471578947368421;0.7678494158372998;0.7471578947368421;0.7573623559539052;3549;1073;1201
397;puffer;4750;;0.6745263157894736;0.862914085645031;0.6745263157894736;0.7571783055654023;3204;509;1546
506;coil;4750;;0.7301052631578947;0.786038077969175;0.7301052631578947;0.7570399476096922;3468;944;1282
831;studio_couch;4750;;0.7477894736842106;0.7665084160552439;0.7477894736842106;0.7570332480818415;3552;1082;1198
520;crib;4750;;0.7115789473684211;0.8074534161490683;0.7115789473684211;0.7564905998209489;3380;806;1370
256;Newfoundland;4750;;0.6827368421052632;0.847843137254902;0.6827368421052632;0.7563848396501458;3243;582;1507
548;entertainment_center;4750;;0.919578947368421;0.6421640693913555;0.919578947368421;0.7562326869806094;4368;2434;382
72;black_and_gold_garden_spider;4750;;0.9343157894736842;0.6349978537702103;0.9343157894736842;0.7561121049493141;4438;2551;312
646;maze;4750;;0.9;0.6512797074954296;0.9;0.7557009015379177;4275;2289;475
965;burrito;4750;;0.6452631578947369;0.9116597263533611;0.6452631578947369;0.7556706114398423;3065;297;1685
529;diaper;4750;;0.7292631578947368;0.783887757411179;0.7292631578947368;0.7555894863125749;3464;955;1286
151;Chihuahua;4750;;0.7004210526315789;0.8192563408027579;0.7004210526315789;0.7551923731699013;3327;734;1423
510;container_ship;4750;;0.864;0.6700408163265306;0.864;0.7547586206896552;4104;2021;646
651;microwave;4750;;0.7305263157894737;0.7804768331084121;0.7305263157894737;0.7546759460635059;3470;976;1280
125;hermit_crab;4750;;0.7138947368421052;0.7993870815652994;0.7138947368421052;0.7542259786476869;3391;851;1359
534;dishwasher;4750;;0.6962105263157895;0.8226368159203981;0.6962105263157895;0.7541619156214369;3307;713;1443
237;miniature_pinscher;4750;;0.7610526315789473;0.746900826446281;0.7610526315789473;0.7539103232533889;3615;1225;1135
748;purse;4750;;0.6381052631578947;0.9195995145631068;0.6381052631578947;0.753417847377579;3031;265;1719
843;swing;4750;;0.7957894736842105;0.7152317880794702;0.7957894736842105;0.7533632286995516;3780;1505;970
519;crate;4750;;0.6503157894736842;0.8951028687337004;0.6503157894736842;0.7533227655164005;3089;362;1661
581;grille;4750;;0.6408421052631579;0.9130173965206959;0.6408421052631579;0.7530925284512618;3044;290;1706
295;American_black_bear;4750;;0.8446315789473684;0.6790792146242384;0.8446315789473684;0.7528617001313568;4012;1896;738
201;silky_terrier;4750;;0.6568421052631579;0.8803611738148984;0.6568421052631579;0.7523510971786833;3120;424;1630
175;otterhound;4750;;0.7667368421052632;0.7384428223844283;0.7667368421052632;0.752323900020657;3642;1290;1108
969;eggnog;4750;;0.7286315789473684;0.7765312990800988;0.7286315789473684;0.7518192679483003;3461;996;1289
739;potter's_wheel;4750;;0.8553684210526316;0.6701302985320798;0.8553684210526316;0.7515028206788126;4063;2000;687
587;hammer;4750;;0.6376842105263157;0.9142770902505282;0.6376842105263157;0.7513332506511223;3029;284;1721
29;axolotl;4750;;0.8250526315789474;0.6896005630828788;0.8250526315789474;0.7512700086264736;3919;1764;831
449;boathouse;4750;;0.7349473684210527;0.7682658450704225;0.7349473684210527;0.7512373574349042;3491;1053;1259
492;chest;4750;;0.6562105263157895;0.8780281690140845;0.6562105263157895;0.7510843373493976;3117;433;1633
893;wallet;4750;;0.7031578947368421;0.8054014950566675;0.7031578947368421;0.7508148814207037;3340;807;1410
391;coho;4750;;0.6351578947368421;0.9167426314190216;0.6351578947368421;0.7504041785847533;3017;274;1733
342;wild_boar;4750;;0.7882105263157895;0.7146401985111662;0.7882105263157895;0.7496245870457502;3744;1495;1006
191;Airedale;4750;;0.7865263157894736;0.7159831353008815;0.7865263157894736;0.7495987158908507;3736;1482;1014
597;holster;4750;;0.6671578947368421;0.854177897574124;0.6671578947368421;0.7491725768321512;3169;541;1581
491;chain_saw;4750;;0.8496842105263158;0.6688763672522373;0.8496842105263158;0.7485163204747775;4036;1998;714
318;lacewing;4750;;0.7869473684210526;0.7130866081648226;0.7869473684210526;0.7481985588470776;3738;1504;1012
368;gibbon;4750;;0.8197894736842105;0.6878643349231585;0.8197894736842105;0.7480549418883874;3894;1767;856
879;umbrella;4750;;0.6888421052631579;0.8173869597801648;0.6888421052631579;0.7476293842111276;3272;731;1478
814;speedboat;4750;;0.8825263157894737;0.6482140095871347;0.8825263157894737;0.7474369260943211;4192;2275;558
183;Kerry_blue_terrier;4750;;0.8058947368421052;0.6963798435510279;0.8058947368421052;0.7471455060017567;3828;1669;922
395;gar;4750;;0.7366315789473684;0.7571954122484311;0.7366315789473684;0.7467719560345748;3499;1122;1251
469;caldron;4750;;0.6932631578947368;0.8090909090909091;0.6932631578947368;0.7467120181405895;3293;777;1457
267;standard_poodle;4750;;0.7658947368421053;0.7277455491098219;0.7658947368421053;0.7463329572263822;3638;1361;1112
864;tow_truck;4750;;0.6892631578947368;0.8134161490683229;0.6892631578947368;0.7462108262108261;3274;751;1476
600;hook;4750;;0.6256842105263158;0.9238420889027044;0.6256842105263158;0.7460775699761516;2972;245;1778
465;bulletproof_vest;4750;;0.8254736842105264;0.6804928844151337;0.8254736842105264;0.7460045662100457;3921;1841;829
30;bullfrog;4750;;0.6915789473684211;0.808714918759232;0.6915789473684211;0.7455742169768498;3285;777;1465
118;Dungeness_crab;4750;;0.7206315789473684;0.771815107102593;0.7206315789473684;0.7453456722917801;3423;1012;1327
447;binoculars;4750;;0.7783157894736842;0.7145342095090839;0.7783157894736842;0.7450624748085449;3697;1477;1053
197;giant_schnauzer;4750;;0.6749473684210526;0.8310005184033178;0.6749473684210526;0.7448884758364314;3206;652;1544
522;croquet_ball;4750;;0.8833684210526316;0.643854534294921;0.8833684210526316;0.7448300346143605;4196;2321;554
437;beacon;4750;;0.7652631578947369;0.7252593774940144;0.7652631578947369;0.7447244417127638;3635;1377;1115
825;stone_wall;4750;;0.6728421052631579;0.8333767926988266;0.6728421052631579;0.7445544554455447;3196;639;1554
833;submarine;4750;;0.7667368421052632;0.7234803337306317;0.7667368421052632;0.7444807849550287;3642;1392;1108
193;Australian_terrier;4750;;0.6692631578947369;0.8376811594202899;0.6692631578947369;0.7440608543007607;3179;616;1571
378;capuchin;4750;;0.7856842105263158;0.7062831188493566;0.7856842105263158;0.7438708391469006;3732;1552;1018
887;vestment;4750;;0.7311578947368421;0.756315331010453;0.7311578947368421;0.7435238706915008;3473;1119;1277
493;chiffonier;4750;;0.6654736842105263;0.8422595257127631;0.6654736842105263;0.7435022933082441;3161;592;1589
52;thunder_snake;4750;;0.747578947368421;0.7388680815647107;0.747578947368421;0.743197990791126;3551;1255;1199
159;Rhodesian_ridgeback;4750;;0.7054736842105264;0.7844101123595506;0.7054736842105264;0.74285080913323;3351;921;1399
899;water_jug;4750;;0.636;0.8919397697077059;0.636;0.7425341034779402;3021;366;1729
371;patas;4750;;0.6614736842105263;0.846215997845408;0.6614736842105263;0.7425262909133876;3142;571;1608
585;hair_spray;4750;;0.6505263157894737;0.8640939597315436;0.6505263157894737;0.7422531828008647;3090;486;1660
394;sturgeon;4750;;0.6730526315789473;0.8271668822768434;0.6730526315789473;0.7421938479396402;3197;668;1553
4;hammerhead;4750;;0.7646315789473684;0.7209210003969829;0.7646315789473684;0.7421332243563548;3632;1406;1118
936;head_cabbage;4750;;0.7536842105263157;0.7307613798734436;0.7536842105263157;0.7420458078557364;3580;1319;1170
315;mantis;4750;;0.6806315789473685;0.8141526063963737;0.6806315789473685;0.7414287352367848;3233;738;1517
481;cassette;4750;;0.7181052631578947;0.7660004491354143;0.7181052631578947;0.7412800173856351;3411;1042;1339
299;meerkat;4750;;0.8597894736842105;0.6512517939722532;0.8597894736842105;0.7411305689138916;4084;2187;666
117;chambered_nautilus;4750;;0.8682105263157894;0.6464963160369964;0.8682105263157894;0.7411267858747416;4124;2255;626
361;skunk;4750;;0.8871578947368421;0.6363636363636364;0.8871578947368421;0.741118536756947;4214;2408;536
438;beaker;4750;;0.6848421052631579;0.8073963762720278;0.6848421052631579;0.7410866841325892;3253;776;1497
631;lotion;4750;;0.8298947368421052;0.6690427698574338;0.8298947368421052;0.740838188310468;3942;1950;808
202;soft-coated_wheaten_terrier;4750;;0.6806315789473685;0.812515707464187;0.6806315789473685;0.740749226715546;3233;746;1517
968;cup;4750;;0.6644210526315789;0.835583796664019;0.6644210526315789;0.7402368945701888;3156;621;1594
758;reel;4750;;0.6456842105263157;0.8666289912404634;0.6456842105263157;0.7400168898540235;3067;472;1683
369;siamang;4750;;0.752;0.7283849918433931;0.752;0.7400041433602651;3572;1332;1178
199;Scotch_terrier;4750;;0.6888421052631579;0.7992183683439179;0.6888421052631579;0.7399366802351878;3272;822;1478
181;Bedlington_terrier;4750;;0.8511578947368421;0.6543129956303609;0.8511578947368421;0.7398664104675635;4043;2136;707
120;fiddler_crab;4750;;0.8393684210526315;0.659990067869558;0.8393684210526315;0.7389491242702252;3987;2054;763
207;golden_retriever;4750;;0.7774736842105263;0.7036966463414634;0.7774736842105263;0.73874774954991;3693;1555;1057
943;cucumber;4750;;0.6831578947368421;0.804013875123885;0.6831578947368421;0.7386751650352833;3245;791;1505
950;orange;4750;;0.6728421052631579;0.8182283666154634;0.6728421052631579;0.7384473197781886;3196;710;1554
713;photocopier;4750;;0.8766315789473684;0.6378676470588235;0.8766315789473684;0.7384287994325236;4164;2364;586
165;black-and-tan_coonhound;4750;;0.7111578947368421;0.7677272727272727;0.7111578947368421;0.7383606557377049;3378;1022;1372
360;otter;4750;;0.8138947368421052;0.6754018169112509;0.8138947368421052;0.7382088982241741;3866;1858;884
414;backpack;4750;;0.611578947368421;0.9296;0.611578947368421;0.7377777777777778;2905;220;1845
435;bathtub;4750;;0.6528421052631579;0.8474993167532112;0.6528421052631579;0.7375431085741467;3101;558;1649
871;trimaran;4750;;0.8231578947368421;0.6680334871006322;0.8231578947368421;0.737527114967462;3910;1943;840
478;carton;4750;;0.6385263157894737;0.8723037100949094;0.6385263157894737;0.7373283092257202;3033;444;1717
693;paddle;4750;;0.767578947368421;0.7093385214007782;0.767578947368421;0.7373104145601619;3646;1494;1104
834;suit;4750;;0.6823157894736842;0.801830776843147;0.6823157894736842;0.7372611464968153;3241;801;1509
513;cornet;4750;;0.6989473684210527;0.7798919426826404;0.6989473684210527;0.7372043965804373;3320;937;1430
904;window_screen;4750;;0.7612631578947369;0.714483303694922;0.7612631578947369;0.7371317908470084;3616;1445;1134
445;bikini;4750;;0.7221052631578947;0.752028064021048;0.7221052631578947;0.7367629685318441;3430;1131;1320
403;aircraft_carrier;4750;;0.7709473684210526;0.705451743402042;0.7709473684210526;0.7367468061563223;3662;1529;1088
679;necklace;4750;;0.7688421052631579;0.7070667957405615;0.7688421052631579;0.7366616238023198;3652;1513;1098
168;redbone;4750;;0.7818947368421053;0.6960269865067467;0.7818947368421053;0.7364663890541345;3714;1622;1036
982;groom;4750;;0.5932631578947368;0.9707199448846021;0.5932631578947368;0.7364432248791324;2818;85;1932
858;tile_roof;4750;;0.6366315789473684;0.8724754760530872;0.6366315789473684;0.7361246348588122;3024;442;1726
985;daisy;4750;;0.9677894736842105;0.5935442220787605;0.9677894736842105;0.7358143257302922;4597;3148;153
568;fur_coat;4750;;0.7764210526315789;0.6990144048521607;0.7764210526315789;0.7356872132455614;3688;1588;1062
128;black_stork;4750;;0.8766315789473684;0.6330191547582852;0.8766315789473684;0.7351694915254237;4164;2414;586
556;fire_screen;4750;;0.7383157894736843;0.7319974953036944;0.7383157894736843;0.7351430667644901;3507;1284;1243
212;English_setter;4750;;0.7157894736842105;0.7543820723319281;0.7157894736842105;0.7345792373339095;3400;1107;1350
470;candle;4750;;0.7410526315789474;0.7280248190279214;0.7410526315789474;0.7344809598330725;3520;1315;1230
602;horizontal_bar;4750;;0.616421052631579;0.9079069767441861;0.616421052631579;0.734294670846395;2928;297;1822
257;Great_Pyrenees;4750;;0.6450526315789473;0.8520578420467185;0.6450526315789473;0.7342439491972201;3064;532;1686
184;Irish_terrier;4750;;0.6991578947368421;0.7725052337752966;0.6991578947368421;0.7340037573212509;3321;978;1429
578;gown;4750;;0.6831578947368421;0.7916565015857526;0.6831578947368421;0.733416205220929;3245;854;1505
208;Labrador_retriever;4750;;0.7056842105263158;0.7619913616731075;0.7056842105263158;0.7327576784348017;3352;1047;1398
384;indri;4750;;0.8665263157894737;0.6335231645374788;0.8665263157894737;0.731928514270472;4116;2381;634
80;black_grouse;4750;;0.8957894736842106;0.6186391392846757;0.8957894736842106;0.7318541451668386;4255;2623;495
252;affenpinscher;4750;;0.8416842105263158;0.6473445595854922;0.8416842105263158;0.7318323265604979;3998;2178;752
296;ice_bear;4750;;0.8322105263157895;0.6520950181458265;0.8322105263157895;0.7312245652978173;3953;2109;797
922;menu;4750;;0.6656842105263158;0.8099385245901639;0.6656842105263158;0.7307603420383638;3162;742;1588
112;conch;4750;;0.68;0.7887667887667887;0.68;0.7303561334087055;3230;865;1520
633;loupe;4750;;0.663578947368421;0.8117434972959052;0.663578947368421;0.7302212440634774;3152;731;1598
921;book_jacket;4750;;0.7261052631578947;0.7339859544583954;0.7261052631578947;0.730024341200127;3449;1250;1301
106;wombat;4750;;0.6526315789473685;0.8282126636387924;0.6526315789473685;0.7300129518426941;3100;643;1650
851;television;4750;;0.7421052631578947;0.7182151589242054;0.7421052631578947;0.7299647960240214;3525;1383;1225
353;gazelle;4750;;0.716842105263158;0.7434497816593887;0.716842105263158;0.729903536977492;3405;1175;1345
499;cleaver;4750;;0.6206315789473684;0.8847539015606243;0.6206315789473684;0.7295223954466716;2948;384;1802
898;water_bottle;4750;;0.6075789473684211;0.9115603284902085;0.6075789473684211;0.729156139464376;2886;280;1864
76;tarantula;4750;;0.7730526315789473;0.6899661781285231;0.7730526315789473;0.7291501191421763;3672;1650;1078
357;mink;4750;;0.7025263157894737;0.7566893424036281;0.7025263157894737;0.7286026200873362;3337;1073;1413
675;moving_van;4750;;0.7286315789473684;0.7280185107278082;0.7286315789473684;0.7283249158249159;3461;1293;1289
47;African_chameleon;4750;;0.8246315789473684;0.652072581987681;0.8246315789473684;0.7282699637445383;3917;2090;833
206;curly-coated_retriever;4750;;0.7117894736842105;0.7452060833149659;0.7117894736842105;0.728114568752019;3381;1156;1369
462;broom;4750;;0.688;0.7731251478590017;0.688;0.7280828784671939;3268;959;1482
615;knee_pad;4750;;0.8682105263157894;0.6261767385362891;0.8682105263157894;0.727593507410021;4124;2462;626
386;African_elephant;4750;;0.7736842105263158;0.6861463778939507;0.7736842105263158;0.7272907183851177;3675;1681;1075
309;bee;4750;;0.7332631578947368;0.7203722854188211;0.7332631578947368;0.7267605633802817;3483;1352;1267
697;pajama;4750;;0.7837894736842105;0.6767860389020178;0.7837894736842105;0.7263681592039801;3723;1778;1027
601;hoopskirt;4750;;0.7781052631578947;0.6810392482034273;0.7781052631578947;0.7263437162228555;3696;1731;1054
588;hamper;4750;;0.7503157894736842;0.7029585798816568;0.7503157894736842;0.7258655804480652;3564;1506;1186
446;binder;4750;;0.7391578947368421;0.7127486804709704;0.7391578947368421;0.725713104588673;3511;1415;1239
660;mobile_home;4750;;0.7490526315789474;0.7019135924245413;0.7490526315789474;0.7247173846623892;3558;1511;1192
619;lampshade;4750;;0.6444210526315789;0.8277447268793943;0.6444210526315789;0.7246685606060607;3061;637;1689
680;nipple;4750;;0.8082105263157895;0.6566883339035238;0.8082105263157895;0.7246130615326537;3839;2007;911
123;spiny_lobster;4750;;0.615578947368421;0.8799277761059284;0.615578947368421;0.724389941781246;2924;399;1826
490;chain_mail;4750;;0.7854736842105263;0.6711638783953948;0.7854736842105263;0.7238335435056747;3731;1828;1019
180;American_Staffordshire_terrier;4750;;0.6402105263157895;0.831555920153131;0.6402105263157895;0.7234447484239324;3041;616;1709
419;Band_Aid;4750;;0.7625263157894737;0.6880699088145896;0.7625263157894737;0.7233872578390255;3622;1642;1128
866;tractor;4750;;0.6947368421052632;0.7532526820360649;0.6947368421052632;0.7228123973277846;3300;1081;1450
706;patio;4750;;0.5882105263157895;0.9369550637156271;0.5882105263157895;0.7227108122090017;2794;188;1956
453;bookcase;4750;;0.7631578947368421;0.6859035004730369;0.7631578947368421;0.722471350274041;3625;1660;1125
835;sundial;4750;;0.6063157894736843;0.8921933085501859;0.6063157894736843;0.7219854600150413;2880;348;1870
624;library;4750;;0.6703157894736842;0.7817333660692365;0.6703157894736842;0.7217499716649667;3184;889;1566
498;cinema;4750;;0.652;0.807983302895904;0.652;0.7216590935570313;3097;736;1653
691;oxygen_mask;4750;;0.671578947368421;0.77880859375;0.671578947368421;0.7212299344336424;3190;906;1560
349;bighorn;4750;;0.7781052631578947;0.6715116279069767;0.7781052631578947;0.7208894090111175;3696;1808;1054
329;sea_cucumber;4750;;0.6604210526315789;0.793173198482933;0.6604210526315789;0.7207352096496267;3137;818;1613
530;digital_clock;4750;;0.7132631578947368;0.7279759346798453;0.7132631578947368;0.7205444491705657;3388;1266;1362
652;military_uniform;4750;;0.6149473684210527;0.8693452380952381;0.6149473684210527;0.7203452527743527;2921;439;1829
618;ladle;4750;;0.5738947368421052;0.9646142958244869;0.5738947368421052;0.7196409714889124;2726;100;2024
163;bloodhound;4750;;0.6103157894736843;0.8758308157099698;0.6103157894736843;0.7193548387096774;2899;411;1851
313;walking_stick;4750;;0.6208421052631579;0.854534917415242;0.6208421052631579;0.7191805877332031;2949;502;1801
508;computer_keyboard;4750;;0.7846315789473685;0.6636396011396012;0.7846315789473685;0.719081612965464;3727;1889;1023
692;packet;4750;;0.6661052631578948;0.7802712700369914;0.6661052631578948;0.7186825667234525;3164;891;1586
944;artichoke;4750;;0.5905263157894737;0.9169663288656423;0.5905263157894737;0.7184018440261237;2805;254;1945
894;wardrobe;4750;;0.712;0.7240419610361807;0.712;0.7179704914552594;3382;1289;1368
793;shower_cap;4750;;0.7547368421052632;0.6845522245560436;0.7547368421052632;0.7179333133072996;3585;1652;1165
700;paper_towel;4750;;0.6709473684210526;0.7701788303528274;0.6709473684210526;0.7171467146714671;3187;951;1563
187;Yorkshire_terrier;4750;;0.7471578947368421;0.6892600504952417;0.7471578947368421;0.7170421254672189;3549;1600;1201
431;bassinet;4750;;0.7469473684210526;0.6887982915938653;0.7469473684210526;0.7166952833047167;3548;1603;1202
82;ruffed_grouse;4750;;0.8263157894736842;0.6322487113402062;0.8263157894736842;0.7163716006570543;3925;2283;825
200;Tibetan_terrier;4750;;0.632;0.8260869565217391;0.632;0.7161259541984732;3002;632;1748
861;toilet_seat;4750;;0.7734736842105263;0.665097755249819;0.7734736842105263;0.7152034261241971;3674;1850;1076
153;Maltese_dog;4750;;0.7075789473684211;0.7224849527085124;0.7075789473684211;0.7149542650499894;3361;1291;1389
792;shovel;4750;;0.6098947368421053;0.8627159023228111;0.6098947368421053;0.7146028613714849;2897;461;1853
204;Lhasa;4750;;0.604421052631579;0.8737066342057213;0.604421052631579;0.7145345943255351;2871;415;1879
876;tub;4750;;0.5968421052631578;0.8898305084745762;0.5968421052631578;0.7144657258064516;2835;351;1915
406;altar;4750;;0.7471578947368421;0.6836832980157965;0.7471578947368421;0.714012674781209;3549;1642;1201
913;wreck;4750;;0.7183157894736842;0.7084717607973422;0.7183157894736842;0.7133598160150533;3412;1404;1338
409;analog_clock;4750;;0.8338947368421052;0.6227008332023267;0.8338947368421052;0.7129871298712986;3961;2400;789
459;brassiere;4750;;0.8008421052631579;0.6424590440803918;0.8008421052631579;0.7129603598538093;3804;2117;946
233;Bouvier_des_Flandres;4750;;0.7307368421052631;0.695451813263875;0.7307368421052631;0.7126578380043116;3471;1520;1279
683;oboe;4750;;0.836;0.6206627070959675;0.836;0.7124147829207034;3971;2427;779
40;American_chameleon;4750;;0.7282105263157894;0.6969574853919001;0.7282105263157894;0.7122413260578605;3459;1504;1291
724;pirate;4750;;0.7109473684210527;0.7133502323616392;0.7109473684210527;0.7121467735132856;3377;1357;1373
3;tiger_shark;4750;;0.7046315789473684;0.719475494411006;0.7046315789473684;0.711976175281855;3347;1305;1403
246;Great_Dane;4750;;0.6810526315789474;0.7453917050691244;0.6810526315789474;0.7117711771177119;3235;1105;1515
442;bell_cote;4750;;0.744421052631579;0.6796079185085527;0.744421052631579;0.7105395358183462;3536;1667;1214
623;letter_opener;4750;;0.592842105263158;0.8863707900535096;0.592842105263158;0.7104831588242716;2816;361;1934
702;parallel_bars;4750;;0.8456842105263158;0.61206765198842;0.8456842105263158;0.7101564571731638;4017;2546;733
930;French_loaf;4750;;0.7025263157894737;0.7171717171717171;0.7025263157894737;0.7097734765500372;3337;1316;1413
121;king_crab;4750;;0.732;0.6887876386687797;0.732;0.7097366809552971;3477;1571;1273
78;tick;4750;;0.8621052631578947;0.6014098986635336;0.8621052631578947;0.7085388009343369;4095;2714;655
750;quilt;4750;;0.6294736842105263;0.8102981029810298;0.6294736842105263;0.7085308056872037;2990;700;1760
926;hot_pot;4750;;0.7951578947368421;0.6385460693153001;0.7951578947368421;0.7082981715893109;3777;2138;973
884;vault;4750;;0.7233684210526315;0.6937209771855442;0.7233684210526315;0.7082345666288776;3436;1517;1314
868;tray;4750;;0.611578947368421;0.8410538506079908;0.611578947368421;0.7081911262798635;2905;549;1845
847;tank;4750;;0.7397894736842106;0.6783783783783783;0.7397894736842106;0.7077542799597181;3514;1666;1236
634;lumbermill;4750;;0.676;0.7425994449583718;0.676;0.7077363896848138;3211;1113;1539
454;bookshop;4750;;0.608421052631579;0.845771144278607;0.608421052631579;0.7077262152565202;2890;527;1860
586;half_track;4750;;0.7821052631578947;0.646199339015481;0.7821052631578947;0.7076864463282216;3715;2034;1035
964;potpie;4750;;0.7787368421052632;0.6480378416257884;0.7787368421052632;0.7074010327022375;3699;2009;1051
590;hand-held_computer;4750;;0.8185263157894737;0.6222791293213829;0.8185263157894737;0.707037643207856;3888;2360;862
334;porcupine;4750;;0.767578947368421;0.6545780969479353;0.767578947368421;0.7065891472868218;3646;1924;1104
638;maillot;4750;;0.7381052631578947;0.677487922705314;0.7381052631578947;0.7064987405541562;3506;1669;1244
696;paintbrush;4750;;0.6854736842105263;0.728248713934243;0.6854736842105263;0.706214076564364;3256;1215;1494
797;sleeping_bag;4750;;0.6536842105263158;0.7674246169055857;0.6536842105263158;0.7060027285129603;3105;941;1645
789;shoji;4750;;0.8330526315789474;0.6119703062171358;0.8330526315789474;0.7055991440798859;3957;2509;793
862;torch;4750;;0.8216842105263158;0.6180522565320665;0.8216842105263158;0.7054676909173068;3903;2412;847
909;wok;4750;;0.5901052631578947;0.8762113160362613;0.5901052631578947;0.7052459428858976;2803;396;1947
280;grey_fox;4750;;0.7113684210526315;0.6987179487179487;0.7113684210526315;0.7049864385562278;3379;1457;1371
892;wall_clock;4750;;0.6073684210526316;0.8398835516739447;0.6073684210526316;0.7049480757483201;2885;550;1865
807;solar_dish;4750;;0.8023157894736842;0.6281522993242129;0.8023157894736842;0.7046315984099103;3811;2256;939
764;rifle;4750;;0.5823157894736842;0.8911082474226805;0.5823157894736842;0.7043544690603515;2766;338;1984
577;gong;4750;;0.9084210526315789;0.5745672436750998;0.9084210526315789;0.7039151712887438;4315;3195;435
754;radio;4750;;0.5753684210526315;0.9046673286991063;0.5753684210526315;0.7033843778149531;2733;288;2017
314;cockroach;4750;;0.5941052631578947;0.8595796527566251;0.5941052631578947;0.7026017677082036;2822;461;1928
749;quill;4750;;0.7269473684210527;0.6790560471976401;0.7269473684210527;0.7021860701576004;3453;1632;1297
311;grasshopper;4750;;0.6757894736842105;0.7303754266211604;0.6757894736842105;0.7020229633679607;3210;1185;1540
390;eel;4750;;0.6134736842105263;0.8203828828828829;0.6134736842105263;0.7019995181883883;2914;638;1836
37;box_turtle;4750;;0.6172631578947368;0.8135405105438401;0.6172631578947368;0.7019391908067992;2932;672;1818
21;kite;4750;;0.836;0.6048743335872049;0.836;0.7019001325673884;3971;2594;779
501;cloak;4750;;0.6332631578947369;0.7870225013082156;0.6332631578947369;0.701819878674755;3008;814;1742
335;fox_squirrel;4750;;0.8511578947368421;0.5967527675276753;0.8511578947368421;0.7016052060737528;4043;2732;707
987;corn;4750;;0.6783157894736842;0.724859392575928;0.6783157894736842;0.7008156606851549;3222;1223;1528
226;briard;4750;;0.668;0.7360241243331014;0.668;0.7003641982121179;3173;1138;1577
989;hip;4750;;0.9233684210526316;0.5641157556270097;0.9233684210526316;0.7003592814371258;4386;3389;364
319;dragonfly;4750;;0.6252631578947369;0.7947551511907948;0.6252631578947369;0.6998939554612937;2970;767;1780
648;medicine_chest;4750;;0.6484210526315789;0.7597434632461766;0.6484210526315789;0.6996819627442072;3080;974;1670
189;Lakeland_terrier;4750;;0.5995789473684211;0.839622641509434;0.5995789473684211;0.6995824121837386;2848;544;1902
377;marmoset;4750;;0.7646315789473684;0.6437433534207728;0.7646315789473684;0.6989992301770593;3632;2010;1118
436;beach_wagon;4750;;0.676;0.7233611173687767;0.676;0.6988790945695941;3211;1228;1539
960;chocolate_sauce;4750;;0.7130526315789474;0.68479579458148;0.7130526315789474;0.6986386138613861;3387;1559;1363
992;agaric;4750;;0.7136842105263158;0.6819553409776705;0.7136842105263158;0.6974591091451496;3390;1581;1360
65;sea_snake;4750;;0.6543157894736842;0.7458603311735061;0.6543157894736842;0.6970954356846473;3108;1059;1642
962;meat_loaf;4750;;0.6774736842105263;0.7155881698910385;0.6774736842105263;0.6960095165999783;3218;1279;1532
795;ski;4750;;0.7993684210526316;0.6157963023029517;0.7993684210526316;0.69567607182118;3797;2369;953
222;kuvasz;4750;;0.7566315789473684;0.6436246418338109;0.7566315789473684;0.6955680278691697;3594;1990;1156
935;mashed_potato;4750;;0.6570526315789473;0.7381740775780511;0.6570526315789473;0.6952550679438627;3121;1107;1629
747;punching_bag;4750;;0.7263157894736842;0.6666666666666666;0.7263157894736842;0.695214105793451;3450;1725;1300
721;pillow;4750;;0.5423157894736842;0.9655172413793104;0.5423157894736842;0.6945268266379078;2576;92;2174
108;sea_anemone;4750;;0.6711578947368421;0.7191518159260095;0.6711578947368421;0.6943264728302299;3188;1245;1562
115;sea_slug;4750;;0.6924210526315789;0.695054945054945;0.6924210526315789;0.6937354988399073;3289;1443;1461
460;breakwater;4750;;0.5701052631578948;0.8783652286733701;0.5701052631578948;0.6914336780288522;2708;375;2042
946;cardoon;4750;;0.9463157894736842;0.5428743961352657;0.9463157894736842;0.6899462778204144;4495;3785;255
50;American_alligator;4750;;0.5917894736842105;0.8270079435127978;0.5917894736842105;0.6899006013007731;2811;588;1939
735;poncho;4750;;0.8191578947368421;0.5957740009186955;0.8191578947368421;0.6898324616612003;3891;2640;859
109;brain_coral;4750;;0.7046315789473684;0.6749344625932647;0.7046315789473684;0.6894633844886188;3347;1612;1403
546;electric_guitar;4750;;0.7505263157894737;0.6374038977293045;0.7505263157894737;0.6893551194044282;3565;2028;1185
533;dishrag;4750;;0.6778947368421052;0.699847859161052;0.6778947368421052;0.6886963961073682;3220;1381;1530
788;shoe_shop;4750;;0.6848421052631579;0.6908048417923126;0.6848421052631579;0.6878105507981817;3253;1456;1497
382;squirrel_monkey;4750;;0.8945263157894737;0.5575383807899226;0.8945263157894737;0.6869291083986743;4249;3372;501
558;flute;4750;;0.6132631578947368;0.7799196787148595;0.6132631578947368;0.6866234531526224;2913;822;1837
839;suspension_bridge;4750;;0.6042105263157894;0.7936946902654868;0.6042105263157894;0.6861104470475735;2870;746;1880
231;collie;4750;;0.7282105263157894;0.6481169196177627;0.7282105263157894;0.6858332507187469;3459;1878;1291
283;Persian_cat;4750;;0.8309473684210527;0.5836167381339642;0.8309473684210527;0.6856596890471641;3947;2816;803
762;restaurant;4750;;0.6534736842105263;0.7198515769944341;0.6534736842105263;0.6850584859854336;3104;1208;1646
998;ear;4750;;0.712421052631579;0.6583657587548638;0.712421052631579;0.6843276036400404;3384;1756;1366
803;snowplow;4750;;0.8536842105263158;0.5709659250915236;0.8536842105263158;0.6842726965912926;4055;3047;695
59;vine_snake;4750;;0.6901052631578948;0.6783940397350994;0.6901052631578948;0.6841995408056774;3278;1554;1472
42;agama;4750;;0.756;0.6246303704992172;0.756;0.6840651490618154;3591;2158;1159
818;spotlight;4750;;0.6823157894736842;0.6847665328544263;0.6823157894736842;0.6835389644627228;3241;1492;1509
271;red_wolf;4750;;0.6650526315789473;0.7018440346589647;0.6650526315789473;0.6829531942492704;3159;1342;1591
61;boa_constrictor;4750;;0.5734736842105264;0.8438661710037175;0.5734736842105264;0.6828779142642266;2724;504;2026
63;Indian_cobra;4750;;0.8452631578947368;0.5723449750534568;0.8452631578947368;0.682532936676583;4015;3000;735
908;wing;4750;;0.5517894736842105;0.8942340498123508;0.5517894736842105;0.6824632209347742;2621;310;2129
101;tusker;4750;;0.6797894736842105;0.6848356309650053;0.6797894736842105;0.6823032223983097;3229;1486;1521
819;stage;4750;;0.6328421052631579;0.740029542097489;0.6328421052631579;0.6822514752610077;3006;1056;1744
34;leatherback_turtle;4750;;0.6450526315789473;0.7217903415783274;0.6450526315789473;0.6812673707615341;3064;1181;1686
836;sunglass;4750;;0.66;0.7013422818791947;0.66;0.6800433839479393;3135;1335;1615
617;lab_coat;4750;;0.8275789473684211;0.575970695970696;0.8275789473684211;0.6792224622030237;3931;2894;819
698;palace;4750;;0.671578947368421;0.6869078380706287;0.671578947368421;0.6791569086651053;3190;1454;1560
817;sports_car;4750;;0.640421052631579;0.7208530805687203;0.640421052631579;0.6782608695652174;3042;1178;1708
373;macaque;4750;;0.7985263157894736;0.5888837137090513;0.7985263157894736;0.6778661424358859;3793;2648;957
733;pole;4750;;0.5911578947368421;0.7914317925591883;0.5911578947368421;0.6767895878524945;2808;740;1942
434;bath_towel;4750;;0.5610526315789474;0.8519820971867008;0.5610526315789474;0.6765676567656765;2665;463;2085
484;catamaran;4750;;0.5442105263157895;0.8938450899031812;0.5442105263157895;0.6765244700340225;2585;307;2165
413;assault_rifle;4750;;0.7953684210526316;0.5871930369909854;0.7953684210526316;0.6756080114449212;3778;2656;972
44;alligator_lizard;4750;;0.532;0.9232736572890026;0.532;0.6750367303325765;2527;210;2223
673;mouse;4750;;0.5751578947368421;0.813579511614056;0.5751578947368421;0.6739023186975825;2732;626;2018
450;bobsled;4750;;0.8244210526315789;0.5696;0.8244210526315789;0.6737204301075268;3916;2959;834
584;hair_slide;4750;;0.7185263157894737;0.633092190688184;0.7185263157894737;0.673109160832265;3413;1978;1337
595;harvester;4750;;0.8366315789473684;0.5623319654733268;0.8366315789473684;0.6725903359566726;3974;3093;776
126;isopod;4750;;0.7258947368421053;0.625090645395214;0.7258947368421053;0.6717319306448472;3448;2068;1302
241;EntleBucher;4750;;0.8602105263157894;0.5494889725658957;0.8602105263157894;0.670605612998523;4086;3350;664
302;ground_beetle;4750;;0.747578947368421;0.6059726962457338;0.747578947368421;0.669368520263902;3551;2309;1199
742;printer;4750;;0.6033684210526316;0.7496730316505362;0.6033684210526316;0.6686107546949726;2866;957;1884
341;hog;4750;;0.5715789473684211;0.8023049645390071;0.5715789473684211;0.6675682321121219;2715;669;2035
591;handkerchief;4750;;0.7130526315789474;0.6272222222222222;0.7130526315789474;0.6673891625615763;3387;2013;1363
380;titi;4750;;0.5265263157894737;0.9097853765005457;0.5265263157894737;0.6670222696359516;2501;248;2249
266;miniature_poodle;4750;;0.584421052631579;0.776069331842326;0.584421052631579;0.6667467275129099;2776;801;1974
616;knot;4750;;0.7673684210526316;0.589424320827943;0.7673684210526316;0.6667276385586244;3645;2539;1105
997;bolete;4750;;0.8254736842105264;0.5577524893314367;0.8254736842105264;0.6657045840407471;3921;3109;829
664;monitor;4750;;0.5901052631578947;0.7631364007623196;0.5901052631578947;0.6655585895761604;2803;870;1947
854;theater_curtain;4750;;0.8898947368421053;0.5310968714662646;0.8898947368421053;0.6651978912581635;4227;3732;523
677;nail;4750;;0.6349473684210526;0.698309793933781;0.6349473684210526;0.6651229463005843;3016;1303;1734
509;confectionery;4750;;0.651578947368421;0.678281832127986;0.651578947368421;0.6646623000107377;3095;1468;1655
705;passenger_car;4750;;0.5509473684210526;0.8326439707286033;0.5509473684210526;0.6631192195616369;2617;526;2133
690;oxcart;4750;;0.8614736842105263;0.5389174239431055;0.8614736842105263;0.6630478813902617;4092;3501;658
312;cricket;4750;;0.5709473684210526;0.7865429234338747;0.5709473684210526;0.6616247865333008;2712;736;2038
49;African_crocodile;4750;;0.5557894736842105;0.8165790287658522;0.5557894736842105;0.6614054866591507;2640;593;2110
718;pier;4750;;0.5688421052631579;0.7861507128309573;0.5688421052631579;0.6600708440210089;2702;735;2048
298;mongoose;4750;;0.6568421052631579;0.6629834254143646;0.6568421052631579;0.6598984771573604;3120;1586;1630
250;Siberian_husky;4750;;0.5397894736842105;0.8448105436573311;0.5397894736842105;0.6587026332691072;2564;471;2186
928;ice_cream;4750;;0.5128421052631579;0.9175141242937853;0.5128421052631579;0.6579338284942606;2436;219;2314
479;car_wheel;4750;;0.5212631578947369;0.8839700107104606;0.5212631578947369;0.6558071778572375;2476;325;2274
917;comic_book;4750;;0.7637894736842106;0.5737782698086351;0.7637894736842106;0.6552876365935157;3628;2695;1122
230;Shetland_sheepdog;4750;;0.5793684210526315;0.7533534081576786;0.5793684210526315;0.6550041651791028;2752;901;1998
489;chainlink_fence;4750;;0.7345263157894737;0.5908552074513125;0.7345263157894737;0.6549038010323792;3489;2416;1261
527;desktop_computer;4750;;0.6905263157894737;0.6223908918406073;0.6905263157894737;0.6546906187624751;3280;1990;1470
712;Petri_dish;4750;;0.744421052631579;0.5840766435414602;0.744421052631579;0.6545723805997778;3536;2518;1214
999;toilet_tissue;4750;;0.5267368421052632;0.8618670341026524;0.5267368421052632;0.653861230889847;2502;401;2248
359;black-footed_ferret;4750;;0.556;0.7930930930930931;0.556;0.6537128712871287;2641;689;2109
639;maillot;4750;;0.5808421052631579;0.7460789616008653;0.5808421052631579;0.6531723484848485;2759;939;1991
975;lakeside;4750;;0.564;0.7736066993935894;0.564;0.652380372580056;2679;784;2071
483;castle;4750;;0.7654736842105263;0.5671502105755732;0.7654736842105263;0.6515545202042827;3636;2775;1114
348;ram;4750;;0.5317894736842105;0.8339385935952459;0.5317894736842105;0.6494408021596606;2526;503;2224
824;stole;4750;;0.6421052631578947;0.6553502363558229;0.6421052631578947;0.6486601446193109;3050;1604;1700
865;toyshop;4750;;0.7252631578947368;0.5866825613079019;0.7252631578947368;0.6486537375258896;3445;2427;1305
723;pinwheel;4750;;0.8355789473684211;0.527862747705812;0.8355789473684211;0.6469964952318853;3969;3550;781
848;tape_player;4750;;0.4991578947368421;0.9189922480620155;0.4991578947368421;0.6469304229195089;2371;209;2379
923;plate;4750;;0.5667368421052632;0.7511160714285714;0.5667368421052632;0.6460283177345812;2692;892;2058
265;toy_poodle;4750;;0.6421052631578947;0.6478334749362786;0.6421052631578947;0.6449566504546416;3050;1658;1700
885;velvet;4750;;0.588421052631579;0.7121019108280254;0.588421052631579;0.6443804034582131;2795;1130;1955
272;coyote;4750;;0.6974736842105264;0.5947935368043088;0.6974736842105264;0.6420542635658915;3313;2257;1437
751;racer;4750;;0.7562105263157894;0.5562093527407866;0.7562105263157894;0.6409707351891506;3592;2866;1158
77;wolf_spider;4750;;0.8029473684210526;0.5326071777684681;0.8029473684210526;0.6404164217949794;3814;3347;936
416;balance_beam;4750;;0.8808421052631579;0.5030660093783816;0.8808421052631579;0.6403918267391138;4184;4133;566
525;dam;4750;;0.7277894736842105;0.5699917559769168;0.7277894736842105;0.6392972723069811;3457;2608;1293
526;desk;4750;;0.6549473684210526;0.6231971153846154;0.6549473684210526;0.6386778895504003;3111;1881;1639
402;acoustic_guitar;4750;;0.771578947368421;0.5448193845696447;0.771578947368421;0.6386686416310882;3665;3062;1085
356;weasel;4750;;0.5665263157894737;0.7300596852957135;0.5665263157894737;0.6379800853485065;2691;995;2059
281;tabby;4750;;0.8345263157894737;0.5154746423927178;0.8345263157894737;0.6372990353697748;3964;3726;786
701;parachute;4750;;0.899578947368421;0.49319021237303784;0.899578947368421;0.6370955717906664;4273;4391;477
67;diamondback;4750;;0.5762105263157895;0.7103555670905788;0.5762105263157895;0.6362896663954435;2737;1116;2013
744;projectile;4750;;0.6181052631578947;0.6549185813071604;0.6181052631578947;0.6359796382540887;2936;1547;1814
285;Egyptian_cat;4750;;0.5082105263157894;0.8446466060181945;0.5082105263157894;0.6345951629863301;2414;444;2336
170;Irish_wolfhound;4750;;0.6277894736842106;0.6399141630901287;0.6277894736842106;0.6337938363443146;2982;1678;1768
399;abaya;4750;;0.8515789473684211;0.5046157684630739;0.8515789473684211;0.6337145542848192;4045;3971;705
906;Windsor_tie;4750;;0.7667368421052632;0.5393957345971564;0.7667368421052632;0.6332811684924361;3642;3110;1108
549;envelope;4750;;0.6456842105263157;0.6209759060538571;0.6456842105263157;0.6330890700794715;3067;1872;1683
248;Eskimo_dog;4750;;0.6612631578947369;0.6061366267850251;0.6612631578947369;0.6325010068465566;3141;2041;1609
671;mountain_bike;4750;;0.8503157894736842;0.5034276455191325;0.8503157894736842;0.6324277773428326;4039;3984;711
516;cradle;4750;;0.5597894736842105;0.7253136933987998;0.5597894736842105;0.6318916349809885;2659;1007;2091
669;mosquito_net;4750;;0.7147368421052631;0.5658333333333333;0.7147368421052631;0.6316279069767441;3395;2605;1355
976;promontory;4750;;0.7103157894736842;0.5683004884621863;0.7103157894736842;0.6314213530457565;3374;2563;1376
64;green_mamba;4750;;0.7602105263157894;0.5371913121094912;0.7602105263157894;0.6295327754532776;3611;3111;1139
743;prison;4750;;0.7663157894736842;0.5327868852459017;0.7663157894736842;0.6285615610429977;3640;3192;1110
620;laptop;4750;;0.8307368421052631;0.5053790983606558;0.8307368421052631;0.6284440197483675;3946;3862;804
54;hognose_snake;4750;;0.5094736842105263;0.8126259234385493;0.5094736842105263;0.6262939958592132;2420;558;2330
961;dough;4750;;0.47726315789473683;0.9097110754414125;0.47726315789473683;0.6260701463684064;2267;225;2483
424;barbershop;4750;;0.4865263157894737;0.8750473305566073;0.4865263157894737;0.6253551616831281;2311;330;2439
304;leaf_beetle;4750;;0.5033684210526316;0.824767161090031;0.5033684210526316;0.6251797620604;2391;508;2359
658;mitten;4750;;0.7667368421052632;0.527367506516073;0.7667368421052632;0.6249142072752231;3642;3264;1108
269;timber_wolf;4750;;0.8202105263157895;0.5040755595807996;0.8202105263157895;0.6244090071319817;3896;3833;854
582;grocery_store;4750;;0.6701052631578948;0.5831806522535727;0.6701052631578948;0.6236285266457681;3183;2275;1567
5;electric_ray;4750;;0.7732631578947369;0.5216588552762391;0.7732631578947369;0.6230175557628699;3673;3368;1077
408;amphibian;4750;;0.7322105263157894;0.5405657444824371;0.7322105263157894;0.6219599427753935;3478;2956;1272
689;overskirt;4750;;0.6412631578947369;0.6035268476322568;0.6412631578947369;0.6218230070429724;3046;2001;1704
598;home_theater;4750;;0.6966315789473684;0.5589527027027027;0.6966315789473684;0.6202436738519213;3309;2611;1441
536;dock;4750;;0.49494736842105264;0.8286922805780754;0.49494736842105264;0.619744299459602;2351;486;2399
124;crayfish;4750;;0.49957894736842107;0.8137860082304527;0.49957894736842107;0.6190973128098095;2373;543;2377
809;soup_bowl;4750;;0.4928421052631579;0.832207607536438;0.4928421052631579;0.6190665079994712;2341;472;2409
856;thresher;4750;;0.7303157894736843;0.5355874633317894;0.7303157894736843;0.6179745256969805;3469;3008;1281
663;monastery;4750;;0.6684210526315789;0.5742448905769578;0.6684210526315789;0.6177643739663391;3175;2354;1575
860;tobacco_shop;4750;;0.7063157894736842;0.5478445460483344;0.7063157894736842;0.6170682361596468;3355;2769;1395
62;rock_python;4750;;0.5932631578947368;0.6423524048324596;0.5932631578947368;0.6168326584218015;2818;1569;1932
925;consomme;4750;;0.8642105263157894;0.47738109082451446;0.8642105263157894;0.6150273428721251;4105;4494;645
6;stingray;4750;;0.5433684210526316;0.7065425677525322;0.5433684210526316;0.6143044150898489;2581;1072;2169
794;shower_curtain;4750;;0.6890526315789474;0.5538071065989848;0.6890526315789474;0.6140712945590994;3273;2637;1477
385;Indian_elephant;4750;;0.5614736842105263;0.6751898734177215;0.5614736842105263;0.613103448275862;2667;1283;2083
782;screen;4750;;0.5503157894736842;0.6888010540184453;0.5503157894736842;0.6118197776477472;2614;1181;2136
552;feather_boa;4750;;0.7456842105263158;0.516401807843709;0.7456842105263158;0.6102162115599966;3542;3317;1208
35;mud_turtle;4750;;0.511578947368421;0.7546583850931677;0.511578947368421;0.6097867001254705;2430;790;2320
162;beagle;4750;;0.4922105263157895;0.8004108182129408;0.4922105263157895;0.6095685047581801;2338;583;2412
799;sliding_door;4750;;0.5376842105263158;0.6923285443209541;0.5376842105263158;0.6052849863727929;2554;1135;2196
815;spider_web;4750;;0.5694736842105264;0.6448152562574494;0.5694736842105264;0.6048071548351035;2705;1490;2045
415;bakery;4750;;0.5658947368421052;0.6486486486486487;0.5658947368421052;0.604452439847088;2688;1456;2062
979;valley;4750;;0.7964210526315789;0.4869352555026387;0.7964210526315789;0.604361370716511;3783;3986;967
497;church;4750;;0.4576842105263158;0.8873469387755102;0.4576842105263158;0.6038888888888889;2174;276;2576
611;jigsaw_puzzle;4750;;0.7208421052631578;0.5150421179302046;0.7208421052631578;0.6008071591507281;3424;3224;1326
539;doormat;4750;;0.6058947368421053;0.5920592470685044;0.6058947368421053;0.5988970970762667;2878;1983;1872
36;terrapin;4750;;0.6989473684210527;0.5203761755485894;0.6989473684210527;0.596585804132974;3320;3060;1430
240;Appenzeller;4750;;0.5901052631578947;0.5954960696834501;0.5901052631578947;0.5927884107010679;2803;1904;1947
911;wool;4750;;0.6018947368421053;0.5835884874464177;0.6018947368421053;0.592600269457975;2859;2040;1891
810;space_bar;4750;;0.6861052631578948;0.5174658621784693;0.6861052631578948;0.5899710354815352;3259;3039;1491
488;chain;4750;;0.6421052631578947;0.5442541042112776;0.6421052631578947;0.5891442920610392;3050;2554;1700
58;water_snake;4750;;0.5724210526315789;0.6067841999553671;0.5724210526315789;0.5891019391181888;2719;1762;2031
107;jellyfish;4750;;0.8157894736842105;0.4577132057642334;0.8157894736842105;0.586410411622276;3875;4591;875
310;ant;4750;;0.771578947368421;0.46861015215445595;0.771578947368421;0.5830880598202212;3665;4156;1085
119;rock_crab;4750;;0.4414736842105263;0.8552202283849919;0.4414736842105263;0.5823382393779506;2097;355;2653
482;cassette_player;4750;;0.8101052631578948;0.45361310857008136;0.8101052631578948;0.5815763621249906;3848;4635;902
166;Walker_hound;4750;;0.44126315789473686;0.8475535786494137;0.44126315789473686;0.5803682680326735;2096;377;2654
550;espresso_maker;4750;;0.7465263157894737;0.4696066746126341;0.7465263157894737;0.576538492805463;3546;4005;1204
277;red_fox;4750;;0.844842105263158;0.43728887435981256;0.844842105263158;0.5762906584332591;4013;5164;737
905;window_shade;4750;;0.6871578947368421;0.496048632218845;0.6871578947368421;0.5761694616063547;3264;3316;1486
476;carousel;4750;;0.9046315789473685;0.42156381830668105;0.9046315789473685;0.5751187847152512;4297;5896;453
103;platypus;4750;;0.7522105263157894;0.4648107193963835;0.7522105263157894;0.5745758623462249;3573;4114;1177
461;breastplate;4750;;0.8136842105263158;0.44262482821804855;0.8136842105263158;0.5733570686841716;3865;4867;885
970;alp;4750;;0.6096842105263158;0.537890044576523;0.6096842105263158;0.5715413459640812;2896;2488;1854
328;sea_urchin;4750;;0.7566315789473684;0.4568450489386043;0.7566315789473684;0.5697075374494729;3594;4273;1156
485;CD_player;4750;;0.4261052631578947;0.8547297297297297;0.4261052631578947;0.5686990727732509;2024;344;2726
978;seashore;4750;;0.5450526315789473;0.5794538943598926;0.5450526315789473;0.5617270557604687;2589;1879;2161
728;plastic_bag;4750;;0.5595789473684211;0.5599325890035812;0.5595789473684211;0.5597557123302096;2658;2089;2092
381;spider_monkey;4750;;0.48042105263157897;0.6672514619883041;0.48042105263157897;0.5586291309669523;2282;1138;2468
167;English_foxhound;4750;;0.8357894736842105;0.41882055069100116;0.8357894736842105;0.55801532082367;3970;5509;780
681;notebook;4750;;0.46021052631578946;0.7019910083493899;0.46021052631578946;0.5559511698880977;2186;928;2564
980;volcano;4750;;0.7505263157894737;0.4409945571499258;0.7505263157894737;0.5555555555555555;3565;4519;1185
977;sandbar;4750;;0.7458947368421053;0.44023359840954274;0.7458947368421053;0.553680262541022;3543;4505;1207
972;cliff;4750;;0.4968421052631579;0.6221987872396519;0.4968421052631579;0.5524991220882594;2360;1433;2390
66;horned_viper;4750;;0.5541052631578948;0.550742833228709;0.5541052631578948;0.5524189316822332;2632;2147;2118
358;polecat;4750;;0.7736842105263158;0.42882147024504086;0.7736842105263158;0.5518018018018018;3675;4895;1075
562;fountain;4750;;0.7583157894736842;0.43132558974973056;0.7583157894736842;0.5498816884207312;3602;4749;1148
599;honeycomb;4750;;0.6545263157894737;0.46885839239933647;0.6545263157894737;0.5463491784553203;3109;3522;1641
32;tailed_frog;4750;;0.5469473684210526;0.5449968533668974;0.5469473684210526;0.5459703688137018;2598;2169;2152
68;sidewinder;4750;;0.6469473684210526;0.4664541590771099;0.6469473684210526;0.542070911977421;3073;3515;1677
188;wire-haired_fox_terrier;4750;;0.8589473684210527;0.38177224665481424;0.8589473684210527;0.5286001166029669;4080;6607;670
741;prayer_rug;4750;;0.8282105263157895;0.38414217361585784;0.8282105263157895;0.5248482422787005;3934;6307;816
345;ox;4750;;0.40210526315789474;0.7429015947102294;0.40210526315789474;0.5217866411692392;1910;661;2840
60;night_snake;4750;;0.372;0.8674521354933726;0.372;0.5207013407985857;1767;270;2983
603;horse_cart;4750;;0.7033684210526315;0.4069923254964064;0.7033684210526315;0.5156262057257505;3341;4868;1409
26;common_newt;4750;;0.6703157894736842;0.41286307053941906;0.6703157894736842;0.5109934199967903;3184;4528;1566
405;airship;4750;;0.7549473684210526;0.3712984054669704;0.7549473684210526;0.4977790116601888;3586;6072;1164
878;typewriter_keyboard;4750;;0.3658947368421053;0.7398893146019583;0.3658947368421053;0.48964642907451755;1738;611;3012
895;warplane;4750;;0.8035789473684211;0.34944612286002014;0.8035789473684211;0.48707969118866834;3817;7106;933
73;barn_spider;4750;;0.6035789473684211;0.40736004546746235;0.6035789473684211;0.48642687478791996;2867;4171;1883
524;cuirass;4750;;0.43515789473684213;0.5471148755955532;0.43515789473684213;0.48475609756097565;2067;1711;2683
374;langur;4750;;0.747578947368421;0.3497488427065892;0.747578947368421;0.47654834597060997;3551;6602;1199
46;green_lizard;4750;;0.33642105263157895;0.808295397066262;0.33642105263157895;0.4751003419057529;1598;379;3152
657;missile;4750;;0.6898947368421052;0.35461530137431013;0.6898947368421052;0.4684439997141019;3277;5964;1473
973;coral_reef;4750;;0.6978947368421052;0.32122093023255816;0.6978947368421052;0.4399469143994692;3315;7005;1435
282;tiger_cat;4750;;0.2911578947368421;0.8709068010075567;0.2911578947368421;0.43641527295676874;1383;205;3367
996;hen-of-the-woods;4750;;0.7926315789473685;0.2987858106499484;0.7926315789473685;0.43398075038902656;3765;8836;985
111;nematode;4750;;0.9202105263157895;0.27414701455092827;0.9202105263157895;0.4224412873296608;4371;11573;379
55;green_snake;4750;;0.3082105263157895;0.6432337434094904;0.3082105263157895;0.41673783091374894;1464;812;3286
278;kit_fox;4750;;0.26989473684210524;0.9131054131054132;0.26989473684210524;0.4166395840103997;1282;122;3468
238;Greater_Swiss_Mountain_dog;4750;;0.25242105263157893;0.9110942249240122;0.25242105263157893;0.39531816683151993;1199;117;3551
947;mushroom;4750;;0.24673684210526317;0.7361809045226131;0.24673684210526317;0.36959949542731;1172;420;3578
974;geyser;4750;;0.8305263157894737;0.22219093213179386;0.8305263157894737;0.3505887580537659;3945;13810;805
74;garden_spider;4750;;0.10526315789473684;0.7396449704142012;0.10526315789473684;0.18429782528566163;500;176;4250
