class_idx;class_label;support;base_accuracy;overall_accuracy;precision;recall;f1;tp;fp;fn
986;yellow_lady's_slipper;4750;;0.8347368421052631;0.9848484848484849;0.8347368421052631;0.9036007292616225;3965;61;785
392;rock_beauty;4750;;0.8452631578947368;0.9293981481481481;0.8452631578947368;0.8853362734288865;4015;305;735
340;zebra;4750;;0.7905263157894736;0.9876380852183062;0.7905263157894736;0.8781571562207672;3755;47;995
685;odometer;4750;;0.7877894736842105;0.9881172432004225;0.7877894736842105;0.8766545624926789;3742;45;1008
607;jack-o'-lantern;4750;;0.7816842105263158;0.9586883552801446;0.7816842105263158;0.861185202365766;3713;160;1037
135;limpkin;4750;;0.7686315789473684;0.9715274081958488;0.7686315789473684;0.8582510578279267;3651;107;1099
604;hourglass;4750;;0.7922105263157895;0.9124636275460718;0.7922105263157895;0.8480955600631057;3763;361;987
139;ruddy_turnstone;4750;;0.7581052631578947;0.9607790821771611;0.7581052631578947;0.8474935278889152;3601;147;1149
90;lorikeet;4750;;0.7534736842105263;0.9654707310493661;0.7534736842105263;0.846399432422845;3579;128;1171
475;car_mirror;4750;;0.792;0.9062876415321609;0.792;0.8452982810920121;3762;389;988
387;lesser_panda;4750;;0.7469473684210526;0.9643924979614026;0.7469473684210526;0.8418554988729386;3548;131;1202
351;hartebeest;4750;;0.7488421052631579;0.9541309012875536;0.7488421052631579;0.839112998348667;3557;171;1193
143;oystercatcher;4750;;0.7315789473684211;0.9695870535714286;0.7315789473684211;0.833933285337173;3475;109;1275
275;African_hunting_dog;4750;;0.7389473684210527;0.9556221072692622;0.7389473684210527;0.8334322687878428;3510;163;1240
995;earthstar;4750;;0.7187368421052631;0.9884192240880139;0.7187368421052631;0.8322769380789858;3414;40;1336
284;Siamese_cat;4750;;0.7631578947368421;0.9128682951397633;0.7631578947368421;0.8313266827198716;3625;346;1125
100;black_swan;4750;;0.7271578947368421;0.9672360683281994;0.7271578947368421;0.830188679245283;3454;117;1296
439;bearskin;4750;;0.7334736842105263;0.9521727247881935;0.7334736842105263;0.8286359852538946;3484;175;1266
80;black_grouse;4750;;0.7749473684210526;0.8899903288201161;0.7749473684210526;0.8284942606347063;3681;455;1069
11;goldfinch;4750;;0.7128421052631579;0.9883245767659078;0.7128421052631579;0.8282778864970646;3386;40;1364
900;water_tower;4750;;0.756421052631579;0.9123920771965465;0.756421052631579;0.8271178637200738;3593;345;1157
407;ambulance;4750;;0.7496842105263158;0.921583850931677;0.7496842105263158;0.826793591827258;3561;303;1189
727;planetarium;4750;;0.744421052631579;0.9268676277850589;0.744421052631579;0.825685931115003;3536;279;1214
25;European_fire_salamander;4750;;0.732;0.9450937754824681;0.732;0.8250088978526515;3477;202;1273
96;toucan;4750;;0.7105263157894737;0.9833916083916084;0.7105263157894737;0.824981667074065;3375;57;1375
714;pick;4750;;0.7389473684210527;0.9327664097794313;0.7389473684210527;0.8246211676259837;3510;253;1240
88;macaw;4750;;0.7122105263157895;0.9738054116292458;0.7122105263157895;0.8227140077821012;3383;91;1367
805;soccer_ball;4750;;0.7437894736842106;0.9183779568494931;0.7437894736842106;0.8219146213795511;3533;314;1217
92;bee_eater;4750;;0.7048421052631579;0.9829712272460364;0.7048421052631579;0.8209906817067191;3348;58;1402
102;echidna;4750;;0.7195789473684211;0.9536830357142857;0.7195789473684211;0.820254379649628;3418;166;1332
645;maypole;4750;;0.7421052631578947;0.9080370942812983;0.7421052631578947;0.8167284522706209;3525;357;1225
594;harp;4750;;0.7155789473684211;0.950503355704698;0.7155789473684211;0.8164785010809513;3399;177;1351
321;admiral;4750;;0.6913684210526316;0.9885611077664058;0.6913684210526316;0.8136769078295342;3284;38;1466
625;lifeboat;4750;;0.688;0.9909035779260158;0.688;0.8121272365805169;3268;30;1482
136;European_gallinule;4750;;0.7052631578947368;0.9571428571428572;0.7052631578947368;0.8121212121212121;3350;150;1400
783;screw;4750;;0.7574736842105263;0.8752128435903673;0.7574736842105263;0.8120979573411579;3598;513;1152
779;school_bus;4750;;0.7545263157894737;0.877141458639256;0.7545263157894737;0.8112267994567678;3584;502;1166
612;jinrikisha;4750;;0.7185263157894737;0.9312414733969986;0.7185263157894737;0.8111705288175876;3413;252;1337
576;gondola;4750;;0.7008421052631579;0.9621387283236994;0.7008421052631579;0.8109622411693057;3329;131;1421
141;redshank;4750;;0.7178947368421053;0.927891156462585;0.7178947368421053;0.8094955489614243;3410;265;1340
339;sorrel;4750;;0.7621052631578947;0.8598574821852731;0.7621052631578947;0.8080357142857142;3620;590;1130
9;ostrich;4750;;0.6865263157894737;0.978985289702792;0.6865263157894737;0.8070783318896176;3261;70;1489
244;Tibetan_mastiff;4750;;0.7046315789473684;0.9406970207982013;0.7046315789473684;0.8057294174289841;3347;211;1403
451;bolo_tie;4750;;0.7267368421052631;0.9008350730688935;0.7267368421052631;0.8044744814728502;3452;380;1298
129;spoonbill;4750;;0.6806315789473685;0.9755582377791189;0.6806315789473685;0.8018353174603176;3233;81;1517
19;chickadee;4750;;0.6903157894736842;0.9545851528384279;0.6903157894736842;0.8012217470983506;3279;156;1471
832;stupa;4750;;0.7187368421052631;0.9029357312880191;0.7187368421052631;0.8003751025671081;3414;367;1336
156;Blenheim_spaniel;4750;;0.7814736842105263;0.8197879858657244;0.7814736842105263;0.8001724509592585;3712;816;1038
388;giant_panda;4750;;0.6907368421052632;0.9496382054992764;0.6907368421052632;0.7997562461913467;3281;174;1469
255;Leonberg;4750;;0.6755789473684211;0.9798473282442748;0.6755789473684211;0.7997507788161994;3209;66;1541
24;great_grey_owl;4750;;0.671578947368421;0.9879219572623104;0.671578947368421;0.7995989472364958;3190;39;1560
426;barometer;4750;;0.7037894736842105;0.9204295154185022;0.7037894736842105;0.7976616559293724;3343;289;1407
14;indigo_bunting;4750;;0.8153684210526316;0.7783360128617364;0.8153684210526316;0.7964219617520051;3873;1103;877
852;tennis_ball;4750;;0.7212631578947368;0.8884854771784232;0.7212631578947368;0.7961887055542645;3426;430;1324
13;junco;4750;;0.6755789473684211;0.9689009661835749;0.6755789473684211;0.7960803770776482;3209;103;1541
901;whiskey_jug;4750;;0.7223157894736842;0.8854193548387097;0.7223157894736842;0.7955942028985508;3431;444;1319
98;red-breasted_merganser;4750;;0.739578947368421;0.8597650513950074;0.739578947368421;0.7951561792666364;3513;573;1237
417;balloon;4750;;0.6909473684210526;0.9342442356959864;0.6909473684210526;0.7943846060752753;3282;231;1468
138;bustard;4750;;0.6764210526315789;0.9614003590664273;0.6764210526315789;0.7941176470588236;3213;129;1537
796;ski_mask;4750;;0.7092631578947368;0.9020080321285141;0.7092631578947368;0.7941072480848557;3369;366;1381
984;rapeseed;4750;;0.7568421052631579;0.8344939647168059;0.7568421052631579;0.7937734599249283;3595;713;1155
948;Granny_Smith;4750;;0.7210526315789474;0.8818228630278064;0.7210526315789474;0.793375028955293;3425;459;1325
688;oscilloscope;4750;;0.6886315789473684;0.9332382310984308;0.6886315789473684;0.7924894003634162;3271;234;1479
763;revolver;4750;;0.756;0.83125;0.756;0.7918412348401322;3591;729;1159
915;yurt;4750;;0.6694736842105263;0.967741935483871;0.6694736842105263;0.7914385266301642;3180;106;1570
17;jay;4750;;0.6936842105263158;0.9206482257613858;0.6936842105263158;0.7912114299435706;3295;284;1455
376;proboscis_monkey;4750;;0.6574736842105263;0.9864181933038535;0.6574736842105263;0.7890348660939868;3123;43;1627
0;tench;4750;;0.6543157894736842;0.9932885906040269;0.6543157894736842;0.788932605660617;3108;21;1642
324;cabbage_butterfly;4750;;0.6812631578947368;0.9366136034732272;0.6812631578947368;0.7887873248019499;3236;219;1514
216;clumber;4750;;0.6957894736842105;0.9084661902144036;0.6957894736842105;0.7880305197901765;3305;333;1445
646;maze;4750;;0.7273684210526316;0.8581718827620467;0.7273684210526316;0.7873746581586144;3455;571;1295
547;electric_locomotive;4750;;0.7147368421052631;0.8738738738738738;0.7147368421052631;0.7863346844238563;3395;490;1355
325;sulphur_butterfly;4750;;0.7046315789473684;0.8880339612629344;0.7046315789473684;0.7857729780490668;3347;422;1403
95;jacamar;4750;;0.7791578947368422;0.7914884516680923;0.7791578947368422;0.78527477190749;3701;975;1049
10;brambling;4750;;0.724;0.8541977148534525;0.724;0.7837283500455787;3439;587;1311
323;monarch;4750;;0.7981052631578948;0.7689655172413793;0.7981052631578948;0.7832644628099175;3791;1139;959
425;barn;4750;;0.7313684210526316;0.842999272021354;0.7313684210526316;0.7832262428136626;3474;647;1276
195;Boston_bull;4750;;0.6945263157894737;0.8967110627888013;0.6945263157894737;0.7827737572665797;3299;380;1451
85;quail;4750;;0.6698947368421052;0.9408633944411591;0.6698947368421052;0.7825873093949827;3182;200;1568
300;tiger_beetle;4750;;0.724;0.8499752842313396;0.724;0.7819463392451114;3439;607;1311
247;Saint_Bernard;4750;;0.6846315789473684;0.9109243697478991;0.6846315789473684;0.7817307692307692;3252;318;1498
755;radio_telescope;4750;;0.6709473684210526;0.9346041055718475;0.6709473684210526;0.7811274509803922;3187;223;1563
260;chow;4750;;0.7315789473684211;0.8369460500963392;0.7315789473684211;0.7807234329364189;3475;677;1275
874;trolleybus;4750;;0.6747368421052632;0.9223021582733812;0.6747368421052632;0.7793313069908815;3205;270;1545
457;bow_tie;4750;;0.6517894736842105;0.9662921348314607;0.6517894736842105;0.7784762383706311;3096;108;1654
12;house_finch;4750;;0.6707368421052632;0.9272409778812573;0.6707368421052632;0.778402150012216;3186;250;1564
684;ocarina;4750;;0.6538947368421053;0.9601236476043277;0.6538947368421053;0.7779586725109581;3106;129;1644
561;forklift;4750;;0.6522105263157895;0.9588362735995049;0.6522105263157895;0.7763438165643403;3098;133;1652
466;bullet_train;4750;;0.6669473684210526;0.9282156460591855;0.6669473684210526;0.7761852260198456;3168;245;1582
537;dogsled;4750;;0.7410526315789474;0.8138728323699422;0.7410526315789474;0.7757575757575758;3520;805;1230
661;Model_T;4750;;0.6871578947368421;0.8896156991005724;0.6871578947368421;0.7753890010690105;3264;405;1486
873;triumphal_arch;4750;;0.648;0.9624765478424016;0.648;0.7745344740815301;3078;120;1672
555;fire_engine;4750;;0.6692631578947369;0.917195614541258;0.6692631578947369;0.7738558909444985;3179;287;1571
94;hummingbird;4750;;0.6736842105263158;0.9075439591605219;0.6736842105263158;0.7733204446592556;3200;326;1550
545;electric_fan;4750;;0.6738947368421052;0.907055823179371;0.6738947368421052;0.7732817973185168;3201;328;1549
326;lycaenid;4750;;0.7627368421052632;0.7838598009519688;0.7627368421052632;0.7731540759709774;3623;999;1127
569;garbage_truck;4750;;0.663578947368421;0.9251540945113003;0.663578947368421;0.7728331494421968;3152;255;1598
190;Sealyham_terrier;4750;;0.7206315789473684;0.8322392414296135;0.7206315789473684;0.772424686900598;3423;690;1327
148;killer_whale;4750;;0.7275789473684211;0.8214879961968148;0.7275789473684211;0.7716869487551634;3456;751;1294
145;king_penguin;4750;;0.6343157894736842;0.9849624060150376;0.6343157894736842;0.7716737098220002;3013;46;1737
912;worm_fence;4750;;0.6682105263157895;0.9128559102674719;0.6682105263157895;0.771605688586362;3174;303;1576
15;robin;4750;;0.7216842105263158;0.8286197727822093;0.7216842105263158;0.7714639360864183;3428;709;1322
849;teapot;4750;;0.6903157894736842;0.8741668888296454;0.6903157894736842;0.7714386542759675;3279;472;1471
398;abacus;4750;;0.6486315789473684;0.9497533908754624;0.6486315789473684;0.7708281210908182;3081;163;1669
695;padlock;4750;;0.6637894736842105;0.9184386833673173;0.6637894736842105;0.7706220212635952;3153;280;1597
363;armadillo;4750;;0.6341052631578947;0.9791937581274383;0.6341052631578947;0.7697418860209557;3012;64;1738
886;vending_machine;4750;;0.6684210526315789;0.906107305936073;0.6684210526315789;0.7693239641385995;3175;329;1575
291;lion;4750;;0.7206315789473684;0.8248192771084337;0.7206315789473684;0.7692134831460675;3423;727;1327
420;banjo;4750;;0.648;0.9430147058823529;0.648;0.7681557274769154;3078;186;1672
822;steel_drum;4750;;0.6545263157894737;0.9288915446668659;0.6545263157894737;0.7679387427442264;3109;238;1641
253;basenji;4750;;0.6652631578947369;0.9072638530002871;0.6652631578947369;0.7676424146726588;3160;323;1590
218;Welsh_springer_spaniel;4750;;0.7705263157894737;0.7639323731997495;0.7705263157894737;0.7672151766062257;3660;1131;1090
152;Japanese_spaniel;4750;;0.7128421052631579;0.8284805480792757;0.7128421052631579;0.7663234129229377;3386;701;1364
331;hare;4750;;0.6873684210526316;0.8649006622516556;0.6873684210526316;0.7659824046920821;3265;510;1485
821;steel_arch_bridge;4750;;0.7098947368421052;0.8309512074913751;0.7098947368421052;0.7656675749318801;3372;686;1378
802;snowmobile;4750;;0.7010526315789474;0.8415466262319939;0.7010526315789474;0.7649018031468933;3330;627;1420
350;ibex;4750;;0.6621052631578948;0.9006300114547537;0.6621052631578948;0.7631642805144383;3145;347;1605
946;cardoon;4750;;0.8157894736842105;0.7166635842426484;0.8157894736842105;0.7630205769420104;3875;1532;875
993;gyromitra;4750;;0.6863157894736842;0.8583464981569247;0.6863157894736842;0.7627515208235846;3260;538;1490
528;dial_telephone;4750;;0.623578947368421;0.9817699701690421;0.623578947368421;0.7627140466074418;2962;55;1788
157;papillon;4750;;0.7134736842105264;0.8174143753014954;0.7134736842105264;0.7619154676258992;3389;757;1361
496;Christmas_stocking;4750;;0.7433684210526316;0.7808491817779744;0.7433684210526316;0.7616479723899913;3531;991;1219
327;starfish;4750;;0.6709473684210526;0.88014360673847;0.6709473684210526;0.7614382988890216;3187;434;1563
130;flamingo;4750;;0.6166315789473684;0.9918726718591263;0.6166315789473684;0.7604829287290666;2929;24;1821
293;cheetah;4750;;0.7258947368421053;0.7972254335260116;0.7258947368421053;0.7598898071625344;3448;877;1302
84;peacock;4750;;0.6389473684210526;0.9341335795629424;0.6389473684210526;0.7588448556069509;3035;214;1715
918;crossword_puzzle;4750;;0.6566315789473685;0.8975539568345324;0.6566315789473685;0.758419452887538;3119;356;1631
621;lawn_mower;4750;;0.6191578947368421;0.9777260638297872;0.6191578947368421;0.7581850992523848;2941;67;1809
668;mosque;4750;;0.6766315789473685;0.8612004287245445;0.6766315789473685;0.7578401320443291;3214;518;1536
333;hamster;4750;;0.6353684210526316;0.9384328358208955;0.6353684210526316;0.7577203113231232;3018;198;1732
829;streetcar;4750;;0.6532631578947369;0.9009872241579558;0.6532631578947369;0.7573834513058335;3103;341;1647
991;coral_fungus;4750;;0.6307368421052632;0.9436220472440945;0.6307368421052632;0.7560883280757097;2996;179;1754
301;ladybug;4750;;0.7501052631578947;0.7618131280735514;0.7501052631578947;0.7559138644319507;3563;1114;1187
262;Brabancon_griffon;4750;;0.6385263157894737;0.9258241758241759;0.6385263157894737;0.7557936705706456;3033;243;1717
127;white_stork;4750;;0.6208421052631579;0.9643557880967953;0.6208421052631579;0.7553790983606558;2949;109;1801
93;hornbill;4750;;0.6303157894736842;0.9415094339622642;0.6303157894736842;0.755107187894073;2994;186;1756
701;parachute;4750;;0.7416842105263158;0.768542757417103;0.7416842105263158;0.754874651810585;3523;1061;1227
540;drilling_platform;4750;;0.6985263157894737;0.8196640316205533;0.6985263157894737;0.7542623323482608;3318;730;1432
535;disk_brake;4750;;0.6130526315789474;0.9798115746971736;0.6130526315789474;0.7542087542087542;2912;60;1838
448;birdhouse;4750;;0.7103157894736842;0.8035246487258871;0.7103157894736842;0.7540507319253548;3374;825;1376
522;croquet_ball;4750;;0.7132631578947368;0.79811542991755;0.7132631578947368;0.7533073929961088;3388;857;1362
264;Cardigan;4750;;0.676;0.8501456182155149;0.676;0.7531370939369064;3211;566;1539
444;bicycle-built-for-two;4750;;0.6898947368421052;0.8285714285714286;0.6898947368421052;0.7529006318207926;3277;678;1473
512;corkscrew;4750;;0.6736842105263158;0.8519701810436635;0.6736842105263158;0.752410063484599;3200;556;1550
574;golf_ball;4750;;0.6370526315789473;0.9161368452921587;0.6370526315789473;0.7515211722339501;3026;277;1724
235;German_shepherd;4750;;0.6776842105263158;0.8413486670151594;0.6776842105263158;0.7506996268656716;3219;607;1531
881;upright;4750;;0.7336842105263158;0.7677902621722846;0.7336842105263158;0.7503498761976531;3485;1054;1265
773;saltshaker;4750;;0.7132631578947368;0.7897435897435897;0.7132631578947368;0.7495575221238939;3388;902;1362
927;trifle;4750;;0.6393684210526316;0.9046767947572237;0.6393684210526316;0.749229061305045;3037;320;1713
687;organ;4750;;0.6345263157894737;0.9144417475728155;0.6345263157894737;0.7491921451652995;3014;282;1736
472;canoe;4750;;0.6058947368421053;0.9795779441797141;0.6058947368421053;0.7486992715920915;2878;60;1872
789;shoji;4750;;0.6749473684210526;0.8394867766431003;0.6749473684210526;0.7482786789590383;3206;613;1544
573;go-kart;4750;;0.655157894736842;0.8714645757490899;0.655157894736842;0.7479870207907703;3112;459;1638
396;lionfish;4750;;0.6467368421052632;0.8858131487889274;0.6467368421052632;0.747627159892918;3072;396;1678
292;tiger;4750;;0.7774736842105263;0.7183427348764831;0.7774736842105263;0.7467394601152563;3693;1448;1057
726;plane;4750;;0.6202105263157894;0.9361296472831268;0.6202105263157894;0.746106116246676;2946;201;1804
178;Weimaraner;4750;;0.6128421052631579;0.9478997069358515;0.6128421052631579;0.744406086178238;2911;160;1839
757;recreational_vehicle;4750;;0.6787368421052632;0.8239202657807309;0.6787368421052632;0.7443149024587326;3224;689;1526
251;dalmatian;4750;;0.6513684210526316;0.8673955705074292;0.6513684210526316;0.7440182758206084;3094;473;1656
22;bald_eagle;4750;;0.6073684210526316;0.9594280013302294;0.6073684210526316;0.7438442696918911;2885;122;1865
75;black_widow;4750;;0.6648421052631579;0.8437082554100989;0.6648421052631579;0.7436712586836219;3158;585;1592
557;flagpole;4750;;0.6905263157894737;0.8049079754601227;0.6905263157894737;0.743342776203966;3280;795;1470
239;Bernese_mountain_dog;4750;;0.716;0.7713767294171013;0.716;0.7426574953597554;3401;1008;1349
20;water_ouzel;4750;;0.6050526315789474;0.959279038718291;0.6050526315789474;0.7420604182804028;2874;122;1876
495;china_cabinet;4750;;0.6576842105263158;0.8498367791077258;0.6576842105263158;0.7415143603133159;3124;552;1626
16;bulbul;4750;;0.6543157894736842;0.8543155579989005;0.6543157894736842;0.7410586552217453;3108;530;1642
375;colobus;4750;;0.6608421052631579;0.8433637829124127;0.6608421052631579;0.7410292728989611;3139;583;1611
261;keeshond;4750;;0.6151578947368421;0.9314631813834874;0.6151578947368421;0.7409661468238874;2922;215;1828
133;bittern;4750;;0.656;0.8502046384720328;0.656;0.7405822935234699;3116;549;1634
732;Polaroid_camera;4750;;0.6103157894736843;0.9412337662337662;0.6103157894736843;0.740485312899106;2899;181;1851
559;folding_chair;4750;;0.6202105263157894;0.9180430040511063;0.6202105263157894;0.7402940067847719;2946;263;1804
518;crash_helmet;4750;;0.668;0.8284595300261096;0.668;0.7396270396270396;3173;657;1577
210;German_short-haired_pointer;4750;;0.6347368421052632;0.8854625550660793;0.6347368421052632;0.7394236664622932;3015;390;1735
317;leafhopper;4750;;0.6385263157894737;0.8778581765557164;0.6385263157894737;0.7393053016453384;3033;422;1717
707;pay-phone;4750;;0.6328421052631579;0.8880354505169867;0.6328421052631579;0.7390288875230485;3006;379;1744
132;American_egret;4750;;0.6858947368421052;0.8006881297616122;0.6858947368421052;0.73885928109763;3258;811;1492
609;jeep;4750;;0.6301052631578947;0.8915698540363419;0.6301052631578947;0.7383742444800789;2993;364;1757
734;police_van;4750;;0.6347368421052632;0.8823529411764706;0.6347368421052632;0.7383372107260928;3015;402;1735
400;academic_gown;4750;;0.6229473684210526;0.9043398533007335;0.6229473684210526;0.737721266517078;2959;313;1791
274;dhole;4750;;0.6147368421052631;0.9214263174502998;0.6147368421052631;0.7374668518752368;2920;249;1830
198;standard_schnauzer;4750;;0.6061052631578947;0.9402351404310908;0.6061052631578947;0.7370711725550435;2879;183;1871
716;picket_fence;4750;;0.6703157894736842;0.8151561699948797;0.6703157894736842;0.7356746765249538;3184;722;1566
846;table_lamp;4750;;0.7052631578947368;0.7674684994272624;0.7052631578947368;0.7350521119034559;3350;1015;1400
158;toy_terrier;4750;;0.6755789473684211;0.805876443997991;0.6755789473684211;0.7349977095739807;3209;773;1541
637;mailbox;4750;;0.632421052631579;0.8760571595217265;0.632421052631579;0.7345641276439663;3004;425;1746
872;tripod;4750;;0.5966315789473684;0.952925353059852;0.5966315789473684;0.7338166752977732;2834;140;1916
800;slot;4750;;0.7138947368421052;0.7540582610629308;0.7138947368421052;0.7334270574240294;3391;1106;1359
627;limousine;4750;;0.6696842105263158;0.8098268839103869;0.6696842105263158;0.733118230006914;3181;747;1569
18;magpie;4750;;0.5972631578947368;0.9485122032764961;0.5972631578947368;0.7329802351117428;2837;154;1913
771;safe;4750;;0.6397894736842106;0.8562975486052409;0.6397894736842106;0.7323773948668515;3039;510;1711
1;goldfish;4750;;0.6894736842105263;0.7797619047619048;0.6894736842105263;0.7318435754189945;3275;925;1475
254;pug;4750;;0.6086315789473684;0.9171954314720813;0.6086315789473684;0.7317134902556315;2891;261;1859
144;pelican;4750;;0.5858947368421052;0.9737578726382086;0.5858947368421052;0.7315983175604627;2783;75;1967
766;rotisserie;4750;;0.648;0.8393782383419689;0.648;0.7313769751693002;3078;589;1672
699;panpipe;4750;;0.6892631578947368;0.7782267649156168;0.6892631578947368;0.7310483420788211;3274;933;1476
855;thimble;4750;;0.6105263157894737;0.9105180533751962;0.6105263157894737;0.7309388783868936;2900;285;1850
890;volleyball;4750;;0.6277894736842106;0.8744868035190616;0.6277894736842106;0.7308823529411765;2982;428;1768
616;knot;4750;;0.6225263157894737;0.8847995212447636;0.6225263157894737;0.730845279288186;2957;385;1793
937;broccoli;4750;;0.6176842105263158;0.8934226552984166;0.6176842105263158;0.7303958177744586;2934;350;1816
613;joystick;4750;;0.6909473684210526;0.774604673117772;0.6909473684210526;0.7303883387114722;3282;955;1468
147;grey_whale;4750;;0.6210526315789474;0.8858858858858859;0.6210526315789474;0.7301980198019803;2950;380;1800
71;scorpion;4750;;0.6301052631578947;0.8670336037079953;0.6301052631578947;0.7298219946354548;2993;459;1757
160;Afghan_hound;4750;;0.5802105263157895;0.9821810406272273;0.5802105263157895;0.729486500794071;2756;50;1994
276;hyena;4750;;0.6528421052631579;0.8264925373134329;0.6528421052631579;0.7294754175488121;3101;651;1649
307;weevil;4750;;0.6414736842105263;0.845449500554939;0.6414736842105263;0.729470912137898;3047;557;1703
117;chambered_nautilus;4750;;0.7562105263157894;0.7040376323010584;0.7562105263157894;0.729192042224929;3592;1510;1158
629;lipstick;4750;;0.6677894736842105;0.8026315789473685;0.6677894736842105;0.7290278096989197;3172;780;1578
306;rhinoceros_beetle;4750;;0.5829473684210527;0.9715789473684211;0.5829473684210527;0.7286842105263158;2769;81;1981
347;bison;4750;;0.6134736842105263;0.8952380952380953;0.6134736842105263;0.7280449718925672;2914;341;1836
91;coucal;4750;;0.6917894736842105;0.768295534252981;0.6917894736842105;0.7280381078985265;3286;991;1464
801;snorkel;4750;;0.6069473684210527;0.9094637223974763;0.6069473684210527;0.7280303030303031;2883;287;1867
225;malinois;4750;;0.6389473684210526;0.8458751393534002;0.6389473684210526;0.7279923242983929;3035;553;1715
916;web_site;4750;;0.6736842105263158;0.7914914667326243;0.6736842105263158;0.7278517002160809;3200;843;1550
491;chain_saw;4750;;0.6492631578947369;0.8276972624798712;0.6492631578947369;0.7277017461066542;3084;642;1666
232;Border_collie;4750;;0.7286315789473684;0.7260331445353472;0.7286315789473684;0.7273300409793001;3461;1306;1289
258;Samoyed;4750;;0.6370526315789473;0.8464335664335665;0.6370526315789473;0.7269669669669669;3026;549;1724
840;swab;4750;;0.6136842105263158;0.8908924205378973;0.6136842105263158;0.7267514335577163;2915;357;1835
583;guillotine;4750;;0.6970526315789474;0.7588815035526014;0.6970526315789474;0.7266542302205641;3311;1052;1439
289;snow_leopard;4750;;0.6593684210526316;0.808258064516129;0.6593684210526316;0.7262608695652174;3132;743;1618
473;can_opener;4750;;0.6812631578947368;0.777137367915466;0.6812631578947368;0.726048911824097;3236;928;1514
553;file;4750;;0.592421052631579;0.9364392678868553;0.592421052631579;0.725725338491296;2814;191;1936
676;muzzle;4750;;0.6113684210526316;0.892440073755378;0.6113684210526316;0.7256371814092953;2904;350;1846
279;Arctic_fox;4750;;0.6341052631578947;0.8477343090346187;0.6341052631578947;0.7255208960616646;3012;541;1738
816;spindle;4750;;0.5861052631578947;0.9517948717948718;0.5861052631578947;0.725472312703583;2784;141;1966
215;Brittany_spaniel;4750;;0.615578947368421;0.882051282051282;0.615578947368421;0.7251084934903905;2924;391;1826
322;ringlet;4750;;0.7212631578947368;0.7286261165461506;0.7212631578947368;0.7249259415996615;3426;1276;1324
146;albatross;4750;;0.6381052631578947;0.8389150290617216;0.6381052631578947;0.7248595001793615;3031;582;1719
487;cellular_telephone;4750;;0.6587368421052632;0.8056127703398558;0.6587368421052632;0.7248088950660181;3129;755;1621
575;golfcart;4750;;0.6461052631578947;0.8252218338262974;0.6461052631578947;0.7247608926673751;3069;650;1681
227;kelpie;4750;;0.6402105263157895;0.8347515783694757;0.6402105263157895;0.7246514952936971;3041;602;1709
711;perfume;4750;;0.6545263157894737;0.8096354166666667;0.6545263157894737;0.7238649592549476;3109;731;1641
228;komondor;4750;;0.6517894736842105;0.8123852007347153;0.6517894736842105;0.7232799906552971;3096;715;1654
863;totem_pole;4750;;0.5722105263157895;0.9822912902059993;0.5722105263157895;0.72316083543967;2718;49;2032
486;cello;4750;;0.588;0.938508064516129;0.588;0.7230132021744756;2793;183;1957
72;black_and_gold_garden_spider;4750;;0.8282105263157895;0.641238793806031;0.8282105263157895;0.7228295819935692;3934;2201;816
761;remote_control;4750;;0.6292631578947369;0.8486655309483249;0.6292631578947369;0.7226789168278531;2989;533;1761
566;French_horn;4750;;0.5810526315789474;0.9553478712357217;0.5810526315789474;0.7226076711611468;2760;129;1990
89;sulphur-crested_cockatoo;4750;;0.6307368421052632;0.845372460496614;0.6307368421052632;0.7224499638292742;2996;548;1754
665;moped;4750;;0.6311578947368421;0.843793976920912;0.6311578947368421;0.7221486209803686;2998;555;1752
268;Mexican_hairless;4750;;0.6618947368421053;0.7941399343268503;0.6618947368421053;0.7220117120220462;3144;815;1606
945;bell_pepper;4750;;0.6021052631578947;0.9013551843681059;0.6021052631578947;0.7219487567840464;2860;313;1890
635;magnetic_compass;4750;;0.7282105263157894;0.7148171109733416;0.7282105263157894;0.7214516633642715;3459;1380;1291
642;marimba;4750;;0.5981052631578947;0.9079578139980825;0.5981052631578947;0.7211575072978804;2841;288;1909
76;tarantula;4750;;0.6052631578947368;0.8917493796526055;0.6052631578947368;0.7210935540506647;2875;349;1875
237;miniature_pinscher;4750;;0.6374736842105263;0.8298163880515209;0.6374736842105263;0.7210382188355757;3028;621;1722
605;iPod;4750;;0.5974736842105263;0.9087415946205571;0.5974736842105263;0.7209450019052458;2838;285;1912
97;drake;4750;;0.5791578947368421;0.9499309392265194;0.5791578947368421;0.7195919434998692;2751;145;1999
955;jackfruit;4750;;0.5829473684210527;0.9395995928062436;0.5829473684210527;0.7195011043263609;2769;178;1981
87;African_grey;4750;;0.5673684210526316;0.9817850637522769;0.5673684210526316;0.7191460973982655;2695;50;2055
432;bassoon;4750;;0.624;0.8478260869565217;0.624;0.7188940092165899;2964;532;1786
196;miniature_schnauzer;4750;;0.6138947368421053;0.8668252080856124;0.6138947368421053;0.7187577027360118;2916;448;1834
142;dowitcher;4750;;0.7532631578947369;0.6866244482824794;0.7532631578947369;0.7184017668908745;3578;1633;1172
563;fountain_pen;4750;;0.6075789473684211;0.8782714546561169;0.6075789473684211;0.7182677949228472;2886;400;1864
659;mixing_bowl;4750;;0.5831578947368421;0.9342327150084317;0.5831578947368421;0.7180816591056384;2770;195;1980
131;little_blue_heron;4750;;0.712;0.7241970021413277;0.712;0.7180467091295117;3382;1288;1368
628;liner;4750;;0.6128421052631579;0.8666269723131884;0.6128421052631579;0.7179676902207424;2911;448;1839
174;Norwegian_elkhound;4750;;0.6633684210526316;0.7805300966063908;0.6633684210526316;0.7171958575167862;3151;886;1599
70;harvestman;4750;;0.576;0.9493407356002775;0.576;0.7169811320754718;2736;146;2014
654;minibus;4750;;0.7496842105263158;0.6866563825684535;0.7496842105263158;0.7167874396135268;3561;1625;1189
137;American_coot;4750;;0.6926315789473684;0.7419936851601263;0.6926315789473684;0.7164634146341463;3290;1144;1460
63;Indian_cobra;4750;;0.6505263157894737;0.7972136222910217;0.6505263157894737;0.7164386737769535;3090;786;1660
243;bull_mastiff;4750;;0.5812631578947368;0.9290040376850606;0.5812631578947368;0.715099715099715;2761;211;1989
866;tractor;4750;;0.6486315789473684;0.7955073586367157;0.6486315789473684;0.7146004870694653;3081;792;1669
759;reflex_camera;4750;;0.6035789473684211;0.8754198473282443;0.6035789473684211;0.7145171339563864;2867;408;1883
521;Crock_Pot;4750;;0.5856842105263158;0.9157340355497038;0.5856842105263158;0.7144324601951719;2782;256;1968
506;coil;4750;;0.6917894736842105;0.737101839389861;0.6917894736842105;0.7137271937445698;3286;1172;1464
57;garter_snake;4750;;0.5825263157894737;0.9211051930758988;0.5825263157894737;0.7136961568222853;2767;237;1983
694;paddlewheel;4750;;0.724;0.7025536261491317;0.724;0.7131156039398652;3439;1456;1311
7;cock;4750;;0.6103157894736843;0.857438627624963;0.6103157894736843;0.7130734227032345;2899;482;1851
719;piggy_bank;4750;;0.6054736842105263;0.8660042155977116;0.6054736842105263;0.7126750092925288;2876;445;1874
140;red-backed_sandpiper;4750;;0.659157894736842;0.7732773524326995;0.659157894736842;0.7116717808841913;3131;918;1619
352;impala;4750;;0.6658947368421053;0.7630880579010857;0.6658947368421053;0.711186059584036;3163;982;1587
234;Rottweiler;4750;;0.6145263157894737;0.8438855160450998;0.6145263157894737;0.7111706663418199;2919;540;1831
877;turnstile;4750;;0.5610526315789474;0.9694434339759913;0.5610526315789474;0.7107614348579812;2665;84;2085
902;whistle;4750;;0.6913684210526316;0.730102267674522;0.6913684210526316;0.7102076124567474;3284;1214;1466
404;airliner;4750;;0.6566315789473685;0.7718386537985648;0.6566315789473685;0.7095893527471279;3119;922;1631
379;howler_monkey;4750;;0.6265263157894737;0.8180318856514568;0.6265263157894737;0.709585121602289;2976;662;1774
259;Pomeranian;4750;;0.6955789473684211;0.7212399039511024;0.6955789473684211;0.7081770442610653;3304;1277;1446
704;parking_meter;4750;;0.5745263157894737;0.9222710375126733;0.5745263157894737;0.7080036321183032;2729;230;2021
590;hand-held_computer;4750;;0.6576842105263158;0.7654986522911051;0.6576842105263158;0.7075076435284793;3124;957;1626
720;pill_bottle;4750;;0.5797894736842105;0.9071146245059288;0.5797894736842105;0.7074235807860262;2754;282;1996
361;skunk;4750;;0.7402105263157894;0.6770652801848642;0.7402105263157894;0.7072312179422708;3516;1677;1234
731;plunger;4750;;0.6347368421052632;0.7976190476190477;0.6347368421052632;0.7069167643610785;3015;765;1735
531;digital_watch;4750;;0.6035789473684211;0.8525126375260185;0.6035789473684211;0.706766917293233;2867;496;1883
823;stethoscope;4750;;0.5658947368421052;0.9398601398601398;0.5658947368421052;0.7064388961892246;2688;172;2062
494;chime;4750;;0.5778947368421052;0.9080383724776712;0.5778947368421052;0.706291007333076;2745;278;2005
853;thatch;4750;;0.5877894736842105;0.8841038632045598;0.5877894736842105;0.7061203844208397;2792;366;1958
154;Pekinese;4750;;0.5686315789473684;0.929776247848537;0.5686315789473684;0.7056825604180273;2701;204;2049
971;bubble;4750;;0.5821052631578948;0.8945325137495956;0.5821052631578948;0.7052671853079965;2765;326;1985
551;face_powder;4750;;0.6385263157894737;0.7867704280155642;0.6385263157894737;0.704938988959907;3033;822;1717
610;jersey;4750;;0.5987368421052631;0.8563685636856369;0.5987368421052631;0.7047453847106926;2844;477;1906
463;bucket;4750;;0.6056842105263158;0.8424597364568082;0.6056842105263158;0.704715248009798;2877;538;1873
920;traffic_light;4750;;0.6467368421052632;0.7732192298011579;0.6467368421052632;0.7043448354923765;3072;901;1678
502;clog;4750;;0.6006315789473684;0.850119189511323;0.6006315789473684;0.703923019985196;2853;503;1897
985;daisy;4750;;0.9288421052631579;0.5648444501344259;0.9288421052631579;0.7024918398216703;4412;3399;338
765;rocking_chair;4750;;0.5545263157894736;0.9567744278968399;0.5545263157894736;0.7021191523390644;2634;119;2116
427;barrel;4750;;0.6614736842105263;0.7472057074910821;0.6614736842105263;0.7017308766052486;3142;1063;1608
458;brass;4750;;0.5616842105263158;0.9345008756567426;0.5616842105263158;0.7016436554898093;2668;187;2082
772;safety_pin;4750;;0.6054736842105263;0.8338648883734415;0.6054736842105263;0.7015489693865105;2876;573;1874
270;white_wolf;4750;;0.5850526315789474;0.8752755905511811;0.5850526315789474;0.7013249211356466;2779;396;1971
389;barracouta;4750;;0.6528421052631579;0.757080078125;0.6528421052631579;0.7011078453538322;3101;995;1649
715;pickelhaube;4750;;0.5903157894736842;0.8630347799322868;0.5903157894736842;0.7010876359544943;2804;445;1946
579;grand_piano;4750;;0.5896842105263158;0.8642394322739895;0.5896842105263158;0.7010386685020649;2801;440;1949
337;beaver;4750;;0.5627368421052632;0.9290928050052137;0.5627368421052632;0.7009309033696081;2673;204;2077
791;shopping_cart;4750;;0.5913684210526315;0.8600734843845683;0.5913684210526315;0.7008483033932136;2809;457;1941
745;projector;4750;;0.572;0.9044607190412783;0.572;0.7007995873097755;2717;287;2033
515;cowboy_hat;4750;;0.5911578947368421;0.860030627871363;0.5911578947368421;0.7006862133499688;2808;457;1942
990;buckeye;4750;;0.5566315789473684;0.9452985341437254;0.5566315789473684;0.7006757652047171;2644;153;2106
245;French_bulldog;4750;;0.552;0.9555393586005831;0.552;0.6997598078462771;2622;122;2128
287;lynx;4750;;0.6258947368421053;0.7932230522945571;0.6258947368421053;0.6996940456578019;2973;775;1777
572;goblet;4750;;0.6113684210526316;0.8177978034356519;0.6113684210526316;0.6996747379833754;2904;647;1846
538;dome;4750;;0.5581052631578948;0.937080240367621;0.5581052631578948;0.6995645863570392;2651;178;2099
949;strawberry;4750;;0.7016842105263158;0.695969931092086;0.7016842105263158;0.6988153894538212;3333;1456;1417
440;beer_bottle;4750;;0.6543157894736842;0.7494574391126115;0.6543157894736842;0.6986624704956726;3108;1039;1642
736;pool_table;4750;;0.6210526315789474;0.7979442791452529;0.6210526315789474;0.6984728305907423;2950;747;1800
722;ping-pong_ball;4750;;0.5629473684210526;0.9195323246217332;0.5629473684210526;0.6983546617915904;2674;234;2076
165;black-and-tan_coonhound;4750;;0.6692631578947369;0.7299655568312284;0.6692631578947369;0.6982976386600769;3179;1176;1571
186;Norwich_terrier;4750;;0.6694736842105263;0.7293577981651376;0.6694736842105263;0.6981339187705818;3180;1180;1570
393;anemone_fish;4750;;0.5555789473684211;0.9378109452736318;0.5555789473684211;0.6977789529349551;2639;175;2111
490;chain_mail;4750;;0.667578947368421;0.7299723756906077;0.667578947368421;0.697382889817462;3171;1173;1579
338;guinea_pig;4750;;0.5509473684210526;0.9485320768394345;0.5509473684210526;0.6970302303901983;2617;142;2133
185;Norfolk_terrier;4750;;0.584;0.8641744548286604;0.584;0.6969849246231156;2774;436;1976
286;cougar;4750;;0.5534736842105263;0.9399356453342868;0.5534736842105263;0.6967006757652049;2629;168;2121
672;mountain_tent;4750;;0.5610526315789474;0.918015845676886;0.5610526315789474;0.6964589050045733;2665;238;2085
221;Irish_water_spaniel;4750;;0.6469473684210526;0.7541104294478528;0.6469473684210526;0.6964305949008499;3073;1002;1677
768;rugby_ball;4750;;0.5541052631578948;0.9369882520469918;0.5541052631578948;0.6963884111654981;2632;177;2118
41;whiptail;4750;;0.6347368421052632;0.7710997442455243;0.6347368421052632;0.6963048498845266;3015;895;1735
453;bookcase;4750;;0.6418947368421053;0.7592131474103586;0.6418947368421053;0.6956422541638148;3049;967;1701
23;vulture;4750;;0.544;0.96274217585693;0.544;0.6951842884046274;2584;100;2166
507;combination_lock;4750;;0.6770526315789474;0.7130820399113083;0.6770526315789474;0.6946004319654427;3216;1294;1534
305;dung_beetle;4750;;0.5818947368421052;0.8605230386052304;0.5818947368421052;0.6942979150967095;2764;448;1986
308;fly;4750;;0.5646315789473684;0.9009069533087001;0.5646315789473684;0.6941892066778826;2682;295;2068
263;Pembroke;4750;;0.5616842105263158;0.9081007488087134;0.5616842105263158;0.6940686784599376;2668;270;2082
554;fireboat;4750;;0.6804210526315789;0.708150744960561;0.6804210526315789;0.6940090186815547;3232;1332;1518
78;tick;4750;;0.7387368421052631;0.654054054054054;0.7387368421052631;0.6938210578348987;3509;1856;1241
678;neck_brace;4750;;0.6566315789473685;0.7354397547748173;0.6566315789473685;0.6938049160271383;3119;1122;1631
173;Ibizan_hound;4750;;0.6092631578947368;0.8054550514890064;0.6092631578947368;0.6937552439170561;2894;699;1856
79;centipede;4750;;0.5934736842105263;0.8347645839502517;0.5934736842105263;0.6937369262950658;2819;558;1931
39;common_iguana;4750;;0.5732631578947368;0.8781038374717833;0.5732631578947368;0.6936695962297798;2723;378;2027
571;gas_pump;4750;;0.5345263157894737;0.9875534811357448;0.5345263157894737;0.6936210900150255;2539;32;2211
288;leopard;4750;;0.6277894736842106;0.7717391304347826;0.6277894736842106;0.6923612723473416;2982;882;1768
203;West_Highland_white_terrier;4750;;0.5997894736842105;0.8182079264790351;0.5997894736842105;0.6921768707482993;2849;633;1901
870;tricycle;4750;;0.5966315789473684;0.8238372093023256;0.5966315789473684;0.692063492063492;2834;606;1916
548;entertainment_center;4750;;0.7082105263157895;0.6756376782486443;0.7082105263157895;0.6915407544454724;3364;1615;1386
780;schooner;4750;;0.6696842105263158;0.7148314606741573;0.6696842105263158;0.6915217391304348;3181;1269;1569
614;kimono;4750;;0.6210526315789474;0.7800105764145955;0.6210526315789474;0.6915142991092358;2950;832;1800
639;maillot;4750;;0.6248421052631579;0.7739243807040417;0.6248421052631579;0.6914385556202679;2968;867;1782
213;Irish_setter;4750;;0.6389473684210526;0.7523549826474962;0.6389473684210526;0.6910291438979963;3035;999;1715
653;milk_can;4750;;0.5875789473684211;0.8386418269230769;0.5875789473684211;0.6910126268878436;2791;537;1959
116;chiton;4750;;0.6153684210526316;0.7876583131231474;0.6153684210526316;0.6909348776740337;2923;788;1827
199;Scotch_terrier;4750;;0.5903157894736842;0.8322944493915109;0.5903157894736842;0.6907254588003449;2804;565;1946
953;pineapple;4750;;0.5751578947368421;0.8634639696586599;0.5751578947368421;0.6904220368966388;2732;432;2018
880;unicycle;4750;;0.648;0.7383065483329335;0.648;0.6902119071644803;3078;1091;1672
217;English_springer;4750;;0.5431578947368421;0.946441672780631;0.5431578947368421;0.6902086677367576;2580;146;2170
903;wig;4750;;0.724;0.6593174846625767;0.724;0.6901464980935179;3439;1777;1311
177;Scottish_deerhound;4750;;0.6301052631578947;0.7627420998980632;0.6301052631578947;0.6901083698409038;2993;931;1757
383;Madagascar_cat;4750;;0.7145263157894737;0.6671908787104384;0.7145263157894737;0.6900477787943479;3394;1693;1356
122;American_lobster;4750;;0.5951578947368421;0.8206095791001451;0.5951578947368421;0.6899328859060403;2827;618;1923
776;sax;4750;;0.5511578947368421;0.9205344585091421;0.5511578947368421;0.6894917039768238;2618;226;2132
954;banana;4750;;0.5534736842105263;0.9131642931573463;0.5534736842105263;0.6892122165421418;2629;250;2121
606;iron;4750;;0.6690526315789473;0.7098503462139826;0.6690526315789473;0.6888479462447167;3178;1299;1572
242;boxer;4750;;0.547578947368421;0.9272727272727272;0.547578947368421;0.6885506287227001;2601;204;2149
109;brain_coral;4750;;0.6069473684210527;0.7933406714364337;0.6069473684210527;0.6877385496183206;2883;751;1867
295;American_black_bear;4750;;0.647578947368421;0.7327298713673178;0.647578947368421;0.6875279392042914;3076;1122;1674
349;bighorn;4750;;0.6825263157894736;0.692439128577531;0.6825263157894736;0.6874469889737066;3242;1440;1508
806;sock;4750;;0.5541052631578948;0.9050894085281981;0.5541052631578948;0.6873857404021938;2632;276;2118
31;tree_frog;4750;;0.576;0.8518057285180572;0.576;0.6872645064054257;2736;476;2014
182;Border_terrier;4750;;0.5726315789473684;0.8585858585858586;0.5726315789473684;0.6870421823692852;2720;448;2030
86;partridge;4750;;0.7294736842105263;0.6491195204196328;0.7294736842105263;0.6869547977795402;3465;1873;1285
812;space_shuttle;4750;;0.6747368421052632;0.699323587169976;0.6747368421052632;0.6868102432229722;3205;1378;1545
565;freight_car;4750;;0.6724210526315789;0.7018237749945067;0.6724210526315789;0.6868078701214924;3194;1357;1556
219;cocker_spaniel;4750;;0.5730526315789474;0.8567831287378029;0.5730526315789474;0.6867667465623818;2722;455;2028
859;toaster;4750;;0.572;0.8587231352718079;0.572;0.6866312863280262;2717;447;2033
517;crane;4750;;0.6427368421052632;0.7369056239440019;0.6427368421052632;0.6866074440571236;3053;1090;1697
164;bluetick;4750;;0.6362105263157894;0.7456205280039477;0.6362105263157894;0.6865841190503238;3022;1031;1728
785;seat_belt;4750;;0.5566315789473684;0.8956639566395664;0.5566315789473684;0.6865749156063361;2644;308;2106
214;Gordon_setter;4750;;0.6886315789473684;0.683594566353187;0.6886315789473684;0.6861038280020975;3271;1514;1479
769;rule;4750;;0.6092631578947368;0.7849199891510713;0.6092631578947368;0.6860258385682114;2894;793;1856
441;beer_glass;4750;;0.5833684210526315;0.8316326530612245;0.5833684210526315;0.6857213560999752;2771;561;1979
739;potter's_wheel;4750;;0.6473684210526316;0.7288456980327092;0.6473684210526316;0.6856951722600066;3075;1144;1675
252;affenpinscher;4750;;0.6785263157894736;0.6929692539238873;0.6785263157894736;0.6856717370492501;3223;1428;1527
83;prairie_chicken;4750;;0.7303157894736843;0.6438381588715665;0.7303157894736843;0.6843558887354508;3469;1919;1281
367;chimpanzee;4750;;0.6143157894736843;0.7723663313922711;0.6143157894736843;0.6843339587242027;2918;860;1832
914;yawl;4750;;0.5806315789473684;0.8327294685990339;0.5806315789473684;0.6841974696105184;2758;554;1992
48;Komodo_dragon;4750;;0.5770526315789474;0.839509954058193;0.5770526315789474;0.683967560823456;2741;524;2009
368;gibbon;4750;;0.6237894736842106;0.7556745728130579;0.6237894736842106;0.6834275170107255;2963;958;1787
682;obelisk;4750;;0.6054736842105263;0.7836512261580382;0.6054736842105263;0.6831353919239905;2876;794;1874
786;sewing_machine;4750;;0.5370526315789473;0.9368343738523687;0.5370526315789473;0.6827244747758597;2551;172;2199
670;motor_scooter;4750;;0.6892631578947368;0.6760272558331613;0.6892631578947368;0.6825810486813301;3274;1569;1476
81;ptarmigan;4750;;0.5751578947368421;0.8393241167434716;0.5751578947368421;0.6825733916302312;2732;523;2018
777;scabbard;4750;;0.615578947368421;0.7650444793301936;0.615578947368421;0.6822211852543164;2924;898;1826
647;measuring_cup;4750;;0.5901052631578947;0.8077809798270893;0.5901052631578947;0.6819951338199514;2803;667;1947
963;pizza;4750;;0.548;0.9022530329289428;0.548;0.6818598559266537;2603;282;2147
584;hair_slide;4750;;0.6263157894736842;0.7474874371859297;0.6263157894736842;0.6815578465063;2975;1005;1775
861;toilet_seat;4750;;0.5993684210526316;0.7897364771151179;0.5993684210526316;0.681508078994614;2847;758;1903
418;ballpoint;4750;;0.6071578947368421;0.7750604676162322;0.6071578947368421;0.680911344587416;2884;837;1866
384;indri;4750;;0.6768421052631579;0.684188125133007;0.6768421052631579;0.680495290506932;3215;1484;1535
630;Loafer;4750;;0.5353684210526316;0.9332110091743119;0.5353684210526316;0.6804013377926421;2543;182;2207
69;trilobite;4750;;0.5602105263157895;0.8662109375;0.5602105263157895;0.6803886474047558;2661;411;2089
850;teddy;4750;;0.5663157894736842;0.8499210110584519;0.5663157894736842;0.6797220467466835;2690;475;2060
858;tile_roof;4750;;0.5865263157894737;0.8066010422698321;0.5865263157894737;0.6791808873720137;2786;668;1964
171;Italian_greyhound;4750;;0.5661052631578948;0.8479974771365499;0.5661052631578948;0.6789546774397173;2689;482;2061
729;plate_rack;4750;;0.5842105263157895;0.8097461336445871;0.5842105263157895;0.6787330316742082;2775;652;1975
382;squirrel_monkey;4750;;0.7225263157894737;0.6399403319037852;0.7225263157894737;0.6787303470780184;3432;1931;1318
666;mortar;4750;;0.6181052631578947;0.752434648898001;0.6181052631578947;0.6786870087840963;2936;966;1814
660;mobile_home;4750;;0.643578947368421;0.7174372213095518;0.643578947368421;0.6785040506048164;3057;1204;1693
592;hard_disc;4750;;0.5966315789473684;0.7833056937534549;0.5966315789473684;0.6773422562141491;2834;784;1916
725;pitcher;4750;;0.6092631578947368;0.7617794156356936;0.6092631578947368;0.6770382500877297;2894;905;1856
194;Dandie_Dinmont;4750;;0.7503157894736842;0.6163957108267035;0.7503157894736842;0.6767945309532851;3564;2218;1186
831;studio_couch;4750;;0.5894736842105263;0.7938758151403459;0.5894736842105263;0.6765736377914703;2800;727;1950
593;harmonica;4750;;0.6252631578947369;0.7356948228882834;0.6252631578947369;0.6759986343461932;2970;1067;1780
169;borzoi;4750;;0.6494736842105263;0.7046596619460941;0.6494736842105263;0.6759421560035057;3085;1293;1665
236;Doberman;4750;;0.6387368421052632;0.7170881588277003;0.6387368421052632;0.6756485914708831;3034;1197;1716
320;damselfly;4750;;0.7021052631578948;0.6511128465443187;0.7021052631578948;0.6756482982171799;3335;1787;1415
671;mountain_bike;4750;;0.7172631578947368;0.6374181478016838;0.7172631578947368;0.6749876176324914;3407;1938;1343
929;ice_lolly;4750;;0.5482105263157895;0.877950101146325;0.5482105263157895;0.6749611197511663;2604;362;2146
756;rain_barrel;4750;;0.5368421052631579;0.908443177769861;0.5368421052631579;0.6748709805478365;2550;257;2200
406;altar;4750;;0.6288421052631579;0.7271178188899707;0.6288421052631579;0.6744186046511628;2987;1121;1763
724;pirate;4750;;0.5585263157894736;0.8508659397049391;0.5585263157894736;0.6743772241992882;2653;465;2097
56;king_snake;4750;;0.5183157894736842;0.962470680218921;0.5183157894736842;0.6737821565407771;2462;96;2288
205;flat-coated_retriever;4750;;0.6111578947368421;0.7503230808994572;0.6111578947368421;0.6736280310940944;2903;966;1847
602;horizontal_bar;4750;;0.5334736842105263;0.9111830276878821;0.5334736842105263;0.6729517992298499;2534;247;2216
155;Shih-Tzu;4750;;0.5677894736842105;0.8252753977968176;0.5677894736842105;0.6727363432277376;2697;571;2053
956;custard_apple;4750;;0.5898947368421052;0.7824629991622452;0.5898947368421052;0.6726683471371984;2802;779;1948
249;malamute;4750;;0.5730526315789474;0.8139952153110048;0.5730526315789474;0.6725969854212998;2722;622;2028
966;red_wine;4750;;0.58;0.7994776552524666;0.58;0.6722791605661298;2755;691;1995
21;kite;4750;;0.6871578947368421;0.6579318685748841;0.6871578947368421;0.6722273710225517;3264;1697;1486
532;dining_table;4750;;0.5698947368421052;0.8193099273607748;0.5698947368421052;0.6722125651850012;2707;597;2043
505;coffeepot;4750;;0.5568421052631579;0.8474847805190644;0.5568421052631579;0.67208740947783;2645;476;2105
854;theater_curtain;4750;;0.7774736842105263;0.5918269230769231;0.7774736842105263;0.6720655141037306;3693;2547;1057
708;pedestal;4750;;0.5978947368421053;0.7669457196867405;0.5978947368421053;0.6719507867029457;2840;863;1910
149;dugong;4750;;0.6305263157894737;0.7189150264042247;0.6305263157894737;0.6718259309107224;2995;1171;1755
693;paddle;4750;;0.5675789473684211;0.8214503351614869;0.5675789473684211;0.6713147410358565;2696;586;2054
220;Sussex_spaniel;4750;;0.6416842105263157;0.7031141868512111;0.6416842105263157;0.6709961474958722;3048;1287;1702
770;running_shoe;4750;;0.5846315789473684;0.7860175488253609;0.5846315789473684;0.670530001207292;2777;756;1973
959;carbonara;4750;;0.5473684210526316;0.86292731496847;0.5473684210526316;0.6698441324230324;2600;413;2150
223;schipperke;4750;;0.5781052631578948;0.7959420289855073;0.5781052631578948;0.6697560975609756;2746;704;2004
951;lemon;4750;;0.5522105263157895;0.8496922578555232;0.5522105263157895;0.669388796733444;2623;464;2127
508;computer_keyboard;4750;;0.5905263157894737;0.7710280373831776;0.5905263157894737;0.6688125894134478;2805;833;1945
211;vizsla;4750;;0.5629473684210526;0.8232758620689655;0.5629473684210526;0.6686671667916979;2674;574;2076
429;baseball;4750;;0.6410526315789473;0.6987150068838917;0.6410526315789473;0.6686429512516469;3045;1313;1705
897;washer;4750;;0.5210526315789473;0.9322033898305084;0.5210526315789473;0.6684672518568535;2475;180;2275
656;minivan;4750;;0.5873684210526315;0.7743547044129891;0.5873684210526315;0.6680234646234886;2790;813;1960
471;cannon;4750;;0.5067368421052632;0.9792514239218877;0.5067368421052632;0.6678690344062154;2407;51;2343
354;Arabian_camel;4750;;0.6726315789473685;0.6627255756067206;0.6726315789473685;0.6676418347090168;3195;1626;1555
402;acoustic_guitar;4750;;0.596421052631579;0.7580947283917581;0.596421052631579;0.6676092847885;2833;904;1917
449;boathouse;4750;;0.5842105263157895;0.7786195286195287;0.5842105263157895;0.6675487130141929;2775;789;1975
332;Angora;4750;;0.6541052631578947;0.6798687089715536;0.6541052631578947;0.6667381974248927;3107;1463;1643
2;great_white_shark;4750;;0.5656842105263158;0.8110473890733474;0.5656842105263158;0.6665013022448221;2687;626;2063
207;golden_retriever;4750;;0.6042105263157894;0.7427536231884058;0.6042105263157894;0.666357093104249;2870;994;1880
336;marmot;4750;;0.5444210526315789;0.8577114427860697;0.5444210526315789;0.6660656793303283;2586;429;2164
738;pot;4750;;0.7317894736842105;0.6111111111111112;0.7317894736842105;0.6660279747077985;3476;2212;1274
530;digital_clock;4750;;0.6890526315789474;0.6437844217151849;0.6890526315789474;0.6656497864551556;3273;1811;1477
626;lighter;4750;;0.5661052631578948;0.8070228091236494;0.5661052631578948;0.6654293491709973;2689;643;2061
875;trombone;4750;;0.535578947368421;0.8778467908902692;0.535578947368421;0.6652719665271966;2544;354;2206
891;waffle_iron;4750;;0.6229473684210526;0.7119826756496631;0.6229473684210526;0.6644958454974175;2959;1197;1791
231;collie;4750;;0.5898947368421052;0.7601736299511666;0.5898947368421052;0.6642958748221905;2802;884;1948
871;trimaran;4750;;0.7143157894736842;0.6207464324917673;0.7143157894736842;0.6642521534847299;3393;2073;1357
597;holster;4750;;0.543578947368421;0.8485047650345054;0.543578947368421;0.6626459643269601;2582;461;2168
8;hen;4750;;0.5532631578947368;0.825636192271442;0.5532631578947368;0.6625488465901929;2628;555;2122
941;acorn_squash;4750;;0.5269473684210526;0.8897973693565588;0.5269473684210526;0.6619066507999471;2503;310;2247
586;half_track;4750;;0.6743157894736842;0.6487745594490582;0.6743157894736842;0.661298647672138;3203;1734;1547
267;standard_poodle;4750;;0.5972631578947368;0.7403444676409185;0.5972631578947368;0.6611512467956187;2837;995;1913
938;cauliflower;4750;;0.5776842105263158;0.7725225225225225;0.5776842105263158;0.6610455311973018;2744;808;2006
957;pomegranate;4750;;0.5176842105263157;0.9127691165553081;0.5176842105263157;0.6606663084363245;2459;235;2291
989;hip;4750;;0.5993684210526316;0.7347096774193549;0.5993684210526316;0.6601739130434783;2847;1028;1903
187;Yorkshire_terrier;4750;;0.6267368421052631;0.6965372016846045;0.6267368421052631;0.65979609929078;2977;1297;1773
503;cocktail_shaker;4750;;0.6949473684210526;0.6275665399239544;0.6949473684210526;0.6595404595404596;3301;1959;1449
580;greenhouse;4750;;0.5216842105263158;0.8962025316455696;0.5216842105263158;0.6594810379241516;2478;287;2272
479;car_wheel;4750;;0.5473684210526316;0.8290816326530612;0.5473684210526316;0.6593963986812071;2600;536;2150
346;water_buffalo;4750;;0.535157894736842;0.8564690026954178;0.535157894736842;0.6587198756154444;2542;426;2208
330;wood_rabbit;4750;;0.7311578947368421;0.5988963614416278;0.7311578947368421;0.6584510380130817;3473;2326;1277
123;spiny_lobster;4750;;0.5178947368421053;0.9034153507161219;0.5178947368421053;0.6583701324769169;2460;263;2290
649;megalith;4750;;0.5065263157894737;0.9387436597737027;0.5065263157894737;0.6580062901681937;2406;157;2344
713;photocopier;4750;;0.6309473684210526;0.68707015130674;0.6309473684210526;0.6578138718173836;2997;1365;1753
445;bikini;4750;;0.5618947368421052;0.7929292929292929;0.5618947368421052;0.6577131591917201;2669;697;2081
988;acorn;4750;;0.5181052631578947;0.89981718464351;0.5181052631578947;0.6575818303273213;2461;274;2289
303;long-horned_beetle;4750;;0.6328421052631579;0.6842704302299112;0.6328421052631579;0.6575522257464728;3006;1387;1744
273;dingo;4750;;0.6231578947368421;0.6948356807511737;0.6231578947368421;0.6570477247502775;2960;1300;1790
896;washbasin;4750;;0.5993684210526316;0.7266462480857581;0.5993684210526316;0.656898938624827;2847;1071;1903
82;ruffed_grouse;4750;;0.6776842105263158;0.6372995446446248;0.6776842105263158;0.6568717477808386;3219;1832;1531
632;loudspeaker;4750;;0.6212631578947369;0.696319018404908;0.6212631578947369;0.6566533155318202;2951;1287;1799
869;trench_coat;4750;;0.5467368421052632;0.8202779532533165;0.5467368421052632;0.6561394643759475;2597;569;2153
690;oxcart;4750;;0.6322105263157894;0.6817253121452894;0.6322105263157894;0.6560349535772801;3003;1402;1747
470;candle;4750;;0.6088421052631579;0.7105651105651105;0.6088421052631579;0.65578231292517;2892;1178;1858
967;espresso;4750;;0.5543157894736842;0.8024992380371838;0.5543157894736842;0.6557091271323621;2633;648;2117
595;harvester;4750;;0.628;0.6854319852941176;0.628;0.6554603383871677;2983;1369;1767
197;giant_schnauzer;4750;;0.5686315789473684;0.7732608073289436;0.5686315789473684;0.6553439281814873;2701;792;2049
698;palace;4750;;0.5656842105263158;0.7786148942335555;0.5656842105263158;0.6552859407389342;2687;764;2063
151;Chihuahua;4750;;0.5917894736842105;0.7327945776850886;0.5917894736842105;0.654786862334032;2811;1025;1939
793;shower_cap;4750;;0.6541052631578947;0.6552087726697596;0.6541052631578947;0.6546565528866415;3107;1635;1643
570;gasmask;4750;;0.6513684210526316;0.6575982996811902;0.6513684210526316;0.6544685351665785;3094;1611;1656
413;assault_rifle;4750;;0.5861052631578947;0.7382657120127287;0.5861052631578947;0.6534444314047647;2784;987;1966
342;wild_boar;4750;;0.5566315789473684;0.7909063715225845;0.5566315789473684;0.6534041764487828;2644;699;2106
931;bagel;4750;;0.5463157894736842;0.812206572769953;0.5463157894736842;0.6532410320956576;2595;600;2155
184;Irish_terrier;4750;;0.5842105263157895;0.7401973859695918;0.5842105263157895;0.6530180021178962;2775;974;1975
474;cardigan;4750;;0.5244210526315789;0.8646303366886497;0.5244210526315789;0.6528633206657055;2491;390;2259
541;drum;4750;;0.5515789473684211;0.794661813770094;0.5515789473684211;0.651174350689698;2620;677;2130
175;otterhound;4750;;0.6631578947368421;0.6395939086294417;0.6631578947368421;0.6511627906976744;3150;1775;1600
820;steam_locomotive;4750;;0.6214736842105263;0.6838082001389854;0.6214736842105263;0.6511525311569427;2952;1365;1798
51;triceratops;4750;;0.5850526315789474;0.7326654363300817;0.5850526315789474;0.6505911272386748;2779;1014;1971
710;pencil_sharpener;4750;;0.5214736842105263;0.8639693058946634;0.5214736842105263;0.6503872915846134;2477;390;2273
730;plow;4750;;0.5073684210526316;0.905674558436678;0.5073684210526316;0.6503845634867089;2410;251;2340
201;silky_terrier;4750;;0.5029473684210526;0.9191996921893035;0.5029473684210526;0.6501564838753572;2389;210;2361
596;hatchet;4750;;0.5787368421052631;0.7415700026975991;0.5787368421052631;0.6501123329785975;2749;958;2001
533;dishrag;4750;;0.5991578947368421;0.7099027188825143;0.5991578947368421;0.6498458728165316;2846;1163;1904
110;flatworm;4750;;0.6637894736842105;0.6358136721113128;0.6637894736842105;0.6495004634874858;3153;1806;1597
706;patio;4750;;0.5423157894736842;0.8090452261306532;0.5423157894736842;0.6493571968742122;2576;608;2174
192;cairn;4750;;0.5208421052631579;0.8620209059233449;0.5208421052631579;0.6493438320209973;2474;396;2276
578;gown;4750;;0.5658947368421052;0.7610419026047565;0.5658947368421052;0.6491185703936247;2688;844;2062
723;pinwheel;4750;;0.7037894736842105;0.6021253602305475;0.7037894736842105;0.6490001941370607;3343;2209;1407
679;necklace;4750;;0.56;0.7712380400115976;0.56;0.6488596170264668;2660;789;2090
577;gong;4750;;0.7898947368421053;0.5499853415420698;0.7898947368421053;0.6484618043553405;3752;3070;998
256;Newfoundland;4750;;0.608;0.6937304828248859;0.608;0.648042185571637;2888;1275;1862
825;stone_wall;4750;;0.5627368421052632;0.7632781267846944;0.5627368421052632;0.6478429471643238;2673;829;2077
617;lab_coat;4750;;0.6656842105263158;0.6308858739026337;0.6656842105263158;0.647818070067609;3162;1850;1588
504;coffee_mug;4750;;0.5922105263157895;0.714503429006858;0.5922105263157895;0.6476343962242432;2813;1124;1937
208;Labrador_retriever;4750;;0.5286315789473685;0.8350515463917526;0.5286315789473685;0.6474152378496841;2511;496;2239
316;cicada;4750;;0.48947368421052634;0.9552177485620378;0.48947368421052634;0.6472717149220489;2325;109;2425
867;trailer_truck;4750;;0.6189473684210526;0.677731673582296;0.6189473684210526;0.6470070422535211;2940;1398;1810
624;library;4750;;0.5888421052631579;0.7155282680992581;0.5888421052631579;0.6460330292181545;2797;1112;1953
608;jean;4750;;0.5987368421052631;0.7011834319526628;0.5987368421052631;0.6459232341585283;2844;1212;1906
640;manhole_cover;4750;;0.4886315789473684;0.9512295081967214;0.4886315789473684;0.6456189151599444;2321;119;2429
888;viaduct;4750;;0.6536842105263158;0.637184485942951;0.6536842105263158;0.6453288995115868;3105;1768;1645
778;scale;4750;;0.5635789473684211;0.7534477905994934;0.5635789473684211;0.6448271709020835;2677;876;2073
520;crib;4750;;0.4976842105263158;0.9123890389810884;0.4976842105263158;0.6440539436044135;2364;227;2386
224;groenendael;4750;;0.6766315789473685;0.6142966360856269;0.6766315789473685;0.6439591264275696;3214;2018;1536
442;bell_cote;4750;;0.5553684210526316;0.7650812064965197;0.5553684210526316;0.6435716028299585;2638;810;2112
836;sunglass;4750;;0.6383157894736842;0.6485561497326203;0.6383157894736842;0.6433952254641909;3032;1643;1718
438;beaker;4750;;0.5583157894736842;0.7577142857142857;0.5583157894736842;0.6429090909090909;2652;848;2098
344;hippopotamus;4750;;0.4886315789473684;0.9381568310428456;0.4886315789473684;0.6425802879291252;2321;153;2429
942;butternut_squash;4750;;0.5134736842105263;0.8581984517945109;0.5134736842105263;0.6425184404636459;2439;403;2311
981;ballplayer;4750;;0.6896842105263158;0.6012112314186089;0.6896842105263158;0.6424159231297186;3276;2173;1474
403;aircraft_carrier;4750;;0.584;0.7136609210187805;0.584;0.6423526687507236;2774;1113;1976
193;Australian_terrier;4750;;0.5976842105263158;0.6936232592230638;0.5976842105263158;0.6420897885333032;2839;1254;1911
567;frying_pan;4750;;0.5595789473684211;0.7527612574341547;0.5595789473684211;0.6419514551382683;2658;873;2092
121;king_crab;4750;;0.5427368421052632;0.784779299847793;0.5427368421052632;0.6416925948973243;2578;707;2172
922;menu;4750;;0.5477894736842105;0.7744047619047619;0.5477894736842105;0.6416769420468557;2602;758;2148
343;warthog;4750;;0.5416842105263158;0.7868501529051988;0.5416842105263158;0.641645885286783;2573;697;2177
598;home_theater;4750;;0.5631578947368421;0.7440890125173852;0.5631578947368421;0.6411024565608148;2675;920;2075
857;throne;4750;;0.6269473684210526;0.6547933157431838;0.6269473684210526;0.6405678640567862;2978;1570;1772
889;violin;4750;;0.600421052631579;0.6849183477425552;0.600421052631579;0.6398923042405205;2852;1312;1898
65;sea_snake;4750;;0.6008421052631578;0.6837565884044082;0.6008421052631578;0.6396234872254595;2854;1320;1896
302;ground_beetle;4750;;0.6383157894736842;0.639932460953989;0.6383157894736842;0.6391231028667791;3032;1706;1718
910;wooden_spoon;4750;;0.5094736842105263;0.8557284299858557;0.5094736842105263;0.638690947479546;2420;408;2330
378;capuchin;4750;;0.5244210526315789;0.8156516044531762;0.5244210526315789;0.6383905689390056;2491;563;2259
631;lotion;4750;;0.6469473684210526;0.6299712997129971;0.6469473684210526;0.6383464894058996;3073;1805;1677
99;goose;4750;;0.6147368421052631;0.6636363636363637;0.6147368421052631;0.6382513661202186;2920;1480;1830
950;orange;4750;;0.5473684210526316;0.7640317367029092;0.5473684210526316;0.6378020360603459;2600;803;2150
120;fiddler_crab;4750;;0.6193684210526316;0.6568430453226166;0.6193684210526316;0.6375555314768664;2942;1537;1808
998;ear;4750;;0.5635789473684211;0.7338267543859649;0.5635789473684211;0.6375327458918789;2677;971;2073
746;puck;4750;;0.7075789473684211;0.5792830058600482;0.7075789473684211;0.6370356330553449;3361;2441;1389
838;sunscreen;4750;;0.5058947368421053;0.8591347872720773;0.5058947368421053;0.6368093282098847;2403;394;2347
328;sea_urchin;4750;;0.5831578947368421;0.7012658227848101;0.5831578947368421;0.6367816091954023;2770;1180;1980
43;frilled_lizard;4750;;0.4957894736842105;0.8896864374763883;0.4957894736842105;0.6367446261998108;2355;292;2395
269;timber_wolf;4750;;0.6589473684210526;0.6158992522628887;0.6589473684210526;0.6366965012205045;3130;1952;1620
250;Siberian_husky;4750;;0.5825263157894737;0.7010387636179377;0.5825263157894737;0.6363113717373807;2767;1180;1983
290;jaguar;4750;;0.5997894736842105;0.6772046589018302;0.5997894736842105;0.6361504968181311;2849;1358;1901
944;artichoke;4750;;0.46989473684210525;0.9836932569413839;0.46989473684210525;0.6359880324832597;2232;37;2518
488;chain;4750;;0.4985263157894737;0.8780126065999259;0.4985263157894737;0.6359607895796966;2368;329;2382
544;Dutch_oven;4750;;0.5347368421052632;0.7844348363187152;0.5347368421052632;0.6359539308963446;2540;698;2210
589;hand_blower;4750;;0.6132631578947368;0.6596467391304348;0.6132631578947368;0.6356098625354571;2913;1503;1837
422;barbell;4750;;0.5757894736842105;0.7091003370495204;0.5757894736842105;0.6355292204019983;2735;1122;2015
650;microphone;4750;;0.6181052631578947;0.653606411398041;0.6181052631578947;0.6353603116208613;2936;1556;1814
467;butcher_shop;4750;;0.4962105263157895;0.8817807706696595;0.4962105263157895;0.6350532129866631;2357;316;2393
161;basset;4750;;0.5282105263157895;0.796002538071066;0.5282105263157895;0.6350291065553024;2509;643;2241
847;tank;4750;;0.5934736842105263;0.6825665859564165;0.5934736842105263;0.63490990990991;2819;1311;1931
28;spotted_salamander;4750;;0.6090526315789474;0.6621652552071412;0.6090526315789474;0.6344993968636913;2893;1476;1857
907;wine_bottle;4750;;0.6341052631578947;0.6345060037918685;0.6341052631578947;0.6343055701800568;3012;1735;1738
360;otter;4750;;0.6086315789473684;0.6614047128803477;0.6086315789473684;0.6339217191097467;2891;1480;1859
33;loggerhead;4750;;0.508;0.8428222144603563;0.508;0.6339156705635098;2413;450;2337
925;consomme;4750;;0.659157894736842;0.6092625024323799;0.659157894736842;0.6332288401253919;3131;2008;1619
510;container_ship;4750;;0.6814736842105263;0.590154968094804;0.6814736842105263;0.6325354176844162;3237;2248;1513
940;spaghetti_squash;4750;;0.5136842105263157;0.8226567768037761;0.5136842105263157;0.6324520476931053;2440;526;2310
744;projectile;4750;;0.523578947368421;0.7983948635634028;0.523578947368421;0.6324221233312143;2487;628;2263
437;beacon;4750;;0.608421052631579;0.6568181818181819;0.608421052631579;0.6316939890710384;2890;1510;1860
183;Kerry_blue_terrier;4750;;0.6802105263157895;0.5893834367019336;0.6802105263157895;0.6315480844409695;3231;2251;1519
47;African_chameleon;4750;;0.7322105263157894;0.5543512910423972;0.7322105263157894;0.6309869375907111;3478;2796;1272
53;ringneck_snake;4750;;0.4785263157894737;0.9228583028826635;0.4785263157894737;0.6302509358103424;2273;190;2477
753;radiator;4750;;0.5848421052631579;0.6825552825552825;0.5848421052631579;0.6299319727891157;2778;1292;1972
433;bathing_cap;4750;;0.6031578947368421;0.6590752242926156;0.6031578947368421;0.6298779817522261;2865;1482;1885
774;sandal;4750;;0.4983157894736842;0.8557483731019523;0.4983157894736842;0.6298563065460352;2367;399;2383
118;Dungeness_crab;4750;;0.5423157894736842;0.7503641130206816;0.5423157894736842;0.6295979469632164;2576;857;2174
546;electric_guitar;4750;;0.6174736842105263;0.6405328674383053;0.6174736842105263;0.628791939114589;2933;1646;1817
481;cassette;4750;;0.5576842105263158;0.7200326175591193;0.5576842105263158;0.6285443113062047;2649;1030;2101
834;suit;4750;;0.5861052631578947;0.6772074920943809;0.5861052631578947;0.62837151563029;2784;1327;1966
296;ice_bear;4750;;0.6463157894736842;0.611188532749353;0.6463157894736842;0.6282615368873428;3070;1953;1680
180;American_Staffordshire_terrier;4750;;0.532;0.7659896938466202;0.532;0.6279040874642813;2527;772;2223
172;whippet;4750;;0.4648421052631579;0.9654569304766069;0.4648421052631579;0.6275401449481313;2208;79;2542
241;EntleBucher;4750;;0.7989473684210526;0.5165373621886484;0.7989473684210526;0.6274282880052906;3795;3552;955
436;beach_wagon;4750;;0.5461052631578948;0.7348441926345609;0.5461052631578948;0.6265700483091788;2594;936;2156
851;television;4750;;0.6332631578947369;0.6198227900267875;0.6332631578947369;0.6264708945121316;3008;1845;1742
159;Rhodesian_ridgeback;4750;;0.5086315789473684;0.8140161725067385;0.5086315789473684;0.6260689297745531;2416;552;2334
735;poncho;4750;;0.6686315789473685;0.5885841363973313;0.6686315789473685;0.6260595308495958;3176;2220;1574
899;water_jug;4750;;0.5172631578947369;0.7925806451612903;0.5172631578947369;0.6259872611464967;2457;643;2293
410;apiary;4750;;0.49515789473684213;0.8490974729241877;0.49515789473684213;0.625531914893617;2352;418;2398
969;eggnog;4750;;0.5757894736842105;0.6842631973980485;0.5757894736842105;0.6253572653481193;2735;1262;2015
762;restaurant;4750;;0.5244210526315789;0.7743239042586261;0.5244210526315789;0.6253294841220032;2491;726;2259
740;power_drill;4750;;0.5713684210526315;0.6900584795321637;0.5713684210526315;0.6251295635149141;2714;1219;2036
924;guacamole;4750;;0.5271578947368422;0.7671568627450981;0.5271578947368422;0.6249064137758922;2504;760;2246
675;moving_van;4750;;0.655157894736842;0.5959402527767139;0.655157894736842;0.6241476133172884;3112;2110;1638
353;gazelle;4750;;0.6214736842105263;0.6254237288135593;0.6214736842105263;0.623442449841605;2952;1768;1798
511;convertible;4750;;0.7770526315789473;0.5192740574001126;0.7770526315789473;0.6225333108449992;3691;3417;1059
958;hay;4750;;0.5088421052631579;0.8000662032439589;0.5088421052631579;0.6220563634023935;2417;604;2333
894;wardrobe;4750;;0.5785263157894737;0.6715542521994134;0.5785263157894737;0.6215788283193847;2748;1344;2002
784;screwdriver;4750;;0.6151578947368421;0.626904097833083;0.6151578947368421;0.6209754542556583;2922;1739;1828
845;syringe;4750;;0.5751578947368421;0.6724095495938961;0.5751578947368421;0.6199931918756383;2732;1331;2018
703;park_bench;4750;;0.624421052631579;0.615480390122432;0.624421052631579;0.6199184867802279;2966;1853;1784
842;swimming_trunks;4750;;0.631578947368421;0.6085192697768763;0.631578947368421;0.6198347107438016;3000;1930;1750
134;crane;4750;;0.468;0.9170792079207921;0.468;0.6197379425703932;2223;201;2527
304;leaf_beetle;4750;;0.504;0.8041652670473631;0.504;0.6196453992493853;2394;583;2356
934;hotdog;4750;;0.47642105263157897;0.8857142857142857;0.47642105263157897;0.6195756331279946;2263;292;2487
114;slug;4750;;0.47368421052631576;0.8935663224781573;0.47368421052631576;0.6191524490919097;2250;268;2500
964;potpie;4750;;0.5149473684210526;0.7757691087852838;0.5149473684210526;0.6190054409717828;2446;707;2304
968;cup;4750;;0.5218947368421053;0.7594975490196079;0.5218947368421053;0.6186673321687047;2479;785;2271
543;dumbbell;4750;;0.47557894736842105;0.8848413631022327;0.47557894736842105;0.6186498699164727;2259;294;2491
909;wok;4750;;0.54;0.7229425028184893;0.54;0.6182212581344902;2565;983;2185
206;curly-coated_retriever;4750;;0.6372631578947369;0.5997622349910838;0.6372631578947369;0.6179442686536695;3027;2020;1723
705;passenger_car;4750;;0.5347368421052632;0.7284198451390881;0.5347368421052632;0.616729391768848;2540;947;2210
480;cash_machine;4750;;0.5797894736842105;0.6582217973231358;0.5797894736842105;0.6165211551376762;2754;1430;1996
588;hamper;4750;;0.5974736842105263;0.6366083445491252;0.5974736842105263;0.6164205039096438;2838;1620;1912
125;hermit_crab;4750;;0.46210526315789474;0.9249894648124737;0.46210526315789474;0.6163133511161027;2195;178;2555
37;box_turtle;4750;;0.496;0.8118538938662991;0.496;0.6157867224255097;2356;546;2394
856;thresher;4750;;0.5993684210526316;0.6330887258172114;0.5993684210526316;0.6157672758732561;2847;1650;1903
748;purse;4750;;0.4941052631578947;0.8157803267292318;0.4941052631578947;0.6154451291464533;2347;530;2403
906;Windsor_tie;4750;;0.6652631578947369;0.572463768115942;0.6652631578947369;0.6153846153846154;3160;2360;1590
477;carpenter's_kit;4750;;0.6894736842105263;0.5548026427240387;0.6894736842105263;0.6148502769173003;3275;2628;1475
391;coho;4750;;0.5265263157894737;0.7373231132075472;0.5265263157894737;0.6143453696880373;2501;891;2249
743;prison;4750;;0.6541052631578947;0.5789081423514068;0.6541052631578947;0.6142136997133538;3107;2260;1643
377;marmoset;4750;;0.5684210526315789;0.6676557863501483;0.5684210526315789;0.6140550375255855;2700;1344;2050
452;bonnet;4750;;0.5385263157894736;0.7127333519086096;0.5385263157894736;0.6135028180837031;2558;1031;2192
409;analog_clock;4750;;0.7406315789473684;0.5230449003865596;0.7406315789473684;0.6131056117113978;3518;3208;1232
622;lens_cap;4750;;0.468;0.8884892086330936;0.468;0.6130722559293988;2223;279;2527
226;briard;4750;;0.5176842105263157;0.7510690287110569;0.5176842105263157;0.6129112662013958;2459;815;2291
468;cab;4750;;0.6471578947368422;0.5815361331819902;0.6471578947368422;0.6125946592267836;3074;2212;1676
257;Great_Pyrenees;4750;;0.484;0.8329710144927536;0.484;0.6122503328894806;2299;461;2451
581;grille;4750;;0.4591578947368421;0.9175431215818258;0.4591578947368421;0.6120387259716571;2181;196;2569
798;slide_rule;4750;;0.572;0.6559633027522935;0.572;0.6111111111111112;2717;1425;2033
312;cricket;4750;;0.5581052631578948;0.6752419765664799;0.5581052631578948;0.611111111111111;2651;1275;2099
835;sundial;4750;;0.547578947368421;0.6902866242038217;0.547578947368421;0.6107067386710496;2601;1167;2149
401;accordion;4750;;0.6814736842105263;0.5525776715602595;0.6814736842105263;0.6102941176470589;3237;2621;1513
443;bib;4750;;0.5117894736842106;0.7547345544861844;0.5117894736842106;0.6099611090201983;2431;790;2319
893;wallet;4750;;0.5498947368421052;0.68394867766431;0.5498947368421052;0.6096393978293849;2612;1207;2138
27;eft;4750;;0.6336842105263157;0.5866302864938608;0.6336842105263157;0.6092500759032485;3010;2121;1740
209;Chesapeake_Bay_retriever;4750;;0.5389473684210526;0.700218818380744;0.5389473684210526;0.6090887461337139;2560;1096;2190
936;head_cabbage;4750;;0.6313684210526316;0.5874632713026444;0.6313684210526316;0.608625063419584;2999;2106;1751
943;cucumber;4750;;0.5107368421052632;0.752714861929879;0.5107368421052632;0.6085538693089176;2426;797;2324
311;grasshopper;4750;;0.46042105263157895;0.894478527607362;0.46042105263157895;0.6079221681723419;2187;258;2563
30;bullfrog;4750;;0.508421052631579;0.7553956834532374;0.508421052631579;0.6077765194412986;2415;782;2335
983;scuba_diver;4750;;0.6522105263157895;0.5689623507805326;0.6522105263157895;0.607748896517901;3098;2347;1652
176;Saluki;4750;;0.6469473684210526;0.5724664679582713;0.6469473684210526;0.6074322988732951;3073;2295;1677
412;ashcan;4750;;0.5461052631578948;0.6824519863193896;0.5461052631578948;0.6067126651853584;2594;1207;2156
839;suspension_bridge;4750;;0.4974736842105263;0.776281208935611;0.4974736842105263;0.6063638696433153;2363;681;2387
153;Maltese_dog;4750;;0.5555789473684211;0.667087967644085;0.5555789473684211;0.6062485642085919;2639;1317;2111
709;pencil_box;4750;;0.4871578947368421;0.8023578363384188;0.4871578947368421;0.606235263295782;2314;570;2436
271;red_wolf;4750;;0.4974736842105263;0.7750081994096425;0.4974736842105263;0.6059751250160277;2363;686;2387
42;agama;4750;;0.6465263157894737;0.5701819532120312;0.6465263157894737;0.605958958168903;3071;2315;1679
513;cornet;4750;;0.472;0.8450810403317;0.472;0.6057003917330812;2242;411;2508
414;backpack;4750;;0.48189473684210526;0.8148807404770381;0.48189473684210526;0.6056356660933986;2289;520;2461
416;balance_beam;4750;;0.6301052631578947;0.5825223822499027;0.6301052631578947;0.6053802588996765;2993;2145;1757
636;mailbag;4750;;0.644;0.5699645984721445;0.644;0.6047247207670258;3059;2308;1691
767;rubber_eraser;4750;;0.5616842105263158;0.6542422756253066;0.5616842105263158;0.6044404168554599;2668;1410;2082
447;binoculars;4750;;0.5793684210526315;0.6310479247878927;0.5793684210526315;0.6041049281088795;2752;1609;1998
355;llama;4750;;0.5450526315789473;0.6758026624902115;0.5450526315789473;0.6034261741055821;2589;1242;2161
804;soap_dispenser;4750;;0.5692631578947368;0.6418229290291954;0.5692631578947368;0.6033694075644315;2704;1509;2046
335;fox_squirrel;4750;;0.6732631578947369;0.5458269329237071;0.6732631578947369;0.6028843434819493;3198;2661;1552
905;window_shade;4750;;0.5663157894736842;0.644311377245509;0.5663157894736842;0.6028011204481792;2690;1485;2060
926;hot_pot;4750;;0.5978947368421053;0.6072268548214668;0.5978947368421053;0.6025246632014427;2840;1837;1910
334;porcupine;4750;;0.5726315789473684;0.635068876955405;0.5726315789473684;0.6022362448798849;2720;1563;2030
939;zucchini;4750;;0.472;0.8316023738872403;0.472;0.6022025248455546;2242;454;2508
868;tray;4750;;0.5614736842105263;0.6487472634395525;0.5614736842105263;0.6019636609863447;2667;1444;2083
568;fur_coat;4750;;0.5406315789473685;0.6768581971534001;0.5406315789473685;0.601123595505618;2568;1226;2182
222;kuvasz;4750;;0.6538947368421053;0.5555356823466285;0.6538947368421053;0.6007155981046322;3106;2485;1644
599;honeycomb;4750;;0.5509473684210526;0.6581991951710262;0.5509473684210526;0.5998166399266559;2617;1359;2133
691;oxygen_mask;4750;;0.5591578947368421;0.646385981990752;0.5591578947368421;0.5996162095044587;2656;1453;2094
933;cheeseburger;4750;;0.46273684210526317;0.8496327792810204;0.46273684210526317;0.5991549679705601;2198;389;2552
200;Tibetan_terrier;4750;;0.4945263157894737;0.7587209302325582;0.4945263157894737;0.5987764465969921;2349;747;2401
814;speedboat;4750;;0.6566315789473685;0.5497003877335214;0.6566315789473685;0.5984267075978511;3119;2555;1631
667;mortarboard;4750;;0.7206315789473684;0.511582723060828;0.7206315789473684;0.5983742679835679;3423;3268;1327
585;hair_spray;4750;;0.5446315789473685;0.6635034624262631;0.5446315789473685;0.598219447334952;2587;1312;2163
386;African_elephant;4750;;0.5250526315789473;0.694901086653664;0.5250526315789473;0.5981532557860654;2494;1095;2256
809;soup_bowl;4750;;0.4884210526315789;0.771020272515786;0.4884210526315789;0.5980152081453796;2320;689;2430
435;bathtub;4750;;0.5042105263157894;0.7346625766871165;0.5042105263157894;0.5980024968789013;2395;865;2355
600;hook;4750;;0.5926315789473684;0.6031712020569959;0.5926315789473684;0.5978549431878517;2815;1852;1935
919;street_sign;4750;;0.6347368421052632;0.5643953575439911;0.6347368421052632;0.5975029726516053;3015;2327;1735
364;three-toed_sloth;4750;;0.527578947368421;0.6882724526229058;0.527578947368421;0.5973066380645929;2506;1135;2244
179;Staffordshire_bullterrier;4750;;0.5368421052631579;0.6722910624835223;0.5368421052631579;0.5969799836123143;2550;1243;2200
248;Eskimo_dog;4750;;0.5248421052631579;0.6915395284327324;0.5248421052631579;0.5967684021543986;2493;1112;2257
930;French_loaf;4750;;0.49515789473684213;0.7507181615065432;0.49515789473684213;0.5967271343397184;2352;781;2398
246;Great_Dane;4750;;0.46989473684210525;0.8157894736842105;0.46989473684210525;0.5963131178199305;2232;504;2518
459;brassiere;4750;;0.6402105263157895;0.5579816513761467;0.6402105263157895;0.5962745098039215;3041;2409;1709
464;buckle;4750;;0.620421052631579;0.5733463035019455;0.620421052631579;0.5959555106167846;2947;2193;1803
523;crutch;4750;;0.5955789473684211;0.5963322091062394;0.5955789473684211;0.5959553402148725;2829;1915;1921
489;chainlink_fence;4750;;0.704421052631579;0.5159599074787973;0.704421052631579;0.5956386292834892;3346;3139;1404
917;comic_book;4750;;0.6812631578947368;0.5287581699346405;0.6812631578947368;0.5954001839926404;3236;2884;1514
817;sports_car;4750;;0.45663157894736844;0.8539370078740157;0.45663157894736844;0.5950617283950618;2169;371;2581
61;boa_constrictor;4750;;0.4385263157894737;0.9237250554323725;0.4385263157894737;0.5947180585296217;2083;172;2667
754;radio;4750;;0.5204210526315789;0.6922430691683003;0.5204210526315789;0.594159355846653;2472;1099;2278
898;water_bottle;4750;;0.547578947368421;0.647982062780269;0.547578947368421;0.5935645823824738;2601;1413;2149
792;shovel;4750;;0.4686315789473684;0.8088662790697675;0.4686315789473684;0.5934417488669688;2226;526;2524
411;apron;4750;;0.5402105263157895;0.6567699001791656;0.5402105263157895;0.5928150629548342;2566;1341;2184
843;swing;4750;;0.6726315789473685;0.5295872700149179;0.6726315789473685;0.5925994621162941;3195;2838;1555
128;black_stork;4750;;0.7932631578947369;0.4729509225555416;0.7932631578947369;0.5925925925925926;3768;4199;982
908;wing;4750;;0.4572631578947368;0.8402321083172147;0.4572631578947368;0.5922290388548057;2172;413;2578
787;shield;4750;;0.6606315789473685;0.536593707250342;0.6606315789473685;0.5921872051330439;3138;2710;1612
818;spotlight;4750;;0.6016842105263158;0.58278955954323;0.6016842105263158;0.5920861818935157;2858;2046;1892
230;Shetland_sheepdog;4750;;0.5663157894736842;0.6173972917144824;0.5663157894736842;0.5907543647743494;2690;1667;2060
67;diamondback;4750;;0.47810526315789476;0.7716615698267074;0.47810526315789476;0.5904068633822956;2271;672;2479
895;warplane;4750;;0.6191578947368421;0.562763107539227;0.6191578947368421;0.5896150761828388;2941;2285;1809
655;miniskirt;4750;;0.628421052631579;0.5551422726427376;0.628421052631579;0.5895131825812185;2985;2392;1765
40;American_chameleon;4750;;0.6073684210526316;0.5718533201189296;0.6073684210526316;0.5890760592138847;2885;2160;1865
456;bow;4750;;0.6827368421052632;0.5164835164835165;0.6827368421052632;0.5880859552089944;3243;3036;1507
781;scoreboard;4750;;0.643578947368421;0.5410619469026549;0.643578947368421;0.5878846153846154;3057;2593;1693
233;Bouvier_des_Flandres;4750;;0.5953684210526315;0.5789150460593654;0.5953684210526315;0.5870264660093409;2828;2057;1922
750;quilt;4750;;0.5231578947368422;0.6671140939597315;0.5231578947368422;0.5864306784660768;2485;1240;2265
519;crate;4750;;0.5353684210526316;0.6475681181563534;0.5353684210526316;0.5861472859283162;2543;1384;2207
162;beagle;4750;;0.4383157894736842;0.8829516539440203;0.4383157894736842;0.5858187957231288;2082;276;2668
960;chocolate_sauce;4750;;0.500421052631579;0.705969705969706;0.500421052631579;0.5856843661451275;2377;990;2373
390;eel;4750;;0.46757894736842104;0.7834215167548501;0.46757894736842104;0.5856295319709954;2221;614;2529
841;sweatshirt;4750;;0.5665263157894737;0.6055355535553555;0.5665263157894737;0.5853817707200347;2691;1753;2059
634;lumbermill;4750;;0.5608421052631579;0.6104491292392301;0.5608421052631579;0.5845951283739302;2664;1700;2086
987;corn;4750;;0.5170526315789473;0.6699399890889253;0.5170526315789473;0.5836501901140684;2456;1210;2294
921;book_jacket;4750;;0.6269473684210526;0.5459211732355637;0.6269473684210526;0.5836354728074473;2978;2477;1772
560;football_helmet;4750;;0.5945263157894737;0.5716599190283401;0.5945263157894737;0.5828689370485036;2824;2116;1926
692;packet;4750;;0.5909473684210527;0.5749692748873413;0.5909473684210527;0.5828488372093024;2807;2075;1943
702;parallel_bars;4750;;0.6313684210526316;0.5386135057471264;0.6313684210526316;0.5813142081798798;2999;2569;1751
319;dragonfly;4750;;0.4334736842105263;0.8806672369546621;0.4334736842105263;0.5809819413092551;2059;279;2691
737;pop_bottle;4750;;0.5421052631578948;0.623939907923431;0.5421052631578948;0.5801509518981638;2575;1552;2175
807;solar_dish;4750;;0.6810526315789474;0.5052319225363111;0.6810526315789474;0.5801129740876895;3235;3168;1515
423;barber_chair;4750;;0.5810526315789474;0.5788590604026845;0.5810526315789474;0.5799537718007985;2760;2008;1990
663;monastery;4750;;0.5747368421052632;0.5847076461769115;0.5747368421052632;0.5796793714831723;2730;1939;2020
803;snowplow;4750;;0.7566315789473684;0.46906812842599843;0.7566315789473684;0.5791169835642926;3594;4068;1156
788;shoe_shop;4750;;0.504;0.6793416572077186;0.504;0.5786802030456853;2394;1130;2356
168;redbone;4750;;0.6564210526315789;0.5171670260408028;0.6564210526315789;0.5785323313851007;3118;2911;1632
760;refrigerator;4750;;0.5218947368421053;0.6479351803450079;0.5218947368421053;0.5781250000000001;2479;1347;2271
516;cradle;4750;;0.5650526315789474;0.5907990314769975;0.5650526315789474;0.5776390831808887;2684;1859;2066
844;switch;4750;;0.6073684210526316;0.5496285006667937;0.6073684210526316;0.5770577057705771;2885;2364;1865
962;meat_loaf;4750;;0.47368421052631576;0.7377049180327869;0.47368421052631576;0.5769230769230769;2250;800;2500
876;tub;4750;;0.448;0.8097412480974124;0.448;0.5768500948766604;2128;500;2622
408;amphibian;4750;;0.5987368421052631;0.5561204536566289;0.5987368421052631;0.5766423357664233;2844;2270;1906
35;mud_turtle;4750;;0.4663157894736842;0.7536577067029602;0.4663157894736842;0.5761477435297178;2215;724;2535
811;space_heater;4750;;0.576;0.5751524069791886;0.576;0.5755758914484065;2736;2021;2014
399;abaya;4750;;0.7136842105263158;0.4805783952367451;0.7136842105263158;0.5743815655709928;3390;3664;1360
44;alligator_lizard;4750;;0.44673684210526315;0.8037878787878788;0.44673684210526315;0.5742895805142083;2122;518;2628
648;medicine_chest;4750;;0.45621052631578946;0.7733761598857959;0.45621052631578946;0.5738877118644068;2167;635;2583
591;handkerchief;4750;;0.531157894736842;0.6240415533020035;0.531157894736842;0.5738655748891163;2523;1520;2227
542;drumstick;4750;;0.6132631578947368;0.5370575221238938;0.6132631578947368;0.5726361313151169;2913;2511;1837
3;tiger_shark;4750;;0.5955789473684211;0.5513545117910739;0.5955789473684211;0.5726141078838174;2829;2302;1921
315;mantis;4750;;0.5061052631578947;0.6588106330501508;0.5061052631578947;0.5724491010834623;2404;1245;2346
651;microwave;4750;;0.5837894736842105;0.5613360323886639;0.5837894736842105;0.5723426212590299;2773;2167;1977
527;desktop_computer;4750;;0.4696842105263158;0.7319553805774278;0.4696842105263158;0.572197999487048;2231;817;2519
887;vestment;4750;;0.6153684210526316;0.5332968436416712;0.6153684210526316;0.5714006450982307;2923;2558;1827
357;mink;4750;;0.5730526315789474;0.5666111573688593;0.5730526315789474;0.5698136906007955;2722;2082;2028
795;ski;4750;;0.7387368421052631;0.4635402906208719;0.7387368421052631;0.5696428571428572;3509;4061;1241
618;ladle;4750;;0.527578947368421;0.6186126882251296;0.527578947368421;0.5694807408249062;2506;1545;2244
718;pier;4750;;0.45663157894736844;0.7533865925668635;0.45663157894736844;0.5686197404640189;2169;710;2581
913;wreck;4750;;0.47557894736842105;0.7054965646470955;0.47557894736842105;0.568158953722334;2259;943;2491
827;stove;4750;;0.5547368421052632;0.5818061382203576;0.5547368421052632;0.5679491324496174;2635;1894;2115
674;mousetrap;4750;;0.6433684210526316;0.5057927838464085;0.6433684210526316;0.5663454410674574;3056;2986;1694
524;cuirass;4750;;0.45094736842105265;0.7606534090909091;0.45094736842105265;0.5662172878667724;2142;674;2608
370;guenon;4750;;0.4113684210526316;0.9058878071395456;0.4113684210526316;0.5658028087447518;1954;203;2796
994;stinkhorn;4750;;0.5896842105263158;0.5418843103114722;0.5896842105263158;0.5647746748664179;2801;2368;1949
204;Lhasa;4750;;0.4244210526315789;0.8421052631578947;0.4244210526315789;0.5643896976483762;2016;378;2734
992;agaric;4750;;0.496;0.6544444444444445;0.496;0.564311377245509;2356;1244;2394
775;sarong;4750;;0.604421052631579;0.5285346097201767;0.604421052631579;0.5639363582793164;2871;2561;1879
619;lampshade;4750;;0.5486315789473685;0.5797552836484984;0.5486315789473685;0.5637641968631693;2606;1889;2144
283;Persian_cat;4750;;0.6743157894736842;0.4842025699168556;0.6743157894736842;0.5636603607567091;3203;3412;1547
493;chiffonier;4750;;0.5842105263157895;0.5440109782395609;0.5842105263157895;0.5633945792305352;2775;2326;1975
397;puffer;4750;;0.4;0.949050949050949;0.4;0.5627962085308057;1900;102;2850
59;vine_snake;4750;;0.5852631578947368;0.5416991426344505;0.5852631578947368;0.5626391418741146;2780;2352;1970
501;cloak;4750;;0.5848421052631579;0.5420487804878049;0.5848421052631579;0.5626329113924051;2778;2347;1972
191;Airedale;4750;;0.6378947368421053;0.5029880478087649;0.6378947368421053;0.5624651939855208;3030;2994;1720
976;promontory;4750;;0.49094736842105263;0.6563467492260062;0.49094736842105263;0.5617246778272913;2332;1221;2418
830;stretcher;4750;;0.6023157894736842;0.5261125413755057;0.6023157894736842;0.5616411464468003;2861;2577;1889
932;pretzel;4750;;0.5854736842105264;0.5361480624638519;0.5854736842105264;0.5597262755358761;2781;2406;1969
979;valley;4750;;0.6174736842105263;0.5112428098309221;0.6174736842105263;0.5593592066367884;2933;2804;1817
465;bulletproof_vest;4750;;0.6991578947368421;0.46610526315789474;0.6991578947368421;0.5593263157894737;3321;3804;1429
430;basketball;4750;;0.5791578947368421;0.5386724104170746;0.5791578947368421;0.5581820026377193;2751;2356;1999
64;green_mamba;4750;;0.6042105263157894;0.5180505415162455;0.6042105263157894;0.5578231292517006;2870;2670;1880
345;ox;4750;;0.4010526315789474;0.9154252763094666;0.4010526315789474;0.5577514273166447;1905;176;2845
482;cassette_player;4750;;0.6328421052631579;0.49727047146401987;0.6328421052631579;0.5569245020842982;3006;3039;1744
38;banded_gecko;4750;;0.6237894736842106;0.5028852681602173;0.6237894736842106;0.5568502161247887;2963;2929;1787
484;catamaran;4750;;0.39410526315789474;0.9468892261001517;0.39410526315789474;0.5565631039096179;1872;105;2878
36;terrapin;4750;;0.6006315789473684;0.5174102285092492;0.6006315789473684;0.5559236165237724;2853;2661;1897
181;Bedlington_terrier;4750;;0.671578947368421;0.473645137342242;0.671578947368421;0.5555071832825424;3190;3545;1560
240;Appenzeller;4750;;0.45831578947368423;0.7043028146230993;0.45831578947368423;0.5552863155209795;2177;914;2573
202;soft-coated_wheaten_terrier;4750;;0.5627368421052632;0.5475215075788611;0.5627368421052632;0.5550249169435216;2673;2209;2077
497;church;4750;;0.45452631578947367;0.7123061695809964;0.45452631578947367;0.554941524225678;2159;872;2591
108;sea_anemone;4750;;0.6071578947368421;0.5088214537755822;0.6071578947368421;0.5536571318871185;2884;2784;1866
419;Band_Aid;4750;;0.6309473684210526;0.49300871853923345;0.6309473684210526;0.5535137131775787;2997;3082;1753
749;quill;4750;;0.5692631578947368;0.536720921000397;0.5692631578947368;0.5525132815692685;2704;2334;2046
313;walking_stick;4750;;0.6052631578947368;0.508219904543044;0.6052631578947368;0.5525127318151245;2875;2782;1875
620;laptop;4750;;0.6661052631578948;0.471745937080662;0.6661052631578948;0.5523260888539757;3164;3543;1586
373;macaque;4750;;0.6143157894736843;0.5009442060085837;0.6143157894736843;0.5518676122931442;2918;2907;1832
752;racket;4750;;0.636421052631579;0.484688151354818;0.636421052631579;0.5502867024665514;3023;3214;1727
717;pickup;4750;;0.5989473684210527;0.5070397433612547;0.5989473684210527;0.5491747900781778;2845;2766;1905
381;spider_monkey;4750;;0.4046315789473684;0.8508189464364763;0.4046315789473684;0.5484377229276644;1922;337;2828
721;pillow;4750;;0.4012631578947368;0.8608852755194218;0.4012631578947368;0.5473865594485928;1906;308;2844
878;typewriter_keyboard;4750;;0.41768421052631577;0.7904382470119522;0.41768421052631577;0.546556473829201;1984;526;2766
356;weasel;4750;;0.49073684210526314;0.616503570483999;0.49073684210526314;0.5464775524557496;2331;1450;2419
638;maillot;4750;;0.5225263157894737;0.5714943587381994;0.5225263157894737;0.5459144396788739;2482;1861;2268
492;chest;4750;;0.5330526315789473;0.5580780251267358;0.5330526315789473;0.5452783460751589;2532;2005;2218
54;hognose_snake;4750;;0.4709473684210526;0.6463449869979775;0.4709473684210526;0.5448788210936548;2237;1224;2513
536;dock;4750;;0.4191578947368421;0.7780382962094569;0.4191578947368421;0.5448077712409358;1991;568;2759
828;strainer;4750;;0.5210526315789473;0.5705394190871369;0.5210526315789473;0.5446742957746479;2475;1863;2275
299;meerkat;4750;;0.7;0.4453522635949638;0.7;0.5443680419122462;3325;4141;1425
421;bannister;4750;;0.6621052631578948;0.46216017634092577;0.6621052631578948;0.5443530938987452;3145;3660;1605
26;common_newt;4750;;0.5797894736842105;0.5103780578206079;0.5797894736842105;0.5428740390301596;2754;2642;1996
106;wombat;4750;;0.4770526315789474;0.6289203441576464;0.4770526315789474;0.5425595594397223;2266;1337;2484
485;CD_player;4750;;0.41368421052631577;0.7872596153846154;0.41368421052631577;0.5423682031465635;1965;531;2785
810;space_bar;4750;;0.6349473684210526;0.47117637869082957;0.6349473684210526;0.5409380324634562;3016;3385;1734
395;gar;4750;;0.6067368421052631;0.48698884758364314;0.6067368421052631;0.5403074615673041;2882;3036;1868
483;castle;4750;;0.6225263157894737;0.4766279819471309;0.6225263157894737;0.5398941026109184;2957;3247;1793
747;punching_bag;4750;;0.5955789473684211;0.49259968657496084;0.5955789473684211;0.5392166206042124;2829;2914;1921
62;rock_python;4750;;0.5202105263157895;0.5582919114324446;0.5202105263157895;0.5385789014821273;2471;1955;2279
341;hog;4750;;0.4690526315789474;0.62884561106407;0.4690526315789474;0.5373206318581937;2228;1315;2522
126;isopod;4750;;0.6368421052631579;0.46345947602267507;0.6368421052631579;0.5364902012946705;3025;3502;1725
115;sea_slug;4750;;0.4088421052631579;0.7792937399678973;0.4088421052631579;0.536315934824634;1942;550;2808
824;stole;4750;;0.5408421052631579;0.5314439387670666;0.5408421052631579;0.53610183639399;2569;2265;2181
68;sidewinder;4750;;0.5677894736842105;0.5068596128547266;0.5677894736842105;0.5355972594578493;2697;2624;2053
431;bassinet;4750;;0.41726315789473684;0.7467972871137905;0.41726315789473684;0.5353862776877364;1982;672;2768
380;titi;4750;;0.38694736842105265;0.8649411764705882;0.38694736842105265;0.5346909090909091;1838;287;2912
558;flute;4750;;0.5450526315789473;0.5236650485436893;0.5450526315789473;0.5341448318547555;2589;2355;2161
499;cleaver;4750;;0.5404210526315789;0.526240262402624;0.5404210526315789;0.5332363938512671;2567;2311;2183
742;printer;4750;;0.4528421052631579;0.6438192158036516;0.4528421052631579;0.531701890989989;2151;1190;2599
999;toilet_tissue;4750;;0.40778947368421053;0.7616987809673614;0.40778947368421053;0.5311942959001783;1937;606;2813
189;Lakeland_terrier;4750;;0.5503157894736842;0.5111458740711772;0.5503157894736842;0.5300081103000811;2614;2500;2136
641;maraca;4750;;0.7947368421052632;0.3974520951779322;0.7947368421052632;0.5298989331836047;3775;5723;975
664;monitor;4750;;0.43326315789473685;0.6807806814422759;0.43326315789473685;0.5295252798147434;2058;965;2692
446;binder;4750;;0.6109473684210527;0.46716033483580166;0.6109473684210527;0.5294654260171502;2902;3310;1848
892;wall_clock;4750;;0.4808421052631579;0.587902187902188;0.4808421052631579;0.5290098436595252;2284;1601;2466
556;fire_screen;4750;;0.6572631578947369;0.44239761938500777;0.6572631578947369;0.5288388244261878;3122;3935;1628
864;tow_truck;4750;;0.6412631578947369;0.44794117647058823;0.6412631578947369;0.5274458874458875;3046;3754;1704
434;bath_towel;4750;;0.42736842105263156;0.6865065945214744;0.42736842105263156;0.5267938237965486;2030;927;2720
29;axolotl;4750;;0.6397894736842106;0.44717480871100646;0.6397894736842106;0.5264160748311103;3039;3757;1711
980;volcano;4750;;0.6397894736842106;0.4464521815777876;0.6397894736842106;0.5259150298520378;3039;3768;1711
52;thunder_snake;4750;;0.5837894736842105;0.47826836840289755;0.5837894736842105;0.5257868790291998;2773;3025;1977
884;vault;4750;;0.5612631578947368;0.4945279168985346;0.5612631578947368;0.5257864115964895;2666;2725;2084
644;matchstick;4750;;0.5393684210526316;0.5126050420168067;0.5393684210526316;0.5256462864177268;2562;2436;2188
526;desk;4750;;0.5688421052631579;0.4883426712452557;0.5688421052631579;0.5255275697753573;2702;2831;2048
935;mashed_potato;4750;;0.4747368421052632;0.5863234529381175;0.4747368421052632;0.5246626337831549;2255;1591;2495
45;Gila_monster;4750;;0.528;0.5194697597348799;0.528;0.5237001461683024;2508;2320;2242
478;carton;4750;;0.5248421052631579;0.5217664294683968;0.5248421052631579;0.5232997481108312;2493;2285;2257
848;tape_player;4750;;0.4631578947368421;0.6010928961748634;0.4631578947368421;0.5231866825208087;2200;1460;2550
34;leatherback_turtle;4750;;0.5027368421052631;0.5445838084378564;0.5027368421052631;0.522824302134647;2388;1997;2362
860;tobacco_shop;4750;;0.6311578947368421;0.44619735079624945;0.6311578947368421;0.5228005929026072;2998;3721;1752
163;bloodhound;4750;;0.5505263157894736;0.49771602588504;0.5505263157894736;0.5227908836465414;2615;2639;2135
348;ram;4750;;0.42;0.6884057971014492;0.42;0.5217050209205021;1995;903;2755
529;diaper;4750;;0.5522105263157895;0.493230537796164;0.5522105263157895;0.521056813667064;2623;2695;2127
372;baboon;4750;;0.5589473684210526;0.48457747764190545;0.5589473684210526;0.519112327695767;2655;2824;2095
689;overskirt;4750;;0.5370526315789473;0.501375786163522;0.5370526315789473;0.5186013417361253;2551;2537;2199
643;mask;4750;;0.6850526315789474;0.4154749744637385;0.6850526315789474;0.5172468605945;3254;4578;1496
266;miniature_poodle;4750;;0.38084210526315787;0.8050734312416555;0.38084210526315787;0.517078748034872;1809;438;2941
460;breakwater;4750;;0.4328421052631579;0.6414976599063963;0.4328421052631579;0.5169076052796984;2056;1149;2694
982;groom;4750;;0.42736842105263156;0.6500160102465578;0.42736842105263156;0.5156865235615394;2030;1093;2720
782;screen;4750;;0.4073684210526316;0.7015953589557651;0.4073684210526316;0.5154501864677677;1935;823;2815
424;barbershop;4750;;0.49705263157894736;0.5350101971447995;0.49705263157894736;0.5153334060897087;2361;2052;2389
965;burrito;4750;;0.3871578947368421;0.7675292153589316;0.3871578947368421;0.5146935348446684;1839;557;2911
923;plate;4750;;0.44905263157894737;0.6016925246826517;0.44905263157894737;0.5142857142857142;2133;1412;2617
975;lakeside;4750;;0.5069473684210526;0.5213249621130115;0.5069473684210526;0.5140356494823354;2408;2211;2342
794;shower_curtain;4750;;0.584421052631579;0.45755727707268834;0.584421052631579;0.5132661551261902;2776;3291;1974
733;pole;4750;;0.5835789473684211;0.45750123782802443;0.5835789473684211;0.5129059117402165;2772;3287;1978
751;racer;4750;;0.5747368421052632;0.462241788012191;0.5747368421052632;0.5123873873873874;2730;3176;2020
790;shopping_basket;4750;;0.6528421052631579;0.4204175704989154;0.6528421052631579;0.5114629721260102;3101;4275;1649
534;dishwasher;4750;;0.5682105263157895;0.46382539955318786;0.5682105263157895;0.5107389535433816;2699;3120;2051
862;torch;4750;;0.6294736842105263;0.4295977011494253;0.6294736842105263;0.5106746370623398;2990;3970;1760
696;paintbrush;4750;;0.616;0.435740878629933;0.616;0.5104230266027039;2926;3789;1824
741;prayer_rug;4750;;0.7235789473684211;0.39293472047559164;0.7235789473684211;0.509298362599096;3437;5310;1313
615;knee_pad;4750;;0.7130526315789474;0.39544658493870405;0.7130526315789474;0.5087495306045813;3387;5178;1363
611;jigsaw_puzzle;4750;;0.5166315789473684;0.5009185548071035;0.5166315789473684;0.5086537465022282;2454;2445;2296
104;wallaby;4750;;0.5330526315789473;0.4862684847320914;0.5330526315789473;0.5085869237722205;2532;2675;2218
686;oil_filter;4750;;0.7197894736842105;0.39222209475737063;0.7197894736842105;0.507759708918096;3419;5298;1331
509;confectionery;4750;;0.5943157894736842;0.44192235441452726;0.5943157894736842;0.5069132698868738;2823;3565;1927
298;mongoose;4750;;0.5595789473684211;0.45381594673040804;0.5595789473684211;0.5011784670500613;2658;3199;2092
124;crayfish;4750;;0.45621052631578946;0.5554985901051013;0.45621052631578946;0.5009825453704775;2167;1734;2583
229;Old_English_sheepdog;4750;;0.7103157894736842;0.3865276663993585;0.7103157894736842;0.5006306105794199;3374;5355;1376
673;mouse;4750;;0.4650526315789474;0.539701930124603;0.4650526315789474;0.49960420671717737;2209;1884;2541
500;cliff_dwelling;4750;;0.4511578947368421;0.5596761556542178;0.4511578947368421;0.4995920270427789;2143;1686;2607
997;bolete;4750;;0.6461052631578947;0.4071371716635712;0.6461052631578947;0.49951171875;3069;4469;1681
314;cockroach;4750;;0.48757894736842106;0.5105820105820106;0.48757894736842106;0.4988154210639673;2316;2220;2434
826;stopwatch;4750;;0.6606315789473685;0.4004083195100166;0.6606315789473685;0.4986096766505125;3138;4699;1612
77;wolf_spider;4750;;0.7267368421052631;0.3781770376862401;0.7267368421052631;0.49747802276985154;3452;5676;1298
498;cinema;4750;;0.6023157894736842;0.4206734303778856;0.6023157894736842;0.49536836637520565;2861;3940;1889
837;sunglasses;4750;;0.6698947368421052;0.39062116376135525;0.6698947368421052;0.49348635235732013;3182;4964;1568
970;alp;4750;;0.5501052631578948;0.4465903264399248;0.5501052631578948;0.4929723610980097;2613;3238;2137
212;English_setter;4750;;0.5848421052631579;0.425877663651694;0.5848421052631579;0.4928590437328129;2778;3745;1972
700;paper_towel;4750;;0.5193684210526316;0.4638962015795412;0.5193684210526316;0.49006754072308306;2467;2851;2283
166;Walker_hound;4750;;0.3410526315789474;0.8621607237892496;0.3410526315789474;0.4887615024890632;1620;259;3130
32;tailed_frog;4750;;0.5362105263157895;0.4471558988764045;0.5362105263157895;0.4876507754164273;2547;3149;2203
60;night_snake;4750;;0.39473684210526316;0.6349475110057569;0.39473684210526316;0.4868233155913281;1875;1078;2875
882;vacuum;4750;;0.5254736842105263;0.45005409304002886;0.5254736842105263;0.48484848484848486;2496;3050;2254
285;Egyptian_cat;4750;;0.35642105263157897;0.7578334825425246;0.35642105263157897;0.4848224513172967;1693;541;3057
101;tusker;4750;;0.42736842105263156;0.5593827500688895;0.42736842105263156;0.48454469507101083;2030;1599;2720
105;koala;4750;;0.5616842105263158;0.42141841731164115;0.5616842105263158;0.48154498691453845;2668;3663;2082
603;horse_cart;4750;;0.6191578947368421;0.3897945659377071;0.6191578947368421;0.4784058560390403;2941;4604;1809
170;Irish_wolfhound;4750;;0.5494736842105263;0.4234950511114717;0.5494736842105263;0.4783285989187208;2610;3553;2140
681;notebook;4750;;0.3452631578947368;0.766713417484806;0.3452631578947368;0.47612135288140506;1640;499;3110
238;Greater_Swiss_Mountain_dog;4750;;0.34042105263157896;0.7864785992217899;0.34042105263157896;0.47516896855715546;1617;439;3133
904;window_screen;4750;;0.6753684210526316;0.36458688487328106;0.6753684210526316;0.4735404826924497;3208;5591;1542
623;letter_opener;4750;;0.628421052631579;0.3794330748697089;0.628421052631579;0.47317111833240866;2985;4882;1765
119;rock_crab;4750;;0.3656842105263158;0.6655172413793103;0.3656842105263158;0.4720108695652174;1737;873;3013
564;four-poster;4750;;0.6214736842105263;0.3802163833075734;0.6214736842105263;0.47179159341537474;2952;4812;1798
669;mosquito_net;4750;;0.54;0.4165313413445924;0.54;0.4702970297029703;2565;3593;2185
366;gorilla;4750;;0.6938947368421052;0.3549811523963382;0.6938947368421052;0.469682935518347;3296;5989;1454
582;grocery_store;4750;;0.5867368421052631;0.3903908110379605;0.5867368421052631;0.46883673984355284;2787;4352;1963
928;ice_cream;4750;;0.35810526315789476;0.6774193548387096;0.35810526315789476;0.46853050544002206;1701;810;3049
911;wool;4750;;0.472;0.45773785218456514;0.472;0.464759535655058;2242;2656;2508
272;coyote;4750;;0.6237894736842106;0.3672988719474402;0.6237894736842106;0.4623546851837404;2963;5104;1787
633;loupe;4750;;0.6269473684210526;0.3641031910991564;0.6269473684210526;0.46066981205042923;2978;5201;1772
167;English_foxhound;4750;;0.756421052631579;0.3297237771863816;0.756421052631579;0.4592573656291941;3593;7304;1157
188;wire-haired_fox_terrier;4750;;0.7014736842105264;0.34059082081161196;0.7014736842105264;0.4585426271244754;3332;6451;1418
294;brown_bear;4750;;0.7806315789473685;0.3242392444910808;0.7806315789473685;0.4581737303842828;3708;7728;1042
5;electric_ray;4750;;0.619578947368421;0.36212624584717606;0.619578947368421;0.45709404364370576;2943;5184;1807
450;bobsled;4750;;0.6955789473684211;0.3375217080396363;0.6955789473684211;0.4545016851227733;3304;6485;1446
697;pajama;4750;;0.6663157894736842;0.3437228496959166;0.6663157894736842;0.45350336724459095;3165;6043;1585
73;barn_spider;4750;;0.4709473684210526;0.4358924395946999;0.4709473684210526;0.452742359846185;2237;2895;2513
525;dam;4750;;0.4974736842105263;0.4091774891774892;0.4974736842105263;0.4490261282660332;2363;3412;2387
813;spatula;4750;;0.6191578947368421;0.35221556886227545;0.6191578947368421;0.4490076335877862;2941;5409;1809
112;conch;4750;;0.564;0.36951724137931036;0.564;0.4465;2679;4571;2071
428;barrow;4750;;0.5416842105263158;0.37821549316478026;0.5416842105263158;0.4454254306240803;2573;4230;2177
46;green_lizard;4750;;0.3263157894736842;0.6913470115967886;0.3263157894736842;0.4433638443935927;1550;692;3200
883;vase;4750;;0.6736842105263158;0.33030553261767137;0.6736842105263158;0.44327469178556594;3200;6488;1550
369;siamang;4750;;0.659578947368421;0.331078939025679;0.659578947368421;0.4408639977485401;3133;6330;1617
277;red_fox;4750;;0.7075789473684211;0.31848763384819484;0.7075789473684211;0.4392602757629223;3361;7192;1389
150;sea_lion;4750;;0.4128421052631579;0.4675727229375298;0.4128421052631579;0.43850626118067976;1961;2233;2789
587;hammer;4750;;0.5153684210526316;0.3767892873633985;0.5153684210526316;0.43531608428914376;2448;4049;2302
113;snail;4750;;0.612421052631579;0.33432938742673257;0.612421052631579;0.43253289718236565;2909;5792;1841
658;mitten;4750;;0.6098947368421053;0.3318062077654335;0.6098947368421053;0.4297900749202581;2897;5834;1853
799;sliding_door;4750;;0.5237894736842105;0.36131280859715365;0.5237894736842105;0.42763836369886554;2488;4398;2262
758;reel;4750;;0.5513684210526316;0.3486421725239617;0.5513684210526316;0.42717338117762194;2619;4893;2131
601;hoopskirt;4750;;0.6934736842105264;0.3077354260089686;0.6934736842105264;0.42629739873171996;3294;7410;1456
359;black-footed_ferret;4750;;0.47726315789473683;0.3815855916512372;0.47726315789473683;0.42409503320549996;2267;3674;2483
549;envelope;4750;;0.5762105263157895;0.33325216120784124;0.5762105263157895;0.42227879348916153;2737;5476;2013
662;modem;4750;;0.5682105263157895;0.33548788067122437;0.5682105263157895;0.4218835482610395;2699;5346;2051
385;Indian_elephant;4750;;0.6101052631578947;0.3202563819206542;0.6101052631578947;0.42003043698818754;2898;6151;1852
278;kit_fox;4750;;0.2774736842105263;0.860313315926893;0.2774736842105263;0.41961158866602993;1318;214;3432
55;green_snake;4750;;0.2806315789473684;0.8310473815461347;0.2806315789473684;0.4195782184450739;1333;271;3417
415;bakery;4750;;0.48610526315789476;0.3659851006498653;0.48610526315789476;0.4175784428971878;2309;4000;2441
652;military_uniform;4750;;0.5589473684210526;0.32773731638069376;0.5589473684210526;0.41319741654345965;2655;5446;2095
66;horned_viper;4750;;0.456;0.3759763929873286;0.456;0.41213966320997053;2166;3595;2584
973;coral_reef;4750;;0.6109473684210527;0.3087891040646946;0.6109473684210527;0.4102346621430591;2902;6496;1848
107;jellyfish;4750;;0.712;0.28444070647603026;0.712;0.4064903846153846;3382;8508;1368
797;sleeping_bag;4750;;0.548;0.32227312120836943;0.548;0.4058626335074453;2603;5474;2147
562;fountain;4750;;0.5850526315789474;0.3031195462478185;0.5850526315789474;0.39933898548642044;2779;6389;1971
74;garden_spider;4750;;0.2745263157894737;0.7232390460343872;0.2745263157894737;0.39798565542499614;1304;499;3446
282;tiger_cat;4750;;0.2922105263157895;0.6224215246636772;0.2922105263157895;0.3977077363896849;1388;842;3362
58;water_snake;4750;;0.4589473684210526;0.3507642799678198;0.4589473684210526;0.39762881896944824;2180;4035;2570
972;cliff;4750;;0.4985263157894737;0.3305415968732552;0.4985263157894737;0.39751552795031053;2368;4796;2382
514;cowboy_boot;4750;;0.6271578947368421;0.2879652005799903;0.6271578947368421;0.3947002318648559;2979;7366;1771
103;platypus;4750;;0.5854736842105264;0.29447268106734437;0.5854736842105264;0.39185571368183747;2781;6663;1969
371;patas;4750;;0.5305263157894737;0.31061259706643657;0.5305263157894737;0.3918215035372774;2520;5593;2230
6;stingray;4750;;0.4143157894736842;0.36764431160097144;0.4143157894736842;0.38958725131149163;1968;3385;2782
552;feather_boa;4750;;0.6056842105263158;0.28502080443828015;0.6056842105263158;0.38763136620856914;2877;7217;1873
865;toyshop;4750;;0.6703157894736842;0.2726027397260274;0.6703157894736842;0.38758368837492396;3184;8496;1566
49;African_crocodile;4750;;0.4418947368421053;0.34455022980958633;0.4418947368421053;0.3871979339605239;2099;3993;2651
728;plastic_bag;4750;;0.5132631578947369;0.3106919841977826;0.5132631578947369;0.38707628800508054;2438;5409;2312
454;bookshop;4750;;0.5406315789473685;0.2970503181029497;0.5406315789473685;0.38342665173572227;2568;6077;2182
833;submarine;4750;;0.6212631578947369;0.2729374768775435;0.6212631578947369;0.3792571648888318;2951;7861;1799
680;nipple;4750;;0.6755789473684211;0.26125539363347716;0.6755789473684211;0.37679798039100565;3209;9074;1541
885;velvet;4750;;0.5886315789473684;0.27174652541549227;0.5886315789473684;0.3718332335926591;2796;7493;1954
4;hammerhead;4750;;0.7305263157894737;0.24838940586972083;0.7305263157894737;0.37072649572649574;3470;10500;1280
111;nematode;4750;;0.8014736842105263;0.23970532678503967;0.8014736842105263;0.36903838697169444;3807;12075;943
815;spider_web;4750;;0.5574736842105263;0.2715897435897436;0.5574736842105263;0.3652413793103448;2648;7102;2102
550;espresso_maker;4750;;0.5962105263157895;0.2630259125104486;0.5962105263157895;0.3650190114068441;2832;7935;1918
461;breastplate;4750;;0.6450526315789473;0.2524719841793013;0.6450526315789473;0.3629041809783253;3064;9072;1686
978;seashore;4750;;0.47936842105263155;0.2919230769230769;0.47936842105263155;0.36286852589641433;2277;5523;2473
329;sea_cucumber;4750;;0.5216842105263158;0.2711753118844386;0.5216842105263158;0.3568548387096774;2478;6660;2272
764;rifle;4750;;0.5374736842105263;0.26346749226006194;0.5374736842105263;0.353601108033241;2553;7137;2197
961;dough;4750;;0.41578947368421054;0.3074408468244085;0.41578947368421054;0.35349919455879725;1975;4449;2775
819;stage;4750;;0.5412631578947369;0.25437815375482337;0.5412631578947369;0.34609948172578586;2571;7536;2179
683;oboe;4750;;0.6206315789473684;0.23718722342907717;0.6206315789473684;0.34320973281331857;2948;9481;1802
394;sturgeon;4750;;0.5252631578947369;0.24759352982038305;0.5252631578947369;0.3365481891144534;2495;7582;2255
712;Petri_dish;4750;;0.7303157894736843;0.21786095585002827;0.7303157894736843;0.3356068301649494;3469;12454;1281
280;grey_fox;4750;;0.6002105263157895;0.22778843080856503;0.6002105263157895;0.33024441098111895;2851;9665;1899
977;sandbar;4750;;0.6025263157894737;0.22626294568740613;0.6025263157894737;0.3289844243922065;2862;9787;1888
297;sloth_bear;4750;;0.6928421052631579;0.21522464194624288;0.6928421052631579;0.3284267252133127;3291;12000;1459
808;sombrero;4750;;0.6206315789473684;0.22087360455533078;0.6206315789473684;0.3257998563297784;2948;10399;1802
469;caldron;4750;;0.5936842105263158;0.22421881211735709;0.5936842105263158;0.32550354937380965;2820;9757;1930
879;umbrella;4750;;0.6637894736842105;0.2150163666121113;0.6637894736842105;0.32481714226846603;3153;11511;1597
974;geyser;4750;;0.6722105263157895;0.2132220367278798;0.6722105263157895;0.32375158428390366;3193;11782;1557
677;nail;4750;;0.5494736842105263;0.22540806632697125;0.5494736842105263;0.3196766489068528;2610;8969;2140
265;toy_poodle;4750;;0.6608421052631579;0.20974208205265268;0.6608421052631579;0.31842158652870767;3139;11827;1611
996;hen-of-the-woods;4750;;0.6709473684210526;0.20480688901741534;0.6709473684210526;0.3138200974841219;3187;12374;1563
358;polecat;4750;;0.6353684210526316;0.19797953293098924;0.6353684210526316;0.30189056717015106;3018;12226;1732
539;doormat;4750;;0.5212631578947369;0.2050178024343794;0.5212631578947369;0.29428894039341535;2476;9601;2274
318;lacewing;4750;;0.6532631578947369;0.18458152400214145;0.6532631578947369;0.28783451602430316;3103;13708;1647
476;carousel;4750;;0.6593684210526316;0.18112421929215822;0.6593684210526316;0.2841847382270211;3132;14160;1618
281;tabby;4750;;0.7894736842105263;0.1728349541411255;0.7894736842105263;0.2835860400045374;3750;17947;1000
310;ant;4750;;0.6837894736842105;0.17335610589239966;0.6837894736842105;0.276590309120327;3248;15488;1502
657;missile;4750;;0.5932631578947368;0.1797423140706723;0.5932631578947368;0.27589582925396516;2818;12860;1932
947;mushroom;4750;;0.16231578947368422;0.6511824324324325;0.16231578947368422;0.2598584428715875;771;413;3979
952;fig;4750;;0.6981052631578948;0.15905602455871068;0.6981052631578948;0.2590827408391281;3316;17532;1434
309;bee;4750;;0.5309473684210526;0.16261525565800503;0.5309473684210526;0.2489757638580384;2522;12987;2228
362;badger;4750;;0.8244210526315789;0.1263307310149042;0.8244210526315789;0.21908917981425535;3916;27082;834
405;airship;4750;;0.6850526315789474;0.12541915590672575;0.6850526315789474;0.21202150187326926;3254;22691;1496
374;langur;4750;;0.6564210526315789;0.12212125959580135;0.6564210526315789;0.2059309160557427;3118;22414;1632
462;broom;4750;;0.5610526315789474;0.10704960835509138;0.5610526315789474;0.17979423174228368;2665;22230;2085
50;American_alligator;4750;;0.4381052631578947;0.10897570171763721;0.4381052631578947;0.17453660991361236;2081;17015;2669
365;orangutan;4750;;0.8305263157894737;0.08079049764489044;0.8305263157894737;0.14725643896976484;3945;44885;805
455;bottlecap;4750;;0.6538947368421053;0.05603059494173251;0.6538947368421053;0.10321680180778946;3106;52328;1644
