class_idx;class_label;support;base_accuracy;overall_accuracy;precision;recall;f1;tp;fp;fn
986;yellow_lady's_slipper;4750;;0.9745263157894737;0.9976293103448276;0.9745263157894737;0.9859424920127796;4629;11;121
985;daisy;4750;;0.9751578947368421;0.9931389365351629;0.9751578947368421;0.9840662842574889;4632;32;118
339;sorrel;4750;;0.9646315789473684;0.9950054288816503;0.9646315789473684;0.9795831106360235;4582;23;168
100;black_swan;4750;;0.9673684210526315;0.9890228153250108;0.9673684210526315;0.9780757769263516;4595;51;155
873;triumphal_arch;4750;;0.9692631578947368;0.9852343248448534;0.9692631578947368;0.9771834872121404;4604;69;146
255;Leonberg;4750;;0.9671578947368421;0.9839366031270079;0.9671578947368421;0.9754751035141735;4594;75;156
900;water_tower;4750;;0.9538947368421052;0.992552026286966;0.9538947368421052;0.9728395061728394;4531;34;219
11;goldfinch;4750;;0.9515789473684211;0.9940620189135694;0.9515789473684211;0.9723566741959772;4520;27;230
995;earthstar;4750;;0.9467368421052632;0.9971175166297117;0.9467368421052632;0.9712742980561554;4497;13;253
17;jay;4750;;0.9547368421052631;0.9865129432238416;0.9547368421052631;0.970364822937841;4535;62;215
340;zebra;4750;;0.9454736842105264;0.9944641275465014;0.9454736842105264;0.9693503129721562;4491;25;259
139;ruddy_turnstone;4750;;0.9452631578947368;0.9924845269672856;0.9452631578947368;0.9682984688376104;4490;34;260
604;hourglass;4750;;0.9530526315789474;0.9839165398826342;0.9530526315789474;0.9682386910490857;4527;74;223
90;lorikeet;4750;;0.9692631578947368;0.9658065869519614;0.9692631578947368;0.9675317852264369;4604;163;146
685;odometer;4750;;0.9433684210526316;0.9902762430939227;0.9433684210526316;0.9662533692722373;4481;44;269
668;mosque;4750;;0.9557894736842105;0.9765540976554098;0.9557894736842105;0.9660602191722524;4540;109;210
129;spoonbill;4750;;0.9349473684210526;0.9982018431108114;0.9349473684210526;0.9655397325796282;4441;8;309
143;oystercatcher;4750;;0.9406315789473684;0.9891520920965242;0.9406315789473684;0.9642818603647351;4468;49;282
0;tench;4750;;0.9486315789473684;0.9791395045632334;0.9486315789473684;0.9636441402908469;4506;96;244
97;drake;4750;;0.9538947368421052;0.9716920437486597;0.9538947368421052;0.9627111441623287;4531;132;219
805;soccer_ball;4750;;0.9490526315789474;0.9766031195840554;0.9490526315789474;0.9626307922272048;4508;108;242
92;bee_eater;4750;;0.9343157894736842;0.9921752738654147;0.9343157894736842;0.9623766670280821;4438;35;312
323;monarch;4750;;0.9629473684210527;0.9615303762875762;0.9629473684210527;0.9622383506889659;4574;183;176
874;trolleybus;4750;;0.9675789473684211;0.9561056792178073;0.9675789473684211;0.9618080987757665;4596;211;154
244;Tibetan_mastiff;4750;;0.9290526315789474;0.9939189189189189;0.9290526315789474;0.9603917301414581;4413;27;337
321;admiral;4750;;0.9562105263157895;0.9645359949033765;0.9562105263157895;0.9603552172534096;4542;167;208
136;European_gallinule;4750;;0.9258947368421052;0.9954730647351743;0.9258947368421052;0.9594240837696335;4398;20;352
829;streetcar;4750;;0.9353684210526316;0.9838352524357838;0.9353684210526316;0.9589898553852796;4443;73;307
130;flamingo;4750;;0.9263157894736842;0.9914375844975214;0.9263157894736842;0.957771005659556;4400;38;350
698;palace;4750;;0.9290526315789474;0.9881325570980743;0.9290526315789474;0.9576822916666667;4413;53;337
832;stupa;4750;;0.9477894736842105;0.967755803955288;0.9477894736842105;0.9576685811529462;4502;150;248
264;Cardigan;4750;;0.9353684210526316;0.980794701986755;0.9353684210526316;0.9575431034482759;4443;87;307
22;bald_eagle;4750;;0.9450526315789474;0.9695464362850972;0.9450526315789474;0.9571428571428571;4489;141;261
260;chow;4750;;0.9410526315789474;0.9736440862557177;0.9410526315789474;0.957070977411412;4470;121;280
768;rugby_ball;4750;;0.9463157894736842;0.967498923805424;0.9463157894736842;0.9567901234567902;4495;151;255
560;football_helmet;4750;;0.9538947368421052;0.9591447925486876;0.9538947368421052;0.9565125606924213;4531;193;219
430;basketball;4750;;0.9494736842105264;0.9634693441572314;0.9494736842105264;0.9564203159792175;4510;171;240
915;yurt;4750;;0.9568421052631579;0.9558359621451105;0.9568421052631579;0.9563387690689111;4545;210;205
821;steel_arch_bridge;4750;;0.9347368421052632;0.977112676056338;0.9347368421052632;0.9554551323434474;4440;104;310
565;freight_car;4750;;0.9538947368421052;0.9569165786694825;0.9538947368421052;0.9554032683183975;4531;204;219
727;planetarium;4750;;0.9273684210526316;0.9836980794997767;0.9273684210526316;0.9547030775899437;4405;73;345
24;great_grey_owl;4750;;0.9206315789473685;0.9911604714415231;0.9206315789473685;0.9545950665793496;4373;39;377
18;magpie;4750;;0.9387368421052632;0.9701914708442123;0.9387368421052632;0.9542050074898352;4459;137;291
275;African_hunting_dog;4750;;0.9406315789473684;0.9681473456121343;0.9406315789473684;0.9541911372130273;4468;147;282
946;cardoon;4750;;0.968842105263158;0.939567170273581;0.968842105263158;0.9539800995024876;4602;296;148
15;robin;4750;;0.9435789473684211;0.9640782964078296;0.9435789473684211;0.9537184806894351;4482;167;268
253;basenji;4750;;0.9328421052631579;0.9747030356357237;0.9328421052631579;0.9533132530120481;4431;115;319
820;steam_locomotive;4750;;0.9193684210526316;0.9898005439709883;0.9193684210526316;0.9532853088845231;4367;45;383
576;gondola;4750;;0.9711578947368421;0.935510038531738;0.9711578947368421;0.953000723065799;4613;318;137
19;chickadee;4750;;0.9117894736842105;0.9976963833218152;0.9117894736842105;0.952810471895281;4331;10;419
235;German_shepherd;4750;;0.9162105263157895;0.9915698336750969;0.9162105263157895;0.9524017945070578;4352;37;398
135;limpkin;4750;;0.9265263157894736;0.9797417631344613;0.9265263157894736;0.952391257303614;4401;91;349
198;standard_schnauzer;4750;;0.9368421052631579;0.9680226234500762;0.9368421052631579;0.9521771691451802;4450;147;300
88;macaw;4750;;0.9442105263157895;0.959563543003851;0.9442105263157895;0.9518251273344652;4485;189;265
757;recreational_vehicle;4750;;0.919578947368421;0.9853372434017595;0.919578947368421;0.9513230970271154;4368;65;382
98;red-breasted_merganser;4750;;0.9296842105263158;0.9737596471885336;0.9296842105263158;0.9512116316639742;4416;119;334
95;jacamar;4750;;0.9237894736842105;0.9799017418490398;0.9237894736842105;0.9510186389250109;4388;90;362
621;lawn_mower;4750;;0.9410526315789474;0.9610836379273274;0.9410526315789474;0.9509626635464313;4470;181;280
80;black_grouse;4750;;0.9290526315789474;0.9730981256890849;0.9290526315789474;0.9505654281098546;4413;122;337
145;king_penguin;4750;;0.9128421052631579;0.9908592321755028;0.9128421052631579;0.9502520271751042;4336;40;414
91;coucal;4750;;0.9086315789473685;0.9956170703575548;0.9086315789473685;0.9501375894331316;4316;19;434
528;dial_telephone;4750;;0.9227368421052632;0.9787851719517642;0.9227368421052632;0.9499349804941483;4383;95;367
291;lion;4750;;0.9397894736842105;0.9602064960206496;0.9397894736842105;0.949888285987871;4464;185;286
594;harp;4750;;0.9197894736842105;0.9802557774287638;0.9197894736842105;0.9490604974475942;4369;88;381
927;trifle;4750;;0.9117894736842105;0.9865603644646925;0.9117894736842105;0.9477024070021882;4331;59;419
425;barn;4750;;0.9515789473684211;0.9438296095218208;0.9515789473684211;0.9476884369430758;4520;269;230
439;bearskin;4750;;0.9456842105263158;0.9494821390826463;0.9456842105263158;0.9475793692648455;4492;239;258
684;ocarina;4750;;0.9258947368421052;0.9700044111160123;0.9258947368421052;0.9474364498061181;4398;136;352
218;Welsh_springer_spaniel;4750;;0.9105263157894737;0.9874429223744292;0.9105263157894737;0.9474260679079956;4325;55;425
663;monastery;4750;;0.9147368421052632;0.9819209039548022;0.9147368421052632;0.9471389645776567;4345;80;405
247;Saint_Bernard;4750;;0.9385263157894737;0.9558319039451115;0.9385263157894737;0.947100063734863;4458;206;292
13;junco;4750;;0.899578947368421;0.998831229546517;0.899578947368421;0.9466105449712008;4273;5;477
138;bustard;4750;;0.9164210526315789;0.9782022471910112;0.9164210526315789;0.9463043478260871;4353;97;397
94;hummingbird;4750;;0.9583157894736842;0.9343185550082101;0.9583157894736842;0.946165038453544;4552;320;198
227;kelpie;4750;;0.9096842105263158;0.9849555504900843;0.9096842105263158;0.9458246689285323;4321;66;429
429;baseball;4750;;0.9244210526315789;0.9680335097001763;0.9244210526315789;0.9457247469308637;4391;145;359
137;American_coot;4750;;0.907578947368421;0.9871765514082894;0.907578947368421;0.945705824284304;4311;56;439
273;dingo;4750;;0.9157894736842105;0.9759928202827014;0.9157894736842105;0.9449332029977191;4350;107;400
16;bulbul;4750;;0.9351578947368421;0.9546529120997206;0.9351578947368421;0.9448048495161119;4442;211;308
990;buckeye;4750;;0.9410526315789474;0.9484404837683005;0.9410526315789474;0.9447321145514107;4470;243;280
984;rapeseed;4750;;0.9701052631578947;0.919944100618886;0.9701052631578947;0.9443590531816786;4608;401;142
890;volleyball;4750;;0.8985263157894737;0.994408201304753;0.8985263157894737;0.9440389294403894;4268;24;482
225;malinois;4750;;0.9437894736842105;0.9441870261162595;0.9437894736842105;0.9439882080437987;4483;265;267
216;clumber;4750;;0.9147368421052632;0.974652310453118;0.9147368421052632;0.9437445699391833;4345;113;405
354;Arabian_camel;4750;;0.9461052631578948;0.9405609041439933;0.9461052631578948;0.9433249370277078;4494;284;256
146;albatross;4750;;0.9288421052631579;0.9578810247503257;0.9288421052631579;0.9431380932022232;4412;194;338
9;ostrich;4750;;0.9576842105263158;0.9287464271131074;0.9576842105263158;0.9429933665008291;4549;349;201
606;iron;4750;;0.9073684210526316;0.9813296903460837;0.9073684210526316;0.9429008969590899;4310;82;440
127;white_stork;4750;;0.9063157894736842;0.9824281150159745;0.9063157894736842;0.942838370565046;4305;77;445
10;brambling;4750;;0.9151578947368421;0.9713966480446927;0.9151578947368421;0.942439024390244;4347;128;403
800;slot;4750;;0.9492631578947368;0.9356713010998132;0.9492631578947368;0.9424182255199081;4509;310;241
12;house_finch;4750;;0.9058947368421053;0.9819717024189868;0.9058947368421053;0.9424003504161191;4303;79;447
563;fountain_pen;4750;;0.9126315789473685;0.9741573033707865;0.9126315789473685;0.942391304347826;4335;115;415
555;fire_engine;4750;;0.8991578947368422;0.9898030127462341;0.8991578947368422;0.9423055708769994;4271;44;479
944;artichoke;4750;;0.9242105263157895;0.9610332749562172;0.9242105263157895;0.9422622880446448;4390;178;360
284;Siamese_cat;4750;;0.956421052631579;0.9284692417739628;0.956421052631579;0.942237892771959;4543;350;207
535;disk_brake;4750;;0.9246315789473685;0.9604198556746119;0.9246315789473685;0.9421859916335944;4392;181;358
687;organ;4750;;0.907578947368421;0.978882833787466;0.907578947368421;0.941883329691938;4311;93;439
471;cannon;4750;;0.9069473684210526;0.9793134803364401;0.9069473684210526;0.9417422669144169;4308;91;442
802;snowmobile;4750;;0.907157894736842;0.9788732394366197;0.907157894736842;0.9416520979020979;4309;93;441
307;weevil;4750;;0.9006315789473684;0.986396126354623;0.9006315789473684;0.9415648728953451;4278;59;472
417;balloon;4750;;0.9166315789473685;0.9675555555555555;0.9166315789473685;0.9414054054054054;4354;146;396
158;toy_terrier;4750;;0.9128421052631579;0.9717615419094576;0.9128421052631579;0.9413808076422058;4336;126;414
779;school_bus;4750;;0.9496842105263158;0.9331816301199835;0.9496842105263158;0.9413606010016694;4511;323;239
607;jack-o'-lantern;4750;;0.932;0.9506119819626369;0.932;0.941213989582226;4427;230;323
637;mailbox;4750;;0.9225263157894736;0.9605436212187637;0.9225263157894736;0.9411512027491408;4382;180;368
175;otterhound;4750;;0.8997894736842105;0.9863835679667666;0.8997894736842105;0.9410987559176482;4274;59;476
945;bell_pepper;4750;;0.911578947368421;0.9723781720188637;0.911578947368421;0.9409975008149517;4330;123;420
991;coral_fungus;4750;;0.9122105263157895;0.9708716110239749;0.9122105263157895;0.9406273743623141;4333;130;417
518;crash_helmet;4750;;0.9178947368421052;0.9637488947833776;0.9178947368421052;0.9402631011429804;4360;164;390
263;Pembroke;4750;;0.9122105263157895;0.9700022386389076;0.9122105263157895;0.9402191602473691;4333;134;417
388;giant_panda;4750;;0.9326315789473684;0.9475935828877006;0.9326315789473684;0.940053050397878;4430;245;320
451;bolo_tie;4750;;0.9296842105263158;0.9504950495049505;0.9296842105263158;0.9399744572158365;4416;230;334
732;Polaroid_camera;4750;;0.9105263157894737;0.9712553334830452;0.9105263157894737;0.9399108986200152;4325;128;425
96;toucan;4750;;0.9037894736842105;0.9790193842645382;0.9037894736842105;0.9399014778325122;4293;92;457
561;forklift;4750;;0.9187368421052632;0.961869076482257;0.9187368421052632;0.939808334230645;4364;173;386
85;quail;4750;;0.8991578947368422;0.9841013824884792;0.8991578947368422;0.9397139713971397;4271;69;479
575;golfcart;4750;;0.9381052631578948;0.9404812157028282;0.9381052631578948;0.9392917369308601;4456;282;294
308;fly;4750;;0.9109473684210526;0.9693100358422939;0.9109473684210526;0.9392229216409811;4327;137;423
773;saltshaker;4750;;0.9338947368421052;0.9438297872340425;0.9338947368421052;0.9388359788359788;4436;264;314
953;pineapple;4750;;0.9016842105263158;0.9789714285714286;0.9016842105263158;0.9387397260273972;4283;92;467
863;totem_pole;4750;;0.9189473684210526;0.9589191564147628;0.9189473684210526;0.9385078477746722;4365;187;385
389;barracouta;4750;;0.9214736842105263;0.9560943643512451;0.9214736842105263;0.9384648370497427;4377;201;373
196;miniature_schnauzer;4750;;0.9269473684210526;0.949126967018754;0.9269473684210526;0.9379060602833103;4403;236;347
688;oscilloscope;4750;;0.9322105263157895;0.9435329213722565;0.9322105263157895;0.9378375516255426;4428;265;322
141;redshank;4750;;0.9277894736842105;0.9479457947945795;0.9277894736842105;0.9377593360995851;4407;242;343
548;entertainment_center;4750;;0.9252631578947368;0.9502702702702702;0.9252631578947368;0.9376;4395;230;355
185;Norfolk_terrier;4750;;0.9054736842105263;0.9719774011299435;0.9054736842105263;0.9375476839237057;4301;124;449
571;gas_pump;4750;;0.8924210526315789;0.9874213836477987;0.8924210526315789;0.9375207342696008;4239;54;511
326;lycaenid;4750;;0.9412631578947368;0.9337928153717627;0.9412631578947368;0.9375131054728454;4471;317;279
174;Norwegian_elkhound;4750;;0.9021052631578947;0.9756375227686703;0.9021052631578947;0.9374316342157077;4285;107;465
901;whiskey_jug;4750;;0.9063157894736842;0.9700315457413249;0.9063157894736842;0.9370918589464519;4305;133;445
351;hartebeest;4750;;0.9328421052631579;0.9411639762107051;0.9328421052631579;0.9369845633326285;4431;277;319
355;llama;4750;;0.892;0.9864959254947614;0.892;0.9368711995577669;4237;58;513
350;ibex;4750;;0.9056842105263158;0.9702300405953992;0.9056842105263158;0.9368466898954705;4302;132;448
726;plane;4750;;0.8865263157894737;0.9929261966517331;0.8865263157894737;0.9367144922700479;4211;30;539
612;jinrikisha;4750;;0.9471578947368421;0.9262919497632284;0.9471578947368421;0.936608722806287;4499;358;251
23;vulture;4750;;0.9162105263157895;0.9577464788732394;0.9162105263157895;0.9365181837744782;4352;192;398
404;airliner;4750;;0.9233684210526316;0.9499675113710201;0.9233684210526316;0.9364791288566243;4386;231;364
988;acorn;4750;;0.9288421052631579;0.9439452289259734;0.9288421052631579;0.9363327674023769;4412;262;338
426;barometer;4750;;0.9;0.9751368613138686;0.9;0.9360630610904312;4275;109;475
981;ballplayer;4750;;0.9378947368421052;0.9341581044244076;0.9378947368421052;0.9360226914591868;4455;314;295
458;brass;4750;;0.8926315789473684;0.9837587006960556;0.8926315789473684;0.9359823399558498;4240;70;510
190;Sealyham_terrier;4750;;0.915578947368421;0.9566652001759789;0.915578947368421;0.9356712564543889;4349;197;401
474;cardigan;4750;;0.919578947368421;0.9522563767168084;0.919578947368421;0.9356324301167399;4368;219;382
376;proboscis_monkey;4750;;0.8806315789473684;0.9976150727402814;0.8806315789473684;0.9354802638935479;4183;10;567
169;borzoi;4750;;0.9183157894736842;0.9530259995630326;0.9183157894736842;0.9353489868124799;4362;215;388
347;bison;4750;;0.915578947368421;0.9558241758241758;0.915578947368421;0.9352688172043011;4349;201;401
167;English_foxhound;4750;;0.9282105263157895;0.9422953622568925;0.9282105263157895;0.9351999151553717;4409;270;341
99;goose;4750;;0.9058947368421053;0.9663148439254435;0.9058947368421053;0.9351298489622949;4303;150;447
870;tricycle;4750;;0.9164210526315789;0.9537686240140227;0.9164210526315789;0.9347219239853983;4353;211;397
783;screw;4750;;0.9282105263157895;0.9412894961571306;0.9282105263157895;0.9347042611829552;4409;275;341
746;puck;4750;;0.9458947368421052;0.9229663105998357;0.9458947368421052;0.934289873154502;4493;375;257
195;Boston_bull;4750;;0.9193684210526316;0.9495542509241139;0.9193684210526316;0.9342175633757621;4367;232;383
442;bell_cote;4750;;0.8993684210526316;0.9713506139154161;0.8993684210526316;0.9339746392654131;4272;126;478
771;safe;4750;;0.8913684210526316;0.9803195184070387;0.8913684210526316;0.9337302899988974;4234;85;516
274;dhole;4750;;0.9237894736842105;0.9436559139784946;0.9237894736842105;0.9336170212765956;4388;262;362
949;strawberry;4750;;0.923578947368421;0.9438468158347676;0.923578947368421;0.9336028942328155;4387;261;363
144;pelican;4750;;0.8791578947368421;0.9949964260185847;0.8791578947368421;0.9334972616519503;4176;21;574
796;ski_mask;4750;;0.9164210526315789;0.9510596460563688;0.9164210526315789;0.9334191058218076;4353;224;397
93;hornbill;4750;;0.9065263157894737;0.9615899955337204;0.9065263157894737;0.9332466406588644;4306;172;444
179;Staffordshire_bullterrier;4750;;0.9267368421052632;0.9397950469684031;0.9267368421052632;0.9332202671189316;4402;282;348
232;Border_collie;4750;;0.9208421052631579;0.9455252918287937;0.9208421052631579;0.9330204778156996;4374;252;376
755;radio_telescope;4750;;0.9145263157894736;0.9515881708652792;0.9145263157894736;0.9326892109500804;4344;221;406
194;Dandie_Dinmont;4750;;0.8886315789473684;0.9804878048780488;0.8886315789473684;0.9323025952512424;4221;84;529
483;castle;4750;;0.892;0.9760423865468786;0.892;0.9321306786932131;4237;104;513
704;parking_meter;4750;;0.8991578947368422;0.9676030811055731;0.8991578947368422;0.9321257092972501;4271;143;479
613;joystick;4750;;0.9122105263157895;0.9525170367113651;0.9122105263157895;0.931928164318744;4333;216;417
457;bow_tie;4750;;0.9128421052631579;0.95171202809482;0.9128421052631579;0.9318719105953148;4336;220;414
186;Norwich_terrier;4750;;0.9263157894736842;0.9373668512995313;0.9263157894736842;0.9318085556967386;4400;294;350
420;banjo;4750;;0.895578947368421;0.9710111846610363;0.895578947368421;0.9317708903734531;4254;127;496
466;bullet_train;4750;;0.9178947368421052;0.945975265784335;0.9178947368421052;0.9317234747302062;4360;249;390
276;hyena;4750;;0.9061052631578947;0.9585746102449889;0.9061052631578947;0.9316017316017317;4304;186;446
160;Afghan_hound;4750;;0.9244210526315789;0.9388496899722044;0.9244210526315789;0.9315795056751883;4391;286;359
472;canoe;4750;;0.9621052631578947;0.9022704837117473;0.9621052631578947;0.9312277126846663;4570;495;180
614;kimono;4750;;0.9267368421052632;0.9356004250797024;0.9267368421052632;0.9311475409836065;4402;303;348
642;marimba;4750;;0.8913684210526316;0.9744533947065592;0.8913684210526316;0.931061022539857;4234;111;516
449;boathouse;4750;;0.9117894736842105;0.9506145741878841;0.9117894736842105;0.9307973350526543;4331;225;419
166;Walker_hound;4750;;0.8932631578947369;0.9711604486152438;0.8932631578947369;0.9305844939138063;4243;126;507
711;perfume;4750;;0.8934736842105263;0.970722781335773;0.8934736842105263;0.9304976978732733;4244;128;506
954;banana;4750;;0.9136842105263158;0.9478051976414065;0.9136842105263158;0.930431986279344;4340;239;410
919;street_sign;4750;;0.8978947368421053;0.9651504865354152;0.8978947368421053;0.9303086487076017;4265;154;485
661;Model_T;4750;;0.9252631578947368;0.9353053841242818;0.9252631578947368;0.9302571700709069;4395;304;355
957;pomegranate;4750;;0.9054736842105263;0.9564153880364687;0.9054736842105263;0.9302476478858008;4301;196;449
346;water_buffalo;4750;;0.8962105263157895;0.9666212534059946;0.8962105263157895;0.9300852086519555;4257;147;493
888;viaduct;4750;;0.9189473684210526;0.9411384217335058;0.9189473684210526;0.929910524073285;4365;273;385
573;go-kart;4750;;0.9345263157894736;0.925177157148812;0.9345263157894736;0.9298282362798492;4439;359;311
538;dome;4750;;0.9635789473684211;0.8981554160125589;0.9635789473684211;0.9297176518383099;4577;519;173
853;thatch;4750;;0.9397894736842105;0.9194644696189496;0.9397894736842105;0.9295158771473191;4464;391;286
207;golden_retriever;4750;;0.9006315789473684;0.9602693602693603;0.9006315789473684;0.9294948397609993;4278;177;472
89;sulphur-crested_cockatoo;4750;;0.8949473684210526;0.9663559899977268;0.8949473684210526;0.9292818887310088;4251;148;499
609;jeep;4750;;0.9210526315789473;0.9374330404971073;0.9210526315789473;0.9291706488265902;4375;292;375
629;lipstick;4750;;0.8846315789473684;0.9781191806331471;0.8846315789473684;0.9290294052619942;4202;94;548
180;American_Staffordshire_terrier;4750;;0.8873684210526316;0.9741160157152762;0.8873684210526316;0.9287209430428556;4215;112;535
982;groom;4750;;0.907578947368421;0.950816056462285;0.907578947368421;0.9286945282205945;4311;223;439
491;chain_saw;4750;;0.9092631578947369;0.9488137082601055;0.9092631578947369;0.9286175016125565;4319;233;431
245;French_bulldog;4750;;0.8741052631578947;0.9899856938483548;0.8741052631578947;0.928443649373882;4152;42;598
157;papillon;4750;;0.9353684210526316;0.921401907922024;0.9353684210526316;0.9283326368575011;4443;379;307
159;Rhodesian_ridgeback;4750;;0.8922105263157895;0.9666970802919708;0.8922105263157895;0.9279614626669584;4238;146;512
325;sulphur_butterfly;4750;;0.9143157894736842;0.941673894189072;0.9143157894736842;0.9277932065797906;4343;269;407
625;lifeboat;4750;;0.9033684210526316;0.9535555555555556;0.9033684210526316;0.9277837837837838;4291;209;459
148;killer_whale;4750;;0.9016842105263158;0.9551739518287243;0.9016842105263158;0.9276586528048517;4283;201;467
213;Irish_setter;4750;;0.8772631578947369;0.9841757203589986;0.8772631578947369;0.9276491540516474;4167;67;583
831;studio_couch;4750;;0.9469473684210526;0.9088704788846231;0.9469473684210526;0.9275183008557583;4498;451;252
14;indigo_bunting;4750;;0.9467368421052632;0.9088520614389652;0.9467368421052632;0.9274077129305012;4497;451;253
133;bittern;4750;;0.8821052631578947;0.9776014932337844;0.8821052631578947;0.9274015050907481;4190;96;560
303;long-horned_beetle;4750;;0.8941052631578947;0.9630385487528345;0.8941052631578947;0.927292576419214;4247;163;503
279;Arctic_fox;4750;;0.9130526315789473;0.9418023887079262;0.9130526315789473;0.9272047033671832;4337;268;413
162;beagle;4750;;0.9250526315789473;0.9293570219966159;0.9250526315789473;0.9271998311880143;4394;334;356
993;gyromitra;4750;;0.8903157894736842;0.9670706608735422;0.8903157894736842;0.927107311191494;4229;144;521
363;armadillo;4750;;0.8962105263157895;0.9596483318304779;0.8962105263157895;0.9268451992161986;4257;179;493
261;keeshond;4750;;0.9082105263157895;0.9462601447685896;0.9082105263157895;0.926844988720593;4314;245;436
695;padlock;4750;;0.9374736842105263;0.916443712698086;0.9374736842105263;0.9268394213757937;4453;406;297
781;scoreboard;4750;;0.9284210526315789;0.9251101321585903;0.9284210526315789;0.9267626352842282;4410;357;340
763;revolver;4750;;0.924;0.9288888888888889;0.924;0.9264379947229552;4389;336;361
752;racket;4750;;0.9324210526315789;0.9202160814460836;0.9324210526315789;0.9262783645299593;4429;384;321
200;Tibetan_terrier;4750;;0.8738947368421053;0.9852836458580584;0.8738947368421053;0.9262523708579717;4151;62;599
902;whistle;4750;;0.9162105263157895;0.9363166953528399;0.9162105263157895;0.9261545009576505;4352;296;398
670;motor_scooter;4750;;0.919578947368421;0.9327354260089686;0.919578947368421;0.9261104632672533;4368;315;382
392;rock_beauty;4750;;0.895578947368421;0.9585398828301036;0.895578947368421;0.9259904222899433;4254;184;496
447;binoculars;4750;;0.9113684210526316;0.9408824168658987;0.9113684210526316;0.9258902791145333;4329;272;421
398;abacus;4750;;0.9004210526315789;0.9527734462018267;0.9004210526315789;0.9258577768156727;4277;212;473
456;bow;4750;;0.9063157894736842;0.945738137082601;0.9063157894736842;0.9256073962588691;4305;247;445
258;Samoyed;4750;;0.9166315789473685;0.9347359381708888;0.9166315789473685;0.9255952380952382;4354;304;396
192;cairn;4750;;0.9006315789473684;0.951935914552737;0.9006315789473684;0.9255733448723497;4278;216;472
259;Pomeranian;4750;;0.9292631578947368;0.9216955523073711;0.9292631578947368;0.9254638851032603;4414;375;336
886;vending_machine;4750;;0.8974736842105263;0.9536912751677852;0.8974736842105263;0.9247288503253797;4263;207;487
948;Granny_Smith;4750;;0.923578947368421;0.9257227263135682;0.923578947368421;0.924649594267046;4387;352;363
177;Scottish_deerhound;4750;;0.9324210526315789;0.9167874146139515;0.9324210526315789;0.9245381484187455;4429;402;321
215;Brittany_spaniel;4750;;0.8947368421052632;0.9563456345634563;0.8947368421052632;0.924515988688275;4250;194;500
208;Labrador_retriever;4750;;0.9018947368421053;0.9479973445452534;0.9018947368421053;0.9243715611177042;4284;235;466
152;Japanese_spaniel;4750;;0.8858947368421053;0.9660238751147842;0.8858947368421053;0.9242257851965737;4208;148;542
855;thimble;4750;;0.8949473684210526;0.9548517520215634;0.8949473684210526;0.9239295805259726;4251;201;499
473;can_opener;4750;;0.8757894736842106;0.9774436090225563;0.8757894736842106;0.9238285587386187;4160;96;590
895;warplane;4750;;0.8936842105263157;0.9556506078343089;0.8936842105263157;0.9236292428198433;4245;197;505
507;combination_lock;4750;;0.8698947368421053;0.9840438199571326;0.8698947368421053;0.9234551346519164;4132;67;618
83;prairie_chicken;4750;;0.9242105263157895;0.9226565783942833;0.9242105263157895;0.9234328986116955;4390;368;360
540;drilling_platform;4750;;0.9172631578947369;0.9295924898655856;0.9172631578947369;0.9233866694924235;4357;330;393
31;tree_frog;4750;;0.9006315789473684;0.9472984942426926;0.9006315789473684;0.9233757824303906;4278;238;472
745;projector;4750;;0.8978947368421053;0.9503119429590018;0.8978947368421053;0.9233600346395323;4265;223;485
306;rhinoceros_beetle;4750;;0.904;0.943528894748407;0.904;0.9233415761746049;4294;257;456
654;minibus;4750;;0.9082105263157895;0.9386422976501305;0.9082105263157895;0.923175690134817;4314;282;436
71;scorpion;4750;;0.8896842105263157;0.9591466182478439;0.8896842105263157;0.9231105286151159;4226;180;524
559;folding_chair;4750;;0.904;0.942907334211682;0.904;0.9230438521066209;4294;260;456
497;church;4750;;0.864421052631579;0.9901133349409211;0.864421052631579;0.9230077554231764;4106;41;644
547;electric_locomotive;4750;;0.8732631578947369;0.9785326728001887;0.8732631578947369;0.9229057737234397;4148;91;602
262;Brabancon_griffon;4750;;0.8650526315789474;0.9889290012033695;0.8650526315789474;0.9228523301516002;4109;46;641
756;rain_barrel;4750;;0.9168421052631579;0.9287694604393261;0.9168421052631579;0.9227672422926158;4355;334;395
131;little_blue_heron;4750;;0.9237894736842105;0.9216551144717496;0.9237894736842105;0.9227210598254653;4388;373;362
242;boxer;4750;;0.8846315789473684;0.9639825648084424;0.8846315789473684;0.9226040180041717;4202;157;548
683;oboe;4750;;0.8831578947368421;0.9656998158379374;0.8831578947368421;0.9225863206509787;4195;149;555
251;dalmatian;4750;;0.932;0.9131600660066007;0.932;0.9224838508022505;4427;421;323
231;collie;4750;;0.8816842105263157;0.9672055427251732;0.8816842105263157;0.9224669603524229;4188;142;562
682;obelisk;4750;;0.9178947368421052;0.9270678290452903;0.9178947368421052;0.9224584787898022;4360;343;390
383;Madagascar_cat;4750;;0.9077894736842105;0.9375951293759512;0.9077894736842105;0.9224515991015081;4312;287;438
156;Blenheim_spaniel;4750;;0.9223157894736842;0.9225100021057064;0.9223157894736842;0.9224128855669018;4381;368;369
937;broccoli;4750;;0.907578947368421;0.9373776908023483;0.907578947368421;0.92223767247834;4311;288;439
707;pay-phone;4750;;0.8993684210526316;0.9461794019933555;0.8993684210526316;0.9221802482460874;4272;243;478
387;lesser_panda;4750;;0.888;0.9590723055934516;0.888;0.9221687800612155;4218;180;532
522;croquet_ball;4750;;0.9547368421052631;0.891663389697208;0.9547368421052631;0.9221228141520944;4535;551;215
173;Ibizan_hound;4750;;0.8957894736842106;0.949141200089226;0.8957894736842106;0.9216939239683744;4255;228;495
694;paddlewheel;4750;;0.9273684210526316;0.9158004158004158;0.9273684210526316;0.9215481171548118;4405;405;345
714;pick;4750;;0.9517894736842105;0.8931252469379691;0.9517894736842105;0.92152466367713;4521;541;229
656;minivan;4750;;0.876;0.9719691660826909;0.876;0.9214926364743661;4161;120;589
322;ringlet;4750;;0.9227368421052632;0.9194461925739459;0.9227368421052632;0.9210885783335084;4383;384;367
627;limousine;4750;;0.8856842105263157;0.959188326493388;0.8856842105263157;0.9209719789842381;4207;179;543
739;potter's_wheel;4750;;0.9145263157894736;0.9272145144076841;0.9145263157894736;0.9208267090620031;4344;341;406
178;Weimaraner;4750;;0.9362105263157895;0.9058871460582604;0.9362105263157895;0.9207992545812196;4447;462;303
759;reflex_camera;4750;;0.8865263157894737;0.957480673033197;0.8865263157894737;0.9206383909051159;4211;187;539
786;sewing_machine;4750;;0.872;0.9748176041421511;0.872;0.9205467274141571;4142;107;608
84;peacock;4750;;0.9347368421052632;0.9066775576883807;0.9347368421052632;0.9204934176427906;4440;457;310
168;redbone;4750;;0.8968421052631579;0.9447771124417831;0.8968421052631579;0.9201857652014257;4260;249;490
375;colobus;4750;;0.8658947368421053;0.9816229116945108;0.8658947368421053;0.9201342281879195;4113;77;637
324;cabbage_butterfly;4750;;0.8985263157894737;0.9427877181356307;0.8985263157894737;0.9201250404225505;4268;259;482
243;bull_mastiff;4750;;0.9393684210526316;0.9015962820771873;0.9393684210526316;0.9200948551397052;4462;487;288
846;table_lamp;4750;;0.9362105263157895;0.9044132601179581;0.9362105263157895;0.9200372400951691;4447;470;303
87;African_grey;4750;;0.8766315789473684;0.9674721189591078;0.8766315789473684;0.9198144466534128;4164;140;586
554;fireboat;4750;;0.8781052631578947;0.9655092592592592;0.8781052631578947;0.9197353914002204;4171;149;579
872;tripod;4750;;0.9164210526315789;0.9230279898218829;0.9164210526315789;0.9197126558208325;4353;363;397
583;guillotine;4750;;0.9065263157894737;0.933044420368364;0.9065263157894737;0.9195942338494395;4306;309;444
908;wing;4750;;0.8652631578947368;0.9811410837908808;0.8652631578947368;0.9195659469739345;4110;79;640
628;liner;4750;;0.8781052631578947;0.9650624710782045;0.8781052631578947;0.9195326278659612;4171;151;579
722;ping-pong_ball;4750;;0.9128421052631579;0.9253094323516858;0.9128421052631579;0.9190334887664265;4336;350;414
21;kite;4750;;0.9271578947368421;0.9110467521721142;0.9271578947368421;0.9190317195325542;4404;430;346
172;whippet;4750;;0.9410526315789474;0.8979509843310567;0.9410526315789474;0.9189967105263158;4470;508;280
117;chambered_nautilus;4750;;0.9018947368421053;0.9363934426229508;0.9018947368421053;0.9188203753351207;4284;291;466
765;rocking_chair;4750;;0.9122105263157895;0.9252615844544095;0.9122105263157895;0.9186897063500477;4333;350;417
254;pug;4750;;0.8951578947368422;0.9434213445751054;0.8951578947368422;0.9186561521011127;4252;255;498
217;English_springer;4750;;0.9258947368421052;0.9115025906735751;0.9258947368421052;0.9186422976501305;4398;427;352
814;speedboat;4750;;0.9307368421052632;0.9064998974779578;0.9307368421052632;0.9184585021294276;4421;456;329
938;cauliflower;4750;;0.8802105263157894;0.9598255280073462;0.8802105263157894;0.918295629255436;4181;175;569
193;Australian_terrier;4750;;0.9174736842105263;0.9190215099114297;0.9174736842105263;0.9182469447956174;4358;384;392
25;European_fire_salamander;4750;;0.8751578947368421;0.9656213704994193;0.8751578947368421;0.9181667586968527;4157;148;593
252;affenpinscher;4750;;0.8907368421052632;0.9471681217819565;0.8907368421052632;0.91808614516654;4231;236;519
608;jean;4750;;0.9016842105263158;0.9349487011569526;0.9016842105263158;0.9180152180902369;4283;298;467
601;hoopskirt;4750;;0.9271578947368421;0.9087907552620718;0.9271578947368421;0.9178824510212588;4404;442;346
294;brown_bear;4750;;0.9128421052631579;0.9229459344401874;0.9128421052631579;0.917866215071973;4336;362;414
686;oil_filter;4750;;0.9256842105263158;0.9101635272200372;0.9256842105263158;0.9178582611418431;4397;434;353
777;scabbard;4750;;0.8802105263157894;0.9587250630589315;0.8802105263157894;0.9177916803863462;4181;180;569
128;black_stork;4750;;0.9301052631578948;0.9056990569905699;0.9301052631578948;0.9177399252181139;4418;460;332
286;cougar;4750;;0.8943157894736842;0.9423247559893523;0.8943157894736842;0.9176928062216461;4248;260;502
495;china_cabinet;4750;;0.92;0.9153749476330122;0.92;0.9176816463670726;4370;404;380
441;beer_glass;4750;;0.9021052631578947;0.9337546306384833;0.9021052631578947;0.9176571367384089;4285;304;465
737;pop_bottle;4750;;0.8852631578947369;0.9524348810872028;0.8852631578947369;0.9176213857064922;4205;210;545
411;apron;4750;;0.8650526315789474;0.9767054908485857;0.8650526315789474;0.917494696885118;4109;98;641
406;altar;4750;;0.888;0.9489313835770529;0.888;0.9174551386623164;4218;227;532
309;bee;4750;;0.8806315789473684;0.95720823798627;0.8806315789473684;0.9173245614035088;4183;187;567
440;beer_bottle;4750;;0.8886315789473684;0.9479002919380193;0.8886315789473684;0.9173095729653373;4221;232;529
479;car_wheel;4750;;0.9027368421052632;0.9321739130434783;0.9027368421052632;0.9172192513368984;4288;312;462
578;gown;4750;;0.9096842105263158;0.9244758237056054;0.9096842105263158;0.9170203735144313;4321;353;429
636;mailbag;4750;;0.8766315789473684;0.961218836565097;0.8766315789473684;0.9169786390662851;4164;168;586
517;crane;4750;;0.892;0.9432324131789849;0.892;0.9169011036572171;4237;255;513
503;cocktail_shaker;4750;;0.9105263157894737;0.9233561058923997;0.9105263157894737;0.9168963324146704;4325;359;425
465;bulletproof_vest;4750;;0.9176842105263158;0.9157563025210084;0.9176842105263158;0.9167192429022082;4359;401;391
142;dowitcher;4750;;0.9166315789473685;0.9162457912457912;0.9166315789473685;0.9164386444958956;4354;398;396
955;jackfruit;4750;;0.892;0.9421836780075606;0.892;0.9164053206445334;4237;260;513
736;pool_table;4750;;0.9317894736842105;0.9014256619144603;0.9317894736842105;0.9163561076604555;4426;484;324
396;lionfish;4750;;0.9048421052631579;0.927692639758256;0.9048421052631579;0.9161249067462433;4298;335;452
512;corkscrew;4750;;0.9132631578947369;0.9184840143976286;0.9132631578947369;0.9158661458883142;4338;385;412
241;EntleBucher;4750;;0.9347368421052632;0.8973322554567502;0.9347368421052632;0.9156527118993608;4440;508;310
592;hard_disc;4750;;0.8713684210526316;0.9645770216732696;0.8713684210526316;0.9156066806769163;4139;152;611
521;Crock_Pot;4750;;0.8846315789473684;0.9487468954617295;0.8846315789473684;0.9155681446780696;4202;227;548
849;teapot;4750;;0.9665263157894737;0.8695075757575758;0.9665263157894737;0.9154536390827517;4591;689;159
761;remote_control;4750;;0.8867368421052632;0.9454545454545454;0.8867368421052632;0.9151548071700163;4212;243;538
649;megalith;4750;;0.9145263157894736;0.9156829679595279;0.9145263157894736;0.9151042763850853;4344;400;406
569;garbage_truck;4750;;0.8985263157894737;0.9322848405417212;0.8985263157894737;0.9150943396226415;4268;310;482
605;iPod;4750;;0.8812631578947369;0.9515799045237554;0.8812631578947369;0.9150726855394032;4186;213;564
338;guinea_pig;4750;;0.8709473684210526;0.9638863000931966;0.8709473684210526;0.9150630391506304;4137;155;613
76;tarantula;4750;;0.8903157894736842;0.9410324877614598;0.8903157894736842;0.9149718736477715;4229;265;521
641;maraca;4750;;0.9576842105263158;0.8758182518290335;0.9576842105263158;0.914923572003218;4549;645;201
151;Chihuahua;4750;;0.8816842105263157;0.9500907441016334;0.8816842105263157;0.9146101768945185;4188;220;562
487;cellular_telephone;4750;;0.8816842105263157;0.9498752551599002;0.8816842105263157;0.9145103177202751;4188;221;562
317;leafhopper;4750;;0.8515789473684211;0.9870668618838457;0.8515789473684211;0.9143309222423147;4045;53;705
754;radio;4750;;0.8627368421052631;0.9724727100142383;0.8627368421052631;0.9143239625167336;4098;116;652
702;parallel_bars;4750;;0.8747368421052631;0.9573732718894009;0.8747368421052631;0.9141914191419143;4155;185;595
952;fig;4750;;0.9048421052631579;0.9235066609368285;0.9048421052631579;0.9140791152700979;4298;356;452
249;malamute;4750;;0.9031578947368422;0.92496765847348;0.9031578947368422;0.9139326800170431;4290;348;460
219;cocker_spaniel;4750;;0.8772631578947369;0.9537651636530099;0.8772631578947369;0.9139159995613554;4167;202;583
154;Pekinese;4750;;0.8534736842105263;0.9832646131457676;0.8534736842105263;0.9137833878057027;4054;69;696
716;picket_fence;4750;;0.9170526315789473;0.9095844643975778;0.9170526315789473;0.91330328126638;4356;433;394
933;cheeseburger;4750;;0.8631578947368421;0.9694963348309293;0.8631578947368421;0.9132420091324202;4100;129;650
287;lynx;4750;;0.8806315789473684;0.9480961015412511;0.8806315789473684;0.9131194062431783;4183;229;567
823;stethoscope;4750;;0.880421052631579;0.9482993197278912;0.880421052631579;0.9131004366812228;4182;228;568
8;hen;4750;;0.8976842105263158;0.9289760348583878;0.8976842105263158;0.9130620985010706;4264;326;486
646;maze;4750;;0.9517894736842105;0.8773529982534446;0.9517894736842105;0.9130566495001514;4521;632;229
589;hand_blower;4750;;0.8736842105263158;0.9557807461999078;0.8736842105263158;0.9128904531456224;4150;192;600
226;briard;4750;;0.8730526315789474;0.9561909153792945;0.8730526315789474;0.9127324749642347;4147;190;603
906;Windsor_tie;4750;;0.8696842105263158;0.9602510460251046;0.8696842105263158;0.912726469288555;4131;171;619
994;stinkhorn;4750;;0.9101052631578948;0.9153080669066271;0.9101052631578948;0.9126992505014251;4323;400;427
171;Italian_greyhound;4750;;0.879578947368421;0.9482523831139356;0.879578947368421;0.9126256006989951;4178;228;572
778;scale;4750;;0.8547368421052631;0.9787849566055931;0.8547368421052631;0.9125646212632051;4060;88;690
891;waffle_iron;4750;;0.8722105263157894;0.9568129330254042;0.8722105263157894;0.9125550660792952;4143;187;607
666;mortar;4750;;0.9111578947368421;0.9136584336077687;0.9111578947368421;0.9124064509328554;4328;409;422
333;hamster;4750;;0.92;0.9047619047619048;0.92;0.9123173277661796;4370;460;380
635;magnetic_compass;4750;;0.8793684210526316;0.9478103017926027;0.8793684210526316;0.9123075242983509;4177;230;573
809;soup_bowl;4750;;0.8614736842105263;0.9689793985318494;0.8614736842105263;0.912069541959211;4092;131;658
920;traffic_light;4750;;0.9166315789473685;0.9074614422676115;0.9166315789473685;0.9120234604105572;4354;444;396
176;Saluki;4750;;0.9021052631578947;0.9221002797503766;0.9021052631578947;0.911993189315739;4285;362;465
817;sports_car;4750;;0.8787368421052631;0.9477747502270663;0.8787368421052631;0.9119510596460564;4174;230;576
795;ski;4750;;0.9084210526315789;0.9153585065761561;0.9084210526315789;0.911876584953508;4315;399;435
161;basset;4750;;0.9065263157894737;0.9167553757717692;0.9065263157894737;0.9116121520059278;4306;391;444
283;Persian_cat;4750;;0.8934736842105263;0.9302937308198159;0.8934736842105263;0.911512027491409;4244;318;506
631;lotion;4750;;0.8823157894736842;0.942433100966944;0.8823157894736842;0.911384147004458;4191;256;559
871;trimaran;4750;;0.908;0.9145462256149279;0.908;0.9112613564335516;4313;403;437
866;tractor;4750;;0.9370526315789474;0.8868300458258618;0.9370526315789474;0.9112498720442216;4451;568;299
833;submarine;4750;;0.8631578947368421;0.9642521166509878;0.8631578947368421;0.9109086869584537;4100;152;650
155;Shih-Tzu;4750;;0.8943157894736842;0.9281188551452917;0.8943157894736842;0.9109038275972982;4248;329;502
270;white_wolf;4750;;0.9269473684210526;0.8952826352175681;0.9269473684210526;0.9108398841539098;4403;515;347
463;bucket;4750;;0.876;0.9482680036463081;0.876;0.9107025607353907;4161;227;589
734;police_van;4750;;0.9134736842105263;0.9077405857740586;0.9134736842105263;0.9105981112277021;4339;441;411
859;toaster;4750;;0.8661052631578947;0.9596454397014229;0.8661052631578947;0.9104791413079562;4114;173;636
834;suit;4750;;0.911578947368421;0.9089000839630562;0.911578947368421;0.9102375446710111;4330;434;420
201;silky_terrier;4750;;0.8901052631578947;0.9312775330396476;0.8901052631578947;0.910226049515608;4228;312;522
448;birdhouse;4750;;0.9471578947368421;0.8759735202492211;0.9471578947368421;0.9101760064738013;4499;637;251
897;washer;4750;;0.8825263157894737;0.9392785122115169;0.8825263157894737;0.9100184521871268;4192;271;558
327;starfish;4750;;0.9458947368421052;0.8766829268292683;0.9458947368421052;0.9099746835443038;4493;632;257
841;sweatshirt;4750;;0.9189473684210526;0.9011147811725846;0.9189473684210526;0.9099437148217637;4365;479;385
679;necklace;4750;;0.9250526315789473;0.8952730236348818;0.9250526315789473;0.9099192379374611;4394;514;356
735;poncho;4750;;0.8922105263157895;0.9281646955759965;0.8922105263157895;0.9098325461571489;4238;328;512
510;container_ship;4750;;0.9046315789473685;0.9150340715502555;0.9046315789473685;0.9098030912555579;4297;399;453
86;partridge;4750;;0.8947368421052632;0.925321140866536;0.8947368421052632;0.9097720218345284;4250;343;500
553;file;4750;;0.9048421052631579;0.9142735588172729;0.9048421052631579;0.9095333827108243;4298;403;452
577;gong;4750;;0.9393684210526316;0.8812956745012839;0.9393684210526316;0.909405890145725;4462;601;288
296;ice_bear;4750;;0.88;0.9408057618726086;0.88;0.9093875775046231;4180;263;570
239;Bernese_mountain_dog;4750;;0.9250526315789473;0.8941798941798942;0.9250526315789473;0.9093543046357616;4394;520;356
211;vizsla;4750;;0.912;0.9060865927630203;0.912;0.9090336795719233;4332;449;418
931;bagel;4750;;0.8713684210526316;0.9497475906379073;0.8713684210526316;0.9088713219148002;4139;219;611
532;dining_table;4750;;0.9395789473684211;0.879929022082019;0.9395789473684211;0.9087762166564854;4463;609;287
140;red-backed_sandpiper;4750;;0.8526315789473684;0.9723889555822329;0.8526315789473684;0.9085810431856421;4050;115;700
407;ambulance;4750;;0.9006315789473684;0.9166488107992287;0.9006315789473684;0.9085696081554636;4278;389;472
365;orangutan;4750;;0.9004210526315789;0.9168274383708467;0.9004210526315789;0.9085501858736059;4277;388;473
675;moving_van;4750;;0.840842105263158;0.9876360039564788;0.840842105263158;0.9083465999545145;3994;50;756
401;accordion;4750;;0.8711578947368421;0.9484299793719917;0.8711578947368421;0.9081531877537584;4138;225;612
220;Sussex_spaniel;4750;;0.8458947368421053;0.9802390827030983;0.8458947368421053;0.9081252118883488;4018;81;732
803;snowplow;4750;;0.9023157894736842;0.9136644638669793;0.9023157894736842;0.9079546658192988;4286;405;464
399;abaya;4750;;0.9010526315789473;0.9143345439008759;0.9010526315789473;0.9076450005301664;4280;401;470
956;custard_apple;4750;;0.9023157894736842;0.9128860489882854;0.9023157894736842;0.9075701429327685;4286;409;464
660;mobile_home;4750;;0.8968421052631579;0.9179056237879767;0.8968421052631579;0.9072516238952189;4260;381;490
450;bobsled;4750;;0.9172631578947369;0.8972405271828665;0.9172631578947369;0.9071413699770977;4357;499;393
203;West_Highland_white_terrier;4750;;0.9174736842105263;0.8965233491051224;0.9174736842105263;0.9068775361564874;4358;503;392
187;Yorkshire_terrier;4750;;0.8743157894736842;0.9419369471535496;0.8743157894736842;0.9068675619609127;4153;256;597
780;schooner;4750;;0.907578947368421;0.9060529634300126;0.907578947368421;0.9068153134202778;4311;447;439
250;Siberian_husky;4750;;0.8934736842105263;0.9204077206679679;0.8934736842105263;0.9067407328276894;4244;367;506
617;lab_coat;4750;;0.8892631578947369;0.9246935201401051;0.8892631578947369;0.9066323245331616;4224;344;526
564;four-poster;4750;;0.9206315789473685;0.8929957116602001;0.9206315789473685;0.9066030890432258;4373;524;377
113;snail;4750;;0.8802105263157894;0.9340929401251117;0.8802105263157894;0.9063516150010839;4181;295;569
256;Newfoundland;4750;;0.8705263157894737;0.9447109892620517;0.8705263157894737;0.9061027719951792;4135;242;615
437;beacon;4750;;0.8778947368421053;0.9358168761220825;0.8778947368421053;0.9059309146208994;4170;286;580
316;cicada;4750;;0.8842105263157894;0.9285872208711032;0.8842105263157894;0.9058557101261728;4200;323;550
708;pedestal;4750;;0.9406315789473684;0.8729972645564674;0.9406315789473684;0.9055533036076207;4468;650;282
493;chiffonier;4750;;0.8614736842105263;0.9540685474469573;0.8614736842105263;0.9054098904746101;4092;197;658
941;acorn_squash;4750;;0.8705263157894737;0.9432025547445255;0.8705263157894737;0.9054083643529669;4135;249;615
693;paddle;4750;;0.8536842105263158;0.9631828978622328;0.8536842105263158;0.9051339285714286;4055;155;695
418;ballpoint;4750;;0.8583157894736843;0.9572669640760741;0.8583157894736843;0.9050949050949051;4077;182;673
588;hamper;4750;;0.8730526315789474;0.9395106479383779;0.8730526315789474;0.9050632911392407;4147;267;603
719;piggy_bank;4750;;0.9315789473684211;0.8798965997216146;0.9315789473684211;0.9050005112997239;4425;604;325
182;Border_terrier;4750;;0.9172631578947369;0.893010862881738;0.9172631578947369;0.9049745560286634;4357;522;393
391;coho;4750;;0.8709473684210526;0.9417254723423628;0.8709473684210526;0.9049546100842174;4137;256;613
653;milk_can;4750;;0.8909473684210526;0.9194003910493157;0.8909473684210526;0.9049502833315514;4232;371;518
672;mountain_tent;4750;;0.92;0.8903830480847595;0.92;0.9049492648581487;4370;538;380
452;bonnet;4750;;0.8692631578947368;0.9433401873429289;0.8692631578947368;0.904787991673058;4129;248;621
822;steel_drum;4750;;0.8821052631578947;0.9284289829381785;0.8821052631578947;0.904674511497355;4190;323;560
793;shower_cap;4750;;0.8930526315789473;0.9165946413137425;0.8930526315789473;0.9046705054382598;4242;386;508
837;sunglasses;4750;;0.8732631578947369;0.9378250056522722;0.8732631578947369;0.9043933282459392;4148;275;602
551;face_powder;4750;;0.887578947368421;0.9217315260166157;0.887578947368421;0.9043329043329044;4216;358;534
202;soft-coated_wheaten_terrier;4750;;0.8612631578947368;0.9513953488372093;0.8612631578947368;0.9040883977900553;4091;209;659
701;parachute;4750;;0.9416842105263158;0.8692188107267781;0.9416842105263158;0.9040016168148747;4473;673;277
884;vault;4750;;0.9252631578947368;0.8835946924004825;0.9252631578947368;0.9039489921842863;4395;579;355
132;American_egret;4750;;0.9103157894736842;0.8972815936916373;0.9103157894736842;0.9037516981920786;4324;495;426
318;lacewing;4750;;0.863578947368421;0.9473441108545034;0.863578947368421;0.9035242290748897;4102;228;648
877;turnstile;4750;;0.8833684210526316;0.9234154929577465;0.8833684210526316;0.9029481385840328;4196;348;554
257;Great_Pyrenees;4750;;0.8555789473684211;0.955785512699906;0.8555789473684211;0.9029104643412575;4064;188;686
581;grille;4750;;0.8890526315789473;0.9170466883821933;0.8890526315789473;0.9028327097808658;4223;382;527
362;badger;4750;;0.9082105263157895;0.8974412315373413;0.9082105263157895;0.9027937637333892;4314;493;436
934;hotdog;4750;;0.848421052631579;0.9634233803490317;0.848421052631579;0.9022724728534647;4030;153;720
989;hip;4750;;0.9686315789473684;0.8442201834862385;0.9686315789473684;0.902156862745098;4601;849;149
665;moped;4750;;0.8547368421052631;0.9550693954363679;0.8547368421052631;0.9021219864459504;4060;191;690
379;howler_monkey;4750;;0.840421052631579;0.9731838127742565;0.840421052631579;0.9019430637144148;3992;110;758
543;dumbbell;4750;;0.9208421052631579;0.8836363636363637;0.9208421052631579;0.9018556701030928;4374;576;376
164;bluetick;4750;;0.8911578947368421;0.9122844827586207;0.8911578947368421;0.9015974440894569;4233;407;517
229;Old_English_sheepdog;4750;;0.9189473684210526;0.8848570849381715;0.9189473684210526;0.9015800888154497;4365;568;385
422;barbell;4750;;0.8522105263157894;0.9569739952718677;0.8522105263157894;0.9015590200445435;4048;182;702
210;German_short-haired_pointer;4750;;0.9210526315789473;0.882768361581921;0.9210526315789473;0.901504224191222;4375;581;375
300;tiger_beetle;4750;;0.9023157894736842;0.9004201680672269;0.9023157894736842;0.9013669821240798;4286;474;464
56;king_snake;4750;;0.8538947368421053;0.9541284403669725;0.8538947368421053;0.901233196311521;4056;195;694
932;pretzel;4750;;0.8791578947368421;0.9243027888446215;0.8791578947368421;0.9011652999568407;4176;342;574
729;plate_rack;4750;;0.8751578947368421;0.9285235648872012;0.8751578947368421;0.9010512625988946;4157;320;593
165;black-and-tan_coonhound;4750;;0.8829473684210526;0.9197368421052632;0.8829473684210526;0.900966702470462;4194;366;556
740;power_drill;4750;;0.8566315789473684;0.949813258636788;0.8566315789473684;0.9008191277396502;4069;215;681
230;Shetland_sheepdog;4750;;0.8789473684210526;0.9232640424590889;0.8789473684210526;0.9005608283002589;4175;347;575
647;measuring_cup;4750;;0.8395789473684211;0.970316301703163;0.8395789473684211;0.9002257336343116;3988;122;762
651;microwave;4750;;0.8741052631578947;0.9276139410187667;0.8741052631578947;0.9000650336006937;4152;324;598
807;solar_dish;4750;;0.8791578947368421;0.9216508497020526;0.8791578947368421;0.8999030276909815;4176;355;574
896;washbasin;4750;;0.9212631578947369;0.8790678987545198;0.9212631578947369;0.8996710526315789;4376;602;374
427;barrel;4750;;0.8989473684210526;0.9002740881298756;0.8989473684210526;0.8996102391235646;4270;473;480
574;golf_ball;4750;;0.8572631578947368;0.9463165233557983;0.8572631578947368;0.8995912957030819;4072;231;678
826;stopwatch;4750;;0.8338947368421052;0.9763371949716539;0.8338947368421052;0.8995117520154423;3961;96;789
703;park_bench;4750;;0.9206315789473685;0.8791716928025733;0.9206315789473685;0.8994241053064582;4373;601;377
222;kuvasz;4750;;0.8869473684210526;0.9119047619047619;0.8869473684210526;0.8992529348986126;4213;407;537
699;panpipe;4750;;0.8473684210526315;0.9578772013326987;0.8473684210526315;0.8992403932082217;4025;177;725
816;spindle;4750;;0.9450526315789474;0.8574976122254059;0.9450526315789474;0.8991487230846269;4489;746;261
514;cowboy_boot;4750;;0.8791578947368421;0.9200264375413086;0.8791578947368421;0.8991280008612338;4176;363;574
366;gorilla;4750;;0.8610526315789474;0.9406623735050598;0.8610526315789474;0.8990987030116508;4090;258;660
233;Bouvier_des_Flandres;4750;;0.871578947368421;0.9278350515463918;0.871578947368421;0.8988276161528441;4140;322;610
184;Irish_terrier;4750;;0.9042105263157895;0.8934886623673809;0.9042105263157895;0.8988176205922361;4295;512;455
864;tow_truck;4750;;0.8637894736842106;0.9367579908675799;0.8637894736842106;0.8987951807228917;4103;277;647
214;Gordon_setter;4750;;0.8772631578947369;0.9212911784214017;0.8772631578947369;0.8987382724037528;4167;356;583
774;sandal;4750;;0.852;0.9508928571428571;0.852;0.8987341772151899;4047;209;703
57;garter_snake;4750;;0.8698947368421053;0.9289568345323741;0.8698947368421053;0.8984561861274191;4132;316;618
104;wallaby;4750;;0.8694736842105263;0.9291338582677166;0.8694736842105263;0.8983143012506798;4130;315;620
590;hand-held_computer;4750;;0.852421052631579;0.9493552168815944;0.852421052631579;0.8982806433721575;4049;216;701
523;crutch;4750;;0.8797894736842106;0.9174533479692646;0.8797894736842106;0.8982267598065555;4179;376;571
20;water_ouzel;4750;;0.8871578947368421;0.9095618389812217;0.8871578947368421;0.8982201854417564;4214;419;536
903;wig;4750;;0.9277894736842105;0.870260663507109;0.9277894736842105;0.8981047483187282;4407;657;343
494;chime;4750;;0.8894736842105263;0.9068469628675682;0.8894736842105263;0.8980763099160378;4225;434;525
490;chain_mail;4750;;0.8233684210526315;0.9876262626262626;0.8233684210526315;0.8980482204362802;3911;49;839
840;swab;4750;;0.9;0.8960385663382938;0.9;0.8980149143997479;4275;496;475
301;ladybug;4750;;0.952;0.8496805712138293;0.952;0.8979348689436061;4522;800;228
496;Christmas_stocking;4750;;0.9355789473684211;0.8630802097494659;0.9355789473684211;0.8978684715627842;4444;705;306
403;aircraft_carrier;4750;;0.8787368421052631;0.91756429984612;0.8787368421052631;0.8977309388106247;4174;375;576
887;vestment;4750;;0.9136842105263158;0.8822931490140272;0.9136842105263158;0.8977143448133208;4340;579;410
163;bloodhound;4750;;0.8446315789473684;0.9577464788732394;0.8446315789473684;0.8976395569974269;4012;177;738
484;catamaran;4750;;0.8254736842105264;0.9834462001504891;0.8254736842105264;0.8975620922513449;3921;66;829
766;rotisserie;4750;;0.8637894736842106;0.9337733272644515;0.8637894736842106;0.8974190726159229;4103;291;647
212;English_setter;4750;;0.8374736842105264;0.9664723032069971;0.8374736842105264;0.8973607038123167;3978;138;772
412;ashcan;4750;;0.9004210526315789;0.8942086556554464;0.9004210526315789;0.8973041015420119;4277;506;473
248;Eskimo_dog;4750;;0.8501052631578947;0.9492242595204513;0.8501052631578947;0.896934695690804;4038;216;712
918;crossword_puzzle;4750;;0.8745263157894737;0.9202481169694284;0.8745263157894737;0.8968048359240068;4154;360;596
943;cucumber;4750;;0.8947368421052632;0.8987100866990907;0.8947368421052632;0.8967190631923199;4250;479;500
882;vacuum;4750;;0.8686315789473684;0.9261503928170595;0.8686315789473684;0.8964693101575231;4126;329;624
38;banded_gecko;4750;;0.8391578947368421;0.9621047550084479;0.8391578947368421;0.8964353986281345;3986;157;764
776;sax;4750;;0.8204210526315789;0.9878326996197718;0.8204210526315789;0.896377228292122;3897;48;853
205;flat-coated_retriever;4750;;0.8442105263157895;0.955216769890424;0.8442105263157895;0.896289673670094;4010;188;740
102;echidna;4750;;0.8309473684210527;0.9726466239526861;0.8309473684210527;0.8962306993642144;3947;111;803
639;maillot;4750;;0.9181052631578948;0.8753512645523887;0.9181052631578948;0.8962186600904234;4361;621;389
400;academic_gown;4750;;0.9322105263157895;0.8624853915075964;0.9322105263157895;0.895993524888709;4428;706;322
519;crate;4750;;0.8667368421052631;0.9266261534998874;0.8667368421052631;0.8956814967910367;4117;326;633
748;purse;4750;;0.8237894736842105;0.9799649386426246;0.8237894736842105;0.8951160928742995;3913;80;837
197;giant_schnauzer;4750;;0.8602105263157894;0.9328767123287671;0.8602105263157894;0.8950711938663747;4086;294;664
638;maillot;4750;;0.8821052631578947;0.9083026230218947;0.8821052631578947;0.8950122823881235;4190;423;560
224;groenendael;4750;;0.872;0.9190148657643665;0.872;0.894890353246192;4142;365;608
335;fox_squirrel;4750;;0.8585263157894737;0.9344637946837764;0.8585263157894737;0.8948869870528856;4078;286;672
602;horizontal_bar;4750;;0.8578947368421053;0.9350619550252409;0.8578947368421053;0.8948177426438295;4075;283;675
622;lens_cap;4750;;0.8593684210526316;0.9326022389764679;0.8593684210526316;0.8944888791497754;4082;295;668
477;carpenter's_kit;4750;;0.8669473684210526;0.923732615522656;0.8669473684210526;0.8944396177237184;4118;340;632
706;patio;4750;;0.871578947368421;0.9183673469387755;0.871578947368421;0.8943616331821128;4140;368;610
640;manhole_cover;4750;;0.8189473684210526;0.9850595087363889;0.8189473684210526;0.8943556730658696;3890;59;860
501;cloak;4750;;0.8671578947368421;0.9231286418646347;0.8671578947368421;0.8942683456361269;4119;343;631
520;crib;4750;;0.8951578947368422;0.8930896870405377;0.8951578947368422;0.8941225948901274;4252;509;498
280;grey_fox;4750;;0.883578947368421;0.9047208450097004;0.883578947368421;0.8940249227819789;4197;442;553
618;ladle;4750;;0.8591578947368421;0.9317351598173516;0.8591578947368421;0.8939759036144579;4081;299;669
344;hippopotamus;4750;;0.8153684210526316;0.989272030651341;0.8153684210526316;0.8939411425274092;3873;42;877
209;Chesapeake_Bay_retriever;4750;;0.8932631578947369;0.8943929173693086;0.8932631578947369;0.8938276806404045;4243;501;507
587;hammer;4750;;0.8317894736842105;0.9655425219941349;0.8317894736842105;0.8936892105858404;3951;141;799
678;neck_brace;4750;;0.8538947368421053;0.9371534195933456;0.8538947368421053;0.8935888962326504;4056;272;694
566;French_horn;4750;;0.8273684210526315;0.9710896960711638;0.8273684210526315;0.8934864158235762;3930;117;820
667;mortarboard;4750;;0.8189473684210526;0.9828196058615463;0.8189473684210526;0.8934313275149289;3890;68;860
671;mountain_bike;4750;;0.9197894736842105;0.8682432432432432;0.9197894736842105;0.893273359231241;4369;663;381
744;projectile;4750;;0.848421052631579;0.9431312894921601;0.848421052631579;0.8932727474232517;4030;243;720
423;barber_chair;4750;;0.8772631578947369;0.9096267190569745;0.8772631578947369;0.8931518593934198;4167;414;583
468;cab;4750;;0.9126315789473685;0.8743444937474788;0.9126315789473685;0.8930778739184179;4335;623;415
936;head_cabbage;4750;;0.8867368421052632;0.8994234465086482;0.8867368421052632;0.8930350895791371;4212;471;538
432;bassoon;4750;;0.8541052631578947;0.9352236053480867;0.8541052631578947;0.892825704225352;4057;281;693
958;hay;4750;;0.9088421052631579;0.8772607193659825;0.9088421052631579;0.8927722055630235;4317;604;433
394;sturgeon;4750;;0.8317894736842105;0.9629539361442847;0.8317894736842105;0.8925787868519147;3951;152;799
204;Lhasa;4750;;0.8562105263157894;0.9321567728627091;0.8562105263157894;0.8925710523428071;4067;296;683
790;shopping_basket;4750;;0.8749473684210526;0.9106047326906223;0.8749473684210526;0.8924200128838308;4156;408;594
240;Appenzeller;4750;;0.844;0.9466351829988193;0.844;0.8923761825264329;4009;226;741
713;photocopier;4750;;0.8997894736842105;0.8850693725408988;0.8997894736842105;0.8923687232487733;4274;555;476
720;pill_bottle;4750;;0.8768421052631579;0.9083969465648855;0.8768421052631579;0.8923406534547401;4165;420;585
234;Rottweiler;4750;;0.9343157894736842;0.8539542043486626;0.9343157894736842;0.8923293455313159;4438;759;312
632;loudspeaker;4750;;0.864;0.9224544841537424;0.864;0.8922708990107621;4104;345;646
914;yawl;4750;;0.8661052631578947;0.9199463327370304;0.8661052631578947;0.8922142702233788;4114;358;636
939;zucchini;4750;;0.8648421052631579;0.9210762331838565;0.8648421052631579;0.892073832790445;4108;352;642
444;bicycle-built-for-two;4750;;0.9402105263157895;0.8485654569637089;0.9402105263157895;0.8920403475481873;4466;797;284
616;knot;4750;;0.9330526315789474;0.8536209553158706;0.9330526315789474;0.8915711124522229;4432;760;318
784;screwdriver;4750;;0.8543157894736843;0.9320165365181442;0.8543157894736843;0.8914762741652021;4058;296;692
813;spatula;4750;;0.836421052631579;0.9541306436119116;0.836421052631579;0.8914067758582005;3973;191;777
725;pitcher;4750;;0.876421052631579;0.9067741232846874;0.876421052631579;0.8913392570388609;4163;428;587
7;cock;4750;;0.912;0.8709288299155609;0.912;0.8909913615795969;4332;642;418
676;muzzle;4750;;0.8334736842105264;0.9569736524051244;0.8334736842105264;0.890964329920108;3959;178;791
345;ox;4750;;0.8244210526315789;0.9690670626082653;0.8244210526315789;0.8909111591400295;3916;125;834
525;dam;4750;;0.8732631578947369;0.9086527929901423;0.8732631578947369;0.890606548577563;4148;417;602
610;jersey;4750;;0.9023157894736842;0.8791794871794871;0.9023157894736842;0.8905974025974026;4286;589;464
414;backpack;4750;;0.8597894736842105;0.9229378531073447;0.8597894736842105;0.8902452316076296;4084;341;666
443;bib;4750;;0.8374736842105264;0.950083592070695;0.8374736842105264;0.8902316213494461;3978;209;772
584;hair_slide;4750;;0.8751578947368421;0.9056644880174292;0.8751578947368421;0.8901498929336188;4157;433;593
82;ruffed_grouse;4750;;0.8821052631578947;0.8979854264894985;0.8821052631578947;0.8899745114698385;4190;476;560
830;stretcher;4750;;0.891578947368421;0.8882130872483222;0.891578947368421;0.8898928346291237;4235;533;515
597;holster;4750;;0.8532631578947368;0.9298004129387474;0.8532631578947368;0.8898891206499066;4053;306;697
79;centipede;4750;;0.8736842105263158;0.9065093927479249;0.8736842105263158;0.8897941680960549;4150;428;600
409;analog_clock;4750;;0.8526315789473684;0.9295386733991279;0.8526315789473684;0.8894257164818271;4050;307;700
304;leaf_beetle;4750;;0.9016842105263158;0.8774841221061258;0.9016842105263158;0.8894195825978611;4283;598;467
459;brassiere;4750;;0.8972631578947369;0.881306865177833;0.8972631578947369;0.8892134362612143;4262;574;488
475;car_mirror;4750;;0.9473684210526315;0.8376768428890543;0.9473684210526315;0.8891523414344991;4500;872;250
839;suspension_bridge;4750;;0.8753684210526316;0.9033239191831415;0.8753684210526316;0.889126483481236;4158;445;592
268;Mexican_hairless;4750;;0.9330526315789474;0.8480673555300421;0.9330526315789474;0.8885324779470729;4432;794;318
969;eggnog;4750;;0.8111578947368421;0.9809063136456212;0.8111578947368421;0.8879926250288085;3853;75;897
373;macaque;4750;;0.852;0.9271477663230241;0.852;0.8879868348875479;4047;318;703
838;sunscreen;4750;;0.8591578947368421;0.9187303016659163;0.8591578947368421;0.8879460400348129;4081;361;669
368;gibbon;4750;;0.8332631578947368;0.9503001200480192;0.8332631578947368;0.8879416713404374;3958;207;792
70;harvestman;4750;;0.868;0.9087502755124531;0.868;0.887907828146872;4123;414;627
410;apiary;4750;;0.9105263157894737;0.8660392470965158;0.9105263157894737;0.8877257799671594;4325;669;425
709;pencil_box;4750;;0.8286315789473684;0.9558037882467217;0.8286315789473684;0.8876860622462788;3936;182;814
370;guenon;4750;;0.8168421052631579;0.9719438877755511;0.8168421052631579;0.8876687256920613;3880;112;870
236;Doberman;4750;;0.928;0.8504726992089523;0.928;0.8875465619651666;4408;775;342
545;electric_fan;4750;;0.9410526315789474;0.8395942900075132;0.9410526315789474;0.8874329958308517;4470;854;280
63;Indian_cobra;4750;;0.8846315789473684;0.8896887571458818;0.8846315789473684;0.8871529610471868;4202;521;548
747;punching_bag;4750;;0.8658947368421053;0.9093521998673447;0.8658947368421053;0.887091556130702;4113;410;637
302;ground_beetle;4750;;0.8111578947368421;0.9786639573279147;0.8111578947368421;0.8870726372740877;3853;84;897
966;red_wine;4750;;0.8938947368421053;0.8801824212271974;0.8938947368421053;0.8869855859619803;4246;578;504
586;half_track;4750;;0.844842105263158;0.9323884758364313;0.844842105263158;0.8864590236359621;4013;291;737
416;balance_beam;4750;;0.9307368421052632;0.8459624952162266;0.9307368421052632;0.8863271852445871;4421;805;329
352;impala;4750;;0.8551578947368421;0.9198369565217391;0.8551578947368421;0.8863190050185468;4062;354;688
827;stove;4750;;0.8633684210526316;0.9103218645948946;0.8633684210526316;0.886223662884927;4101;404;649
899;water_jug;4750;;0.8138947368421052;0.9725786163522012;0.8138947368421052;0.886189111747851;3866;109;884
775;sarong;4750;;0.9021052631578947;0.870581064607883;0.9021052631578947;0.8860628618693134;4285;637;465
47;African_chameleon;4750;;0.8534736842105263;0.9211542831174733;0.8534736842105263;0.886023385422358;4054;347;696
595;harvester;4750;;0.8997894736842105;0.8726010616578195;0.8997894736842105;0.8859867330016584;4274;624;476
557;flagpole;4750;;0.8924210526315789;0.8796430794770699;0.8924210526315789;0.8859859964468596;4239;580;511
979;valley;4750;;0.8842105263157894;0.8877615726062144;0.8842105263157894;0.8859824912983864;4200;531;550
857;throne;4750;;0.9347368421052632;0.8415466262319939;0.9347368421052632;0.8856971873129862;4440;836;310
331;hare;4750;;0.8395789473684211;0.9370300751879699;0.8395789473684211;0.8856318010215412;3988;268;762
690;oxcart;4750;;0.8787368421052631;0.8918803418803419;0.8787368421052631;0.8852598091198303;4174;506;576
41;whiptail;4750;;0.8145263157894737;0.9694312202455525;0.8145263157894737;0.8852534035007436;3869;122;881
81;ptarmigan;4750;;0.8549473684210527;0.9177401129943503;0.8549473684210527;0.8852316076294278;4061;364;689
603;horse_cart;4750;;0.9338947368421052;0.8407884761182715;0.9338947368421052;0.8848992619190105;4436;840;314
898;water_bottle;4750;;0.844842105263158;0.9289351851851851;0.844842105263158;0.8848952590959206;4013;307;737
724;pirate;4750;;0.9206315789473685;0.8512750632664979;0.9206315789473685;0.8845959340548194;4373;764;377
150;sea_lion;4750;;0.8469473684210527;0.9254658385093167;0.8469473684210527;0.8844674068374189;4023;324;727
453;bookcase;4750;;0.8781052631578947;0.890858607432721;0.8781052631578947;0.8844359626802374;4171;511;579
542;drumstick;4750;;0.844421052631579;0.9280425728829246;0.844421052631579;0.8842592592592593;4011;311;739
951;lemon;4750;;0.8402105263157895;0.9331306990881459;0.8402105263157895;0.8842361803478455;3991;286;759
789;shoji;4750;;0.9202105263157895;0.8508857309713841;0.9202105263157895;0.8841913623950642;4371;766;379
293;cheetah;4750;;0.8730526315789474;0.8954869358669834;0.8730526315789474;0.8841274917386206;4147;484;603
910;wooden_spoon;4750;;0.8616842105263158;0.9077400754047461;0.8616842105263158;0.8841127551571445;4093;416;657
364;three-toed_sloth;4750;;0.8787368421052631;0.8894097592158534;0.8787368421052631;0.8840410886370856;4174;519;576
753;radiator;4750;;0.8941052631578947;0.8738683127572017;0.8941052631578947;0.8838709677419354;4247;613;503
892;wall_clock;4750;;0.9113684210526316;0.8579072532699168;0.9113684210526316;0.8838301347488772;4329;717;421
858;tile_roof;4750;;0.9357894736842105;0.8372574872857412;0.9357894736842105;0.8837856645789841;4445;864;305
925;consomme;4750;;0.848;0.9219501029983979;0.848;0.8834302006798991;4028;341;722
544;Dutch_oven;4750;;0.8698947368421053;0.8957294602211142;0.8698947368421053;0.8826230908896722;4132;481;618
421;bannister;4750;;0.9048421052631579;0.8613226452905811;0.9048421052631579;0.8825462012320329;4298;692;452
237;miniature_pinscher;4750;;0.9025263157894737;0.8632702376157874;0.9025263157894737;0.8824619184849732;4287;679;463
320;damselfly;4750;;0.8602105263157894;0.9051838723969872;0.8602105263157894;0.8821243523316061;4086;428;664
27;eft;4750;;0.8637894736842106;0.9005706760316067;0.8637894736842106;0.8817966903073287;4103;453;647
760;refrigerator;4750;;0.864;0.8996054362121877;0.864;0.8814432989690721;4104;458;646
572;goblet;4750;;0.8829473684210526;0.8797986154814349;0.8829473684210526;0.8813701796784701;4194;573;556
246;Great_Dane;4750;;0.8141052631578948;0.9607453416149069;0.8141052631578948;0.8813675213675214;3867;158;883
769;rule;4750;;0.8452631578947368;0.9206603989910571;0.8452631578947368;0.8813522116123368;4015;346;735
266;miniature_poodle;4750;;0.8378947368421052;0.929472209248015;0.8378947368421052;0.8813108945969885;3980;302;770
697;pajama;4750;;0.8814736842105263;0.8809173153797601;0.8814736842105263;0.8811954119751657;4187;566;563
29;axolotl;4750;;0.8368421052631579;0.9304775280898876;0.8368421052631579;0.8811793393925957;3975;297;775
804;soap_dispenser;4750;;0.844842105263158;0.9206239963294334;0.844842105263158;0.8811065978702383;4013;346;737
228;komondor;4750;;0.9183157894736842;0.8466614906832298;0.9183157894736842;0.881034134518279;4362;790;388
271;red_wolf;4750;;0.8275789473684211;0.941556886227545;0.8275789473684211;0.8808963585434174;3931;244;819
992;agaric;4750;;0.9501052631578948;0.8209932690558487;0.9501052631578948;0.8808431736117888;4513;984;237
120;fiddler_crab;4750;;0.8303157894736842;0.9374851438079391;0.8303157894736842;0.8806520040192028;3944;263;806
393;anemone_fish;4750;;0.8107368421052632;0.96347260445334;0.8107368421052632;0.8805304675888875;3851;146;899
930;French_loaf;4750;;0.8275789473684211;0.940655659248624;0.8275789473684211;0.880501735916676;3931;248;819
183;Kerry_blue_terrier;4750;;0.8825263157894737;0.878273622459669;0.8825263157894737;0.8803948335608526;4192;581;558
848;tape_player;4750;;0.8473684210526315;0.9160218479745107;0.8473684210526315;0.8803587051618549;4025;369;725
149;dugong;4750;;0.8058947368421052;0.969850519381809;0.8058947368421052;0.8803035529492929;3828;119;922
502;clog;4750;;0.8570526315789474;0.9044656742946012;0.8570526315789474;0.8801210679926496;4071;430;679
134;crane;4750;;0.836;0.9291062236780534;0.836;0.8800975177304965;3971;303;779
153;Maltese_dog;4750;;0.8073684210526316;0.9672131147540983;0.8073684210526316;0.8800917957544463;3835;130;915
600;hook;4750;;0.852421052631579;0.9094788858939802;0.852421052631579;0.8800260812866768;4049;403;701
963;pizza;4750;;0.8376842105263158;0.9268576752853482;0.8376842105263158;0.8800176932433929;3979;314;771
997;bolete;4750;;0.9288421052631579;0.8357643493085811;0.9288421052631579;0.8798484395253764;4412;867;338
311;grasshopper;4750;;0.8517894736842105;0.9096223021582733;0.8517894736842105;0.8797564687975646;4046;402;704
39;common_iguana;4750;;0.8477894736842105;0.9137735420921261;0.8477894736842105;0.8795457027410724;4027;380;723
659;mixing_bowl;4750;;0.9176842105263158;0.8444401394808214;0.9176842105263158;0.87953995157385;4359;803;391
2;great_white_shark;4750;;0.8671578947368421;0.8919445647466435;0.8671578947368421;0.8793766011955594;4119;499;631
541;drum;4750;;0.8907368421052632;0.8682536425200083;0.8907368421052632;0.879351553569573;4231;642;519
558;flute;4750;;0.824;0.9410916085597499;0.824;0.8786620271635425;3914;245;836
942;butternut_squash;4750;;0.8117894736842105;0.9572989076464746;0.8117894736842105;0.8785600364547732;3856;172;894
811;space_heater;4750;;0.8151578947368421;0.9525215252152521;0.8151578947368421;0.8785025524673851;3872;193;878
238;Greater_Swiss_Mountain_dog;4750;;0.8147368421052632;0.9529672494459492;0.8147368421052632;0.8784473953013279;3870;191;880
705;passenger_car;4750;;0.8418947368421053;0.9180440771349863;0.8418947368421053;0.8783219855040633;3999;357;751
428;barrow;4750;;0.8858947368421053;0.8708609271523179;0.8858947368421053;0.8783135044875809;4208;624;542
48;Komodo_dragon;4750;;0.7991578947368421;0.9748330765279918;0.7991578947368421;0.8782970846830171;3796;98;954
199;Scotch_terrier;4750;;0.8663157894736843;0.890499891798312;0.8663157894736843;0.8782413829900758;4115;506;635
620;laptop;4750;;0.8711578947368421;0.8853230637569534;0.8711578947368421;0.8781833616298811;4138;536;612
964;potpie;4750;;0.8237894736842105;0.9401729937530033;0.8237894736842105;0.8781418312387791;3913;249;837
482;cassette_player;4750;;0.816;0.9504659146640511;0.816;0.8781150883552333;3876;202;874
486;cello;4750;;0.7867368421052632;0.9922995220392989;0.7867368421052632;0.8776420854861438;3737;29;1013
835;sundial;4750;;0.8549473684210527;0.9010428222764588;0.8549473684210527;0.877390083180296;4061;446;689
223;schipperke;4750;;0.8810526315789474;0.873512836568566;0.8810526315789474;0.8772665339062992;4185;606;565
645;maypole;4750;;0.9778947368421053;0.7953767123287672;0.9778947368421053;0.8772426817752598;4645;1195;105
372;baboon;4750;;0.8650526315789474;0.889779125162408;0.8650526315789474;0.8772416737830914;4109;509;641
51;triceratops;4750;;0.9016842105263158;0.8538676236044657;0.9016842105263158;0.877124718410813;4283;733;467
718;pier;4750;;0.8496842105263158;0.906355266112733;0.8496842105263158;0.8771052917526894;4036;417;714
500;cliff_dwelling;4750;;0.8924210526315789;0.862286411716843;0.8924210526315789;0.8770949720670392;4239;677;511
445;bikini;4750;;0.9341052631578948;0.8265648286140089;0.9341052631578948;0.8770508005534691;4437;931;313
330;wood_rabbit;4750;;0.8513684210526316;0.9042933810375671;0.8513684210526316;0.8770331815224462;4044;428;706
634;lumbermill;4750;;0.8555789473684211;0.8995130588756087;0.8555789473684211;0.8769961156668106;4064;454;686
674;mousetrap;4750;;0.884421052631579;0.8695922169323121;0.884421052631579;0.8769439515708173;4201;630;549
537;dogsled;4750;;0.9526315789473684;0.8123877917414721;0.9526315789473684;0.8769379844961239;4525;1045;225
408;amphibian;4750;;0.8330526315789474;0.9256140350877193;0.8330526315789474;0.8768975069252077;3957;318;793
464;buckle;4750;;0.8412631578947368;0.9156736938588451;0.8412631578947368;0.8768926925608953;3996;368;754
907;wine_bottle;4750;;0.9094736842105263;0.8460634547591069;0.9094736842105263;0.8766233766233765;4320;786;430
436;beach_wagon;4750;;0.9162105263157895;0.8401544401544402;0.9162105263157895;0.8765357502517623;4352;828;398
498;cinema;4750;;0.8949473684210526;0.8584410339256866;0.8949473684210526;0.8763141620284477;4251;701;499
413;assault_rifle;4750;;0.8837894736842106;0.8687913907284768;0.8837894736842106;0.8762262575662702;4198;634;552
42;agama;4750;;0.8254736842105264;0.933127082341742;0.8254736842105264;0.876005361930295;3921;281;829
511;convertible;4750;;0.8688421052631579;0.8829696191698759;0.8688421052631579;0.8758488964346349;4127;547;623
434;bath_towel;4750;;0.8762105263157894;0.8752891692954784;0.8762105263157894;0.8757496054708048;4162;593;588
343;warthog;4750;;0.8187368421052632;0.941190706679574;0.8187368421052632;0.8757036703445169;3889;243;861
349;bighorn;4750;;0.8964210526315789;0.8555354631303999;0.8964210526315789;0.8755011822761385;4258;719;492
485;CD_player;4750;;0.8412631578947368;0.9123287671232877;0.8412631578947368;0.875355969331873;3996;384;754
929;ice_lolly;4750;;0.8629473684210527;0.8878059345895604;0.8629473684210527;0.8752001708124266;4099;518;651
731;plunger;4750;;0.8250526315789474;0.9315426669835988;0.8250526315789474;0.8750697778273976;3919;288;831
310;ant;4750;;0.9023157894736842;0.8492173568456509;0.9023157894736842;0.8749617229764214;4286;761;464
959;carbonara;4750;;0.7957894736842105;0.9707241910631741;0.7957894736842105;0.8745950948634891;3780;114;970
772;safety_pin;4750;;0.8141052631578948;0.944091796875;0.8141052631578948;0.8742934659733212;3867;229;883
844;switch;4750;;0.8496842105263158;0.8996879179670084;0.8496842105263158;0.8739714161974881;4036;450;714
758;reel;4750;;0.8772631578947369;0.8703007518796992;0.8772631578947369;0.8737680855525267;4167;621;583
935;mashed_potato;4750;;0.8254736842105264;0.9280473372781065;0.8254736842105264;0.8737604456824514;3921;304;829
856;thresher;4750;;0.8018947368421052;0.9596875787351978;0.8018947368421052;0.873724050923271;3809;160;941
662;modem;4750;;0.8566315789473684;0.8905668636463121;0.8566315789473684;0.8732696641270523;4069;500;681
767;rubber_eraser;4750;;0.880421052631579;0.8661971830985915;0.880421052631579;0.873251200668198;4182;646;568
922;menu;4750;;0.8818947368421053;0.8646026831785346;0.8818947368421053;0.8731631057842627;4189;656;561
710;pencil_sharpener;4750;;0.8581052631578947;0.8876306620209059;0.8581052631578947;0.8726182830229073;4076;516;674
337;beaver;4750;;0.8086315789473684;0.9474592994573261;0.8086315789473684;0.8725579282144479;3841;213;909
397;puffer;4750;;0.7991578947368421;0.9607694254619084;0.7991578947368421;0.8725433858177221;3796;155;954
598;home_theater;4750;;0.9132631578947369;0.8351944551405468;0.9132631578947369;0.8724859211584876;4338;856;412
312;cricket;4750;;0.8115789473684211;0.9432346464399315;0.8115789473684211;0.8724680321376032;3855;232;895
75;black_widow;4750;;0.8753684210526316;0.8695106649937264;0.8753684210526316;0.8724297104490137;4158;624;592
480;cash_machine;4750;;0.8534736842105263;0.8915768638662854;0.8534736842105263;0.872109282564268;4054;493;696
624;library;4750;;0.8496842105263158;0.8952972493345164;0.8496842105263158;0.8718945776625622;4036;472;714
278;kit_fox;4750;;0.9012631578947369;0.8443786982248521;0.9012631578947369;0.8718940936863544;4281;789;469
504;coffee_mug;4750;;0.8294736842105264;0.9188432835820896;0.8294736842105264;0.8718743084753264;3940;348;810
806;sock;4750;;0.8530526315789474;0.8915291529152916;0.8530526315789474;0.8718665949435179;4052;493;698
122;American_lobster;4750;;0.911578947368421;0.8354234999035308;0.911578947368421;0.871841336957616;4330;853;420
593;harmonica;4750;;0.883578947368421;0.8602172576347612;0.883578947368421;0.8717416138747534;4197;682;553
147;grey_whale;4750;;0.9088421052631579;0.8374393792434529;0.9088421052631579;0.871680969207471;4317;838;433
567;frying_pan;4750;;0.8244210526315789;0.9246753246753247;0.8244210526315789;0.8716750139120756;3916;319;834
960;chocolate_sauce;4750;;0.8086315789473684;0.9451279527559056;0.8086315789473684;0.8715679600635353;3841;223;909
689;overskirt;4750;;0.8648421052631579;0.8770281810418445;0.8648421052631579;0.8708925164299341;4108;576;642
438;beaker;4750;;0.8113684210526316;0.9388550548112058;0.8113684210526316;0.8704686617730097;3854;251;896
980;volcano;4750;;0.8671578947368421;0.8734096692111959;0.8671578947368421;0.8702725544052398;4119;597;631
181;Bedlington_terrier;4750;;0.9164210526315789;0.8283539486203616;0.9164210526315789;0.8701649175412295;4353;902;397
405;airship;4750;;0.8010526315789473;0.9522022022022022;0.8010526315789473;0.8701120512234164;3805;191;945
272;coyote;4750;;0.7928421052631579;0.9634177539012535;0.7928421052631579;0.8698464025869038;3766;143;984
334;porcupine;4750;;0.8221052631578948;0.9225135837467517;0.8221052631578948;0.869420015584994;3905;328;845
446;binder;4750;;0.8381052631578947;0.9023118766999093;0.8381052631578947;0.8690242305173543;3981;431;769
730;plow;4750;;0.8602105263157894;0.8779544477868501;0.8602105263157894;0.8689919183326243;4086;568;664
515;cowboy_hat;4750;;0.9082105263157895;0.8328185328185328;0.9082105263157895;0.8688821752265861;4314;866;436
585;hair_spray;4750;;0.8738947368421053;0.863891779396462;0.8738947368421053;0.8688644688644689;4151;654;599
531;digital_watch;4750;;0.888;0.8504032258064517;0.888;0.8687950566426365;4218;742;532
534;dishwasher;4750;;0.8246315789473684;0.917545092527524;0.8246315789473684;0.8686107107218096;3917;352;833
970;alp;4750;;0.832;0.9080882352941176;0.832;0.8683805756976489;3952;400;798
762;restaurant;4750;;0.8654736842105263;0.8711591438864166;0.8654736842105263;0.8683071074031049;4111;608;639
277;red_fox;4750;;0.7873684210526316;0.967408173823073;0.7873684210526316;0.8681522748375117;3740;126;1010
630;Loafer;4750;;0.8490526315789474;0.8881303677604052;0.8490526315789474;0.8681519750295986;4033;508;717
596;hatchet;4750;;0.8608421052631579;0.8733447244767194;0.8608421052631579;0.8670483460559797;4089;593;661
30;bullfrog;4750;;0.8397894736842105;0.8955994611585092;0.8397894736842105;0.8667970447631466;3989;465;761
652;military_uniform;4750;;0.8423157894736842;0.892681838464971;0.8423157894736842;0.8667677642980935;4001;481;749
342;wild_boar;4750;;0.8162105263157895;0.9235350166746069;0.8162105263157895;0.8665623603039786;3877;321;873
998;ear;4750;;0.8471578947368421;0.8865388852170082;0.8471578947368421;0.8664011196038326;4024;515;726
292;tiger;4750;;0.936;0.8063112078346029;0.936;0.8663289166017148;4446;1068;304
950;orange;4750;;0.8378947368421052;0.8965983329578734;0.8378947368421052;0.8662531287408858;3980;459;770
967;espresso;4750;;0.8888421052631579;0.8445689137827566;0.8888421052631579;0.8661401169350702;4222;777;528
852;tennis_ball;4750;;0.9056842105263158;0.8293811451706189;0.9056842105263158;0.8658548857804166;4302;885;448
836;sunglass;4750;;0.8686315789473684;0.862818904224174;0.8686315789473684;0.8657154846831724;4126;656;624
894;wardrobe;4750;;0.8686315789473684;0.8626385113945223;0.8686315789473684;0.8656246721913354;4126;657;624
170;Irish_wolfhound;4750;;0.8612631578947368;0.869870295556028;0.8612631578947368;0.8655453295250185;4091;612;659
962;meat_loaf;4750;;0.8016842105263158;0.9402469135802469;0.8016842105263158;0.8654545454545455;3808;242;942
824;stole;4750;;0.8336842105263158;0.8995910949568378;0.8336842105263158;0.8653846153846154;3960;442;790
905;window_shade;4750;;0.8536842105263158;0.877325832972739;0.8536842105263158;0.8653435766111821;4055;567;695
105;koala;4750;;0.888421052631579;0.842988413903316;0.888421052631579;0.8651086510865109;4220;786;530
348;ram;4750;;0.7972631578947369;0.9453320019970045;0.7972631578947369;0.8650068524440385;3787;219;963
808;sombrero;4750;;0.8983157894736842;0.8330730183522062;0.8983157894736842;0.8644651539708266;4267;855;483
717;pickup;4750;;0.8974736842105263;0.8334310850439882;0.8974736842105263;0.8642676127724277;4263;852;487
28;spotted_salamander;4750;;0.8263157894736842;0.9054209919261822;0.8263157894736842;0.864061640066043;3925;410;825
281;tabby;4750;;0.9025263157894737;0.8287260777111928;0.9025263157894737;0.864053209714804;4287;886;463
395;gar;4750;;0.8471578947368421;0.8809106830122592;0.8471578947368421;0.8637046576518566;4024;544;726
121;king_crab;4750;;0.8410526315789474;0.8875805376582981;0.8410526315789474;0.863690411847368;3995;506;755
78;tick;4750;;0.9218947368421052;0.8112263801407928;0.9218947368421052;0.8630271974773354;4379;1019;371
787;shield;4750;;0.859578947368421;0.8661434026304624;0.859578947368421;0.8628486897717667;4083;631;667
360;otter;4750;;0.8627368421052631;0.8627368421052631;0.8627368421052631;0.8627368421052631;4098;652;652
655;miniskirt;4750;;0.9134736842105263;0.81729139197589;0.9134736842105263;0.8627100109354807;4339;970;411
65;sea_snake;4750;;0.8366315789473684;0.8902329749103942;0.8366315789473684;0.8626003907097893;3974;490;776
650;microphone;4750;;0.8494736842105263;0.87584111135229;0.8494736842105263;0.8624559153574864;4035;572;715
378;capuchin;4750;;0.888421052631579;0.8373015873015873;0.888421052631579;0.8621041879468847;4220;820;530
371;patas;4750;;0.7894736842105263;0.9488866396761133;0.7894736842105263;0.8618708342909676;3750;202;1000
455;bottlecap;4750;;0.8833684210526316;0.8413876077802286;0.8833684210526316;0.861867104857759;4196;791;554
568;fur_coat;4750;;0.9056842105263158;0.8213058419243986;0.9056842105263158;0.8614337204645575;4302;936;448
533;dishrag;4750;;0.8063157894736842;0.9242277992277992;0.8063157894736842;0.8612547785023611;3830;314;920
433;bathing_cap;4750;;0.9151578947368421;0.8132834424695977;0.9151578947368421;0.8612184249628528;4347;998;403
987;corn;4750;;0.8231578947368421;0.9027938120526438;0.8231578947368421;0.8611386411188195;3910;421;840
691;oxygen_mask;4750;;0.7802105263157895;0.960352422907489;0.7802105263157895;0.8609594610291555;3706;153;1044
285;Egyptian_cat;4750;;0.8252631578947368;0.8994951812758146;0.8252631578947368;0.8607817303469477;3920;438;830
431;bassinet;4750;;0.8513684210526316;0.869116698903933;0.8513684210526316;0.8601510156333084;4044;609;706
923;plate;4750;;0.7770526315789473;0.9629533002869815;0.7770526315789473;0.860072235814983;3691;142;1059
924;guacamole;4750;;0.8162105263157895;0.9088138771683075;0.8162105263157895;0.8600266193433894;3877;389;873
299;meerkat;4750;;0.9069473684210526;0.8165276724791509;0.9069473684210526;0.8593656493117894;4308;968;442
40;American_chameleon;4750;;0.8437894736842105;0.8751091703056768;0.8437894736842105;0.8591639871382636;4008;572;742
536;dock;4750;;0.8147368421052632;0.9086640056351256;0.8147368421052632;0.8591408591408591;3870;389;880
764;rifle;4750;;0.7966315789473685;0.931560807483998;0.7966315789473685;0.8588288697231049;3784;278;966
361;skunk;4750;;0.883578947368421;0.8352238805970149;0.883578947368421;0.8587212276214834;4197;828;553
968;cup;4750;;0.8486315789473684;0.86875;0.8486315789473684;0.8585729499467519;4031;609;719
476;carousel;4750;;0.9282105263157895;0.7985872124615105;0.9282105263157895;0.8585337357608801;4409;1112;341
305;dung_beetle;4750;;0.8543157894736843;0.8617540879167551;0.8543157894736843;0.858018818056877;4058;651;692
390;eel;4750;;0.7983157894736842;0.9273661041819515;0.7983157894736842;0.8580156126258627;3792;297;958
336;marmot;4750;;0.8905263157894737;0.8277886497064579;0.8905263157894737;0.8580121703853956;4230;880;520
867;trailer_truck;4750;;0.9467368421052632;0.7838591598396374;0.9467368421052632;0.8576332602269476;4497;1240;253
965;burrito;4750;;0.7903157894736842;0.9368604941352633;0.7903157894736842;0.8573712458604545;3754;253;996
669;mosquito_net;4750;;0.8549473684210527;0.8592890393567499;0.8549473684210527;0.8571127057830308;4061;665;689
530;digital_clock;4750;;0.8435789473684211;0.8710869565217392;0.8435789473684211;0.8571122994652407;4007;593;743
845;syringe;4750;;0.8587368421052631;0.8553155797861187;0.8587368421052631;0.8570227965122387;4079;690;671
424;barbershop;4750;;0.8311578947368421;0.8842105263157894;0.8311578947368421;0.8568638090070536;3948;517;802
369;siamang;4750;;0.8475789473684211;0.8659926865992686;0.8475789473684211;0.8566868815831472;4026;623;724
69;trilobite;4750;;0.8686315789473684;0.844280744833231;0.8686315789473684;0.856283075645948;4126;761;624
940;spaghetti_squash;4750;;0.8164210526315789;0.9001857010213556;0.8164210526315789;0.856259659969088;3878;430;872
854;theater_curtain;4750;;0.9223157894736842;0.7988694383661561;0.9223157894736842;0.8561657221027946;4381;1103;369
527;desktop_computer;4750;;0.8547368421052631;0.8567208271787297;0.8547368421052631;0.8557276846875329;4060;679;690
462;broom;4750;;0.8473684210526315;0.8624383972573387;0.8473684210526315;0.8548369969204629;4025;642;725
499;cleaver;4750;;0.7991578947368421;0.9186834462729913;0.7991578947368421;0.8547624408916911;3796;336;954
191;Airedale;4750;;0.9105263157894737;0.8054003724394786;0.9105263157894737;0.8547430830039525;4325;1045;425
880;unicycle;4750;;0.9273684210526316;0.7921237187556195;0.9273684210526316;0.8544273106391232;4405;1156;345
189;Lakeland_terrier;4750;;0.8147368421052632;0.8981202135066141;0.8147368421052632;0.8543989402803841;3870;439;880
828;strainer;4750;;0.844;0.8641948695839621;0.844;0.8539780594312494;4009;630;741
893;wallet;4750;;0.8421052631578947;0.8656135035706557;0.8421052631578947;0.8536975776331236;4000;621;750
269;timber_wolf;4750;;0.9126315789473685;0.8015902366863905;0.9126315789473685;0.8535144713526285;4335;1073;415
792;shovel;4750;;0.832;0.875886524822695;0.832;0.8533793996976895;3952;560;798
53;ringneck_snake;4750;;0.8166315789473684;0.8931614091641722;0.8166315789473684;0.8531837677334212;3879;464;871
295;American_black_bear;4750;;0.9254736842105263;0.7912167026637869;0.9254736842105263;0.8530952843004075;4396;1160;354
648;medicine_chest;4750;;0.8511578947368421;0.854034643008027;0.8511578947368421;0.8525938422606495;4043;691;707
721;pillow;4750;;0.9044210526315789;0.8060037523452157;0.9044210526315789;0.8523809523809522;4296;1034;454
798;slide_rule;4750;;0.772;0.9509854771784232;0.772;0.8521961422263536;3667;189;1083
928;ice_cream;4750;;0.8338947368421052;0.8709322779243623;0.8338947368421052;0.8520111852011186;3961;587;789
43;frilled_lizard;4750;;0.764421052631579;0.9595665961945031;0.764421052631579;0.8509491445980782;3631;153;1119
975;lakeside;4750;;0.867578947368421;0.8347174397407332;0.867578947368421;0.850831010632807;4121;816;629
367;chimpanzee;4750;;0.8827368421052632;0.8197458455522971;0.8827368421052632;0.8500760263558033;4193;922;557
315;mantis;4750;;0.8136842105263158;0.8889144434222631;0.8136842105263158;0.849637282919323;3865;483;885
692;packet;4750;;0.8286315789473684;0.8715677590788308;0.8286315789473684;0.8495575221238939;3936;580;814
797;sleeping_bag;4750;;0.8189473684210526;0.882486388384755;0.8189473684210526;0.8495304651670672;3890;518;860
626;lighter;4750;;0.8191578947368421;0.8811141304347826;0.8191578947368421;0.8490072005236744;3891;525;859
298;mongoose;4750;;0.7976842105263158;0.9073275862068966;0.7976842105263158;0.8489805063858392;3789;387;961
889;violin;4750;;0.8989473684210526;0.8036890645586298;0.8989473684210526;0.8486534830567425;4270;1043;480
125;hermit_crab;4750;;0.8429473684210527;0.854277789630894;0.8429473684210527;0.8485747589276253;4004;683;746
976;promontory;4750;;0.8505263157894737;0.8466051969823973;0.8505263157894737;0.8485612266330603;4040;732;710
374;langur;4750;;0.7936842105263158;0.9115087040618955;0.7936842105263158;0.8485257708755346;3770;366;980
526;desk;4750;;0.8402105263157895;0.8569894782048529;0.8402105263157895;0.8485170617625172;3991;666;759
750;quilt;4750;;0.9014736842105263;0.8012724550898204;0.9014736842105263;0.8484248068159302;4282;1062;468
847;tank;4750;;0.9016842105263158;0.8001120866803662;0.9016842105263158;0.8478669702068693;4283;1070;467
415;bakery;4750;;0.8195789473684211;0.8777903043968432;0.8195789473684211;0.8476864452912357;3893;542;857
488;chain;4750;;0.8242105263157895;0.8725206151103188;0.8242105263157895;0.8476778174732056;3915;572;835
926;hot_pot;4750;;0.8231578947368421;0.8690820182262725;0.8231578947368421;0.8454968104659963;3910;589;840
911;wool;4750;;0.8204210526315789;0.8718120805369127;0.8204210526315789;0.8453362255965293;3897;573;853
801;snorkel;4750;;0.8850526315789473;0.8086170417387959;0.8850526315789473;0.8451100613126946;4204;995;546
126;isopod;4750;;0.824;0.8668881506090809;0.824;0.8449001618996221;3914;601;836
319;dragonfly;4750;;0.7962105263157895;0.8996194100856327;0.7962105263157895;0.8447621174893901;3782;422;968
546;electric_guitar;4750;;0.844842105263158;0.8435989068740803;0.844842105263158;0.8442200483854003;4013;744;737
861;toilet_seat;4750;;0.8762105263157894;0.814003520438099;0.8762105263157894;0.843962283280949;4162;951;588
579;grand_piano;4750;;0.8896842105263157;0.8023542813745965;0.8896842105263157;0.8437655984825797;4226;1041;524
478;carton;4750;;0.8136842105263158;0.8758214366644006;0.8136842105263158;0.8436101713412638;3865;548;885
460;breakwater;4750;;0.8530526315789474;0.8330592105263158;0.8530526315789474;0.8429373829831496;4052;812;698
619;lampshade;4750;;0.8970526315789473;0.7949626865671642;0.8970526315789473;0.8429277942631058;4261;1099;489
106;wombat;4750;;0.7772631578947369;0.9206982543640898;0.7772631578947369;0.8429223744292238;3692;318;1058
402;acoustic_guitar;4750;;0.771578947368421;0.9283181357649443;0.771578947368421;0.8427224649344677;3665;283;1085
118;Dungeness_crab;4750;;0.7877894736842105;0.9053955964190661;0.7877894736842105;0.8425081616570977;3742;391;1008
591;handkerchief;4750;;0.876;0.8114274570982839;0.876;0.842478234460417;4161;967;589
825;stone_wall;4750;;0.8873684210526316;0.8014831717056474;0.8873684210526316;0.8422419822160057;4215;1044;535
529;diaper;4750;;0.8587368421052631;0.8255413883829185;0.8587368421052631;0.8418119905066557;4079;862;671
723;pinwheel;4750;;0.9286315789473685;0.7698080279232111;0.9286315789473685;0.841793893129771;4411;1319;339
221;Irish_water_spaniel;4750;;0.9378947368421052;0.7633653187114462;0.9378947368421052;0.8416776875118079;4455;1381;295
876;tub;4750;;0.8271578947368421;0.8559912854030501;0.8271578947368421;0.8413276231263384;3929;661;821
580;greenhouse;4750;;0.9138947368421053;0.7789341467791135;0.9138947368421053;0.8410345829700668;4341;1232;409
332;Angora;4750;;0.8776842105263158;0.8073199070487994;0.8776842105263158;0.8410328827920114;4169;995;581
492;chest;4750;;0.8825263157894737;0.8032190074726959;0.8825263157894737;0.8410071220784432;4192;1027;558
743;prison;4750;;0.9138947368421053;0.778794402583423;0.9138947368421053;0.8409531189461449;4341;1233;409
505;coffeepot;4750;;0.8932631578947369;0.7942718083114938;0.8932631578947369;0.840864050733254;4243;1099;507
715;pickelhaube;4750;;0.8770526315789474;0.8073643410852713;0.8770526315789474;0.8407669021190718;4166;994;584
356;weasel;4750;;0.7517894736842106;0.9522666666666667;0.7517894736842106;0.8402352941176471;3571;179;1179
516;cradle;4750;;0.771578947368421;0.9222445898339204;0.771578947368421;0.840210912425493;3665;309;1085
770;running_shoe;4750;;0.7846315789473685;0.9041727316836488;0.7846315789473685;0.8401713255184852;3727;395;1023
644;matchstick;4750;;0.8692631578947368;0.8123155616761755;0.8692631578947368;0.8398250788162311;4129;954;621
883;vase;4750;;0.9168421052631579;0.7743598862019915;0.9168421052631579;0.8395989974937343;4355;1269;395
123;spiny_lobster;4750;;0.7458947368421053;0.9586038961038961;0.7458947368421053;0.8389770305470045;3543;153;1207
359;black-footed_ferret;4750;;0.8288421052631579;0.8492234685073339;0.8288421052631579;0.838909013424249;3937;699;813
3;tiger_shark;4750;;0.7385263157894737;0.9706696181516326;0.7385263157894737;0.8388330942132951;3508;106;1242
288;leopard;4750;;0.7932631578947369;0.8893084729761623;0.7932631578947369;0.8385445643707578;3768;469;982
32;tailed_frog;4750;;0.7903157894736842;0.8925344745601521;0.7903157894736842;0.8383206788744975;3754;452;996
289;snow_leopard;4750;;0.9096842105263158;0.7760416666666666;0.9096842105263158;0.8375654196549719;4321;1247;429
506;coil;4750;;0.9103157894736842;0.7753272368656984;0.9103157894736842;0.8374164810690424;4324;1253;426
842;swimming_trunks;4750;;0.9250526315789473;0.7647058823529411;0.9250526315789473;0.8372713414634146;4394;1352;356
673;mouse;4750;;0.7949473684210526;0.8822429906542056;0.7949473684210526;0.8363233665559247;3776;504;974
37;box_turtle;4750;;0.783157894736842;0.896817743490839;0.783157894736842;0.8361429534726904;3720;428;1030
33;loggerhead;4750;;0.8231578947368421;0.8476045957077823;0.8231578947368421;0.8352023923955998;3910;703;840
481;cassette;4750;;0.8431578947368421;0.826625386996904;0.8431578947368421;0.8348097967691506;4005;840;745
115;sea_slug;4750;;0.7913684210526316;0.8832236842105263;0.7913684210526316;0.8347768154563625;3759;497;991
461;breastplate;4750;;0.8014736842105263;0.870768526989936;0.8014736842105263;0.8346853760140321;3807;565;943
881;upright;4750;;0.812;0.8584464722902292;0.812;0.8345775181218219;3857;636;893
467;butcher_shop;4750;;0.8922105263157895;0.7833641404805914;0.8922105263157895;0.834251968503937;4238;1172;512
357;mink;4750;;0.8452631578947368;0.8230832308323083;0.8452631578947368;0.8340257582052347;4015;863;735
36;terrapin;4750;;0.7783157894736842;0.8979839689094;0.7783157894736842;0.8338784256230969;3697;420;1053
623;letter_opener;4750;;0.8229473684210526;0.844823859952453;0.8229473684210526;0.8337421350111976;3909;718;841
658;mitten;4750;;0.876;0.7946906035141329;0.876;0.8333667133987582;4161;1075;589
508;computer_keyboard;4750;;0.8469473684210527;0.8196821515892421;0.8469473684210527;0.8330917374197557;4023;885;727
282;tiger_cat;4750;;0.7261052631578947;0.9762241720917068;0.7261052631578947;0.8327900519135578;3449;84;1301
188;wire-haired_fox_terrier;4750;;0.9086315789473685;0.7678349048212062;0.9086315789473685;0.8323208948028157;4316;1305;434
112;conch;4750;;0.8467368421052631;0.8154906731549068;0.8467368421052631;0.8308200784961786;4022;910;728
556;fire_screen;4750;;0.852421052631579;0.8098;0.852421052631579;0.8305641025641026;4049;951;701
45;Gila_monster;4750;;0.7349473684210527;0.9543466375068343;0.7349473684210527;0.8303996194100858;3491;167;1259
524;cuirass;4750;;0.8286315789473684;0.8316078597084302;0.8286315789473684;0.8301170515659602;3936;797;814
377;marmoset;4750;;0.7909473684210526;0.8731117824773413;0.7909473684210526;0.8300011046062079;3757;546;993
912;worm_fence;4750;;0.9168421052631579;0.7581824512534819;0.9168421052631579;0.8299980941490375;4355;1389;395
297;sloth_bear;4750;;0.7917894736842105;0.8710050949513664;0.7917894736842105;0.8295103661226291;3761;557;989
384;indri;4750;;0.895578947368421;0.7723311546840959;0.895578947368421;0.8294014427763697;4254;1254;496
785;seat_belt;4750;;0.9029473684210526;0.7663033768090048;0.9029473684210526;0.8290325698270029;4289;1308;461
791;shopping_cart;4750;;0.8924210526315789;0.7707272727272727;0.8924210526315789;0.8271219512195122;4239;1261;511
114;slug;4750;;0.8223157894736842;0.8298279158699808;0.8223157894736842;0.8260547742413028;3906;801;844
380;titi;4750;;0.7589473684210526;0.9050966608084359;0.7589473684210526;0.8256040306881942;3605;378;1145
59;vine_snake;4750;;0.7829473684210526;0.8723903354445226;0.7829473684210526;0.8252524131809609;3719;544;1031
72;black_and_gold_garden_spider;4750;;0.9193684210526316;0.7485430236544395;0.9193684210526316;0.8252078609221467;4367;1467;383
680;nipple;4750;;0.8351578947368421;0.8145790554414785;0.8351578947368421;0.8247401247401247;3967;903;783
435;bathtub;4750;;0.8530526315789474;0.7976377952755905;0.8530526315789474;0.8244150559511699;4052;1028;698
382;squirrel_monkey;4750;;0.9002105263157895;0.7601777777777777;0.9002105263157895;0.8242891566265059;4276;1349;474
751;racer;4750;;0.8892631578947369;0.7675813192803925;0.8892631578947369;0.8239539646932605;4224;1279;526
109;brain_coral;4750;;0.7791578947368422;0.8700047014574518;0.7791578947368422;0.8220790759662372;3701;553;1049
54;hognose_snake;4750;;0.7065263157894737;0.9827232796486091;0.7065263157894737;0.8220453153704839;3356;59;1394
290;jaguar;4750;;0.7252631578947368;0.9464285714285714;0.7252631578947368;0.8212157330154947;3445;195;1305
742;printer;4750;;0.7745263157894737;0.8734567901234568;0.7745263157894737;0.8210220932827494;3679;533;1071
470;candle;4750;;0.8332631578947368;0.8079199836701367;0.8332631578947368;0.8203958959477666;3958;941;792
875;trombone;4750;;0.8482105263157895;0.7940480882932598;0.8482105263157895;0.8202361563517915;4029;1045;721
77;wolf_spider;4750;;0.8383157894736842;0.801852597664116;0.8383157894736842;0.8196788801976121;3982;984;768
513;cornet;4750;;0.7427368421052631;0.9142264835449598;0.7427368421052631;0.8196073876176095;3528;331;1222
6;stingray;4750;;0.763578947368421;0.8831263696128561;0.763578947368421;0.819013209890482;3627;480;1123
913;wreck;4750;;0.8574736842105263;0.7837213777179142;0.8574736842105263;0.8189403840353876;4073;1124;677
972;cliff;4750;;0.8578947368421053;0.7832019988468192;0.8578947368421053;0.8188485883653169;4075;1128;675
67;diamondback;4750;;0.739578947368421;0.9124675324675324;0.739578947368421;0.8169767441860464;3513;337;1237
961;dough;4750;;0.7667368421052632;0.8740100791936645;0.7667368421052632;0.8168666591903107;3642;525;1108
978;seashore;4750;;0.7816842105263158;0.8541522889348976;0.7816842105263158;0.8163130702429372;3713;634;1037
657;missile;4750;;0.836421052631579;0.7968311271560369;0.836421052631579;0.8161462612982744;3973;1013;777
353;gazelle;4750;;0.8627368421052631;0.7739376770538243;0.8627368421052631;0.8159283225485315;4098;1197;652
52;thunder_snake;4750;;0.8254736842105264;0.8064582476347182;0.8254736842105264;0.8158551810237203;3921;941;829
267;standard_poodle;4750;;0.9061052631578947;0.739010989010989;0.9061052631578947;0.8140722526952904;4304;1520;446
55;green_snake;4750;;0.7469473684210526;0.8921297460397284;0.7469473684210526;0.8131087429815514;3548;429;1202
341;hog;4750;;0.7987368421052632;0.8269398430688754;0.7987368421052632;0.8125937031484257;3794;794;956
509;confectionery;4750;;0.8115789473684211;0.8134627558556657;0.8115789473684211;0.812519759721783;3855;884;895
550;espresso_maker;4750;;0.7288421052631578;0.9178154825026511;0.7288421052631578;0.812485332081671;3462;310;1288
999;toilet_tissue;4750;;0.7606315789473684;0.8718629343629344;0.7606315789473684;0.8124578367438724;3613;531;1137
738;pot;4750;;0.9033684210526316;0.7376654632972323;0.9033684210526316;0.8121510362449135;4291;1526;459
124;crayfish;4750;;0.7237894736842105;0.9224577408103032;0.7237894736842105;0.8111360150996815;3438;289;1312
64;green_mamba;4750;;0.7905263157894736;0.8324096652626912;0.7905263157894736;0.8109275456214232;3755;756;995
419;Band_Aid;4750;;0.8650526315789474;0.7600813910469848;0.8650526315789474;0.8091768412760929;4109;1297;641
983;scuba_diver;4750;;0.8867368421052632;0.7422026431718062;0.8867368421052632;0.8080575539568345;4212;1463;538
44;alligator_lizard;4750;;0.7532631578947369;0.8678146980354111;0.7532631578947369;0.8064916037416883;3578;545;1172
878;typewriter_keyboard;4750;;0.7437894736842106;0.8803887366060305;0.7437894736842106;0.8063448590665298;3533;480;1217
313;walking_stick;4750;;0.7494736842105263;0.8714810281517748;0.7494736842105263;0.8058856819468024;3560;525;1190
696;paintbrush;4750;;0.8532631578947368;0.7624153498871332;0.8532631578947368;0.8052851182197497;4053;1263;697
664;monitor;4750;;0.844;0.7691864927091328;0.844;0.8048584621561935;4009;1203;741
681;notebook;4750;;0.8002105263157895;0.8058087767648929;0.8002105263157895;0.8029998943699165;3801;916;949
358;polecat;4750;;0.7534736842105263;0.8558106169296987;0.7534736842105263;0.8013882669055084;3579;603;1171
643;mask;4750;;0.9157894736842105;0.712180746561886;0.9157894736842105;0.8012525326947872;4350;1758;400
794;shower_curtain;4750;;0.8566315789473684;0.7518477457501848;0.8566315789473684;0.8008266089352489;4069;1343;681
4;hammerhead;4750;;0.8667368421052631;0.7440809687330562;0.8667368421052631;0.8007390839249247;4117;1416;633
265;toy_poodle;4750;;0.8155789473684211;0.7858012170385396;0.8155789473684211;0.8004132231404959;3874;1056;876
860;tobacco_shop;4750;;0.828;0.7742125984251969;0.828;0.8002034587995931;3933;1147;817
46;green_lizard;4750;;0.6972631578947368;0.9382436260623229;0.6972631578947368;0.8;3312;218;1438
843;swing;4750;;0.9189473684210526;0.708258964789875;0.9189473684210526;0.7999633464675158;4365;1798;385
314;cockroach;4750;;0.7865263157894736;0.8102363912383431;0.7865263157894736;0.7982053199444504;3736;875;1014
869;trench_coat;4750;;0.8722105263157894;0.7319787985865724;0.8722105263157894;0.7959654178674351;4143;1517;607
35;mud_turtle;4750;;0.7846315789473685;0.8065353819519584;0.7846315789473685;0.7954327179596627;3727;894;1023
469;caldron;4750;;0.8701052631578947;0.7322820694542878;0.8701052631578947;0.7952664999037906;4133;1511;617
599;honeycomb;4750;;0.7701052631578947;0.8196280528792292;0.7701052631578947;0.7940953001193967;3658;805;1092
582;grocery_store;4750;;0.8669473684210526;0.7316986496090974;0.8669473684210526;0.7936018500674504;4118;1510;632
489;chainlink_fence;4750;;0.9008421052631579;0.708795759483187;0.9008421052631579;0.793362380643367;4279;1758;471
909;wok;4750;;0.7981052631578948;0.787658425098691;0.7981052631578948;0.7928474328139705;3791;1022;959
865;toyshop;4750;;0.8151578947368421;0.7702407002188184;0.8151578947368421;0.7920630050117624;3872;1155;878
34;leatherback_turtle;4750;;0.7833684210526316;0.8005593803786575;0.7833684210526316;0.7918706107682486;3721;927;1029
454;bookshop;4750;;0.8616842105263158;0.7319384835479256;0.8616842105263158;0.7915296847805066;4093;1499;657
947;mushroom;4750;;0.6654736842105263;0.9714197910264291;0.6654736842105263;0.7898550724637682;3161;93;1589
741;prayer_rug;4750;;0.9381052631578948;0.6792682926829269;0.9381052631578948;0.787975243147657;4456;2104;294
50;American_alligator;4750;;0.7770526315789473;0.7987448604198225;0.7770526315789473;0.7877494397609646;3691;930;1059
782;screen;4750;;0.7503157894736842;0.8244274809160306;0.7503157894736842;0.7856276865424886;3564;759;1186
562;fountain;4750;;0.9269473684210526;0.6767599139256071;0.9269473684210526;0.7823383084577114;4403;2103;347
810;space_bar;4750;;0.7585263157894737;0.8064010743061772;0.7585263157894737;0.7817313950965503;3603;865;1147
677;nail;4750;;0.836;0.7333333333333333;0.836;0.7813084112149533;3971;1444;779
5;electric_ray;4750;;0.7766315789473685;0.7850606512023834;0.7766315789473685;0.7808233675521219;3689;1010;1061
385;Indian_elephant;4750;;0.9050526315789473;0.6843361986628462;0.9050526315789473;0.779369108049311;4299;1983;451
570;gasmask;4750;;0.9031578947368422;0.684756584197925;0.9031578947368422;0.7789378120744439;4290;1975;460
996;hen-of-the-woods;4750;;0.8732631578947369;0.7024555461473327;0.8732631578947369;0.7786015954950727;4148;1757;602
381;spider_monkey;4750;;0.676;0.9174285714285715;0.676;0.7784242424242425;3211;289;1539
386;African_elephant;4750;;0.7035789473684211;0.8694068678459937;0.7035789473684211;0.7777519199441472;3342;502;1408
916;web_site;4750;;0.9621052631578947;0.6525774667999429;0.9621052631578947;0.7776737854164893;4570;2433;180
868;tray;4750;;0.8747368421052631;0.6989066442388562;0.8747368421052631;0.7769985974754557;4155;1790;595
733;pole;4750;;0.8686315789473684;0.7027763583716573;0.8686315789473684;0.7769513228509556;4126;1745;624
62;rock_python;4750;;0.6545263157894737;0.9493129770992367;0.6545263157894737;0.7748286604361371;3109;166;1641
1;goldfish;4750;;0.912;0.6722532588454376;0.912;0.7739860639628372;4332;2112;418
26;common_newt;4750;;0.7431578947368421;0.8050171037628279;0.7431578947368421;0.7728516694033936;3530;855;1220
60;night_snake;4750;;0.6501052631578947;0.9524984577421345;0.6501052631578947;0.7727727727727728;3088;154;1662
61;boa_constrictor;4750;;0.788;0.7576923076923077;0.788;0.7725490196078431;3743;1197;1007
971;bubble;4750;;0.8856842105263157;0.6849560403777272;0.8856842105263157;0.7724935732647814;4207;1935;543
119;rock_crab;4750;;0.6987368421052632;0.8600673749676082;0.6987368421052632;0.7710535486119178;3319;540;1431
206;curly-coated_retriever;4750;;0.9132631578947369;0.6654394845835251;0.9132631578947369;0.7698997249090426;4338;2181;412
549;envelope;4750;;0.8197894736842105;0.7221810089020771;0.8197894736842105;0.7678958785249458;3894;1498;856
328;sea_urchin;4750;;0.8688421052631579;0.6811355009077406;0.8688421052631579;0.7636229068368952;4127;1932;623
539;doormat;4750;;0.828421052631579;0.7073521481215171;0.828421052631579;0.7631145156598468;3935;1628;815
101;tusker;4750;;0.6806315789473685;0.8612147043153969;0.6806315789473685;0.7603480714957668;3233;521;1517
851;television;4750;;0.9326315789473684;0.6371350496188696;0.9326315789473684;0.7570708365376398;4430;2523;320
66;horned_viper;4750;;0.7130526315789474;0.8001417434443657;0.7130526315789474;0.7540910608927974;3387;846;1363
819;stage;4750;;0.8642105263157894;0.6681315104166666;0.8642105263157894;0.7536258490912429;4105;2039;645
862;torch;4750;;0.8694736842105263;0.6636670416197975;0.8694736842105263;0.7527567666089492;4130;2093;620
615;knee_pad;4750;;0.8821052631578947;0.6554043485061787;0.8821052631578947;0.7520416404917886;4190;2203;560
107;jellyfish;4750;;0.8248421052631579;0.6878511235955056;0.8248421052631579;0.7501435956346926;3918;1778;832
700;paper_towel;4750;;0.8347368421052631;0.6707832854001015;0.8347368421052631;0.7438326611012099;3965;1946;785
49;African_crocodile;4750;;0.6703157894736842;0.8289507940640458;0.6703157894736842;0.7412408334303341;3184;657;1566
799;sliding_door;4750;;0.8789473684210526;0.6349809885931559;0.8789473684210526;0.7373068432671082;4175;2400;575
73;barn_spider;4750;;0.6688421052631579;0.795244055068836;0.6688421052631579;0.7265866209262435;3177;818;1573
879;umbrella;4750;;0.9;0.6080216185464372;0.9;0.7257448433919023;4275;2756;475
749;quill;4750;;0.8711578947368421;0.6209483793517407;0.8711578947368421;0.7250744699491852;4138;2526;612
116;chiton;4750;;0.8732631578947369;0.6195668409260642;0.8732631578947369;0.7248580166011358;4148;2547;602
788;shoe_shop;4750;;0.8181052631578948;0.6498327759197324;0.8181052631578948;0.7243243243243244;3886;2094;864
108;sea_anemone;4750;;0.836421052631579;0.6305348357403586;0.836421052631579;0.7190299520405392;3973;2328;777
815;spider_web;4750;;0.7197894736842105;0.7109586192555625;0.7197894736842105;0.7153467935976566;3419;1390;1331
68;sidewinder;4750;;0.7258947368421053;0.6978344464683263;0.7258947368421053;0.7115880714064595;3448;1493;1302
850;teddy;4750;;0.9418947368421052;0.5688493324856961;0.9418947368421052;0.7093143083630599;4474;3391;276
885;velvet;4750;;0.8467368421052631;0.6097634930260765;0.8467368421052631;0.7089723250484753;4022;2574;728
818;spotlight;4750;;0.8296842105263158;0.618584209700204;0.8296842105263158;0.7087492132002516;3941;2430;809
58;water_snake;4750;;0.7698947368421053;0.6407920098125109;0.7698947368421053;0.6994357846418667;3657;2050;1093
110;flatworm;4750;;0.8374736842105264;0.5902952960379878;0.8374736842105264;0.6924884672295238;3978;2761;772
103;platypus;4750;;0.8130526315789474;0.5955281418658442;0.8130526315789474;0.6874944370271473;3862;2623;888
974;geyser;4750;;0.9021052631578947;0.5515510361693912;0.9021052631578947;0.6845594696061986;4285;3484;465
904;window_screen;4750;;0.8526315789473684;0.5701816134027875;0.8526315789473684;0.6833712984054668;4050;3053;700
329;sea_cucumber;4750;;0.8614736842105263;0.5585585585585585;0.8614736842105263;0.6777078502815502;4092;3234;658
74;garden_spider;4750;;0.5726315789473684;0.8195239529978909;0.5726315789473684;0.6741851530549016;2720;599;2030
728;plastic_bag;4750;;0.7863157894736842;0.5883742911153119;0.7863157894736842;0.6730942512164354;3735;2613;1015
552;feather_boa;4750;;0.8757894736842106;0.5065757428153921;0.8757894736842106;0.6418762536645578;4160;4052;590
973;coral_reef;4750;;0.8231578947368421;0.5253258094854225;0.8231578947368421;0.6413515951775608;3910;3533;840
611;jigsaw_puzzle;4750;;0.8890526315789473;0.46037283331516404;0.8890526315789473;0.6066221360339007;4223;4950;527
812;space_shuttle;4750;;0.8778947368421053;0.45345802522836015;0.8778947368421053;0.5980209379033414;4170;5026;580
633;loupe;4750;;0.8534736842105263;0.42450261780104714;0.8534736842105263;0.566993006993007;4054;5496;696
917;comic_book;4750;;0.9033684210526316;0.386681084977922;0.9033684210526316;0.5415536063608254;4291;6806;459
977;sandbar;4750;;0.8602105263157894;0.30784298952761247;0.8602105263157894;0.4534206291960273;4086;9187;664
921;book_jacket;4750;;0.8235789473684211;0.2936936936936937;0.8235789473684211;0.43298284449363583;3912;9408;838
111;nematode;4750;;0.9317894736842105;0.1770754150830166;0.9317894736842105;0.29759623466128765;4426;20569;324
712;Petri_dish;4750;;0.888;0.15429073085083034;0.888;0.26290201944652203;4218;23120;532
