class_idx;class_label;support;base_accuracy;overall_accuracy;precision;recall;f1;tp;fp;fn
129;spoonbill;4750;;0.9092631578947369;0.9745036101083032;0.9092631578947369;0.9407536484426051;4319;113;431
986;yellow_lady's_slipper;4750;;0.9402105263157895;0.9341142020497804;0.9402105263157895;0.9371524499003253;4466;315;284
90;lorikeet;4750;;0.9292631578947368;0.9341798941798942;0.9292631578947368;0.9317150395778363;4414;311;336
100;black_swan;4750;;0.9094736842105263;0.9360780065005417;0.9094736842105263;0.9225840896956754;4320;295;430
136;European_gallinule;4750;;0.8831578947368421;0.9577625570776256;0.8831578947368421;0.91894852135816;4195;185;555
139;ruddy_turnstone;4750;;0.8787368421052631;0.960202438463308;0.8787368421052631;0.9176651643398923;4174;173;576
985;daisy;4750;;0.94;0.8883804218066057;0.94;0.9134615384615384;4465;561;285
685;odometer;4750;;0.915578947368421;0.9096423342396988;0.915578947368421;0.9126009862553771;4349;432;401
339;sorrel;4750;;0.8981052631578947;0.9247778018642966;0.8981052631578947;0.9112463953860943;4266;347;484
88;macaw;4750;;0.8768421052631579;0.9423076923076923;0.8768421052631579;0.9083969465648855;4165;255;585
321;admiral;4750;;0.8450526315789474;0.9818982387475538;0.8450526315789474;0.9083503054989817;4014;74;736
323;monarch;4750;;0.8682105263157894;0.9439230945296406;0.8682105263157894;0.904485140914574;4124;245;626
130;flamingo;4750;;0.8214736842105264;0.9906067529829906;0.8214736842105264;0.8981470825181265;3902;37;848
984;rapeseed;4750;;0.8423157894736842;0.9521656354117087;0.8423157894736842;0.8938784629133155;4001;201;749
19;chickadee;4750;;0.8178947368421052;0.9810606060606061;0.8178947368421052;0.8920780711825487;3885;75;865
14;indigo_bunting;4750;;0.8488421052631578;0.935064935064935;0.8488421052631578;0.889869785919223;4032;280;718
145;king_penguin;4750;;0.8387368421052631;0.9449715370018975;0.8387368421052631;0.8886906089672094;3984;232;766
387;lesser_panda;4750;;0.8818947368421053;0.8933674557474941;0.8818947368421053;0.8875940247907617;4189;500;561
24;great_grey_owl;4750;;0.8698947368421053;0.9023804324088229;0.8698947368421053;0.8858398542180299;4132;447;618
15;robin;4750;;0.8258947368421052;0.9514916323065729;0.8258947368421052;0.8842556068973288;3923;200;827
17;jay;4750;;0.8334736842105264;0.9410506299025434;0.8334736842105264;0.8840013397342861;3959;248;791
92;bee_eater;4750;;0.8197894736842105;0.9588771238611179;0.8197894736842105;0.8838951310861424;3894;167;856
135;limpkin;4750;;0.9149473684210526;0.8536633274405814;0.9149473684210526;0.8832435728076415;4346;745;404
340;zebra;4750;;0.9092631578947369;0.8572846367606193;0.9092631578947369;0.8825091949325704;4319;719;431
376;proboscis_monkey;4750;;0.8648421052631579;0.8940152339499456;0.8648421052631579;0.8791867308721242;4108;487;642
993;gyromitra;4750;;0.8690526315789474;0.8869789428448647;0.8690526315789474;0.8779242875372182;4128;526;622
9;ostrich;4750;;0.8848421052631579;0.8705468102734052;0.8848421052631579;0.8776362497389852;4203;625;547
22;bald_eagle;4750;;0.8132631578947368;0.94960668633235;0.8132631578947368;0.87616239510093;3863;205;887
388;giant_panda;4750;;0.8507368421052631;0.9024117909781152;0.8507368421052631;0.8758127438231469;4041;437;709
11;goldfinch;4750;;0.7829473684210526;0.9927923117992525;0.7829473684210526;0.8754708097928436;3719;27;1031
96;toucan;4750;;0.8178947368421052;0.9402226524685382;0.8178947368421052;0.8748029723035351;3885;247;865
607;jack-o'-lantern;4750;;0.8450526315789474;0.8935886019590383;0.8450526315789474;0.868643150833153;4014;478;736
84;peacock;4750;;0.8202105263157895;0.9212579806100734;0.8202105263157895;0.8678026506292461;3896;333;854
0;tench;4750;;0.8652631578947368;0.8656276326874474;0.8652631578947368;0.8654453569172457;4110;638;640
143;oystercatcher;4750;;0.7993684210526316;0.9336119990164741;0.7993684210526316;0.861290688442781;3797;270;953
275;African_hunting_dog;4750;;0.911578947368421;0.8123827392120075;0.911578947368421;0.8591269841269842;4330;1000;420
141;redshank;4750;;0.8237894736842105;0.8909380692167578;0.8237894736842105;0.8560490045941808;3913;479;837
13;junco;4750;;0.7768421052631579;0.952995867768595;0.7768421052631579;0.8559498956158664;3690;182;1060
351;hartebeest;4750;;0.8768421052631579;0.8343349358974359;0.8768421052631579;0.8550605625128309;4165;827;585
396;lionfish;4750;;0.7774736842105263;0.941131498470948;0.7774736842105263;0.8515102605487664;3693;231;1057
560;football_helmet;4750;;0.795578947368421;0.9156772473952023;0.795578947368421;0.8514137659119072;3779;348;971
430;basketball;4750;;0.7867368421052632;0.9218056240749877;0.7867368421052632;0.8489323034984098;3737;317;1013
576;gondola;4750;;0.8831578947368421;0.8166244890013626;0.8831578947368421;0.8485890563366036;4195;942;555
291;lion;4750;;0.8330526315789474;0.8632198952879581;0.8330526315789474;0.847868009427898;3957;627;793
326;lycaenid;4750;;0.7964210526315789;0.9030794939126283;0.7964210526315789;0.8464034008278332;3783;406;967
333;hamster;4750;;0.832;0.8610021786492374;0.832;0.8462526766595287;3952;638;798
137;American_coot;4750;;0.7665263157894737;0.942287784679089;0.7665263157894737;0.8453680055723243;3641;223;1109
142;dowitcher;4750;;0.8275789473684211;0.8630076838638858;0.8275789473684211;0.8449220849005911;3931;624;819
900;water_tower;4750;;0.8469473684210527;0.8426895684960201;0.8469473684210527;0.8448131037379253;4023;751;727
255;Leonberg;4750;;0.8583157894736843;0.8305153799144429;0.8583157894736843;0.8441867688166478;4077;832;673
324;cabbage_butterfly;4750;;0.7911578947368421;0.9044524669073406;0.7911578947368421;0.844020213363279;3758;397;992
625;lifeboat;4750;;0.8637894736842106;0.8233995584988962;0.8637894736842106;0.8431110654474469;4103;880;647
915;yurt;4750;;0.8307368421052631;0.8530047557284911;0.8307368421052631;0.8417235494880546;3946;680;804
91;coucal;4750;;0.8231578947368421;0.860475352112676;0.8231578947368421;0.8414030557348827;3910;634;840
989;hip;4750;;0.8498947368421053;0.831856583556563;0.8498947368421053;0.8407789232531501;4037;816;713
18;magpie;4750;;0.7852631578947369;0.9029290728637134;0.7852631578947369;0.8399954960027024;3730;401;1020
102;echidna;4750;;0.7972631578947369;0.8854337152209493;0.7972631578947369;0.8390384402348511;3787;490;963
873;triumphal_arch;4750;;0.7808421052631579;0.9044135576688612;0.7808421052631579;0.8380973901254095;3709;392;1041
284;Siamese_cat;4750;;0.8355789473684211;0.8361070149568148;0.8355789473684211;0.8358428977571865;3969;778;781
12;house_finch;4750;;0.7492631578947369;0.9422822345777072;0.7492631578947369;0.8347601735663188;3559;218;1191
97;drake;4750;;0.7347368421052631;0.963822148577741;0.7347368421052631;0.8338310835025683;3490;131;1260
955;jackfruit;4750;;0.783578947368421;0.8902176512795982;0.783578947368421;0.8335012876497593;3722;459;1028
991;coral_fungus;4750;;0.7654736842105263;0.904027846842367;0.7654736842105263;0.8290013679890561;3636;386;1114
325;sulphur_butterfly;4750;;0.8307368421052631;0.8256957522494246;0.8307368421052631;0.8282086262986672;3946;833;804
87;African_grey;4750;;0.7191578947368421;0.9757212225078549;0.7191578947368421;0.8280208459580657;3416;85;1334
138;bustard;4750;;0.787578947368421;0.8708100558659218;0.787578947368421;0.8271059031616185;3741;555;1009
779;school_bus;4750;;0.8526315789473684;0.8027750247770069;0.8526315789473684;0.8269525267993874;4050;995;700
768;rugby_ball;4750;;0.7574736842105263;0.9090449722081859;0.7574736842105263;0.8263665594855305;3598;360;1152
25;European_fire_salamander;4750;;0.7372631578947368;0.9398819108964036;0.7372631578947368;0.8263331760264275;3502;224;1248
890;volleyball;4750;;0.8511578947368421;0.8012286959968292;0.8511578947368421;0.8254389546753778;4043;1003;707
365;orangutan;4750;;0.7787368421052632;0.8779966769522906;0.7787368421052632;0.8253932834988286;3699;514;1051
83;prairie_chicken;4750;;0.7791578947368422;0.8741143127066604;0.7791578947368422;0.8239091718610864;3701;533;1049
528;dial_telephone;4750;;0.7629473684210526;0.8884530522186811;0.7629473684210526;0.8209310227658853;3624;455;1126
133;bittern;4750;;0.751578947368421;0.90334008097166;0.751578947368421;0.8205010342450012;3570;382;1180
535;disk_brake;4750;;0.735578947368421;0.9260535382984363;0.735578947368421;0.8198990965622434;3494;279;1256
16;bulbul;4750;;0.7273684210526316;0.9350473612990527;0.7273684210526316;0.8182356423919479;3455;240;1295
645;maypole;4750;;0.8968421052631579;0.7513227513227513;0.8968421052631579;0.8176583493282149;4260;1410;490
990;buckeye;4750;;0.8267368421052631;0.8057037340993024;0.8267368421052631;0.8160847880299251;3927;947;823
565;freight_car;4750;;0.8155789473684211;0.8154072826773311;0.8155789473684211;0.8154931059888433;3874;877;876
466;bullet_train;4750;;0.8349473684210527;0.7965454910624623;0.8349473684210527;0.8152944804193647;3966;1013;784
140;red-backed_sandpiper;4750;;0.7345263157894737;0.9155077407504592;0.7345263157894737;0.8150916948954561;3489;322;1261
146;albatross;4750;;0.8105263157894737;0.8194976585781183;0.8105263157894737;0.8149872988992379;3850;848;900
874;trolleybus;4750;;0.8355789473684211;0.7939587917583517;0.8355789473684211;0.8142373576777107;3969;1030;781
945;bell_pepper;4750;;0.7248421052631578;0.9213272678619213;0.7248421052631578;0.8113585483680923;3443;294;1307
94;hummingbird;4750;;0.7738947368421053;0.8479815455594002;0.7738947368421053;0.8092460099064391;3676;659;1074
317;leafhopper;4750;;0.7347368421052631;0.9004127966976264;0.7347368421052631;0.8091815441687921;3490;386;1260
355;llama;4750;;0.7837894736842105;0.8345662407531943;0.7837894736842105;0.8083812832482901;3723;738;1027
316;cicada;4750;;0.7258947368421053;0.9112050739957717;0.7258947368421053;0.8080618701663933;3448;336;1302
144;pelican;4750;;0.7189473684210527;0.921976241900648;0.7189473684210527;0.8079015850484979;3415;289;1335
486;cello;4750;;0.7625263157894737;0.8589044344320607;0.7625263157894737;0.8078510092561615;3622;595;1128
131;little_blue_heron;4750;;0.7461052631578947;0.8804968944099378;0.7461052631578947;0.8077492877492877;3544;481;1206
251;dalmatian;4750;;0.7589473684210526;0.8630596121618387;0.7589473684210526;0.8076621485381427;3605;572;1145
89;sulphur-crested_cockatoo;4750;;0.7002105263157895;0.9532817426196618;0.7002105263157895;0.8073795363514991;3326;163;1424
293;cheetah;4750;;0.8143157894736842;0.7968685620107128;0.8143157894736842;0.8054977092877967;3868;986;882
937;broccoli;4750;;0.7130526315789474;0.9249044238121246;0.7130526315789474;0.8052781740370899;3387;275;1363
746;puck;4750;;0.8244210526315789;0.7869774919614148;0.8244210526315789;0.8052642401809582;3916;1060;834
244;Tibetan_mastiff;4750;;0.8023157894736842;0.807244227917814;0.8023157894736842;0.8047724633090487;3811;910;939
953;pineapple;4750;;0.7269473684210527;0.9003911342894394;0.7269473684210527;0.8044263249854398;3453;382;1297
320;damselfly;4750;;0.7764210526315789;0.8323177612277138;0.7764210526315789;0.803398322622808;3688;743;1062
661;Model_T;4750;;0.7928421052631579;0.8132152882746707;0.7928421052631579;0.8028994776676261;3766;865;984
347;bison;4750;;0.7936842105263158;0.8121499353726842;0.7936842105263158;0.8028109028960818;3770;872;980
300;tiger_beetle;4750;;0.7909473684210526;0.8139081455805892;0.7909473684210526;0.8022635062993807;3757;859;993
350;ibex;4750;;0.8269473684210527;0.7718608764000786;0.8269473684210527;0.7984551275536131;3928;1161;822
93;hornbill;4750;;0.7357894736842105;0.8722236086848016;0.7357894736842105;0.7982185680027407;3495;512;1255
23;vulture;4750;;0.752;0.8486576383939178;0.752;0.7974104252706776;3572;637;1178
554;fireboat;4750;;0.8077894736842105;0.7872384078785392;0.8077894736842105;0.7973815461346633;3837;1037;913
420;banjo;4750;;0.7932631578947369;0.7998301846741669;0.7932631578947369;0.7965331360321319;3768;943;982
95;jacamar;4750;;0.8802105263157894;0.7271304347826087;0.8802105263157894;0.7963809523809524;4181;1569;569
863;totem_pole;4750;;0.6928421052631579;0.9336170212765957;0.6928421052631579;0.7954078549848942;3291;234;1459
85;quail;4750;;0.7065263157894737;0.908008658008658;0.7065263157894737;0.7946957139474307;3356;340;1394
948;Granny_Smith;4750;;0.7433684210526316;0.8508433734939759;0.7433684210526316;0.7934831460674158;3531;619;1219
475;car_mirror;4750;;0.8387368421052631;0.7528344671201814;0.8387368421052631;0.7934674367655845;3984;1308;766
426;barometer;4750;;0.7465263157894737;0.8467048710601719;0.7465263157894737;0.7934660997986127;3546;642;1204
802;snowmobile;4750;;0.7616842105263157;0.8265935572309802;0.7616842105263157;0.7928125342390709;3618;759;1132
832;stupa;4750;;0.7263157894736842;0.8718726307808946;0.7263157894736842;0.7924658320891237;3450;507;1300
540;drilling_platform;4750;;0.8189473684210526;0.7654466745375836;0.8189473684210526;0.791293734743694;3890;1192;860
216;clumber;4750;;0.795578947368421;0.7832124352331606;0.795578947368421;0.7893472584856397;3779;1046;971
98;red-breasted_merganser;4750;;0.871578947368421;0.7212543554006968;0.871578947368421;0.7893231649189704;4140;1600;610
306;rhinoceros_beetle;4750;;0.6957894736842105;0.9104683195592287;0.6957894736842105;0.788782816229117;3305;325;1445
694;paddlewheel;4750;;0.8021052631578948;0.774705164701098;0.8021052631578948;0.7881671493587091;3810;1108;940
292;tiger;4750;;0.8661052631578947;0.7193565308620388;0.8661052631578947;0.7859394402521731;4114;1605;636
995;earthstar;4750;;0.9315789473684211;0.679514742014742;0.9315789473684211;0.7858284496537027;4425;2087;325
425;barn;4750;;0.7945263157894736;0.7755856966707768;0.7945263157894736;0.7849417637271214;3774;1092;976
322;ringlet;4750;;0.808;0.7615079365079365;0.808;0.7840653728294178;3838;1202;912
20;water_ouzel;4750;;0.7067368421052631;0.8801782905086524;0.7067368421052631;0.7839794488556748;3357;457;1393
375;colobus;4750;;0.7334736842105263;0.8397204145577247;0.7334736842105263;0.7830093268906619;3484;665;1266
547;electric_locomotive;4750;;0.7185263157894737;0.8601310483870968;0.7185263157894737;0.7829777471897224;3413;555;1337
594;harp;4750;;0.8221052631578948;0.746083301490256;0.8221052631578948;0.7822516025641026;3905;1329;845
1;goldfish;4750;;0.7037894736842105;0.8795053933175481;0.7037894736842105;0.7818968541691032;3343;458;1407
933;cheeseburger;4750;;0.6795789473684211;0.9201824401368301;0.6795789473684211;0.7817873577137321;3228;280;1522
763;revolver;4750;;0.8616842105263158;0.7134390796583581;0.8616842105263158;0.7805854867931725;4093;1644;657
132;American_egret;4750;;0.8061052631578948;0.7525550314465409;0.8061052631578948;0.7784102459849563;3829;1259;921
344;hippopotamus;4750;;0.6987368421052632;0.8773460216759186;0.6987368421052632;0.7779210125395524;3319;464;1431
57;garter_snake;4750;;0.6924210526315789;0.8874797625472207;0.6924210526315789;0.7779091769157994;3289;417;1461
105;koala;4750;;0.6694736842105263;0.9268434858641795;0.6694736842105263;0.7774110744407775;3180;251;1570
247;Saint_Bernard;4750;;0.7692631578947369;0.7846252952544557;0.7692631578947369;0.7768682895715956;3654;1003;1096
820;steam_locomotive;4750;;0.7753684210526316;0.7714704650188521;0.7753684210526316;0.7734145317093658;3683;1091;1067
301;ladybug;4750;;0.7978947368421052;0.7488638608970559;0.7978947368421052;0.7726021812251554;3790;1271;960
496;Christmas_stocking;4750;;0.7741052631578947;0.770697966883253;0.7741052631578947;0.7723978573679235;3677;1094;1073
364;three-toed_sloth;4750;;0.7368421052631579;0.8113120074177098;0.7368421052631579;0.7722859664607237;3500;814;1250
726;plane;4750;;0.7111578947368421;0.8394632206759444;0.7111578947368421;0.7700022794620469;3378;646;1372
156;Blenheim_spaniel;4750;;0.744;0.79702300405954;0.744;0.7695993031358885;3534;900;1216
407;ambulance;4750;;0.8317894736842105;0.7157608695652173;0.8317894736842105;0.7694255111976631;3951;1569;799
800;slot;4750;;0.8650526315789474;0.6896609600537092;0.8650526315789474;0.7674635786327978;4109;1849;641
805;soccer_ball;4750;;0.7898947368421053;0.7426761678543151;0.7898947368421053;0.765558049377678;3752;1300;998
308;fly;4750;;0.7258947368421053;0.8090098545283905;0.7258947368421053;0.7652019529516201;3448;814;1302
988;acorn;4750;;0.7532631578947369;0.7771503040834057;0.7532631578947369;0.7650203121659184;3578;1026;1172
289;snow_leopard;4750;;0.724;0.8105114305915626;0.724;0.7648170799510732;3439;804;1311
687;organ;4750;;0.7286315789473684;0.8035755746459252;0.7286315789473684;0.7642707298222369;3461;846;1289
621;lawn_mower;4750;;0.7423157894736843;0.787229292252735;0.7423157894736843;0.7641131216816557;3526;953;1224
927;trifle;4750;;0.7589473684210526;0.7688206440605673;0.7589473684210526;0.7638521029770103;3605;1084;1145
561;forklift;4750;;0.7423157894736843;0.7858257187430354;0.7423157894736843;0.7634513370141822;3526;961;1224
755;radio_telescope;4750;;0.7736842105263158;0.7532281205164992;0.7736842105263158;0.7633191400976218;3675;1204;1075
736;pool_table;4750;;0.7347368421052631;0.7940841865756542;0.7347368421052631;0.7632586112629851;3490;905;1260
957;pomegranate;4750;;0.6545263157894737;0.9103953147877013;0.6545263157894737;0.761543172075934;3109;306;1641
389;barracouta;4750;;0.8162105263157895;0.7113761467889909;0.8162105263157895;0.7601960784313726;3877;1573;873
994;stinkhorn;4750;;0.7288421052631578;0.7942188575361322;0.7288421052631578;0.7601273465803051;3462;897;1288
148;killer_whale;4750;;0.867578947368421;0.6761279737489746;0.867578947368421;0.7599815583218074;4121;1974;629
672;mountain_tent;4750;;0.7534736842105263;0.7652341244387428;0.7534736842105263;0.7593083695767476;3579;1098;1171
537;dogsled;4750;;0.8446315789473684;0.6886371438379677;0.8446315789473684;0.7586989409984872;4012;1814;738
829;streetcar;4750;;0.7810526315789473;0.7369884783472388;0.7810526315789473;0.758381030253475;3710;1324;1040
688;oscilloscope;4750;;0.8242105263157895;0.7018644675510936;0.8242105263157895;0.7581332300542215;3915;1663;835
956;custard_apple;4750;;0.8008421052631579;0.7192285876347135;0.8008421052631579;0.7578444068134276;3804;1485;946
218;Welsh_springer_spaniel;4750;;0.7349473684210527;0.7778520499108734;0.7349473684210527;0.755791296817493;3491;997;1259
307;weevil;4750;;0.6456842105263157;0.9106294536817102;0.6456842105263157;0.7556048287755606;3067;301;1683
392;rock_beauty;4750;;0.907578947368421;0.6433368154006864;0.907578947368421;0.7529473408435945;4311;2390;439
783;screw;4750;;0.8225263157894737;0.6942075337597725;0.8225263157894737;0.7529389092310657;3907;1721;843
261;keeshond;4750;;0.743578947368421;0.7616993745956437;0.743578947368421;0.752530094811974;3532;1105;1218
886;vending_machine;4750;;0.8437894736842105;0.6788617886178862;0.8437894736842105;0.7523934672423502;4008;1896;742
934;hotdog;4750;;0.6791578947368421;0.8394483476450689;0.6791578947368421;0.7508437099965087;3226;617;1524
606;iron;4750;;0.771578947368421;0.7303706656038262;0.771578947368421;0.7504095004095003;3665;1353;1085
952;fig;4750;;0.7458947368421053;0.7547933532168726;0.7458947368421053;0.7503176620076238;3543;1151;1207
959;carbonara;4750;;0.6221052631578947;0.944693094629156;0.6221052631578947;0.7501904036557502;2955;173;1795
719;piggy_bank;4750;;0.6888421052631579;0.8233517866129844;0.6888421052631579;0.7501146263182027;3272;702;1478
225;malinois;4750;;0.7336842105263158;0.7666080070391553;0.7336842105263158;0.7497848537005164;3485;1061;1265
294;brown_bear;4750;;0.8482105263157895;0.6703826955074875;0.8482105263157895;0.7488847583643122;4029;1981;721
69;trilobite;4750;;0.6488421052631579;0.8846153846153846;0.6488421052631579;0.7486033519553073;3082;402;1668
28;spotted_salamander;4750;;0.688;0.8204870700477027;0.688;0.7484255124241384;3268;715;1482
70;harvestman;4750;;0.6831578947368421;0.825069921179761;0.6831578947368421;0.7474375215939192;3245;688;1505
816;spindle;4750;;0.62;0.9405940594059405;0.62;0.7473670853952543;2945;186;1805
628;liner;4750;;0.7237894736842105;0.7715439856373429;0.7237894736842105;0.7469041929176624;3438;1018;1312
512;corkscrew;4750;;0.7273684210526316;0.7665853117372975;0.7273684210526316;0.7464621367613697;3455;1052;1295
938;cauliflower;4750;;0.6926315789473684;0.8083538083538083;0.6926315789473684;0.746031746031746;3290;780;1460
260;chow;4750;;0.7606315789473684;0.7309326320048554;0.7606315789473684;0.7454864335087177;3613;1330;1137
160;Afghan_hound;4750;;0.7538947368421053;0.7354692955432327;0.7538947368421053;0.7445680424160515;3581;1288;1169
71;scorpion;4750;;0.7058947368421052;0.7870892018779343;0.7058947368421052;0.7442841287458379;3353;907;1397
190;Sealyham_terrier;4750;;0.6928421052631579;0.8009247992212217;0.6928421052631579;0.7429732475448696;3291;818;1459
801;snorkel;4750;;0.708;0.7808219178082192;0.708;0.7426300099370653;3363;944;1387
286;cougar;4750;;0.7187368421052631;0.7673634524612273;0.7187368421052631;0.7422545928905316;3414;1035;1336
510;container_ship;4750;;0.7202105263157895;0.7656669650850493;0.7202105263157895;0.7422434367541767;3421;1047;1329
122;American_lobster;4750;;0.7456842105263158;0.7383781530122994;0.7456842105263158;0.7420131978632031;3542;1255;1208
253;basenji;4750;;0.7343157894736843;0.7491408934707904;0.7343157894736843;0.7416542632362322;3488;1168;1262
566;French_horn;4750;;0.6218947368421053;0.9185323383084577;0.6218947368421053;0.741652021089631;2954;262;1796
569;garbage_truck;4750;;0.7147368421052631;0.7703653278874518;0.7147368421052631;0.7415092279130719;3395;1012;1355
821;steel_arch_bridge;4750;;0.844;0.6602437417654808;0.844;0.7408981703936426;4009;2063;741
354;Arabian_camel;4750;;0.8298947368421052;0.6690427698574338;0.8298947368421052;0.740838188310468;3942;1950;808
918;crossword_puzzle;4750;;0.6818947368421052;0.8101550775387694;0.6818947368421052;0.7405121170553269;3239;759;1511
147;grey_whale;4750;;0.7905263157894736;0.6958858413639734;0.7905263157894736;0.7401931795781589;3755;1641;995
21;kite;4750;;0.8105263157894737;0.6799717414341222;0.8105263157894737;0.7395313100268921;3850;1812;900
670;motor_scooter;4750;;0.6915789473684211;0.7940536620739667;0.6915789473684211;0.7392820974457072;3285;852;1465
299;meerkat;4750;;0.7650526315789473;0.7150728059818969;0.7650526315789473;0.7392188771358829;3634;1448;1116
195;Boston_bull;4750;;0.7012631578947368;0.7806421373330209;0.7012631578947368;0.7388266607519132;3331;936;1419
217;English_springer;4750;;0.6587368421052632;0.8409029830690674;0.6587368421052632;0.7387557549285799;3129;592;1621
946;cardoon;4750;;0.8987368421052632;0.625219683655536;0.8987368421052632;0.7374330627051304;4269;2559;481
471;cannon;4750;;0.7385263157894737;0.7360469995803609;0.7385263157894737;0.7372845733501472;3508;1258;1242
936;head_cabbage;4750;;0.7349473684210527;0.739461978394408;0.7349473684210527;0.7371977615880054;3491;1230;1259
888;viaduct;4750;;0.6903157894736842;0.7887899927832571;0.6903157894736842;0.7362748400134725;3279;878;1471
99;goose;4750;;0.6814736842105263;0.8006430868167203;0.6814736842105263;0.7362674854998295;3237;806;1513
555;fire_engine;4750;;0.7181052631578947;0.7526478375992939;0.7181052631578947;0.7349709114414996;3411;1121;1339
29;axolotl;4750;;0.6987368421052632;0.7751050910789351;0.6987368421052632;0.7349424269264837;3319;963;1431
338;guinea_pig;4750;;0.6646315789473685;0.8217074440395628;0.6646315789473685;0.7348696461824955;3157;685;1593
178;Weimaraner;4750;;0.7488421052631579;0.7184407190466573;0.7488421052631579;0.7333264611895681;3557;1394;1193
963;pizza;4750;;0.6414736842105263;0.8554183043234138;0.6414736842105263;0.7331568816169394;3047;515;1703
668;mosque;4750;;0.7808421052631579;0.6905604170545522;0.7808421052631579;0.7329315285050884;3709;1662;1041
397;puffer;4750;;0.6336842105263157;0.8654399079930994;0.6336842105263157;0.7316480311132716;3010;468;1740
254;pug;4750;;0.7052631578947368;0.7599818511796733;0.7052631578947368;0.7316007861978597;3350;1058;1400
309;bee;4750;;0.6602105263157895;0.8196549921589127;0.6602105263157895;0.7313432835820897;3136;690;1614
391;coho;4750;;0.6181052631578947;0.8937595129375951;0.6181052631578947;0.7308027380211575;2936;349;1814
268;Mexican_hairless;4750;;0.735578947368421;0.7239950269374223;0.735578947368421;0.7297410192147034;3494;1332;1256
757;recreational_vehicle;4750;;0.6825263157894736;0.7829026805119537;0.6825263157894736;0.7292767967607693;3242;899;1508
786;sewing_machine;4750;;0.6157894736842106;0.8928571428571429;0.6157894736842106;0.7288811363070022;2925;351;1825
642;marimba;4750;;0.7012631578947368;0.7585971304941926;0.7012631578947368;0.7288042883710754;3331;1060;1419
732;Polaroid_camera;4750;;0.628;0.8656413232733604;0.628;0.7279160566129821;2983;463;1767
707;pay-phone;4750;;0.6414736842105263;0.840551724137931;0.6414736842105263;0.727641791044776;3047;578;1703
8;hen;4750;;0.7372631578947368;0.7182116488925349;0.7372631578947368;0.7276127155620195;3502;1374;1248
545;electric_fan;4750;;0.7501052631578947;0.7051256679200475;0.7501052631578947;0.7269203305110682;3563;1490;1187
363;armadillo;4750;;0.7924210526315789;0.6710643608486361;0.7924210526315789;0.7267110724973453;3764;1845;986
983;scuba_diver;4750;;0.6471578947368422;0.828125;0.6471578947368422;0.7265421886078941;3074;638;1676
296;ice_bear;4750;;0.716842105263158;0.7362162162162162;0.716842105263158;0.7264000000000002;3405;1220;1345
954;banana;4750;;0.6229473684210526;0.868761009982384;0.6229473684210526;0.7256007846983815;2959;447;1791
571;gas_pump;4750;;0.6317894736842106;0.8503825446302069;0.6317894736842106;0.7249667834279504;3001;528;1749
941;acorn_squash;4750;;0.6046315789473684;0.9025769956002514;0.6046315789473684;0.724155320221886;2872;310;1878
603;horse_cart;4750;;0.7265263157894737;0.720308912544354;0.7265263157894737;0.723404255319149;3451;1340;1299
290;jaguar;4750;;0.616;0.8747384155455904;0.616;0.7229153798641137;2926;419;1824
288;leopard;4750;;0.7726315789473684;0.6758747697974218;0.7726315789473684;0.7210216110019647;3670;1760;1080
404;airliner;4750;;0.8892631578947369;0.6058519793459552;0.8892631578947369;0.7206961269407951;4224;2748;526
379;howler_monkey;4750;;0.6623157894736842;0.7900552486187845;0.6623157894736842;0.7205680256527714;3146;836;1604
81;ptarmigan;4750;;0.6103157894736843;0.8776869512564336;0.6103157894736843;0.7199801316279648;2899;404;1851
276;hyena;4750;;0.776;0.6707916287534121;0.776;0.7195705222059542;3686;1809;1064
780;schooner;4750;;0.824;0.6371479733029465;0.824;0.7186266409620857;3914;2229;836
575;golfcart;4750;;0.6157894736842106;0.8610538710627024;0.6157894736842106;0.7180557260341229;2925;472;1825
48;Komodo_dragon;4750;;0.5989473684210527;0.8887847547641362;0.5989473684210527;0.7156332536787825;2845;356;1905
944;artichoke;4750;;0.6058947368421053;0.8723855713852683;0.6058947368421053;0.7151198906696484;2878;421;1872
548;entertainment_center;4750;;0.7111578947368421;0.7181122448979592;0.7111578947368421;0.7146181510471759;3378;1326;1372
958;hay;4750;;0.6248421052631579;0.8330058939096268;0.6248421052631579;0.7140623120413809;2968;595;1782
352;impala;4750;;0.6564210526315789;0.7818455366098295;0.6564210526315789;0.7136644541084916;3118;870;1632
734;police_van;4750;;0.6688421052631579;0.7637019230769231;0.6688421052631579;0.7131313131313132;3177;983;1573
432;bassoon;4750;;0.704421052631579;0.7211206896551724;0.704421052631579;0.7126730564430245;3346;1294;1404
573;go-kart;4750;;0.8014736842105263;0.6409090909090909;0.8014736842105263;0.7122544434050514;3807;2133;943
949;strawberry;4750;;0.6703157894736842;0.7597232164161298;0.6703157894736842;0.7122245833799351;3184;1007;1566
366;gorilla;4750;;0.6690526315789473;0.7604690117252931;0.6690526315789473;0.7118378317840744;3178;1001;1572
56;king_snake;4750;;0.5810526315789474;0.9163346613545816;0.5810526315789474;0.7111569183200206;2760;252;1990
766;rotisserie;4750;;0.7046315789473684;0.7176243567753001;0.7046315789473684;0.7110686212024644;3347;1317;1403
274;dhole;4750;;0.8176842105263158;0.626754881394223;0.8176842105263158;0.7096008038732073;3884;2313;866
444;bicycle-built-for-two;4750;;0.7498947368421053;0.672583081570997;0.7498947368421053;0.709137965359347;3562;1734;1188
458;brass;4750;;0.6023157894736842;0.8607099879663056;0.6023157894736842;0.7086945751795889;2861;463;1889
169;borzoi;4750;;0.7292631578947368;0.6864843440348791;0.7292631578947368;0.7072274397713352;3464;1582;1286
113;snail;4750;;0.7254736842105263;0.6882364689434791;0.7254736842105263;0.7063646612688326;3446;1561;1304
346;water_buffalo;4750;;0.6290526315789474;0.8025785656728445;0.6290526315789474;0.7052991856485306;2988;735;1762
704;parking_meter;4750;;0.6517894736842105;0.7680476308608286;0.6517894736842105;0.7051588657328322;3096;935;1654
914;yawl;4750;;0.6852631578947368;0.725914362176628;0.6852631578947368;0.705003248862898;3255;1229;1495
701;parachute;4750;;0.8370526315789474;0.608602479718353;0.8370526315789474;0.7047770982894621;3976;2557;774
239;Bernese_mountain_dog;4750;;0.7412631578947368;0.6716901945822206;0.7412631578947368;0.7047638110488391;3521;1721;1229
245;French_bulldog;4750;;0.6223157894736842;0.8123110744710085;0.6223157894736842;0.7047323876504947;2956;683;1794
110;flatworm;4750;;0.7185263157894737;0.6910305729904839;0.7185263157894737;0.7045102693776448;3413;1526;1337
920;traffic_light;4750;;0.6429473684210526;0.7786843447220806;0.6429473684210526;0.7043357933579336;3054;868;1696
401;accordion;4750;;0.708;0.7000416319733556;0.708;0.7039983253087712;3363;1441;1387
349;bighorn;4750;;0.8073684210526316;0.6237800910865322;0.8073684210526316;0.7037988621765462;3835;2313;915
853;thatch;4750;;0.6429473684210526;0.7769015517679979;0.6429473684210526;0.7036055753945397;3054;877;1696
491;chain_saw;4750;;0.6797894736842105;0.7282363554352729;0.6797894736842105;0.7031794425087108;3229;1205;1521
564;four-poster;4750;;0.7212631578947368;0.6838323353293413;0.7212631578947368;0.7020491803278688;3426;1584;1324
723;pinwheel;4750;;0.7387368421052631;0.6685082872928176;0.7387368421052631;0.7018701870187019;3509;1740;1241
604;hourglass;4750;;0.884421052631579;0.5817753773715552;0.884421052631579;0.7018628351850306;4201;3020;549
981;ballplayer;4750;;0.7248421052631578;0.6800316018171045;0.7248421052631578;0.7017222052379497;3443;1620;1307
770;running_shoe;4750;;0.636421052631579;0.7811369509043927;0.636421052631579;0.7013921113689096;3023;847;1727
448;birdhouse;4750;;0.6785263157894736;0.7257374465210538;0.6785263157894736;0.7013382656947013;3223;1218;1527
640;manhole_cover;4750;;0.5985263157894737;0.8451248513674198;0.5985263157894737;0.7007641114123737;2843;521;1907
258;Samoyed;4750;;0.7503157894736842;0.656353591160221;0.7503157894736842;0.7001964636542238;3564;1866;1186
951;lemon;4750;;0.6313684210526316;0.7852841057868551;0.6313684210526316;0.6999649900805228;2999;820;1751
403;aircraft_carrier;4750;;0.6368421052631579;0.7766367137355584;0.6368421052631579;0.6998264893001734;3025;870;1725
612;jinrikisha;4750;;0.856421052631579;0.5910213569664391;0.856421052631579;0.6993896673257113;4068;2815;682
629;lipstick;4750;;0.6707368421052632;0.7303988995873453;0.6707368421052632;0.6992976294995611;3186;1176;1564
727;planetarium;4750;;0.8115789473684211;0.6141468854548351;0.8115789473684211;0.6991928901786525;3855;2422;895
439;bearskin;4750;;0.8858947368421053;0.5766753460326162;0.8858947368421053;0.6985971611189509;4208;3089;542
327;starfish;4750;;0.7814736842105263;0.6301137328127653;0.7814736842105263;0.6976787895874449;3712;2179;1038
368;gibbon;4750;;0.704421052631579;0.6908940739211232;0.704421052631579;0.69759199416241;3346;1497;1404
39;common_iguana;4750;;0.6387368421052632;0.7682957710812864;0.6387368421052632;0.6975514426945626;3034;915;1716
332;Angora;4750;;0.7467368421052631;0.6501099706744868;0.7467368421052631;0.6950813247109543;3547;1909;1203
614;kimono;4750;;0.6722105263157895;0.7184968496849685;0.6722105263157895;0.6945834239721558;3193;1251;1557
613;joystick;4750;;0.6812631578947368;0.7080962800875273;0.6812631578947368;0.6944206008583691;3236;1334;1514
609;jeep;4750;;0.6547368421052632;0.7388928486576384;0.6547368421052632;0.6942739144993861;3110;1099;1640
45;Gila_monster;4750;;0.5726315789473684;0.8774193548387097;0.5726315789473684;0.6929936305732484;2720;380;2030
398;abacus;4750;;0.6745263157894736;0.7123165851489551;0.6745263157894736;0.6929065743944637;3204;1294;1546
270;white_wolf;4750;;0.7069473684210527;0.6790697674418604;0.7069473684210527;0.692728210417741;3358;1587;1392
259;Pomeranian;4750;;0.7768421052631579;0.6248941574936494;0.7768421052631579;0.6926325668700141;3690;2215;1060
343;warthog;4750;;0.5951578947368421;0.8278184480234261;0.5951578947368421;0.6924678505817513;2827;588;1923
367;chimpanzee;4750;;0.7608421052631579;0.6351493848857644;0.7608421052631579;0.6923371647509579;3614;2076;1136
287;lynx;4750;;0.6423157894736842;0.750738188976378;0.6423157894736842;0.6923076923076923;3051;1013;1699
637;mailbox;4750;;0.6;0.8170871559633027;0.6;0.6919155134741442;2850;638;1900
86;partridge;4750;;0.7888421052631579;0.6161815490873211;0.7888421052631579;0.6919028713876836;3747;2334;1003
10;brambling;4750;;0.8052631578947368;0.6059885931558935;0.8052631578947368;0.6915566805279335;3825;2487;925
51;triceratops;4750;;0.7145263157894737;0.6689002759164367;0.7145263157894737;0.6909609120521172;3394;1680;1356
283;Persian_cat;4750;;0.7305263157894737;0.6550877855389843;0.7305263157894737;0.6907534587439037;3470;1827;1280
812;space_shuttle;4750;;0.7749473684210526;0.6228426395939086;0.7749473684210526;0.6906191369606003;3681;2229;1069
563;fountain_pen;4750;;0.5886315789473684;0.8351254480286738;0.5886315789473684;0.6905408742899481;2796;552;1954
472;canoe;4750;;0.7115789473684211;0.6691744209067512;0.7115789473684211;0.6897255382103867;3380;1671;1370
429;baseball;4750;;0.6448421052631579;0.7405705996131529;0.6448421052631579;0.6893990546927752;3063;1073;1687
79;centipede;4750;;0.6181052631578947;0.7787798408488064;0.6181052631578947;0.6892018779342722;2936;834;1814
76;tarantula;4750;;0.5751578947368421;0.8585795097423005;0.5751578947368421;0.6888552697932426;2732;450;2018
872;tripod;4750;;0.6463157894736842;0.7365642994241842;0.6463157894736842;0.6884951782910966;3070;1098;1680
450;bobsled;4750;;0.74;0.6434193666483617;0.74;0.6883383922451777;3515;1948;1235
417;balloon;4750;;0.8023157894736842;0.6025296442687748;0.8023157894736842;0.6882167042889391;3811;2514;939
75;black_widow;4750;;0.5581052631578948;0.8971235194585448;0.5581052631578948;0.6881245944192083;2651;304;2099
722;ping-pong_ball;4750;;0.6821052631578948;0.6942361259910006;0.6821052631578948;0.688117234788149;3240;1427;1510
932;pretzel;4750;;0.6458947368421053;0.7332695984703633;0.6458947368421053;0.6868144168345646;3068;1116;1682
174;Norwegian_elkhound;4750;;0.6397894736842106;0.7410387710314558;0.6397894736842106;0.6867020675629872;3039;1062;1711
360;otter;4750;;0.6383157894736842;0.7429551580494976;0.6383157894736842;0.6866719510814177;3032;1049;1718
916;web_site;4750;;0.7812631578947369;0.6117705242334323;0.7812631578947369;0.6862056213017752;3711;2355;1039
795;ski;4750;;0.6953684210526315;0.6757364975450082;0.6953684210526315;0.6854119111848932;3303;1585;1447
104;wallaby;4750;;0.6008421052631578;0.7969840826584753;0.6008421052631578;0.6851518425159044;2854;727;1896
761;remote_control;4750;;0.6393684210526316;0.7367782629791363;0.6393684210526316;0.6846257889990982;3037;1085;1713
297;sloth_bear;4750;;0.6494736842105263;0.7224824355971897;0.6494736842105263;0.6840354767184035;3085;1185;1665
318;lacewing;4750;;0.7103157894736842;0.658984375;0.7103157894736842;0.6836879432624113;3374;1746;1376
605;iPod;4750;;0.596421052631579;0.797129994372538;0.596421052631579;0.6823217726396916;2833;721;1917
713;photocopier;4750;;0.7642105263157895;0.6157760814249363;0.7642105263157895;0.6820103334899013;3630;2265;1120
724;pirate;4750;;0.6166315789473684;0.7627604166666667;0.6166315789473684;0.6819557625145518;2929;911;1821
109;brain_coral;4750;;0.623578947368421;0.7515858919056078;0.623578947368421;0.681624669198021;2962;979;1788
451;bolo_tie;4750;;0.7553684210526316;0.6209761163032191;0.7553684210526316;0.6816109422492401;3588;2190;1162
2;great_white_shark;4750;;0.5833684210526315;0.8190954773869347;0.5833684210526315;0.6814213697282675;2771;612;1979
500;cliff_dwelling;4750;;0.5372631578947369;0.9303682099890631;0.5372631578947369;0.6811690911517416;2552;191;2198
4;hammerhead;4750;;0.6469473684210526;0.7188304093567252;0.6469473684210526;0.6809972299168975;3073;1202;1677
871;trimaran;4750;;0.6616842105263158;0.7009366636931311;0.6616842105263158;0.6807450725579381;3143;1341;1607
27;eft;4750;;0.5564210526315789;0.8751655629139072;0.5564210526315789;0.6803088803088803;2643;377;2107
53;ringneck_snake;4750;;0.5818947368421052;0.8165435745937961;0.5818947368421052;0.6795328826060233;2764;621;1986
682;obelisk;4750;;0.6288421052631579;0.7382600098863075;0.6288421052631579;0.6791723510686676;2987;1059;1763
592;hard_disc;4750;;0.5486315789473685;0.8906356801093643;0.5486315789473685;0.6789994788952579;2606;320;2144
213;Irish_setter;4750;;0.6147368421052631;0.7576543850544888;0.6147368421052631;0.6787540678754068;2920;934;1830
495;china_cabinet;4750;;0.5861052631578947;0.8060220034742328;0.5861052631578947;0.6786933203315456;2784;670;1966
331;hare;4750;;0.8368421052631579;0.5707106963388371;0.8368421052631579;0.678617157490397;3975;2990;775
654;minibus;4750;;0.7374736842105263;0.6277777777777778;0.7374736842105263;0.678218780251694;3503;2077;1247
383;Madagascar_cat;4750;;0.5648421052631579;0.8453056080655325;0.5648421052631579;0.6771832407874812;2683;491;2067
127;white_stork;4750;;0.5170526315789473;0.9808306709265175;0.5170526315789473;0.6771436448855802;2456;48;2294
559;folding_chair;4750;;0.5835789473684211;0.8058139534883721;0.5835789473684211;0.676923076923077;2772;668;1978
372;baboon;4750;;0.6692631578947369;0.6843918191603875;0.6692631578947369;0.6767429483767962;3179;1466;1571
518;crash_helmet;4750;;0.7856842105263158;0.5934170774367944;0.7856842105263158;0.6761482018298758;3732;2557;1018
423;barber_chair;4750;;0.6037894736842105;0.7656166577682861;0.6037894736842105;0.6751412429378532;2868;878;1882
378;capuchin;4750;;0.6383157894736842;0.7156006608449375;0.6383157894736842;0.6747524201624568;3032;1205;1718
714;pick;4750;;0.7410526315789474;0.6177606177606177;0.7410526315789474;0.6738131699846861;3520;2178;1230
107;jellyfish;4750;;0.6810526315789474;0.6664606510094767;0.6810526315789474;0.6736776343190338;3235;1619;1515
781;scoreboard;4750;;0.7890526315789473;0.5869088631381146;0.7890526315789473;0.673132183908046;3748;2638;1002
7;cock;4750;;0.5757894736842105;0.8096506808762581;0.5757894736842105;0.6729822834645669;2735;643;2015
319;dragonfly;4750;;0.6402105263157895;0.7085274930102516;0.6402105263157895;0.6726387967263879;3041;1251;1709
440;beer_bottle;4750;;0.6713684210526316;0.6737798436509613;0.6713684210526316;0.6725719708952864;3189;1544;1561
695;padlock;4750;;0.5751578947368421;0.808284023668639;0.5751578947368421;0.6720787207872079;2732;648;2018
553;file;4750;;0.5888421052631579;0.7823776223776224;0.5888421052631579;0.671951951951952;2797;778;1953
134;crane;4750;;0.5576842105263158;0.8433619866284623;0.5576842105263158;0.6713977949562793;2649;492;2101
615;knee_pad;4750;;0.6896842105263158;0.6528497409326425;0.6896842105263158;0.6707616707616707;3276;1742;1474
121;king_crab;4750;;0.6917894736842105;0.650564244704019;0.6917894736842105;0.6705438220589736;3286;1765;1464
377;marmoset;4750;;0.6075789473684211;0.7465080186239007;0.6075789473684211;0.66991643454039;2886;980;1864
849;teapot;4750;;0.5682105263157895;0.8134418324291742;0.5682105263157895;0.6690629647992067;2699;619;2051
82;ruffed_grouse;4750;;0.6336842105263157;0.7079021636876763;0.6336842105263157;0.6687402799377915;3010;1242;1740
305;dung_beetle;4750;;0.5686315789473684;0.8115985576923077;0.5686315789473684;0.668729883634563;2701;627;2049
942;butternut_squash;4750;;0.5486315789473685;0.8552674762061043;0.5486315789473685;0.6684622290624599;2606;441;2144
215;Brittany_spaniel;4750;;0.6589473684210526;0.6770495349340255;0.6589473684210526;0.6678758135068815;3130;1493;1620
362;badger;4750;;0.8235789473684211;0.5616654702081838;0.8235789473684211;0.6678617157490396;3912;3053;838
214;Gordon_setter;4750;;0.6597894736842105;0.6757222940922811;0.6597894736842105;0.6676608436301661;3134;1504;1616
370;guenon;4750;;0.5738947368421052;0.7980093676814989;0.5738947368421052;0.6676463384766103;2726;690;2024
150;sea_lion;4750;;0.6964210526315789;0.6408368849283224;0.6964210526315789;0.6674737691686844;3308;1854;1442
243;bull_mastiff;4750;;0.6008421052631578;0.7490813648293964;0.6008421052631578;0.6668224299065421;2854;956;1896
235;German_shepherd;4750;;0.7345263157894737;0.6090068074707627;0.7345263157894737;0.6659032350415115;3489;2240;1261
630;Loafer;4750;;0.6014736842105263;0.744592129267657;0.6014736842105263;0.6654244788633982;2857;980;1893
203;West_Highland_white_terrier;4750;;0.6981052631578948;0.6351273702355871;0.6981052631578948;0.6651288737338281;3316;1905;1434
833;submarine;4750;;0.6738947368421052;0.6555396272783125;0.6738947368421052;0.6645904702584864;3201;1682;1549
785;seat_belt;4750;;0.6021052631578947;0.7415089447757325;0.6021052631578947;0.6645753456488904;2860;997;1890
796;ski_mask;4750;;0.7258947368421053;0.612759907588413;0.7258947368421053;0.664546593427773;3448;2179;1302
152;Japanese_spaniel;4750;;0.6871578947368421;0.6428993500098483;0.6871578947368421;0.664292256029307;3264;1813;1486
924;guacamole;4750;;0.5246315789473684;0.9032258064516129;0.5246315789473684;0.6637368491143961;2492;267;2258
221;Irish_water_spaniel;4750;;0.6812631578947368;0.6460371331603114;0.6812631578947368;0.6631827031458141;3236;1773;1514
228;komondor;4750;;0.7387368421052631;0.601577232984742;0.7387368421052631;0.6631389965038269;3509;2324;1241
157;papillon;4750;;0.783157894736842;0.5747836835599506;0.783157894736842;0.6629834254143646;3720;2752;1030
336;marmot;4750;;0.7296842105263158;0.6070052539404553;0.7296842105263158;0.662715105162524;3466;2244;1284
125;hermit_crab;4750;;0.5623157894736842;0.8064613526570048;0.5623157894736842;0.6626147357975688;2671;641;2079
441;beer_glass;4750;;0.5846315789473684;0.7641717116125482;0.5846315789473684;0.6624522900763359;2777;857;1973
684;ocarina;4750;;0.7393684210526316;0.5992151509981232;0.7393684210526316;0.6619545754405806;3512;2349;1238
777;scabbard;4750;;0.6713684210526316;0.6506835339726587;0.6713684210526316;0.6608641591544918;3189;1712;1561
814;speedboat;4750;;0.8275789473684211;0.548945677977936;0.8275789473684211;0.6600621274452186;3931;3230;819
919;street_sign;4750;;0.7157894736842105;0.612281649558797;0.7157894736842105;0.66000194118218;3400;2153;1350
595;harvester;4750;;0.6614736842105263;0.6570472605604349;0.6614736842105263;0.6592530423835501;3142;1640;1608
116;chiton;4750;;0.6922105263157895;0.6290415152094891;0.6922105263157895;0.659115966723464;3288;1939;1462
649;megalith;4750;;0.6252631578947369;0.6962025316455697;0.6252631578947369;0.6588287488908607;2970;1296;1780
42;agama;4750;;0.5757894736842105;0.7682584269662921;0.5757894736842105;0.6582430806257521;2735;825;2015
517;crane;4750;;0.7008421052631579;0.6195793783733482;0.7008421052631579;0.6577101649708585;3329;2044;1421
428;barrow;4750;;0.6172631578947368;0.7037926068170908;0.6172631578947368;0.6576940331987439;2932;1234;1818
822;steel_drum;4750;;0.7128421052631579;0.6100900900900901;0.7128421052631579;0.6574757281553398;3386;2164;1364
771;safe;4750;;0.7031578947368421;0.6168051708217913;0.7031578947368421;0.6571569109690113;3340;2075;1410
532;dining_table;4750;;0.6852631578947368;0.6309362279511533;0.6852631578947368;0.6569785043899485;3255;1904;1495
992;agaric;4750;;0.6578947368421053;0.6541762612518317;0.6578947368421053;0.6560302298729925;3125;1652;1625
627;limousine;4750;;0.7311578947368421;0.5948955121616992;0.7311578947368421;0.6560256894597658;3473;2365;1277
765;rocking_chair;4750;;0.6090526315789474;0.7102872575497177;0.6090526315789474;0.6557860138274964;2893;1180;1857
330;wood_rabbit;4750;;0.6924210526315789;0.6212693615413676;0.6924210526315789;0.6549183592194345;3289;2005;1461
198;standard_schnauzer;4750;;0.7229473684210527;0.598570681540875;0.7229473684210527;0.6549060741870888;3434;2303;1316
646;maze;4750;;0.8355789473684211;0.5380235868239122;0.8355789473684211;0.6545724416591078;3969;3408;781
597;holster;4750;;0.5463157894736842;0.8124608641202254;0.5463157894736842;0.6533232628398792;2595;599;2155
903;wig;4750;;0.6513684210526316;0.654122621564482;0.6513684210526316;0.6527426160337553;3094;1636;1656
593;harmonica;4750;;0.628421052631579;0.67810086324398;0.628421052631579;0.6523164335664335;2985;1417;1765
3;tiger_shark;4750;;0.6850526315789474;0.620045731707317;0.6850526315789474;0.6509301860372074;3254;1994;1496
511;convertible;4750;;0.5974736842105263;0.7143216712811478;0.5974736842105263;0.6506935687263556;2838;1135;1912
579;grand_piano;4750;;0.5570526315789474;0.78099173553719;0.5570526315789474;0.6502826247235193;2646;742;2104
974;geyser;4750;;0.7252631578947368;0.5881850776848215;0.7252631578947368;0.6495710379937777;3445;2412;1305
939;zucchini;4750;;0.5831578947368421;0.7314496963295485;0.5831578947368421;0.6489399086330092;2770;1017;1980
279;Arctic_fox;4750;;0.7793684210526316;0.5556889822876013;0.7793684210526316;0.6487907465825447;3702;2960;1048
852;tennis_ball;4750;;0.7122105263157895;0.5951794510907812;0.7122105263157895;0.6484569676059038;3383;2301;1367
720;pill_bottle;4750;;0.6669473684210526;0.629695885509839;0.6669473684210526;0.6477865248952049;3168;1863;1582
353;gazelle;4750;;0.6612631578947369;0.6344172894364775;0.6612631578947369;0.6475621069992785;3141;1810;1609
194;Dandie_Dinmont;4750;;0.6987368421052632;0.6019223793978963;0.6987368421052632;0.646726422447389;3319;2195;1431
120;fiddler_crab;4750;;0.5810526315789474;0.7278481012658228;0.5810526315789474;0.6462186841489113;2760;1032;1990
337;beaver;4750;;0.6469473684210526;0.6454526360008401;0.6469473684210526;0.6461991378403953;3073;1688;1677
889;violin;4750;;0.5698947368421052;0.7436813186813187;0.5698947368421052;0.6452920143027413;2707;933;2043
870;tricycle;4750;;0.6793684210526316;0.6137314568276911;0.6793684210526316;0.6448840927258193;3227;2031;1523
877;turnstile;4750;;0.6037894736842105;0.6912509038322487;0.6037894736842105;0.6445668052590179;2868;1281;1882
940;spaghetti_squash;4750;;0.6814736842105263;0.6086874764949229;0.6814736842105263;0.6430274135876043;3237;2081;1513
416;balance_beam;4750;;0.7673684210526316;0.5530268548020028;0.7673684210526316;0.6428004585133587;3645;2946;1105
931;bagel;4750;;0.5785263157894737;0.7229676400947119;0.5785263157894737;0.6427318442287452;2748;1053;2002
303;long-horned_beetle;4750;;0.6867368421052632;0.6034036256011839;0.6867368421052632;0.6423788893265066;3262;2144;1488
72;black_and_gold_garden_spider;4750;;0.5922105263157895;0.7011465603190429;0.5922105263157895;0.6420908468386213;2813;1199;1937
361;skunk;4750;;0.795578947368421;0.5377828376262985;0.795578947368421;0.6417593614672668;3779;3248;971
177;Scottish_deerhound;4750;;0.7092631578947368;0.5859130434782609;0.7092631578947368;0.6417142857142857;3369;2381;1381
154;Pekinese;4750;;0.668;0.6163558663558664;0.668;0.6411396241664984;3173;1975;1577
641;maraca;4750;;0.7454736842105263;0.5624205844980941;0.7454736842105263;0.6411370631902952;3541;2755;1209
557;flagpole;4750;;0.6109473684210527;0.6740998838559814;0.6109473684210527;0.6409718387631144;2902;1403;1848
149;dugong;4750;;0.7764210526315789;0.5448367557984931;0.7764210526315789;0.6403333622710305;3688;3081;1062
393;anemone_fish;4750;;0.4808421052631579;0.9580536912751678;0.4808421052631579;0.6403139893467901;2284;100;2466
47;African_chameleon;4750;;0.7450526315789474;0.5607669149104738;0.7450526315789474;0.6399059759515414;3539;2772;1211
78;tick;4750;;0.7587368421052632;0.5519142419601838;0.7587368421052632;0.6390070921985815;3604;2926;1146
950;orange;4750;;0.5501052631578948;0.7609202096680256;0.5501052631578948;0.6385630498533724;2613;821;2137
171;Italian_greyhound;4750;;0.5772631578947368;0.7127631920977385;0.5772631578947368;0.6378969407933001;2742;1105;2008
586;half_track;4750;;0.6924210526315789;0.5904847396768402;0.6924210526315789;0.6374031007751937;3289;2281;1461
262;Brabancon_griffon;4750;;0.7016842105263158;0.5829980759139409;0.7016842105263158;0.6368586987675552;3333;2384;1417
997;bolete;4750;;0.5461052631578948;0.7629411764705882;0.5461052631578948;0.6365644171779142;2594;806;2156
568;fur_coat;4750;;0.6292631578947369;0.6436261843238588;0.6292631578947369;0.6363636363636364;2989;1655;1761
181;Bedlington_terrier;4750;;0.6964210526315789;0.5850725150336046;0.6964210526315789;0.6359092656670512;3308;2346;1442
43;frilled_lizard;4750;;0.6572631578947369;0.6157790927021696;0.6572631578947369;0.635845213849287;3122;1948;1628
507;combination_lock;4750;;0.6463157894736842;0.6256368453230079;0.6463157894736842;0.6358082220151186;3070;1837;1680
41;whiptail;4750;;0.756;0.5474919957310566;0.756;0.6350694137412681;3591;2968;1159
410;apiary;4750;;0.6711578947368421;0.6024187452758881;0.6711578947368421;0.6349332802230631;3188;2104;1562
467;butcher_shop;4750;;0.49473684210526314;0.8857896720693554;0.49473684210526314;0.6348777522625962;2350;303;2400
313;walking_stick;4750;;0.5370526315789473;0.7758515815085159;0.5370526315789473;0.634735008708634;2551;737;2199
161;basset;4750;;0.584;0.6950638937609621;0.584;0.6347099874156276;2774;1217;1976
234;Rottweiler;4750;;0.7098947368421052;0.5738597685500341;0.7098947368421052;0.634669678147939;3372;2504;1378
242;boxer;4750;;0.5581052631578948;0.7323204419889503;0.5581052631578948;0.6334528076463561;2651;969;2099
33;loggerhead;4750;;0.6178947368421053;0.6486187845303868;0.6178947368421053;0.6328840970350404;2935;1590;1815
335;fox_squirrel;4750;;0.7677894736842106;0.5381437214106537;0.7677894736842106;0.632775223388566;3647;3130;1103
211;vizsla;4750;;0.6216842105263158;0.6437758883802049;0.6216842105263158;0.6325372175216879;2953;1634;1797
468;cab;4750;;0.6421052631578947;0.6229575163398693;0.6421052631578947;0.6323864814430852;3050;1846;1700
686;oil_filter;4750;;0.6332631578947369;0.630211606955793;0.6332631578947369;0.631733697364276;3008;1765;1742
457;bow_tie;4750;;0.5437894736842105;0.7521840419336051;0.5437894736842105;0.6312316715542521;2583;851;2167
229;Old_English_sheepdog;4750;;0.7842105263157895;0.5277699064890904;0.7842105263157895;0.6309281842818428;3725;3333;1025
164;bluetick;4750;;0.6465263157894737;0.6155542192824214;0.6465263157894737;0.6306602320566794;3071;1918;1679
897;washer;4750;;0.5456842105263158;0.7467588591184097;0.5456842105263158;0.6305802213842597;2592;879;2158
840;swab;4750;;0.6597894736842105;0.6035047178894666;0.6597894736842105;0.6303932414764155;3134;2059;1616
273;dingo;4750;;0.6418947368421053;0.6174564601053057;0.6418947368421053;0.62943848059455;3049;1889;1701
776;sax;4750;;0.5690526315789474;0.7040896066684033;0.5690526315789474;0.6294097100943066;2703;1136;2047
373;macaque;4750;;0.6088421052631579;0.6509115462525321;0.6088421052631579;0.6291743718046339;2892;1551;1858
716;picket_fence;4750;;0.5389473684210526;0.755608028335301;0.5389473684210526;0.6291472106168592;2560;828;2190
550;espresso_maker;4750;;0.5587368421052632;0.7196312364425163;0.5587368421052632;0.6290590187248164;2654;1034;2096
859;toaster;4750;;0.5349473684210526;0.7628339837886521;0.5349473684210526;0.6288825640391041;2541;790;2209
891;waffle_iron;4750;;0.5932631578947368;0.668564650059312;0.5932631578947368;0.6286670384829894;2818;1397;1932
617;lab_coat;4750;;0.592842105263158;0.6668245323229931;0.592842105263158;0.6276607600579516;2816;1407;1934
753;radiator;4750;;0.5557894736842105;0.7207207207207207;0.5557894736842105;0.627600142636396;2640;1023;2110
114;slug;4750;;0.5284210526315789;0.7645446238196771;0.5284210526315789;0.6249221959417403;2510;773;2240
315;mantis;4750;;0.5191578947368422;0.7846006999681833;0.5191578947368422;0.6248574686431015;2466;677;2284
580;greenhouse;4750;;0.5290526315789473;0.7626707132018209;0.5290526315789473;0.6247358607830952;2513;782;2237
896;washbasin;4750;;0.596;0.6562355122855819;0.596;0.6246690203000883;2831;1483;1919
173;Ibizan_hound;4750;;0.5783157894736842;0.678606719367589;0.5783157894736842;0.6244601045692203;2747;1301;2003
895;warplane;4750;;0.6532631578947369;0.5968455472206193;0.6532631578947369;0.6237812845512112;3103;2096;1647
252;affenpinscher;4750;;0.6574736842105263;0.5931623931623932;0.6574736842105263;0.6236645032451323;3123;2142;1627
384;indri;4750;;0.7888421052631579;0.5151931802557405;0.7888421052631579;0.6233053314480579;3747;3526;1003
210;German_short-haired_pointer;4750;;0.6917894736842105;0.567138419054194;0.6917894736842105;0.6232928679817907;3286;2508;1464
117;chambered_nautilus;4750;;0.836;0.4966233116558279;0.836;0.6230974423348501;3971;4025;779
752;racket;4750;;0.5631578947368421;0.6958896982310093;0.5631578947368421;0.6225273446590643;2675;1169;2075
394;sturgeon;4750;;0.6261052631578947;0.6184237887294656;0.6261052631578947;0.6222408201694739;2974;1835;1776
717;pickup;4750;;0.5663157894736842;0.6895667777492951;0.5663157894736842;0.6218934227256964;2690;1211;2060
798;slide_rule;4750;;0.5086315789473684;0.798941798941799;0.5086315789473684;0.6215590429637252;2416;608;2334
583;guillotine;4750;;0.7686315789473684;0.5202336848104874;0.7686315789473684;0.6204962610469069;3651;3367;1099
666;mortar;4750;;0.7157894736842105;0.5475040257648953;0.7157894736842105;0.6204379562043796;3400;2810;1350
123;spiny_lobster;4750;;0.5288421052631579;0.7487332339791356;0.5288421052631579;0.6198642813078347;2512;843;2238
773;saltshaker;4750;;0.5018947368421053;0.8051334008780817;0.5018947368421053;0.6183374400207495;2384;577;2366
437;beacon;4750;;0.6387368421052632;0.5988945913936045;0.6387368421052632;0.6181744091279544;3034;2032;1716
825;stone_wall;4750;;0.5033684210526316;0.798064085447263;0.5033684210526316;0.6173508907823393;2391;605;2359
128;black_stork;4750;;0.7882105263157895;0.5069049553208773;0.7882105263157895;0.6170072511535927;3744;3642;1006
647;measuring_cup;4750;;0.5416842105263158;0.7163140311804009;0.5416842105263158;0.6168784464157278;2573;1019;2177
758;reel;4750;;0.5549473684210526;0.6942322886489334;0.5549473684210526;0.6168246168246168;2636;1161;2114
249;malamute;4750;;0.5781052631578948;0.6597789524267179;0.5781052631578948;0.6162477558348295;2746;1416;2004
759;reflex_camera;4750;;0.5936842105263158;0.6398910823689585;0.5936842105263158;0.6159222452768374;2820;1587;1930
63;Indian_cobra;4750;;0.7313684210526316;0.5317618245828869;0.7313684210526316;0.6157936718957724;3474;3059;1276
484;catamaran;4750;;0.5353684210526316;0.7240888382687927;0.5353684210526316;0.6155894456548052;2543;969;2207
659;mixing_bowl;4750;;0.5871578947368421;0.6467996289424861;0.5871578947368421;0.6155374089604945;2789;1523;1961
80;black_grouse;4750;;0.8766315789473684;0.47404371584699456;0.8766315789473684;0.615339145854884;4164;4620;586
789;shoji;4750;;0.6962105263157895;0.5503411549342653;0.6962105263157895;0.6147411469467422;3307;2702;1443
882;vacuum;4750;;0.5187368421052632;0.7537473233404711;0.5187368421052632;0.6145404663923182;2464;805;2286
570;gasmask;4750;;0.6035789473684211;0.6255727689286493;0.6035789473684211;0.6143790849673203;2867;1716;1883
182;Border_terrier;4750;;0.5286315789473685;0.7331386861313869;0.5286315789473685;0.6143119266055047;2511;914;2239
635;magnetic_compass;4750;;0.716;0.5378775897517002;0.716;0.6142870044251784;3401;2922;1349
199;Scotch_terrier;4750;;0.5772631578947368;0.6558239655584789;0.5772631578947368;0.614040980853208;2742;1439;2008
756;rain_barrel;4750;;0.5501052631578948;0.6947620313746344;0.5501052631578948;0.6140289037715897;2613;1148;2137
310;ant;4750;;0.7004210526315789;0.5457677165354331;0.7004210526315789;0.6134980638023234;3327;2769;1423
520;crib;4750;;0.5347368421052632;0.7191392978482446;0.5347368421052632;0.6133784110118329;2540;992;2210
826;stopwatch;4750;;0.5814736842105264;0.6483568075117371;0.5814736842105264;0.6130965593784683;2762;1498;1988
369;siamang;4750;;0.6096842105263158;0.615253877204164;0.6096842105263158;0.6124563815163371;2896;1811;1854
965;burrito;4750;;0.48189473684210526;0.8387687797728105;0.48189473684210526;0.6121139189731246;2289;440;2461
106;wombat;4750;;0.5176842105263157;0.7480985701247338;0.5176842105263157;0.611919870598482;2459;828;2291
220;Sussex_spaniel;4750;;0.6082105263157894;0.6154665530464423;0.6082105263157894;0.6118170266836086;2889;1805;1861
476;carousel;4750;;0.8663157894736843;0.472716829408386;0.8663157894736843;0.611668524712003;4115;4590;635
881;upright;4750;;0.735578947368421;0.5226626776364997;0.735578947368421;0.6111062527328377;3494;3191;1256
295;American_black_bear;4750;;0.6905263157894737;0.5477621910487642;0.6905263157894737;0.610914509219594;3280;2708;1470
236;Doberman;4750;;0.6282105263157894;0.5935945892182216;0.6282105263157894;0.6104121918788994;2984;2043;1766
483;castle;4750;;0.5705263157894737;0.6558567279767668;0.5705263157894737;0.610222922765143;2710;1422;2040
465;bulletproof_vest;4750;;0.6618947368421053;0.5646551724137931;0.6618947368421053;0.6094204303159527;3144;2424;1606
521;Crock_Pot;4750;;0.4671578947368421;0.8746551044540796;0.4671578947368421;0.6090297790585976;2219;318;2531
342;wild_boar;4750;;0.6151578947368421;0.6027227722772277;0.6151578947368421;0.6088768493436132;2922;1926;1828
447;binoculars;4750;;0.5677894736842105;0.656364078851302;0.5677894736842105;0.6088723332204538;2697;1412;2053
847;tank;4750;;0.6505263157894737;0.5720103665309145;0.6505263157894737;0.6087470449172577;3090;2312;1660
831;studio_couch;4750;;0.7061052631578948;0.5343316871116776;0.7061052631578948;0.6083250204044618;3354;2923;1396
711;perfume;4750;;0.5930526315789474;0.6236440115120655;0.5930526315789474;0.6079637423114277;2817;1700;1933
118;Dungeness_crab;4750;;0.4911578947368421;0.7976068376068376;0.4911578947368421;0.6079478827361563;2333;592;2417
715;pickelhaube;4750;;0.4886315789473684;0.803392177223953;0.4886315789473684;0.6076711611467469;2321;568;2429
433;bathing_cap;4750;;0.6172631578947368;0.5981232150142799;0.6172631578947368;0.6075424782428512;2932;1970;1818
791;shopping_cart;4750;;0.5444210526315789;0.6870350690754516;0.5444210526315789;0.6074700493305144;2586;1178;2164
971;bubble;4750;;0.6092631578947368;0.6041753653444677;0.6092631578947368;0.6067085953878408;2894;1896;1856
329;sea_cucumber;4750;;0.5522105263157895;0.6715309779825909;0.5522105263157895;0.6060536044362292;2623;1283;2127
223;schipperke;4750;;0.6090526315789474;0.6022064945878435;0.6090526315789474;0.6056102156164958;2893;1911;1857
690;oxcart;4750;;0.7425263157894737;0.5110853499492827;0.7425263157894737;0.6054415929963093;3527;3374;1223
514;cowboy_boot;4750;;0.5757894736842105;0.6367869615832363;0.5757894736842105;0.6047540077390824;2735;1560;2015
875;trombone;4750;;0.5549473684210526;0.6606516290726817;0.5549473684210526;0.6032036613272311;2636;1354;2114
453;bookcase;4750;;0.600421052631579;0.60552016985138;0.600421052631579;0.6029598308668077;2852;1858;1898
739;potter's_wheel;4750;;0.7810526315789473;0.4906758365295596;0.7810526315789473;0.6027130208756396;3710;3851;1040
533;dishrag;4750;;0.45494736842105266;0.8889345948169478;0.45494736842105266;0.6018660353711182;2161;270;2589
183;Kerry_blue_terrier;4750;;0.5947368421052631;0.6089674498814399;0.5947368421052631;0.6017680264138886;2825;1814;1925
610;jersey;4750;;0.6503157894736842;0.5598042769119246;0.6503157894736842;0.6016751071289442;3089;2429;1661
209;Chesapeake_Bay_retriever;4750;;0.5117894736842106;0.7276264591439688;0.5117894736842106;0.6009145964652084;2431;910;2319
737;pop_bottle;4750;;0.5107368421052632;0.7283098168718103;0.5107368421052632;0.6004207400074247;2426;905;2324
399;abaya;4750;;0.7010526315789474;0.5242443324937027;0.7010526315789474;0.5998919113673212;3330;3022;1420
302;ground_beetle;4750;;0.6501052631578947;0.5542990486447675;0.6501052631578947;0.5983916287181476;3088;2483;1662
40;American_chameleon;4750;;0.5757894736842105;0.6224396904870277;0.5757894736842105;0.598206474190726;2735;1659;2015
738;pot;4750;;0.744421052631579;0.49971735443753534;0.744421052631579;0.5980043970911552;3536;3540;1214
913;wreck;4750;;0.6098947368421053;0.5865559829925086;0.6098947368421053;0.5979977293838373;2897;2042;1853
382;squirrel_monkey;4750;;0.5915789473684211;0.6041711459901097;0.5915789473684211;0.5978087437506648;2810;1841;1940
855;thimble;4750;;0.6101052631578947;0.5858095815645846;0.6101052631578947;0.5977106321542746;2898;2049;1852
602;horizontal_bar;4750;;0.6191578947368421;0.5771193092621664;0.6191578947368421;0.5973999593743652;2941;2155;1809
760;refrigerator;4750;;0.5263157894736842;0.6904170118751726;0.5263157894736842;0.597300203082069;2500;1121;2250
176;Saluki;4750;;0.611578947368421;0.5828651685393258;0.611578947368421;0.5968769262379289;2905;2079;1845
374;langur;4750;;0.5997894736842105;0.5939128622055452;0.5997894736842105;0.5968367026290982;2849;1948;1901
806;sock;4750;;0.5414736842105263;0.6642561983471075;0.5414736842105263;0.596613314776154;2572;1300;2178
449;boathouse;4750;;0.576;0.6184448462929476;0.576;0.5964682799215173;2736;1688;2014
803;snowplow;4750;;0.7568421052631579;0.49179206566347466;0.7568421052631579;0.5961857379767828;3595;3715;1155
616;knot;4750;;0.7132631578947368;0.5119371411302508;0.7132631578947368;0.5960591133004927;3388;3230;1362
901;whiskey_jug;4750;;0.6448421052631579;0.551693083573487;0.6448421052631579;0.5946418171228888;3063;2489;1687
212;English_setter;4750;;0.5364210526315789;0.6670157068062827;0.5364210526315789;0.5946324387397899;2548;1272;2202
574;golf_ball;4750;;0.7166315789473684;0.5076808351976138;0.7166315789473684;0.594325621999127;3404;3301;1346
966;red_wine;4750;;0.6069473684210527;0.5818365287588295;0.6069473684210527;0.5941267387944358;2883;2072;1867
191;Airedale;4750;;0.6477894736842106;0.5482893799002139;0.6477894736842106;0.5939007913530208;3077;2535;1673
455;bottlecap;4750;;0.49305263157894735;0.7463352453792225;0.49305263157894735;0.5938133874239351;2342;796;2408
902;whistle;4750;;0.7730526315789473;0.4819530122063263;0.7730526315789473;0.5937424205675479;3672;3947;1078
943;cucumber;4750;;0.5256842105263158;0.6801961318441841;0.5256842105263158;0.5930412065075406;2497;1174;2253
159;Rhodesian_ridgeback;4750;;0.5852631578947368;0.5999136814846785;0.5852631578947368;0.5924978687127025;2780;1854;1970
864;tow_truck;4750;;0.5101052631578947;0.7051804423748544;0.5101052631578947;0.5919863181040801;2423;1013;2327
589;hand_blower;4750;;0.4917894736842105;0.7430025445292621;0.4917894736842105;0.5918419052444894;2336;808;2414
552;feather_boa;4750;;0.508421052631579;0.7080035180299032;0.508421052631579;0.5918392353878201;2415;996;2335
703;park_bench;4750;;0.6061052631578947;0.5779963862678177;0.6061052631578947;0.5917171924776488;2879;2102;1871
37;box_turtle;4750;;0.4688421052631579;0.7999281609195402;0.4688421052631579;0.5911866206530396;2227;557;2523
880;unicycle;4750;;0.6814736842105263;0.5207528957528957;0.6814736842105263;0.590370235272661;3237;2979;1513
115;sea_slug;4750;;0.4896842105263158;0.7414727446605036;0.4896842105263158;0.5898313680740459;2326;811;2424
546;electric_guitar;4750;;0.6442105263157895;0.5425531914893617;0.6442105263157895;0.5890279114533205;3060;2580;1690
237;miniature_pinscher;4750;;0.5362105263157895;0.6530769230769231;0.5362105263157895;0.5889017341040462;2547;1353;2203
112;conch;4750;;0.592842105263158;0.5841111802530595;0.592842105263158;0.5884442586981506;2816;2005;1934
858;tile_roof;4750;;0.4896842105263158;0.734913112164297;0.4896842105263158;0.5877447883765002;2326;839;2424
964;potpie;4750;;0.5724210526315789;0.6026152482269503;0.5724210526315789;0.5871302094580004;2719;1793;2031
522;croquet_ball;4750;;0.7576842105263157;0.4792276964047936;0.7576842105263157;0.5871125611745514;3599;3911;1151
658;mitten;4750;;0.45494736842105266;0.8244944677603968;0.45494736842105266;0.5863519196852531;2161;460;2589
390;eel;4750;;0.5288421052631579;0.6575916230366492;0.5288421052631579;0.5862310385064177;2512;1308;2238
172;whippet;4750;;0.5850526315789474;0.5872781065088757;0.5850526315789474;0.5861632566968994;2779;1953;1971
405;airship;4750;;0.6292631578947369;0.5484403669724771;0.6292631578947369;0.5860784313725491;2989;2461;1761
544;Dutch_oven;4750;;0.5117894736842106;0.6851747463359639;0.5117894736842106;0.5859243191130393;2431;1117;2319
857;throne;4750;;0.592;0.5797938144329897;0.592;0.5858333333333334;2812;2038;1938
232;Border_collie;4750;;0.6370526315789473;0.5420996058760301;0.6370526315789473;0.5857530003871467;3026;2556;1724
61;boa_constrictor;4750;;0.4366315789473684;0.8863247863247863;0.4366315789473684;0.5850493653032439;2074;266;2676
38;banded_gecko;4750;;0.7282105263157894;0.48849032622510946;0.7282105263157894;0.5847350181725973;3459;3622;1291
979;valley;4750;;0.6168421052631579;0.5549242424242424;0.6168421052631579;0.584247258225324;2930;2350;1820
474;cardigan;4750;;0.5029473684210526;0.6958928051267114;0.5029473684210526;0.5838934376145668;2389;1044;2361
264;Cardigan;4750;;0.6101052631578947;0.5578440808469682;0.6101052631578947;0.5828054298642534;2898;2297;1852
608;jean;4750;;0.48610526315789476;0.7272440944881889;0.48610526315789476;0.5827129337539433;2309;866;2441
572;goblet;4750;;0.5023157894736842;0.6927990708478513;0.5023157894736842;0.5823773492799609;2386;1058;2364
477;carpenter's_kit;4750;;0.5837894736842105;0.5801255230125523;0.5837894736842105;0.5819517313746064;2773;2007;1977
443;bib;4750;;0.5326315789473685;0.6403442166540116;0.5326315789473685;0.5815423514538559;2530;1421;2220
50;American_alligator;4750;;0.4785263157894737;0.7408735332464146;0.4785263157894737;0.5814786390381171;2273;795;2477
769;rule;4750;;0.6056842105263158;0.5576662143826323;0.6056842105263158;0.5806842264607932;2877;2282;1873
730;plow;4750;;0.5770526315789474;0.5835639770066;0.5770526315789474;0.5802900391658729;2741;1956;2009
400;academic_gown;4750;;0.7035789473684211;0.49262971698113206;0.7035789473684211;0.5795040749089648;3342;3442;1408
674;mousetrap;4750;;0.7109473684210527;0.4884292739369395;0.7109473684210527;0.5790466392318245;3377;3537;1373
793;shower_cap;4750;;0.5837894736842105;0.574357912178956;0.5837894736842105;0.5790352892044268;2773;2055;1977
31;tree_frog;4750;;0.4473684210526316;0.8188824662813102;0.4473684210526316;0.5786249149081008;2125;470;2625
531;digital_watch;4750;;0.49094736842105263;0.7030449201085318;0.49094736842105263;0.5781579273583737;2332;985;2418
596;hatchet;4750;;0.5096842105263157;0.6647446457990115;0.5096842105263157;0.5769780743565299;2421;1221;2329
314;cockroach;4750;;0.5252631578947369;0.6382706574571502;0.5252631578947369;0.576279016052662;2495;1414;2255
667;mortarboard;4750;;0.4654736842105263;0.756155950752394;0.4654736842105263;0.5762314308053166;2211;713;2539
850;teddy;4750;;0.5938947368421053;0.5579509493670886;0.5938947368421053;0.5753620232510708;2821;2235;1929
551;face_powder;4750;;0.6848421052631579;0.49565747371628827;0.6848421052631579;0.5750906037302219;3253;3310;1497
929;ice_lolly;4750;;0.47768421052631577;0.7223814071951608;0.47768421052631577;0.5750855404891648;2269;872;2481
778;scale;4750;;0.496;0.6827006664734859;0.496;0.5745640775515182;2356;1095;2394
693;paddle;4750;;0.5650526315789474;0.5834782608695652;0.5650526315789474;0.5741176470588236;2684;1916;2066
982;groom;4750;;0.4343157894736842;0.8444535407286123;0.4343157894736842;0.5736132350896704;2063;380;2687
427;barrel;4750;;0.6566315789473685;0.5078150439596223;0.6566315789473685;0.5727139184722733;3119;3023;1631
699;panpipe;4750;;0.747578947368421;0.46400104534169606;0.747578947368421;0.5726034024026444;3551;4102;1199
473;can_opener;4750;;0.6157894736842106;0.5343441724515894;0.6157894736842106;0.5721830985915494;2925;2549;1825
774;sandal;4750;;0.49136842105263157;0.6836555360281195;0.49136842105263157;0.5717785399314061;2334;1080;2416
721;pillow;4750;;0.4437894736842105;0.8033536585365854;0.4437894736842105;0.571738540819094;2108;516;2642
269;timber_wolf;4750;;0.5566315789473684;0.5874250166629638;0.5566315789473684;0.5716138795805858;2644;1857;2106
311;grasshopper;4750;;0.5336842105263158;0.6138014527845036;0.5336842105263158;0.5709459459459459;2535;1595;2215
206;curly-coated_retriever;4750;;0.6136842105263158;0.5333943275388838;0.6136842105263158;0.5707293196279981;2915;2550;1835
487;cellular_telephone;4750;;0.5402105263157895;0.603480714957667;0.5402105263157895;0.5700955343257055;2566;1686;2184
162;beagle;4750;;0.6021052631578947;0.5386064030131826;0.6021052631578947;0.5685884691848905;2860;2450;1890
823;stethoscope;4750;;0.5303157894736842;0.6093372036768263;0.5303157894736842;0.5670868977937865;2519;1615;2231
745;projector;4750;;0.49957894736842107;0.655524861878453;0.49957894736842107;0.5670250896057347;2373;1247;2377
481;cassette;4750;;0.4941052631578947;0.6629943502824859;0.4941052631578947;0.5662243667068758;2347;1193;2403
277;red_fox;4750;;0.6117894736842105;0.5261633170378418;0.6117894736842105;0.5657548914630586;2906;2617;1844
108;sea_anemone;4750;;0.5597894736842105;0.5714592735869332;0.5597894736842105;0.5655641816441561;2659;1994;2091
671;mountain_bike;4750;;0.7938947368421052;0.4382845188284519;0.7938947368421052;0.564774599370975;3771;4833;979
196;miniature_schnauzer;4750;;0.4381052631578947;0.7933663743804804;0.4381052631578947;0.5644920656449206;2081;542;2669
676;muzzle;4750;;0.5517894736842105;0.5764240158346162;0.5517894736842105;0.563837797138862;2621;1926;2129
653;milk_can;4750;;0.6063157894736843;0.5267971465154564;0.6063157894736843;0.5637662718997749;2880;2587;1870
155;Shih-Tzu;4750;;0.5242105263157895;0.609547123623011;0.5242105263157895;0.5636672325976231;2490;1595;2260
49;African_crocodile;4750;;0.476;0.6899603295697284;0.476;0.5633486981437648;2261;1016;2489
665;moped;4750;;0.4435789473684211;0.7709476765459202;0.4435789473684211;0.5631431244153414;2107;626;2643
538;dome;4750;;0.5071578947368421;0.6321175544476515;0.5071578947368421;0.5627847214110502;2409;1402;2341
530;digital_clock;4750;;0.548;0.5780590717299579;0.548;0.5626283367556469;2603;1900;2147
256;Newfoundland;4750;;0.5797894736842105;0.5455625990491284;0.5797894736842105;0.5621555419473363;2754;2294;1996
298;mongoose;4750;;0.5197894736842106;0.608128078817734;0.5197894736842106;0.5604994324631101;2469;1591;2281
52;thunder_snake;4750;;0.6757894736842105;0.47874720357941836;0.6757894736842105;0.5604539502400698;3210;3495;1540
421;bannister;4750;;0.6814736842105263;0.47581949140085256;0.6814736842105263;0.5603739288496494;3237;3566;1513
186;Norwich_terrier;4750;;0.6136842105263158;0.5148357470858353;0.6136842105263158;0.559930849020361;2915;2747;1835
513;cornet;4750;;0.5477894736842105;0.5693654266958424;0.5477894736842105;0.5583690987124463;2602;1968;2148
205;flat-coated_retriever;4750;;0.5002105263157894;0.631578947368421;0.5002105263157894;0.5582706766917293;2376;1386;2374
702;parallel_bars;4750;;0.6656842105263158;0.4806932198236546;0.6656842105263158;0.5582627118644068;3162;3416;1588
192;cairn;4750;;0.46189473684210525;0.7050128534704371;0.46189473684210525;0.5581277028745866;2194;918;2556
419;Band_Aid;4750;;0.592842105263158;0.5265519820493643;0.592842105263158;0.5577342047930284;2816;2532;1934
652;military_uniform;4750;;0.5343157894736842;0.5827784156142365;0.5343157894736842;0.557495881383855;2538;1817;2212
65;sea_snake;4750;;0.584;0.5325398349011327;0.584;0.5570840445827894;2774;2435;1976
153;Maltese_dog;4750;;0.5867368421052631;0.5302511415525114;0.5867368421052631;0.5570657605436738;2787;2469;1963
502;clog;4750;;0.5538947368421052;0.5593112244897959;0.5538947368421052;0.5565898032578802;2631;2073;2119
878;typewriter_keyboard;4750;;0.5149473684210526;0.6033547113961519;0.5149473684210526;0.5556565197637438;2446;1608;2304
962;meat_loaf;4750;;0.4688421052631579;0.6812480881003365;0.4688421052631579;0.5554308517271481;2227;1042;2523
696;paintbrush;4750;;0.5397894736842105;0.5711739808420584;0.5397894736842105;0.5550384240718691;2564;1925;2186
788;shoe_shop;4750;;0.49515789473684213;0.6312399355877617;0.49515789473684213;0.5549787635677207;2352;1374;2398
480;cash_machine;4750;;0.5334736842105263;0.5782747603833865;0.5334736842105263;0.5549715286903197;2534;1848;2216
442;bell_cote;4750;;0.6326315789473684;0.4939996712148611;0.6326315789473684;0.5547863011169575;3005;3078;1745
328;sea_urchin;4750;;0.6581052631578947;0.47922734937912004;0.6581052631578947;0.5545994854963188;3126;3397;1624
581;grille;4750;;0.4231578947368421;0.8033573141486811;0.4231578947368421;0.5543298400441258;2010;492;2740
790;shopping_basket;4750;;0.5528421052631579;0.555414551607445;0.5528421052631579;0.5541253428993458;2626;2102;2124
271;red_wolf;4750;;0.5157894736842106;0.5984367366878358;0.5157894736842106;0.5540479421076436;2450;1644;2300
459;brassiere;4750;;0.5863157894736842;0.5245809003578829;0.5863157894736842;0.5537329754448752;2785;2524;1965
402;acoustic_guitar;4750;;0.4631578947368421;0.6864274570982839;0.4631578947368421;0.5531112507856694;2200;1005;2550
808;sombrero;4750;;0.5993684210526316;0.5130654171922869;0.5993684210526316;0.5528692106029711;2847;2702;1903
304;leaf_beetle;4750;;0.4362105263157895;0.7537286285922153;0.4362105263157895;0.5526070142685692;2072;677;2678
494;chime;4750;;0.54;0.5653515538902358;0.54;0.5523850543770863;2565;1972;2185
395;gar;4750;;0.6532631578947369;0.4781938665433811;0.6532631578947369;0.5521843580389715;3103;3386;1647
348;ram;4750;;0.4065263157894737;0.8601336302895323;0.4065263157894737;0.552108649035025;1931;314;2819
697;pajama;4750;;0.5427368421052632;0.5611667392250762;0.5427368421052632;0.5517979452054795;2578;2016;2172
207;golden_retriever;4750;;0.6629473684210526;0.47218473534263006;0.6629473684210526;0.5515369121639373;3149;3520;1601
525;dam;4750;;0.6149473684210527;0.499743370402053;0.6149473684210527;0.5513921661160925;2921;2924;1829
503;cocktail_shaker;4750;;0.5781052631578948;0.5267600230193746;0.5781052631578948;0.5512395864699388;2746;2467;2004
996;hen-of-the-woods;4750;;0.7210526315789474;0.4459635416666667;0.7210526315789474;0.5510860820595334;3425;4255;1325
866;tractor;4750;;0.708;0.45014054343461385;0.708;0.5503641273218232;3363;4108;1387
930;French_loaf;4750;;0.6223157894736842;0.49266666666666664;0.6223157894736842;0.549953488372093;2956;3044;1794
543;dumbbell;4750;;0.6027368421052631;0.5048492329395169;0.6027368421052631;0.5494674215526341;2863;2808;1887
634;lumbermill;4750;;0.5431578947368421;0.5557949159844895;0.5431578947368421;0.5494037478705281;2580;2062;2170
385;Indian_elephant;4750;;0.5381052631578948;0.5604034203025652;0.5381052631578948;0.5490280313607561;2556;2005;2194
101;tusker;4750;;0.6966315789473684;0.4513708907379621;0.6966315789473684;0.5478023342438539;3309;4022;1441
64;green_mamba;4750;;0.6362105263157894;0.47998729351969505;0.6362105263157894;0.5471663950751403;3022;3274;1728
588;hamper;4750;;0.5534736842105263;0.5403905447070915;0.5534736842105263;0.5468538741549662;2629;2236;2121
845;syringe;4750;;0.4709473684210526;0.6510477299185099;0.4709473684210526;0.5465428780845345;2237;1199;2513
413;assault_rifle;4750;;0.5648421052631579;0.5289826498422713;0.5648421052631579;0.5463245774791285;2683;2389;2067
887;vestment;4750;;0.5362105263157895;0.5563564875491481;0.5362105263157895;0.546097770154374;2547;2031;2203
280;grey_fox;4750;;0.64;0.47566890940384915;0.64;0.5457319809711875;3040;3351;1710
683;oboe;4750;;0.5823157894736842;0.5096738529574351;0.5823157894736842;0.543578657757689;2766;2661;1984
263;Pembroke;4750;;0.4648421052631579;0.6544161232957914;0.4648421052631579;0.5435745937961596;2208;1166;2542
241;EntleBucher;4750;;0.6751578947368421;0.4541206457094308;0.6751578947368421;0.5430071114121233;3207;3855;1543
835;sundial;4750;;0.48736842105263156;0.6113018220227092;0.48736842105263156;0.5423450860958181;2315;1472;2435
168;redbone;4750;;0.6101052631578947;0.4877145742174352;0.6101052631578947;0.5420875420875421;2898;3044;1852
158;toy_terrier;4750;;0.6113684210526316;0.4865136538783716;0.6113684210526316;0.5418415897005318;2904;3065;1846
422;barbell;4750;;0.49136842105263157;0.6032566554665288;0.49136842105263157;0.5415941524538809;2334;1535;2416
224;groenendael;4750;;0.6248421052631579;0.4759461193072482;0.6248421052631579;0.5403240487893682;2968;3268;1782
431;bassinet;4750;;0.49515789473684213;0.5945399393326593;0.49515789473684213;0.5403170227429359;2352;1604;2398
827;stove;4750;;0.5368421052631579;0.5435941163930932;0.5368421052631579;0.5401970130282809;2550;2141;2200
492;chest;4750;;0.5054736842105263;0.5798116397005554;0.5054736842105263;0.5400967270273309;2401;1740;2349
30;bullfrog;4750;;0.39052631578947367;0.875;0.39052631578947367;0.5400291120815138;1855;265;2895
179;Staffordshire_bullterrier;4750;;0.4671578947368421;0.6350887235260446;0.4671578947368421;0.5383309073265405;2219;1275;2531
846;table_lamp;4750;;0.6193684210526316;0.4754363283775048;0.6193684210526316;0.537941122691534;2942;3246;1808
341;hog;4750;;0.5696842105263158;0.5095085671248353;0.5696842105263158;0.5379186959546765;2706;2605;2044
698;palace;4750;;0.6290526315789474;0.46855888348753333;0.6290526315789474;0.5370719870585065;2988;3389;1762
869;trench_coat;4750;;0.41705263157894734;0.7526595744680851;0.41705263157894734;0.5367109184502844;1981;651;2769
935;mashed_potato;4750;;0.388;0.8672941176470588;0.388;0.5361454545454545;1843;282;2907
529;diaper;4750;;0.568;0.5075244544770504;0.568;0.5360619908603219;2698;2618;2052
411;apron;4750;;0.48126315789473684;0.6049219370203758;0.48126315789473684;0.5360534646500176;2286;1493;2464
679;necklace;4750;;0.4976842105263158;0.57856093979442;0.4976842105263158;0.5350837483023994;2364;1722;2386
436;beach_wagon;4750;;0.5410526315789473;0.5290242898312063;0.5410526315789473;0.534970857618651;2570;2288;2180
922;menu;4750;;0.3974736842105263;0.8176699870073625;0.3974736842105263;0.5349199603343251;1888;421;2862
830;stretcher;4750;;0.6256842105263158;0.46678184388251925;0.6256842105263158;0.534676621390663;2972;3395;1778
230;Shetland_sheepdog;4750;;0.504;0.5685110425077179;0.504;0.5343153665885504;2394;1817;2356
175;otterhound;4750;;0.584;0.49106036466631264;0.584;0.5335128377728627;2774;2875;1976
644;matchstick;4750;;0.584421052631579;0.49028611797951255;0.584421052631579;0.533230887437572;2776;2886;1974
103;platypus;4750;;0.5591578947368421;0.5094954920391329;0.5591578947368421;0.5331727391347987;2656;2557;2094
926;hot_pot;4750;;0.66;0.44689950106913756;0.66;0.5329366765830854;3135;3880;1615
334;porcupine;4750;;0.7141052631578947;0.4246369554331497;0.7141052631578947;0.5325796828387501;3392;4596;1358
386;African_elephant;4750;;0.41368421052631577;0.7468643101482326;0.41368421052631577;0.532448177753692;1965;666;2785
611;jigsaw_puzzle;4750;;0.6353684210526316;0.45789713245334546;0.6353684210526316;0.5322281985715545;3018;3573;1732
452;bonnet;4750;;0.48694736842105263;0.5864604462474645;0.48694736842105263;0.5320910973084887;2313;1631;2437
227;kelpie;4750;;0.5408421052631579;0.5226856561546287;0.5408421052631579;0.5316088980858769;2569;2346;2181
490;chain_mail;4750;;0.5326315789473685;0.5305095407842315;0.5326315789473685;0.5315684420632418;2530;2239;2220
775;sarong;4750;;0.5301052631578947;0.530887623866751;0.5301052631578947;0.5304961550616244;2518;2225;2232
636;mailbag;4750;;0.6002105263157895;0.4742971219431043;0.6002105263157895;0.5298764055385188;2851;3160;1899
219;cocker_spaniel;4750;;0.4536842105263158;0.6368203309692672;0.4536842105263158;0.5298746004425867;2155;1229;2595
678;neck_brace;4750;;0.6168421052631579;0.4629483330699953;0.6168421052631579;0.5289286036645907;2930;3399;1820
165;black-and-tan_coonhound;4750;;0.4941052631578947;0.568969696969697;0.4941052631578947;0.5289014084507042;2347;1778;2403
861;toilet_seat;4750;;0.5543157894736842;0.5045994633959371;0.5543157894736842;0.528290529695024;2633;2585;2117
587;hammer;4750;;0.4431578947368421;0.6521065675340768;0.4431578947368421;0.5277011782401604;2105;1123;2645
462;broom;4750;;0.5642105263157895;0.49528737756422103;0.5642105263157895;0.5275071351244957;2680;2731;2070
669;mosquito_net;4750;;0.6109473684210527;0.46283891547049444;0.6109473684210527;0.5266787658802178;2902;3368;1848
710;pencil_sharpener;4750;;0.4202105263157895;0.7050512186506535;0.4202105263157895;0.5265796069120169;1996;835;2754
894;wardrobe;4750;;0.5581052631578948;0.49830827067669176;0.5581052631578948;0.5265143992055611;2651;2669;2099
631;lotion;4750;;0.5469473684210526;0.5067290813341135;0.5469473684210526;0.526070669231548;2598;2529;2152
188;wire-haired_fox_terrier;4750;;0.6416842105263157;0.4457443696987423;0.6416842105263157;0.5260614428719365;3048;3790;1702
998;ear;4750;;0.628;0.4514225181598063;0.628;0.5252685331924635;2983;3625;1767
662;modem;4750;;0.5162105263157895;0.5345541748419447;0.5162105263157895;0.5252222341223091;2452;2135;2298
729;plate_rack;4750;;0.5778947368421052;0.48023093072078377;0.5778947368421052;0.5245557041849799;2745;2971;2005
577;gong;4750;;0.7789473684210526;0.39500373652183196;0.7789473684210526;0.5241906920733866;3700;5667;1050
660;mobile_home;4750;;0.48336842105263156;0.5684575389948007;0.48336842105263156;0.5224712709068153;2296;1743;2454
797;sleeping_bag;4750;;0.4463157894736842;0.6294536817102138;0.4463157894736842;0.5222961320522297;2120;1248;2630
912;worm_fence;4750;;0.7545263157894737;0.3986651835372636;0.7545263157894737;0.521688500727802;3584;5406;1166
792;shovel;4750;;0.4842105263157895;0.5645557191948944;0.4842105263157895;0.5213055303717136;2300;1774;2450
578;gown;4750;;0.4063157894736842;0.722035166479611;0.4063157894736842;0.5200053886568773;1930;743;2820
842;swimming_trunks;4750;;0.5189473684210526;0.5210314943986473;0.5189473684210526;0.5199873431072672;2465;2266;2285
807;solar_dish;4750;;0.716421052631579;0.4079846541182112;0.716421052631579;0.5198991673668932;3403;4938;1347
408;amphibian;4750;;0.5429473684210526;0.4974922839506173;0.5429473684210526;0.519226897523656;2579;2605;2171
626;lighter;4750;;0.5138947368421053;0.5239321742863275;0.5138947368421053;0.5188649165692423;2441;2218;2309
54;hognose_snake;4750;;0.42147368421052633;0.6704621567314133;0.42147368421052633;0.5175801447776629;2002;984;2748
523;crutch;4750;;0.448;0.6090440755580996;0.448;0.5162542455118875;2128;1366;2622
412;ashcan;4750;;0.49094736842105263;0.542577943229409;0.49094736842105263;0.515473032714412;2332;1966;2418
59;vine_snake;4750;;0.584421052631579;0.46074688796680496;0.584421052631579;0.5152668213457078;2776;3249;1974
357;mink;4750;;0.5989473684210527;0.45165899349103034;0.5989473684210527;0.5149787311068874;2845;3454;1905
740;power_drill;4750;;0.3791578947368421;0.8015131286159324;0.3791578947368421;0.5147920537373161;1801;446;2949
208;Labrador_retriever;4750;;0.5717894736842105;0.4678725236864772;0.5717894736842105;0.5146376125059213;2716;3089;2034
204;Lhasa;4750;;0.4248421052631579;0.6524409957969609;0.4248421052631579;0.5145990054825959;2018;1075;2732
632;loudspeaker;4750;;0.515578947368421;0.5112734864300627;0.515578947368421;0.5134171907756814;2449;2341;2301
231;collie;4750;;0.4654736842105263;0.572353093450686;0.4654736842105263;0.5134099616858238;2211;1652;2539
967;espresso;4750;;0.3776842105263158;0.7966252220248667;0.3776842105263158;0.5124250214224507;1794;458;2956
185;Norfolk_terrier;4750;;0.47726315789473683;0.5513132295719845;0.47726315789473683;0.5116226585420898;2267;1845;2483
124;crayfish;4750;;0.40021052631578946;0.7087994034302759;0.40021052631578946;0.5115715823466093;1901;781;2849
735;poncho;4750;;0.5496842105263158;0.4777676120768527;0.5496842105263158;0.5112090063631914;2611;2854;2139
498;cinema;4750;;0.4747368421052632;0.5536459612079548;0.4747368421052632;0.5111640031735238;2255;1818;2495
44;alligator_lizard;4750;;0.40842105263157896;0.6821378340365682;0.40842105263157896;0.5109296813273637;1940;904;2810
257;Great_Pyrenees;4750;;0.5117894736842106;0.5085774058577406;0.5117894736842106;0.5101783840503673;2431;2349;2319
910;wooden_spoon;4750;;0.4033684210526316;0.6937002172338885;0.4033684210526316;0.5101171458998935;1916;846;2834
418;ballpoint;4750;;0.5341052631578947;0.4818613485280152;0.5341052631578947;0.5066400399400898;2537;2728;2213
226;briard;4750;;0.47810526315789476;0.5372604684173172;0.47810526315789476;0.5059596747242954;2271;1956;2479
272;coyote;4750;;0.5170526315789473;0.49456302859444223;0.5170526315789473;0.5055578427336351;2456;2510;2294
856;thresher;4750;;0.5534736842105263;0.4634232328573947;0.5534736842105263;0.5044612875371774;2629;3044;2121
187;Yorkshire_terrier;4750;;0.5286315789473685;0.4815880322209436;0.5286315789473685;0.5040144520272982;2511;2703;2239
867;trailer_truck;4750;;0.7490526315789474;0.3778674596431606;0.7490526315789474;0.5023295213892419;3558;5858;1192
648;medicine_chest;4750;;0.41747368421052633;0.6285261489698891;0.41747368421052633;0.5017077798861481;1983;1172;2767
843;swing;4750;;0.7254736842105263;0.38229420900820943;0.7254736842105263;0.5007265329845975;3446;5568;1304
505;coffeepot;4750;;0.5006315789473684;0.49603671255736337;0.5006315789473684;0.49832355406538137;2378;2416;2372
197;giant_schnauzer;4750;;0.4378947368421053;0.5774569683509162;0.4378947368421053;0.4980842911877395;2080;1522;2670
380;titi;4750;;0.6206315789473684;0.41509433962264153;0.6206315789473684;0.49746878164022945;2948;4154;1802
184;Irish_terrier;4750;;0.46231578947368424;0.5340466926070039;0.46231578947368424;0.4955991875423155;2196;1916;2554
925;consomme;4750;;0.6707368421052632;0.39221962329188725;0.6707368421052632;0.494989512934048;3186;4937;1564
884;vault;4750;;0.7117894736842105;0.37941869599371564;0.7117894736842105;0.49498572578874167;3381;5530;1369
371;patas;4750;;0.5818947368421052;0.4302615193026152;0.5818947368421052;0.4947198854483623;2764;3660;1986
811;space_heater;4750;;0.46778947368421053;0.5244276610809535;0.46778947368421053;0.4944920440636475;2222;2015;2528
246;Great_Dane;4750;;0.500421052631579;0.48629296235679215;0.500421052631579;0.49325586221207723;2377;2511;2373
624;library;4750;;0.5530526315789474;0.44025473437238144;0.5530526315789474;0.4902491368853224;2627;3340;2123
281;tabby;4750;;0.5145263157894737;0.46793030825196247;0.5145263157894737;0.4901233329990976;2444;2779;2306
456;bow;4750;;0.7486315789473684;0.3642696168817865;0.7486315789473684;0.4900771775082689;3556;6206;1194
582;grocery_store;4750;;0.5037894736842106;0.4765982871937861;0.5037894736842106;0.48981680483062123;2393;2628;2357
62;rock_python;4750;;0.5404210526315789;0.44768050226717826;0.5404210526315789;0.4896985883250668;2567;3167;2183
445;bikini;4750;;0.48147368421052633;0.4979316350968866;0.48147368421052633;0.48956437974954514;2287;2306;2463
222;kuvasz;4750;;0.5267368421052632;0.4564027727106895;0.5267368421052632;0.4890539483971853;2502;2980;2248
519;crate;4750;;0.45473684210526316;0.5285050159040862;0.45473684210526316;0.48885368337671153;2160;1927;2590
708;pedestal;4750;;0.5229473684210526;0.45830258302583027;0.5229473684210526;0.48849557522123893;2484;2936;2266
772;safety_pin;4750;;0.4968421052631579;0.4773462783171521;0.4968421052631579;0.48689911285331133;2360;2584;2390
515;cowboy_hat;4750;;0.4223157894736842;0.5719988594240091;0.4223157894736842;0.48589075935569814;2006;1501;2744
680;nipple;4750;;0.6208421052631579;0.3986212489862125;0.6208421052631579;0.4855120184392493;2949;4449;1801
267;standard_poodle;4750;;0.6795789473684211;0.37714686295127936;0.6795789473684211;0.48508528063716283;3228;5331;1522
166;Walker_hound;4750;;0.5126315789473684;0.4588279630676465;0.5126315789473684;0.4842398329521726;2435;2872;2315
409;analog_clock;4750;;0.6258947368421053;0.393879173290938;0.6258947368421053;0.48349325093511136;2973;4575;1777
844;switch;4750;;0.47221052631578947;0.49448853615520283;0.47221052631578947;0.48309282791298724;2243;2293;2507
691;oxygen_mask;4750;;0.5130526315789473;0.4562815952068901;0.5130526315789473;0.48300465761569716;2437;2904;2313
463;bucket;4750;;0.47726315789473683;0.48847231200172375;0.47726315789473683;0.482802683420296;2267;2374;2483
250;Siberian_husky;4750;;0.4766315789473684;0.4882467112357127;0.4766315789473684;0.48236923404708637;2264;2373;2486
345;ox;4750;;0.4703157894736842;0.4942477876106195;0.4703157894736842;0.4819848975188781;2234;2286;2516
892;wall_clock;4750;;0.504;0.46029609690444145;0.504;0.48115767259571907;2394;2807;2356
499;cleaver;4750;;0.40778947368421053;0.5864365728125946;0.40778947368421053;0.4810629579038868;1937;1366;2813
705;passenger_car;4750;;0.4688421052631579;0.4920459566946531;0.4688421052631579;0.48016386373436826;2227;2299;2523
541;drum;4750;;0.49894736842105264;0.46270987895353377;0.49894736842105264;0.4801458670988655;2370;2752;2380
879;umbrella;4750;;0.4728421052631579;0.48720173535791755;0.4728421052631579;0.47991452991452993;2246;2364;2504
406;altar;4750;;0.5477894736842105;0.4252328811897369;0.5477894736842105;0.478792897230656;2602;3517;2148
464;buckle;4750;;0.4246315789473684;0.5470572280987253;0.4246315789473684;0.47813203745407135;2017;1670;2733
862;torch;4750;;0.64;0.38143036386449186;0.64;0.4779874213836478;3040;4930;1710
741;prayer_rug;4750;;0.619578947368421;0.3888742071881607;0.619578947368421;0.47783731125182666;2943;4625;1807
601;hoopskirt;4750;;0.6126315789473684;0.39028969957081544;0.6126315789473684;0.4768146813042766;2910;4546;1840
651;microwave;4750;;0.42589473684210527;0.5388918486947256;0.42589473684210527;0.47577610536218246;2023;1731;2727
977;sandbar;4750;;0.3957894736842105;0.5956907477820025;0.3957894736842105;0.4755881608904629;1880;1276;2870
908;wing;4750;;0.34821052631578947;0.7497733454215775;0.34821052631578947;0.4755606670500287;1654;552;3096
180;American_Staffordshire_terrier;4750;;0.43136842105263157;0.5287741935483871;0.43136842105263157;0.47513043478260875;2049;1826;2701
591;handkerchief;4750;;0.5178947368421053;0.43811219946571683;0.5178947368421053;0.4746743849493488;2460;3155;2290
567;frying_pan;4750;;0.4557894736842105;0.4942922374429224;0.4557894736842105;0.47426067907995617;2165;2215;2585
747;punching_bag;4750;;0.5770526315789474;0.40226005283240385;0.5770526315789474;0.4740574195780007;2741;4073;2009
815;spider_web;4750;;0.42;0.5437448896156991;0.42;0.473928019954864;1995;1674;2755
542;drumstick;4750;;0.4263157894736842;0.5323343848580442;0.4263157894736842;0.4734627075052607;2025;1779;2725
928;ice_cream;4750;;0.3505263157894737;0.7283464566929134;0.3505263157894737;0.4732802728823196;1665;621;3085
534;dishwasher;4750;;0.3585263157894737;0.6948184414524684;0.3585263157894737;0.4729898625190946;1703;748;3047
841;sweatshirt;4750;;0.368;0.6601208459214502;0.368;0.47256015139226815;1748;900;3002
67;diamondback;4750;;0.3616842105263158;0.6739897999215378;0.3616842105263158;0.4707494177284559;1718;831;3032
506;coil;4750;;0.6077894736842105;0.3820804658549497;0.6077894736842105;0.4692020152771006;2887;4669;1863
36;terrapin;4750;;0.5383157894736842;0.4150974025974026;0.5383157894736842;0.46874427131072405;2557;3603;2193
700;paper_towel;4750;;0.3936842105263158;0.5764488286066585;0.3936842105263158;0.4678508881661246;1870;1374;2880
126;isopod;4750;;0.6153684210526316;0.3759485530546624;0.6153684210526316;0.46674650698602793;2923;4852;1827
813;spatula;4750;;0.46378947368421053;0.46942254421478796;0.46378947368421053;0.46658900773059414;2203;2490;2547
26;common_newt;4750;;0.5989473684210527;0.38177670424047233;0.5989473684210527;0.46631699721357156;2845;4607;1905
675;moving_van;4750;;0.535157894736842;0.4131318056232732;0.535157894736842;0.4662936806383564;2542;3611;2208
824;stole;4750;;0.5185263157894737;0.42196333733082064;0.5185263157894737;0.465287616888637;2463;3374;2287
479;car_wheel;4750;;0.36273684210526314;0.6450767502807937;0.36273684210526314;0.4643579032475408;1723;948;3027
663;monastery;4750;;0.5254736842105263;0.4159306782202966;0.5254736842105263;0.46432889963724305;2496;3505;2254
201;silky_terrier;4750;;0.33452631578947367;0.758472553699284;0.33452631578947367;0.4642804967129292;1589;506;3161
438;beaker;4750;;0.4928421052631579;0.4385537654552267;0.4928421052631579;0.4641157811260904;2341;2997;2409
35;mud_turtle;4750;;0.4431578947368421;0.4863678373382625;0.4431578947368421;0.46375853712271425;2105;2223;2645
189;Lakeland_terrier;4750;;0.4612631578947368;0.4660710487130398;0.4612631578947368;0.4636546397206645;2191;2510;2559
151;Chihuahua;4750;;0.48905263157894735;0.44071333712767974;0.48905263157894735;0.46362638459235606;2323;2948;2427
751;racer;4750;;0.659157894736842;0.35693114455084357;0.659157894736842;0.46309717497411623;3131;5641;1619
976;promontory;4750;;0.39621052631578946;0.5559822747415066;0.39621052631578946;0.4626920712968654;1882;1503;2868
709;pencil_box;4750;;0.37115789473684213;0.6127911018421968;0.37115789473684213;0.46230496918840963;1763;1114;2987
960;chocolate_sauce;4750;;0.3911578947368421;0.5643985419198055;0.3911578947368421;0.46207411091768213;1858;1434;2892
817;sports_car;4750;;0.4189473684210526;0.5147439213657528;0.4189473684210526;0.4619312906220985;1990;1876;2760
905;window_shade;4750;;0.4856842105263158;0.4395122880548676;0.4856842105263158;0.46144614461446143;2307;2942;2443
828;strainer;4750;;0.4288421052631579;0.4986536107711138;0.4288421052631579;0.4611205432937182;2037;2048;2713
804;soap_dispenser;4750;;0.39052631578947367;0.5624620982413584;0.39052631578947367;0.4609840954274354;1855;1443;2895
854;theater_curtain;4750;;0.767578947368421;0.32808422568163415;0.767578947368421;0.4596860619050621;3646;7467;1104
598;home_theater;4750;;0.39957894736842103;0.5399715504978663;0.39957894736842103;0.45928614640048393;1898;1617;2852
58;water_snake;4750;;0.40421052631578946;0.5314143371159701;0.40421052631578946;0.4591653712782494;1920;1693;2830
590;hand-held_computer;4750;;0.6178947368421053;0.3650497512437811;0.6178947368421053;0.45895230648944485;2935;5105;1815
34;leatherback_turtle;4750;;0.5145263157894737;0.41395663956639567;0.5145263157894737;0.45879481884738127;2444;3460;2306
972;cliff;4750;;0.504421052631579;0.4201297562686305;0.504421052631579;0.45843298574571895;2396;3307;2354
718;pier;4750;;0.47410526315789475;0.4407907614014484;0.47410526315789475;0.45684146465158737;2252;2857;2498
202;soft-coated_wheaten_terrier;4750;;0.504;0.41685530210691274;0.504;0.4563042028018679;2394;3349;2356
434;bath_towel;4750;;0.3858947368421053;0.5571428571428572;0.3858947368421053;0.45597014925373136;1833;1457;2917
509;confectionery;4750;;0.42210526315789476;0.4925079832964874;0.42210526315789476;0.45459698446888114;2005;2066;2745
650;microphone;4750;;0.41642105263157897;0.500126422250316;0.41642105263157897;0.4544514646754739;1978;1977;2772
834;suit;4750;;0.39494736842105266;0.533105996021597;0.39494736842105266;0.4537428951505624;1876;1643;2874
312;cricket;4750;;0.38526315789473686;0.5444808092829515;0.38526315789473686;0.45123905806928866;1830;1531;2920
656;minivan;4750;;0.36336842105263156;0.5949672526714926;0.36336842105263156;0.45118285191478236;1726;1175;3024
980;volcano;4750;;0.5736842105263158;0.3715064758009543;0.5736842105263158;0.4509722796855606;2725;4610;2025
898;water_bottle;4750;;0.3656842105263158;0.5868243243243243;0.3656842105263158;0.4505836575875486;1737;1223;3013
643;mask;4750;;0.5501052631578948;0.3812372337321272;0.5501052631578948;0.45036194415718717;2613;4241;2137
170;Irish_wolfhound;4750;;0.41747368421052633;0.48878481636677346;0.41747368421052633;0.4503236062223231;1983;2074;2767
907;wine_bottle;4750;;0.3646315789473684;0.5885151206252124;0.3646315789473684;0.45027947484726377;1732;1211;3018
193;Australian_terrier;4750;;0.3972631578947368;0.5191196698762036;0.3972631578947368;0.4500894454382826;1887;1748;2863
493;chiffonier;4750;;0.34357894736842104;0.6494230003979308;0.34357894736842104;0.4494010739363899;1632;881;3118
111;nematode;4750;;0.8008421052631579;0.31096215155726314;0.8008421052631579;0.4479773891538597;3804;8429;946
163;bloodhound;4750;;0.35705263157894734;0.5988700564971752;0.35705263157894734;0.4473753627011343;1696;1136;3054
504;coffee_mug;4750;;0.3753684210526316;0.5528682170542636;0.3753684210526316;0.44714733542319746;1783;1442;2967
865;toyshop;4750;;0.5425263157894736;0.3798084008843036;0.5425263157894736;0.446814044213264;2577;4208;2173
706;patio;4750;;0.3368421052631579;0.6538618716796076;0.3368421052631579;0.4446297068222871;1600;847;3150
712;Petri_dish;4750;;0.616;0.34701138519924096;0.616;0.44393870429373383;2926;5506;1824
655;miniskirt;4750;;0.39389473684210524;0.5077340569877883;0.39389473684210524;0.44362774155305273;1871;1814;2879
973;coral_reef;4750;;0.628;0.3422441486920606;0.628;0.4430417347393436;2983;5733;1767
677;nail;4750;;0.4103157894736842;0.4798129000492368;0.4103157894736842;0.44235133908306856;1949;2113;2801
233;Bouvier_des_Flandres;4750;;0.5724210526315789;0.36041887592788974;0.5724210526315789;0.44232959167073377;2719;4825;2031
839;suspension_bridge;4750;;0.332;0.6603852596314908;0.332;0.4418604651162791;1577;811;3173
460;breakwater;4750;;0.3263157894736842;0.6822183098591549;0.3263157894736842;0.44146966676160637;1550;722;3200
489;chainlink_fence;4750;;0.39263157894736844;0.5017487220877052;0.39263157894736844;0.44053383725050194;1865;1852;2885
5;electric_ray;4750;;0.7362105263157894;0.3127347522804507;0.7362105263157894;0.4389907105197088;3497;7685;1253
32;tailed_frog;4750;;0.5886315789473684;0.34875888736435073;0.5886315789473684;0.43800422965457814;2796;5221;1954
767;rubber_eraser;4750;;0.4143157894736842;0.46338591947256885;0.4143157894736842;0.4374791597199066;1968;2279;2782
66;horned_viper;4750;;0.5362105263157895;0.3686495874945723;0.5362105263157895;0.4369156874517539;2547;4362;2203
524;cuirass;4750;;0.45494736842105266;0.4171814671814672;0.45494736842105266;0.4352467270896274;2161;3019;2589
754;radio;4750;;0.3589473684210526;0.5507105943152455;0.3589473684210526;0.4346163650267652;1705;1391;3045
526;desk;4750;;0.5;0.38018248759404516;0.5;0.43193598254069293;2375;3872;2375
750;quilt;4750;;0.43642105263157893;0.42366646229307175;0.43642105263157893;0.42994918593798603;2073;2820;2677
200;Tibetan_terrier;4750;;0.35789473684210527;0.5369551484523057;0.35789473684210527;0.4295098534613441;1700;1466;3050
167;English_foxhound;4750;;0.38442105263157894;0.48268569918054455;0.38442105263157894;0.4279854681823509;1826;1957;2924
764;rifle;4750;;0.3991578947368421;0.46097738876732314;0.3991578947368421;0.4278461017714092;1896;2217;2854
633;loupe;4750;;0.41642105263157897;0.43645189761694614;0.41642105263157897;0.42620124973066154;1978;2554;2772
787;shield;4750;;0.472;0.3878892733564014;0.472;0.4258309591642925;2242;3538;2508
539;doormat;4750;;0.38863157894736844;0.4647532729103726;0.38863157894736844;0.42329740885118095;1846;2126;2904
278;kit_fox;4750;;0.3507368421052632;0.53312;0.3507368421052632;0.42311111111111116;1666;1459;3084
749;quill;4750;;0.6387368421052632;0.31614046056059186;0.6387368421052632;0.4229455635324458;3034;6563;1716
742;printer;4750;;0.30842105263157893;0.6683394160583942;0.30842105263157893;0.42206856813598387;1465;727;3285
585;hair_spray;4750;;0.3684210526315789;0.48651654156241314;0.3684210526315789;0.4193123277824368;1750;1847;3000
810;space_bar;4750;;0.484421052631579;0.3644859813084112;0.484421052631579;0.41598119858989424;2301;4012;2449
748;purse;4750;;0.39831578947368423;0.4334478808705613;0.39831578947368423;0.41513987931980256;1892;2473;2858
784;screwdriver;4750;;0.3223157894736842;0.5770825480588013;0.3223157894736842;0.4136161015804403;1531;1122;3219
358;polecat;4750;;0.4974736842105263;0.35347793567688857;0.4974736842105263;0.41329252295583735;2363;4322;2387
639;maillot;4750;;0.47747368421052633;0.3623003194888179;0.47747368421052633;0.4119891008174387;2268;3992;2482
424;barbershop;4750;;0.2873684210526316;0.7157839538542213;0.2873684210526316;0.41009463722397477;1365;542;3385
497;church;4750;;0.36757894736842106;0.46325285221544177;0.36757894736842106;0.40990726611104594;1746;2023;3004
119;rock_crab;4750;;0.41705263157894734;0.4018255578093306;0.41705263157894734;0.40929752066115704;1981;2949;2769
970;alp;4750;;0.4663157894736842;0.36359159553512804;0.4663157894736842;0.4085961999631064;2215;3877;2535
527;desktop_computer;4750;;0.49873684210526315;0.343931475029036;0.49873684210526315;0.40711462450592883;2369;4519;2381
381;spider_monkey;4750;;0.3105263157894737;0.5897640943622551;0.3105263157894737;0.40684043580195833;1475;1026;3275
622;lens_cap;4750;;0.26294736842105265;0.890870185449358;0.26294736842105265;0.4060468140442133;1249;153;3501
508;computer_keyboard;4750;;0.34757894736842104;0.4870206489675516;0.34757894736842104;0.4056511056511056;1651;1739;3099
558;flute;4750;;0.3837894736842105;0.4250408020517603;0.3837894736842105;0.4033632038942361;1823;2466;2927
446;binder;4750;;0.4856842105263158;0.3415753627480012;0.4856842105263158;0.4010778859527121;2307;4447;2443
819;stage;4750;;0.37557894736842107;0.42946557534906116;0.37557894736842107;0.4007187780772686;1784;2370;2966
883;vase;4750;;0.4345263157894737;0.3708894878706199;0.4345263157894737;0.4001938923897237;2064;3501;2686
478;carton;4750;;0.3193684210526316;0.5354747617366749;0.3193684210526316;0.4001054991428195;1517;1316;3233
470;candle;4750;;0.5623157894736842;0.30634247046679663;0.5623157894736842;0.3966144479916846;2671;6048;2079
893;wallet;4750;;0.33957894736842104;0.47399353511607406;0.33957894736842104;0.39568257083282227;1613;1790;3137
743;prison;4750;;0.6294736842105263;0.28653569717297556;0.6294736842105263;0.393809680605861;2990;7445;1760
838;sunscreen;4750;;0.34421052631578947;0.45328527862489604;0.34421052631578947;0.3912887399784612;1635;1972;3115
248;Eskimo_dog;4750;;0.3703157894736842;0.41050175029171526;0.3703157894736842;0.38937465412285555;1759;2526;2991
731;plunger;4750;;0.37684210526315787;0.4005370328932647;0.37684210526315787;0.38832845210977324;1790;2679;2960
906;Windsor_tie;4750;;0.4385263157894737;0.34595582129214414;0.4385263157894737;0.3867793148268499;2083;3938;2667
285;Egyptian_cat;4750;;0.4711578947368421;0.3271451542172197;0.4711578947368421;0.38616167716331634;2238;4603;2512
599;honeycomb;4750;;0.5387368421052632;0.29898352611286366;0.5387368421052632;0.38455180704786235;2559;6000;2191
556;fire_screen;4750;;0.580421052631579;0.2869185138932251;0.580421052631579;0.38401002855352045;2757;6852;1993
356;weasel;4750;;0.4025263157894737;0.36565308854465484;0.4025263157894737;0.38320472993285903;1912;3317;2838
917;comic_book;4750;;0.47957894736842105;0.3166527661940506;0.47957894736842105;0.3814467515070328;2278;4916;2472
733;pole;4750;;0.4056842105263158;0.3573813056379822;0.4056842105263158;0.3800039439952672;1927;3465;2823
516;cradle;4750;;0.3677894736842105;0.389086859688196;0.3677894736842105;0.37813852813852816;1747;2743;3003
238;Greater_Swiss_Mountain_dog;4750;;0.33978947368421053;0.42619487721151306;0.33978947368421053;0.37811877708797004;1614;2173;3136
794;shower_curtain;4750;;0.46063157894736845;0.320210741987414;0.46063157894736845;0.37779504446171114;2188;4645;2562
762;restaurant;4750;;0.3818947368421053;0.36945010183299387;0.3818947368421053;0.3755693581780538;1814;3096;2936
904;window_screen;4750;;0.49642105263157893;0.30118789117384087;0.49642105263157893;0.37491056522776056;2358;5471;2392
562;fountain;4750;;0.6229473684210526;0.259834913944503;0.6229473684210526;0.3667121080679142;2959;8429;1791
921;book_jacket;4750;;0.45242105263157895;0.30805619266055045;0.45242105263157895;0.366535903121269;2149;4827;2601
600;hook;4750;;0.37115789473684213;0.3617152236356176;0.37115789473684213;0.36637572734829593;1763;3111;2987
584;hair_slide;4750;;0.5008421052631579;0.2880842819084524;0.5008421052631579;0.36577490774907745;2379;5879;2371
851;television;4750;;0.604;0.26229658072773815;0.604;0.36575726670066294;2869;8069;1881
359;black-footed_ferret;4750;;0.31242105263157893;0.42939814814814814;0.31242105263157893;0.36168657080185224;1484;1972;3266
947;mushroom;4750;;0.3696842105263158;0.3514811849479584;0.3696842105263158;0.36035296531910527;1756;3240;2994
909;wok;4750;;0.2812631578947368;0.4727530077848549;0.2812631578947368;0.3526927138331573;1336;1490;3414
975;lakeside;4750;;0.5372631578947369;0.2549705265261265;0.5372631578947369;0.34582288772952097;2552;7457;2198
744;projectile;4750;;0.36947368421052634;0.3248796741947427;0.36947368421052634;0.34574468085106386;1755;3647;2995
482;cassette_player;4750;;0.34210526315789475;0.344937380598599;0.34210526315789475;0.34351548462107595;1625;3086;3125
673;mouse;4750;;0.25494736842105264;0.5235624729788154;0.25494736842105264;0.34291377601585726;1211;1102;3539
265;toy_poodle;4750;;0.3448421052631579;0.33934120571783716;0.3448421052631579;0.34206954161010755;1638;3189;3112
485;CD_player;4750;;0.25494736842105264;0.4926769731489015;0.25494736842105264;0.336015538290788;1211;1247;3539
969;eggnog;4750;;0.5425263157894736;0.2428611817924795;0.5425263157894736;0.335525030922466;2577;8034;2173
911;wool;4750;;0.4648421052631579;0.25918535039323864;0.4648421052631579;0.33280578792674653;2208;6311;2542
999;toilet_tissue;4750;;0.22778947368421051;0.6078651685393258;0.22778947368421051;0.33139356814701376;1082;698;3668
414;backpack;4750;;0.21852631578947368;0.6833443054641212;0.21852631578947368;0.33115329398628174;1038;481;3712
454;bookshop;4750;;0.2183157894736842;0.6831357048748353;0.2183157894736842;0.3308870453095086;1037;481;3713
689;overskirt;4750;;0.32421052631578945;0.3363179733566281;0.32421052631578945;0.3301532854539608;1540;3039;3210
266;miniature_poodle;4750;;0.2831578947368421;0.3896292004634994;0.2831578947368421;0.3279687881004633;1345;2107;3405
923;plate;4750;;0.4762105263157895;0.24761904761904763;0.4762105263157895;0.3258192293842276;2262;6873;2488
488;chain;4750;;0.39621052631578946;0.27378527785859763;0.39621052631578946;0.32381280110117;1882;4992;2868
619;lampshade;4750;;0.3088421052631579;0.33856450496192014;0.3088421052631579;0.3230210282946163;1467;2866;3283
692;packet;4750;;0.3608421052631579;0.29124893797790996;0.3608421052631579;0.32233192289609786;1714;4171;3036
968;cup;4750;;0.3044210526315789;0.3352654764664966;0.3044210526315789;0.31909963588215823;1446;2867;3304
435;bathtub;4750;;0.2922105263157895;0.34708677169292323;0.2922105263157895;0.31729340496056696;1388;2611;3362
501;cloak;4750;;0.32463157894736844;0.30914194065757816;0.32463157894736844;0.3166974738139248;1542;3446;3208
461;breastplate;4750;;0.4054736842105263;0.25707421249332624;0.4054736842105263;0.31465446822414644;1926;5566;2824
623;letter_opener;4750;;0.30357894736842106;0.3259493670886076;0.30357894736842106;0.31436668846740784;1442;2982;3308
836;sunglass;4750;;0.2869473684210526;0.3462026924053848;0.2869473684210526;0.31380223322205597;1363;2574;3387
987;corn;4750;;0.23473684210526316;0.47185780787134995;0.23473684210526316;0.3135104737804021;1115;1248;3635
799;sliding_door;4750;;0.2294736842105263;0.48769574944071586;0.2294736842105263;0.3120973514674302;1090;1145;3660
725;pitcher;4750;;0.22715789473684211;0.48801447308909995;0.22715789473684211;0.3100129291768424;1079;1132;3671
415;bakery;4750;;0.2846315789473684;0.34021137393054857;0.2846315789473684;0.30994956441999083;1352;2622;3398
978;seashore;4750;;0.41705263157894734;0.24535546197671537;0.41705263157894734;0.3089519650655022;1981;6093;2769
536;dock;4750;;0.20968421052631578;0.5714285714285714;0.20968421052631578;0.30679192977052205;996;747;3754
868;tray;4750;;0.43094736842105263;0.23626500461680516;0.43094736842105263;0.30520351871179363;2047;6617;2703
728;plastic_bag;4750;;0.28842105263157897;0.3145809414466131;0.28842105263157897;0.300933552992861;1370;2985;3380
848;tape_player;4750;;0.3235789473684211;0.2780390738060782;0.3235789473684211;0.29908542517999614;1537;3991;3213
469;caldron;4750;;0.5265263157894737;0.20808719527414926;0.5265263157894737;0.29828850855745725;2501;9518;2249
961;dough;4750;;0.20463157894736841;0.5494629734313171;0.20463157894736841;0.29820524620340544;972;797;3778
73;barn_spider;4750;;0.7692631578947369;0.18343373493975904;0.7692631578947369;0.2962302391568707;3654;16266;1096
818;spotlight;4750;;0.3393684210526316;0.2616033755274262;0.3393684210526316;0.29545454545454547;1612;4550;3138
657;missile;4750;;0.236;0.3872193436960276;0.236;0.29326357096141265;1121;1774;3629
55;green_snake;4750;;0.17663157894736842;0.8622816032887975;0.17663157894736842;0.2932028656299144;839;134;3911
549;envelope;4750;;0.3608421052631579;0.24178304415291296;0.3608421052631579;0.2895514823887153;1714;5375;3036
876;tub;4750;;0.2654736842105263;0.29677571193221935;0.2654736842105263;0.2802533614846094;1261;2988;3489
618;ladle;4750;;0.228;0.3402450518378888;0.228;0.2730366822135384;1083;2100;3667
899;water_jug;4750;;0.236;0.2982969664715274;0.236;0.26351669017395396;1121;2637;3629
860;tobacco_shop;4750;;0.4652631578947368;0.18135565402921386;0.4652631578947368;0.26098252243741143;2210;9976;2540
60;night_snake;4750;;0.2056842105263158;0.3528349584687613;0.2056842105263158;0.2598749833754489;977;1792;3773
240;Appenzeller;4750;;0.20463157894736841;0.3410526315789474;0.20463157894736841;0.2557894736842105;972;1878;3778
46;green_lizard;4750;;0.16336842105263158;0.5142478462557986;0.16336842105263158;0.24796293337593864;776;733;3974
77;wolf_spider;4750;;0.15410526315789475;0.5516201959306707;0.15410526315789475;0.24090834293236796;732;595;4018
782;screen;4750;;0.24189473684210527;0.22164351851851852;0.24189473684210527;0.23132675659351723;1149;4035;3601
837;sunglasses;4750;;0.15242105263157896;0.46619446233097234;0.15242105263157896;0.2297318737109313;724;829;4026
68;sidewinder;4750;;0.26063157894736844;0.191640866873065;0.26063157894736844;0.22087421944692237;1238;5222;3512
809;soup_bowl;4750;;0.13810526315789473;0.5273311897106109;0.13810526315789473;0.21888555221888553;656;588;4094
620;laptop;4750;;0.22147368421052632;0.21010585180746955;0.22147368421052632;0.21564005329507022;1052;3955;3698
6;stingray;4750;;0.12821052631578947;0.5109060402684564;0.12821052631578947;0.20498148771457425;609;583;4141
681;notebook;4750;;0.17789473684210527;0.22629887520085698;0.17789473684210527;0.19919849127769923;845;2889;3905
664;monitor;4750;;0.1431578947368421;0.25269416573764397;0.1431578947368421;0.18277113291224295;680;2011;4070
638;maillot;4750;;0.1408421052631579;0.19125214408233276;0.1408421052631579;0.16222114451988362;669;2829;4081
282;tiger_cat;4750;;0.1016842105263158;0.38609112709832133;0.1016842105263158;0.16097317113814366;483;768;4267
885;velvet;4750;;0.1968421052631579;0.12420297555791711;0.1968421052631579;0.15230493565727315;935;6593;3815
74;garden_spider;4750;;0.04673684210526316;0.36156351791530944;0.04673684210526316;0.08277404921700224;222;392;4528
