class_idx;class_label;support;base_accuracy;overall_accuracy;precision;recall;f1;tp;fp;fn
986;yellow_lady's_slipper;4750;;0.7844210526315789;0.9782095038067734;0.7844210526315789;0.8706624605678233;3726;83;1024
685;odometer;4750;;0.7850526315789473;0.9352896914973664;0.7850526315789473;0.8536110793178436;3729;258;1021
90;lorikeet;4750;;0.764421052631579;0.9274584929757343;0.764421052631579;0.8380842469705714;3631;284;1119
900;water_tower;4750;;0.7113684210526315;0.943854748603352;0.7113684210526315;0.8112845138055222;3379;201;1371
135;limpkin;4750;;0.6867368421052632;0.9795795795795795;0.6867368421052632;0.8074257425742575;3262;68;1488
392;rock_beauty;4750;;0.8246315789473684;0.7903551251008878;0.8246315789473684;0.8071296105501752;3917;1039;833
136;European_gallinule;4750;;0.7069473684210527;0.9243049821084504;0.7069473684210527;0.8011451747584396;3358;275;1392
100;black_swan;4750;;0.716;0.9079017618793379;0.716;0.8006120527306968;3401;345;1349
387;lesser_panda;4750;;0.7469473684210526;0.8594961240310077;0.7469473684210526;0.7992791169182248;3548;580;1202
995;earthstar;4750;;0.6850526315789474;0.9503504672897196;0.6850526315789474;0.7961830193295816;3254;170;1496
143;oystercatcher;4750;;0.6823157894736842;0.9490483162518302;0.6823157894736842;0.7938763012859767;3241;174;1509
92;bee_eater;4750;;0.6976842105263158;0.9076965215009586;0.6976842105263158;0.7889536959885728;3314;337;1436
351;hartebeest;4750;;0.6835789473684211;0.9234926052332195;0.6835789473684211;0.7856278732155818;3247;269;1503
407;ambulance;4750;;0.7591578947368421;0.8132611637347767;0.7591578947368421;0.7852787456445993;3606;828;1144
339;sorrel;4750;;0.6532631578947369;0.9838300570703868;0.6532631578947369;0.7851720647773279;3103;51;1647
88;macaw;4750;;0.7193684210526315;0.8628787878787879;0.7193684210526315;0.7846153846153847;3417;543;1333
604;hourglass;4750;;0.6997894736842105;0.8765822784810127;0.6997894736842105;0.7782720674315148;3324;468;1426
130;flamingo;4750;;0.6844210526315789;0.8795995670995671;0.6844210526315789;0.7698318730760122;3251;445;1499
376;proboscis_monkey;4750;;0.6770526315789474;0.891846921797005;0.6770526315789474;0.7697462900909527;3216;390;1534
96;toucan;4750;;0.6816842105263158;0.8818082788671024;0.6816842105263158;0.7689384944193778;3238;434;1512
727;planetarium;4750;;0.659157894736842;0.9165690866510539;0.659157894736842;0.7668381092334069;3131;285;1619
255;Leonberg;4750;;0.6250526315789474;0.9880199667221298;0.6250526315789474;0.7656995486782721;2969;36;1781
129;spoonbill;4750;;0.7557894736842106;0.7722090772209077;0.7557894736842106;0.763911054367486;3590;1059;1160
80;black_grouse;4750;;0.7282105263157894;0.7970046082949309;0.7282105263157894;0.761056105610561;3459;881;1291
607;jack-o'-lantern;4750;;0.7290526315789474;0.7824220515137822;0.7290526315789474;0.7547951176983434;3463;963;1287
15;robin;4750;;0.6642105263157895;0.8669964275899973;0.6642105263157895;0.7521754678745975;3155;484;1595
594;harp;4750;;0.6762105263157895;0.8314781258089567;0.6762105263157895;0.7458492975734355;3212;651;1538
779;school_bus;4750;;0.7056842105263158;0.7898209236569275;0.7056842105263158;0.7453858127640649;3352;892;1398
244;Tibetan_mastiff;4750;;0.6526315789473685;0.8584879534754916;0.6526315789473685;0.7415380935294821;3100;511;1650
284;Siamese_cat;4750;;0.6454736842105263;0.8700340522133939;0.6454736842105263;0.7411167512690356;3066;458;1684
0;tench;4750;;0.639578947368421;0.8752520887352349;0.639578947368421;0.7390828366378785;3038;433;1712
645;maypole;4750;;0.647578947368421;0.860178970917226;0.647578947368421;0.738890223396589;3076;500;1674
625;lifeboat;4750;;0.6416842105263157;0.861503674392312;0.6416842105263157;0.7355212355212355;3048;490;1702
145;king_penguin;4750;;0.5823157894736842;0.9906876790830945;0.5823157894736842;0.7334924423229913;2766;26;1984
439;bearskin;4750;;0.6090526315789474;0.9201653944020356;0.6090526315789474;0.7329617430960224;2893;251;1857
321;admiral;4750;;0.62;0.8951367781155015;0.62;0.732587064676617;2945;345;1805
576;gondola;4750;;0.596;0.9436666666666667;0.596;0.7305806451612903;2831;169;1919
800;slot;4750;;0.5905263157894737;0.9428571428571428;0.5905263157894737;0.7262135922330097;2805;170;1945
19;chickadee;4750;;0.6661052631578948;0.7953745600804424;0.6661052631578948;0.7250229147571035;3164;814;1586
9;ostrich;4750;;0.5795789473684211;0.9676625659050967;0.5795789473684211;0.7249506254114549;2753;92;1997
24;great_grey_owl;4750;;0.58;0.9646358543417367;0.58;0.7244280830922956;2755;101;1995
138;bustard;4750;;0.6056842105263158;0.8987816307403936;0.6056842105263158;0.7236825556533769;2877;324;1873
388;giant_panda;4750;;0.5947368421052631;0.9238064094179202;0.5947368421052631;0.7236168032786886;2825;233;1925
17;jay;4750;;0.580421052631579;0.959958217270195;0.580421052631579;0.7234321700341119;2757;115;1993
535;disk_brake;4750;;0.5978947368421053;0.909382004482869;0.5978947368421053;0.7214530674457004;2840;283;1910
317;leafhopper;4750;;0.6147368421052631;0.8690476190476191;0.6147368421052631;0.7200986436498151;2920;440;1830
275;African_hunting_dog;4750;;0.7597894736842106;0.681586402266289;0.7597894736842106;0.7185664509706322;3609;1686;1141
350;ibex;4750;;0.5896842105263158;0.9174582377988864;0.5896842105263158;0.7179290016660258;2801;252;1949
11;goldfinch;4750;;0.6648421052631579;0.779753086419753;0.6648421052631579;0.7177272727272728;3158;892;1592
274;dhole;4750;;0.5894736842105263;0.9064422143088378;0.5894736842105263;0.7143768337798189;2800;289;1950
874;trolleybus;4750;;0.6812631578947368;0.7499420625724218;0.6812631578947368;0.7139547710976283;3236;1079;1514
14;indigo_bunting;4750;;0.7770526315789473;0.6565279260049804;0.7770526315789473;0.7117238719629773;3691;1931;1059
12;house_finch;4750;;0.596;0.8708089818517379;0.596;0.7076615423072115;2831;420;1919
10;brambling;4750;;0.632421052631579;0.798936170212766;0.632421052631579;0.7059929494712104;3004;756;1746
87;African_grey;4750;;0.5498947368421052;0.9808486669170109;0.5498947368421052;0.7047079455011466;2612;51;2138
612;jinrikisha;4750;;0.600421052631579;0.8510892270963891;0.600421052631579;0.7041106036291815;2852;499;1898
333;hamster;4750;;0.6071578947368421;0.8347322720694645;0.6071578947368421;0.7029859841560024;2884;571;1866
291;lion;4750;;0.6991578947368421;0.6937539168581575;0.6991578947368421;0.6964454230890217;3321;1466;1429
190;Sealyham_terrier;4750;;0.5917894736842105;0.8411131059245961;0.5917894736842105;0.6947602570439941;2811;531;1939
832;stupa;4750;;0.5755789473684211;0.870978018477222;0.5755789473684211;0.6931169983521358;2734;405;2016
363;armadillo;4750;;0.5446315789473685;0.9521531100478469;0.5446315789473685;0.6929154948439802;2587;130;2163
984;rapeseed;4750;;0.5825263157894737;0.8438548337907898;0.5825263157894737;0.6892514634450119;2767;512;1983
131;little_blue_heron;4750;;0.6;0.8082813386273398;0.6;0.6887385210246496;2850;676;1900
141;redshank;4750;;0.6187368421052631;0.7732175743225467;0.6187368421052631;0.6874049818734651;2939;862;1811
91;coucal;4750;;0.5578947368421052;0.894967916244512;0.5578947368421052;0.6873297886136687;2650;311;2100
262;Brabancon_griffon;4750;;0.552;0.9101006594932315;0.552;0.6871969597693619;2622;259;2128
322;ringlet;4750;;0.6490526315789473;0.7286693453084377;0.6490526315789473;0.6865605166462533;3083;1148;1667
829;streetcar;4750;;0.5981052631578947;0.8023157300197684;0.5981052631578947;0.6853214328790254;2841;700;1909
178;Weimaraner;4750;;0.6130526315789474;0.7767404641237663;0.6130526315789474;0.6852570890693023;2912;837;1838
955;jackfruit;4750;;0.5545263157894736;0.887466307277628;0.5545263157894736;0.6825602487691111;2634;334;2116
755;radio_telescope;4750;;0.6534736842105263;0.7112740604949588;0.6534736842105263;0.6811498793065612;3104;1260;1646
687;organ;4750;;0.5730526315789474;0.827355623100304;0.5730526315789474;0.6771144278606965;2722;568;2028
472;canoe;4750;;0.6261052631578947;0.7354104846686449;0.6261052631578947;0.6763702524448487;2974;1070;1776
863;totem_pole;4750;;0.5433684210526316;0.8909216430790473;0.5433684210526316;0.6750359618150908;2581;316;2169
873;triumphal_arch;4750;;0.5324210526315789;0.9186342172175809;0.5324210526315789;0.6741303478608557;2529;224;2221
528;dial_telephone;4750;;0.532;0.9155797101449276;0.532;0.6729693741677764;2527;233;2223
324;cabbage_butterfly;4750;;0.5806315789473684;0.7975708502024291;0.5806315789473684;0.6720272904483431;2758;700;1992
300;tiger_beetle;4750;;0.747578947368421;0.6087776444368249;0.747578947368421;0.6710762543702163;3551;2282;1199
451;bolo_tie;4750;;0.5233684210526316;0.9217649239896181;0.5233684210526316;0.6676514032496308;2486;211;2264
16;bulbul;4750;;0.5694736842105264;0.8057789693178433;0.5694736842105264;0.6673245343530282;2705;652;2045
425;barn;4750;;0.6136842105263158;0.72875;0.6136842105263158;0.6662857142857144;2915;1085;1835
323;monarch;4750;;0.8109473684210526;0.5646437994722955;0.8109473684210526;0.6657449014863464;3852;2970;898
915;yurt;4750;;0.523578947368421;0.9129955947136564;0.523578947368421;0.6655070912496656;2487;237;2263
565;freight_car;4750;;0.5023157894736842;0.9839175257731959;0.5023157894736842;0.6650871080139372;2386;39;2364
325;sulphur_butterfly;4750;;0.6877894736842105;0.6431102362204725;0.6877894736842105;0.6646998982706002;3267;1813;1483
198;standard_schnauzer;4750;;0.612421052631579;0.7267049712715463;0.612421052631579;0.6646863932366046;2909;1094;1841
268;Mexican_hairless;4750;;0.5294736842105263;0.8918439716312057;0.5294736842105263;0.6644649933949802;2515;305;2235
260;chow;4750;;0.6941052631578948;0.6335511145272867;0.6941052631578948;0.6624472573839663;3297;1907;1453
247;Saint_Bernard;4750;;0.5738947368421052;0.7793024585477416;0.5738947368421052;0.6610087293889428;2726;772;2024
746;puck;4750;;0.5025263157894737;0.9640549273021002;0.5025263157894737;0.6606698034874066;2387;89;2363
783;screw;4750;;0.6806315789473685;0.639564787339268;0.6806315789473685;0.6594594594594595;3233;1822;1517
306;rhinoceros_beetle;4750;;0.5172631578947369;0.9079822616407982;0.5172631578947369;0.6590665236051503;2457;249;2293
253;basenji;4750;;0.5722105263157895;0.7761279268989149;0.5722105263157895;0.6587493940862821;2718;784;2032
160;Afghan_hound;4750;;0.5208421052631579;0.89056875449964;0.5208421052631579;0.657279489904357;2474;304;2276
396;lionfish;4750;;0.6701052631578948;0.6438106796116505;0.6701052631578948;0.6566948628017331;3183;1761;1567
688;oscilloscope;4750;;0.6461052631578947;0.6647173489278753;0.6461052631578947;0.6552791715597309;3069;1548;1681
84;peacock;4750;;0.5736842105263158;0.761385861972618;0.5736842105263158;0.6543402569336054;2725;854;2025
83;prairie_chicken;4750;;0.5265263157894737;0.8588598901098901;0.5265263157894737;0.6528321587052989;2501;411;2249
354;Arabian_camel;4750;;0.49894736842105264;0.9386138613861386;0.49894736842105264;0.6515463917525773;2370;155;2380
365;orangutan;4750;;0.5147368421052632;0.8858695652173914;0.5147368421052632;0.6511318242343542;2445;315;2305
71;scorpion;4750;;0.5298947368421053;0.8434986595174263;0.5298947368421053;0.6508921644685804;2517;467;2233
540;drilling_platform;4750;;0.6482105263157895;0.6528837998303647;0.6482105263157895;0.6505387703359392;3079;1637;1671
927;trifle;4750;;0.5945263157894737;0.7176620076238882;0.5945263157894737;0.6503166378814048;2824;1111;1926
383;Madagascar_cat;4750;;0.5877894736842105;0.7261378413524057;0.5877894736842105;0.6496800465386853;2792;1053;1958
821;steel_arch_bridge;4750;;0.6936842105263158;0.6108639228772711;0.6936842105263158;0.6496451104100947;3295;2099;1455
537;dogsled;4750;;0.6536842105263158;0.6445920697529582;0.6536842105263158;0.6491063029162747;3105;1712;1645
561;forklift;4750;;0.5286315789473685;0.8383973288814691;0.5286315789473685;0.6484183344092963;2511;484;2239
993;gyromitra;4750;;0.6162105263157894;0.6826026119402985;0.6162105263157894;0.6477096702810357;2927;1361;1823
294;brown_bear;4750;;0.6757894736842105;0.6200502221363724;0.6757894736842105;0.646721063765488;3210;1967;1540
547;electric_locomotive;4750;;0.6757894736842105;0.6179018286814244;0.6757894736842105;0.645550527903469;3210;1985;1540
985;daisy;4750;;0.8162105263157895;0.5332874828060523;0.8162105263157895;0.645091514143095;3877;3393;873
886;vending_machine;4750;;0.5734736842105264;0.7330462863293864;0.5734736842105264;0.6435152374202694;2724;992;2026
398;abacus;4750;;0.48926315789473684;0.938610662358643;0.48926315789473684;0.6432327705507888;2324;152;2426
554;fireboat;4750;;0.6094736842105263;0.6792585640544345;0.6094736842105263;0.6424766977363515;2895;1367;1855
661;Model_T;4750;;0.6997894736842105;0.5937834941050375;0.6997894736842105;0.6424429841515269;3324;2274;1426
258;Samoyed;4750;;0.5983157894736842;0.693170731707317;0.5983157894736842;0.6422598870056497;2842;1258;1908
18;magpie;4750;;0.48189473684210526;0.9621689785624212;0.48189473684210526;0.6421658016552111;2289;90;2461
276;hyena;4750;;0.49705263157894736;0.9039050535987749;0.49705263157894736;0.6414017929910351;2361;251;2389
225;malinois;4750;;0.5042105263157894;0.879544619904517;0.5042105263157894;0.6409741736919577;2395;328;2355
417;balloon;4750;;0.6652631578947369;0.617670054730258;0.6652631578947369;0.6405838232312996;3160;1956;1590
420;banjo;4750;;0.588;0.7033492822966507;0.588;0.6405228758169934;2793;1178;1957
137;American_coot;4750;;0.5052631578947369;0.8736803785948307;0.5052631578947369;0.6402561024409765;2400;347;2350
347;bison;4750;;0.48905263157894735;0.9251294305057746;0.48905263157894735;0.6398567690400772;2323;188;2427
251;dalmatian;4750;;0.5955789473684211;0.687819110138585;0.5955789473684211;0.6383842942570236;2829;1284;1921
684;ocarina;4750;;0.48357894736842105;0.9360228198859005;0.48357894736842105;0.6377012770682954;2297;157;2453
699;panpipe;4750;;0.5583157894736842;0.7418181818181818;0.5583157894736842;0.637117117117117;2652;923;2098
714;pick;4750;;0.5092631578947369;0.8405142460041696;0.5092631578947369;0.6342422653382277;2419;459;2331
476;carousel;4750;;0.5983157894736842;0.6736193410760843;0.5983157894736842;0.6337384323781915;2842;1377;1908
890;volleyball;4750;;0.49473684210526314;0.8771929824561403;0.49473684210526314;0.6326558083187509;2350;329;2400
694;paddlewheel;4750;;0.5701052631578948;0.7103882476390346;0.5701052631578948;0.6325624854006072;2708;1104;2042
146;albatross;4750;;0.4751578947368421;0.935737976782753;0.4751578947368421;0.6302708740575258;2257;155;2493
496;Christmas_stocking;4750;;0.5006315789473684;0.8450604122245914;0.5006315789473684;0.6287678476996299;2378;436;2372
63;Indian_cobra;4750;;0.5612631578947368;0.7141709081167962;0.5612631578947368;0.6285512200872333;2666;1067;2084
426;barometer;4750;;0.5991578947368421;0.6598655228379319;0.5991578947368421;0.6280481076906103;2846;1467;1904
719;piggy_bank;4750;;0.48778947368421055;0.8809885931558935;0.48778947368421055;0.6279132791327914;2317;313;2433
888;viaduct;4750;;0.4922105263157895;0.8601913171449596;0.4922105263157895;0.6261381896089985;2338;380;2412
726;plane;4750;;0.4911578947368421;0.8574053656743844;0.4911578947368421;0.6245482532458841;2333;388;2417
133;bittern;4750;;0.46610526315789474;0.9421276595744681;0.46610526315789474;0.6236619718309859;2214;136;2536
822;steel_drum;4750;;0.4749473684210526;0.9063881076737645;0.4749473684210526;0.6232905097389142;2256;233;2494
117;chambered_nautilus;4750;;0.6153684210526316;0.6267152658662093;0.6153684210526316;0.620990014871468;2923;1741;1827
286;cougar;4750;;0.49873684210526315;0.8225694444444445;0.49873684210526315;0.6209698558322412;2369;511;2381
918;crossword_puzzle;4750;;0.48273684210526313;0.8698786039453718;0.48273684210526313;0.6209044137557541;2293;343;2457
148;killer_whale;4750;;0.708421052631579;0.5487606001304631;0.708421052631579;0.6184524903510383;3365;2767;1385
39;common_iguana;4750;;0.5098947368421053;0.781038374717833;0.5098947368421053;0.6169914660552795;2422;679;2328
20;water_ouzel;4750;;0.45263157894736844;0.9675967596759676;0.45263157894736844;0.6167527251864601;2150;72;2600
89;sulphur-crested_cockatoo;4750;;0.4625263157894737;0.9204021784666946;0.4625263157894737;0.6156648451730419;2197;190;2553
259;Pomeranian;4750;;0.692;0.5537398921832885;0.692;0.6151974546135129;3287;2649;1463
518;crash_helmet;4750;;0.47326315789473683;0.8770971517752634;0.47326315789473683;0.6147955695337072;2248;315;2502
270;white_wolf;4750;;0.4917894736842105;0.8193616274991231;0.4917894736842105;0.6146559663202209;2336;515;2414
646;maze;4750;;0.5197894736842106;0.75;0.5197894736842106;0.6140263616015916;2469;823;2281
213;Irish_setter;4750;;0.4911578947368421;0.8185964912280702;0.4911578947368421;0.6139473684210526;2333;517;2417
466;bullet_train;4750;;0.44273684210526315;0.9943262411347518;0.44273684210526315;0.6126729788783686;2103;12;2647
22;bald_eagle;4750;;0.6610526315789473;0.5701834029417105;0.6610526315789473;0.6122647947743004;3140;2367;1610
491;chain_saw;4750;;0.49873684210526315;0.7844370860927152;0.49873684210526315;0.6097812097812098;2369;651;2381
458;brass;4750;;0.48357894736842105;0.824183710082526;0.48357894736842105;0.6095263367387554;2297;490;2453
76;tarantula;4750;;0.5031578947368421;0.7702223654527877;0.5031578947368421;0.6086845791417294;2390;713;2360
13;junco;4750;;0.6743157894736842;0.5530041436464088;0.6743157894736842;0.6076645797761335;3203;2589;1547
668;mosque;4750;;0.696;0.5390510353823578;0.696;0.6075530644123862;3306;2827;1444
139;ruddy_turnstone;4750;;0.8141052631578948;0.4845864661654135;0.8141052631578948;0.607541241162608;3867;4113;883
98;red-breasted_merganser;4750;;0.7509473684210526;0.5097170620177194;0.7509473684210526;0.6072522982635342;3567;3431;1183
430;basketball;4750;;0.5077894736842106;0.7549295774647887;0.5077894736842106;0.6071743234738829;2412;783;2338
989;hip;4750;;0.4785263157894737;0.8301680058436816;0.4785263157894737;0.6071047008547009;2273;465;2477
93;hornbill;4750;;0.5686315789473684;0.6499037536092397;0.5686315789473684;0.6065573770491802;2701;1455;2049
384;indri;4750;;0.5385263157894736;0.6924742826204656;0.5385263157894736;0.6058739933680719;2558;1136;2192
174;Norwegian_elkhound;4750;;0.504421052631579;0.7565519419008525;0.504421052631579;0.6052797776935708;2396;771;2354
654;minibus;4750;;0.6202105263157894;0.5908543922984356;0.6202105263157894;0.605176663927691;2946;2040;1804
545;electric_fan;4750;;0.5324210526315789;0.7003600110772639;0.5324210526315789;0.6049515608180839;2529;1082;2221
881;upright;4750;;0.5972631578947368;0.6095831542758917;0.5972631578947368;0.6033602722245853;2837;1817;1913
739;potter's_wheel;4750;;0.527578947368421;0.7041303737004777;0.527578947368421;0.603201347935973;2506;1053;2244
154;Pekinese;4750;;0.4751578947368421;0.8225218658892128;0.4751578947368421;0.602348545503069;2257;487;2493
336;marmot;4750;;0.4991578947368421;0.755336094297547;0.4991578947368421;0.6010901254911902;2371;768;2379
781;scoreboard;4750;;0.46378947368421053;0.850907686365392;0.46378947368421053;0.6003542716991416;2203;386;2547
901;whiskey_jug;4750;;0.5414736842105263;0.670490093847758;0.5414736842105263;0.5991148381085488;2572;1264;2178
1;goldfish;4750;;0.544;0.6649511065362841;0.544;0.5984251968503937;2584;1302;2166
28;spotted_salamander;4750;;0.4983157894736842;0.7448080553807426;0.4983157894736842;0.5971241170534812;2367;811;2383
214;Gordon_setter;4750;;0.604;0.5899650421550483;0.604;0.5969000312077395;2869;1994;1881
945;bell_pepper;4750;;0.5423157894736842;0.6608517188301694;0.5423157894736842;0.5957446808510638;2576;1322;2174
327;starfish;4750;;0.5848421052631579;0.6062854648625055;0.5848421052631579;0.5953707672524647;2778;1804;1972
295;American_black_bear;4750;;0.496;0.7401822180333019;0.496;0.5939745367452413;2356;827;2394
802;snowmobile;4750;;0.6534736842105263;0.5435125196988269;0.6534736842105263;0.5934423095306375;3104;2607;1646
355;llama;4750;;0.43473684210526314;0.929761368752814;0.43473684210526314;0.5924544541672643;2065;156;2685
368;gibbon;4750;;0.5008421052631579;0.7235401459854015;0.5008421052631579;0.5919382931077383;2379;909;2371
766;rotisserie;4750;;0.4463157894736842;0.8785743887277249;0.4463157894736842;0.5919307552701383;2120;293;2630
575;golfcart;4750;;0.4416842105263158;0.8969645147498931;0.4416842105263158;0.5919029482296516;2098;241;2652
512;corkscrew;4750;;0.5572631578947368;0.6309892729439809;0.5572631578947368;0.5918390162101732;2647;1548;2103
401;accordion;4750;;0.5197894736842106;0.6860238955265352;0.5197894736842106;0.5914480776140856;2469;1130;2281
560;football_helmet;4750;;0.4383157894736842;0.9067944250871081;0.4383157894736842;0.5909736020437127;2082;214;2668
261;keeshond;4750;;0.5694736842105264;0.6124066108218248;0.5694736842105264;0.5901603578051708;2705;1712;2045
224;groenendael;4750;;0.5328421052631579;0.6598018769551617;0.5328421052631579;0.5895644071744701;2531;1305;2219
316;cicada;4750;;0.4924210526315789;0.7339190461248823;0.4924210526315789;0.5893914577296208;2339;848;2411
331;hare;4750;;0.5846315789473684;0.5940106951871658;0.5846315789473684;0.5892838196286472;2777;1898;1973
48;Komodo_dragon;4750;;0.47221052631578947;0.7820781032078103;0.47221052631578947;0.5888684694145446;2243;625;2507
713;photocopier;4750;;0.4688421052631579;0.7902767920511;0.4688421052631579;0.5885306553911205;2227;591;2523
796;ski_mask;4750;;0.444;0.8696907216494846;0.444;0.5878745644599302;2109;316;2641
641;maraca;4750;;0.4905263157894737;0.7308657465495608;0.4905263157894737;0.5870496346686822;2330;858;2420
429;baseball;4750;;0.4978947368421053;0.7145015105740181;0.4978947368421053;0.586848635235732;2365;945;2385
627;limousine;4750;;0.4966315789473684;0.7161505768063146;0.4966315789473684;0.58652411735455;2359;935;2391
220;Sussex_spaniel;4750;;0.44673684210526315;0.8535800482703138;0.44673684210526315;0.5865118850193477;2122;364;2628
990;buckeye;4750;;0.416;0.988;0.416;0.5854814814814815;1976;24;2774
640;manhole_cover;4750;;0.5141052631578947;0.6779566907273736;0.5141052631578947;0.5847701149425287;2442;1160;2308
149;dugong;4750;;0.4751578947368421;0.7599326599326599;0.4751578947368421;0.5847150259067357;2257;713;2493
116;chiton;4750;;0.468;0.77645826056584;0.468;0.5840010508340996;2223;640;2527
615;knee_pad;4750;;0.49515789473684213;0.7112186271545207;0.49515789473684213;0.583840139009557;2352;955;2398
723;pinwheel;4750;;0.4338947368421053;0.8918217221981826;0.4338947368421053;0.58377000424869;2061;250;2689
147;grey_whale;4750;;0.5006315789473684;0.6998234255444379;0.5006315789473684;0.5837015218458518;2378;1020;2372
736;pool_table;4750;;0.43494736842105264;0.8829059829059829;0.43494736842105264;0.5827926657263752;2066;274;2684
343;warthog;4750;;0.4802105263157895;0.7396238651102465;0.4802105263157895;0.5823334184324739;2281;803;2469
245;French_bulldog;4750;;0.47642105263157897;0.7473579920739762;0.47642105263157897;0.5818976600668553;2263;765;2487
816;spindle;4750;;0.42673684210526314;0.9122412241224123;0.42673684210526314;0.5814687320711418;2027;195;2723
69;trilobite;4750;;0.4551578947368421;0.803717472118959;0.4551578947368421;0.5811827956989247;2162;528;2588
914;yawl;4750;;0.4743157894736842;0.7485049833887043;0.4743157894736842;0.5806701030927834;2253;757;2497
217;English_springer;4750;;0.4345263157894737;0.8745762711864407;0.4345263157894737;0.5805907172995781;2064;296;2686
279;Arctic_fox;4750;;0.5581052631578948;0.6023630992956146;0.5581052631578948;0.5793902305758933;2651;1750;2099
330;wood_rabbit;4750;;0.692;0.4981812670506214;0.692;0.5793091293620021;3287;3311;1463
237;miniature_pinscher;4750;;0.47957894736842105;0.727563078888534;0.47957894736842105;0.57809922598655;2278;853;2472
234;Rottweiler;4750;;0.5825263157894737;0.5727592630925274;0.5825263157894737;0.5776015029746373;2767;2064;1983
70;harvestman;4750;;0.42589473684210527;0.8915821947994711;0.42589473684210527;0.5764353896566462;2023;246;2727
29;axolotl;4750;;0.4244210526315789;0.897196261682243;0.4244210526315789;0.576246962984136;2016;231;2734
157;papillon;4750;;0.6949473684210526;0.4883136094674556;0.6949473684210526;0.573588184187663;3301;3459;1449
757;recreational_vehicle;4750;;0.6524210526315789;0.5113861386138614;0.6524210526315789;0.5733580018501389;3099;2961;1651
812;space_shuttle;4750;;0.5433684210526316;0.6067230841560883;0.5433684210526316;0.5733007552199022;2581;1673;2169
308;fly;4750;;0.5176842105263157;0.6413667188315075;0.5176842105263157;0.5729263746505125;2459;1375;2291
573;go-kart;4750;;0.46778947368421053;0.7386968085106383;0.46778947368421053;0.5728280484660996;2222;786;2528
78;tick;4750;;0.6096842105263158;0.5379899684190972;0.6096842105263158;0.5715977499259844;2896;2487;1854
854;theater_curtain;4750;;0.5543157894736842;0.5894336243563914;0.5543157894736842;0.5713355755668873;2633;1834;2117
994;stinkhorn;4750;;0.4608421052631579;0.7514589769996567;0.4608421052631579;0.5713167166905911;2189;724;2561
734;police_van;4750;;0.5536842105263158;0.5870535714285714;0.5536842105263158;0.5698808234019501;2630;1850;2120
171;Italian_greyhound;4750;;0.4991578947368421;0.6630313199105146;0.4991578947368421;0.5695411962527023;2371;1205;2379
780;schooner;4750;;0.6665263157894736;0.4965495608531995;0.6665263157894736;0.5691173827071724;3166;3210;1584
606;iron;4750;;0.4046315789473684;0.9586034912718204;0.4046315789473684;0.569059955588453;1922;83;2828
715;pickelhaube;4750;;0.44652631578947366;0.7841035120147875;0.44652631578947366;0.5690140845070422;2121;584;2629
609;jeep;4750;;0.4981052631578947;0.6610785135512713;0.4981052631578947;0.5681354304238204;2366;1213;2384
51;triceratops;4750;;0.4050526315789474;0.9487179487179487;0.4050526315789474;0.5677190911773384;1924;104;2826
210;German_short-haired_pointer;4750;;0.6225263157894737;0.5212409659791997;0.6225263157894737;0.5673990213949919;2957;2716;1793
297;sloth_bear;4750;;0.5212631578947369;0.621641978408235;0.5212631578947369;0.5670445436848734;2476;1507;2274
732;Polaroid_camera;4750;;0.41368421052631577;0.9005499541704858;0.41368421052631577;0.566935949221004;1965;217;2785
27;eft;4750;;0.5734736842105264;0.5604938271604938;0.5734736842105264;0.5669094693028095;2724;2136;2026
177;Scottish_deerhound;4750;;0.5574736842105263;0.5760278442462475;0.5574736842105263;0.5665989087407726;2648;1949;2102
613;joystick;4750;;0.42694736842105263;0.84009942004971;0.42694736842105263;0.5661641541038527;2028;386;2722
629;lipstick;4750;;0.4591578947368421;0.7378213802435724;0.4591578947368421;0.5660524266805087;2181;775;2569
25;European_fire_salamander;4750;;0.7301052631578947;0.4613542636690169;0.7301052631578947;0.5654194179505991;3468;4049;1282
301;ladybug;4750;;0.6298947368421053;0.5124165096763145;0.6298947368421053;0.5651147417130985;2992;2847;1758
344;hippopotamus;4750;;0.3976842105263158;0.9742135121196493;0.3976842105263158;0.5648078935565854;1889;50;2861
704;parking_meter;4750;;0.4572631578947368;0.736271186440678;0.4572631578947368;0.5641558441558441;2172;778;2578
332;Angora;4750;;0.4663157894736842;0.7122186495176849;0.4663157894736842;0.5636132315521629;2215;895;2535
228;komondor;4750;;0.5930526315789474;0.5361629234868671;0.5930526315789474;0.5631747301079568;2817;2437;1933
621;lawn_mower;4750;;0.4284210526315789;0.821226795803067;0.4284210526315789;0.563087991145545;2035;443;2715
367;chimpanzee;4750;;0.584421052631579;0.5432485322896282;0.584421052631579;0.563083164300203;2776;2334;1974
871;trimaran;4750;;0.5966315789473684;0.5324065376667293;0.5966315789473684;0.5626923458751117;2834;2489;1916
47;African_chameleon;4750;;0.6292631578947369;0.5082468967862609;0.6292631578947369;0.5623177499764839;2989;2892;1761
229;Old_English_sheepdog;4750;;0.588;0.5381502890173411;0.588;0.5619718309859154;2793;2397;1957
522;croquet_ball;4750;;0.4338947368421053;0.7945258288357748;0.4338947368421053;0.5612745098039215;2061;533;2689
176;Saluki;4750;;0.456;0.7288021534320323;0.456;0.560994560994561;2166;806;2584
635;magnetic_compass;4750;;0.5101052631578947;0.6225590955806783;0.5101052631578947;0.5607498264290673;2423;1469;2327
41;whiptail;4750;;0.5848421052631579;0.537746806039489;0.5848421052631579;0.5603065752319484;2778;2388;1972
574;golf_ball;4750;;0.58;0.5405140278595252;0.58;0.5595612877018381;2755;2342;1995
352;impala;4750;;0.6621052631578948;0.48429319371727747;0.6621052631578948;0.5594094628246176;3145;3349;1605
672;mountain_tent;4750;;0.4183157894736842;0.8405245346869712;0.4183157894736842;0.5586168119201574;1987;377;2763
302;ground_beetle;4750;;0.5509473684210526;0.5652267818574515;0.5509473684210526;0.5579957356076759;2617;2013;2133
223;schipperke;4750;;0.47536842105263155;0.6752392344497608;0.47536842105263155;0.5579441561650604;2258;1086;2492
448;birdhouse;4750;;0.424;0.8124243646631706;0.424;0.5572001659980634;2014;465;2736
614;kimono;4750;;0.44273684210526315;0.7486650053399786;0.44273684210526315;0.5564228072496362;2103;706;2647
763;revolver;4750;;0.7427368421052631;0.44360618634477555;0.7427368421052631;0.5554593403133118;3528;4425;1222
97;drake;4750;;0.52;0.593607305936073;0.52;0.5543710021321961;2470;1691;2280
761;remote_control;4750;;0.43094736842105263;0.7765553869499241;0.43094736842105263;0.5542919036014081;2047;589;2703
570;gasmask;4750;;0.5616842105263158;0.5467213114754098;0.5616842105263158;0.5541017653167185;2668;2212;2082
682;obelisk;4750;;0.4246315789473684;0.7950335041387465;0.4246315789473684;0.5535885824070262;2017;520;2733
172;whippet;4750;;0.42905263157894735;0.7775658145745898;0.42905263157894735;0.5529778863112196;2038;583;2712
920;traffic_light;4750;;0.44042105263157894;0.7394839165782963;0.44042105263157894;0.5520517218630427;2092;737;2658
569;garbage_truck;4750;;0.7242105263157895;0.44600025930247633;0.7242105263157895;0.5520340207012757;3440;4273;1310
289;snow_leopard;4750;;0.5875789473684211;0.5203206562266965;0.5875789473684211;0.5519082459956497;2791;2573;1959
450;bobsled;4750;;0.4610526315789474;0.6854460093896714;0.4610526315789474;0.5512901195720579;2190;1005;2560
366;gorilla;4750;;0.5905263157894737;0.5163843888070693;0.5905263157894737;0.5509723040659988;2805;2627;1945
952;fig;4750;;0.4162105263157895;0.8102459016393443;0.4162105263157895;0.5499304589707928;1977;463;2773
738;pot;4750;;0.46189473684210525;0.6790467347570411;0.46189473684210525;0.5498057887482772;2194;1037;2556
7;cock;4750;;0.4463157894736842;0.7147673634524613;0.4463157894736842;0.5495075168481078;2120;846;2630
8;hen;4750;;0.46231578947368424;0.67673343605547;0.46231578947368424;0.549343339587242;2196;1049;2554
215;Brittany_spaniel;4750;;0.41368421052631577;0.8163689239717491;0.41368421052631577;0.5491127567416515;1965;442;2785
789;shoji;4750;;0.4669473684210526;0.6660660660660661;0.4669473684210526;0.549009900990099;2218;1112;2532
221;Irish_water_spaniel;4750;;0.619578947368421;0.4917293233082707;0.619578947368421;0.5482999534233814;2943;3042;1807
959;carbonara;4750;;0.49473684210526314;0.6143790849673203;0.49473684210526314;0.5481049562682215;2350;1475;2400
303;long-horned_beetle;4750;;0.48168421052631577;0.6304767153485809;0.48168421052631577;0.5461272228189522;2288;1341;2462
164;bluetick;4750;;0.44105263157894736;0.716484268125855;0.44105263157894736;0.5459994787594474;2095;829;2655
695;padlock;4750;;0.4631578947368421;0.663850331925166;0.4631578947368421;0.5456349206349207;2200;1114;2550
630;Loafer;4750;;0.5153684210526316;0.5794082840236686;0.5153684210526316;0.5455153203342619;2448;1777;2302
38;banded_gecko;4750;;0.4726315789473684;0.6449296179258833;0.4726315789473684;0.5454987243348317;2245;1236;2505
957;pomegranate;4750;;0.42273684210526313;0.7681713848508034;0.42273684210526313;0.5453557848995111;2008;606;2742
637;mailbox;4750;;0.38989473684210524;0.9069539666993144;0.38989473684210524;0.5453474676089517;1852;190;2898
946;cardoon;4750;;0.7063157894736842;0.4437830687830688;0.7063157894736842;0.545085296506905;3355;4205;1395
140;red-backed_sandpiper;4750;;0.5711578947368421;0.5209293394777266;0.5711578947368421;0.5448885318337016;2713;2495;2037
724;pirate;4750;;0.4557894736842105;0.6769856160100063;0.4557894736842105;0.5447911424257675;2165;1033;2585
610;jersey;4750;;0.41789473684210526;0.7818038597873178;0.41789473684210526;0.5446563314583619;1985;554;2765
849;teapot;4750;;0.6747368421052632;0.4558384298108377;0.6747368421052632;0.5440964264493676;3205;3826;1545
449;boathouse;4750;;0.46063157894736845;0.6620272314674736;0.46063157894736845;0.5432650527622594;2188;1117;2562
707;pay-phone;4750;;0.4006315789473684;0.8416629809818664;0.4006315789473684;0.5428612180858651;1903;358;2847
335;fox_squirrel;4750;;0.4343157894736842;0.7236057523675903;0.4343157894736842;0.5428233127220102;2063;788;2687
105;koala;4750;;0.4456842105263158;0.6927356020942408;0.4456842105263158;0.5424032795285678;2117;939;2633
31;tree_frog;4750;;0.48189473684210526;0.6174804424062584;0.48189473684210526;0.5413267115998581;2289;1418;2461
981;ballplayer;4750;;0.43726315789473685;0.7098427887901572;0.43726315789473685;0.541167274622199;2077;849;2673
553;file;4750;;0.4974736842105263;0.592824887104867;0.4974736842105263;0.5409798534798534;2363;1623;2387
642;marimba;4750;;0.3743157894736842;0.9731800766283525;0.3743157894736842;0.5406720389235213;1778;49;2972
305;dung_beetle;4750;;0.3953684210526316;0.852087114337568;0.3953684210526316;0.540120793787748;1878;326;2872
559;folding_chair;4750;;0.38694736842105265;0.8918000970402717;0.38694736842105265;0.5397151666421964;1838;223;2912
161;basset;4750;;0.45557894736842103;0.658952496954933;0.45557894736842103;0.5387104804580533;2164;1120;2586
254;pug;4750;;0.5437894736842105;0.533457249070632;0.5437894736842105;0.5385738115095914;2583;2259;2167
95;jacamar;4750;;0.7606315789473684;0.4161483529140751;0.7606315789473684;0.5379690291840381;3613;5069;1137
840;swab;4750;;0.3837894736842105;0.8931896129348359;0.3837894736842105;0.536887056398174;1823;218;2927
99;goose;4750;;0.39431578947368423;0.8354148082069581;0.39431578947368423;0.5357551487414188;1873;369;2877
56;king_snake;4750;;0.47642105263157897;0.6106314085267135;0.47642105263157897;0.5352412488174079;2263;1443;2487
239;Bernese_mountain_dog;4750;;0.6911578947368421;0.4358736059479554;0.6911578947368421;0.5346034847744666;3283;4249;1467
666;mortar;4750;;0.40442105263157896;0.7869725522326915;0.40442105263157896;0.5342789598108748;1921;520;2829
936;head_cabbage;4750;;0.42589473684210527;0.7161061946902655;0.42589473684210527;0.5341254125412541;2023;802;2727
173;Ibizan_hound;4750;;0.39473684210526316;0.8245382585751979;0.39473684210526316;0.5338838268792712;1875;399;2875
21;kite;4750;;0.5391578947368421;0.5286952931461602;0.5391578947368421;0.5338753387533874;2561;2283;2189
934;hotdog;4750;;0.448;0.6600496277915633;0.448;0.5337346375721094;2128;1096;2622
218;Welsh_springer_spaniel;4750;;0.7402105263157894;0.41624245294187284;0.7402105263157894;0.5328483746305979;3516;4931;1234
919;street_sign;4750;;0.4345263157894737;0.6866267465069861;0.4345263157894737;0.5322331098504384;2064;942;2686
674;mousetrap;4750;;0.39242105263157895;0.8255093002657219;0.39242105263157895;0.5319634703196346;1864;394;2886
937;broccoli;4750;;0.5021052631578947;0.5655679392933365;0.5021052631578947;0.5319504851120775;2385;1832;2365
416;balance_beam;4750;;0.4589473684210526;0.6313350709527946;0.4589473684210526;0.5315128611483603;2180;1273;2570
121;king_crab;4750;;0.45494736842105266;0.6389710230632761;0.45494736842105266;0.5314805705853418;2161;1221;2589
511;convertible;4750;;0.696;0.4287937743190661;0.696;0.5306581059390048;3306;4404;1444
958;hay;4750;;0.4012631578947368;0.7830731306491372;0.4012631578947368;0.5306236080178174;1906;528;2844
768;rugby_ball;4750;;0.41389473684210526;0.7388199924840285;0.41389473684210526;0.5305626771016058;1966;695;2784
168;redbone;4750;;0.4654736842105263;0.616049038729451;0.4654736842105263;0.5302794100011993;2211;1378;2539
256;Newfoundland;4750;;0.3970526315789474;0.7978003384094755;0.3970526315789474;0.5302220972729829;1886;478;2864
235;German_shepherd;4750;;0.6686315789473685;0.4363236708339058;0.6686315789473685;0.5280571951118131;3176;4103;1574
798;slide_rule;4750;;0.4103157894736842;0.7385373247442213;0.4103157894736842;0.5275409392339965;1949;690;2801
211;vizsla;4750;;0.44294736842105265;0.6511915815536985;0.44294736842105265;0.5272522240320762;2104;1127;2646
179;Staffordshire_bullterrier;4750;;0.5029473684210526;0.5532654006484483;0.5029473684210526;0.5269078076753418;2389;1929;2361
532;dining_table;4750;;0.4570526315789474;0.6218848467487826;0.4570526315789474;0.5268778060914937;2171;1320;2579
716;picket_fence;4750;;0.5850526315789474;0.47922055526814966;0.5850526315789474;0.5268745852687459;2779;3020;1971
902;whistle;4750;;0.4534736842105263;0.6281714785651793;0.4534736842105263;0.526714757305294;2154;1275;2596
953;pineapple;4750;;0.3896842105263158;0.8107752956636005;0.3896842105263158;0.5263756576141049;1851;432;2899
678;neck_brace;4750;;0.37473684210526315;0.8833746898263027;0.37473684210526315;0.5262379896526238;1780;235;2970
219;cocker_spaniel;4750;;0.40968421052631576;0.731854080481384;0.40968421052631576;0.5253070589823187;1946;713;2804
583;guillotine;4750;;0.5077894736842106;0.5433656228880378;0.5077894736842106;0.5249755142017629;2412;2027;2338
252;affenpinscher;4750;;0.612;0.459604743083004;0.612;0.5249661399548533;2907;3418;1843
521;Crock_Pot;4750;;0.4054736842105263;0.7436293436293436;0.4054736842105263;0.5247956403269755;1926;664;2824
113;snail;4750;;0.41326315789473683;0.7135587059251182;0.41326315789473683;0.5233968804159445;1963;788;2787
475;car_mirror;4750;;0.6368421052631579;0.4438086854460094;0.6368421052631579;0.5230849040290506;3025;3791;1725
514;cowboy_boot;4750;;0.39957894736842103;0.757080175508576;0.39957894736842103;0.5230811630150201;1898;609;2852
155;Shih-Tzu;4750;;0.4863157894736842;0.565068493150685;0.4863157894736842;0.5227427019687713;2310;1778;2440
769;rule;4750;;0.4113684210526316;0.7160131916452913;0.4113684210526316;0.5225297499665731;1954;775;2796
820;steam_locomotive;4750;;0.5945263157894737;0.4651622467468292;0.5945263157894737;0.5219480639497275;2824;3247;1926
283;Persian_cat;4750;;0.5694736842105264;0.48080341272662636;0.5694736842105264;0.5213955281418658;2705;2921;2045
471;cannon;4750;;0.3642105263157895;0.9129287598944591;0.3642105263157895;0.5206922498118887;1730;165;3020
175;otterhound;4750;;0.48926315789473684;0.5546539379474941;0.48926315789473684;0.519910514541387;2324;1866;2426
186;Norwich_terrier;4750;;0.6614736842105263;0.4271923861318831;0.6614736842105263;0.5191243287897563;3142;4213;1608
507;combination_lock;4750;;0.3871578947368421;0.7872431506849316;0.3871578947368421;0.519051651143099;1839;497;2911
771;safe;4750;;0.3543157894736842;0.9700288184438041;0.3543157894736842;0.5190439475713184;1683;52;3067
126;isopod;4750;;0.4128421052631579;0.6956367506207876;0.4128421052631579;0.5181662042541949;1961;858;2789
120;fiddler_crab;4750;;0.44842105263157894;0.6117174037909248;0.44842105263157894;0.5174927113702624;2130;1352;2620
85;quail;4750;;0.6421052631578947;0.4331771055247834;0.6421052631578947;0.5173437367483673;3050;3991;1700
273;dingo;4750;;0.38442105263157894;0.7901341410644742;0.38442105263157894;0.5172071944483784;1826;485;2924
391;coho;4750;;0.3917894736842105;0.7599020008166598;0.3917894736842105;0.5170162522572579;1861;588;2889
346;water_buffalo;4750;;0.46378947368421053;0.5840402969247084;0.46378947368421053;0.5170147852616757;2203;1569;2547
867;trailer_truck;4750;;0.45831578947368423;0.5920587435409301;0.45831578947368423;0.5166725999762668;2177;1500;2573
566;French_horn;4750;;0.49136842105263157;0.5431696532464511;0.49136842105263157;0.5159721454625843;2334;1963;2416
941;acorn_squash;4750;;0.368;0.8627838104639685;0.368;0.5159386068476977;1748;278;3002
517;crane;4750;;0.5328421052631579;0.49852274965530824;0.5328421052631579;0.515111427699196;2531;2546;2219
134;crane;4750;;0.37136842105263157;0.8384030418250951;0.37136842105263157;0.5147359206302888;1764;340;2986
386;African_elephant;4750;;0.5174736842105263;0.5117634811576098;0.5174736842105263;0.5146027425939494;2458;2345;2292
896;washbasin;4750;;0.432;0.6350974930362117;0.432;0.5142212755293822;2052;1179;2698
988;acorn;4750;;0.3551578947368421;0.9284534947716016;0.3551578947368421;0.5137810263438404;1687;130;3063
334;porcupine;4750;;0.4591578947368421;0.582843399251737;0.4591578947368421;0.5136599152143193;2181;1561;2569
152;Japanese_spaniel;4750;;0.6825263157894736;0.4113169246384166;0.6825263157894736;0.5132995566814439;3242;4640;1508
932;pretzel;4750;;0.39242105263157895;0.7396825396825397;0.39242105263157895;0.5127922971114167;1864;656;2886
144;pelican;4750;;0.5743157894736842;0.4629221109791278;0.5743157894736842;0.5126374142628958;2728;3165;2022
196;miniature_schnauzer;4750;;0.4052631578947368;0.6969587255611875;0.4052631578947368;0.5125133120340788;1925;837;2825
369;siamang;4750;;0.43894736842105264;0.6155890168290522;0.43894736842105264;0.5124738847240997;2085;1302;2665
142;dowitcher;4750;;0.7385263157894737;0.39230597181838517;0.7385263157894737;0.5124160093485247;3508;5434;1242
337;beaver;4750;;0.503578947368421;0.5213600697471665;0.503578947368421;0.5123152709359606;2392;2196;2358
158;toy_terrier;4750;;0.5501052631578948;0.4792736610418195;0.5501052631578948;0.5122524995099;2613;2839;2137
192;cairn;4750;;0.45557894736842103;0.5848648648648649;0.45557894736842103;0.5121893491124261;2164;1536;2586
563;fountain_pen;4750;;0.3589473684210526;0.874807593637763;0.3589473684210526;0.5090311986863711;1705;244;3045
933;cheeseburger;4750;;0.43957894736842107;0.6045165026056746;0.43957894736842107;0.5090199902486591;2088;1366;2662
557;flagpole;4750;;0.48147368421052633;0.5376116596144805;0.48147368421052633;0.5079964460239894;2287;1967;2463
538;dome;4750;;0.5157894736842106;0.4987785016286645;0.5157894736842106;0.5071413785965639;2450;2462;2300
940;spaghetti_squash;4750;;0.4202105263157895;0.6376996805111821;0.4202105263157895;0.5065989847715736;1996;1134;2754
486;cello;4750;;0.627578947368421;0.4239192263936291;0.627578947368421;0.5060261415718893;2981;4051;1769
125;hermit_crab;4750;;0.37157894736842106;0.7879464285714286;0.37157894736842106;0.5050071530758227;1765;475;2985
81;ptarmigan;4750;;0.36526315789473685;0.8172397550635893;0.36526315789473685;0.504874145205878;1735;388;3015
209;Chesapeake_Bay_retriever;4750;;0.3871578947368421;0.7231616201337003;0.3871578947368421;0.5043192102015631;1839;704;2911
991;coral_fungus;4750;;0.5989473684210527;0.43548140211235264;0.5989473684210527;0.5042985021714084;2845;3688;1905
850;teddy;4750;;0.42357894736842105;0.6227174249458372;0.42357894736842105;0.5041974689888485;2012;1219;2738
182;Border_terrier;4750;;0.49726315789473685;0.5108131487889274;0.49726315789473685;0.5039470876893536;2362;2262;2388
603;horse_cart;4750;;0.3858947368421053;0.7250791139240507;0.3858947368421053;0.5037098103874691;1833;695;2917
765;rocking_chair;4750;;0.3871578947368421;0.7206112852664577;0.3871578947368421;0.5036976170912079;1839;713;2911
206;curly-coated_retriever;4750;;0.38442105263157894;0.726332537788385;0.38442105263157894;0.5027533039647577;1826;688;2924
659;mixing_bowl;4750;;0.5423157894736842;0.46853401236813386;0.5423157894736842;0.5027322404371585;2576;2922;2174
548;entertainment_center;4750;;0.739578947368421;0.38048304992960036;0.739578947368421;0.5024672816992062;3513;5720;1237
555;fire_engine;4750;;0.6311578947368421;0.4172001113275814;0.6311578947368421;0.5023458445040215;2998;4188;1752
949;strawberry;4750;;0.5029473684210526;0.501153765470946;0.5029473684210526;0.5020489650099821;2389;2378;2361
205;flat-coated_retriever;4750;;0.5865263157894737;0.4386710754211935;0.5865263157894737;0.501936762453833;2786;3565;1964
708;pedestal;4750;;0.39010526315789473;0.7032258064516129;0.39010526315789473;0.5018280297901151;1853;782;2897
421;bannister;4750;;0.46021052631578946;0.5514631685166499;0.46021052631578946;0.5017213679137021;2186;1778;2564
686;oil_filter;4750;;0.40273684210526317;0.6642361111111111;0.40273684210526317;0.5014416775884666;1913;967;2837
510;container_ship;4750;;0.5726315789473684;0.4458285526962793;0.5726315789473684;0.5013362823702885;2720;3381;2030
394;sturgeon;4750;;0.40210526315789474;0.665041782729805;0.40210526315789474;0.5011807924429283;1910;962;2840
455;bottlecap;4750;;0.39978947368421053;0.6705508474576272;0.39978947368421053;0.5009232392508574;1899;933;2851
579;grand_piano;4750;;0.3816842105263158;0.72840498192045;0.3816842105263158;0.50089791407653;1813;676;2937
605;iPod;4750;;0.45789473684210524;0.5527318932655655;0.45789473684210524;0.5008635578583766;2175;1760;2575
551;face_powder;4750;;0.37957894736842107;0.7299595141700405;0.37957894736842107;0.4994459833795013;1803;667;2947
185;Norfolk_terrier;4750;;0.4589473684210526;0.5458187280921382;0.4589473684210526;0.49862763037511426;2180;1814;2570
880;unicycle;4750;;0.4557894736842105;0.5499110998221997;0.4557894736842105;0.49844595372395534;2165;1772;2585
43;frilled_lizard;4750;;0.3406315789473684;0.9245714285714286;0.3406315789473684;0.4978461538461538;1618;132;3132
770;running_shoe;4750;;0.5048421052631579;0.49038854805725973;0.5048421052631579;0.4975103734439834;2398;2492;2352
227;kelpie;4750;;0.4271578947368421;0.5950146627565982;0.4271578947368421;0.49730392156862746;2029;1381;2721
711;perfume;4750;;0.42505263157894735;0.5964549483013294;0.42505263157894735;0.49637369391518127;2019;1366;2731
432;bassoon;4750;;0.448;0.5561944589649764;0.448;0.4962686567164179;2128;1698;2622
963;pizza;4750;;0.384;0.7001919385796546;0.384;0.49598912304554726;1824;781;2926
410;apiary;4750;;0.3589473684210526;0.8015984955336154;0.3589473684210526;0.4958557510542388;1705;422;3045
506;coil;4750;;0.36189473684210527;0.7870879120879121;0.36189473684210527;0.4958177098355927;1719;465;3031
701;parachute;4750;;0.748421052631579;0.36958103752988875;0.748421052631579;0.49481522722527654;3555;6064;1195
53;ringneck_snake;4750;;0.35810526315789476;0.7985915492957747;0.35810526315789476;0.4944767441860466;1701;429;3049
94;hummingbird;4750;;0.5842105263157895;0.4279765576804442;0.5842105263157895;0.49403596225743285;2775;3709;1975
833;submarine;4750;;0.3783157894736842;0.7108386075949367;0.3783157894736842;0.49381698268755153;1797;731;2953
670;motor_scooter;4750;;0.5393684210526316;0.4552238805970149;0.5393684210526316;0.4937367508190403;2562;3066;2188
364;three-toed_sloth;4750;;0.4456842105263158;0.5533193936225823;0.4456842105263158;0.4937033582089552;2117;1709;2633
917;comic_book;4750;;0.41010526315789475;0.61939586645469;0.41010526315789475;0.4934768841038632;1948;1197;2802
269;timber_wolf;4750;;0.5736842105263158;0.43247103634343753;0.5736842105263158;0.493168039091485;2725;3576;2025
759;reflex_camera;4750;;0.3831578947368421;0.6914893617021277;0.3831578947368421;0.49309130316987265;1820;812;2930
342;wild_boar;4750;;0.5138947368421053;0.4737046380749078;0.5138947368421053;0.49298192466929214;2441;2712;2309
309;bee;4750;;0.396;0.6522191400832178;0.396;0.4927953890489913;1881;1003;2869
494;chime;4750;;0.344;0.8682252922422954;0.344;0.4927623642943305;1634;248;3116
592;hard_disc;4750;;0.3393684210526316;0.8970506399554814;0.3393684210526316;0.4924392851687796;1612;185;3138
75;black_widow;4750;;0.6456842105263157;0.397485743908761;0.6456842105263157;0.492058398844858;3067;4649;1683
520;crib;4750;;0.42589473684210527;0.5823258491652274;0.42589473684210527;0.4919747081712062;2023;1451;2727
647;measuring_cup;4750;;0.3616842105263158;0.7666220437304775;0.3616842105263158;0.49148905735946213;1718;523;3032
165;black-and-tan_coonhound;4750;;0.5216842105263158;0.46430578976953346;0.5216842105263158;0.49132546842470504;2478;2859;2272
82;ruffed_grouse;4750;;0.5644210526315789;0.4324193548387097;0.5644210526315789;0.4896803652968037;2681;3519;2069
159;Rhodesian_ridgeback;4750;;0.4614736842105263;0.5207887859349014;0.4614736842105263;0.4893403281616252;2192;2017;2558
42;agama;4750;;0.5467368421052632;0.44084196231539635;0.5467368421052632;0.4881120195470351;2597;3294;2153
65;sea_snake;4750;;0.4726315789473684;0.5046077770285458;0.4726315789473684;0.48809653223176436;2245;2204;2505
776;sax;4750;;0.4652631578947368;0.5132373432419879;0.4652631578947368;0.48807420494699644;2210;2096;2540
299;meerkat;4750;;0.5854736842105264;0.4181326116373478;0.5854736842105264;0.48785194281203403;2781;3870;1969
328;sea_urchin;4750;;0.44273684210526315;0.5429899302865996;0.44273684210526315;0.4877652789052534;2103;1770;2647
207;golden_retriever;4750;;0.5298947368421053;0.4509944454398853;0.5298947368421053;0.4872713193301713;2517;3064;2233
107;jellyfish;4750;;0.556;0.43359054342472503;0.556;0.48722442579097874;2641;3450;2109
877;turnstile;4750;;0.3353684210526316;0.8894472361809045;0.3353684210526316;0.48708148601131324;1593;198;3157
831;studio_couch;4750;;0.44042105263157894;0.5436590436590436;0.44042105263157894;0.486624796464294;2092;1756;2658
703;park_bench;4750;;0.3583157894736842;0.7567807914628724;0.3583157894736842;0.48635519359908563;1702;547;3048
353;gazelle;4750;;0.40842105263157896;0.6006191950464397;0.40842105263157896;0.4862155388471178;1940;1290;2810
263;Pembroke;4750;;0.3985263157894737;0.6233124794204807;0.3985263157894737;0.4861949402850905;1893;1144;2857
423;barber_chair;4750;;0.4905263157894737;0.4810074318744839;0.4905263157894737;0.4857202418178028;2330;2514;2420
853;thatch;4750;;0.36757894736842106;0.71033360455655;0.36757894736842106;0.48446170921198667;1746;712;3004
45;Gila_monster;4750;;0.3433684210526316;0.8212487411883183;0.3433684210526316;0.48426365795724474;1631;355;3119
212;English_setter;4750;;0.35747368421052633;0.75;0.35747368421052633;0.4841745081266039;1698;566;3052
169;borzoi;4750;;0.5877894736842105;0.4108903605592347;0.5877894736842105;0.48367258553486353;2792;4003;1958
132;American_egret;4750;;0.7014736842105264;0.3688696999889295;0.7014736842105264;0.4834941594718132;3332;5701;1418
948;Granny_Smith;4750;;0.6863157894736842;0.3711293260473588;0.6863157894736842;0.4817496675040639;3260;5524;1490
878;typewriter_keyboard;4750;;0.3781052631578947;0.6632200886262924;0.3781052631578947;0.48163046393134884;1796;912;2954
791;shopping_cart;4750;;0.3793684210526316;0.6588665447897624;0.3793684210526316;0.48149632598530395;1802;933;2948
208;Labrador_retriever;4750;;0.36147368421052634;0.7089182493806772;0.36147368421052634;0.47880646960401557;1717;705;3033
427;barrel;4750;;0.4008421052631579;0.5927770859277709;0.4008421052631579;0.4782717910072846;1904;1308;2846
156;Blenheim_spaniel;4750;;0.8069473684210526;0.33968450903934777;0.8069473684210526;0.4781090183360359;3833;7451;917
855;thimble;4750;;0.3332631578947368;0.8424693986162852;0.3332631578947368;0.4775984311359179;1583;296;3167
457;bow_tie;4750;;0.4802105263157895;0.47441763727121466;0.4802105263157895;0.4772965055450931;2281;2527;2469
236;Doberman;4750;;0.44905263157894737;0.5090692124105012;0.44905263157894737;0.47718120805369124;2133;2057;2617
467;butcher_shop;4750;;0.3471578947368421;0.7623670827554323;0.3471578947368421;0.4770721828439173;1649;514;3101
202;soft-coated_wheaten_terrier;4750;;0.4936842105263158;0.4611602753195674;0.4936842105263158;0.47686832740213525;2345;2740;2405
720;pill_bottle;4750;;0.3231578947368421;0.9093601895734598;0.3231578947368421;0.4768561665113389;1535;153;3215
377;marmoset;4750;;0.4726315789473684;0.4799059427105601;0.4726315789473684;0.47624098430207895;2245;2433;2505
756;rain_barrel;4750;;0.3623157894736842;0.6942315449778136;0.3623157894736842;0.47613777839258536;1721;758;3029
889;violin;4750;;0.34421052631578947;0.7679661813057773;0.34421052631578947;0.4753597906672482;1635;494;3115
64;green_mamba;4750;;0.43094736842105263;0.5270339855818743;0.43094736842105263;0.47417187861941157;2047;1837;2703
197;giant_schnauzer;4750;;0.5248421052631579;0.4323621227887617;0.5248421052631579;0.47413465195891974;2493;3273;2257
216;clumber;4750;;0.6378947368421053;0.37667826951765293;0.6378947368421053;0.47365952790370486;3030;5014;1720
397;puffer;4750;;0.3658947368421053;0.6710424710424711;0.3658947368421053;0.47356948228882845;1738;852;3012
437;beacon;4750;;0.4882105263157895;0.459480879730533;0.4882105263157895;0.4734102276207003;2319;2728;2431
503;cocktail_shaker;4750;;0.49094736842105263;0.4544923016955759;0.49094736842105263;0.4720170023276996;2332;2799;2418
338;guinea_pig;4750;;0.3141052631578947;0.9413249211356467;0.3141052631578947;0.4710339384372534;1492;93;3258
194;Dandie_Dinmont;4750;;0.704421052631579;0.35373718152024525;0.704421052631579;0.47096910408895765;3346;6113;1404
389;barracouta;4750;;0.6557894736842105;0.36655683690280066;0.6557894736842105;0.4702596618357488;3115;5383;1635
586;half_track;4750;;0.576;0.3968092820884699;0.576;0.4699012451696007;2736;4159;2014
577;gong;4750;;0.6309473684210526;0.37392389270118526;0.6309473684210526;0.46956521739130425;2997;5018;1753
307;weevil;4750;;0.6747368421052632;0.3600719020334794;0.6747368421052632;0.4695626694015091;3205;5696;1545
859;toaster;4750;;0.3505263157894737;0.7097186700767263;0.3505263157894737;0.4692784667418264;1665;681;3085
942;butternut_squash;4750;;0.3248421052631579;0.8445539135194308;0.3248421052631579;0.46921088642238096;1543;284;3207
924;guacamole;4750;;0.388;0.592604501607717;0.388;0.46895674300254453;1843;1267;2907
983;scuba_diver;4750;;0.4928421052631579;0.4471824259789876;0.4928421052631579;0.4689033550325488;2341;2894;2409
803;snowplow;4750;;0.6414736842105263;0.36919907912274325;0.6414736842105263;0.4686610782127202;3047;5206;1703
693;paddle;4750;;0.4924210526315789;0.44509990485252143;0.4924210526315789;0.46756621689155425;2339;2916;2411
287;lynx;4750;;0.5143157894736842;0.42814581142656855;0.5143157894736842;0.46729150726855395;2443;3263;2307
23;vulture;4750;;0.4808421052631579;0.4540755467196819;0.4808421052631579;0.46707566462167693;2284;2746;2466
57;garter_snake;4750;;0.6873684210526316;0.3533167406124878;0.6873684210526316;0.46672861125008935;3265;5976;1485
922;menu;4750;;0.3743157894736842;0.6188652975983293;0.3743157894736842;0.4664830119375574;1778;1095;2972
653;milk_can;4750;;0.42357894736842105;0.5186903841196184;0.42357894736842105;0.46633445358674236;2012;1867;2738
30;bullfrog;4750;;0.44526315789473686;0.48947003008562834;0.44526315789473686;0.4663212435233161;2115;2206;2635
857;throne;4750;;0.39978947368421053;0.5585294117647058;0.39978947368421053;0.46601226993865025;1899;1501;2851
40;American_chameleon;4750;;0.5063157894736842;0.431390134529148;0.5063157894736842;0.46585956416464885;2405;3170;2345
311;grasshopper;4750;;0.37726315789473686;0.6086956521739131;0.37726315789473686;0.46581752014556804;1792;1152;2958
572;goblet;4750;;0.3728421052631579;0.6190143306536177;0.3728421052631579;0.46537905662856394;1771;1090;2979
242;boxer;4750;;0.5227368421052632;0.41935483870967744;0.5227368421052632;0.4653734420391716;2483;3438;2267
891;waffle_iron;4750;;0.31305263157894736;0.9028536733454766;0.31305263157894736;0.46490542441769583;1487;160;3263
104;wallaby;4750;;0.3374736842105263;0.7455813953488372;0.3374736842105263;0.46463768115942033;1603;547;3147
897;washer;4750;;0.32526315789473687;0.8063674321503131;0.32526315789473687;0.4635463546354635;1545;371;3205
793;shower_cap;4750;;0.34042105263157896;0.7260889088459811;0.34042105263157896;0.4635230041565142;1617;610;3133
806;sock;4750;;0.4103157894736842;0.530195865070729;0.4103157894736842;0.46261571326845474;1949;1727;2801
571;gas_pump;4750;;0.30147368421052634;0.9903181189488244;0.30147368421052634;0.4622336991607489;1432;14;3318
679;necklace;4750;;0.49642105263157893;0.4313940724478595;0.49642105263157893;0.46162881754111196;2358;3108;2392
616;knot;4750;;0.3549473684210526;0.6598825831702544;0.3549473684210526;0.4616016427104722;1686;869;3064
61;boa_constrictor;4750;;0.4608421052631579;0.4612305099030763;0.4608421052631579;0.4610362257792755;2189;2557;2561
921;book_jacket;4750;;0.34926315789473683;0.6741162129215766;0.34926315789473683;0.46013035639994454;1659;802;3091
665;moped;4750;;0.47726315789473683;0.44311962470680216;0.47726315789473683;0.45955807824853034;2267;2849;2483
204;Lhasa;4750;;0.45852631578947367;0.4602704987320372;0.45852631578947367;0.4593967517401392;2178;2554;2572
52;thunder_snake;4750;;0.36757894736842106;0.6122019635343618;0.36757894736842106;0.4593528018942384;1746;1106;3004
735;poncho;4750;;0.5042105263157894;0.42172917767212537;0.5042105263157894;0.45929619330712435;2395;3284;2355
777;scabbard;4750;;0.4696842105263158;0.448983698933387;0.4696842105263158;0.4591007305278321;2231;2738;2519
912;worm_fence;4750;;0.3094736842105263;0.8823529411764706;0.3094736842105263;0.4582294264339151;1470;196;3280
872;tripod;4750;;0.3111578947368421;0.8689006466784245;0.3111578947368421;0.45822353123546733;1478;223;3272
588;hamper;4750;;0.3463157894736842;0.6761200164406083;0.3463157894736842;0.4580258944730614;1645;788;3105
264;Cardigan;4750;;0.6429473684210526;0.3552402000697918;0.6429473684210526;0.4576309282984941;3054;5543;1696
162;beagle;4750;;0.3330526315789474;0.7286964532473514;0.3330526315789474;0.45715937003323226;1582;589;3168
939;zucchini;4750;;0.39452631578947367;0.5424023154848047;0.39452631578947367;0.4567946374162096;1874;1581;2876
843;swing;4750;;0.31473684210526315;0.830094392004442;0.31473684210526315;0.45641886734849646;1495;306;3255
320;damselfly;4750;;0.7517894736842106;0.3273443945366211;0.7517894736842106;0.45609553611341713;3571;7338;1179
870;tricycle;4750;;0.42147368421052633;0.4962816063460585;0.42147368421052633;0.45582877959927137;2002;2032;2748
395;gar;4750;;0.42905263157894735;0.48604817553064633;0.42905263157894735;0.45577546684557757;2038;2155;2712
971;bubble;4750;;0.3046315789473684;0.9026824703680599;0.3046315789473684;0.4555328191405635;1447;156;3303
249;malamute;4750;;0.42378947368421055;0.4913351232609226;0.42378947368421055;0.455069515089861;2013;2084;2737
753;radiator;4750;;0.3705263157894737;0.5894172806430007;0.3705263157894737;0.45501551189245093;1760;1226;2990
418;ballpoint;4750;;0.46842105263157896;0.4423459244532803;0.46842105263157896;0.4550102249488753;2225;2805;2525
847;tank;4750;;0.508;0.4089137434333164;0.508;0.4531029950239414;2413;3488;2337
318;lacewing;4750;;0.4945263157894737;0.4176;0.4945263157894737;0.4528192771084338;2349;3276;2401
944;artichoke;4750;;0.3989473684210526;0.5223263506063948;0.3989473684210526;0.45237526856051563;1895;1733;2855
683;oboe;4750;;0.46042105263157895;0.44424131627056673;0.46042105263157895;0.45218649850098214;2187;2736;2563
360;otter;4750;;0.5256842105263158;0.39653803398443704;0.5256842105263158;0.45206843486919523;2497;3800;2253
617;lab_coat;4750;;0.39957894736842103;0.5202850877192983;0.39957894736842103;0.45201238390092874;1898;1750;2852
564;four-poster;4750;;0.515578947368421;0.40233284047971085;0.515578947368421;0.4519701024268709;2449;3638;2301
826;stopwatch;4750;;0.5347368421052632;0.39119051286000306;0.5347368421052632;0.45183669839010937;2540;3953;2210
441;beer_glass;4750;;0.49494736842105264;0.41529765059176826;0.49494736842105264;0.4516376909038517;2351;3310;2399
801;snorkel;4750;;0.5418947368421053;0.3868931309183827;0.5418947368421053;0.45146014206787694;2574;4079;2176
649;megalith;4750;;0.3469473684210526;0.6450097847358122;0.3469473684210526;0.4511978097193703;1648;907;3102
544;Dutch_oven;4750;;0.3277894736842105;0.7211672070402965;0.3277894736842105;0.45071645679548417;1557;602;3193
631;lotion;4750;;0.4789473684210526;0.42555181444070334;0.4789473684210526;0.4506735340729002;2275;3071;2475
442;bell_cote;4750;;0.45957894736842103;0.44136676101900524;0.45957894736842103;0.45028877887788776;2183;2763;2567
861;toilet_seat;4750;;0.33642105263157895;0.6768318509106311;0.33642105263157895;0.44944452257066525;1598;763;3152
400;academic_gown;4750;;0.44673684210526315;0.45216279565310036;0.44673684210526315;0.4494334427618341;2122;2571;2628
233;Bouvier_des_Flandres;4750;;0.5722105263157895;0.3699469171090241;0.5722105263157895;0.4493676118045796;2718;4629;2032
465;bulletproof_vest;4750;;0.36273684210526314;0.5884562841530054;0.36273684210526314;0.4488147955196666;1723;1205;3027
453;bookcase;4750;;0.5391578947368421;0.3839004646979463;0.5391578947368421;0.44847211277471327;2561;4110;2189
151;Chihuahua;4750;;0.344;0.6433070866141732;0.344;0.44828532235939644;1634;906;3116
199;Scotch_terrier;4750;;0.4149473684210526;0.486426456071076;0.4149473684210526;0.44785276073619634;1971;2081;2779
444;bicycle-built-for-two;4750;;0.7073684210526315;0.32761310452418096;0.7073684210526315;0.4478208716513395;3360;6896;1390
964;potpie;4750;;0.4614736842105263;0.43285939968404424;0.4614736842105263;0.4467087833706949;2192;2872;2558
943;cucumber;4750;;0.35578947368421054;0.5967514124293786;0.35578947368421054;0.4457926668425218;1690;1142;3060
926;hot_pot;4750;;0.552;0.3731853116994022;0.552;0.44531250000000006;2622;4404;2128
193;Australian_terrier;4750;;0.34610526315789475;0.6236722306525038;0.34610526315789475;0.4451665312753859;1644;992;3106
842;swimming_trunks;4750;;0.3450526315789474;0.622011385199241;0.3450526315789474;0.44387271496276237;1639;996;3111
589;hand_blower;4750;;0.29957894736842106;0.8495522388059702;0.29957894736842106;0.44295719844357984;1423;252;3327
409;analog_clock;4750;;0.6031578947368421;0.3490071872335242;0.6031578947368421;0.4421637472027163;2865;5344;1885
181;Bedlington_terrier;4750;;0.66;0.3323791348600509;0.66;0.4421097165420956;3135;6297;1615
33;loggerhead;4750;;0.3465263157894737;0.6078286558345642;0.3465263157894737;0.44140520246714937;1646;1062;3104
925;consomme;4750;;0.556;0.36563754672573723;0.556;0.44115927503549657;2641;4582;2109
568;fur_coat;4750;;0.3349473684210526;0.6417910447761194;0.3349473684210526;0.44017153133213444;1591;888;3159
243;bull_mastiff;4750;;0.5751578947368421;0.3564718162839248;0.5751578947368421;0.44014821975189294;2732;4932;2018
188;wire-haired_fox_terrier;4750;;0.5686315789473684;0.35822281167108755;0.5686315789473684;0.43954434499593165;2701;4839;2049
795;ski;4750;;0.4962105263157895;0.3937520882058136;0.4962105263157895;0.4390834575260805;2357;3629;2393
660;mobile_home;4750;;0.420421052631579;0.459397285484242;0.420421052631579;0.43904583928767726;1997;2350;2753
118;Dungeness_crab;4750;;0.36694736842105263;0.5455399061032864;0.36694736842105263;0.4387665198237885;1743;1452;3007
702;parallel_bars;4750;;0.523578947368421;0.37744726058582484;0.523578947368421;0.4386630214304612;2487;4102;2263
807;solar_dish;4750;;0.3151578947368421;0.7169540229885057;0.3151578947368421;0.43784732377888275;1497;591;3253
298;mongoose;4750;;0.38652631578947366;0.5026006022447304;0.38652631578947366;0.43698679043198857;1836;1817;2914
101;tusker;4750;;0.32610526315789473;0.661400512382579;0.32610526315789473;0.43683023124647496;1549;793;3201
399;abaya;4750;;0.5096842105263157;0.3821022727272727;0.5096842105263157;0.43676709363160743;2421;3915;2329
580;greenhouse;4750;;0.2888421052631579;0.8932291666666666;0.2888421052631579;0.4365256124721604;1372;164;3378
408;amphibian;4750;;0.41557894736842105;0.4589630318530574;0.41557894736842105;0.4361948955916473;1974;2327;2776
2;great_white_shark;4750;;0.4614736842105263;0.4128837822565455;0.4614736842105263;0.43582861119395566;2192;3117;2558
110;flatworm;4750;;0.6212631578947369;0.3349982971960495;0.6212631578947369;0.4352828379674017;2951;5858;1799
595;harvester;4750;;0.48947368421052634;0.3915459750757831;0.48947368421052634;0.4350673652694611;2325;3613;2425
406;altar;4750;;0.6042105263157894;0.33960478049934917;0.6042105263157894;0.4348155442769487;2870;5581;1880
361;skunk;4750;;0.600421052631579;0.3394025943115554;0.600421052631579;0.43366532350034215;2852;5551;1898
106;wombat;4750;;0.3208421052631579;0.6666666666666666;0.3208421052631579;0.4332006822057987;1524;762;3226
749;quill;4750;;0.3143157894736842;0.6966868875408306;0.3143157894736842;0.4331930944436385;1493;650;3257
515;cowboy_hat;4750;;0.3351578947368421;0.6113671274961597;0.3351578947368421;0.4329616535218928;1592;1012;3158
790;shopping_basket;4750;;0.32442105263157894;0.6504854368932039;0.32442105263157894;0.4329259727489816;1541;828;3209
954;banana;4750;;0.3823157894736842;0.49753424657534245;0.3823157894736842;0.43238095238095237;1816;1834;2934
296;ice_bear;4750;;0.5181052631578947;0.37091183119819143;0.5181052631578947;0.43232323232323233;2461;4174;2289
292;tiger;4750;;0.7852631578947369;0.2980899864141293;0.7852631578947369;0.4321380988240746;3730;8783;1020
422;barbell;4750;;0.2966315789473684;0.7915730337078651;0.2966315789473684;0.43154670750382845;1409;371;3341
500;cliff_dwelling;4750;;0.3256842105263158;0.6382013201320133;0.3256842105263158;0.4312796208530806;1547;877;3203
222;kuvasz;4750;;0.604421052631579;0.33488860375597806;0.604421052631579;0.4309840126097726;2871;5702;1879
938;cauliflower;4750;;0.49136842105263157;0.38356614626129826;0.49136842105263157;0.43082602676511306;2334;3751;2416
114;slug;4750;;0.30547368421052634;0.7295123177476118;0.30547368421052634;0.43062768956818526;1451;538;3299
505;coffeepot;4750;;0.4071578947368421;0.45559481743227326;0.4071578947368421;0.4300166759310728;1934;2311;2816
839;suspension_bridge;4750;;0.3151578947368421;0.6764572977858111;0.3151578947368421;0.42998707453683754;1497;716;3253
669;mosquito_net;4750;;0.4008421052631579;0.462922441040603;0.4008421052631579;0.42965135958479067;1904;2209;2846
743;prison;4750;;0.33789473684210525;0.5889908256880734;0.33789473684210525;0.4294314381270903;1605;1120;3145
413;assault_rifle;4750;;0.5027368421052631;0.37370892018779345;0.5027368421052631;0.42872531418312393;2388;4002;2362
184;Irish_terrier;4750;;0.33452631578947367;0.5960240060015004;0.33452631578947367;0.4285329018338727;1589;1077;3161
257;Great_Pyrenees;4750;;0.33978947368421053;0.5747863247863247;0.33978947368421053;0.42709711563905794;1614;1194;3136
195;Boston_bull;4750;;0.6406315789473684;0.3199453264640942;0.6406315789473684;0.42675829184489167;3043;6468;1707
180;American_Staffordshire_terrier;4750;;0.3608421052631579;0.5219244823386114;0.3608421052631579;0.4266865820263879;1714;1570;3036
304;leaf_beetle;4750;;0.44652631578947366;0.4085130970724191;0.44652631578947366;0.4266747133373567;2121;3071;2629
597;holster;4750;;0.3665263157894737;0.5093622001170275;0.3665263157894737;0.42629774730656217;1741;1677;3009
502;clog;4750;;0.30126315789473684;0.7286150712830958;0.30126315789473684;0.4262734584450403;1431;533;3319
608;jean;4750;;0.3745263157894737;0.492661312655774;0.3745263157894737;0.42554718335127373;1779;1832;2971
326;lycaenid;4750;;0.7494736842105263;0.2966913909492458;0.7494736842105263;0.42510000597050573;3560;8439;1190
533;dishrag;4750;;0.5136842105263157;0.362555720653789;0.5136842105263157;0.4250871080139372;2440;4290;2310
5;electric_ray;4750;;0.4109473684210526;0.43815937149270484;0.4109473684210526;0.42411732753938075;1952;2503;2798
474;cardigan;4750;;0.32210526315789473;0.6181818181818182;0.32210526315789473;0.4235294117647059;1530;945;3220
967;espresso;4750;;0.44042105263157894;0.4058983313930927;0.44042105263157894;0.42245557350565427;2092;3062;2658
858;tile_roof;4750;;0.35726315789473684;0.5161192214111923;0.35726315789473684;0.42224433938790745;1697;1591;3053
676;muzzle;4750;;0.3218947368421053;0.6133172884075411;0.3218947368421053;0.42220074554742515;1529;964;3221
546;electric_guitar;4750;;0.40357894736842104;0.4425207756232687;0.40357894736842104;0.42215371063642365;1917;2415;2833
508;computer_keyboard;4750;;0.38610526315789473;0.4656004061944656;0.38610526315789473;0.42214293934860164;1834;2105;2916
966;red_wine;4750;;0.45957894736842103;0.39023954236682157;0.45957894736842103;0.42208043310131477;2183;3411;2567
490;chain_mail;4750;;0.5353684210526316;0.34821306312474326;0.5353684210526316;0.4219696341159878;2543;4760;2207
998;ear;4750;;0.3696842105263158;0.4898186889818689;0.3696842105263158;0.4213557288542292;1756;1829;2994
774;sandal;4750;;0.32926315789473687;0.5822784810126582;0.32926315789473687;0.420656266810113;1564;1122;3186
593;harmonica;4750;;0.38673684210526316;0.45947973986993496;0.38673684210526316;0.4199817101051669;1837;2161;2913
916;web_site;4750;;0.6509473684210526;0.30960248322819667;0.6509473684210526;0.4196240754563344;3092;6895;1658
825;stone_wall;4750;;0.30336842105263156;0.6739943872778298;0.30336842105263156;0.4184088269454123;1441;697;3309
737;pop_bottle;4750;;0.31305263157894736;0.6306191687871077;0.31305263157894736;0.41840180078784467;1487;871;3263
846;table_lamp;4750;;0.5376842105263158;0.34222162669167894;0.5376842105263158;0.41824285597314337;2554;4909;2196
773;saltshaker;4750;;0.4631578947368421;0.3812164269623982;0.4631578947368421;0.41821119665431045;2200;3571;2550
402;acoustic_guitar;4750;;0.5122105263157894;0.35312046444121914;0.5122105263157894;0.4180412371134021;2433;4457;2317
786;sewing_machine;4750;;0.2671578947368421;0.9570135746606335;0.2671578947368421;0.4177090190915076;1269;57;3481
357;mink;4750;;0.3545263157894737;0.5064661654135338;0.3545263157894737;0.41708978328173374;1684;1641;3066
862;torch;4750;;0.2829473684210526;0.7929203539823009;0.2829473684210526;0.41706749418153605;1344;351;3406
428;barrow;4750;;0.2823157894736842;0.7972651605231866;0.2823157894736842;0.4169776119402985;1341;341;3409
477;carpenter's_kit;4750;;0.4576842105263158;0.38267910579123393;0.4576842105263158;0.4168344358163168;2174;3507;2576
895;warplane;4750;;0.40189473684210525;0.4319004524886878;0.40189473684210525;0.4163576881134132;1909;2511;2841
814;speedboat;4750;;0.68;0.2984385105793218;0.68;0.41482052269954406;3230;7593;1520
470;candle;4750;;0.31873684210526315;0.5930278104191148;0.31873684210526315;0.4146241270710667;1514;1039;3236
314;cockroach;4750;;0.3103157894736842;0.6240474174428451;0.3103157894736842;0.4145106861642295;1474;888;3276
433;bathing_cap;4750;;0.32294736842105265;0.5766917293233083;0.32294736842105265;0.4140350877192982;1534;1126;3216
581;grille;4750;;0.31157894736842107;0.6156405990016639;0.31157894736842107;0.41375454291305563;1480;924;3270
808;sombrero;4750;;0.27473684210526317;0.8285714285714286;0.27473684210526317;0.41264822134387347;1305;270;3445
127;white_stork;4750;;0.6442105263157895;0.3030903328050713;0.6442105263157895;0.4122322511114105;3060;7036;1690
531;digital_watch;4750;;0.3856842105263158;0.44091456077015645;0.3856842105263158;0.4114542391914655;1832;2323;2918
644;matchstick;4750;;0.3648421052631579;0.47092391304347825;0.3648421052631579;0.41115065243179116;1733;1947;3017
785;seat_belt;4750;;0.27073684210526316;0.8539176626826029;0.27073684210526316;0.4111253196930946;1286;220;3464
385;Indian_elephant;4750;;0.3591578947368421;0.48056338028169016;0.3591578947368421;0.4110843373493976;1706;1844;3044
310;ant;4750;;0.5042105263157894;0.34679988415870255;0.5042105263157894;0.4109471516815374;2395;4511;2355
329;sea_cucumber;4750;;0.3526315789473684;0.4920681551116334;0.3526315789473684;0.41084130488104;1675;1729;3075
456;bow;4750;;0.27221052631578946;0.8315112540192926;0.27221052631578946;0.4101506740681998;1293;262;3457
246;Great_Dane;4750;;0.3202105263157895;0.5694496443279671;0.3202105263157895;0.40991780083546697;1521;1150;3229
462;broom;4750;;0.2886315789473684;0.7059732234809475;0.2886315789473684;0.4097429766885834;1371;571;3379
658;mitten;4750;;0.34968421052631576;0.4902597402597403;0.34968421052631576;0.40820840501351685;1661;1727;3089
869;trench_coat;4750;;0.31684210526315787;0.572025845686051;0.31684210526315787;0.4078038206205121;1505;1126;3245
745;projector;4750;;0.31663157894736843;0.5699128457749147;0.31663157894736843;0.40709162268236576;1504;1135;3246
974;geyser;4750;;0.48694736842105263;0.34934299954689624;0.48694736842105263;0.40682437780318353;2313;4308;2437
712;Petri_dish;4750;;0.43494736842105264;0.3813215208564046;0.43494736842105264;0.4063729346970889;2066;3352;2684
481;cassette;4750;;0.3031578947368421;0.6135492117596932;0.3031578947368421;0.40580526983232357;1440;907;3310
626;lighter;4750;;0.2791578947368421;0.7424412094064949;0.2791578947368421;0.40575275397796823;1326;460;3424
887;vestment;4750;;0.3888421052631579;0.4231386025200458;0.3888421052631579;0.4052660449808009;1847;2518;2903
908;wing;4750;;0.3134736842105263;0.5672380952380952;0.3134736842105263;0.40379661016949153;1489;1136;3261
411;apron;4750;;0.33242105263157895;0.5103425985778927;0.33242105263157895;0.4026007139214686;1579;1515;3171
752;racket;4750;;0.26189473684210524;0.8681088625261689;0.26189473684210524;0.4023936600355814;1244;189;3506
293;cheetah;4750;;0.7418947368421053;0.274775828460039;0.7418947368421053;0.40102418207681373;3524;9301;1226
62;rock_python;4750;;0.29726315789473684;0.615787178368949;0.29726315789473684;0.4009654976572483;1412;881;3338
599;honeycomb;4750;;0.32273684210526316;0.5280744057871167;0.32273684210526316;0.4006272050176401;1533;1370;3217
492;chest;4750;;0.26863157894736844;0.7842655193607867;0.26863157894736844;0.40018817625842873;1276;351;3474
349;bighorn;4750;;0.6751578947368421;0.28418254319893665;0.6751578947368421;0.4;3207;8078;1543
667;mortarboard;4750;;0.4381052631578947;0.36786282481880855;0.4381052631578947;0.39992312866339963;2081;3576;2669
374;langur;4750;;0.4391578947368421;0.3670596515924688;0.4391578947368421;0.39988498035080994;2086;3597;2664
103;platypus;4750;;0.4229473684210526;0.37621722846441946;0.4229473684210526;0.3982160555004955;2009;3331;2741
59;vine_snake;4750;;0.4631578947368421;0.3466204506065858;0.4631578947368421;0.39650355952059113;2200;4147;2550
698;palace;4750;;0.46189473684210525;0.34698718962517794;0.46189473684210525;0.39627923778560464;2194;4129;2556
170;Irish_wolfhound;4750;;0.35326315789473683;0.44950442003750335;0.35326315789473683;0.39561475892962394;1678;2055;3072
370;guenon;4750;;0.4094736842105263;0.38219689526429557;0.4094736842105263;0.39536538266083954;1945;3144;2805
671;mountain_bike;4750;;0.5456842105263158;0.30960344003822265;0.5456842105263158;0.39506172839506176;2592;5780;2158
965;burrito;4750;;0.26105263157894737;0.8115183246073299;0.26105263157894737;0.3950302644154189;1240;288;3510
882;vacuum;4750;;0.25157894736842107;0.9178187403993856;0.25157894736842107;0.3949107732980833;1195;107;3555
997;bolete;4750;;0.5149473684210526;0.3191961372830484;0.5149473684210526;0.3941029565777813;2446;5217;2304
844;switch;4750;;0.30736842105263157;0.5459985041136873;0.30736842105263157;0.3933189655172413;1460;1214;3290
183;Kerry_blue_terrier;4750;;0.612421052631579;0.2895679872586104;0.612421052631579;0.39321438226547717;2909;7137;1841
203;West_Highland_white_terrier;4750;;0.6856842105263158;0.2756198696792756;0.6856842105263158;0.39319128387758795;3257;8560;1493
729;plate_rack;4750;;0.25852631578947366;0.8197596795727636;0.25852631578947366;0.39308578745198464;1228;270;3522
530;digital_clock;4750;;0.49894736842105264;0.32408040475864897;0.49894736842105264;0.3929370803282765;2370;4943;2380
438;beaker;4750;;0.31873684210526315;0.512005410889415;0.31873684210526315;0.39288958090048004;1514;1443;3236
372;baboon;4750;;0.5658947368421052;0.3007720711648204;0.5658947368421052;0.39278147146927744;2688;6249;2062
550;espresso_maker;4750;;0.4616842105263158;0.34116365899191037;0.4616842105263158;0.39237788513150834;2193;4235;2557
393;anemone_fish;4750;;0.5886315789473684;0.29406815313420276;0.5886315789473684;0.3922008696871931;2796;6712;1954
562;fountain;4750;;0.38526315789473686;0.39808570807048077;0.38526315789473686;0.3915694875361079;1830;2767;2920
823;stethoscope;4750;;0.24905263157894736;0.9086021505376344;0.24905263157894736;0.39094514210178455;1183;119;3567
636;mailbag;4750;;0.516;0.3138284250960307;0.516;0.39028662420382165;2451;5359;2299
675;moving_van;4750;;0.32421052631578945;0.49013367281986;0.32421052631578945;0.39026862645717175;1540;1602;3210
67;diamondback;4750;;0.32926315789473687;0.47872666054484236;0.32926315789473687;0.390170886865411;1564;1703;3186
373;macaque;4750;;0.4709473684210526;0.33224417050349025;0.4709473684210526;0.3896194374292432;2237;4496;2513
601;hoopskirt;4750;;0.25684210526315787;0.8058124174372523;0.25684210526315787;0.38952745849297565;1220;294;3530
319;dragonfly;4750;;0.36189473684210527;0.4192682926829268;0.36189473684210527;0.3884745762711864;1719;2381;3031
446;binder;4750;;0.3103157894736842;0.5181019332161687;0.3103157894736842;0.38815009874917705;1474;1371;3276
77;wolf_spider;4750;;0.5496842105263158;0.29983922829581994;0.5496842105263158;0.38802199435280127;2611;6097;2139
201;silky_terrier;4750;;0.2745263157894737;0.6562657272269753;0.2745263157894737;0.3871159269704616;1304;683;3446
489;chainlink_fence;4750;;0.2745263157894737;0.6461843409316155;0.2745263157894737;0.38534278959810875;1304;714;3446
841;sweatshirt;4750;;0.30378947368421055;0.5249181520552928;0.30378947368421055;0.3848513135084678;1443;1306;3307
731;plunger;4750;;0.24926315789473685;0.8349788434414669;0.24926315789473685;0.383916990920882;1184;234;3566
634;lumbermill;4750;;0.268;0.6707060063224447;0.268;0.38297232250300844;1273;625;3477
696;paintbrush;4750;;0.27473684210526317;0.6313497822931785;0.27473684210526317;0.3828663635030072;1305;762;3445
567;frying_pan;4750;;0.28610526315789475;0.5743871513102282;0.28610526315789475;0.3819561551433389;1359;1007;3391
827;stove;4750;;0.3094736842105263;0.4981362250084717;0.3094736842105263;0.3817686014803272;1470;1481;3280
772;safety_pin;4750;;0.26673684210526316;0.6686015831134564;0.26673684210526316;0.381339352896915;1267;628;3483
904;window_screen;4750;;0.39052631578947367;0.3723404255319149;0.39052631578947367;0.38121660501438553;1855;3127;2895
419;Band_Aid;4750;;0.3216842105263158;0.466707391569945;0.3216842105263158;0.38085742771684944;1528;1746;3222
722;ping-pong_ball;4750;;0.236;0.9798951048951049;0.236;0.38038683406854434;1121;23;3629
280;grey_fox;4750;;0.4216842105263158;0.34451324389404886;0.4216842105263158;0.37921241953805374;2003;3811;2747
543;dumbbell;4750;;0.2749473684210526;0.6105656848994857;0.2749473684210526;0.3791551749165336;1306;833;3444
709;pencil_box;4750;;0.26442105263157895;0.6691529035695258;0.26442105263157895;0.37905537950807305;1256;621;3494
50;American_alligator;4750;;0.27431578947368424;0.5999079189686924;0.27431578947368424;0.37648078590002887;1303;869;3447
930;French_loaf;4750;;0.3431578947368421;0.4164537557485948;0.3431578947368421;0.376269621421976;1630;2284;3120
379;howler_monkey;4750;;0.6014736842105263;0.27274463007159905;0.6014736842105263;0.375303776683087;2857;7618;1893
750;quilt;4750;;0.3;0.5010548523206751;0.3;0.37529628654200686;1425;1419;3325
443;bib;4750;;0.3004210526315789;0.4944559944559945;0.3004210526315789;0.3737558931377684;1427;1459;3323
55;green_snake;4750;;0.2831578947368421;0.5471928397070789;0.2831578947368421;0.373196448390677;1345;1113;3405
935;mashed_potato;4750;;0.4187368421052632;0.33592298598209763;0.4187368421052632;0.37278605566488615;1989;3932;2761
591;handkerchief;4750;;0.3391578947368421;0.41275941583397385;0.3391578947368421;0.3723564081821334;1611;2292;3139
115;sea_slug;4750;;0.29368421052631577;0.50764192139738;0.29368421052631577;0.37209922646038945;1395;1353;3355
163;bloodhound;4750;;0.3122105263157895;0.4589910244506345;0.3122105263157895;0.37163262749028947;1483;1748;3267
312;cricket;4750;;0.35010526315789475;0.39566975969545565;0.35010526315789475;0.37149558807103766;1663;2540;3087
36;terrapin;4750;;0.39410526315789474;0.35121951219512193;0.39410526315789474;0.3714285714285714;1872;3458;2878
112;conch;4750;;0.2717894736842105;0.585222121486854;0.2717894736842105;0.3711903392754456;1291;915;3459
788;shoe_shop;4750;;0.2557894736842105;0.6661184210526315;0.2557894736842105;0.36963796775174934;1215;609;3535
542;drumstick;4750;;0.30273684210526314;0.47255997371015446;0.30273684210526314;0.36904914667008853;1438;1605;3312
35;mud_turtle;4750;;0.3082105263157895;0.453812771233726;0.3082105263157895;0.36710130391173523;1464;1762;3286
232;Border_collie;4750;;0.6077894736842105;0.2629326047358834;0.6077894736842105;0.3670692943420216;2887;8093;1863
166;Walker_hound;4750;;0.2650526315789474;0.5963998105163429;0.2650526315789474;0.3670018947675266;1259;852;3491
804;soap_dispenser;4750;;0.24568421052631578;0.7234965902045877;0.24568421052631578;0.36680810938236674;1167;446;3583
979;valley;4750;;0.34421052631578947;0.39105477158574503;0.34421052631578947;0.366140409808532;1635;2546;3115
643;mask;4750;;0.27010526315789474;0.5676991150442477;0.27010526315789474;0.3660485021398003;1283;977;3467
913;wreck;4750;;0.23578947368421052;0.8069164265129684;0.23578947368421052;0.3649397197784295;1120;268;3630
910;wooden_spoon;4750;;0.2905263157894737;0.48970901348474094;0.2905263157894737;0.364693446088795;1380;1438;3370
992;agaric;4750;;0.6892631578947368;0.24782378321096057;0.6892631578947368;0.36456767440565674;3274;9937;1476
931;bagel;4750;;0.3913684210526316;0.34066336815099874;0.3913684210526316;0.3642598216909964;1859;3598;2891
54;hognose_snake;4750;;0.3431578947368421;0.3851606805293006;0.3431578947368421;0.3629481184591405;1630;2602;3120
191;Airedale;4750;;0.5913684210526315;0.26043018727980716;0.5913684210526315;0.3616117404737384;2809;7977;1941
552;feather_boa;4750;;0.3871578947368421;0.33904867256637167;0.3871578947368421;0.3615097306860625;1839;3585;2911
596;hatchet;4750;;0.23031578947368422;0.8357524828113063;0.23031578947368422;0.36111569565934976;1094;215;3656
267;standard_poodle;4750;;0.42694736842105263;0.31248073959938366;0.42694736842105263;0.3608540925266903;2028;4462;2722
584;hair_slide;4750;;0.2991578947368421;0.4537037037037037;0.2991578947368421;0.36056838365896987;1421;1711;3329
578;gown;4750;;0.4416842105263158;0.3045434751052402;0.4416842105263158;0.3605120714838045;2098;4791;2652
109;brain_coral;4750;;0.6705263157894736;0.24647887323943662;0.6705263157894736;0.36045722046174744;3185;9737;1565
390;eel;4750;;0.26631578947368423;0.554095488392466;0.26631578947368423;0.35973268875302145;1265;1018;3485
200;Tibetan_terrier;4750;;0.30189473684210527;0.4436881188118812;0.30189473684210527;0.3593084439989977;1434;1798;3316
950;orange;4750;;0.4322105263157895;0.30692181193003437;0.4322105263157895;0.3589474604423463;2053;4636;2697
690;oxcart;4750;;0.6421052631578947;0.24820963541666666;0.6421052631578947;0.3580232421645733;3050;9238;1700
691;oxygen_mask;4750;;0.2463157894736842;0.6547285954113039;0.2463157894736842;0.3579623680587426;1170;617;3580
153;Maltese_dog;4750;;0.4610526315789474;0.2911459718160064;0.4610526315789474;0.35691003911342895;2190;5332;2560
480;cash_machine;4750;;0.24294736842105263;0.6628374497415278;0.24294736842105263;0.3555692497303959;1154;587;3596
622;lens_cap;4750;;0.22673684210526315;0.8221374045801527;0.22673684210526315;0.35544554455445543;1077;233;3673
431;bassinet;4750;;0.38273684210526315;0.3294075013589418;0.38273684210526315;0.3540753724802805;1818;3701;2932
845;syringe;4750;;0.2328421052631579;0.7363515312916112;0.2328421052631579;0.3538067818298145;1106;396;3644
632;loudspeaker;4750;;0.34442105263157896;0.36202699712325737;0.34442105263157896;0.35300463911964614;1636;2883;3114
710;pencil_sharpener;4750;;0.26021052631578945;0.5447333627148524;0.26021052631578945;0.35218692121384815;1236;1033;3514
463;bucket;4750;;0.248;0.6056555269922879;0.248;0.3519044062733383;1178;767;3572
730;plow;4750;;0.2513684210526316;0.5858684985279686;0.2513684210526316;0.351797289334119;1194;844;3556
962;meat_loaf;4750;;0.3136842105263158;0.40021488047273707;0.3136842105263158;0.3517054172076007;1490;2233;3260
680;nipple;4750;;0.48336842105263156;0.2759615384615385;0.48336842105263156;0.3513389441469013;2296;6024;2454
459;brassiere;4750;;0.3934736842105263;0.3168333615867096;0.3934736842105263;0.3510188750117382;1869;4030;2881
811;space_heater;4750;;0.22526315789473683;0.7943578322197475;0.22526315789473683;0.3509922912907988;1070;277;3680
128;black_stork;4750;;0.7614736842105263;0.22802925230109697;0.7614736842105263;0.3509606054725403;3617;12245;1133
541;drum;4750;;0.27473684210526317;0.48549107142857145;0.27473684210526317;0.3509007797795107;1305;1383;3445
504;coffee_mug;4750;;0.3141052631578947;0.39691407289172653;0.3141052631578947;0.3506875073451639;1492;2267;3258
662;modem;4750;;0.244;0.6187933796049119;0.244;0.3499924505511097;1159;714;3591
558;flute;4750;;0.2928421052631579;0.4327940261356565;0.2928421052631579;0.3493219487694626;1391;1823;3359
624;library;4750;;0.37957894736842107;0.322655690765927;0.37957894736842107;0.3488102147417295;1803;3785;2947
956;custard_apple;4750;;0.4534736842105263;0.2819740803770127;0.4534736842105263;0.3477278230688514;2154;5485;2596
498;cinema;4750;;0.28842105263157897;0.4364447276202612;0.28842105263157897;0.3473190518443403;1370;1769;3380
529;diaper;4750;;0.24568421052631578;0.58643216080402;0.24568421052631578;0.34629080118694355;1167;823;3583
587;hammer;4750;;0.2648421052631579;0.49900833002776673;0.2648421052631579;0.34603218264337776;1258;1263;3492
996;hen-of-the-woods;4750;;0.4229473684210526;0.29277178665112213;0.4229473684210526;0.34602135721667243;2009;4853;2741
697;pajama;4750;;0.30842105263157893;0.39381720430107525;0.30842105263157893;0.345926800472255;1465;2255;3285
598;home_theater;4750;;0.38442105263157894;0.3139614855570839;0.38442105263157894;0.34563694870338824;1826;3990;2924
866;tractor;4750;;0.7082105263157895;0.2282689828323268;0.7082105263157895;0.3452558115666855;3364;11373;1386
111;nematode;4750;;0.6976842105263158;0.22931082203155273;0.6976842105263158;0.3451723778773044;3314;11138;1436
44;alligator_lizard;4750;;0.23031578947368422;0.6824703680598877;0.23031578947368422;0.3444042184794585;1094;509;3656
725;pitcher;4750;;0.40442105263157896;0.299547793544363;0.40442105263157896;0.3441727134282899;1921;4492;2829
375;colobus;4750;;0.6301052631578947;0.2364139020537125;0.6301052631578947;0.3438253877082137;2993;9667;1757
909;wok;4750;;0.31684210526315787;0.3757802746566791;0.31684210526315787;0.3438035408338092;1505;2500;3245
380;titi;4750;;0.2265263157894737;0.7121111846459298;0.2265263157894737;0.3437150614917745;1076;435;3674
32;tailed_frog;4750;;0.4016842105263158;0.2996701743364222;0.4016842105263158;0.3432580732211928;1908;4459;2842
590;hand-held_computer;4750;;0.42;0.28992878942014244;0.42;0.3430487490327573;1995;4886;2755
281;tabby;4750;;0.5414736842105263;0.2505113470341872;0.5414736842105263;0.3425451155357262;2572;7695;2178
452;bonnet;4750;;0.22694736842105262;0.6972833117723156;0.22694736842105262;0.34243964421855144;1078;468;3672
969;eggnog;4750;;0.3317894736842105;0.3535217586361597;0.3317894736842105;0.3423110338835795;1576;2882;3174
718;pier;4750;;0.26526315789473687;0.4820198928844682;0.26526315789473687;0.3422053231939164;1260;1354;3490
525;dam;4750;;0.3208421052631579;0.36476783149832454;0.3208421052631579;0.34139784946236557;1524;2654;3226
903;wig;4750;;0.5972631578947368;0.2385838028761248;0.5972631578947368;0.34096508623279853;2837;9054;1913
469;caldron;4750;;0.2751578947368421;0.4471433458775231;0.2751578947368421;0.34067509448716277;1307;1616;3443
835;sundial;4750;;0.21326315789473685;0.8448707256046706;0.21326315789473685;0.3405614388972937;1013;186;3737
810;space_bar;4750;;0.44926315789473686;0.27394094993581514;0.44926315789473686;0.34035087719298246;2134;5656;2616
907;wine_bottle;4750;;0.3370526315789474;0.3428999785821375;0.3370526315789474;0.3399511625437945;1601;3068;3149
527;desktop_computer;4750;;0.43115789473684213;0.27803421124083627;0.43115789473684213;0.3380653681082865;2048;5318;2702
34;leatherback_turtle;4750;;0.23410526315789473;0.6076502732240437;0.23410526315789473;0.3379939209726444;1112;718;3638
189;Lakeland_terrier;4750;;0.39978947368421053;0.291749884774927;0.39978947368421053;0.33733013589128696;1899;4610;2851
516;cradle;4750;;0.2865263157894737;0.40821835632873427;0.2865263157894737;0.3367144977733795;1361;1973;3389
49;African_crocodile;4750;;0.25305263157894736;0.502928870292887;0.25305263157894736;0.3366946778711485;1202;1188;3548
656;minivan;4750;;0.38926315789473687;0.296551724137931;0.38926315789473687;0.3366408739189804;1849;4386;2901
484;catamaran;4750;;0.21747368421052632;0.7431654676258993;0.21747368421052632;0.33648208469055374;1033;357;3717
977;sandbar;4750;;0.4145263157894737;0.28294295157350197;0.4145263157894737;0.33632248697583056;1969;4990;2781
651;microwave;4750;;0.31157894736842107;0.3635470400393024;0.31157894736842107;0.33556286135358804;1480;2591;3270
976;promontory;4750;;0.3376842105263158;0.33278008298755185;0.3376842105263158;0.3352142110762801;1604;3216;3146
884;vault;4750;;0.504;0.2505756751099016;0.504;0.3347315436241611;2394;7160;2356
68;sidewinder;4750;;0.5254736842105263;0.2439882697947214;0.5254736842105263;0.33324432576769025;2496;7734;2254
828;strainer;4750;;0.21747368421052632;0.709478021978022;0.21747368421052632;0.3329036416371254;1033;423;3717
677;nail;4750;;0.2183157894736842;0.6969086021505376;0.2183157894736842;0.3324783584482206;1037;451;3713
271;red_wolf;4750;;0.28378947368421054;0.39846290274903934;0.28378947368421054;0.3314889954506332;1348;2035;3402
906;Windsor_tie;4750;;0.4808421052631579;0.25257104943049874;0.4808421052631579;0.33118248386862903;2284;6759;2466
611;jigsaw_puzzle;4750;;0.3473684210526316;0.3145253526496378;0.3473684210526316;0.3301320528211285;1650;3596;3100
700;paper_towel;4750;;0.22231578947368422;0.6407766990291263;0.22231578947368422;0.3301031572366364;1056;592;3694
445;bikini;4750;;0.27431578947368424;0.41286438529784536;0.27431578947368424;0.32962307108525174;1303;1853;3447
760;refrigerator;4750;;0.2648421052631579;0.4363510232396809;0.2648421052631579;0.32962138084632514;1258;1625;3492
272;coyote;4750;;0.5374736842105263;0.23762099776619508;0.5374736842105263;0.3295469213889248;2553;8191;2197
150;sea_lion;4750;;0.20042105263157894;0.9118773946360154;0.20042105263157894;0.32861580945806007;952;92;3798
556;fire_screen;4750;;0.28189473684210525;0.39336075205640425;0.28189473684210525;0.3284277655138582;1339;2065;3411
362;badger;4750;;0.6688421052631579;0.21694892105981972;0.6688421052631579;0.3276271011653089;3177;11467;1573
102;echidna;4750;;0.783578947368421;0.20623926414362498;0.783578947368421;0.3265341930955828;3722;14325;1028
382;squirrel_monkey;4750;;0.7469473684210526;0.20800844228176116;0.7469473684210526;0.3254001008850369;3548;13509;1202
980;volcano;4750;;0.47578947368421054;0.2472106760008751;0.47578947368421054;0.3253671177656205;2260;6882;2490
706;patio;4750;;0.2296842105263158;0.5532454361054767;0.2296842105263158;0.3246057720916394;1091;881;3659
951;lemon;4750;;0.5107368421052632;0.23728482003129892;0.5107368421052632;0.3240283157472953;2426;7798;2324
434;bath_towel;4750;;0.29157894736842105;0.36409043112513145;0.29157894736842105;0.32382511105915357;1385;2419;3365
805;soccer_ball;4750;;0.7113684210526315;0.20909653465346534;0.7113684210526315;0.323194643711143;3379;12781;1371
721;pillow;4750;;0.1957894736842105;0.9180651530108588;0.1957894736842105;0.32274856845393024;930;83;3820
3;tiger_shark;4750;;0.627578947368421;0.21686308744361996;0.627578947368421;0.3223399653979239;2981;10765;1769
6;stingray;4750;;0.31557894736842107;0.3290889132821076;0.31557894736842107;0.32219236969371307;1499;3056;3251
436;beach_wagon;4750;;0.46021052631578946;0.24776153235860818;0.46021052631578946;0.32211007146540926;2186;6637;2564
464;buckle;4750;;0.24694736842105264;0.46072270227808326;0.24694736842105264;0.3215460526315789;1173;1373;3577
740;power_drill;4750;;0.2031578947368421;0.7616416732438832;0.2031578947368421;0.32075785275054014;965;302;3785
26;common_newt;4750;;0.43894736842105264;0.25263540530716105;0.43894736842105264;0.3206952241790356;2085;6168;2665
767;rubber_eraser;4750;;0.23957894736842106;0.4844614729672201;0.23957894736842106;0.32060853641357934;1138;1211;3612
905;window_shade;4750;;0.24042105263157895;0.481044650379107;0.24042105263157895;0.3206064008983717;1142;1232;3608
582;grocery_store;4750;;0.2814736842105263;0.3723196881091618;0.2814736842105263;0.3205850617431963;1337;2254;3413
119;rock_crab;4750;;0.3233684210526316;0.3164400494437577;0.3233684210526316;0.31986672219908363;1536;3318;3214
879;umbrella;4750;;0.22757894736842105;0.5340909090909091;0.22757894736842105;0.31916149985237674;1081;943;3669
892;wall_clock;4750;;0.2557894736842105;0.4237879316358563;0.2557894736842105;0.31902323749507683;1215;1652;3535
495;china_cabinet;4750;;0.6465263157894737;0.21158881080336228;0.6465263157894737;0.3188330564784053;3071;11443;1679
602;horizontal_bar;4750;;0.2073684210526316;0.6873691556175855;0.2073684210526316;0.31861555879023135;985;448;3765
526;desk;4750;;0.2854736842105263;0.35987261146496813;0.2854736842105263;0.3183845973233153;1356;2412;3394
742;printer;4750;;0.2772631578947368;0.3687010078387458;0.2772631578947368;0.3165104542177361;1317;2255;3433
167;English_foxhound;4750;;0.6663157894736842;0.20705220463168914;0.6663157894736842;0.31593132361748855;3165;12121;1585
447;binoculars;4750;;0.19221052631578947;0.8864077669902912;0.19221052631578947;0.31591695501730105;913;117;3837
809;soup_bowl;4750;;0.28968421052631577;0.3464249748237664;0.28968421052631577;0.3155239623939463;1376;2596;3374
655;miniskirt;4750;;0.33810526315789474;0.2947870778267254;0.33810526315789474;0.3149637183761522;1606;3842;3144
460;breakwater;4750;;0.27578947368421053;0.3661263275572946;0.27578947368421053;0.31460134486071084;1310;2268;3440
652;military_uniform;4750;;0.26105263157894737;0.3911671924290221;0.26105263157894737;0.3131313131313131;1240;1930;3510
758;reel;4750;;0.19031578947368422;0.8828125;0.19031578947368422;0.31312781434014547;904;120;3846
794;shower_curtain;4750;;0.3349473684210526;0.2909656181419166;0.3349473684210526;0.31141123507535723;1591;3877;3159
534;dishwasher;4750;;0.18947368421052632;0.8678881388621023;0.18947368421052632;0.31104199066874033;900;137;3850
929;ice_lolly;4750;;0.18736842105263157;0.9146968139773896;0.18736842105263157;0.3110256858291106;890;83;3860
875;trombone;4750;;0.3671578947368421;0.26959344566393567;0.3671578947368421;0.31090114983510114;1744;4725;3006
852;tennis_ball;4750;;0.6469473684210526;0.2043218085106383;0.6469473684210526;0.3105608893380495;3073;11967;1677
650;microphone;4750;;0.212;0.5780711825487945;0.212;0.31022797288971043;1007;735;3743
754;radio;4750;;0.2591578947368421;0.3828926905132193;0.2591578947368421;0.3091023226616447;1231;1984;3519
523;crutch;4750;;0.19705263157894737;0.708018154311649;0.19705263157894737;0.308300395256917;936;386;3814
226;briard;4750;;0.4343157894736842;0.23791950178756777;0.4343157894736842;0.30742865658296703;2063;6608;2687
864;tow_truck;4750;;0.5362105263157895;0.2151545869234668;0.5362105263157895;0.30708946226187606;2547;9291;2203
37;box_turtle;4750;;0.6303157894736842;0.20266702768564274;0.6303157894736842;0.3067151564820981;2994;11779;1756
792;shovel;4750;;0.21768421052631579;0.5149402390438247;0.21768421052631579;0.30600769458419647;1034;974;3716
230;Shetland_sheepdog;4750;;0.4088421052631579;0.24439969796123837;0.4088421052631579;0.3059231253938248;1942;6004;2808
663;monastery;4750;;0.5265263157894737;0.21460442766432125;0.5265263157894737;0.3049256278956352;2501;9153;2249
751;racer;4750;;0.3932631578947368;0.2488675726085798;0.3932631578947368;0.30483028720626637;1868;5638;2882
819;stage;4750;;0.21663157894736843;0.5034246575342466;0.21663157894736843;0.30291433617898145;1029;1015;3721
501;cloak;4750;;0.23410526315789473;0.4271993853246254;0.23410526315789473;0.30246158030735754;1112;1491;3638
619;lampshade;4750;;0.24610526315789474;0.3916247906197655;0.24610526315789474;0.30226244343891406;1169;1816;3581
536;dock;4750;;0.22505263157894737;0.45528109028960817;0.22505263157894737;0.3012116089039166;1069;1279;3681
639;maillot;4750;;0.45094736842105265;0.22459893048128343;0.45094736842105265;0.2998530132288094;2142;7395;2608
748;purse;4750;;0.2882105263157895;0.3114194722474977;0.2882105263157895;0.29936584299147173;1369;3027;3381
108;sea_anemone;4750;;0.568;0.20317795014684842;0.568;0.2992955793443896;2698;10581;2052
834;suit;4750;;0.24652631578947368;0.37835218093699513;0.24652631578947368;0.29853409815168896;1171;1924;3579
856;thresher;4750;;0.3589473684210526;0.2554307116104869;0.3589473684210526;0.29846827133479215;1705;4970;3045
519;crate;4750;;0.18778947368421053;0.7246141348497157;0.18778947368421053;0.2982778799531851;892;339;3858
797;sleeping_bag;4750;;0.264;0.3402985074626866;0.264;0.29733254297569656;1254;2431;3496
762;restaurant;4750;;0.1985263157894737;0.5846249225046497;0.1985263157894737;0.2964010686782964;943;670;3807
883;vase;4750;;0.20673684210526316;0.5209549071618037;0.20673684210526316;0.2960060286360211;982;903;3768
381;spider_monkey;4750;;0.20905263157894738;0.5043169121381412;0.20905263157894738;0.2955796993600238;993;976;3757
705;passenger_car;4750;;0.23957894736842106;0.3834231805929919;0.23957894736842106;0.29489505053122567;1138;1830;3612
865;toyshop;4750;;0.4126315789473684;0.229293401965372;0.4126315789473684;0.29478117010076704;1960;6588;2790
717;pickup;4750;;0.5250526315789473;0.20399149353836088;0.5250526315789473;0.29382657869934026;2494;9732;2256
124;crayfish;4750;;0.21873684210526315;0.44726646577701246;0.21873684210526315;0.2937932984589283;1039;1284;3711
638;maillot;4750;;0.2907368421052632;0.2941427050053248;0.2907368421052632;0.29242985706723135;1381;3314;3369
74;garden_spider;4750;;0.2783157894736842;0.3069421871372185;0.2783157894736842;0.2919288947775201;1322;2985;3428
86;partridge;4750;;0.6962105263157895;0.18414165599420904;0.6962105263157895;0.29125016513276675;3307;14652;1443
898;water_bottle;4750;;0.17894736842105263;0.7482394366197183;0.17894736842105263;0.28882093102276585;850;286;3900
487;cellular_telephone;4750;;0.6014736842105263;0.18896752430716318;0.6014736842105263;0.2875836730585334;2857;12262;1893
815;spider_web;4750;;0.31094736842105264;0.2656474820143885;0.31094736842105264;0.2865179437439379;1477;4083;3273
973;coral_reef;4750;;0.34757894736842104;0.24201114042802696;0.34757894736842104;0.28534393363290705;1651;5171;3099
187;Yorkshire_terrier;4750;;0.5349473684210526;0.19357050354231736;0.5349473684210526;0.2842758852156402;2541;10586;2209
435;bathtub;4750;;0.18757894736842104;0.586570111915734;0.18757894736842104;0.28425586217897586;891;628;3859
509;confectionery;4750;;0.4261052631578947;0.21256038647342995;0.4261052631578947;0.2836322869955157;2024;7498;2726
692;packet;4750;;0.19326315789473683;0.5201133144475921;0.19326315789473683;0.2818112049117421;918;847;3832
778;scale;4750;;0.16421052631578947;0.9798994974874372;0.16421052631578947;0.2812838081500181;780;16;3970
58;water_snake;4750;;0.21410526315789474;0.40843373493975904;0.21410526315789474;0.28093922651933706;1017;1473;3733
482;cassette_player;4750;;0.47178947368421054;0.1975319524019392;0.47178947368421054;0.27847157502329917;2241;9104;2509
851;television;4750;;0.17894736842105263;0.61863173216885;0.17894736842105263;0.27759634225996077;850;524;3900
358;polecat;4750;;0.5524210526315789;0.185049365303244;0.5524210526315789;0.27723190702588485;2624;11556;2126
122;American_lobster;4750;;0.5473684210526316;0.18492176386913228;0.5473684210526316;0.2764486975013291;2600;11460;2150
371;patas;4750;;0.5103157894736842;0.1893306256346169;0.5103157894736842;0.27619210391386084;2424;10379;2326
813;spatula;4750;;0.22694736842105262;0.35217249264946093;0.22694736842105262;0.276020996031238;1078;1983;3672
975;lakeside;4750;;0.2393684210526316;0.3249499857102029;0.2393684210526316;0.2756697781549279;1137;2362;3613
4;hammerhead;4750;;0.6753684210526316;0.17275175013462574;0.6753684210526316;0.2751286449399657;3208;15362;1542
73;barn_spider;4750;;0.2922105263157895;0.2597791502900992;0.2922105263157895;0.2750421083919548;1388;3955;3362
741;prayer_rug;4750;;0.5694736842105264;0.1807550952221851;0.5694736842105264;0.2744103474511793;2705;12260;2045
277;red_fox;4750;;0.7210526315789474;0.16935324367088608;0.7210526315789474;0.27428525666693365;3425;16799;1325
928;ice_cream;4750;;0.23684210526315788;0.32523850823937556;0.23684210526315788;0.2740894140577415;1125;2334;3625
747;punching_bag;4750;;0.16463157894736843;0.8078512396694215;0.16463157894736843;0.27352221056313397;782;186;3968
894;wardrobe;4750;;0.40378947368421053;0.20677015955153083;0.40378947368421053;0.2734920861257664;1918;7358;2832
689;overskirt;4750;;0.21642105263157896;0.3675366464068645;0.21642105263157896;0.27242612958791573;1028;1769;3722
911;wool;4750;;0.21263157894736842;0.37799401197604793;0.21263157894736842;0.2721638372406359;1010;1662;3740
657;missile;4750;;0.3528421052631579;0.22064244339125855;0.3528421052631579;0.2715049408715373;1676;5920;3074
960;chocolate_sauce;4750;;0.288;0.25436965414652285;0.288;0.2701421800947867;1368;4010;3382
923;plate;4750;;0.3454736842105263;0.21947305068877893;0.3454736842105263;0.2684223439928028;1641;5836;3109
648;medicine_chest;4750;;0.24126315789473685;0.3014203051025776;0.24126315789473685;0.2680074836295603;1146;2656;3604
479;car_wheel;4750;;0.20526315789473684;0.38583300356153544;0.20526315789473684;0.26796756905318125;975;1552;3775
240;Appenzeller;4750;;0.391578947368421;0.20343432133872907;0.391578947368421;0.2677607428201252;1860;7283;2890
860;tobacco_shop;4750;;0.3875789473684211;0.20401152482269502;0.3875789473684211;0.26731523159576015;1841;7183;2909
972;cliff;4750;;0.2713684210526316;0.26209841398942657;0.2713684210526316;0.266652875465453;1289;3629;3461
315;mantis;4750;;0.34442105263157896;0.21563200210887043;0.34442105263157896;0.26521844856934423;1636;5951;3114
775;sarong;4750;;0.15936842105263158;0.7724489795918368;0.15936842105263158;0.2642233856893543;757;223;3993
473;can_opener;4750;;0.5625263157894737;0.17232039210628144;0.5625263157894737;0.26382306477093204;2672;12834;2078
987;corn;4750;;0.23221052631578948;0.30318856514568443;0.23221052631578948;0.2629947544110634;1103;2535;3647
868;tray;4750;;0.15663157894736843;0.8025889967637541;0.15663157894736843;0.26211026950854327;744;183;4006
356;weasel;4750;;0.37873684210526315;0.19957843354781452;0.37873684210526315;0.2614065678581808;1799;7215;2951
784;screwdriver;4750;;0.1808421052631579;0.4648268398268398;0.1808421052631579;0.2603819339193695;859;989;3891
493;chiffonier;4750;;0.49557894736842106;0.1762371790072621;0.49557894736842106;0.2600099409068316;2354;11003;2396
483;castle;4750;;0.5814736842105264;0.16563718140929534;0.5814736842105264;0.25782963827304545;2762;13913;1988
454;bookshop;4750;;0.33557894736842103;0.2045687885010267;0.33557894736842103;0.2541859352575347;1594;6198;3156
405;airship;4750;;0.464;0.17368006304176517;0.464;0.2527522935779816;2204;10486;2546
60;night_snake;4750;;0.22463157894736843;0.2863660762211487;0.22463157894736843;0.2517697026899481;1067;2659;3683
403;aircraft_carrier;4750;;0.5391578947368421;0.16193487195700285;0.5391578947368421;0.24906394359348408;2561;13254;2189
585;hair_spray;4750;;0.16231578947368422;0.5280821917808219;0.16231578947368422;0.24830917874396138;771;689;3979
836;sunglass;4750;;0.25852631578947366;0.23257575757575757;0.25852631578947366;0.24486540378863408;1228;4052;3522
341;hog;4750;;0.14442105263157895;0.8004667444574096;0.14442105263157895;0.24469413233458176;686;171;4064
359;black-footed_ferret;4750;;0.35242105263157897;0.1870391061452514;0.35242105263157897;0.2443795620437956;1674;7276;3076
787;shield;4750;;0.14463157894736842;0.7574421168687983;0.14463157894736842;0.24288492133639736;687;220;4063
313;walking_stick;4750;;0.36547368421052634;0.18051367370281793;0.36547368421052634;0.24166492656782904;1736;7881;3014
893;wallet;4750;;0.39221052631578945;0.17403082671648762;0.39221052631578945;0.24108702685215141;1863;8842;2887
970;alp;4750;;0.39263157894736844;0.17360141487480218;0.39263157894736844;0.2407538888530304;1865;8878;2885
340;zebra;4750;;0.7943157894736842;0.14183144124501917;0.7943157894736842;0.24068639959173257;3773;22829;977
478;carton;4750;;0.15368421052631578;0.5513595166163142;0.15368421052631578;0.24036878498518277;730;594;4020
288;leopard;4750;;0.6273684210526316;0.14841376562577818;0.6273684210526316;0.24004188650368521;2980;17099;1770
485;CD_player;4750;;0.33221052631578946;0.18763376932223544;0.33221052631578946;0.23981762917933128;1578;6832;3172
799;sliding_door;4750;;0.2393684210526316;0.23967116357504215;0.2393684210526316;0.23951969665051612;1137;3607;3613
664;monitor;4750;;0.2751578947368421;0.21152290014565464;0.2751578947368421;0.23918016286942997;1307;4872;3443
830;stretcher;4750;;0.14273684210526316;0.7345612134344529;0.14273684210526316;0.2390269698572184;678;245;4072
412;ashcan;4750;;0.13810526315789473;0.8497409326424871;0.13810526315789473;0.23759507424846069;656;116;4094
72;black_and_gold_garden_spider;4750;;0.8945263157894737;0.13675571290634053;0.8945263157894737;0.2372417643774428;4249;26821;501
348;ram;4750;;0.16336842105263158;0.40395627277459656;0.16336842105263158;0.23264877829410885;776;1145;3974
628;liner;4750;;0.6850526315789474;0.1388166033872275;0.6850526315789474;0.23085381859458692;3254;20187;1496
623;letter_opener;4750;;0.1911578947368421;0.2849074364606213;0.1911578947368421;0.22880181428751417;908;2279;3842
404;airliner;4750;;0.7751578947368422;0.13356065002901915;0.7751578947368422;0.22786063494028094;3682;23886;1068
424;barbershop;4750;;0.13705263157894737;0.6718266253869969;0.13705263157894737;0.2276621787025704;651;318;4099
266;miniature_poodle;4750;;0.20526315789473684;0.25510204081632654;0.20526315789473684;0.22748483434437702;975;2847;3775
817;sports_car;4750;;0.4692631578947368;0.1496374865735768;0.4692631578947368;0.226916420645424;2229;12667;2521
876;tub;4750;;0.17894736842105263;0.3098796937659497;0.17894736842105263;0.22687841985853463;850;1893;3900
461;breastplate;4750;;0.6031578947368421;0.1391452161243322;0.6031578947368421;0.22612470402525653;2865;17725;1885
414;backpack;4750;;0.156;0.39541088580576306;0.156;0.22373188405797104;741;1133;4009
250;Siberian_husky;4750;;0.2711578947368421;0.18827656775325244;0.2711578947368421;0.22224139418514363;1288;5553;3462
231;collie;4750;;0.5008421052631579;0.14201289398280803;0.5008421052631579;0.22128174123337366;2379;14373;2371
345;ox;4750;;0.16;0.3584905660377358;0.16;0.22125181950509462;760;1360;3990
46;green_lizard;4750;;0.18926315789473686;0.2655050206733609;0.18926315789473686;0.22099311701081611;899;2487;3851
440;beer_bottle;4750;;0.6077894736842105;0.1342104039793594;0.6077894736842105;0.21986976885876397;2887;18624;1863
378;capuchin;4750;;0.5433684210526316;0.1370321210512344;0.5433684210526316;0.21886792452830192;2581;16254;2169
513;cornet;4750;;0.45452631578947367;0.14312230692741135;0.45452631578947367;0.217695991933451;2159;12926;2591
899;water_jug;4750;;0.1888421052631579;0.2521788023615406;0.1888421052631579;0.215962441314554;897;2660;3853
633;loupe;4750;;0.128;0.6831460674157304;0.128;0.21560283687943263;608;282;4142
782;screen;4750;;0.17178947368421052;0.27391742195367574;0.17178947368421052;0.21115280113856905;816;2163;3934
499;cleaver;4750;;0.12526315789473685;0.664804469273743;0.12526315789473685;0.21080602302922943;595;300;4155
248;Eskimo_dog;4750;;0.5903157894736842;0.12804822358206228;0.5903157894736842;0.21044731311918344;2804;19094;1946
488;chain;4750;;0.14694736842105263;0.36563645887899426;0.14694736842105263;0.2096410872503379;698;1211;4052
764;rifle;4750;;0.12189473684210526;0.7165841584158416;0.12189473684210526;0.20834832673623604;579;229;4171
79;centipede;4750;;0.5564210526315789;0.12756407162507843;0.5564210526315789;0.20754642899210804;2643;18076;2107
620;laptop;4750;;0.5448421052631579;0.1272557407680582;0.5448421052631579;0.206321999441942;2588;17749;2162
497;church;4750;;0.12652631578947368;0.53045013239188;0.12652631578947368;0.20431752507224202;601;532;4149
238;Greater_Swiss_Mountain_dog;4750;;0.18210526315789474;0.23246439129266327;0.18210526315789474;0.20422618344941565;865;2856;3885
66;horned_viper;4750;;0.2296842105263158;0.18296159651182292;0.2296842105263158;0.2036777746662933;1091;4872;3659
744;projectile;4750;;0.1648421052631579;0.26345895020188426;0.1648421052631579;0.2027972027972028;783;2189;3967
241;EntleBucher;4750;;0.7583157894736842;0.11588700855800785;0.7583157894736842;0.20104934137084168;3602;27480;1148
728;plastic_bag;4750;;0.1696842105263158;0.2450592885375494;0.1696842105263158;0.20052245304142308;806;2483;3944
549;envelope;4750;;0.2869473684210526;0.15361208159585257;0.2869473684210526;0.20010276737869775;1363;7510;3387
539;doormat;4750;;0.12231578947368421;0.5465663217309501;0.12231578947368421;0.19989678307242387;581;482;4169
282;tiger_cat;4750;;0.1713684210526316;0.23780309669880223;0.1713684210526316;0.19919246298788695;814;2609;3936
824;stole;4750;;0.48947368421052634;0.1228338968723584;0.48947368421052634;0.19638482979981417;2325;16603;2425
468;cab;4750;;0.48;0.12283159142333801;0.48;0.19560741249142075;2280;16282;2470
733;pole;4750;;0.11705263157894737;0.5667686034658511;0.11705263157894737;0.19403245506892336;556;425;4194
848;tape_player;4750;;0.18021052631578946;0.20980392156862746;0.18021052631578946;0.19388448471121175;856;3224;3894
265;toy_poodle;4750;;0.3917894736842105;0.12804458511077474;0.3917894736842105;0.19300974901472726;1861;12673;2889
982;groom;4750;;0.10842105263157895;0.666235446313066;0.10842105263157895;0.18649284808980626;515;258;4235
290;jaguar;4750;;0.5258947368421053;0.1131443065495063;0.5258947368421053;0.18622334874012228;2498;19580;2252
838;sunscreen;4750;;0.10463157894736842;0.7693498452012384;0.10463157894736842;0.18421052631578946;497;149;4253
285;Egyptian_cat;4750;;0.11515789473684211;0.44041867954911434;0.11515789473684211;0.18257676902536718;547;695;4203
968;cup;4750;;0.10610526315789473;0.5065326633165829;0.10610526315789473;0.17545691906005223;504;491;4246
673;mouse;4750;;0.1248421052631579;0.2852332852332852;0.1248421052631579;0.1736711085078342;593;1486;4157
278;kit_fox;4750;;0.13894736842105262;0.22095748242383662;0.13894736842105262;0.17060876308646764;660;2327;4090
415;bakery;4750;;0.10147368421052631;0.43619909502262444;0.10147368421052631;0.16464560204953033;482;623;4268
837;sunglasses;4750;;0.09642105263157895;0.561963190184049;0.09642105263157895;0.16460017969451932;458;357;4292
818;spotlight;4750;;0.09557894736842105;0.5083986562150056;0.09557894736842105;0.16090731880205564;454;439;4296
978;seashore;4750;;0.11073684210526316;0.2933630786391523;0.11073684210526316;0.16078251566559681;526;1267;4224
524;cuirass;4750;;0.11557894736842106;0.20124633431085043;0.11557894736842106;0.14683070339663012;549;2179;4201
123;spiny_lobster;4750;;0.4326315789473684;0.08772304277298727;0.4326315789473684;0.14586882453151614;2055;21371;2695
961;dough;4750;;0.076;0.4074492099322799;0.076;0.12810503903477644;361;525;4389
618;ladle;4750;;0.06947368421052631;0.6976744186046512;0.06947368421052631;0.1263641585295807;330;143;4420
999;toilet_tissue;4750;;0.06378947368421052;0.5727788279773157;0.06378947368421052;0.11479446864936539;303;226;4447
681;notebook;4750;;0.20694736842105263;0.0779478233288399;0.20694736842105263;0.1132423247508784;983;11628;3767
885;velvet;4750;;0.128;0.09929772987097828;0.128;0.11183665961556148;608;5515;4142
600;hook;4750;;0.06294736842105263;0.46865203761755486;0.06294736842105263;0.11098737936154418;299;339;4451
947;mushroom;4750;;0.04336842105263158;0.3338735818476499;0.04336842105263158;0.07676541829700019;206;411;4544
