class_idx;class_label;support;base_accuracy;overall_accuracy;precision;recall;f1;tp;fp;fn
430;basketball;4750;;0.8256842105263158;0.9758646429460065;0.8256842105263158;0.8945147679324894;3922;97;828
560;football_helmet;4750;;0.8562105263157894;0.9116789957408653;0.8562105263157894;0.8830745847356422;4067;394;683
340;zebra;4750;;0.8071578947368421;0.9616252821670429;0.8071578947368421;0.8776467895158522;3834;153;916
685;odometer;4750;;0.8172631578947368;0.9456760048721072;0.8172631578947368;0.8767927724449464;3882;223;868
746;puck;4750;;0.8256842105263158;0.9026467203682393;0.8256842105263158;0.8624518966465091;3922;423;828
323;monarch;4750;;0.8101052631578948;0.9151010701545779;0.8101052631578948;0.8594081518704634;3848;357;902
407;ambulance;4750;;0.868421052631579;0.8439034369885434;0.868421052631579;0.8559867192363562;4125;763;625
890;volleyball;4750;;0.7496842105263158;0.9845175559856234;0.7496842105263158;0.8512011473646468;3561;56;1189
439;bearskin;4750;;0.7757894736842105;0.9103260869565217;0.7757894736842105;0.8376903841782224;3685;363;1065
779;school_bus;4750;;0.8273684210526315;0.8451612903225807;0.8273684210526315;0.8361702127659575;3930;720;820
984;rapeseed;4750;;0.771578947368421;0.9112381899552462;0.771578947368421;0.8356133150934794;3665;357;1085
607;jack-o'-lantern;4750;;0.7789473684210526;0.896752302472128;0.7789473684210526;0.8337088778729157;3700;426;1050
625;lifeboat;4750;;0.7292631578947368;0.9694934228939267;0.7292631578947368;0.8323921662861948;3464;109;1286
734;police_van;4750;;0.7930526315789473;0.8723946271421955;0.7930526315789473;0.8308337009263344;3767;551;983
800;slot;4750;;0.7216842105263158;0.9788692175899486;0.7216842105263158;0.8308288899660689;3428;74;1322
11;goldfinch;4750;;0.7410526315789474;0.9243697478991597;0.7410526315789474;0.8226221079691517;3520;288;1230
768;rugby_ball;4750;;0.6997894736842105;0.995507637017071;0.6997894736842105;0.8218568426257882;3324;15;1426
874;trolleybus;4750;;0.8037894736842105;0.8310840226382238;0.8037894736842105;0.817208904109589;3818;776;932
668;mosque;4750;;0.7166315789473684;0.9408512990602543;0.7166315789473684;0.8135755258126195;3404;214;1346
404;airliner;4750;;0.7610526315789473;0.873610439826003;0.7610526315789473;0.8134563456345636;3615;523;1135
900;water_tower;4750;;0.6892631578947368;0.9921212121212121;0.6892631578947368;0.8134161490683228;3274;26;1476
796;ski_mask;4750;;0.7496842105263158;0.8880299251870324;0.7496842105263158;0.813013698630137;3561;449;1189
472;canoe;4750;;0.688;0.9840409515206263;0.688;0.8098129104200222;3268;53;1482
388;giant_panda;4750;;0.7263157894736842;0.9095702610071184;0.7263157894736842;0.8076788013578369;3450;343;1300
143;oystercatcher;4750;;0.6955789473684211;0.9621432731508445;0.6955789473684211;0.8074291300097751;3304;130;1446
555;fire_engine;4750;;0.7269473684210527;0.8989846394168185;0.7269473684210527;0.8038645093702712;3453;388;1297
981;ballplayer;4750;;0.671578947368421;0.9974984365228268;0.671578947368421;0.8027176648213388;3190;8;1560
573;go-kart;4750;;0.7153684210526315;0.9075854700854701;0.7153684210526315;0.8000941841299741;3398;346;1352
842;swimming_trunks;4750;;0.7288421052631578;0.8861018684412593;0.7288421052631578;0.7998151784682915;3462;445;1288
0;tench;4750;;0.6867368421052632;0.9565982404692082;0.6867368421052632;0.7995098039215687;3262;148;1488
429;baseball;4750;;0.8214736842105264;0.7785315243415802;0.8214736842105264;0.7994263470600288;3902;1110;848
445;bikini;4750;;0.7263157894736842;0.888259526261586;0.7263157894736842;0.7991660875608061;3450;434;1300
645;maypole;4750;;0.7313684210526316;0.8777160181910055;0.7313684210526316;0.7978870004593476;3474;484;1276
919;street_sign;4750;;0.6633684210526316;0.9987321711568938;0.6633684210526316;0.7972169512966477;3151;4;1599
24;great_grey_owl;4750;;0.7576842105263157;0.8410843655059593;0.7576842105263157;0.7972089932439916;3599;680;1151
805;soccer_ball;4750;;0.8092631578947368;0.785291113381001;0.8092631578947368;0.7970969414204251;3844;1051;906
22;bald_eagle;4750;;0.8124210526315789;0.7794384972732781;0.8124210526315789;0.795588083702711;3859;1092;891
14;indigo_bunting;4750;;0.7597894736842106;0.8336798336798337;0.7597894736842106;0.7950214781363586;3609;720;1141
433;bathing_cap;4750;;0.6823157894736842;0.9473838059047063;0.6823157894736842;0.7932933545465671;3241;180;1509
569;garbage_truck;4750;;0.7221052631578947;0.8788111708941839;0.7221052631578947;0.7927886282214262;3430;473;1320
637;mailbox;4750;;0.6642105263157895;0.9828660436137072;0.6642105263157895;0.7927135678391959;3155;55;1595
420;banjo;4750;;0.6606315789473685;0.9824671258609894;0.6606315789473685;0.7900302114803627;3138;56;1612
917;comic_book;4750;;0.6522105263157895;0.9993548387096775;0.6522105263157895;0.7892993630573248;3098;2;1652
417;balloon;4750;;0.6637894736842105;0.9707512315270936;0.6637894736842105;0.7884471117779446;3153;95;1597
515;cowboy_hat;4750;;0.6896842105263158;0.914572864321608;0.6896842105263158;0.7863658185309649;3276;306;1474
339;sorrel;4750;;0.8932631578947369;0.7006274768824307;0.8932631578947369;0.7853044604849159;4243;1813;507
722;ping-pong_ball;4750;;0.6509473684210526;0.9878594249201278;0.6509473684210526;0.7847715736040608;3092;38;1658
671;mountain_bike;4750;;0.7631578947368421;0.802523798981625;0.7631578947368421;0.7823459587784611;3625;892;1125
145;king_penguin;4750;;0.7004210526315789;0.8846051582026057;0.7004210526315789;0.7818117729996475;3327;434;1423
537;dogsled;4750;;0.6446315789473684;0.991580310880829;0.6446315789473684;0.7813217657565705;3062;26;1688
425;barn;4750;;0.7071578947368421;0.8715620134924753;0.7071578947368421;0.7807996280799627;3359;495;1391
982;groom;4750;;0.7374736842105263;0.8279366580004727;0.7374736842105263;0.7800913038637122;3503;728;1247
400;academic_gown;4750;;0.6431578947368422;0.9864384888601873;0.6431578947368422;0.7786415190518668;3055;42;1695
643;mask;4750;;0.659157894736842;0.9459214501510574;0.659157894736842;0.7769230769230769;3131;179;1619
781;scoreboard;4750;;0.6383157894736842;0.9918220477592411;0.6383157894736842;0.7767388241321892;3032;25;1718
757;recreational_vehicle;4750;;0.6962105263157895;0.8663872150903851;0.6962105263157895;0.7720322166452669;3307;510;1443
802;snowmobile;4750;;0.7014736842105264;0.8569958847736625;0.7014736842105264;0.7714748784440844;3332;556;1418
576;gondola;4750;;0.6791578947368421;0.8921460176991151;0.6791578947368421;0.7712168300262969;3226;390;1524
837;sunglasses;4750;;0.6629473684210526;0.9175407925407926;0.6629473684210526;0.769738450256661;3149;283;1601
795;ski;4750;;0.7197894736842105;0.8256459792320695;0.7197894736842105;0.7690923405691149;3419;722;1331
614;kimono;4750;;0.6543157894736842;0.9324932493249325;0.6543157894736842;0.7690214029444513;3108;225;1642
752;racket;4750;;0.6562105263157895;0.9276785714285715;0.6562105263157895;0.7686806411837238;3117;243;1633
770;running_shoe;4750;;0.6892631578947368;0.8684350132625994;0.6892631578947368;0.768544600938967;3274;496;1476
873;triumphal_arch;4750;;0.6528421052631579;0.9278874925194495;0.6528421052631579;0.7664359861591696;3101;241;1649
880;unicycle;4750;;0.6343157894736842;0.9675658317276814;0.6343157894736842;0.7662767039674465;3013;101;1737
678;neck_brace;4750;;0.6214736842105263;0.9916022841787034;0.6214736842105263;0.7640740261420992;2952;25;1798
565;freight_car;4750;;0.6246315789473684;0.9827757535607817;0.6246315789473684;0.7638048654910542;2967;52;1783
670;motor_scooter;4750;;0.6410526315789473;0.9438933663980161;0.6410526315789473;0.7635406218655967;3045;181;1705
829;streetcar;4750;;0.6301052631578947;0.9670436187399031;0.6301052631578947;0.7630337794773742;2993;102;1757
440;beer_bottle;4750;;0.6650526315789473;0.8933823529411765;0.6650526315789473;0.7624909485879797;3159;377;1591
654;minibus;4750;;0.6696842105263158;0.8792150359314539;0.6696842105263158;0.7602772466539197;3181;437;1569
776;sax;4750;;0.6686315789473685;0.880998613037448;0.6686315789473685;0.760263315380012;3176;429;1574
701;parachute;4750;;0.7206315789473684;0.8037097910307583;0.7206315789473684;0.7599067599067598;3423;836;1327
413;assault_rifle;4750;;0.7282105263157894;0.7928031171212468;0.7282105263157894;0.7591353012180402;3459;904;1291
850;teddy;4750;;0.6722105263157895;0.8707390237251159;0.6722105263157895;0.7587026256385886;3193;474;1557
15;robin;4750;;0.659157894736842;0.8935502283105022;0.659157894736842;0.7586624666828204;3131;373;1619
903;wig;4750;;0.7162105263157895;0.8048261178140526;0.7162105263157895;0.7579369499832906;3402;825;1348
621;lawn_mower;4750;;0.7008421052631579;0.8191437007874016;0.7008421052631579;0.7553891536192422;3329;735;1421
522;croquet_ball;4750;;0.68;0.849106203995794;0.68;0.7552022445639467;3230;574;1520
867;trailer_truck;4750;;0.6936842105263158;0.8270582329317269;0.6936842105263158;0.7545225555301122;3295;689;1455
793;shower_cap;4750;;0.6387368421052632;0.9199514857489387;0.6387368421052632;0.753976143141153;3034;264;1716
921;book_jacket;4750;;0.6050526315789474;0.9986101459346769;0.6050526315789474;0.7535395909805978;2874;4;1876
540;drilling_platform;4750;;0.62;0.9561688311688312;0.62;0.752234993614304;2945;135;1805
617;lab_coat;4750;;0.6454736842105263;0.8999119459935427;0.6454736842105263;0.7517469657962487;3066;341;1684
737;pop_bottle;4750;;0.6282105263157894;0.9357165255566008;0.6282105263157894;0.7517319561657638;2984;205;1766
652;military_uniform;4750;;0.6170526315789474;0.9616141732283464;0.6170526315789474;0.7517312131315723;2931;117;1819
457;bow_tie;4750;;0.6147368421052631;0.9633784229627186;0.6147368421052631;0.7505462022876236;2920;111;1830
808;sombrero;4750;;0.643578947368421;0.8967439131710179;0.643578947368421;0.7493565387915184;3057;352;1693
751;racer;4750;;0.6288421052631579;0.9247678018575851;0.6288421052631579;0.7486215538847117;2987;243;1763
830;stretcher;4750;;0.6037894736842105;0.984552008238929;0.6037894736842105;0.7485319065640089;2868;45;1882
601;hoopskirt;4750;;0.6178947368421053;0.9479974160206718;0.6178947368421053;0.7481519245475402;2935;161;1815
92;bee_eater;4750;;0.6812631578947368;0.8295308895155088;0.6812631578947368;0.7481216044387932;3236;665;1514
627;limousine;4750;;0.6265263157894737;0.9265255292652553;0.6265263157894737;0.7475508666164281;2976;236;1774
561;forklift;4750;;0.6410526315789473;0.8924384525205158;0.6410526315789473;0.7461406518010291;3045;367;1705
444;bicycle-built-for-two;4750;;0.6907368421052632;0.8067371526924023;0.6907368421052632;0.744244073948055;3281;786;1469
814;speedboat;4750;;0.6743157894736842;0.8242408646423057;0.6743157894736842;0.7417786012042612;3203;683;1547
441;beer_glass;4750;;0.6972631578947368;0.7923444976076555;0.6972631578947368;0.7417693169092945;3312;868;1438
609;jeep;4750;;0.6090526315789474;0.9469721767594108;0.6090526315789474;0.7413196668802049;2893;162;1857
667;mortarboard;4750;;0.6955789473684211;0.791756530074287;0.6955789473684211;0.7405581082595539;3304;869;1446
578;gown;4750;;0.6532631578947369;0.8538800220143093;0.6532631578947369;0.7402194656488551;3103;531;1647
389;barracouta;4750;;0.6286315789473684;0.8996685748719494;0.6286315789473684;0.7401164952286529;2986;333;1764
628;liner;4750;;0.6221052631578947;0.9106317411402157;0.6221052631578947;0.7392120075046904;2955;290;1795
354;Arabian_camel;4750;;0.5991578947368421;0.9627875507442489;0.5991578947368421;0.7386452115234882;2846;110;1904
697;pajama;4750;;0.5945263157894737;0.9744651483781919;0.5945263157894737;0.7384937238493724;2824;74;1926
820;steam_locomotive;4750;;0.6471578947368422;0.8581797878280291;0.6471578947368422;0.7378780604896783;3074;508;1676
19;chickadee;4750;;0.647578947368421;0.856347438752784;0.647578947368421;0.7374730280508272;3076;516;1674
661;Model_T;4750;;0.655157894736842;0.841763592101704;0.655157894736842;0.7368296436604712;3112;585;1638
468;cab;4750;;0.647578947368421;0.8537330002775465;0.647578947368421;0.736501855620735;3076;527;1674
639;maillot;4750;;0.656;0.8374092985756517;0.656;0.7356864596859874;3116;605;1634
13;junco;4750;;0.6296842105263157;0.8841265149275791;0.6296842105263157;0.7355219476208041;2991;392;1759
832;stupa;4750;;0.636;0.8698531528937518;0.636;0.7347683327252827;3021;452;1729
895;warplane;4750;;0.7566315789473684;0.7135199523525908;0.7566315789473684;0.7344436497394503;3594;1443;1156
775;sarong;4750;;0.6418947368421053;0.8581480439065579;0.6418947368421053;0.7344333373479466;3049;504;1701
638;maillot;4750;;0.6372631578947369;0.8658466819221968;0.6372631578947369;0.7341741450400195;3027;469;1723
665;moped;4750;;0.6082105263157894;0.92448;0.6082105263157894;0.7337142857142858;2889;236;1861
291;lion;4750;;0.708421052631579;0.760623869801085;0.708421052631579;0.7335949422280358;3365;1059;1385
538;dome;4750;;0.668;0.8123399897593446;0.668;0.7331330868761554;3173;733;1577
612;jinrikisha;4750;;0.5905263157894737;0.9639175257731959;0.5905263157894737;0.7323759791122715;2805;105;1945
715;pickelhaube;4750;;0.6370526315789473;0.861126920887877;0.6370526315789473;0.7323330106485963;3026;488;1724
17;jay;4750;;0.5865263157894737;0.9720865317515701;0.5865263157894737;0.7316176470588236;2786;80;1964
422;barbell;4750;;0.632;0.8676300578034682;0.632;0.7313032886723508;3002;458;1748
822;steel_drum;4750;;0.5846315789473684;0.9750702247191011;0.5846315789473684;0.7309818373256121;2777;71;1973
693;paddle;4750;;0.6978947368421052;0.7666512488436633;0.6978947368421052;0.7306590257879656;3315;1009;1435
610;jersey;4750;;0.5938947368421053;0.945692256118002;0.5938947368421053;0.7296004138109401;2821;162;1929
870;tricycle;4750;;0.6549473684210526;0.8223632038065027;0.6549473684210526;0.7291691081682878;3111;672;1639
866;tractor;4750;;0.6576842105263158;0.8175870191049464;0.6576842105263158;0.7289697818224243;3124;697;1626
402;acoustic_guitar;4750;;0.7286315789473684;0.7269481201428272;0.7286315789473684;0.7277888760382714;3461;1300;1289
717;pickup;4750;;0.6006315789473684;0.9227037516170763;0.6006315789473684;0.7276205049732212;2853;239;1897
791;shopping_cart;4750;;0.608421052631579;0.902279113331252;0.608421052631579;0.726769772412926;2890;313;1860
518;crash_helmet;4750;;0.6014736842105263;0.9174694926140012;0.6014736842105263;0.7266022380467954;2857;257;1893
424;barbershop;4750;;0.5829473684210527;0.9624608967674662;0.5829473684210527;0.7261046282942178;2769;108;1981
852;tennis_ball;4750;;0.7349473684210527;0.7174270448006577;0.7349473684210527;0.72608153078203;3491;1375;1259
821;steel_arch_bridge;4750;;0.6511578947368422;0.8204244031830239;0.6511578947368422;0.726056338028169;3093;677;1657
656;minivan;4750;;0.608;0.8999688376441259;0.608;0.7257193114712903;2888;321;1862
886;vending_machine;4750;;0.5846315789473684;0.9559380378657487;0.5846315789473684;0.7255388634879163;2777;128;1973
12;house_finch;4750;;0.6385263157894737;0.8359977949283351;0.6385263157894737;0.7240391501551683;3033;595;1717
933;cheeseburger;4750;;0.659578947368421;0.7984199796126402;0.659578947368421;0.7223887479824763;3133;791;1617
719;piggy_bank;4750;;0.6223157894736842;0.8605531295487627;0.6223157894736842;0.7222968845448992;2956;479;1794
727;planetarium;4750;;0.6726315789473685;0.7788883471477328;0.6726315789473685;0.7218707636692273;3195;907;1555
491;chain_saw;4750;;0.6082105263157894;0.8851102941176471;0.6082105263157894;0.7209882705265784;2889;375;1861
803;snowplow;4750;;0.659157894736842;0.7954776422764228;0.659157894736842;0.7209302325581395;3131;805;1619
817;sports_car;4750;;0.5692631578947368;0.9814882032667877;0.5692631578947368;0.7205862758161226;2704;51;2046
602;horizontal_bar;4750;;0.6101052631578947;0.8784480145498635;0.6101052631578947;0.7200894521058516;2898;401;1852
546;electric_guitar;4750;;0.6783157894736842;0.7671428571428571;0.6783157894736842;0.72;3222;978;1528
80;black_grouse;4750;;0.5882105263157895;0.9276228419654714;0.5882105263157895;0.719917547023963;2794;218;1956
574;golf_ball;4750;;0.5890526315789474;0.9252645502645502;0.5890526315789474;0.7198353485978903;2798;226;1952
557;flagpole;4750;;0.6802105263157895;0.7641911069063387;0.6802105263157895;0.7197594118957453;3231;997;1519
736;pool_table;4750;;0.6347368421052632;0.8296642817831591;0.6347368421052632;0.7192270992366412;3015;619;1735
603;horse_cart;4750;;0.5825263157894737;0.9379661016949152;0.5825263157894737;0.7187012987012986;2767;183;1983
929;ice_lolly;4750;;0.5949473684210527;0.9037416053725615;0.5949473684210527;0.717532055351022;2826;301;1924
720;pill_bottle;4750;;0.5753684210526315;0.9522648083623694;0.5753684210526315;0.7173228346456691;2733;137;2017
498;cinema;4750;;0.5877894736842105;0.919631093544137;0.5877894736842105;0.7171846904700745;2792;244;1958
130;flamingo;4750;;0.6808421052631579;0.7575544624033732;0.6808421052631579;0.7171526776804524;3234;1035;1516
387;lesser_panda;4750;;0.5856842105263158;0.9214971844981782;0.5856842105263158;0.7161796885055991;2782;237;1968
688;oscilloscope;4750;;0.6429473684210526;0.8072957969865187;0.6429473684210526;0.7158092112973163;3054;729;1696
456;bow;4750;;0.5738947368421052;0.9498257839721255;0.5738947368421052;0.715485564304462;2726;144;2024
863;totem_pole;4750;;0.5717894736842105;0.9543218552354181;0.5717894736842105;0.7151132174828858;2716;130;2034
487;cellular_telephone;4750;;0.6770526315789474;0.7572404049917589;0.6770526315789474;0.7149049683227743;3216;1031;1534
755;radio_telescope;4750;;0.5846315789473684;0.9174099768747935;0.5846315789473684;0.7141571299987142;2777;250;1973
135;limpkin;4750;;0.596421052631579;0.8889237527455287;0.596421052631579;0.7138717399521229;2833;354;1917
655;miniskirt;4750;;0.5951578947368421;0.8912358133669609;0.5951578947368421;0.713708659429437;2827;345;1923
547;electric_locomotive;4750;;0.5646315789473684;0.9689306358381503;0.5646315789473684;0.7134876296887469;2682;86;2068
458;brass;4750;;0.5543157894736842;0.9996203492786636;0.5543157894736842;0.7131635969664138;2633;1;2117
90;lorikeet;4750;;0.7911578947368421;0.6488259668508287;0.7911578947368421;0.7129576930373743;3758;2034;992
465;bulletproof_vest;4750;;0.6035789473684211;0.8695784046102517;0.6035789473684211;0.7125636883310551;2867;430;1883
953;pineapple;4750;;0.5981052631578947;0.8809302325581395;0.5981052631578947;0.7124764890282131;2841;384;1909
541;drum;4750;;0.604;0.8654600301659126;0.604;0.7114693118412894;2869;446;1881
471;cannon;4750;;0.5865263157894737;0.9036652611093091;0.5865263157894737;0.7113494191242181;2786;297;1964
139;ruddy_turnstone;4750;;0.6583157894736842;0.7726711144057327;0.6583157894736842;0.7109241786972831;3127;920;1623
801;snorkel;4750;;0.6471578947368422;0.7882051282051282;0.6471578947368422;0.7107514450867053;3074;826;1676
946;cardoon;4750;;0.6408421052631579;0.7968586387434555;0.6408421052631579;0.7103850641773628;3044;776;1706
872;tripod;4750;;0.5987368421052631;0.8697247706422019;0.5987368421052631;0.7092269326683293;2844;426;1906
571;gas_pump;4750;;0.5583157894736842;0.9714285714285714;0.5583157894736842;0.709090909090909;2652;78;2098
920;traffic_light;4750;;0.6532631578947369;0.7738154613466334;0.6532631578947369;0.7084474885844749;3103;907;1647
416;balance_beam;4750;;0.6755789473684211;0.7443748550220366;0.6755789473684211;0.7083103410219623;3209;1102;1541
823;stethoscope;4750;;0.6063157894736843;0.8485562757807896;0.6063157894736843;0.7072691552062869;2880;514;1870
483;castle;4750;;0.5650526315789474;0.9447377683914114;0.5650526315789474;0.707153207746015;2684;157;2066
986;yellow_lady's_slipper;4750;;0.5515789473684211;0.9845922585494176;0.5515789473684211;0.707057077317501;2620;41;2130
333;hamster;4750;;0.6903157894736842;0.724160777385159;0.6903157894736842;0.7068333692606166;3279;1249;1471
908;wing;4750;;0.6943157894736842;0.719615972070696;0.6943157894736842;0.7067395264116576;3298;1285;1452
841;sweatshirt;4750;;0.5848421052631579;0.8898142216527867;0.5848421052631579;0.7057926829268294;2778;344;1972
761;remote_control;4750;;0.5909473684210527;0.8714684880471903;0.5909473684210527;0.7043030987329068;2807;414;1943
97;drake;4750;;0.6271578947368421;0.8018842530282638;0.6271578947368421;0.7038393384524514;2979;736;1771
454;bookshop;4750;;0.6376842105263157;0.7841056173958064;0.6376842105263157;0.7033553930105655;3029;834;1721
684;ocarina;4750;;0.5587368421052632;0.9485346676197284;0.5587368421052632;0.703232644409115;2654;144;2096
18;magpie;4750;;0.6496842105263158;0.7655668568593401;0.6496842105263158;0.7028812208176746;3086;945;1664
819;stage;4750;;0.5646315789473684;0.9270653301071552;0.5646315789473684;0.7018186575951851;2682;211;2068
448;birdhouse;4750;;0.6282105263157894;0.7921422882930714;0.6282105263157894;0.7007162146295643;2984;783;1766
459;brassiere;4750;;0.6690526315789473;0.7353077279037482;0.6690526315789473;0.7006172839506172;3178;1144;1572
466;bullet_train;4750;;0.7029473684210527;0.6976598412035102;0.7029473684210527;0.7002936241610738;3339;1447;1411
136;European_gallinule;4750;;0.5631578947368421;0.9186126373626373;0.5631578947368421;0.6982511093709214;2675;237;2075
980;volcano;4750;;0.5467368421052632;0.961139896373057;0.5467368421052632;0.6969940955448202;2597;105;2153
838;sunscreen;4750;;0.5412631578947369;0.978310502283105;0.5412631578947369;0.6969368392518298;2571;57;2179
763;revolver;4750;;0.7507368421052631;0.6496629622882127;0.7507368421052631;0.6965523976950874;3566;1923;1184
915;yurt;4750;;0.5465263157894736;0.9600591715976331;0.5465263157894736;0.6965387711295948;2596;108;2154
95;jacamar;4750;;0.6484210526315789;0.751953125;0.6484210526315789;0.6963599366945511;3080;1016;1670
714;pick;4750;;0.5816842105263158;0.867231638418079;0.5816842105263158;0.6963205645161291;2763;423;1987
698;palace;4750;;0.5524210526315789;0.9415141729458198;0.5524210526315789;0.696298261907921;2624;163;2126
675;moving_van;4750;;0.5385263157894736;0.9842247018083878;0.5385263157894736;0.6961491359368622;2558;41;2192
511;convertible;4750;;0.5762105263157895;0.877806286080821;0.5762105263157895;0.695729537366548;2737;381;2013
89;sulphur-crested_cockatoo;4750;;0.584421052631579;0.8573193329215565;0.584421052631579;0.6950425638457686;2776;462;1974
9;ostrich;4750;;0.6829473684210526;0.7059847660500544;0.6829473684210526;0.694275013376137;3244;1351;1506
954;banana;4750;;0.6023157894736842;0.8193012600229095;0.6023157894736842;0.6942489686969182;2861;631;1889
783;screw;4750;;0.5551578947368421;0.9252631578947368;0.5551578947368421;0.6939473684210526;2637;213;2113
860;tobacco_shop;4750;;0.5404210526315789;0.9668549905838042;0.5404210526315789;0.6933153274814315;2567;88;2183
543;dumbbell;4750;;0.5682105263157895;0.8872452333990796;0.5682105263157895;0.6927618069815197;2699;343;2051
963;pizza;4750;;0.6374736842105263;0.7583270723766592;0.6374736842105263;0.6926684204506462;3028;965;1722
449;boathouse;4750;;0.5555789473684211;0.918232428670842;0.5555789473684211;0.6922875131164742;2639;235;2111
834;suit;4750;;0.5336842105263158;0.9848484848484849;0.5336842105263158;0.6922446750409611;2535;39;2215
672;mountain_tent;4750;;0.5429473684210526;0.9534195933456562;0.5429473684210526;0.6918846411804158;2579;126;2171
836;sunglass;4750;;0.6016842105263158;0.8123934053439454;0.6016842105263158;0.6913401064344461;2858;660;1892
692;packet;4750;;0.5357894736842105;0.9728593272171254;0.5357894736842105;0.6910127613358675;2545;71;2205
724;pirate;4750;;0.5675789473684211;0.8821989528795812;0.5675789473684211;0.6907507045862157;2696;360;2054
94;hummingbird;4750;;0.6132631578947368;0.7885760693015701;0.6132631578947368;0.6899573661771672;2913;781;1837
496;Christmas_stocking;4750;;0.6705263157894736;0.7098283931357254;0.6705263157894736;0.6896178412904622;3185;1302;1565
738;pot;4750;;0.5808421052631579;0.8450229709035222;0.5808421052631579;0.688459139114161;2759;506;1991
98;red-breasted_merganser;4750;;0.6157894736842106;0.7789613848202397;0.6157894736842106;0.6878306878306878;2925;830;1825
629;lipstick;4750;;0.5730526315789474;0.8594884748973792;0.5730526315789474;0.6876342048755842;2722;445;2028
788;shoe_shop;4750;;0.5482105263157895;0.9194915254237288;0.5482105263157895;0.6868900026378264;2604;228;2146
510;container_ship;4750;;0.6197894736842106;0.7694720334553058;0.6197894736842106;0.6865671641791045;2944;882;1806
887;vestment;4750;;0.5463157894736842;0.9231590181430096;0.5463157894736842;0.686417140589869;2595;216;2155
391;coho;4750;;0.5810526315789474;0.8363636363636363;0.5810526315789474;0.6857142857142857;2760;540;1990
403;aircraft_carrier;4750;;0.556;0.894344734168642;0.556;0.6857068674542386;2641;312;2109
702;parallel_bars;4750;;0.5606315789473684;0.8803305785123967;0.5606315789473684;0.685016077170418;2663;362;2087
437;beacon;4750;;0.6545263157894737;0.7147126436781609;0.6545263157894737;0.6832967032967033;3109;1241;1641
967;espresso;4750;;0.6122105263157894;0.7695157449060598;0.6122105263157894;0.6819087818032594;2908;871;1842
146;albatross;4750;;0.5972631578947368;0.7942329227323628;0.5972631578947368;0.6818072578707041;2837;735;1913
864;tow_truck;4750;;0.5488421052631579;0.8992756122800966;0.5488421052631579;0.6816577330369983;2607;292;2143
436;beach_wagon;4750;;0.5444210526315789;0.90896309314587;0.5444210526315789;0.6809743252139565;2586;259;2164
447;binoculars;4750;;0.5286315789473685;0.9562071591774562;0.5286315789473685;0.6808568329718006;2511;115;2239
554;fireboat;4750;;0.5675789473684211;0.84940138626339;0.5675789473684211;0.6804644119131751;2696;478;2054
514;cowboy_boot;4750;;0.5292631578947369;0.9522727272727273;0.5292631578947369;0.6803788903924222;2514;126;2236
862;torch;4750;;0.5732631578947368;0.8339969372128637;0.5732631578947368;0.6794759825327511;2723;542;2027
509;confectionery;4750;;0.604;0.7764546684709066;0.604;0.6794552989934873;2869;826;1881
566;French_horn;4750;;0.6482105263157895;0.7137227630968939;0.6482105263157895;0.6793909973521625;3079;1235;1671
96;toucan;4750;;0.5528421052631579;0.8800268096514745;0.5528421052631579;0.6790793897077837;2626;358;2124
983;scuba_diver;4750;;0.5753684210526315;0.8276801938219261;0.5753684210526315;0.6788375558867362;2733;569;2017
646;maze;4750;;0.5292631578947369;0.945823927765237;0.5292631578947369;0.6787257019438445;2514;144;2236
91;coucal;4750;;0.539578947368421;0.9127492877492878;0.539578947368421;0.6782217517861868;2563;245;2187
869;trench_coat;4750;;0.5261052631578947;0.9523628048780488;0.5261052631578947;0.677786818551668;2499;125;2251
849;teapot;4750;;0.627578947368421;0.7358676869908665;0.627578947368421;0.677423020111351;2981;1070;1769
966;red_wine;4750;;0.6307368421052632;0.7303754266211604;0.6307368421052632;0.6769091730682332;2996;1106;1754
711;perfume;4750;;0.5138947368421053;0.99026369168357;0.5138947368421053;0.6766458766458767;2441;24;2309
679;necklace;4750;;0.548;0.8838709677419355;0.548;0.6765432098765433;2603;342;2147
847;tank;4750;;0.6183157894736843;0.7452423242831768;0.6183157894736843;0.6758715913013462;2937;1004;1813
528;dial_telephone;4750;;0.6583157894736842;0.6927337173238812;0.6583157894736842;0.6750863557858375;3127;1387;1623
284;Siamese_cat;4750;;0.708421052631579;0.6443891229414017;0.708421052631579;0.6748896911351785;3365;1857;1385
467;butcher_shop;4750;;0.5256842105263158;0.9404896421845574;0.5256842105263158;0.67440918298447;2497;158;2253
595;harvester;4750;;0.7012631578947368;0.6494443361279002;0.7012631578947368;0.6743597530114385;3331;1798;1419
497;church;4750;;0.5827368421052631;0.8;0.5827368421052631;0.674299634591961;2768;692;1982
127;white_stork;4750;;0.6271578947368421;0.7288965011010521;0.6271578947368421;0.6742107049903813;2979;1108;1771
294;brown_bear;4750;;0.5827368421052631;0.7949454336588168;0.5827368421052631;0.6724975704567541;2768;714;1982
916;web_site;4750;;0.5077894736842106;0.9942291838417148;0.5077894736842106;0.6722408026755854;2412;14;2338
347;bison;4750;;0.5646315789473684;0.8290571870170016;0.5646315789473684;0.671759549154665;2682;553;2068
812;space_shuttle;4750;;0.5391578947368421;0.8907826086956522;0.5391578947368421;0.6717377049180329;2561;314;2189
585;hair_spray;4750;;0.5250526315789473;0.9292101341281669;0.5250526315789473;0.6709712133440947;2494;190;2256
747;punching_bag;4750;;0.5532631578947368;0.8513119533527697;0.5532631578947368;0.6706647952022456;2628;459;2122
708;pedestal;4750;;0.5368421052631579;0.8919202518363064;0.5368421052631579;0.6702589039295571;2550;309;2200
690;oxcart;4750;;0.5654736842105264;0.8221610039791858;0.5654736842105264;0.6700760883123363;2686;581;2064
630;Loafer;4750;;0.5528421052631579;0.8501133052767886;0.5528421052631579;0.669983416252073;2626;463;2124
594;harp;4750;;0.5069473684210526;0.9840621168778095;0.5069473684210526;0.6691677087675421;2408;39;2342
774;sandal;4750;;0.5477894736842105;0.859596960687149;0.5477894736842105;0.669152629548669;2602;425;2148
683;oboe;4750;;0.6048421052631578;0.7481770833333333;0.6048421052631578;0.6689173457508731;2873;967;1877
707;pay-phone;4750;;0.5273684210526316;0.9142335766423357;0.5273684210526316;0.6688918558077436;2505;235;2245
25;European_fire_salamander;4750;;0.5787368421052631;0.791534696228045;0.5787368421052631;0.6686124285540558;2749;724;2001
687;organ;4750;;0.5107368421052632;0.963080587534736;0.5107368421052632;0.6674920896959692;2426;93;2324
833;submarine;4750;;0.5463157894736842;0.8572844400396432;0.5463157894736842;0.6673524495306674;2595;432;2155
10;brambling;4750;;0.5797894736842105;0.785958904109589;0.5797894736842105;0.667312818027623;2754;750;1996
759;reflex_camera;4750;;0.6644210526315789;0.6699214604118021;0.6644210526315789;0.6671599196702251;3156;1555;1594
631;lotion;4750;;0.523578947368421;0.9190687361419069;0.523578947368421;0.6671137339055794;2487;219;2263
148;killer_whale;4750;;0.6446315789473684;0.691196388261851;0.6446315789473684;0.6671023965141613;3062;1368;1688
501;cloak;4750;;0.512;0.956726986624705;0.512;0.6670323642347779;2432;110;2318
605;iPod;4750;;0.5216842105263158;0.9242819843342036;0.5216842105263158;0.6669358094469116;2478;203;2272
83;prairie_chicken;4750;;0.5597894736842105;0.823729863692689;0.5597894736842105;0.6665831035347205;2659;569;2091
898;water_bottle;4750;;0.535578947368421;0.8754301445285616;0.535578947368421;0.664576802507837;2544;362;2206
442;bell_cote;4750;;0.5821052631578948;0.7706243032329989;0.5821052631578948;0.6632285919884864;2765;823;1985
141;redshank;4750;;0.5061052631578947;0.9612155137944822;0.5061052631578947;0.6630809543511239;2404;97;2346
642;marimba;4750;;0.4966315789473684;0.9953586497890295;0.4966315789473684;0.6626404494382022;2359;11;2391
529;diaper;4750;;0.627578947368421;0.7014117647058824;0.627578947368421;0.6624444444444445;2981;1269;1769
663;monastery;4750;;0.5162105263157895;0.9238884702336096;0.5162105263157895;0.662344678552134;2452;202;2298
486;cello;4750;;0.512;0.9346656418139893;0.512;0.661588683351469;2432;170;2318
741;prayer_rug;4750;;0.5547368421052632;0.8157894736842105;0.5547368421052632;0.6604010025062658;2635;595;2115
907;wine_bottle;4750;;0.5431578947368421;0.8365758754863813;0.5431578947368421;0.6586673474597907;2580;504;2170
131;little_blue_heron;4750;;0.5372631578947369;0.850383205598134;0.5372631578947369;0.6584956779770352;2552;449;2198
865;toyshop;4750;;0.5221052631578947;0.8908045977011494;0.5221052631578947;0.6583488186886116;2480;304;2270
480;cash_machine;4750;;0.5378947368421053;0.8477106834771069;0.5378947368421053;0.6581658938691396;2555;459;2195
695;padlock;4750;;0.5930526315789474;0.7391760692731566;0.5930526315789474;0.6581006891718257;2817;994;1933
660;mobile_home;4750;;0.49473684210526314;0.9816207184628237;0.49473684210526314;0.6578947368421053;2350;44;2400
624;library;4750;;0.5105263157894737;0.9224039558767593;0.5105263157894737;0.6572706328770838;2425;204;2325
195;Boston_bull;4750;;0.5618947368421052;0.7905805687203792;0.5618947368421052;0.6569037656903766;2669;707;2081
102;echidna;4750;;0.504421052631579;0.9392395139161114;0.504421052631579;0.6563484454184358;2396;155;2354
142;dowitcher;4750;;0.5850526315789474;0.7462406015037594;0.5850526315789474;0.6558886004248289;2779;945;1971
934;hotdog;4750;;0.5168421052631579;0.896967482645232;0.5168421052631579;0.6558033925470816;2455;282;2295
147;grey_whale;4750;;0.5301052631578947;0.8579216354344122;0.5301052631578947;0.65530253741054;2518;417;2232
703;park_bench;4750;;0.576421052631579;0.7584487534626039;0.576421052631579;0.6550239234449761;2738;872;2012
851;television;4750;;0.6025263157894737;0.7174730508899474;0.6025263157894737;0.6549948506694129;2862;1127;1888
740;power_drill;4750;;0.519578947368421;0.884270870655679;0.519578947368421;0.6545550987932635;2468;323;2282
132;American_egret;4750;;0.6943157894736842;0.6184136508531783;0.6943157894736842;0.6541703857978777;3298;2035;1452
958;hay;4750;;0.5677894736842105;0.769472182596291;0.5677894736842105;0.6534221683827983;2697;808;2053
586;half_track;4750;;0.576421052631579;0.753232462173315;0.576421052631579;0.6530709600477043;2738;897;2012
31;tree_frog;4750;;0.6587368421052632;0.6471561530506722;0.6587368421052632;0.6528951486697965;3129;1706;1621
293;cheetah;4750;;0.5547368421052632;0.792719614921781;0.5547368421052632;0.6527124102055982;2635;689;2115
409;analog_clock;4750;;0.6661052631578948;0.6394502829426031;0.6661052631578948;0.6525056712724274;3164;1784;1586
137;American_coot;4750;;0.5204210526315789;0.8744251857092324;0.5204210526315789;0.6525009898376666;2472;355;2278
363;armadillo;4750;;0.5050526315789474;0.9195093905711;0.5050526315789474;0.651990759614078;2399;210;2351
575;golfcart;4750;;0.6237894736842106;0.6819332566168009;0.6237894736842106;0.651566794942276;2963;1382;1787
85;quail;4750;;0.5416842105263158;0.8155309033280507;0.5416842105263158;0.6509803921568627;2573;582;2177
949;strawberry;4750;;0.5835789473684211;0.7300500395048722;0.5835789473684211;0.6486486486486486;2772;1025;1978
20;water_ouzel;4750;;0.5189473684210526;0.8633975481611208;0.5189473684210526;0.648257725180802;2465;390;2285
608;jean;4750;;0.5425263157894736;0.80355472404116;0.5425263157894736;0.6477315571195174;2577;630;2173
723;pinwheel;4750;;0.6444210526315789;0.6505844845908608;0.6444210526315789;0.6474881015335802;3061;1644;1689
875;trombone;4750;;0.5301052631578947;0.8274728885967795;0.5301052631578947;0.6462209675349673;2518;525;2232
531;digital_watch;4750;;0.5250526315789473;0.8391655450874832;0.5250526315789473;0.6459466459466459;2494;478;2256
1;goldfish;4750;;0.5856842105263158;0.71960682876358;0.5856842105263158;0.6457753017641598;2782;1084;1968
365;orangutan;4750;;0.4901052631578947;0.945956928078017;0.4901052631578947;0.6456802107890722;2328;133;2422
144;pelican;4750;;0.5341052631578947;0.8128804870233899;0.5341052631578947;0.6446448989963155;2537;584;2213
756;rain_barrel;4750;;0.4922105263157895;0.9337060702875399;0.4922105263157895;0.644609870416322;2338;166;2412
100;black_swan;4750;;0.7317894736842105;0.5758780649436713;0.7317894736842105;0.6445392175041722;3476;2560;1274
335;fox_squirrel;4750;;0.5349473684210526;0.8097514340344169;0.5349473684210526;0.6442697768762679;2541;597;2209
682;obelisk;4750;;0.6644210526315789;0.6251980982567353;0.6644210526315789;0.644213104715248;3156;1892;1594
523;crutch;4750;;0.5107368421052632;0.8679785330948122;0.5107368421052632;0.6430748840291585;2426;369;2324
951;lemon;4750;;0.5265263157894737;0.8254125412541254;0.5265263157894737;0.6429305912596401;2501;529;2249
780;schooner;4750;;0.684;0.6055917986952469;0.684;0.6424122590212555;3249;2116;1501
948;Granny_Smith;4750;;0.6993684210526315;0.5937444146559429;0.6993684210526315;0.6422426292895119;3322;2273;1428
562;fountain;4750;;0.5726315789473684;0.7284413497589716;0.5726315789473684;0.6412069778406412;2720;1014;2030
351;hartebeest;4750;;0.5018947368421053;0.8855869242199108;0.5018947368421053;0.640687987100242;2384;308;2366
787;shield;4750;;0.4911578947368421;0.9210422424003158;0.4911578947368421;0.6406700535493615;2333;200;2417
857;throne;4750;;0.4785263157894737;0.9672340425531915;0.4785263157894737;0.640281690140845;2273;77;2477
255;Leonberg;4750;;0.5012631578947369;0.8857886904761905;0.5012631578947369;0.6402258671685938;2381;307;2369
412;ashcan;4750;;0.5107368421052632;0.856638418079096;0.5107368421052632;0.6399366921656555;2426;406;2324
406;altar;4750;;0.5431578947368421;0.7754733994589721;0.5431578947368421;0.6388510585613469;2580;747;2170
816;spindle;4750;;0.47789473684210526;0.9630886720407298;0.47789473684210526;0.6388068101871395;2270;87;2480
355;llama;4750;;0.5602105263157895;0.7428810720268006;0.5602105263157895;0.6387421987518003;2661;921;2089
258;Samoyed;4750;;0.5827368421052631;0.7064828994384891;0.5827368421052631;0.6386709736963544;2768;1150;1982
484;catamaran;4750;;0.49305263157894735;0.9059961315280464;0.49305263157894735;0.6385821404226312;2342;243;2408
559;folding_chair;4750;;0.5052631578947369;0.8673653776653415;0.5052631578947369;0.6385526140747639;2400;367;2350
922;menu;4750;;0.4726315789473684;0.9824945295404814;0.4726315789473684;0.6382373845060413;2245;40;2505
330;wood_rabbit;4750;;0.64;0.6363826669457818;0.64;0.6381862076204472;3040;1737;1710
959;carbonara;4750;;0.4856842105263158;0.930241935483871;0.4856842105263158;0.6381742738589211;2307;173;2443
649;megalith;4750;;0.4846315789473684;0.9331171463315768;0.4846315789473684;0.6379382014687542;2302;165;2448
129;spoonbill;4750;;0.5791578947368421;0.7099354838709677;0.5791578947368421;0.6379130434782609;2751;1124;1999
580;greenhouse;4750;;0.5128421052631579;0.8411602209944752;0.5128421052631579;0.6371959194349986;2436;460;2314
140;red-backed_sandpiper;4750;;0.5023157894736842;0.8679519825391051;0.5023157894736842;0.636351513535138;2386;363;2364
138;bustard;4750;;0.511578947368421;0.8408304498269896;0.511578947368421;0.6361256544502618;2430;460;2320
975;lakeside;4750;;0.5343157894736842;0.7855153203342619;0.5343157894736842;0.6360105249968676;2538;693;2212
517;crane;4750;;0.6465263157894737;0.6250763281090983;0.6465263157894737;0.6356204077408673;3071;1842;1679
592;hard_disc;4750;;0.5046315789473684;0.8536324786324786;0.5046315789473684;0.6342947869806828;2397;411;2353
970;alp;4750;;0.5237894736842105;0.8015463917525774;0.5237894736842105;0.633562515915457;2488;616;2262
346;water_buffalo;4750;;0.5330526315789473;0.7805178791615289;0.5330526315789473;0.6334751063297472;2532;712;2218
593;harmonica;4750;;0.5637894736842105;0.7196990056436442;0.5637894736842105;0.632274819974029;2678;1043;2072
807;solar_dish;4750;;0.47410526315789475;0.945424013434089;0.47410526315789475;0.6315199102636007;2252;130;2498
259;Pomeranian;4750;;0.5509473684210526;0.7371830985915493;0.5509473684210526;0.6306024096385543;2617;933;2133
785;seat_belt;4750;;0.5953684210526315;0.6699834162520729;0.5953684210526315;0.6304759781518224;2828;1393;1922
762;restaurant;4750;;0.4751578947368421;0.9353501864898467;0.4751578947368421;0.6301828842663688;2257;156;2493
739;potter's_wheel;4750;;0.4629473684210526;0.9847738468428123;0.4629473684210526;0.6298152656451381;2199;34;2551
321;admiral;4750;;0.5985263157894737;0.6639420831387203;0.5985263157894737;0.6295394154118689;2843;1439;1907
292;tiger;4750;;0.8113684210526316;0.5137981602453007;0.8113684210526316;0.6291731287241858;3854;3647;896
494;chime;4750;;0.5416842105263158;0.7503645377661126;0.5416842105263158;0.62917227044871;2573;856;2177
731;plunger;4750;;0.48105263157894734;0.9085487077534792;0.48105263157894734;0.629043358568479;2285;230;2465
327;starfish;4750;;0.4846315789473684;0.8957198443579767;0.4846315789473684;0.6289617486338798;2302;268;2448
743;prison;4750;;0.4882105263157895;0.8817490494296578;0.4882105263157895;0.6284552845528455;2319;311;2431
927;trifle;4750;;0.5176842105263157;0.7986359207534914;0.5176842105263157;0.6281772895644399;2459;620;2291
969;eggnog;4750;;0.48673684210526313;0.8848067355530043;0.48673684210526313;0.628004889311422;2312;301;2438
51;triceratops;4750;;0.46821052631578947;0.951240376390077;0.46821052631578947;0.6275395033860045;2224;114;2526
854;theater_curtain;4750;;0.5827368421052631;0.6795973483918487;0.5827368421052631;0.6274509803921567;2768;1305;1982
432;bassoon;4750;;0.5772631578947368;0.6861861861861862;0.5772631578947368;0.6270294991996342;2742;1254;2008
826;stopwatch;4750;;0.5566315789473684;0.7169197396963124;0.5566315789473684;0.6266887888125149;2644;1044;2106
348;ram;4750;;0.5604210526315789;0.7100560149373166;0.5604210526315789;0.6264266384280504;2662;1087;2088
452;bonnet;4750;;0.4707368421052632;0.9351735675449603;0.4707368421052632;0.6262428231340148;2236;155;2514
937;broccoli;4750;;0.5461052631578948;0.7338048090523338;0.5461052631578948;0.6261919130959566;2594;941;2156
945;bell_pepper;4750;;0.5894736842105263;0.6666666666666666;0.5894736842105263;0.6256983240223464;2800;1400;1950
825;stone_wall;4750;;0.5863157894736842;0.669632123106516;0.5863157894736842;0.6252104613312381;2785;1374;1965
470;candle;4750;;0.6096842105263158;0.6404245908889872;0.6096842105263158;0.6246764452113891;2896;1626;1854
301;ladybug;4750;;0.5313684210526316;0.7572757275727573;0.5313684210526316;0.6245205987875788;2524;809;2226
974;geyser;4750;;0.516;0.7893719806763285;0.516;0.624061107574793;2451;654;2299
558;flute;4750;;0.45810526315789474;0.9779775280898877;0.45810526315789474;0.6239426523297491;2176;49;2574
88;macaw;4750;;0.7033684210526315;0.5582289055973266;0.7033684210526315;0.6224499301350721;3341;2644;1409
453;bookcase;4750;;0.5528421052631579;0.7120390455531453;0.5528421052631579;0.6224223749703721;2626;1062;2124
156;Blenheim_spaniel;4750;;0.5981052631578947;0.648334094020995;0.5981052631578947;0.6222076215505913;2841;1541;1909
582;grocery_store;4750;;0.568;0.6866887248663782;0.568;0.6217306141260512;2698;1231;2052
414;backpack;4750;;0.531578947368421;0.7479265402843602;0.531578947368421;0.6214619739109034;2525;851;2225
871;trimaran;4750;;0.5966315789473684;0.648364218714253;0.5966315789473684;0.6214230895735116;2834;1537;1916
659;mixing_bowl;4750;;0.49094736842105263;0.8446215139442231;0.49094736842105263;0.6209559313007589;2332;429;2418
383;Madagascar_cat;4750;;0.48778947368421055;0.8537214443625645;0.48778947368421055;0.6208467309753484;2317;397;2433
551;face_powder;4750;;0.45831578947368423;0.9602999558888399;0.45831578947368423;0.6204930882143367;2177;90;2573
855;thimble;4750;;0.45873684210526317;0.9557017543859649;0.45873684210526317;0.6199146514935989;2179;101;2571
584;hair_slide;4750;;0.4751578947368421;0.8903353057199211;0.4751578947368421;0.6196293754289636;2257;278;2493
326;lycaenid;4750;;0.5810526315789474;0.6625060009601537;0.5810526315789474;0.6191117092866757;2760;1406;1990
918;crossword_puzzle;4750;;0.45094736842105265;0.9830197338228546;0.45094736842105265;0.6182710347813538;2142;37;2608
253;basenji;4750;;0.5216842105263158;0.7580299785867237;0.5216842105263158;0.6180321735877291;2478;791;2272
243;bull_mastiff;4750;;0.5261052631578947;0.7488762361402457;0.5261052631578947;0.6180289353283046;2499;838;2251
408;amphibian;4750;;0.5027368421052631;0.8013422818791947;0.5027368421052631;0.6178525226390685;2388;592;2362
965;burrito;4750;;0.5010526315789474;0.8051420838971584;0.5010526315789474;0.6177004931222424;2380;576;2370
901;whiskey_jug;4750;;0.5532631578947368;0.69800796812749;0.5532631578947368;0.6172636523781561;2628;1137;2122
924;guacamole;4750;;0.452;0.9710538218000905;0.452;0.6168653929033184;2147;64;2603
766;rotisserie;4750;;0.49494736842105264;0.8168867268936761;0.49494736842105264;0.6164132144729942;2351;527;2399
463;bucket;4750;;0.48378947368421055;0.8464088397790055;0.48378947368421055;0.6156731413261889;2298;417;2452
758;reel;4750;;0.46842105263157896;0.8964544721998389;0.46842105263157896;0.615320796460177;2225;257;2525
843;swing;4750;;0.5425263157894736;0.7099173553719008;0.5425263157894736;0.615035799522673;2577;1053;2173
411;apron;4750;;0.48147368421052633;0.8508184523809523;0.48147368421052633;0.6149502554450121;2287;401;2463
105;koala;4750;;0.47726315789473683;0.864277544796035;0.47726315789473683;0.6149464261494642;2267;356;2483
691;oxygen_mask;4750;;0.476;0.8679462571976967;0.476;0.6148198504418761;2261;344;2489
931;bagel;4750;;0.5261052631578947;0.7384751773049646;0.5261052631578947;0.6144578313253012;2499;885;2251
513;cornet;4750;;0.5410526315789473;0.7103372028745163;0.5410526315789473;0.6142447418738048;2570;1048;2180
72;black_and_gold_garden_spider;4750;;0.6429473684210526;0.5860679332181923;0.6429473684210526;0.6131914466419034;3054;2157;1696
914;yawl;4750;;0.4511578947368421;0.9549910873440285;0.4511578947368421;0.6128109808407206;2143;101;2607
366;gorilla;4750;;0.5378947368421053;0.7113028953229399;0.5378947368421053;0.61256293454807;2555;1037;2195
955;jackfruit;4750;;0.4648421052631579;0.8961038961038961;0.4648421052631579;0.6121430551705018;2208;256;2542
979;valley;4750;;0.45621052631578946;0.9292452830188679;0.45621052631578946;0.6119740186388025;2167;165;2583
122;American_lobster;4750;;0.5166315789473684;0.7483989021043;0.5166315789473684;0.6112840951550629;2454;825;2296
245;French_bulldog;4750;;0.4616842105263158;0.903957131079967;0.4616842105263158;0.6112040133779264;2193;233;2557
75;black_widow;4750;;0.6762105263157895;0.5567689374241637;0.6762105263157895;0.610704439585512;3212;2557;1538
87;African_grey;4750;;0.5778947368421052;0.6474056603773585;0.5778947368421052;0.6106785317018909;2745;1495;2005
179;Staffordshire_bullterrier;4750;;0.5113684210526316;0.7566978193146418;0.5113684210526316;0.6103015075376884;2429;781;2321
535;disk_brake;4750;;0.49726315789473685;0.7883845126835781;0.49726315789473685;0.6098631551768655;2362;634;2388
462;broom;4750;;0.46989473684210525;0.8678071539657853;0.46989473684210525;0.6096694892105982;2232;340;2518
220;Sussex_spaniel;4750;;0.45389473684210524;0.9237360754070265;0.45389473684210524;0.608695652173913;2156;178;2594
882;vacuum;4750;;0.4461052631578947;0.9575237234523272;0.4461052631578947;0.608645698693092;2119;94;2631
415;bakery;4750;;0.49305263157894735;0.794167514411665;0.49305263157894735;0.6083907000909209;2342;607;2408
2;great_white_shark;4750;;0.5517894736842105;0.6776111685625646;0.5517894736842105;0.6082617776746344;2621;1247;2129
254;pug;4750;;0.6288421052631579;0.5885714285714285;0.6288421052631579;0.6080407124681934;2987;2088;1763
300;tiger_beetle;4750;;0.5532631578947368;0.6740189792254424;0.5532631578947368;0.6077003121748179;2628;1271;2122
790;shopping_basket;4750;;0.4461052631578947;0.9510771992818672;0.4461052631578947;0.6073373459443966;2119;109;2631
367;chimpanzee;4750;;0.4656842105263158;0.8705234159779615;0.4656842105263158;0.6067754766150049;2212;329;2538
86;partridge;4750;;0.512;0.7439583970633221;0.512;0.6065594213742362;2432;837;2318
896;washbasin;4750;;0.5168421052631579;0.7287028791926388;0.5168421052631579;0.6047542800837542;2455;914;2295
888;viaduct;4750;;0.6113684210526316;0.5981462409886714;0.6113684210526316;0.6046850598646537;2904;1951;1846
705;passenger_car;4750;;0.512421052631579;0.7369058431728731;0.512421052631579;0.604495219172979;2434;869;2316
730;plow;4750;;0.4663157894736842;0.8568665377176016;0.4663157894736842;0.6039536468984322;2215;370;2535
771;safe;4750;;0.46042105263157895;0.8772563176895307;0.46042105263157895;0.6038934143310783;2187;306;2563
620;laptop;4750;;0.6286315789473684;0.5807078957604045;0.6286315789473684;0.6037201779215527;2986;2156;1764
451;bolo_tie;4750;;0.5768421052631579;0.6323563351027002;0.5768421052631579;0.6033248926566112;2740;1593;2010
264;Cardigan;4750;;0.448;0.9208135006490696;0.448;0.6027474861917576;2128;183;2622
992;agaric;4750;;0.5707368421052632;0.6384832783796515;0.5707368421052632;0.602712316585149;2711;1535;2039
925;consomme;4750;;0.4966315789473684;0.7664067576348278;0.4966315789473684;0.6027082268778743;2359;719;2391
16;bulbul;4750;;0.44905263157894737;0.915057915057915;0.44905263157894737;0.6024572800451913;2133;198;2617
338;guinea_pig;4750;;0.44484210526315787;0.9328918322295806;0.44484210526315787;0.6024233784746971;2113;152;2637
897;washer;4750;;0.46378947368421053;0.8578660436137072;0.46378947368421053;0.6020770702377699;2203;365;2547
7;cock;4750;;0.6911578947368421;0.5323496027241771;0.6911578947368421;0.6014472840523953;3283;2884;1467
317;leafhopper;4750;;0.556;0.6548475080585172;0.556;0.6013890470226574;2641;1392;2109
831;studio_couch;4750;;0.4663157894736842;0.8457426498663612;0.4663157894736842;0.6011670511602659;2215;404;2535
270;white_wolf;4750;;0.5058947368421053;0.7398399014778325;0.5058947368421053;0.6009002250562641;2403;845;2347
205;flat-coated_retriever;4750;;0.5052631578947369;0.7407407407407407;0.5052631578947369;0.6007509386733416;2400;840;2350
99;goose;4750;;0.552;0.6581325301204819;0.552;0.6004121822761621;2622;1362;2128
235;German_shepherd;4750;;0.46021052631578946;0.86232741617357;0.46021052631578946;0.600137268359643;2186;349;2564
689;overskirt;4750;;0.49326315789473685;0.7659365805818895;0.49326315789473685;0.600076834421821;2343;716;2407
718;pier;4750;;0.47768421052631577;0.8066121578386065;0.47768421052631577;0.6000264445325929;2269;544;2481
152;Japanese_spaniel;4750;;0.5572631578947368;0.6494111874386653;0.5572631578947368;0.5998187174257874;2647;1429;2103
932;pretzel;4750;;0.46021052631578946;0.8596146283916634;0.46021052631578946;0.5994789524201288;2186;357;2564
613;joystick;4750;;0.5597894736842105;0.6446060606060606;0.5597894736842105;0.5992112676056338;2659;1466;2091
889;violin;4750;;0.6665263157894736;0.5428669410150891;0.6665263157894736;0.5983745983745983;3166;2666;1584
423;barber_chair;4750;;0.4435789473684211;0.9172834131475838;0.4435789473684211;0.5979849581382148;2107;190;2643
943;cucumber;4750;;0.4938947368421053;0.7575072650952535;0.4938947368421053;0.5979355167579966;2346;751;2404
210;German_short-haired_pointer;4750;;0.4570526315789474;0.8601426307448494;0.4570526315789474;0.5969205389056915;2171;353;2579
306;rhinoceros_beetle;4750;;0.5010526315789474;0.7366140513772825;0.5010526315789474;0.5964164891617592;2380;851;2370
399;abaya;4750;;0.6473684210526316;0.5527593025346036;0.6473684210526316;0.5963347231649374;3075;2488;1675
287;lynx;4750;;0.4728421052631579;0.8070427596119296;0.4728421052631579;0.5963095712199654;2246;537;2504
392;rock_beauty;4750;;0.5427368421052632;0.6615345137285091;0.5427368421052632;0.5962761651439806;2578;1319;2172
113;snail;4750;;0.4745263157894737;0.8012797724848916;0.4745263157894737;0.59605976464366;2254;559;2496
349;bighorn;4750;;0.5149473684210526;0.706528018486424;0.5149473684210526;0.5957135898684851;2446;1016;2304
806;sock;4750;;0.504421052631579;0.7267212617531089;0.504421052631579;0.595501429104014;2396;901;2354
952;fig;4750;;0.45221052631578945;0.8710462287104623;0.45221052631578945;0.5953436807095344;2148;318;2602
169;borzoi;4750;;0.492;0.7528994845360825;0.492;0.5951107715813597;2337;767;2413
247;Saint_Bernard;4750;;0.4431578947368421;0.9022717531075868;0.4431578947368421;0.5943809120429197;2105;228;2645
635;magnetic_compass;4750;;0.4593684210526316;0.8385857033051499;0.4593684210526316;0.5935799782372144;2182;420;2568
732;Polaroid_camera;4750;;0.44526315789473686;0.8886554621848739;0.44526315789473686;0.5932678821879382;2115;265;2635
221;Irish_water_spaniel;4750;;0.4551578947368421;0.8501769563507668;0.4551578947368421;0.5928972987796517;2162;381;2588
428;barrow;4750;;0.532;0.6692266949152542;0.532;0.5927750410509031;2527;1249;2223
474;cardigan;4750;;0.5134736842105263;0.7002583979328165;0.5134736842105263;0.5924936232236122;2439;1044;2311
289;snow_leopard;4750;;0.4905263157894737;0.7463164638052531;0.4905263157894737;0.5919715447154471;2330;792;2420
960;chocolate_sauce;4750;;0.46357894736842103;0.8170686456400742;0.46357894736842103;0.5915379449294829;2202;493;2548
616;knot;4750;;0.5823157894736842;0.6005210594876248;0.5823157894736842;0.5912783240701155;2766;1840;1984
548;entertainment_center;4750;;0.49726315789473685;0.7276648182378311;0.49726315789473685;0.5907953976988495;2362;884;2388
171;Italian_greyhound;4750;;0.5265263157894737;0.6728544525154695;0.5265263157894737;0.5907641431439707;2501;1216;2249
845;syringe;4750;;0.4391578947368421;0.9014693171996543;0.4391578947368421;0.5906002265005662;2086;228;2664
239;Bernese_mountain_dog;4750;;0.4871578947368421;0.7454896907216495;0.4871578947368421;0.5892538833715305;2314;790;2436
957;pomegranate;4750;;0.5071578947368421;0.702332361516035;0.5071578947368421;0.588997555012225;2409;1021;2341
308;fly;4750;;0.46673684210526317;0.7977689816480749;0.46673684210526317;0.5889228317173596;2217;562;2533
231;collie;4750;;0.5151578947368421;0.6871665262566695;0.5151578947368421;0.5888581398147035;2447;1114;2303
324;cabbage_butterfly;4750;;0.48673684210526313;0.744126166720309;0.48673684210526313;0.5885197912689322;2312;795;2438
699;panpipe;4750;;0.5147368421052632;0.6867977528089888;0.5147368421052632;0.5884476534296029;2445;1115;2305
283;Persian_cat;4750;;0.6517894736842105;0.5352697095435685;0.6517894736842105;0.5878108980444277;3096;2688;1654
217;English_springer;4750;;0.5993684210526316;0.5765492102065614;0.5993684210526316;0.5877374071015689;2847;2091;1903
27;eft;4750;;0.44105263157894736;0.8795130142737195;0.44105263157894736;0.5874929893438026;2095;287;2655
242;boxer;4750;;0.4825263157894737;0.7502454991816694;0.4825263157894737;0.5873158231902627;2292;763;2458
570;gasmask;4750;;0.6050526315789474;0.5702380952380952;0.6050526315789474;0.587129724208376;2874;2166;1876
460;breakwater;4750;;0.5178947368421053;0.6776859504132231;0.5178947368421053;0.5871121718377089;2460;1170;2290
268;Mexican_hairless;4750;;0.44989473684210524;0.8446640316205534;0.44989473684210524;0.587087912087912;2137;393;2613
589;hand_blower;4750;;0.4206315789473684;0.9708454810495627;0.4206315789473684;0.5869565217391305;1998;60;2752
236;Doberman;4750;;0.4978947368421053;0.7142857142857143;0.4978947368421053;0.586775834263739;2365;946;2385
325;sulphur_butterfly;4750;;0.47978947368421054;0.7538868673503143;0.47978947368421054;0.5863887816801749;2279;744;2471
532;dining_table;4750;;0.44252631578947366;0.8682362660057827;0.44252631578947366;0.586250174313206;2102;319;2648
976;promontory;4750;;0.624421052631579;0.5524306202272304;0.624421052631579;0.5862239351714597;2966;2403;1784
542;drumstick;4750;;0.45957894736842103;0.8088180807706558;0.45957894736842103;0.5861189421398845;2183;516;2567
939;zucchini;4750;;0.45242105263157895;0.8316563467492261;0.45242105263157895;0.5860376329424598;2149;435;2601
218;Welsh_springer_spaniel;4750;;0.4829473684210526;0.7438391699092088;0.4829473684210526;0.5856522849119224;2294;790;2456
421;bannister;4750;;0.4884210526315789;0.7302486622599937;0.4884210526315789;0.5853412388040873;2320;857;2430
216;clumber;4750;;0.47010526315789475;0.7750780978826797;0.47010526315789475;0.5852443978508715;2233;648;2517
177;Scottish_deerhound;4750;;0.47389473684210526;0.764865783214407;0.47389473684210526;0.5852073313401794;2251;692;2499
993;gyromitra;4750;;0.45852631578947367;0.8078635014836796;0.45852631578947367;0.5850120870265915;2178;518;2572
674;mousetrap;4750;;0.42905263157894735;0.918018018018018;0.42905263157894735;0.5847919655667144;2038;182;2712
426;barometer;4750;;0.5025263157894737;0.6985659935616038;0.5025263157894737;0.5845475694869597;2387;1030;2363
478;carton;4750;;0.436;0.8820272572402045;0.436;0.5835446604677373;2071;277;2679
525;dam;4750;;0.4842105263157895;0.7306226175349428;0.4842105263157895;0.5824259306153456;2300;848;2450
989;hip;4750;;0.6593684210526316;0.5214785214785215;0.6593684210526316;0.5823726292301972;3132;2874;1618
604;hourglass;4750;;0.6282105263157894;0.5421511627906976;0.6282105263157894;0.5820167739418762;2984;2520;1766
706;patio;4750;;0.41726315789473684;0.9588776003870344;0.41726315789473684;0.5814874578260232;1982;85;2768
133;bittern;4750;;0.4503157894736842;0.8198543503257953;0.4503157894736842;0.5813289849164289;2139;470;2611
410;apiary;4750;;0.4936842105263158;0.7067510548523207;0.4936842105263158;0.5813088745661874;2345;973;2405
225;malinois;4750;;0.5993684210526316;0.5642092746730083;0.5993684210526316;0.5812576561861984;2847;2199;1903
598;home_theater;4750;;0.4341052631578947;0.879317697228145;0.4341052631578947;0.5812544045102185;2062;283;2688
902;whistle;4750;;0.48357894736842105;0.7278200253485425;0.48357894736842105;0.5810776625347837;2297;859;2453
93;hornbill;4750;;0.4418947368421053;0.8477382875605816;0.4418947368421053;0.5809576529200111;2099;377;2651
861;toilet_seat;4750;;0.5357894736842105;0.6343469591226321;0.5357894736842105;0.580917598721753;2545;1467;2205
47;African_chameleon;4750;;0.4511578947368421;0.8154490106544902;0.4511578947368421;0.580916237462727;2143;485;2607
640;manhole_cover;4750;;0.42189473684210527;0.9312267657992565;0.42189473684210527;0.5807012460156477;2004;148;2746
998;ear;4750;;0.5252631578947369;0.6453698913605794;0.5252631578947369;0.579155060352832;2495;1371;2255
227;kelpie;4750;;0.45221052631578945;0.8050974512743628;0.45221052631578945;0.5791318414667026;2148;520;2602
261;keeshond;4750;;0.4762105263157895;0.7380097879282218;0.4762105263157895;0.5788867562380038;2262;803;2488
964;potpie;4750;;0.452;0.8047226386806596;0.452;0.578862227015368;2147;521;2603
622;lens_cap;4750;;0.4229473684210526;0.9135970895861756;0.4229473684210526;0.5782126924737373;2009;190;2741
309;bee;4750;;0.5265263157894737;0.6407891365616193;0.5265263157894737;0.5780654108401712;2501;1402;2249
792;shovel;4750;;0.4696842105263158;0.7514314584035029;0.4696842105263158;0.5780541520922399;2231;738;2519
336;marmot;4750;;0.4442105263157895;0.8271266170129361;0.4442105263157895;0.5780030132858512;2110;441;2640
376;proboscis_monkey;4750;;0.4475789473684211;0.8154967395473725;0.4475789473684211;0.5779529699605818;2126;481;2624
206;curly-coated_retriever;4750;;0.43894736842105264;0.8444714459295262;0.43894736842105264;0.5776423327330656;2085;384;2665
288;leopard;4750;;0.5244210526315789;0.6420103092783506;0.5244210526315789;0.5772885283893396;2491;1389;2259
704;parking_meter;4750;;0.4808421052631579;0.7209595959595959;0.4808421052631579;0.5769133619600909;2284;884;2466
764;rifle;4750;;0.4202105263157895;0.919815668202765;0.4202105263157895;0.576878612716763;1996;174;2754
530;digital_clock;4750;;0.6132631578947368;0.5444859813084112;0.6132631578947368;0.5768316831683169;2913;2437;1837
995;earthstar;4750;;0.516;0.6511689691817216;0.516;0.5757575757575757;2451;1313;2299
211;vizsla;4750;;0.4435789473684211;0.8195254764683003;0.4435789473684211;0.5756044256249147;2107;464;2643
878;typewriter_keyboard;4750;;0.4882105263157895;0.6995475113122172;0.4882105263157895;0.5750774953502791;2319;996;2431
332;Angora;4750;;0.5242105263157895;0.6368286445012787;0.5242105263157895;0.5750577367205543;2490;1420;2260
207;golden_retriever;4750;;0.43494736842105264;0.8449897750511247;0.43494736842105264;0.5742876997915219;2066;379;2684
991;coral_fungus;4750;;0.4288421052631579;0.8675468483816013;0.4288421052631579;0.57396449704142;2037;311;2713
279;Arctic_fox;4750;;0.5029473684210526;0.6682517482517483;0.5029473684210526;0.5739339339339339;2389;1186;2361
162;beagle;4750;;0.54;0.6114421930870083;0.54;0.5735047512576857;2565;1630;2185
295;American_black_bear;4750;;0.48926315789473684;0.6918725811253349;0.48926315789473684;0.5731902824022691;2324;1035;2426
273;dingo;4750;;0.4477894736842105;0.7960329341317365;0.4477894736842105;0.5731608730800323;2127;545;2623
350;ibex;4750;;0.49094736842105263;0.6862860506180106;0.49094736842105263;0.5724104074619539;2332;1066;2418
744;projectile;4750;;0.4694736842105263;0.731387340111512;0.4694736842105263;0.5718681882292601;2230;819;2520
23;vulture;4750;;0.5021052631578947;0.6639755011135857;0.5021052631578947;0.5718053224646368;2385;1207;2365
990;buckeye;4750;;0.4978947368421053;0.6705415367167564;0.4978947368421053;0.5714630904917242;2365;1162;2385
892;wall_clock;4750;;0.5353684210526316;0.6120336943441637;0.5353684210526316;0.5711398090960135;2543;1612;2207
634;lumbermill;4750;;0.4109473684210526;0.9353138476281744;0.4109473684210526;0.5710106771976012;1952;135;2798
386;African_elephant;4750;;0.5305263157894737;0.6171932402645114;0.5305263157894737;0.5705875693422394;2520;1563;2230
985;daisy;4750;;0.9037894736842105;0.4167152009318579;0.9037894736842105;0.5704225352112675;4293;6009;457
401;accordion;4750;;0.5212631578947369;0.6287455561198578;0.5212631578947369;0.5699815837937385;2476;1462;2274
128;black_stork;4750;;0.41326315789473683;0.9177185600748013;0.41326315789473683;0.5698940339671941;1963;176;2787
158;toy_terrier;4750;;0.448;0.7820654171260566;0.448;0.5696693883014322;2128;593;2622
745;projector;4750;;0.4456842105263158;0.7881608339538347;0.4456842105263158;0.5693921463152233;2117;569;2633
962;meat_loaf;4750;;0.44063157894736843;0.8040722243565117;0.44063157894736843;0.5692914456684347;2093;510;2657
928;ice_cream;4750;;0.432;0.8344855632370882;0.432;0.5692883895131086;2052;407;2698
709;pencil_box;4750;;0.41178947368421054;0.9200376293508937;0.41178947368421054;0.568935427574171;1956;170;2794
563;fountain_pen;4750;;0.5898947368421052;0.5491963935711486;0.5898947368421052;0.5688185140073081;2802;2300;1948
686;oil_filter;4750;;0.5486315789473685;0.5899932080597691;0.5486315789473685;0.5685611432311553;2606;1811;2144
434;bath_towel;4750;;0.4823157894736842;0.6923541855545482;0.4823157894736842;0.5685568929147538;2291;1018;2459
30;bullfrog;4750;;0.5313684210526316;0.6105466860183841;0.5313684210526316;0.5682125168842864;2524;1610;2226
588;hamper;4750;;0.4572631578947368;0.7492238703001035;0.4572631578947368;0.567917374820238;2172;727;2578
345;ox;4750;;0.5244210526315789;0.6187282662692499;0.5244210526315789;0.5676845943482224;2491;1535;2259
104;wallaby;4750;;0.41642105263157897;0.8885893980233602;0.41642105263157897;0.5670871559633027;1978;248;2772
481;cassette;4750;;0.432;0.8240963855421687;0.432;0.5668508287292817;2052;438;2698
809;soup_bowl;4750;;0.44;0.7958872810357959;0.44;0.566702819956616;2090;536;2660
590;hand-held_computer;4750;;0.503578947368421;0.6468361276365603;0.503578947368421;0.5662878787878788;2392;1306;2358
71;scorpion;4750;;0.4572631578947368;0.7423103212576897;0.4572631578947368;0.5659197498697237;2172;754;2578
469;caldron;4750;;0.42105263157894735;0.8620689655172413;0.42105263157894735;0.5657708628005658;2000;320;2750
234;Rottweiler;4750;;0.4376842105263158;0.7986938148290434;0.4376842105263158;0.5654834761321909;2079;524;2671
936;head_cabbage;4750;;0.4896842105263158;0.6680068925904652;0.4896842105263158;0.5651117589893101;2326;1156;2424
926;hot_pot;4750;;0.4530526315789474;0.7506103941402162;0.4530526315789474;0.5650518576867533;2152;715;2598
521;Crock_Pot;4750;;0.5023157894736842;0.6448648648648648;0.5023157894736842;0.5647337278106508;2386;1314;2364
572;goblet;4750;;0.5027368421052631;0.6434923201293452;0.5027368421052631;0.5644722845999292;2388;1323;2362
178;Weimaraner;4750;;0.5387368421052632;0.591402819505431;0.5387368421052632;0.563842679299328;2559;1768;2191
856;thresher;4750;;0.4025263157894737;0.9404820462370881;0.4025263157894737;0.5637623470440808;1912;121;2838
913;wreck;4750;;0.4576842105263158;0.7337158285521431;0.4576842105263158;0.563723583560223;2174;789;2576
296;ice_bear;4750;;0.5290526315789473;0.6026378896882494;0.5290526315789473;0.5634529147982063;2513;1657;2237
81;ptarmigan;4750;;0.4265263157894737;0.8293082275890299;0.4265263157894737;0.5633254553037675;2026;417;2724
161;basset;4750;;0.42673684210526314;0.8276847692935893;0.42673684210526314;0.5631337685789692;2027;422;2723
728;plastic_bag;4750;;0.44505263157894737;0.7662196447988402;0.44505263157894737;0.5630576641363698;2114;645;2636
676;muzzle;4750;;0.4014736842105263;0.941263573543929;0.4014736842105263;0.5628689492325857;1907;119;2843
650;microphone;4750;;0.6082105263157894;0.5237490935460478;0.6082105263157894;0.5628287551139685;2889;2627;1861
209;Chesapeake_Bay_retriever;4750;;0.4690526315789474;0.7032828282828283;0.4690526315789474;0.5627683758524881;2228;940;2522
596;hatchet;4750;;0.4008421052631579;0.9388560157790927;0.4008421052631579;0.5618176453231042;1904;124;2846
881;upright;4750;;0.7290526315789474;0.45686015831134563;0.7290526315789474;0.5617193836171938;3463;4117;1287
419;Band_Aid;4750;;0.5768421052631579;0.5472338725783903;0.5768421052631579;0.5616480475556012;2740;2267;2010
8;hen;4750;;0.4768421052631579;0.6814079422382672;0.4768421052631579;0.5610601932127819;2265;1059;2485
398;abacus;4750;;0.5707368421052632;0.5493414387031408;0.5707368421052632;0.5598347960764067;2711;2224;2039
784;screwdriver;4750;;0.45094736842105265;0.7370956641431521;0.45094736842105265;0.5595611285266459;2142;764;2608
267;standard_poodle;4750;;0.4284210526315789;0.8056215360253365;0.4284210526315789;0.5593732820230897;2035;491;2715
157;papillon;4750;;0.39978947368421053;0.9308823529411765;0.39978947368421053;0.5593519882179676;1899;141;2851
180;American_Staffordshire_terrier;4750;;0.45242105263157895;0.7309523809523809;0.45242105263157895;0.5589076723016905;2149;791;2601
237;miniature_pinscher;4750;;0.49536842105263157;0.6397498640565524;0.49536842105263157;0.5583768391077361;2353;1325;2397
868;tray;4750;;0.41642105263157897;0.8471092077087794;0.41642105263157897;0.5583627381792519;1978;357;2772
748;purse;4750;;0.39221052631578945;0.9672897196261683;0.39221052631578945;0.5581186339125225;1863;63;2887
490;chain_mail;4750;;0.5774736842105264;0.538159701785364;0.5774736842105264;0.5571239971564945;2743;2354;2007
846;table_lamp;4750;;0.40842105263157896;0.8738738738738738;0.40842105263157896;0.5566714490674318;1940;280;2810
633;loupe;4750;;0.4338947368421053;0.7762711864406779;0.4338947368421053;0.5566509115462525;2061;594;2689
662;modem;4750;;0.4128421052631579;0.8529795563288386;0.4128421052631579;0.556390977443609;1961;338;2789
906;Windsor_tie;4750;;0.652;0.48383065146070925;0.652;0.5554658774997758;3097;3304;1653
549;envelope;4750;;0.4010526315789474;0.9028436018957346;0.4010526315789474;0.5553935860058309;1905;205;2845
909;wok;4750;;0.4206315789473684;0.8171779141104294;0.4206315789473684;0.5553856845031271;1998;447;2752
307;weevil;4750;;0.41326315789473683;0.8450279810589755;0.41326315789473683;0.55506857062067;1963;360;2787
769;rule;4750;;0.46778947368421053;0.6799265605875153;0.46778947368421053;0.5542529309054627;2222;1046;2528
502;clog;4750;;0.4010526315789474;0.8956276445698167;0.4010526315789474;0.554020648538607;1905;222;2845
507;combination_lock;4750;;0.4418947368421053;0.7414341222182974;0.4418947368421053;0.5537528030602823;2099;732;2651
716;picket_fence;4750;;0.568;0.5400320256204963;0.568;0.5536630412476913;2698;2298;2052
477;carpenter's_kit;4750;;0.41389473684210526;0.8351741716227697;0.41389473684210526;0.553490990990991;1966;388;2784
213;Irish_setter;4750;;0.42189473684210527;0.8038507821901324;0.42189473684210527;0.5533618666298495;2004;489;2746
224;groenendael;4750;;0.40757894736842104;0.8581560283687943;0.40757894736842104;0.5526691407365115;1936;320;2814
360;otter;4750;;0.4282105263157895;0.7781178270849273;0.4282105263157895;0.552417164584465;2034;580;2716
172;whippet;4750;;0.5357894736842105;0.5698611733094492;0.5357894736842105;0.5523003472222221;2545;1921;2205
185;Norfolk_terrier;4750;;0.43536842105263157;0.7550200803212851;0.43536842105263157;0.552276672452931;2068;671;2682
69;trilobite;4750;;0.43073684210526314;0.7654320987654321;0.43073684210526314;0.5512595985450626;2046;627;2704
352;impala;4750;;0.5547368421052632;0.5474755869520049;0.5547368421052632;0.5510822963505176;2635;2178;2115
359;black-footed_ferret;4750;;0.4296842105263158;0.7649925037481259;0.4296842105263158;0.5502830951739013;2041;627;2709
277;red_fox;4750;;0.5204210526315789;0.5834316733537881;0.5204210526315789;0.5501279626126627;2472;1765;2278
883;vase;4750;;0.48378947368421055;0.6360365347356767;0.48378947368421055;0.5495635537486547;2298;1315;2452
760;refrigerator;4750;;0.40357894736842104;0.8604129263913824;0.40357894736842104;0.5494411006018917;1917;311;2833
725;pitcher;4750;;0.44273684210526315;0.7214408233276158;0.44273684210526315;0.5487279843444227;2103;812;2647
636;mailbag;4750;;0.5010526315789474;0.6055979643765903;0.5010526315789474;0.5483870967741935;2380;1550;2370
978;seashore;4750;;0.4589473684210526;0.6810371758825368;0.4589473684210526;0.5483586970192429;2180;1021;2570
394;sturgeon;4750;;0.39410526315789474;0.9008662175168431;0.39410526315789474;0.5483304042179261;1872;206;2878
244;Tibetan_mastiff;4750;;0.404;0.8479893946089262;0.404;0.5472693569085983;1919;344;2831
455;bottlecap;4750;;0.5661052631578948;0.528498427672956;0.5661052631578948;0.5466558243545436;2689;2399;2061
938;cauliflower;4750;;0.4054736842105263;0.8363004776378636;0.4054736842105263;0.5461505742237346;1926;377;2824
564;four-poster;4750;;0.40968421052631576;0.8183347350714887;0.40968421052631576;0.5460157126823793;1946;432;2804
968;cup;4750;;0.4088421052631579;0.8194092827004219;0.4088421052631579;0.5455056179775282;1942;428;2808
721;pillow;4750;;0.44989473684210524;0.6927066450567261;0.44989473684210524;0.5455009572431397;2137;948;2613
150;sea_lion;4750;;0.38610526315789473;0.9253279515640767;0.38610526315789473;0.5448603683897801;1834;148;2916
232;Border_collie;4750;;0.39452631578947367;0.8798122065727699;0.39452631578947367;0.5447674418604651;1874;256;2876
174;Norwegian_elkhound;4750;;0.4305263157894737;0.7414793328498912;0.4305263157894737;0.5447522642514652;2045;713;2705
344;hippopotamus;4750;;0.40821052631578947;0.8181434599156118;0.40821052631578947;0.5446629213483146;1939;431;2811
435;bathtub;4750;;0.45073684210526316;0.6875401412973667;0.45073684210526316;0.5445066124109867;2141;973;2609
626;lighter;4750;;0.44063157894736843;0.7109375;0.44063157894736843;0.5440603067325188;2093;851;2657
176;Saluki;4750;;0.4922105263157895;0.606957424714434;0.4922105263157895;0.5435945129039758;2338;1514;2412
765;rocking_chair;4750;;0.424;0.7571428571428571;0.424;0.5435897435897435;2014;646;2736
181;Bedlington_terrier;4750;;0.4069473684210526;0.8152678194854491;0.4069473684210526;0.5429012779104059;1933;438;2817
712;Petri_dish;4750;;0.4423157894736842;0.702675585284281;0.4423157894736842;0.5428940568475452;2101;889;2649
754;radio;4750;;0.43242105263157893;0.7265652635302441;0.43242105263157893;0.5421670845981259;2054;773;2696
545;electric_fan;4750;;0.5821052631578948;0.5070603337612324;0.5821052631578948;0.5419974517298835;2765;2688;1985
84;peacock;4750;;0.592;0.4996446339729922;0.592;0.5419155906725766;2812;2816;1938
767;rubber_eraser;4750;;0.49347368421052634;0.6005636689725852;0.49347368421052634;0.5417774182364498;2344;1559;2406
286;cougar;4750;;0.4743157894736842;0.6312692630989073;0.4743157894736842;0.5416516408222143;2253;1316;2497
76;tarantula;4750;;0.38421052631578945;0.9166248116524359;0.38421052631578945;0.5414626909954012;1825;166;2925
214;Gordon_setter;4750;;0.396;0.8553888130968622;0.396;0.5413728594042309;1881;318;2869
526;desk;4750;;0.4256842105263158;0.743109151047409;0.4256842105263158;0.5412929995984473;2022;699;2728
804;soap_dispenser;4750;;0.38926315789473687;0.8851124940162757;0.38926315789473687;0.5407223278257055;1849;240;2901
160;Afghan_hound;4750;;0.37494736842105264;0.9647887323943662;0.37494736842105264;0.5400242571255306;1781;65;2969
198;standard_schnauzer;4750;;0.4086315789473684;0.7958179581795818;0.4086315789473684;0.5399916539157045;1941;498;2809
438;beaker;4750;;0.40378947368421053;0.8147833474936279;0.40378947368421053;0.5399774774774775;1918;436;2832
553;file;4750;;0.43515789473684213;0.7112869924294563;0.43515789473684213;0.5399686520376176;2067;839;2683
331;hare;4750;;0.41768421052631577;0.7630769230769231;0.41768421052631577;0.5398639455782313;1984;616;2766
79;centipede;4750;;0.4033684210526316;0.8132427843803056;0.4033684210526316;0.5392625949901492;1916;440;2834
735;poncho;4750;;0.4711578947368421;0.6302450014080541;0.4711578947368421;0.5392121431152872;2238;1313;2512
479;car_wheel;4750;;0.5983157894736842;0.4904227782571182;0.5983157894736842;0.5390232337600759;2842;2953;1908
476;carousel;4750;;0.639578947368421;0.4656652360515021;0.639578947368421;0.5389391520312222;3038;3486;1712
191;Airedale;4750;;0.42189473684210527;0.7455357142857143;0.42189473684210527;0.5388545307878462;2004;684;2746
230;Shetland_sheepdog;4750;;0.39831578947368423;0.8298245614035088;0.39831578947368423;0.5382645803698435;1892;388;2858
994;stinkhorn;4750;;0.47642105263157897;0.617462482946794;0.47642105263157897;0.5378490790255496;2263;1402;2487
930;French_loaf;4750;;0.42189473684210527;0.7411242603550295;0.42189473684210527;0.5376978803327073;2004;700;2746
341;hog;4750;;0.43536842105263157;0.7022071307300509;0.43536842105263157;0.537491877842755;2068;877;2682
251;dalmatian;4750;;0.6536842105263158;0.45594713656387664;0.6536842105263158;0.53719723183391;3105;3705;1645
840;swab;4750;;0.49473684210526314;0.586181092541781;0.49473684210526314;0.5365909350382464;2350;1659;2400
552;feather_boa;4750;;0.6286315789473684;0.4678784080225635;0.6286315789473684;0.5364714337046352;2986;3396;1764
520;crib;4750;;0.39410526315789474;0.8387096774193549;0.39410526315789474;0.5362360355199083;1872;360;2878
37;box_turtle;4750;;0.4614736842105263;0.6398131932282545;0.4614736842105263;0.5362035225048924;2192;1234;2558
750;quilt;4750;;0.524;0.548237885462555;0.524;0.5358449946178686;2489;2051;2261
257;Great_Pyrenees;4750;;0.38084210526315787;0.9013452914798207;0.38084210526315787;0.5354447239899364;1809;198;2941
316;cicada;4750;;0.4496842105263158;0.6592592592592592;0.4496842105263158;0.534668335419274;2136;1104;2614
583;guillotine;4750;;0.45873684210526317;0.6406939135548368;0.45873684210526317;0.5346583241320084;2179;1222;2571
910;wooden_spoon;4750;;0.39389473684210524;0.8289765175011077;0.39389473684210524;0.5340373911802483;1871;386;2879
935;mashed_potato;4750;;0.4305263157894737;0.7027491408934707;0.4305263157894737;0.5339425587467364;2045;865;2705
591;handkerchief;4750;;0.4574736842105263;0.6408139191978768;0.4574736842105263;0.5338410514678786;2173;1218;2577
508;computer_keyboard;4750;;0.5138947368421053;0.555277525022748;0.5138947368421053;0.5337852613164225;2441;1955;2309
305;dung_beetle;4750;;0.4088421052631579;0.7678924476077501;0.4088421052631579;0.5335897788157714;1942;587;2808
48;Komodo_dragon;4750;;0.424;0.7182596291012838;0.424;0.5332274291765952;2014;790;2736
361;skunk;4750;;0.38505263157894737;0.8655939422621864;0.38505263157894737;0.533003059886347;1829;284;2921
987;corn;4750;;0.41010526315789475;0.7597503900156006;0.41010526315789475;0.5326770576975663;1948;616;2802
797;sleeping_bag;4750;;0.44084210526315787;0.6717998075072185;0.44084210526315787;0.5323503241388077;2094;1023;2656
322;ringlet;4750;;0.3646315789473684;0.9824163357912649;0.3646315789473684;0.5318593582066636;1732;31;3018
427;barrel;4750;;0.5892631578947368;0.48450752985978884;0.5892631578947368;0.5317754345967513;2799;2978;1951
749;quill;4750;;0.42505263157894735;0.7071803852889668;0.42505263157894735;0.530966469428008;2019;836;2731
39;common_iguana;4750;;0.3991578947368421;0.7923109068115336;0.3991578947368421;0.5308693826123478;1896;497;2854
500;cliff_dwelling;4750;;0.5214736842105263;0.5398866608544028;0.5214736842105263;0.530520454058685;2477;2111;2273
811;space_heater;4750;;0.3856842105263158;0.8465804066543438;0.3856842105263158;0.529939253688169;1832;332;2918
222;kuvasz;4750;;0.47978947368421054;0.5916407061266874;0.47978947368421054;0.5298767728435247;2279;1573;2471
512;corkscrew;4750;;0.4648421052631579;0.6158995815899582;0.4648421052631579;0.5298140371925615;2208;1377;2542
923;plate;4750;;0.3776842105263158;0.8781204111600588;0.3776842105263158;0.5281907846312381;1794;249;2956
299;meerkat;4750;;0.5551578947368421;0.5032442748091603;0.5551578947368421;0.527927927927928;2637;2603;2113
276;hyena;4750;;0.4551578947368421;0.6277584204413472;0.4551578947368421;0.5277031974615572;2162;1282;2588
134;crane;4750;;0.3888421052631579;0.8205242114615726;0.3888421052631579;0.5276389087273247;1847;404;2903
240;Appenzeller;4750;;0.46421052631578946;0.6104651162790697;0.46421052631578946;0.5273857928725186;2205;1407;2545
320;damselfly;4750;;0.3741052631578947;0.8916206723532363;0.3741052631578947;0.5270651045528696;1777;216;2973
290;jaguar;4750;;0.4216842105263158;0.7013305322128851;0.4216842105263158;0.5266894556928741;2003;853;2747
858;tile_roof;4750;;0.6111578947368421;0.4618199172764874;0.6111578947368421;0.5260964117433853;2903;3383;1847
274;dhole;4750;;0.43494736842105264;0.6645223544548087;0.43494736842105264;0.5257666369767146;2066;1043;2684
82;ruffed_grouse;4750;;0.5654736842105264;0.49032493610806865;0.5654736842105264;0.5252248728979273;2686;2792;2064
166;Walker_hound;4750;;0.42926315789473685;0.6756129887342611;0.42926315789473685;0.5249742533470648;2039;979;2711
65;sea_snake;4750;;0.4008421052631579;0.7582636399840701;0.4008421052631579;0.5244456686406831;1904;607;2846
269;timber_wolf;4750;;0.4745263157894737;0.5859110995580972;0.4745263157894737;0.5243689659183436;2254;1593;2496
971;bubble;4750;;0.588421052631579;0.4722081432674438;0.588421052631579;0.52394788639985;2795;3124;1955
666;mortar;4750;;0.4534736842105263;0.6182548794489093;0.4534736842105263;0.5231965023075056;2154;1330;2596
342;wild_boar;4750;;0.44126315789473686;0.6421568627450981;0.44126315789473686;0.5230846019465935;2096;1168;2654
197;giant_schnauzer;4750;;0.4185263157894737;0.697054698457223;0.4185263157894737;0.5230202578268877;1988;864;2762
186;Norwich_terrier;4750;;0.472;0.5847678664580073;0.472;0.5223671947809878;2242;1592;2508
334;porcupine;4750;;0.3738947368421053;0.8650754992693619;0.3738947368421053;0.522122592973688;1776;277;2974
786;sewing_machine;4750;;0.37957894736842107;0.829728485964105;0.37957894736842107;0.5208724541383793;1803;370;2947
658;mitten;4750;;0.4189473684210526;0.6847900894700619;0.4189473684210526;0.5198537095088819;1990;916;2760
988;acorn;4750;;0.3814736842105263;0.8154815481548154;0.3814736842105263;0.5197934595524957;1812;410;2938
443;bib;4750;;0.5442105263157895;0.49445294567712317;0.5442105263157895;0.5181399077971537;2585;2643;2165
891;waffle_iron;4750;;0.35536842105263156;0.9525959367945824;0.35536842105263156;0.5176326280282122;1688;84;3062
777;scabbard;4750;;0.5107368421052632;0.5245405405405406;0.5107368421052632;0.5175466666666666;2426;2199;2324
385;Indian_elephant;4750;;0.564;0.4777956126270733;0.564;0.5173312735348073;2679;2928;2071
117;chambered_nautilus;4750;;0.45642105263157895;0.5969162995594713;0.45642105263157895;0.5172989739918874;2168;1464;2582
505;coffeepot;4750;;0.4107368421052632;0.6962883654532477;0.4107368421052632;0.5166843220338982;1951;851;2799
997;bolete;4750;;0.4208421052631579;0.668561872909699;0.4208421052631579;0.5165374677002584;1999;991;2751
827;stove;4750;;0.456;0.5944017563117453;0.456;0.5160829163688349;2166;1478;2584
256;Newfoundland;4750;;0.43094736842105263;0.6414916953932936;0.43094736842105263;0.5155521974562397;2047;1144;2703
835;sundial;4750;;0.37494736842105264;0.821873557914167;0.37494736842105264;0.5149631343067804;1781;386;2969
151;Chihuahua;4750;;0.4768421052631579;0.5596738324684952;0.4768421052631579;0.5149482778219848;2265;1782;2485
597;holster;4750;;0.3682105263157895;0.8544211040547142;0.3682105263157895;0.5146388112402531;1749;298;3001
899;water_jug;4750;;0.38421052631578945;0.7782515991471215;0.38421052631578945;0.514446793516561;1825;520;2925
651;microwave;4750;;0.4086315789473684;0.6902560455192034;0.4086315789473684;0.5133562549590056;1941;871;2809
275;African_hunting_dog;4750;;0.592421052631579;0.45284840682330224;0.592421052631579;0.5133163079168187;2814;3400;1936
121;king_crab;4750;;0.356;0.919521479064709;0.356;0.5132797086052511;1691;148;3059
972;cliff;4750;;0.5242105263157895;0.5026241421073879;0.5242105263157895;0.5131904369332234;2490;2464;2260
215;Brittany_spaniel;4750;;0.34926315789473683;0.9561959654178674;0.34926315789473683;0.5116422513492676;1659;76;3091
853;thatch;4750;;0.5665263157894737;0.4653294137990662;0.5665263157894737;0.5109655368840785;2691;3092;2059
536;dock;4750;;0.35642105263157897;0.9014909478168264;0.35642105263157897;0.5108630054315028;1693;185;3057
41;whiptail;4750;;0.35978947368421055;0.880473982483256;0.35978947368421055;0.5108354506052907;1709;232;3041
499;cleaver;4750;;0.3648421052631579;0.84619140625;0.3648421052631579;0.5098558399529274;1733;315;3017
567;frying_pan;4750;;0.4557894736842105;0.5784130376703179;0.4557894736842105;0.5098316260449782;2165;1578;2585
165;black-and-tan_coonhound;4750;;0.5117894736842106;0.5063528431576755;0.5117894736842106;0.5090566432834258;2431;2370;2319
318;lacewing;4750;;0.36905263157894735;0.8145910780669146;0.36905263157894735;0.5079687047232686;1753;399;2997
482;cassette_player;4750;;0.4006315789473684;0.6935131195335277;0.4006315789473684;0.5078729650386976;1903;841;2847
182;Border_terrier;4750;;0.3701052631578947;0.8090197883110907;0.3701052631578947;0.5078723096923299;1758;415;2992
944;artichoke;4750;;0.36;0.8610271903323263;0.36;0.5077197149643706;1710;276;3040
118;Dungeness_crab;4750;;0.4162105263157895;0.6499013806706114;0.4162105263157895;0.5074435318275154;1977;1065;2773
262;Brabancon_griffon;4750;;0.4067368421052632;0.6743455497382199;0.4067368421052632;0.50741956664478;1932;933;2818
876;tub;4750;;0.3970526315789474;0.702682563338301;0.3970526315789474;0.5073984396018294;1886;798;2864
461;breastplate;4750;;0.46673684210526317;0.55425;0.46673684210526317;0.5067428571428572;2217;1783;2533
418;ballpoint;4750;;0.4288421052631579;0.6170857315964859;0.4288421052631579;0.5060240963855422;2037;1264;2713
188;wire-haired_fox_terrier;4750;;0.3463157894736842;0.9383913291500285;0.3463157894736842;0.5059203444564048;1645;108;3105
544;Dutch_oven;4750;;0.49136842105263157;0.5213312486039758;0.49136842105263157;0.5059065785195621;2334;2143;2416
384;indri;4750;;0.44084210526315787;0.5896930442128978;0.44084210526315787;0.5045175280086737;2094;1457;2656
372;baboon;4750;;0.37136842105263157;0.7843485993775011;0.37136842105263157;0.5040720102871837;1764;485;2986
772;safety_pin;4750;;0.3433684210526316;0.9449594438006953;0.3433684210526316;0.5037059913526869;1631;95;3119
473;can_opener;4750;;0.4244210526315789;0.617457886676876;0.4244210526315789;0.503056768558952;2016;1249;2734
778;scale;4750;;0.3456842105263158;0.9224719101123595;0.3456842105263158;0.5029096477794793;1642;138;3108
524;cuirass;4750;;0.3509473684210526;0.8862307283359915;0.3509473684210526;0.50278992610466;1667;214;3083
599;honeycomb;4750;;0.47536842105263155;0.5331759149940968;0.47536842105263155;0.502615470228158;2258;1977;2492
302;ground_beetle;4750;;0.5736842105263158;0.4468678255165628;0.5736842105263158;0.5023967551622419;2725;3373;2025
382;squirrel_monkey;4750;;0.4593684210526316;0.553105196451204;0.4593684210526316;0.5018976423231742;2182;1763;2568
664;monitor;4750;;0.36336842105263156;0.8091889357712142;0.36336842105263156;0.5015254976027894;1726;407;3024
527;desktop_computer;4750;;0.536;0.47078402366863903;0.536;0.5012797794841504;2546;2862;2204
464;buckle;4750;;0.40610526315789475;0.654563963352562;0.40610526315789475;0.5012342471092633;1929;1018;2821
618;ladle;4750;;0.35726315789473684;0.8376110562685094;0.35726315789473684;0.5008854781582055;1697;329;3053
167;English_foxhound;4750;;0.436;0.5883522727272728;0.436;0.5008464328899638;2071;1449;2679
248;Eskimo_dog;4750;;0.56;0.4528430371127;0.56;0.5007530120481928;2660;3214;2090
713;photocopier;4750;;0.47410526315789475;0.5305064782096585;0.47410526315789475;0.5007226236798221;2252;1993;2498
912;worm_fence;4750;;0.5023157894736842;0.49905877431499684;0.5023157894736842;0.5006819851012485;2386;2395;2364
379;howler_monkey;4750;;0.45263157894736844;0.5568505568505568;0.45263157894736844;0.49936128208105907;2150;1711;2600
199;Scotch_terrier;4750;;0.35747368421052633;0.8226744186046512;0.35747368421052633;0.49838567654828303;1698;366;3052
653;milk_can;4750;;0.4357894736842105;0.5814606741573034;0.4357894736842105;0.49819494584837537;2070;1490;2680
798;slide_rule;4750;;0.3452631578947368;0.8879263670817542;0.3452631578947368;0.4971956950128846;1640;207;3110
485;CD_player;4750;;0.4130526315789474;0.6226594731831164;0.4130526315789474;0.49664599417795213;1962;1189;2788
70;harvestman;4750;;0.3701052631578947;0.7506404782237404;0.3701052631578947;0.49576988155668356;1758;584;2992
495;china_cabinet;4750;;0.3671578947368421;0.7625710537822474;0.3671578947368421;0.49566576666192985;1744;543;3006
733;pole;4750;;0.5330526315789473;0.4628884826325411;0.5330526315789473;0.4954990215264188;2532;2938;2218
353;gazelle;4750;;0.47747368421052633;0.5144023588115219;0.47747368421052633;0.495250573206682;2268;2141;2482
879;umbrella;4750;;0.6048421052631578;0.41923245294031813;0.6048421052631578;0.49521675428768414;2873;3980;1877
50;American_alligator;4750;;0.38063157894736843;0.7070786077434493;0.38063157894736843;0.4948679348569864;1808;749;2942
877;turnstile;4750;;0.4589473684210526;0.5365493477725818;0.4589473684210526;0.49472370361965273;2180;1883;2570
250;Siberian_husky;4750;;0.36757894736842106;0.7558441558441559;0.36757894736842106;0.4946175637393767;1746;564;3004
343;warthog;4750;;0.4130526315789474;0.6162060301507538;0.4130526315789474;0.49458028737080917;1962;1222;2788
252;affenpinscher;4750;;0.5343157894736842;0.45994925697716565;0.5343157894736842;0.49435138293728087;2538;2980;2212
794;shower_curtain;4750;;0.3970526315789474;0.6537261698440208;0.3970526315789474;0.4940406024885396;1886;999;2864
488;chain;4750;;0.4477894736842105;0.5460847240051347;0.4477894736842105;0.4920763447079236;2127;1768;2623
647;measuring_cup;4750;;0.3294736842105263;0.9672435105067985;0.3294736842105263;0.49152010050251255;1565;53;3185
154;Pekinese;4750;;0.34210526315789475;0.871313672922252;0.34210526315789475;0.491307634164777;1625;240;3125
884;vault;4750;;0.5282105263157895;0.458516081871345;0.5282105263157895;0.4909019761299159;2509;2963;2241
700;paper_towel;4750;;0.3745263157894737;0.7110311750599521;0.3745263157894737;0.49062327633756214;1779;723;2971
64;green_mamba;4750;;0.47178947368421054;0.5078178110129163;0.47178947368421054;0.48914111098985047;2241;2172;2509
519;crate;4750;;0.5202105263157895;0.46109348759096846;0.5202105263157895;0.4888713027994856;2471;2888;2279
431;bassinet;4750;;0.47157894736842104;0.5063291139240507;0.47157894736842104;0.48833660344451707;2240;2184;2510
677;nail;4750;;0.45831578947368423;0.5225636101776284;0.45831578947368423;0.48833557649170034;2177;1989;2573
587;hammer;4750;;0.37642105263157893;0.6924864446165763;0.37642105263157893;0.48772504091653024;1788;794;2962
280;grey_fox;4750;;0.42189473684210527;0.5728987993138936;0.42189473684210527;0.48593598448108627;2004;1494;2746
190;Sealyham_terrier;4750;;0.4362105263157895;0.5467018469656992;0.4362105263157895;0.4852459016393443;2072;1718;2678
249;malamute;4750;;0.35726315789473684;0.7555654496883348;0.35726315789473684;0.485134362492853;1697;549;3053
196;miniature_schnauzer;4750;;0.36947368421052634;0.7022809123649459;0.36947368421052634;0.48420471789212316;1755;744;2995
219;cocker_spaniel;4750;;0.33789473684210525;0.8523632501327668;0.33789473684210525;0.4839439167797377;1605;278;3145
187;Yorkshire_terrier;4750;;0.3429473684210526;0.8210685483870968;0.3429473684210526;0.48381348381348377;1629;355;3121
40;American_chameleon;4750;;0.45410526315789473;0.5176385889128869;0.45410526315789473;0.48379499831781986;2157;2010;2593
77;wolf_spider;4750;;0.45642105263157895;0.5138658449869637;0.45642105263157895;0.48344297023079497;2168;2051;2582
623;letter_opener;4750;;0.3425263157894737;0.8192346424974823;0.3425263157894737;0.4830760095011876;1627;359;3123
579;grand_piano;4750;;0.32442105263157894;0.9425076452599388;0.32442105263157894;0.4826938136256852;1541;94;3209
149;dugong;4750;;0.44905263157894737;0.5211336428047887;0.44905263157894737;0.48241546986316863;2133;1960;2617
53;ringneck_snake;4750;;0.4168421052631579;0.5714285714285714;0.4168421052631579;0.48204503956177724;1980;1485;2770
163;bloodhound;4750;;0.3545263157894737;0.7521214828048236;0.3545263157894737;0.48190012877378735;1684;555;3066
184;Irish_terrier;4750;;0.3717894736842105;0.6818532818532819;0.3717894736842105;0.48119891008174387;1766;824;2984
726;plane;4750;;0.42210526315789476;0.5594308035714286;0.42210526315789476;0.48116150707943367;2005;1579;2745
393;anemone_fish;4750;;0.3989473684210526;0.6054313099041534;0.3989473684210526;0.4809644670050761;1895;1235;2855
263;Pembroke;4750;;0.604;0.3988045593550181;0.604;0.48040857334226383;2869;4325;1881
377;marmoset;4750;;0.3425263157894737;0.7995085995085995;0.3425263157894737;0.479587324981577;1627;408;3123
246;Great_Dane;4750;;0.32505263157894737;0.9136094674556213;0.32505263157894737;0.47950310559006215;1544;146;3206
212;English_setter;4750;;0.3425263157894737;0.7948216902784563;0.3425263157894737;0.4787406208621451;1627;420;3123
114;slug;4750;;0.3663157894736842;0.689928628072958;0.3663157894736842;0.47854785478547857;1740;782;3010
304;leaf_beetle;4750;;0.33431578947368423;0.8411016949152542;0.33431578947368423;0.47845736667670985;1588;300;3162
619;lampshade;4750;;0.5023157894736842;0.45586549484142147;0.5023157894736842;0.47796474358974356;2386;2848;2364
942;butternut_squash;4750;;0.3562105263157895;0.72400513478819;0.3562105263157895;0.4774940031042754;1692;645;3058
170;Irish_wolfhound;4750;;0.3197894736842105;0.9411400247831475;0.3197894736842105;0.4773727215587681;1519;95;3231
57;garter_snake;4750;;0.3408421052631579;0.7932386085252328;0.3408421052631579;0.4768075393903697;1619;422;3131
164;bluetick;4750;;0.327578947368421;0.8731762065095399;0.327578947368421;0.47642375995101044;1556;226;3194
337;beaver;4750;;0.3351578947368421;0.8231644260599793;0.3351578947368421;0.476361460203471;1592;342;3158
311;grasshopper;4750;;0.35578947368421054;0.7200681721346399;0.35578947368421054;0.4762575736226575;1690;657;3060
192;cairn;4750;;0.34042105263157896;0.7907090464547677;0.34042105263157896;0.4759381898454746;1617;428;3133
29;axolotl;4750;;0.412;0.5630034522439585;0.412;0.4758084123510819;1957;1519;2793
173;Ibizan_hound;4750;;0.31852631578947366;0.9362623762376238;0.31852631578947366;0.4753377316996544;1513;103;3237
539;doormat;4750;;0.47242105263157896;0.478057094162761;0.47242105263157896;0.47522236340533675;2244;2450;2506
42;agama;4750;;0.36273684210526314;0.6834589448631495;0.36273684210526314;0.47393756017054045;1723;798;3027
373;macaque;4750;;0.3505263157894737;0.7293035479632063;0.3505263157894737;0.4734821555523958;1665;618;3085
155;Shih-Tzu;4750;;0.32694736842105265;0.8556473829201102;0.32694736842105265;0.4731150038080731;1553;262;3197
281;tabby;4750;;0.6183157894736843;0.38128002077112816;0.6183157894736843;0.4716935678149844;2937;4766;1813
101;tusker;4750;;0.3511578947368421;0.7171109200343938;0.3511578947368421;0.4714527981910684;1668;658;3082
110;flatworm;4750;;0.36;0.6801909307875895;0.36;0.4708149779735682;1710;804;3040
52;thunder_snake;4750;;0.35410526315789476;0.7020033388981636;0.35410526315789476;0.4707528687377554;1682;714;3068
782;screen;4750;;0.3193684210526316;0.8871345029239766;0.3193684210526316;0.46965944272445825;1517;193;3233
120;fiddler_crab;4750;;0.3703157894736842;0.638243831640058;0.3703157894736842;0.4686917132960299;1759;997;2991
319;dragonfly;4750;;0.4126315789473684;0.5420353982300885;0.4126315789473684;0.46856323213005013;1960;1656;2790
550;espresso_maker;4750;;0.43557894736842107;0.5042651718254936;0.43557894736842107;0.467412176663278;2069;2034;2681
996;hen-of-the-woods;4750;;0.39073684210526316;0.5796377264209869;0.39073684210526316;0.46680080482897385;1856;1346;2894
49;African_crocodile;4750;;0.3507368421052632;0.6944560233430596;0.3507368421052632;0.4660791719121556;1666;733;3084
223;schipperke;4750;;0.5471578947368421;0.4056500702356797;0.5471578947368421;0.4658958501389262;2599;3808;2151
21;kite;4750;;0.7145263157894737;0.34484860800650274;0.7145263157894737;0.46518640350877194;3394;6448;1356
56;king_snake;4750;;0.32589473684210524;0.8104712041884817;0.32589473684210524;0.4648648648648649;1548;362;3202
669;mosquito_net;4750;;0.3332631578947368;0.767329132331556;0.3332631578947368;0.4646998385439601;1583;480;3167
941;acorn_squash;4750;;0.3741052631578947;0.6110729023383769;0.3741052631578947;0.464089840689475;1777;1131;2973
202;soft-coated_wheaten_terrier;4750;;0.33621052631578946;0.743828598043782;0.33621052631578946;0.463099898506597;1597;550;3153
78;tick;4750;;0.6018947368421053;0.375541836332589;0.6018947368421053;0.46250909973307447;2859;4754;1891
357;mink;4750;;0.33389473684210524;0.7491733585262164;0.33389473684210524;0.4619193243046454;1586;531;3164
303;long-horned_beetle;4750;;0.3193684210526316;0.8316885964912281;0.3193684210526316;0.46151505932461206;1517;307;3233
4;hammerhead;4750;;0.5393684210526316;0.40081351689612016;0.5393684210526316;0.4598815293484115;2562;3830;2188
606;iron;4750;;0.43136842105263157;0.49231138875540603;0.43136842105263157;0.4598294434470377;2049;2113;2701
848;tape_player;4750;;0.3191578947368421;0.8163704900376952;0.3191578947368421;0.4589072196155592;1516;341;3234
799;sliding_door;4750;;0.33557894736842103;0.7232304900181489;0.33557894736842103;0.4584411849295369;1594;610;3156
516;cradle;4750;;0.3181052631578947;0.8185265438786565;0.3181052631578947;0.4581564584596725;1511;335;3239
753;radiator;4750;;0.3816842105263158;0.5676268002504696;0.3816842105263158;0.4564451158106747;1813;1381;2937
395;gar;4750;;0.38505263157894737;0.5601837672281776;0.38505263157894737;0.456394260761073;1829;1436;2921
581;grille;4750;;0.584421052631579;0.37422485845241305;0.584421052631579;0.45627876397107164;2776;4642;1974
950;orange;4750;;0.612421052631579;0.36204107031736155;0.612421052631579;0.4550645287446226;2909;5126;1841
893;wallet;4750;;0.3985263157894737;0.5292144254962259;0.3985263157894737;0.45466554581481927;1893;1684;2857
201;silky_terrier;4750;;0.4216842105263158;0.49177510434569116;0.4216842105263158;0.45404057576787943;2003;2070;2747
696;paintbrush;4750;;0.39410526315789474;0.5319693094629157;0.39410526315789474;0.4527754262909663;1872;1647;2878
657;missile;4750;;0.4143157894736842;0.49848024316109424;0.4143157894736842;0.45251782018854914;1968;1980;2782
648;medicine_chest;4750;;0.35957894736842105;0.6063187788427405;0.35957894736842105;0.4514338575393154;1708;1109;3042
6;stingray;4750;;0.3162105263157895;0.7876245411641322;0.3162105263157895;0.4512543187622052;1502;405;3248
396;lionfish;4750;;0.48694736842105263;0.418794133623031;0.48694736842105263;0.450306629027548;2313;3210;2437
106;wombat;4750;;0.30694736842105264;0.8379310344827586;0.30694736842105264;0.44930662557781204;1458;282;3292
36;terrapin;4750;;0.38905263157894737;0.5314926660914582;0.38905263157894737;0.4492524614075605;1848;1629;2902
534;dishwasher;4750;;0.3602105263157895;0.5959595959595959;0.3602105263157895;0.4490224380002624;1711;1160;3039
175;otterhound;4750;;0.4317894736842105;0.4656072644721907;0.4317894736842105;0.4480611687602403;2051;2354;2699
356;weasel;4750;;0.32610526315789473;0.7151431209602955;0.32610526315789473;0.4479467900520532;1549;617;3201
208;Labrador_retriever;4750;;0.5713684210526315;0.368;0.5713684210526315;0.44767010309278343;2714;4661;2036
961;dough;4750;;0.3223157894736842;0.7318355640535373;0.3223157894736842;0.44752996199941536;1531;561;3219
533;dishrag;4750;;0.3661052631578947;0.5754467240238252;0.3661052631578947;0.44750386001029335;1739;1283;3011
328;sea_urchin;4750;;0.4069473684210526;0.4960225814729279;0.4069473684210526;0.4470914768127674;1933;1964;2817
310;ant;4750;;0.39557894736842103;0.51268758526603;0.39557894736842103;0.4465834818775995;1879;1786;2871
694;paddlewheel;4750;;0.5387368421052632;0.3808602470605745;0.5387368421052632;0.4462464033481559;2559;4160;2191
159;Rhodesian_ridgeback;4750;;0.5631578947368421;0.36830510808205974;0.5631578947368421;0.44535086989095146;2675;4588;2075
492;chest;4750;;0.4012631578947368;0.49791013584117033;0.4012631578947368;0.44439263231522497;1906;1922;2844
911;wool;4750;;0.3888421052631579;0.5164988814317674;0.3888421052631579;0.44367042997838096;1847;1729;2903
233;Bouvier_des_Flandres;4750;;0.33473684210526317;0.6575682382133995;0.33473684210526317;0.4436383928571429;1590;828;3160
729;plate_rack;4750;;0.32842105263157895;0.683311432325887;0.32842105263157895;0.44362292051756;1560;723;3190
168;redbone;4750;;0.39978947368421053;0.49764150943396224;0.39978947368421053;0.4433808078449684;1899;1917;2851
568;fur_coat;4750;;0.6126315789473684;0.34507292778370685;0.6126315789473684;0.44147766062353033;2910;5523;1840
315;mantis;4750;;0.36547368421052634;0.5567671584348942;0.36547368421052634;0.4412811387900356;1736;1382;3014
329;sea_cucumber;4750;;0.3088421052631579;0.7684651650078576;0.3088421052631579;0.44060669770235766;1467;442;3283
313;walking_stick;4750;;0.42357894736842105;0.458001365809242;0.42357894736842105;0.44011812315432575;2012;2381;2738
641;maraca;4750;;0.6661052631578948;0.328386092371562;0.6661052631578948;0.43990267639902675;3164;6471;1586
370;guenon;4750;;0.33157894736842103;0.6529850746268657;0.33157894736842103;0.43982127897235407;1575;837;3175
506;coil;4750;;0.5406315789473685;0.3670668953687822;0.5406315789473685;0.4372552358249617;2568;4428;2182
813;spatula;4750;;0.46;0.4151624548736462;0.46;0.4364326375711575;2185;3078;2565
112;conch;4750;;0.35768421052631577;0.5596179183135704;0.35768421052631577;0.4364243513999486;1699;1337;3051
278;kit_fox;4750;;0.2905263157894737;0.8761904761904762;0.2905263157894737;0.4363636363636363;1380;195;3370
397;puffer;4750;;0.33242105263157895;0.6336276083467095;0.33242105263157895;0.43606738470035905;1579;913;3171
194;Dandie_Dinmont;4750;;0.3888421052631579;0.4913540835328545;0.3888421052631579;0.4341285697496768;1847;1912;2903
33;loggerhead;4750;;0.4202105263157895;0.4488419158983584;0.4202105263157895;0.434054583016201;1996;2451;2754
475;car_mirror;4750;;0.7010526315789474;0.3128523111612176;0.7010526315789474;0.43263609198388986;3330;7314;1420
312;cricket;4750;;0.3254736842105263;0.6396359122879602;0.3254736842105263;0.43142179433514716;1546;871;3204
815;spider_web;4750;;0.35136842105263155;0.5546693253572615;0.35136842105263155;0.4302100786183786;1669;1340;3081
298;mongoose;4750;;0.3463157894736842;0.5629705681040383;0.3463157894736842;0.4288321167883211;1645;1277;3105
200;Tibetan_terrier;4750;;0.3705263157894737;0.5083766608896592;0.3705263157894737;0.4286410131514857;1760;1702;2990
45;Gila_monster;4750;;0.3290526315789474;0.6055792328554823;0.3290526315789474;0.426408402673578;1563;1018;3187
226;briard;4750;;0.2983157894736842;0.7442226890756303;0.2983157894736842;0.4259092275323114;1417;487;3333
34;leatherback_turtle;4750;;0.28042105263157896;0.8809523809523809;0.28042105263157896;0.4254231874800384;1332;180;3418
710;pencil_sharpener;4750;;0.4206315789473684;0.42921589688506984;0.4206315789473684;0.4248803827751196;1998;2657;2752
153;Maltese_dog;4750;;0.48947368421052634;0.3721190781049936;0.48947368421052634;0.4228041462084015;2325;3923;2425
368;gibbon;4750;;0.4071578947368421;0.43924596865773335;0.4071578947368421;0.42259368513055834;1934;2469;2816
390;eel;4750;;0.27810526315789474;0.8742554599602912;0.27810526315789474;0.42197731991694615;1321;190;3429
681;notebook;4750;;0.33389473684210524;0.5688665710186513;0.33389473684210524;0.42080127354736;1586;1202;3164
3;tiger_shark;4750;;0.30189473684210527;0.6924191211974892;0.30189473684210527;0.4204662073009823;1434;637;3316
266;miniature_poodle;4750;;0.3294736842105263;0.579415031469826;0.3294736842105263;0.420077841900416;1565;1136;3185
44;alligator_lizard;4750;;0.29894736842105263;0.6995073891625616;0.29894736842105263;0.41887905604719766;1420;610;3330
773;saltshaker;4750;;0.5244210526315789;0.348196812971764;0.5244210526315789;0.4185147849462365;2491;4663;2259
844;switch;4750;;0.4991578947368421;0.35913359588003635;0.4991578947368421;0.41772374911909793;2371;4231;2379
38;banded_gecko;4750;;0.35326315789473683;0.5089475280558083;0.35326315789473683;0.4170498322356158;1678;1619;3072
314;cockroach;4750;;0.46378947368421053;0.37800274536719286;0.46378947368421053;0.41652486292304786;2203;3625;2547
125;hermit_crab;4750;;0.29894736842105263;0.6863218946350894;0.29894736842105263;0.41648335533069364;1420;649;3330
119;rock_crab;4750;;0.3042105263157895;0.659516202647193;0.3042105263157895;0.41636651779282524;1445;746;3305
43;frilled_lizard;4750;;0.3454736842105263;0.5214489990467112;0.3454736842105263;0.4156008610864885;1641;1506;3109
285;Egyptian_cat;4750;;0.37642105263157893;0.462972553081305;0.37642105263157893;0.4152345564328843;1788;2074;2962
272;coyote;4750;;0.3021052631578947;0.6612903225806451;0.3021052631578947;0.41473988439306353;1435;735;3315
238;Greater_Swiss_Mountain_dog;4750;;0.27389473684210525;0.8197857592942659;0.27389473684210525;0.4106043869338804;1301;286;3449
55;green_snake;4750;;0.2789473684210526;0.7645701096364685;0.2789473684210526;0.4087613759062162;1325;408;3425
973;coral_reef;4750;;0.4334736842105263;0.38666666666666666;0.4334736842105263;0.40873449131513645;2059;3266;2691
644;matchstick;4750;;0.5507368421052632;0.3231624459542928;0.5507368421052632;0.40731802257687816;2616;5479;2134
26;common_newt;4750;;0.424;0.3873821888824774;0.424;0.404864810533722;2014;3185;2736
503;cocktail_shaker;4750;;0.5223157894736842;0.3303595206391478;0.5223157894736842;0.4047308319738989;2481;5029;2269
183;Kerry_blue_terrier;4750;;0.5221052631578947;0.3263587314120279;0.5221052631578947;0.4016519556239372;2480;5119;2270
229;Old_English_sheepdog;4750;;0.4069473684210526;0.392726533929297;0.4069473684210526;0.3997105045492142;1933;2989;2817
378;capuchin;4750;;0.2576842105263158;0.8856729377713459;0.2576842105263158;0.3992172211350294;1224;158;3526
493;chiffonier;4750;;0.2846315789473684;0.6585484656600098;0.2846315789473684;0.39747170366014994;1352;701;3398
46;green_lizard;4750;;0.2789473684210526;0.6705465587044535;0.2789473684210526;0.39399345822182574;1325;651;3425
203;West_Highland_white_terrier;4750;;0.6370526315789473;0.28501459922765376;0.6370526315789473;0.39383093642220335;3026;7591;1724
504;coffee_mug;4750;;0.5684210526315789;0.3005677390626739;0.5684210526315789;0.3932134275103764;2700;6283;2050
107;jellyfish;4750;;0.39473684210526316;0.38811840198716624;0.39473684210526316;0.3913996451309884;1875;2956;2875
371;patas;4750;;0.31326315789473685;0.504406779661017;0.31326315789473685;0.3864935064935065;1488;1462;3262
742;printer;4750;;0.24421052631578946;0.9257781324820431;0.24421052631578946;0.3864734299516908;1160;93;3590
999;toilet_tissue;4750;;0.33052631578947367;0.4629902683574167;0.33052631578947367;0.3857020022110306;1570;1821;3180
947;mushroom;4750;;0.26;0.7457729468599034;0.26;0.3855760224789261;1235;421;3515
818;spotlight;4750;;0.4511578947368421;0.33599874568830357;0.4511578947368421;0.3851545650611071;2143;4235;2607
810;space_bar;4750;;0.4008421052631579;0.36749662227369234;0.4008421052631579;0.3834457758533884;1904;3277;2846
59;vine_snake;4750;;0.3456842105263158;0.4249482401656315;0.3456842105263158;0.3812398421174832;1642;2222;3108
35;mud_turtle;4750;;0.2545263157894737;0.7354014598540146;0.2545263157894737;0.3781670315921177;1209;435;3541
63;Indian_cobra;4750;;0.5061052631578947;0.30091375641507073;0.5061052631578947;0.3774236596279143;2404;5585;2346
189;Lakeland_terrier;4750;;0.41936842105263156;0.3386027536970933;0.41936842105263156;0.37468259193078146;1992;3891;2758
859;toaster;4750;;0.4614736842105263;0.31480683613385035;0.4614736842105263;0.374284982498079;2192;4771;2558
115;sea_slug;4750;;0.2749473684210526;0.5830357142857143;0.2749473684210526;0.3736766809728183;1306;934;3444
358;polecat;4750;;0.4216842105263158;0.33444648522290865;0.4216842105263158;0.37303287084458514;2003;3986;2747
123;spiny_lobster;4750;;0.23978947368421052;0.8106761565836299;0.23978947368421052;0.37010560519902524;1139;266;3611
380;titi;4750;;0.23094736842105262;0.9296610169491526;0.23094736842105262;0.3699831365935919;1097;83;3653
193;Australian_terrier;4750;;0.4130526315789474;0.33024743309207205;0.4130526315789474;0.3670376952576934;1962;3979;2788
73;barn_spider;4750;;0.3467368421052632;0.3875294117647059;0.3467368421052632;0.36600000000000005;1647;2603;3103
74;garden_spider;4750;;0.26589473684210524;0.5782967032967034;0.26589473684210524;0.3642918950100952;1263;921;3487
839;suspension_bridge;4750;;0.5341052631578947;0.26857929282235865;0.5341052631578947;0.3574246266553959;2537;6909;2213
61;boa_constrictor;4750;;0.3623157894736842;0.3517269568771715;0.3623157894736842;0.35694286010577625;1721;3172;3029
364;three-toed_sloth;4750;;0.5263157894736842;0.26652452025586354;0.5263157894736842;0.35385704175513094;2500;6880;2250
54;hognose_snake;4750;;0.24189473684210527;0.6576989124212936;0.24189473684210527;0.3537017084808373;1149;598;3601
32;tailed_frog;4750;;0.224;0.8012048192771084;0.224;0.35011516946363935;1064;264;3686
894;wardrobe;4750;;0.4692631578947368;0.2659904534606205;0.4692631578947368;0.33952779893373947;2229;6151;2521
124;crayfish;4750;;0.2503157894736842;0.5261061946902655;0.2503157894736842;0.33922967189728964;1189;1071;3561
228;komondor;4750;;0.44673684210526315;0.27275064267352184;0.44673684210526315;0.338707102952913;2122;5658;2628
62;rock_python;4750;;0.21242105263157895;0.78828125;0.21242105263157895;0.3346600331674959;1009;271;3741
282;tiger_cat;4750;;0.20694736842105263;0.8481449525452976;0.20694736842105263;0.33271281096632255;983;176;3767
611;jigsaw_puzzle;4750;;0.5473684210526316;0.23813885326982964;0.5473684210526316;0.3318866479448558;2600;8318;2150
940;spaghetti_squash;4750;;0.3385263157894737;0.322373696872494;0.3385263157894737;0.3302526186075169;1608;3380;3142
381;spider_monkey;4750;;0.21747368421052632;0.6707792207792208;0.21747368421052632;0.3284578696343402;1033;507;3717
66;horned_viper;4750;;0.3288421052631579;0.3239319784321858;0.3288421052631579;0.32636857501044714;1562;3260;3188
673;mouse;4750;;0.3686315789473684;0.29227174094475045;0.3686315789473684;0.3260404059212364;1751;4240;2999
905;window_shade;4750;;0.38084210526315787;0.27809377401998464;0.38084210526315787;0.3214571301643714;1809;4696;2941
680;nipple;4750;;0.5490526315789473;0.22002868472116763;0.5490526315789473;0.3141600915497199;2608;9245;2142
28;spotted_salamander;4750;;0.3591578947368421;0.2689579063534605;0.3591578947368421;0.30758135761290906;1706;4637;3044
68;sidewinder;4750;;0.20021052631578948;0.588126159554731;0.20021052631578948;0.29872781529762843;951;666;3799
126;isopod;4750;;0.356;0.25238805970149253;0.356;0.29537117903930127;1691;5009;3059
60;night_snake;4750;;0.18126315789473685;0.7493472584856397;0.18126315789473685;0.2919138837091032;861;288;3889
489;chainlink_fence;4750;;0.5871578947368421;0.19329128837757295;0.5871578947368421;0.2908389384222327;2789;11640;1961
271;red_wolf;4750;;0.4938947368421053;0.20178909341131945;0.4938947368421053;0.28651685393258425;2346;9280;2404
109;brain_coral;4750;;0.47242105263157896;0.2054004576659039;0.47242105263157896;0.28631578947368425;2244;8681;2506
577;gong;4750;;0.6581052631578947;0.1802040698679887;0.6581052631578947;0.28293433497759873;3126;14221;1624
362;badger;4750;;0.6069473684210527;0.1833619538256058;0.6069473684210527;0.2816392321594295;2883;12840;1867
265;toy_poodle;4750;;0.44505263157894737;0.20227729403884795;0.44505263157894737;0.2781395960792053;2114;8337;2636
556;fire_screen;4750;;0.4418947368421053;0.19988572516903153;0.4418947368421053;0.2752606386466461;2099;8402;2651
108;sea_anemone;4750;;0.38273684210526315;0.21223441512958208;0.38273684210526315;0.2730549714629018;1818;6748;2932
956;custard_apple;4750;;0.6048421052631578;0.17521497834969813;0.6048421052631578;0.27171702842010687;2873;13524;1877
241;EntleBucher;4750;;0.6846315789473684;0.15742085390647692;0.6846315789473684;0.25598236775818645;3252;17406;1498
103;platypus;4750;;0.3976842105263158;0.18743798372692994;0.3976842105263158;0.2547882384677637;1889;8189;2861
824;stole;4750;;0.47010526315789475;0.16760489379268934;0.47010526315789475;0.24710894704808278;2233;11090;2517
204;Lhasa;4750;;0.5046315789473684;0.16290607584613293;0.5046315789473684;0.2463008631319359;2397;12317;2353
369;siamang;4750;;0.41178947368421054;0.16892650487952326;0.41178947368421054;0.23957376446812417;1956;9623;2794
632;loudspeaker;4750;;0.5589473684210526;0.1453997809419496;0.5589473684210526;0.23076923076923075;2655;15605;2095
885;velvet;4750;;0.4671578947368421;0.14959886739027844;0.4671578947368421;0.22662513404483478;2219;12614;2531
450;bobsled;4750;;0.6501052631578947;0.13462376841921703;0.6501052631578947;0.22305691996532795;3088;19850;1662
375;colobus;4750;;0.38442105263157894;0.1559084699453552;0.38442105263157894;0.22184424735755073;1826;9886;2924
5;electric_ray;4750;;0.4223157894736842;0.14704588769975077;0.4223157894736842;0.21813832100913438;2006;11636;2744
405;airship;4750;;0.6936842105263158;0.12380701886225295;0.6936842105263158;0.210113505930366;3295;23319;1455
116;chiton;4750;;0.46231578947368424;0.1143809573415282;0.46231578947368424;0.18338970311912814;2196;17003;2554
600;hook;4750;;0.4366315789473684;0.10668175505375238;0.4366315789473684;0.17146872803935348;2074;17367;2676
977;sandbar;4750;;0.4962105263157895;0.10354977594236008;0.4962105263157895;0.17134341378307646;2357;20405;2393
828;strainer;4750;;0.5206315789473684;0.09575992255566312;0.5206315789473684;0.16176614881439086;2473;23352;2277
260;chow;4750;;0.6507368421052632;0.09124453890660054;0.6507368421052632;0.16004763630715063;3091;30785;1659
789;shoji;4750;;0.5707368421052632;0.0914518958305222;0.5707368421052632;0.15764377507704835;2711;26933;2039
67;diamondback;4750;;0.29578947368421055;0.07759001546277888;0.29578947368421055;0.12293289001662437;1405;16703;3345
58;water_snake;4750;;0.3698947368421053;0.07260030577248874;0.3698947368421053;0.12137749991364719;1757;22444;2993
374;langur;4750;;0.4071578947368421;0.06800759547084886;0.4071578947368421;0.11654814993371099;1934;26504;2816
446;binder;4750;;0.6378947368421053;0.05238045845866612;0.6378947368421053;0.09681129784650777;3030;54816;1720
615;knee_pad;4750;;0.6136842105263158;0.04957398683695856;0.6136842105263158;0.09173734480968042;2915;55886;1835
904;window_screen;4750;;0.6658947368421053;0.020331814178917395;0.6658947368421053;0.03945882895976148;3163;152406;1587
111;nematode;4750;;0.8703157894736843;0.01786709886547812;0.8703157894736843;0.035015352038115406;4134;227241;616
297;sloth_bear;4750;;0.7378947368421053;0.009513779372606288;0.7378947368421053;0.01878535653320399;3505;364908;1245
