class_idx;class_label;support;base_accuracy;overall_accuracy;precision;recall;f1;tp;fp;fn
985;daisy;4750;;0.9701052631578947;0.9752380952380952;0.9701052631578947;0.972664907651715;4608;117;142
986;yellow_lady's_slipper;4750;;0.9296842105263158;0.997289972899729;0.9296842105263158;0.9623011549357158;4416;12;334
900;water_tower;4750;;0.9461052631578948;0.9691610955359068;0.9461052631578948;0.9574944071588366;4494;143;256
339;sorrel;4750;;0.9505263157894737;0.9600255156283224;0.9505263157894737;0.9552523008568709;4515;188;235
340;zebra;4750;;0.9138947368421053;0.987938097405553;0.9138947368421053;0.9494750656167981;4341;53;409
11;goldfinch;4750;;0.9145263157894736;0.9848107005214237;0.9145263157894736;0.9483680820871083;4344;67;406
873;triumphal_arch;4750;;0.924;0.974034620505992;0.924;0.9483578219533276;4389;117;361
90;lorikeet;4750;;0.94;0.9565124250214224;0.94;0.9481843278827775;4465;203;285
139;ruddy_turnstone;4750;;0.9044210526315789;0.9926062846580407;0.9044210526315789;0.9464639788499669;4296;32;454
97;drake;4750;;0.9042105263157895;0.9891754951635191;0.9042105263157895;0.9447866256049273;4295;47;455
685;odometer;4750;;0.9042105263157895;0.9878104875804968;0.9042105263157895;0.9441635524291052;4295;53;455
136;European_gallinule;4750;;0.9202105263157895;0.9693945442448436;0.9202105263157895;0.9441624365482234;4371;138;379
100;black_swan;4750;;0.9191578947368421;0.9689303151353751;0.9191578947368421;0.9433880726015558;4366;140;384
805;soccer_ball;4750;;0.9204210526315789;0.9640573318632856;0.9204210526315789;0.9417339795368875;4372;163;378
143;oystercatcher;4750;;0.899578947368421;0.9868360277136259;0.899578947368421;0.9411894273127753;4273;57;477
284;Siamese_cat;4750;;0.9092631578947369;0.9738444193912064;0.9092631578947369;0.940446379967338;4319;116;431
92;bee_eater;4750;;0.9006315789473684;0.9796198763453171;0.9006315789473684;0.9384666008555445;4278;89;472
88;macaw;4750;;0.911578947368421;0.9635068980863374;0.911578947368421;0.9368238857637387;4330;164;420
95;jacamar;4750;;0.9077894736842105;0.9668161434977578;0.9077894736842105;0.9363735070575461;4312;148;438
135;limpkin;4750;;0.8848421052631579;0.9940870387890255;0.8848421052631579;0.9362887057251058;4203;25;547
264;Cardigan;4750;;0.8854736842105263;0.9919811320754717;0.8854736842105263;0.9357063403781979;4206;34;544
255;Leonberg;4750;;0.896;0.9761467889908257;0.896;0.9343578485181119;4256;104;494
129;spoonbill;4750;;0.8810526315789474;0.9933539045810587;0.8810526315789474;0.9338391163672877;4185;28;565
17;jay;4750;;0.8785263157894737;0.9938080495356038;0.8785263157894737;0.9326181696278915;4173;26;577
130;flamingo;4750;;0.8964210526315789;0.9705949395942558;0.8964210526315789;0.9320345846557951;4258;129;492
763;revolver;4750;;0.9054736842105263;0.9600446428571429;0.9054736842105263;0.9319609967497291;4301;179;449
91;coucal;4750;;0.8888421052631579;0.9777674849467346;0.8888421052631579;0.9311865902073224;4222;96;528
15;robin;4750;;0.8926315789473684;0.9727001605872907;0.8926315789473684;0.9309474146448568;4240;119;510
22;bald_eagle;4750;;0.9006315789473684;0.962862930452397;0.9006315789473684;0.9307081475035353;4278;165;472
24;great_grey_owl;4750;;0.8907368421052632;0.9697455878982352;0.8907368421052632;0.9285635904751455;4231;132;519
698;palace;4750;;0.875578947368421;0.9876513892187129;0.875578947368421;0.9282446155562996;4159;52;591
98;red-breasted_merganser;4750;;0.8877894736842106;0.9725553505535055;0.8877894736842106;0.9282412502751486;4217;119;533
783;screw;4750;;0.9105263157894737;0.9459755030621172;0.9105263157894737;0.9279124651362368;4325;247;425
874;trolleybus;4750;;0.9084210526315789;0.9471027216856892;0.9084210526315789;0.9273586933161401;4315;241;435
18;magpie;4750;;0.8768421052631579;0.9834710743801653;0.8768421052631579;0.9271007234279355;4165;70;585
80;black_grouse;4750;;0.9301052631578948;0.9202249531347636;0.9301052631578948;0.9251387289289079;4418;383;332
137;American_coot;4750;;0.8690526315789474;0.9885057471264368;0.8690526315789474;0.9249383822540892;4128;48;622
684;ocarina;4750;;0.907578947368421;0.9427071944019243;0.907578947368421;0.9248096106403517;4311;262;439
637;mailbox;4750;;0.8850526315789473;0.9679944738659912;0.8850526315789473;0.9246673265149015;4204;139;546
127;white_stork;4750;;0.8892631578947369;0.9628447686346022;0.8892631578947369;0.9245923169530479;4224;163;526
0;tench;4750;;0.8669473684210526;0.9901418610242847;0.8669473684210526;0.9244584128409473;4118;41;632
668;mosque;4750;;0.8842105263157894;0.9648518263266712;0.8842105263157894;0.9227727122926508;4200;153;550
260;chow;4750;;0.8852631578947369;0.9633447880870561;0.8852631578947369;0.9226549643444871;4205;160;545
821;steel_arch_bridge;4750;;0.8850526315789473;0.9635571854228742;0.8850526315789473;0.9226379896850653;4204;159;546
451;bolo_tie;4750;;0.8818947368421053;0.9669898430286242;0.8818947368421053;0.9224840343536665;4189;143;561
429;baseball;4750;;0.8947368421052632;0.9516345723242275;0.8947368421052632;0.9223090277777778;4250;216;500
274;dhole;4750;;0.8698947368421053;0.9812396105438138;0.8698947368421053;0.9222185023992858;4132;79;618
198;standard_schnauzer;4750;;0.8663157894736843;0.9849210148396362;0.8663157894736843;0.9218189964157707;4115;63;635
19;chickadee;4750;;0.880421052631579;0.9671600370027752;0.880421052631579;0.9217544633017413;4182;142;568
94;hummingbird;4750;;0.9014736842105263;0.9429641048227263;0.9014736842105263;0.9217522333440964;4282;259;468
244;Tibetan_mastiff;4750;;0.8686315789473684;0.9812128418549346;0.8686315789473684;0.9214963707426019;4126;79;624
323;monarch;4750;;0.904;0.9385792349726776;0.904;0.9209651474530831;4294;281;456
275;African_hunting_dog;4750;;0.8713684210526316;0.976409530549658;0.8713684210526316;0.9209033262876849;4139;100;611
253;basenji;4750;;0.8814736842105263;0.9638581952117864;0.8814736842105263;0.9208269188475918;4187;157;563
604;hourglass;4750;;0.8997894736842105;0.942863445841606;0.8997894736842105;0.9208230098028654;4274;259;476
779;school_bus;4750;;0.8978947368421053;0.9446290143964563;0.8978947368421053;0.9206691851052348;4265;250;485
829;streetcar;4750;;0.8776842105263158;0.9679591362897608;0.8776842105263158;0.9206138898089875;4169;138;581
404;airliner;4750;;0.8667368421052631;0.9809387657850845;0.8667368421052631;0.9203084832904884;4117;80;633
13;junco;4750;;0.8568421052631578;0.9938949938949939;0.8568421052631578;0.9202939513849633;4070;25;680
439;bearskin;4750;;0.908;0.932742214532872;0.908;0.9202048218476637;4313;311;437
141;redshank;4750;;0.8745263157894737;0.9698809245855708;0.8745263157894737;0.9197387357467065;4154;129;596
235;German_shepherd;4750;;0.8591578947368421;0.9878963931251513;0.8591578947368421;0.919040648575611;4081;50;669
387;lesser_panda;4750;;0.8778947368421053;0.9637162006008783;0.8778947368421053;0.9188057728324338;4170;157;580
901;whiskey_jug;4750;;0.8793684210526316;0.9617775731061479;0.8793684210526316;0.9187286924007478;4177;166;573
231;collie;4750;;0.8787368421052631;0.9624164168780263;0.8787368421052631;0.9186750302630131;4174;163;576
915;yurt;4750;;0.903578947368421;0.9338555265448216;0.903578947368421;0.9184677937085385;4292;304;458
849;teapot;4750;;0.916;0.9194843617920541;0.916;0.9177388736553469;4351;381;399
227;kelpie;4750;;0.8574736842105263;0.9857212003872217;0.8574736842105263;0.917135780229678;4073;59;677
563;fountain_pen;4750;;0.8842105263157894;0.9525969607620776;0.8842105263157894;0.917130691123485;4200;209;550
12;house_finch;4750;;0.8536842105263158;0.9907158563400928;0.8536842105263158;0.9171095781974444;4055;38;695
131;little_blue_heron;4750;;0.8633684210526316;0.9778254649499285;0.8633684210526316;0.9170393559928444;4101;93;649
768;rugby_ball;4750;;0.8618947368421053;0.9796602057908591;0.8618947368421053;0.9170119834247956;4094;85;656
625;lifeboat;4750;;0.8696842105263158;0.9676739283204497;0.8696842105263158;0.9160660827142698;4131;138;619
425;barn;4750;;0.9315789473684211;0.9010384850335981;0.9315789473684211;0.9160542386916469;4425;486;325
832;stupa;4750;;0.9210526315789473;0.910699417152373;0.9210526315789473;0.9158467657525644;4375;429;375
145;king_penguin;4750;;0.8734736842105263;0.9619754231393461;0.8734736842105263;0.9155908639523336;4149;164;601
576;gondola;4750;;0.9227368421052632;0.9083937823834197;0.9227368421052632;0.9155091383812011;4383;442;367
158;toy_terrier;4750;;0.8545263157894737;0.9856726566294317;0.8545263157894737;0.915426251691475;4059;59;691
247;Saint_Bernard;4750;;0.8501052631578947;0.9911634756995582;0.8501052631578947;0.9152311876699909;4038;36;712
473;can_opener;4750;;0.8526315789473684;0.9861212563915267;0.8526315789473684;0.914530879530315;4050;57;700
757;recreational_vehicle;4750;;0.8606315789473684;0.9751908396946565;0.8606315789473684;0.9143368373965556;4088;104;662
561;forklift;4750;;0.8637894736842106;0.9706647740714455;0.8637894736842106;0.9141138464966024;4103;124;647
96;toucan;4750;;0.876421052631579;0.9550355586143611;0.876421052631579;0.914041058293995;4163;196;587
16;bulbul;4750;;0.8465263157894737;0.9921046138662719;0.8465263157894737;0.9135521981142792;4021;32;729
727;planetarium;4750;;0.8690526315789474;0.9613414066138798;0.8690526315789474;0.9128704113224236;4128;166;622
927;trifle;4750;;0.8677894736842106;0.9621848739495799;0.8677894736842106;0.9125525791454506;4122;162;628
326;lycaenid;4750;;0.8987368421052632;0.9262312866131482;0.8987368421052632;0.9122769526658832;4269;340;481
995;earthstar;4750;;0.9393684210526316;0.8861966236345581;0.9393684210526316;0.912008175779254;4462;573;288
946;cardoon;4750;;0.9486315789473684;0.8769949396652394;0.9486315789473684;0.9114077669902914;4506;632;244
641;maraca;4750;;0.9191578947368421;0.9033726463894062;0.9191578947368421;0.9111969111969112;4366;467;384
351;hartebeest;4750;;0.872;0.9530602853198343;0.872;0.9107299912049253;4142;204;608
471;cannon;4750;;0.8722105263157894;0.9526327891469303;0.8722105263157894;0.9106495219254863;4143;206;607
442;bell_cote;4750;;0.852;0.9775362318840579;0.852;0.9104611923509561;4047;93;703
308;fly;4750;;0.8797894736842106;0.943127962085308;0.8797894736842106;0.9103583487637512;4179;252;571
919;street_sign;4750;;0.8553684210526316;0.9727076849413455;0.8553684210526316;0.910272207908592;4063;114;687
528;dial_telephone;4750;;0.844842105263158;0.9843021829776797;0.844842105263158;0.9092556927608474;4013;64;737
756;rain_barrel;4750;;0.8677894736842106;0.9543875897198426;0.8677894736842106;0.9090307641415812;4122;197;628
179;Staffordshire_bullterrier;4750;;0.8587368421052631;0.9647587511825922;0.8587368421052631;0.9086656270884383;4079;149;671
846;table_lamp;4750;;0.9014736842105263;0.9157399486740804;0.9014736842105263;0.9085508168894547;4282;394;468
755;radio_telescope;4750;;0.8848421052631579;0.9329633740288569;0.8848421052631579;0.9082658022690437;4203;302;547
10;brambling;4750;;0.848;0.9774326619752487;0.848;0.9081276068087025;4028;93;722
746;puck;4750;;0.9168421052631579;0.899421726559273;0.9168421052631579;0.9080483736447039;4355;487;395
457;bow_tie;4750;;0.864;0.9561975768872321;0.864;0.9077637690776378;4104;188;646
855;thimble;4750;;0.8616842105263158;0.9578750292534519;0.8616842105263158;0.9072370608445085;4093;180;657
518;crash_helmet;4750;;0.8778947368421053;0.9385550303848751;0.8778947368421053;0.9072120091373872;4170;273;580
218;Welsh_springer_spaniel;4750;;0.8877894736842106;0.9274246756102925;0.8877894736842106;0.9071743573195654;4217;330;533
363;armadillo;4750;;0.8467368421052631;0.9762135922330097;0.8467368421052631;0.9068771138669672;4022;98;728
300;tiger_beetle;4750;;0.8576842105263158;0.9615293839981118;0.8576842105263158;0.9066429286747524;4074;163;676
908;wing;4750;;0.840842105263158;0.983259478089611;0.840842105263158;0.9064911484339537;3994;68;756
511;convertible;4750;;0.8435789473684211;0.9794671229528232;0.8435789473684211;0.9064585454134148;4007;84;743
321;admiral;4750;;0.8821052631578947;0.932146829810901;0.8821052631578947;0.9064359113034073;4190;305;560
307;weevil;4750;;0.8766315789473684;0.938049110159946;0.8766315789473684;0.9063010120796605;4164;275;586
726;plane;4750;;0.860421052631579;0.9571428571428572;0.860421052631579;0.906208425720621;4087;183;663
560;football_helmet;4750;;0.9058947368421053;0.9064672424689277;0.9058947368421053;0.9061808992313363;4303;444;447
535;disk_brake;4750;;0.8705263157894737;0.9444952032891731;0.8705263157894737;0.9060035056967571;4135;243;615
687;organ;4750;;0.8338947368421052;0.9917376064096144;0.8338947368421052;0.9059926806953339;3961;33;789
157;papillon;4750;;0.8701052631578947;0.9449016918152721;0.8701052631578947;0.9059622972380535;4133;241;617
447;binoculars;4750;;0.8652631578947368;0.9505087881591119;0.8652631578947368;0.9058849459995592;4110;214;640
172;whippet;4750;;0.8437894736842105;0.9773226042428675;0.8437894736842105;0.9056603773584906;4008;93;742
870;tricycle;4750;;0.856;0.9612293144208038;0.856;0.9055679287305123;4066;164;684
745;projector;4750;;0.8410526315789474;0.9806087383406971;0.8410526315789474;0.9054850407978241;3995;79;755
194;Dandie_Dinmont;4750;;0.8572631578947368;0.95924617196702;0.8572631578947368;0.9053918843802111;4072;173;678
25;European_fire_salamander;4750;;0.8589473684210527;0.9570724841660803;0.8589473684210527;0.9053589259957839;4080;183;670
614;kimono;4750;;0.8589473684210527;0.955503512880562;0.8589473684210527;0.9046563192904656;4080;190;670
99;goose;4750;;0.8568421052631578;0.9578724405742528;0.8568421052631578;0.9045449494388266;4070;179;680
138;bustard;4750;;0.8397894736842105;0.9800982800982802;0.8397894736842105;0.9045351473922904;3989;81;761
871;trimaran;4750;;0.8812631578947369;0.9289835774522859;0.8812631578947369;0.904494382022472;4186;320;564
185;Norfolk_terrier;4750;;0.8332631578947368;0.9887584311766175;0.8332631578947368;0.9043756426368103;3958;45;792
146;albatross;4750;;0.8722105263157894;0.938817131203263;0.8722105263157894;0.9042889883226017;4143;270;607
232;Border_collie;4750;;0.8688421052631579;0.9424526147522265;0.8688421052631579;0.9041516047759887;4127;252;623
945;bell_pepper;4750;;0.8621052631578947;0.9503365049895568;0.8621052631578947;0.9040732972734297;4095;214;655
820;steam_locomotive;4750;;0.8328421052631579;0.9882588058955784;0.8328421052631579;0.9039186564606421;3956;47;794
144;pelican;4750;;0.8296842105263158;0.9926952141057934;0.8296842105263158;0.9038990825688074;3941;29;809
216;clumber;4750;;0.8494736842105263;0.9655419956927495;0.8494736842105263;0.9037966177623474;4035;144;715
732;Polaroid_camera;4750;;0.8435789473684211;0.9730451675570665;0.8435789473684211;0.9036986919260261;4007;111;743
263;Pembroke;4750;;0.8326315789473684;0.9880089932550588;0.8326315789473684;0.903690163372558;3955;48;795
355;llama;4750;;0.8589473684210527;0.9532710280373832;0.8589473684210527;0.9036544850498339;4080;200;670
686;oil_filter;4750;;0.8894736842105263;0.9182786350793306;0.8894736842105263;0.9036466688054753;4225;376;525
273;dingo;4750;;0.8536842105263158;0.9597633136094674;0.8536842105263158;0.9036211699164345;4055;170;695
944;artichoke;4750;;0.8486315789473684;0.9659717229810688;0.8486315789473684;0.9035077888602487;4031;142;719
663;monastery;4750;;0.8372631578947368;0.9810064134188455;0.8372631578947368;0.9034529759200363;3977;77;773
93;hornbill;4750;;0.8288421052631579;0.9926878466969239;0.8288421052631579;0.903396053235429;3937;29;813
291;lion;4750;;0.8987368421052632;0.9079115270097831;0.8987368421052632;0.903300888700804;4269;433;481
629;lipstick;4750;;0.8543157894736843;0.9577531272126505;0.8543157894736843;0.9030822298876153;4058;179;692
195;Boston_bull;4750;;0.8717894736842106;0.9366659126894368;0.8717894736842106;0.9030640061062044;4141;280;609
156;Blenheim_spaniel;4750;;0.8863157894736842;0.9204197638828159;0.8863157894736842;0.903045903045903;4210;364;540
863;totem_pole;4750;;0.8768421052631579;0.9307262569832402;0.8768421052631579;0.902981029810298;4165;310;585
142;dowitcher;4750;;0.8671578947368421;0.9417009602194787;0.8671578947368421;0.9028934677772907;4119;255;631
771;safe;4750;;0.8648421052631579;0.944367816091954;0.8648421052631579;0.9028571428571428;4108;242;642
268;Mexican_hairless;4750;;0.8671578947368421;0.9414857142857143;0.8671578947368421;0.9027945205479452;4119;256;631
575;golfcart;4750;;0.8482105263157895;0.964567871678238;0.8482105263157895;0.9026548672566371;4029;148;721
86;partridge;4750;;0.8534736842105263;0.9568090630162851;0.8534736842105263;0.9021920551908311;4054;183;696
190;Sealyham_terrier;4750;;0.8566315789473684;0.9520355638745905;0.8566315789473684;0.9018173758865248;4069;205;681
472;canoe;4750;;0.9193684210526316;0.8849037487335359;0.9193684210526316;0.9018069179143005;4367;568;383
708;pedestal;4750;;0.8736842105263158;0.9317467444993265;0.8736842105263158;0.9017818339852238;4150;304;600
487;cellular_telephone;4750;;0.8509473684210527;0.9585013042447237;0.8509473684210527;0.9015278242444519;4042;175;708
87;African_grey;4750;;0.8450526315789474;0.9660649819494584;0.8450526315789474;0.9015160022459293;4014;141;736
991;coral_fungus;4750;;0.8597894736842105;0.9471243042671614;0.8597894736842105;0.9013462811741337;4084;228;666
773;saltshaker;4750;;0.9094736842105263;0.8933002481389578;0.9094736842105263;0.9013144168579179;4320;516;430
270;white_wolf;4750;;0.8572631578947368;0.9498483788196874;0.8572631578947368;0.9011840212459886;4072;215;678
990;buckeye;4750;;0.9111578947368421;0.8910850319127033;0.9111578947368421;0.9010096804413448;4328;529;422
503;cocktail_shaker;4750;;0.8477894736842105;0.9610978520286396;0.8477894736842105;0.9008948545861297;4027;163;723
569;garbage_truck;4750;;0.8549473684210527;0.9519456165025785;0.8549473684210527;0.9008429458740018;4061;205;689
695;padlock;4750;;0.8873684210526316;0.9139202081526453;0.8873684210526316;0.9004486220892972;4215;397;535
613;joystick;4750;;0.8566315789473684;0.9489272388059702;0.8566315789473684;0.900420447001549;4069;219;681
607;jack-o'-lantern;4750;;0.895578947368421;0.9047213951509996;0.895578947368421;0.9001269572577232;4254;448;496
679;necklace;4750;;0.8717894736842106;0.9301437556154537;0.8717894736842106;0.9000217344055641;4141;311;609
474;cardigan;4750;;0.8511578947368421;0.9546635182998819;0.8511578947368421;0.8999443516972732;4043;192;707
656;minivan;4750;;0.8311578947368421;0.9808695652173913;0.8311578947368421;0.8998290598290598;3948;77;802
251;dalmatian;4750;;0.8694736842105263;0.9322799097065463;0.8694736842105263;0.8997821350762527;4130;300;620
555;fire_engine;4750;;0.8286315789473684;0.9835082458770614;0.8286315789473684;0.8994515539305301;3936;66;814
8;hen;4750;;0.8338947368421052;0.9758561221975857;0.8338947368421052;0.8993075263934612;3961;98;789
277;red_fox;4750;;0.852421052631579;0.9513627819548872;0.852421052631579;0.8991783255607373;4049;207;701
796;ski_mask;4750;;0.8669473684210526;0.9337868480725624;0.8669473684210526;0.8991266375545852;4118;292;632
890;volleyball;4750;;0.8334736842105264;0.9758442198668967;0.8334736842105264;0.8990575678437607;3959;98;791
210;German_short-haired_pointer;4750;;0.8488421052631578;0.9554502369668246;0.8488421052631578;0.8989966555183947;4032;188;718
31;tree_frog;4750;;0.8450526315789474;0.9600574025352786;0.8450526315789474;0.8988915015115888;4014;167;736
152;Japanese_spaniel;4750;;0.8812631578947369;0.9169769989047097;0.8812631578947369;0.8987654320987655;4186;379;564
949;strawberry;4750;;0.8568421052631578;0.9445346948247854;0.8568421052631578;0.8985539242742023;4070;239;680
350;ibex;4750;;0.8351578947368421;0.9720656701788777;0.8351578947368421;0.8984259993205752;3967;114;783
711;perfume;4750;;0.8450526315789474;0.9589106545628284;0.8450526315789474;0.8983885407341091;4014;172;736
317;leafhopper;4750;;0.8562105263157894;0.9447154471544715;0.8562105263157894;0.8982882385422418;4067;238;683
225;malinois;4750;;0.888421052631579;0.9081127609210243;0.888421052631579;0.8981589869107162;4220;427;530
192;cairn;4750;;0.8446315789473684;0.9570610687022901;0.8446315789473684;0.8973384030418251;4012;180;738
167;English_foxhound;4750;;0.8530526315789474;0.945845004668534;0.8530526315789474;0.8970555678547708;4052;232;698
430;basketball;4750;;0.8713684210526316;0.9240901987050681;0.8713684210526316;0.8969552497562032;4139;340;611
606;iron;4750;;0.8501052631578947;0.9492242595204513;0.8501052631578947;0.896934695690804;4038;216;712
303;long-horned_beetle;4750;;0.828;0.9783582089552239;0.828;0.896921322690992;3933;87;817
306;rhinoceros_beetle;4750;;0.852421052631579;0.9462491236270156;0.852421052631579;0.896887805958578;4049;230;701
196;miniature_schnauzer;4750;;0.8427368421052631;0.9581139301101005;0.8427368421052631;0.8967293906810034;4003;175;747
722;ping-pong_ball;4750;;0.8606315789473684;0.9358974358974359;0.8606315789473684;0.896687870146962;4088;280;662
981;ballplayer;4750;;0.8943157894736842;0.8990476190476191;0.8943157894736842;0.8966754617414248;4248;477;502
302;ground_beetle;4750;;0.8172631578947368;0.9925850166197904;0.8172631578947368;0.8964322826463457;3882;29;868
173;Ibizan_hound;4750;;0.8496842105263158;0.9480855062250411;0.8496842105263158;0.8961918507827246;4036;221;714
286;cougar;4750;;0.8210526315789474;0.9863429438543247;0.8210526315789474;0.8961397058823529;3900;54;850
594;harp;4750;;0.8336842105263158;0.9682151589242054;0.8336842105263158;0.8959276018099548;3960;130;790
578;gown;4750;;0.8528421052631578;0.9434094084769445;0.8528421052631578;0.895842547545334;4051;243;699
174;Norwegian_elkhound;4750;;0.8507368421052631;0.9459269662921348;0.8507368421052631;0.8958102416315672;4041;231;709
178;Weimaraner;4750;;0.8692631578947368;0.9235070454037129;0.8692631578947368;0.8955644723999566;4129;342;621
7;cock;4750;;0.9096842105263158;0.8818367346938776;0.9096842105263158;0.8955440414507772;4321;579;429
449;boathouse;4750;;0.8374736842105264;0.9615663524292966;0.8374736842105264;0.895240238550692;3978;159;772
325;sulphur_butterfly;4750;;0.8355789473684211;0.9640514938061695;0.8355789473684211;0.8952295026502762;3969;148;781
388;giant_panda;4750;;0.9134736842105263;0.8776294498381877;0.9134736842105263;0.8951929028264906;4339;605;411
902;whistle;4750;;0.8698947368421053;0.9214986619090099;0.8698947368421053;0.894953432965129;4132;352;618
128;black_stork;4750;;0.8606315789473684;0.9316317228805834;0.8606315789473684;0.8947253228277523;4088;300;662
23;vulture;4750;;0.8842105263157894;0.9053675361069196;0.8842105263157894;0.8946639684737459;4200;439;550
420;banjo;4750;;0.8290526315789474;0.9713862851504687;0.8290526315789474;0.894593366651522;3938;116;812
207;golden_retriever;4750;;0.8263157894736842;0.9746709709461138;0.8263157894736842;0.8943830465990658;3925;102;825
215;Brittany_spaniel;4750;;0.8383157894736842;0.9579023334135194;0.8383157894736842;0.894128213764455;3982;175;768
249;malamute;4750;;0.8355789473684211;0.9614825581395349;0.8355789473684211;0.8941202973642712;3969;159;781
547;electric_locomotive;4750;;0.8185263157894737;0.9850519381808969;0.8185263157894737;0.8941014142807865;3888;59;862
295;American_black_bear;4750;;0.8629473684210527;0.9273755656108598;0.8629473684210527;0.8940021810250819;4099;321;651
242;boxer;4750;;0.8311578947368421;0.9664626682986536;0.8311578947368421;0.8937181663837012;3948;137;802
243;bull_mastiff;4750;;0.8208421052631579;0.9803872265526778;0.8208421052631579;0.8935487567319812;3899;78;851
175;otterhound;4750;;0.8309473684210527;0.966217870257038;0.8309473684210527;0.8934917940011319;3947;138;803
392;rock_beauty;4750;;0.8461052631578947;0.9463150459147633;0.8461052631578947;0.8934089140824719;4019;228;731
609;jeep;4750;;0.8677894736842106;0.9205002233139794;0.8677894736842106;0.8933680104031209;4122;356;628
89;sulphur-crested_cockatoo;4750;;0.8498947368421053;0.941464552238806;0.8498947368421053;0.8933392343438814;4037;251;713
102;echidna;4750;;0.8393684210526315;0.9545128082355758;0.8393684210526315;0.8932452111571637;3987;190;763
953;pineapple;4750;;0.8416842105263158;0.951451689671585;0.8416842105263158;0.8932082216264522;3998;204;752
151;Chihuahua;4750;;0.8313684210526315;0.9648179819203518;0.8313684210526315;0.8931358136379055;3949;144;801
407;ambulance;4750;;0.8492631578947368;0.9416433239962652;0.8492631578947368;0.8930706220943104;4034;250;716
831;studio_couch;4750;;0.8728421052631579;0.913215859030837;0.8728421052631579;0.8925726587728741;4146;394;604
988;acorn;4750;;0.8461052631578947;0.9443139097744361;0.8461052631578947;0.8925161003775262;4019;237;731
245;French_bulldog;4750;;0.8204210526315789;0.9784082349987446;0.8204210526315789;0.8924768120920645;3897;86;853
287;lynx;4750;;0.8303157894736842;0.9645390070921985;0.8303157894736842;0.8924086435117095;3944;145;806
159;Rhodesian_ridgeback;4750;;0.8193684210526315;0.9793658782083543;0.8193684210526315;0.8922512608895001;3892;82;858
261;keeshond;4750;;0.8627368421052631;0.9238052299368801;0.8627368421052631;0.8922273024167211;4098;338;652
612;jinrikisha;4750;;0.8652631578947368;0.9206989247311828;0.8652631578947368;0.8921206859127415;4110;354;640
631;lotion;4750;;0.8355789473684211;0.9566160520607375;0.8355789473684211;0.8920103382402517;3969;180;781
688;oscilloscope;4750;;0.8814736842105263;0.9027598102630444;0.8814736842105263;0.8919897741798041;4187;451;563
571;gas_pump;4750;;0.8210526315789474;0.975975975975976;0.8210526315789474;0.8918362680082323;3900;96;850
701;parachute;4750;;0.8861052631578947;0.8974413646055437;0.8861052631578947;0.8917372881355932;4209;481;541
382;squirrel_monkey;4750;;0.8625263157894737;0.9227477477477477;0.8625263157894737;0.8916213275299238;4097;343;653
532;dining_table;4750;;0.8922105263157895;0.8908976245532899;0.8922105263157895;0.8915535920900389;4238;519;512
417;balloon;4750;;0.876;0.9075245365321701;0.876;0.8914836636314944;4161;424;589
992;agaric;4750;;0.8966315789473684;0.8861839367457345;0.8966315789473684;0.8913771452490581;4259;547;491
494;chime;4750;;0.8673684210526316;0.9165739710789766;0.8673684210526316;0.8912925905895079;4120;375;630
841;sweatshirt;4750;;0.8633684210526316;0.9209521670783741;0.8633684210526316;0.8912311202868629;4101;352;649
507;combination_lock;4750;;0.8395789473684211;0.9492977862413711;0.8395789473684211;0.8910736230588762;3988;213;762
597;holster;4750;;0.8187368421052632;0.9766449020592667;0.8187368421052632;0.8907466788822721;3889;93;861
522;croquet_ball;4750;;0.9016842105263158;0.8798274445357437;0.9016842105263158;0.8906217508837597;4283;585;467
113;snail;4750;;0.8372631578947368;0.9512078450131547;0.8372631578947368;0.8906057552345761;3977;204;773
636;mailbag;4750;;0.8353684210526315;0.9533877943296492;0.8353684210526315;0.8904847396768402;3968;194;782
140;red-backed_sandpiper;4750;;0.8435789473684211;0.9428235294117647;0.8435789473684211;0.8904444444444444;4007;243;743
707;pay-phone;4750;;0.8303157894736842;0.959844244341689;0.8303157894736842;0.8903939496557173;3944;165;806
186;Norwich_terrier;4750;;0.8696842105263158;0.9119205298013245;0.8696842105263158;0.8903017241379311;4131;399;619
279;Arctic_fox;4750;;0.8393684210526315;0.9477062039458046;0.8393684210526315;0.890253433069108;3987;220;763
193;Australian_terrier;4750;;0.8631578947368421;0.9182530795072789;0.8631578947368421;0.8898534997287032;4100;365;650
83;prairie_chicken;4750;;0.8705263157894737;0.9099911971830986;0.8705263157894737;0.889821390144179;4135;409;615
817;sports_car;4750;;0.8231578947368421;0.9680614013369646;0.8231578947368421;0.8897485493230175;3910;129;840
440;beer_bottle;4750;;0.84;0.9454976303317536;0.84;0.8896321070234114;3990;230;760
14;indigo_bunting;4750;;0.9111578947368421;0.8690763052208835;0.9111578947368421;0.8896197327852005;4328;652;422
426;barometer;4750;;0.8433684210526315;0.9410382898754992;0.8433684210526315;0.8895303652714556;4006;251;744
793;shower_cap;4750;;0.8642105263157894;0.9162946428571429;0.8642105263157894;0.8894907908992417;4105;375;645
483;castle;4750;;0.8263157894736842;0.9622456484432459;0.8263157894736842;0.8891154151092989;3925;154;825
354;Arabian_camel;4750;;0.8585263157894737;0.9217902350813744;0.8585263157894737;0.8890342271637236;4078;346;672
211;vizsla;4750;;0.8549473684210527;0.9259005927952576;0.8549473684210527;0.8890105078809107;4061;325;689
182;Border_terrier;4750;;0.8437894736842105;0.9393016170611671;0.8437894736842105;0.8889874681157813;4008;259;742
180;American_Staffordshire_terrier;4750;;0.8065263157894736;0.9901783406565003;0.8065263157894736;0.8889662373825268;3831;38;919
736;pool_table;4750;;0.8787368421052631;0.8993751346692523;0.8787368421052631;0.8889362155255032;4174;467;576
376;proboscis_monkey;4750;;0.8254736842105264;0.9629174852652259;0.8254736842105264;0.8889140784402629;3921;151;829
458;brass;4750;;0.8197894736842105;0.9703463742835784;0.8197894736842105;0.8887367339952071;3894;119;856
541;drum;4750;;0.8187368421052632;0.9712787212787213;0.8187368421052632;0.8885081105780215;3889;115;861
737;pop_bottle;4750;;0.8530526315789474;0.9265950148639378;0.8530526315789474;0.8883042858708758;4052;321;698
497;church;4750;;0.8265263157894737;0.9596675629430457;0.8265263157894737;0.8881348263771066;3926;165;824
704;parking_meter;4750;;0.8393684210526315;0.9427760699929061;0.8393684210526315;0.8880721683929168;3987;242;763
823;stethoscope;4750;;0.8307368421052631;0.9536007733204447;0.8307368421052631;0.8879387938793879;3946;192;804
954;banana;4750;;0.8176842105263158;0.9712428107026757;0.8176842105263158;0.8878728997599725;3884;115;866
21;kite;4750;;0.8467368421052631;0.9331786542923434;0.8467368421052631;0.8878587196467991;4022;288;728
248;Eskimo_dog;4750;;0.8216842105263158;0.9656110836219693;0.8216842105263158;0.887852593266606;3903;139;847
217;English_springer;4750;;0.8505263157894737;0.9278824069820855;0.8505263157894737;0.8875219683655535;4040;314;710
895;warplane;4750;;0.8648421052631579;0.9108647450110865;0.8648421052631579;0.8872570194384449;4108;402;642
208;Labrador_retriever;4750;;0.8075789473684211;0.9828337176530874;0.8075789473684211;0.8866289148272276;3836;67;914
670;motor_scooter;4750;;0.8233684210526315;0.9602258777314019;0.8233684210526315;0.8865465261249008;3911;162;839
164;bluetick;4750;;0.8263157894736842;0.9561510353227771;0.8263157894736842;0.8865047995482779;3925;180;825
347;bison;4750;;0.8602105263157894;0.9140939597315436;0.8602105263157894;0.8863340563991323;4086;384;664
660;mobile_home;4750;;0.8362105263157895;0.9427961072869689;0.8362105263157895;0.8863103871471605;3972;241;778
654;minibus;4750;;0.8825263157894737;0.8900212314225053;0.8825263157894737;0.8862579281183932;4192;518;558
605;iPod;4750;;0.8252631578947368;0.956797656822065;0.8252631578947368;0.8861761048943144;3920;177;830
389;barracouta;4750;;0.7989473684210526;0.9944968553459119;0.7989473684210526;0.8860611720756479;3795;21;955
683;oboe;4750;;0.8341052631578947;0.9449081803005008;0.8341052631578947;0.8860561332886057;3962;231;788
628;liner;4750;;0.8385263157894737;0.9391652912049046;0.8385263157894737;0.8859971082193304;3983;258;767
262;Brabancon_griffon;4750;;0.8187368421052632;0.9652519235542318;0.8187368421052632;0.8859779018111402;3889;140;861
20;water_ouzel;4750;;0.8138947368421052;0.9718451483157365;0.8138947368421052;0.8858845096241981;3866;112;884
886;vending_machine;4750;;0.8578947368421053;0.9155246012132106;0.8578947368421053;0.8857732855124444;4075;376;675
642;marimba;4750;;0.8338947368421052;0.9444444444444444;0.8338947368421052;0.8857334525939177;3961;233;789
229;Old_English_sheepdog;4750;;0.8549473684210527;0.918570459172133;0.8549473684210527;0.8856177079925853;4061;360;689
989;hip;4750;;0.9353684210526316;0.8408402725208176;0.9353684210526316;0.88558899740881;4443;841;307
682;obelisk;4750;;0.8766315789473684;0.8943298969072165;0.8766315789473684;0.8853923027854562;4164;492;586
994;stinkhorn;4750;;0.8536842105263158;0.9195011337868481;0.8536842105263158;0.8853711790393013;4055;355;695
162;beagle;4750;;0.8149473684210526;0.9689612015018774;0.8149473684210526;0.885305889079474;3871;124;879
559;folding_chair;4750;;0.8631578947368421;0.9082853345148427;0.8631578947368421;0.8851468048359241;4100;414;650
653;milk_can;4750;;0.8176842105263158;0.964729259811227;0.8176842105263158;0.8851412944393802;3884;142;866
891;waffle_iron;4750;;0.8225263157894737;0.9580676802354096;0.8225263157894737;0.8851381966470322;3907;171;843
948;Granny_Smith;4750;;0.8837894736842106;0.886402027027027;0.8837894736842106;0.8850938224752267;4198;538;552
540;drilling_platform;4750;;0.875578947368421;0.8947934595524957;0.875578947368421;0.8850819323260268;4159;489;591
316;cicada;4750;;0.8124210526315789;0.9713063176440977;0.8124210526315789;0.8847873438037372;3859;114;891
601;hoopskirt;4750;;0.8583157894736843;0.912897447380206;0.8583157894736843;0.884765625;4077;389;673
148;killer_whale;4750;;0.8776842105263158;0.8917647058823529;0.8776842105263158;0.8846684350132626;4169;506;581
619;lampshade;4750;;0.8574736842105263;0.9136384028712428;0.8574736842105263;0.8846655082536925;4073;385;677
200;Tibetan_terrier;4750;;0.8008421052631579;0.9875389408099688;0.8008421052631579;0.8844454777958614;3804;48;946
665;moped;4750;;0.8031578947368421;0.984008253804488;0.8031578947368421;0.884432595340211;3815;62;935
85;quail;4750;;0.8033684210526316;0.9832517392424632;0.8033684210526316;0.8842544316996872;3816;65;934
857;throne;4750;;0.8463157894736842;0.925414364640884;0.8463157894736842;0.8840994062018914;4020;324;730
484;catamaran;4750;;0.8;0.9875259875259875;0.8;0.8839264945336125;3800;48;950
226;briard;4750;;0.8292631578947368;0.9457382953181273;0.8292631578947368;0.883679192372406;3939;226;811
47;African_chameleon;4750;;0.8105263157894737;0.970506680110915;0.8105263157894737;0.8833314213605599;3850;117;900
523;crutch;4750;;0.8313684210526315;0.9420324427480916;0.8313684210526315;0.8832475956161933;3949;243;801
496;Christmas_stocking;4750;;0.8427368421052631;0.9274791473586654;0.8427368421052631;0.8830796382086918;4003;313;747
166;Walker_hound;4750;;0.8021052631578948;0.9817057459417676;0.8021052631578948;0.8828640945429267;3810;71;940
465;bulletproof_vest;4750;;0.8477894736842105;0.9204571428571429;0.8477894736842105;0.8826301369863012;4027;348;723
203;West_Highland_white_terrier;4750;;0.8528421052631578;0.9142405777476867;0.8528421052631578;0.8824746759612242;4051;380;699
955;jackfruit;4750;;0.8383157894736842;0.9314619883040935;0.8383157894736842;0.882437673130194;3982;293;768
882;vacuum;4750;;0.8096842105263158;0.9692540322580645;0.8096842105263158;0.8823124569855472;3846;122;904
717;pickup;4750;;0.864;0.9013837030529321;0.864;0.8822960335375685;4104;449;646
512;corkscrew;4750;;0.8614736842105263;0.9041095890410958;0.8614736842105263;0.8822768434670116;4092;434;658
830;stretcher;4750;;0.8147368421052632;0.9617296222664016;0.8147368421052632;0.8821518121723273;3870;154;880
735;poncho;4750;;0.8450526315789474;0.9225465410250517;0.8450526315789474;0.8821008680364795;4014;337;736
610;jersey;4750;;0.8898947368421053;0.8744311129499379;0.8898947368421053;0.8820951585976627;4227;607;523
984;rapeseed;4750;;0.9431578947368421;0.8282492142725087;0.9431578947368421;0.8819765724972931;4480;929;270
400;academic_gown;4750;;0.8425263157894737;0.9251040221914009;0.8425263157894737;0.881886293521375;4002;324;748
463;bucket;4750;;0.8383157894736842;0.9301565054893717;0.8383157894736842;0.8818514007308161;3982;299;768
464;buckle;4750;;0.8330526315789474;0.936568047337278;0.8330526315789474;0.8817827298050139;3957;268;793
774;sandal;4750;;0.8141052631578948;0.9614619592242666;0.8141052631578948;0.8816689466484269;3867;155;883
448;birdhouse;4750;;0.9082105263157895;0.8564621798689697;0.9082105263157895;0.8815776029426791;4314;723;436
837;sunglasses;4750;;0.8242105263157895;0.9472538107911929;0.8242105263157895;0.8814589665653496;3915;218;835
781;scoreboard;4750;;0.8686315789473684;0.8940411700975082;0.8686315789473684;0.8811532301121197;4126;489;624
877;turnstile;4750;;0.8545263157894737;0.9092741935483871;0.8545263157894737;0.8810505752116345;4059;405;691
184;Irish_terrier;4750;;0.8511578947368421;0.9126410835214447;0.8511578947368421;0.8808278867102396;4043;387;707
250;Siberian_husky;4750;;0.7911578947368421;0.9931289640591966;0.7911578947368421;0.880712444340286;3758;26;992
840;swab;4750;;0.8517894736842105;0.9114665465194863;0.8517894736842105;0.8806181303732723;4046;393;704
187;Yorkshire_terrier;4750;;0.8315789473684211;0.9357972044539209;0.8315789473684211;0.8806153160182812;3950;271;800
872;tripod;4750;;0.8389473684210527;0.9265287142524994;0.8389473684210527;0.8805656833499061;3985;316;765
754;radio;4750;;0.8122105263157895;0.9613755295290306;0.8122105263157895;0.8805203697363916;3858;155;892
866;tractor;4750;;0.8631578947368421;0.898531667762437;0.8631578947368421;0.8804896381402341;4100;463;650
160;Afghan_hound;4750;;0.8435789473684211;0.9207261029411765;0.8435789473684211;0.8804658316853439;4007;345;743
276;hyena;4750;;0.859578947368421;0.9023204419889502;0.859578947368421;0.8804312668463611;4083;442;667
777;scabbard;4750;;0.871578947368421;0.8887934735938171;0.871578947368421;0.8801020408163265;4140;518;610
346;water_buffalo;4750;;0.7941052631578948;0.9869178440607012;0.7941052631578948;0.8800746616892207;3772;50;978
906;Windsor_tie;4750;;0.8338947368421052;0.9315616180620885;0.8338947368421052;0.8800266607420573;3961;291;789
807;solar_dish;4750;;0.8206315789473684;0.9484184914841849;0.8206315789473684;0.8799097065462753;3898;212;852
75;black_widow;4750;;0.8503157894736842;0.9115323854660348;0.8503157894736842;0.8798605816359875;4039;392;711
589;hand_blower;4750;;0.8212631578947368;0.9468446601941748;0.8212631578947368;0.8795941375422773;3901;219;849
826;stopwatch;4750;;0.8027368421052632;0.9724560061208876;0.8027368421052632;0.8794833352554493;3813;108;937
667;mortarboard;4750;;0.8210526315789474;0.9468317552804079;0.8210526315789474;0.8794678092231367;3900;219;850
445;bikini;4750;;0.8633684210526316;0.8946335078534031;0.8633684210526316;0.8787229483608314;4101;483;649
383;Madagascar_cat;4750;;0.8475789473684211;0.9120978704123244;0.8475789473684211;0.8786556089044085;4026;388;724
834;suit;4750;;0.8821052631578947;0.8749216955523074;0.8821052631578947;0.8784987944228955;4190;599;560
693;paddle;4750;;0.8113684210526316;0.9575155279503106;0.8113684210526316;0.8784045584045583;3854;171;896
213;Irish_setter;4750;;0.8313684210526315;0.9307094037237803;0.8313684210526315;0.8782386300455911;3949;294;801
638;maillot;4750;;0.8461052631578947;0.912786736316148;0.8461052631578947;0.8781820168250846;4019;384;731
672;mountain_tent;4750;;0.8593684210526316;0.8971428571428571;0.8593684210526316;0.8778494623655915;4082;468;668
401;accordion;4750;;0.8212631578947368;0.9427259545674239;0.8212631578947368;0.8778127812781279;3901;237;849
278;kit_fox;4750;;0.8437894736842105;0.9146508443633045;0.8437894736842105;0.8777923784494086;4008;374;742
997;bolete;4750;;0.8608421052631579;0.8951401050788091;0.8608421052631579;0.8776561493882808;4089;479;661
703;park_bench;4750;;0.8711578947368421;0.8839991454817346;0.8711578947368421;0.8775315449051002;4138;543;612
418;ballpoint;4750;;0.8328421052631579;0.9271150691352238;0.8328421052631579;0.8774536985693691;3956;311;794
752;racket;4750;;0.9084210526315789;0.8484073928430987;0.9084210526315789;0.8773891825945507;4315;771;435
63;Indian_cobra;4750;;0.8197894736842105;0.943085492855413;0.8197894736842105;0.8771258024552315;3894;235;856
838;sunscreen;4750;;0.8147368421052632;0.9496932515337423;0.8147368421052632;0.8770538243626063;3870;205;880
56;king_snake;4750;;0.8029473684210526;0.9660587639311043;0.8029473684210526;0.8769832145320764;3814;134;936
502;clog;4750;;0.8456842105263158;0.9106778508274768;0.8456842105263158;0.8769784957974021;4017;394;733
617;lab_coat;4750;;0.8412631578947368;0.9154639175257732;0.8412631578947368;0.8767964893033461;3996;369;754
859;toaster;4750;;0.8416842105263158;0.9148741418764302;0.8416842105263158;0.8767543859649123;3998;372;752
914;yawl;4750;;0.8147368421052632;0.9480646741793238;0.8147368421052632;0.876358695652174;3870;212;880
294;brown_bear;4750;;0.911578947368421;0.84339696143358;0.911578947368421;0.876163496560097;4330;804;420
236;Doberman;4750;;0.8717894736842106;0.8801275239107332;0.8717894736842106;0.8759386567953463;4141;564;609
761;remote_control;4750;;0.8185263157894737;0.9418604651162791;0.8185263157894737;0.8758729443568372;3888;240;862
780;schooner;4750;;0.884;0.8677412688572019;0.884;0.8757951819793514;4199;640;551
477;carpenter's_kit;4750;;0.8261052631578948;0.9318451674186654;0.8261052631578948;0.8757951121526615;3924;287;826
957;pomegranate;4750;;0.8183157894736842;0.9418463775139326;0.8183157894736842;0.8757463106905486;3887;240;863
517;crane;4750;;0.8505263157894737;0.9023899932990842;0.8505263157894737;0.8756909071204075;4040;437;710
514;cowboy_boot;4750;;0.7997894736842105;0.9671588594704684;0.7997894736842105;0.8755473611431206;3799;129;951
725;pitcher;4750;;0.8612631578947368;0.889928214052643;0.8612631578947368;0.8753610784208836;4091;506;659
729;plate_rack;4750;;0.8138947368421052;0.946852804310556;0.8138947368421052;0.875353786935356;3866;217;884
573;go-kart;4750;;0.8987368421052632;0.8531175059952039;0.8987368421052632;0.875333196637277;4269;735;481
491;chain_saw;4750;;0.8517894736842105;0.900111234705228;0.8517894736842105;0.8752839372633855;4046;449;704
744;projectile;4750;;0.7997894736842105;0.96617497456765;0.7997894736842105;0.8751439760423866;3799;133;951
842;swimming_trunks;4750;;0.8543157894736843;0.8965974370304906;0.8543157894736843;0.8749460974558;4058;468;692
748;purse;4750;;0.7894736842105263;0.9811616954474097;0.7894736842105263;0.8749416705552963;3750;72;1000
802;snowmobile;4750;;0.8385263157894737;0.9145809414466131;0.8385263157894737;0.8749038989566172;3983;372;767
280;grey_fox;4750;;0.8465263157894737;0.905222872579919;0.8465263157894737;0.8748912097476065;4021;421;729
602;horizontal_bar;4750;;0.8227368421052632;0.9338112305854241;0.8227368421052632;0.8747621712367096;3908;277;842
133;bittern;4750;;0.7909473684210526;0.9783854166666667;0.7909473684210526;0.8747380675203725;3757;83;993
515;cowboy_hat;4750;;0.8471578947368421;0.9034575662325999;0.8471578947368421;0.8744024337244677;4024;430;726
349;bighorn;4750;;0.8536842105263158;0.8961325966850828;0.8536842105263158;0.8743935309973047;4055;470;695
258;Samoyed;4750;;0.8776842105263158;0.870900355128473;0.8776842105263158;0.8742791234140715;4169;618;581
57;garter_snake;4750;;0.804;0.9578630549285176;0.804;0.8742131166304223;3819;168;931
907;wine_bottle;4750;;0.8292631578947368;0.9242139840450493;0.8292631578947368;0.874167776298269;3939;323;811
714;pick;4750;;0.9107368421052632;0.8403263403263403;0.9107368421052632;0.8741159830268742;4326;822;424
621;lawn_mower;4750;;0.8812631578947369;0.8666666666666667;0.8812631578947369;0.8739039665970773;4186;644;564
360;otter;4750;;0.8145263157894737;0.9425091352009745;0.8145263157894737;0.8738565782044042;3869;236;881
117;chambered_nautilus;4750;;0.8456842105263158;0.9037120359955005;0.8456842105263158;0.8737357259380099;4017;428;733
632;loudspeaker;4750;;0.8292631578947368;0.9231310053902039;0.8292631578947368;0.8736830431407342;3939;328;811
710;pencil_sharpener;4750;;0.8492631578947368;0.8994425863991081;0.8492631578947368;0.8736329182458039;4034;451;716
169;borzoi;4750;;0.8833684210526316;0.8640856672158155;0.8833684210526316;0.8736206537580679;4196;660;554
564;four-poster;4750;;0.8023157894736842;0.9587421383647798;0.8023157894736842;0.8735816618911175;3811;164;939
441;beer_glass;4750;;0.8574736842105263;0.8902732240437159;0.8574736842105263;0.8735656836461126;4073;502;677
320;damselfly;4750;;0.8665263157894737;0.8806161745827985;0.8665263157894737;0.8735144312393888;4116;558;634
9;ostrich;4750;;0.9282105263157895;0.8247287691732136;0.9282105263157895;0.8734152139461173;4409;937;341
531;digital_watch;4750;;0.8385263157894737;0.9112331274307939;0.8385263157894737;0.8733691481197237;3983;388;767
205;flat-coated_retriever;4750;;0.8107368421052632;0.9461916461916462;0.8107368421052632;0.8732426303854874;3851;219;899
740;power_drill;4750;;0.8105263157894737;0.9464110127826942;0.8105263157894737;0.8732138806985711;3850;218;900
775;sarong;4750;;0.8370526315789474;0.912554509983934;0.8370526315789474;0.8731744811683321;3976;381;774
437;beacon;4750;;0.8362105263157895;0.9133134053805473;0.8362105263157895;0.8730629739531817;3972;377;778
897;washer;4750;;0.8212631578947368;0.9316933365177932;0.8212631578947368;0.8729998881056282;3901;286;849
456;bow;4750;;0.8627368421052631;0.8833800388014659;0.8627368421052631;0.8729364149536691;4098;541;652
590;hand-held_computer;4750;;0.791578947368421;0.9728331177231565;0.791578947368421;0.8728961114335462;3760;105;990
790;shopping_basket;4750;;0.8303157894736842;0.9195616693868035;0.8303157894736842;0.8726629051886271;3944;345;806
155;Shih-Tzu;4750;;0.8086315789473684;0.9476930668640513;0.8086315789473684;0.8726570487333862;3841;212;909
271;red_wolf;4750;;0.8456842105263158;0.9012788871438188;0.8456842105263158;0.8725969371130662;4017;440;733
422;barbell;4750;;0.8178947368421052;0.9350180505415162;0.8178947368421052;0.8725435148792813;3885;270;865
699;panpipe;4750;;0.8155789473684211;0.9380145278450364;0.8155789473684211;0.8725225225225225;3874;256;876
808;sombrero;4750;;0.8421052631578947;0.9051821679112921;0.8421052631578947;0.8725051804995091;4000;419;750
661;Model_T;4750;;0.8488421052631578;0.8973959492543957;0.8488421052631578;0.8724440116845179;4032;461;718
765;rocking_chair;4750;;0.8703157894736843;0.8745504548339327;0.8703157894736843;0.8724279835390947;4134;593;616
292;tiger;4750;;0.8736842105263158;0.8705684917138662;0.8736842105263158;0.8721235683513713;4150;617;600
734;police_van;4750;;0.8275789473684211;0.9216881594372802;0.8275789473684211;0.87210205213533;3931;334;819
168;redbone;4750;;0.8452631578947368;0.9006280843427547;0.8452631578947368;0.8720677671589923;4015;443;735
747;punching_bag;4750;;0.8212631578947368;0.9288095238095239;0.8212631578947368;0.871731843575419;3901;299;849
572;goblet;4750;;0.8578947368421053;0.8852922007386487;0.8578947368421053;0.8713781674329091;4075;528;675
412;ashcan;4750;;0.8496842105263158;0.8939091915836102;0.8496842105263158;0.8712358337830545;4036;479;714
71;scorpion;4750;;0.8088421052631579;0.943516699410609;0.8088421052631579;0.871004307413285;3842;230;908
548;entertainment_center;4750;;0.8547368421052631;0.8874316939890711;0.8547368421052631;0.8707774798927614;4060;515;690
982;groom;4750;;0.8031578947368421;0.950186799501868;0.8031578947368421;0.8705077010838562;3815;200;935
41;whiptail;4750;;0.7970526315789473;0.9587237275259559;0.7970526315789473;0.8704448787216922;3786;163;964
482;cassette_player;4750;;0.8014736842105263;0.9510367224581564;0.8014736842105263;0.8698731863361133;3807;196;943
639;maillot;4750;;0.8532631578947368;0.8870650032829941;0.8532631578947368;0.8698358192939155;4053;516;697
501;cloak;4750;;0.8343157894736842;0.9079037800687285;0.8343157894736842;0.8695556774547449;3963;402;787
224;groenendael;4750;;0.8242105263157895;0.9198778195488722;0.8242105263157895;0.8694203864090606;3915;341;835
366;gorilla;4750;;0.828;0.9150767798976268;0.828;0.8693633952254642;3933;365;817
134;crane;4750;;0.7888421052631579;0.9679669336088866;0.7888421052631579;0.8692727061825775;3747;124;1003
716;picket_fence;4750;;0.8783157894736842;0.860383584244174;0.8783157894736842;0.8692572142931555;4172;677;578
551;face_powder;4750;;0.8214736842105264;0.9226767557342161;0.8214736842105264;0.8691391023499276;3902;327;848
411;apron;4750;;0.8427368421052631;0.8971313312415957;0.8427368421052631;0.8690838037342596;4003;459;747
311;grasshopper;4750;;0.7972631578947369;0.9546256617091001;0.7972631578947369;0.8688769071928416;3787;180;963
239;Bernese_mountain_dog;4750;;0.8543157894736843;0.8839032890437813;0.8543157894736843;0.8688577240124183;4058;533;692
132;American_egret;4750;;0.8816842105263157;0.8562666121447556;0.8816842105263157;0.8687895446530443;4188;703;562
675;moving_van;4750;;0.8183157894736842;0.9256965944272446;0.8183157894736842;0.8687004134540172;3887;312;863
368;gibbon;4750;;0.812;0.9336722343258291;0.812;0.8685958788424727;3857;274;893
147;grey_whale;4750;;0.8658947368421053;0.8712137259055285;0.8658947368421053;0.8685460880582833;4113;608;637
171;Italian_greyhound;4750;;0.8547368421052631;0.8824168658987177;0.8547368421052631;0.8683563255266816;4060;541;690
941;acorn_squash;4750;;0.7905263157894736;0.9630674531931265;0.7905263157894736;0.8683084749682043;3755;144;995
379;howler_monkey;4750;;0.8090526315789474;0.9368600682593856;0.8090526315789474;0.8682783551739719;3843;259;907
706;patio;4750;;0.8141052631578948;0.93001443001443;0.8141052631578948;0.8682083520431072;3867;291;883
406;altar;4750;;0.8130526315789474;0.9312756209307933;0.8130526315789474;0.8681578060020232;3862;285;888
697;pajama;4750;;0.8231578947368421;0.918271488961954;0.8231578947368421;0.8681172291296625;3910;348;840
259;Pomeranian;4750;;0.879578947368421;0.8568498769483183;0.879578947368421;0.8680656555163099;4178;698;572
504;coffee_mug;4750;;0.8162105263157895;0.9268467606980636;0.8162105263157895;0.8680174633381843;3877;306;873
348;ram;4750;;0.7907368421052632;0.9618437900128041;0.7907368421052632;0.8679376083188908;3756;149;994
367;chimpanzee;4750;;0.8048421052631579;0.9416256157635468;0.8048421052631579;0.867877412031782;3823;237;927
165;black-and-tan_coonhound;4750;;0.8086315789473684;0.9363725012189176;0.8086315789473684;0.8678264798915499;3841;261;909
257;Great_Pyrenees;4750;;0.7941052631578948;0.956632006086736;0.7941052631578948;0.8678246865293916;3772;171;978
627;limousine;4750;;0.8345263157894737;0.9035787554137223;0.8345263157894737;0.8676808580496881;3964;423;786
574;golf_ball;4750;;0.8298947368421052;0.9089232188148489;0.8298947368421052;0.8676130736216573;3942;395;808
219;cocker_spaniel;4750;;0.808;0.9365544167886775;0.808;0.8675406871609403;3838;260;912
281;tabby;4750;;0.8534736842105263;0.8818794866217098;0.8534736842105263;0.8674440997111371;4054;543;696
800;slot;4750;;0.8972631578947369;0.8394721292101635;0.8972631578947369;0.8674061259794444;4262;815;488
330;wood_rabbit;4750;;0.8757894736842106;0.859149111937216;0.8757894736842106;0.8673894912427023;4160;682;590
154;Pekinese;4750;;0.8103157894736842;0.9330909090909091;0.8103157894736842;0.8673802816901408;3849;276;901
822;steel_drum;4750;;0.832421052631579;0.9052197802197802;0.832421052631579;0.8672954595305988;3954;414;796
490;chain_mail;4750;;0.7814736842105263;0.9740225662555759;0.7814736842105263;0.8671884125686251;3712;99;1038
246;Great_Dane;4750;;0.776;0.982409381663113;0.776;0.8670900964478946;3686;66;1064
331;hare;4750;;0.8023157894736842;0.9430833951992081;0.8023157894736842;0.8670230917984302;3811;230;939
566;French_horn;4750;;0.7806315789473685;0.9747634069400631;0.7806315789473685;0.866962824409633;3708;96;1042
444;bicycle-built-for-two;4750;;0.88;0.8542816268138157;0.88;0.8669501192574924;4180;713;570
202;soft-coated_wheaten_terrier;4750;;0.7981052631578948;0.948224112056028;0.7981052631578948;0.8667123914037493;3791;207;959
322;ringlet;4750;;0.8808421052631579;0.8528332653893193;0.8808421052631579;0.8666114333057168;4184;722;566
82;ruffed_grouse;4750;;0.7974736842105263;0.9484226339509264;0.7974736842105263;0.8664226898444648;3788;206;962
318;lacewing;4750;;0.8134736842105263;0.9266187050359712;0.8134736842105263;0.8663677130044843;3864;306;886
495;china_cabinet;4750;;0.8166315789473684;0.9220347040646542;0.8166315789473684;0.866138215920509;3879;328;871
409;analog_clock;4750;;0.8326315789473684;0.9023499885922884;0.8326315789473684;0.8660900032847914;3955;428;795
269;timber_wolf;4750;;0.8328421052631579;0.9019607843137255;0.8328421052631579;0.8660245183887917;3956;430;794
565;freight_car;4750;;0.9149473684210526;0.8220162663135994;0.9149473684210526;0.8659958154827139;4346;941;404
423;barber_chair;4750;;0.8414736842105263;0.8919883954474448;0.8414736842105263;0.8659950167912468;3997;484;753
122;American_lobster;4750;;0.8132631578947368;0.9257129163671219;0.8132631578947368;0.8658522918301019;3863;310;887
592;hard_disc;4750;;0.8162105263157895;0.9217784117926772;0.8162105263157895;0.8657882983474766;3877;329;873
939;zucchini;4750;;0.7922105263157895;0.954107505070994;0.7922105263157895;0.8656544743501265;3763;181;987
557;flagpole;4750;;0.8282105263157895;0.9064516129032258;0.8282105263157895;0.8655665566556655;3934;406;816
342;wild_boar;4750;;0.8381052631578947;0.89380332285586;0.8381052631578947;0.8650586701434159;3981;473;769
398;abacus;4750;;0.8545263157894737;0.8753504420961828;0.8545263157894737;0.8648130393096836;4059;578;691
588;hamper;4750;;0.8218947368421052;0.9119364634431207;0.8218947368421052;0.8645775661610009;3904;377;846
759;reflex_camera;4750;;0.8709473684210526;0.8582987551867219;0.8709473684210526;0.8645768025078369;4137;683;613
584;hair_slide;4750;;0.8482105263157895;0.881233595800525;0.8482105263157895;0.8644067796610171;4029;543;721
993;gyromitra;4750;;0.8888421052631579;0.8408683529177454;0.8888421052631579;0.8641899498516017;4222;799;528
600;hook;4750;;0.8117894736842105;0.9238140872065165;0.8117894736842105;0.8641864634692962;3856;318;894
396;lionfish;4750;;0.8625263157894737;0.8652587117212249;0.8625263157894737;0.8638903531892462;4097;638;653
403;aircraft_carrier;4750;;0.8389473684210527;0.8899062081286289;0.8389473684210527;0.8636757693974859;3985;493;765
459;brassiere;4750;;0.8427368421052631;0.8856194690265486;0.8427368421052631;0.863646170442287;4003;517;747
436;beach_wagon;4750;;0.856421052631579;0.8709055876685935;0.856421052631579;0.8636025899586031;4068;603;682
176;Saluki;4750;;0.8511578947368421;0.876246207195492;0.8511578947368421;0.8635198633062794;4043;571;707
373;macaque;4750;;0.7810526315789473;0.9653916211293261;0.7810526315789473;0.8634935412545095;3710;133;1040
230;Shetland_sheepdog;4750;;0.8181052631578948;0.9141378499176664;0.8181052631578948;0.8634596155982668;3886;365;864
375;colobus;4750;;0.7797894736842105;0.9663448995564832;0.7797894736842105;0.8631014796691134;3704;129;1046
254;pug;4750;;0.8326315789473684;0.8958097395243488;0.8326315789473684;0.8630660120021822;3955;460;795
869;trench_coat;4750;;0.8250526315789474;0.90466297322253;0.8250526315789474;0.8630257652499449;3919;413;831
721;pillow;4750;;0.8572631578947368;0.8686006825938567;0.8572631578947368;0.8628946810764992;4072;616;678
362;badger;4750;;0.8541052631578947;0.8717232488182208;0.8541052631578947;0.8628243300723096;4057;597;693
938;cauliflower;4750;;0.7810526315789473;0.9636363636363636;0.7810526315789473;0.8627906976744185;3710;140;1040
479;car_wheel;4750;;0.8625263157894737;0.8627079385133712;0.8625263157894737;0.8626171175913254;4097;652;653
966;red_wine;4750;;0.8372631578947368;0.8895101766942518;0.8372631578947368;0.8625962476954776;3977;494;773
731;plunger;4750;;0.8048421052631579;0.9290400972053463;0.8048421052631579;0.8624929498025945;3823;292;927
304;leaf_beetle;4750;;0.8374736842105264;0.8885414339959794;0.8374736842105264;0.8622520862685596;3978;499;772
452;bonnet;4750;;0.8130526315789474;0.9177756653992395;0.8130526315789474;0.8622460370618441;3862;346;888
608;jean;4750;;0.8543157894736843;0.8702552005146901;0.8543157894736843;0.862211834696696;4058;605;692
432;bassoon;4750;;0.8071578947368421;0.924523752109959;0.8071578947368421;0.8618635495110711;3834;313;916
709;pencil_box;4750;;0.7850526315789473;0.9544407473765038;0.7850526315789473;0.8614993646759848;3729;178;1021
585;hair_spray;4750;;0.7846315789473685;0.9549064821931847;0.7846315789473685;0.8614353403443893;3727;176;1023
833;submarine;4750;;0.8170526315789474;0.9103917429040582;0.8170526315789474;0.8612004881837345;3881;382;869
789;shoji;4750;;0.8433684210526315;0.8796662274923145;0.8433684210526315;0.861134995700774;4006;548;744
201;silky_terrier;4750;;0.8446315789473684;0.8782837127845884;0.8446315789473684;0.8611289976389782;4012;556;738
335;fox_squirrel;4750;;0.7943157894736842;0.939960139511709;0.7943157894736842;0.8610223642172523;3773;241;977
414;backpack;4750;;0.7844210526315789;0.9536728948041976;0.7844210526315789;0.860806283932078;3726;181;1024
222;kuvasz;4750;;0.8336842105263158;0.8896877106268254;0.8336842105263158;0.8607760026084122;3960;491;790
583;guillotine;4750;;0.836;0.8869778869778869;0.836;0.860734800043351;3971;506;779
827;stove;4750;;0.8309473684210527;0.8923807370562966;0.8309473684210527;0.8605690613757768;3947;476;803
719;piggy_bank;4750;;0.8968421052631579;0.8270238788584741;0.8968421052631579;0.8605191394808606;4260;891;490
324;cabbage_butterfly;4750;;0.7947368421052632;0.9374223988080457;0.7947368421052632;0.8602028027799932;3775;252;975
892;wall_clock;4750;;0.8341052631578947;0.8879426266248319;0.8341052631578947;0.8601823708206687;3962;500;788
188;wire-haired_fox_terrier;4750;;0.8351578947368421;0.8856887698146908;0.8351578947368421;0.8596814389424641;3967;512;783
640;manhole_cover;4750;;0.7953684210526316;0.9349170997277901;0.7953684210526316;0.8595154134910704;3778;263;972
618;ladle;4750;;0.7917894736842105;0.9393106893106893;0.7917894736842105;0.859264336303404;3761;243;989
485;CD_player;4750;;0.7865263157894736;0.9465416772232075;0.7865263157894736;0.8591468322410026;3736;211;1014
816;spindle;4750;;0.9056842105263158;0.8164737141772632;0.9056842105263158;0.858768340153708;4302;967;448
42;agama;4750;;0.7694736842105263;0.9707835325365206;0.7694736842105263;0.8584850264239576;3655;110;1095
937;broccoli;4750;;0.836421052631579;0.8817132711939636;0.836421052631579;0.8584701815038894;3973;533;777
676;muzzle;4750;;0.7884210526315789;0.9421383647798742;0.7884210526315789;0.8584527220630372;3745;230;1005
804;soap_dispenser;4750;;0.7953684210526316;0.9323790720631787;0.7953684210526316;0.8584412633492388;3778;274;972
898;water_bottle;4750;;0.788;0.9425837320574163;0.788;0.8583877995642702;3743;228;1007
48;Komodo_dragon;4750;;0.7726315789473684;0.9642669469259064;0.7726315789473684;0.8578775128564751;3670;136;1080
343;warthog;4750;;0.8126315789473684;0.9084490468345493;0.8126315789473684;0.857873097010779;3860;389;890
520;crib;4750;;0.8214736842105264;0.8976305498044629;0.8214736842105264;0.8578652302957019;3902;445;848
947;mushroom;4750;;0.7642105263157895;0.9768568353067815;0.7642105263157895;0.8575478384124735;3630;86;1120
521;Crock_Pot;4750;;0.7985263157894736;0.9257993653893093;0.7985263157894736;0.8574658076184016;3793;304;957
256;Newfoundland;4750;;0.8128421052631579;0.9071898496240601;0.8128421052631579;0.8574283810792804;3861;395;889
40;American_chameleon;4750;;0.7995789473684211;0.9240875912408759;0.7995789473684211;0.8573363431151242;3798;312;952
635;magnetic_compass;4750;;0.8067368421052632;0.9145584725536993;0.8067368421052632;0.8572706935123042;3832;358;918
853;thatch;4750;;0.871578947368421;0.8431771894093686;0.871578947368421;0.8571428571428572;4140;770;610
352;impala;4750;;0.8347368421052631;0.8807196801421591;0.8347368421052631;0.8571119757890185;3965;537;785
177;Scottish_deerhound;4750;;0.875578947368421;0.8391848264729621;0.875578947368421;0.856995672779724;4159;797;591
370;guenon;4750;;0.7528421052631579;0.9944382647385984;0.7528421052631579;0.8569374550682962;3576;20;1174
345;ox;4750;;0.7532631578947369;0.9933370349805664;0.7532631578947369;0.8568007662835249;3578;24;1172
649;megalith;4750;;0.8349473684210527;0.8795741849634066;0.8349473684210527;0.8566799870396372;3966;543;784
37;box_turtle;4750;;0.7968421052631579;0.9261071690726694;0.7968421052631579;0.8566255516578024;3785;302;965
845;syringe;4750;;0.7976842105263158;0.9248230412496949;0.7976842105263158;0.8565615462868769;3789;308;961
310;ant;4750;;0.8151578947368421;0.9017233348858873;0.8151578947368421;0.8562582927908006;3872;422;878
191;Airedale;4750;;0.8282105263157895;0.8860360360360361;0.8282105263157895;0.8561479869423285;3934;506;816
943;cucumber;4750;;0.8265263157894737;0.8876328283970156;0.8265263157894737;0.8559904066281477;3926;497;824
543;dumbbell;4750;;0.864;0.8481091134531928;0.864;0.8559808113463343;4104;735;646
486;cello;4750;;0.7621052631578947;0.9760043138312213;0.7621052631578947;0.8558931315758364;3620;89;1130
579;grand_piano;4750;;0.7978947368421052;0.9228147065984904;0.7978947368421052;0.8558202551654058;3790;317;960
778;scale;4750;;0.7711578947368422;0.9611650485436893;0.7711578947368422;0.8557411517346105;3663;148;1087
356;weasel;4750;;0.7686315789473684;0.9645970937912813;0.7686315789473684;0.8555360281195079;3651;134;1099
338;guinea_pig;4750;;0.8221052631578948;0.8917561087006166;0.8221052631578948;0.8555153905137475;3905;474;845
931;bagel;4750;;0.787578947368421;0.9359519639729798;0.787578947368421;0.855378987081285;3741;256;1009
691;oxygen_mask;4750;;0.7663157894736842;0.9678277053975006;0.7663157894736842;0.8553636470450006;3640;121;1110
468;cab;4750;;0.868421052631579;0.8425245098039216;0.868421052631579;0.8552767986730252;4125;771;625
498;cinema;4750;;0.8463157894736842;0.8643302515588046;0.8463157894736842;0.8552281672162536;4020;631;730
587;hammer;4750;;0.7945263157894736;0.9256806475349522;0.7945263157894736;0.8551036592273706;3774;303;976
293;cheetah;4750;;0.8661052631578947;0.8440705785802216;0.8661052631578947;0.8549459684123025;4114;760;636
39;common_iguana;4750;;0.764421052631579;0.9695594125500667;0.764421052631579;0.8548557975279576;3631;114;1119
421;bannister;4750;;0.8486315789473684;0.8609568560444255;0.8486315789473684;0.8547497879558948;4031;651;719
380;titi;4750;;0.7892631578947369;0.931891623166791;0.7892631578947369;0.8546677305368746;3749;274;1001
209;Chesapeake_Bay_retriever;4750;;0.8273684210526315;0.8835431654676259;0.8273684210526315;0.8545335942596215;3930;518;820
720;pill_bottle;4750;;0.8204210526315789;0.8913540713632205;0.8204210526315789;0.854417890813418;3897;475;853
836;sunglass;4750;;0.8301052631578948;0.8799375139477795;0.8301052631578948;0.8542953092839346;3943;538;807
333;hamster;4750;;0.8827368421052632;0.8268586077696707;0.8827368421052632;0.8538845331432644;4193;878;557
252;affenpinscher;4750;;0.8389473684210527;0.8691384950926936;0.8389473684210527;0.853776111408677;3985;600;765
538;dome;4750;;0.9006315789473684;0.8114567526555387;0.9006315789473684;0.8537218120135702;4278;994;472
289;snow_leopard;4750;;0.828421052631579;0.8805101812486015;0.828421052631579;0.8536717648334962;3935;534;815
899;water_jug;4750;;0.7705263157894737;0.9568627450980393;0.7705263157894737;0.8536443148688048;3660;165;1090
30;bullfrog;4750;;0.8006315789473685;0.9137433925997117;0.8006315789473685;0.8534560143626572;3803;359;947
554;fireboat;4750;;0.8353684210526315;0.8715132879420162;0.8353684210526315;0.8530581532838869;3968;585;782
212;English_setter;4750;;0.7907368421052632;0.9258072467340399;0.7907368421052632;0.8529578744180766;3756;301;994
968;cup;4750;;0.7905263157894736;0.9260172626387176;0.7905263157894736;0.8529244747302669;3755;300;995
365;orangutan;4750;;0.8673684210526316;0.8389330075341072;0.8673684210526316;0.8529137770417141;4120;791;630
622;lens_cap;4750;;0.7730526315789473;0.951048951048951;0.7730526315789473;0.8528626175821623;3672;189;1078
443;bib;4750;;0.8094736842105263;0.9008903467666354;0.8094736842105263;0.8527389665114217;3845;423;905
120;fiddler_crab;4750;;0.7808421052631579;0.9389873417721519;0.7808421052631579;0.8526436781609196;3709;241;1041
596;hatchet;4750;;0.8042105263157895;0.9069325735992403;0.8042105263157895;0.8524882838652086;3820;392;930
28;spotted_salamander;4750;;0.7776842105263158;0.9430686750063825;0.7776842105263158;0.8524287527402791;3694;223;1056
241;EntleBucher;4750;;0.8945263157894737;0.813984674329502;0.8945263157894737;0.852357071213641;4249;971;501
38;banded_gecko;4750;;0.76;0.9701693093254502;0.76;0.8523196789044977;3610;111;1140
378;capuchin;4750;;0.8141052631578948;0.8941040462427746;0.8141052631578948;0.8522314049586778;3867;458;883
724;pirate;4750;;0.8547368421052631;0.8495501150868382;0.8547368421052631;0.8521355861055724;4060;719;690
272;coyote;4750;;0.8094736842105263;0.8994152046783626;0.8094736842105263;0.8520775623268697;3845;430;905
689;overskirt;4750;;0.8223157894736842;0.883710407239819;0.8223157894736842;0.8519083969465648;3906;514;844
220;Sussex_spaniel;4750;;0.8218947368421052;0.8840579710144928;0.8218947368421052;0.8518437704560331;3904;512;846
918;crossword_puzzle;4750;;0.8132631578947368;0.8940060171256654;0.8132631578947368;0.8517252783596074;3863;458;887
856;thresher;4750;;0.7768421052631579;0.9425287356321839;0.7768421052631579;0.8517022504327754;3690;225;1060
952;fig;4750;;0.8606315789473684;0.8428865979381444;0.8606315789473684;0.8516666666666667;4088;762;662
858;tile_roof;4750;;0.8814736842105263;0.8235641227380016;0.8814736842105263;0.8515354891193818;4187;897;563
595;harvester;4750;;0.8692631578947368;0.8341414141414142;0.8692631578947368;0.851340206185567;4129;821;621
505;coffeepot;4750;;0.816;0.8896029378012393;0.816;0.8512133523663116;3876;481;874
791;shopping_cart;4750;;0.8128421052631579;0.8933364183248496;0.8128421052631579;0.8511904761904762;3861;461;889
867;trailer_truck;4750;;0.8917894736842106;0.813989239046887;0.8917894736842106;0.8511151295961423;4236;968;514
758;reel;4750;;0.8372631578947368;0.8653176675369887;0.8372631578947368;0.8510592766959127;3977;619;773
558;flute;4750;;0.771578947368421;0.947273197208581;0.771578947368421;0.8504466875507599;3665;204;1085
651;microwave;4750;;0.8098947368421052;0.8938197026022305;0.8098947368421052;0.8497901480008836;3847;457;903
114;slug;4750;;0.772;0.944129763130793;0.772;0.8494324762566596;3667;217;1083
848;tape_player;4750;;0.8187368421052632;0.881859410430839;0.8187368421052632;0.8491266375545852;3889;521;861
956;custard_apple;4750;;0.8301052631578948;0.8688849713530189;0.8301052631578948;0.8490525409130061;3943;595;807
519;crate;4750;;0.8368421052631579;0.8613217768147345;0.8368421052631579;0.8489054991991458;3975;640;775
493;chiffonier;4750;;0.8117894736842105;0.8890938436707402;0.8117894736842105;0.8486849345218443;3856;481;894
809;soup_bowl;4750;;0.775578947368421;0.9369277721261444;0.775578947368421;0.8486523842432618;3684;248;1066
803;snowplow;4750;;0.8357894736842105;0.8615451388888888;0.8357894736842105;0.8484718957042102;3970;638;780
199;Scotch_terrier;4750;;0.7901052631578948;0.915589168089778;0.7901052631578948;0.8482314385806305;3753;346;997
690;oxcart;4750;;0.7844210526315789;0.9227340267459139;0.7844210526315789;0.8479745106964043;3726;312;1024
534;dishwasher;4750;;0.7764210526315789;0.9331983805668016;0.7764210526315789;0.8476212364973569;3688;264;1062
969;eggnog;4750;;0.7543157894736842;0.9670715249662618;0.7543157894736842;0.847545830869308;3583;122;1167
787;shield;4750;;0.7978947368421052;0.9036719122556033;0.7978947368421052;0.8474955277280858;3790;404;960
228;komondor;4750;;0.8578947368421053;0.8370994248151191;0.8578947368421053;0.8473695154917862;4075;793;675
413;assault_rifle;4750;;0.8349473684210527;0.8595578673602081;0.8349473684210527;0.8470739000427169;3966;648;784
647;measuring_cup;4750;;0.7463157894736843;0.9792817679558011;0.7463157894736843;0.847072879330944;3545;75;1205
214;Gordon_setter;4750;;0.8176842105263158;0.8783355947535052;0.8176842105263158;0.8469254252071522;3884;538;866
967;espresso;4750;;0.8315789473684211;0.8628221930974225;0.8315789473684211;0.8469125214408234;3950;628;800
81;ptarmigan;4750;;0.8067368421052632;0.8909555917228551;0.8067368421052632;0.8467572643906751;3832;469;918
581;grille;4750;;0.8296842105263158;0.8644439570081158;0.8296842105263158;0.8467074873778064;3941;618;809
104;wallaby;4750;;0.7806315789473685;0.9246882793017457;0.7806315789473685;0.8465753424657534;3708;302;1042
772;safety_pin;4750;;0.7829473684210526;0.9200890648193963;0.7829473684210526;0.8459963603275705;3719;323;1031
510;container_ship;4750;;0.8509473684210527;0.8410320432792343;0.8509473684210527;0.845960652992884;4042;764;708
713;photocopier;4750;;0.840842105263158;0.8510547624121031;0.840842105263158;0.8459176109287303;3994;699;756
824;stole;4750;;0.7698947368421053;0.9384141647421094;0.7698947368421053;0.8458424887244133;3657;240;1093
204;Lhasa;4750;;0.7772631578947369;0.926009530975671;0.7772631578947369;0.8451413528671169;3692;295;1058
875;trombone;4750;;0.7614736842105263;0.9493438320209974;0.7614736842105263;0.8450934579439252;3617;193;1133
951;lemon;4750;;0.7656842105263157;0.9422279792746114;0.7656842105263157;0.8448315911730546;3637;223;1113
878;typewriter_keyboard;4750;;0.8109473684210526;0.8816662851911192;0.8109473684210526;0.8448294769163286;3852;517;898
650;microphone;4750;;0.8136842105263158;0.8784090909090909;0.8136842105263158;0.8448087431693989;3865;535;885
234;Rottweiler;4750;;0.8336842105263158;0.8556611927398444;0.8336842105263158;0.8445297504798464;3960;668;790
960;chocolate_sauce;4750;;0.7717894736842106;0.9323499491353001;0.7717894736842106;0.8445058742225295;3666;266;1084
630;Loafer;4750;;0.8433684210526315;0.844969415735077;0.8433684210526315;0.8441681593088188;4006;735;744
801;snorkel;4750;;0.8612631578947368;0.8276350394497269;0.8612631578947368;0.8441143092953677;4091;852;659
620;laptop;4750;;0.8244210526315789;0.864650033119894;0.8244210526315789;0.8440564716025435;3916;613;834
424;barbershop;4750;;0.8128421052631579;0.8776994771538986;0.8128421052631579;0.8440266695813751;3861;538;889
399;abaya;4750;;0.8572631578947368;0.8311900387834252;0.8572631578947368;0.8440252875945694;4072;827;678
475;car_mirror;4750;;0.9210526315789473;0.7786082932906211;0.9210526315789473;0.843861510271;4375;1244;375
963;pizza;4750;;0.7917894736842105;0.9032180595581172;0.7917894736842105;0.8438411487547678;3761;403;989
786;sewing_machine;4750;;0.7928421052631579;0.9013882240306367;0.7928421052631579;0.8436379928315413;3766;412;984
410;apiary;4750;;0.8370526315789474;0.8501175967500535;0.8370526315789474;0.8435345284820198;3976;701;774
223;schipperke;4750;;0.8383157894736842;0.8468736707783922;0.8383157894736842;0.8425730004231908;3982;720;768
694;paddlewheel;4750;;0.8867368421052632;0.8021329270615121;0.8867368421052632;0.8423157684231577;4212;1039;538
887;vestment;4750;;0.8330526315789474;0.8517003874300474;0.8330526315789474;0.8422733077905491;3957;689;793
705;passenger_car;4750;;0.7924210526315789;0.897686620558073;0.7924210526315789;0.8417756904841777;3764;429;986
784;screwdriver;4750;;0.8231578947368421;0.8612334801762115;0.8231578947368421;0.8417653390742734;3910;630;840
2;great_white_shark;4750;;0.8109473684210526;0.8748580513286396;0.8109473684210526;0.841691248770895;3852;551;898
702;parallel_bars;4750;;0.8566315789473684;0.8272006505387274;0.8566315789473684;0.8416589099182956;4069;850;681
814;speedboat;4750;;0.9002105263157895;0.7900960827790096;0.9002105263157895;0.841566620743948;4276;1136;474
312;cricket;4750;;0.744;0.9684845163058372;0.744;0.8415287534230266;3534;115;1216
896;washbasin;4750;;0.8549473684210527;0.8280995106035889;0.8549473684210527;0.8413093018437953;4061;843;689
893;wallet;4750;;0.8063157894736842;0.8788435061955026;0.8063157894736842;0.8410188844971453;3830;528;920
889;violin;4750;;0.8029473684210526;0.8828703703703704;0.8029473684210526;0.8410143329658214;3814;506;936
337;beaver;4750;;0.7903157894736842;0.8985160363810436;0.7903157894736842;0.8409498207885305;3754;424;996
36;terrapin;4750;;0.7372631578947368;0.9779391231499581;0.7372631578947368;0.8407154003120874;3502;79;1248
813;spatula;4750;;0.7941052631578948;0.8921475875118259;0.7941052631578948;0.8402762307863667;3772;456;978
655;miniskirt;4750;;0.8473684210526315;0.8331608362657835;0.8473684210526315;0.8402045715478551;4025;806;725
371;patas;4750;;0.7936842105263158;0.8918854979891175;0.7936842105263158;0.8399242508633173;3770;457;980
153;Maltese_dog;4750;;0.7538947368421053;0.94785600847009;0.7538947368421053;0.8398217636022515;3581;197;1169
197;giant_schnauzer;4750;;0.7701052631578947;0.9232710752145381;0.7701052631578947;0.839761248852158;3658;304;1092
903;wig;4750;;0.9031578947368422;0.7844212835984641;0.9031578947368422;0.8396124865446718;4290;1179;460
671;mountain_bike;4750;;0.8726315789473684;0.8075199688291448;0.8726315789473684;0.8388141252656076;4145;988;605
438;beaker;4750;;0.759578947368421;0.9364131845315339;0.759578947368421;0.8387771707543881;3608;245;1142
433;bathing_cap;4750;;0.8816842105263157;0.7996944815734199;0.8816842105263157;0.8386902973866026;4188;1049;562
776;sax;4750;;0.7343157894736843;0.9775784753363229;0.7343157894736843;0.8386631401779274;3488;80;1262
237;miniature_pinscher;4750;;0.8726315789473684;0.8067341377968081;0.8726315789473684;0.8383899676375404;4145;993;605
288;leopard;4750;;0.788;0.8954545454545455;0.788;0.8382978723404256;3743;437;1007
513;cornet;4750;;0.7454736842105263;0.9572857529061909;0.7454736842105263;0.8382057048171381;3541;158;1209
46;green_lizard;4750;;0.7305263157894737;0.9830028328611898;0.7305263157894737;0.8381642512077294;3470;60;1280
305;dung_beetle;4750;;0.8048421052631579;0.8742282186142236;0.8048421052631579;0.8381015016990024;3823;550;927
240;Appenzeller;4750;;0.7496842105263158;0.9501067235859125;0.7496842105263158;0.8380795481289716;3561;187;1189
730;plow;4750;;0.804;0.874914089347079;0.804;0.8379594075699397;3819;546;931
285;Egyptian_cat;4750;;0.7726315789473684;0.9145277846997258;0.7726315789473684;0.837612689718133;3670;343;1080
861;toilet_seat;4750;;0.8111578947368421;0.8652593757017741;0.8111578947368421;0.8373356514180158;3853;600;897
864;tow_truck;4750;;0.8288421052631579;0.8459389772238934;0.8288421052631579;0.8373032752020417;3937;717;813
372;baboon;4750;;0.7713684210526316;0.9153135148638522;0.7713684210526316;0.8371986747400891;3664;339;1086
910;wooden_spoon;4750;;0.7991578947368421;0.8785003471418653;0.7991578947368421;0.8369529269099327;3796;525;954
238;Greater_Swiss_Mountain_dog;4750;;0.7334736842105263;0.9734562727018721;0.7334736842105263;0.8365950294152958;3484;95;1266
391;coho;4750;;0.7974736842105263;0.8794984908288832;0.7974736842105263;0.8364800706635752;3788;519;962
718;pier;4750;;0.7833684210526316;0.8964105034931342;0.7833684210526316;0.836085833052466;3721;430;1029
678;neck_brace;4750;;0.8025263157894736;0.8723112128146453;0.8025263157894736;0.8359649122807018;3812;558;938
309;bee;4750;;0.8515789473684211;0.820154095701541;0.8515789473684211;0.8355711629828548;4045;887;705
767;rubber_eraser;4750;;0.8471578947368421;0.823914823914824;0.8471578947368421;0.8353747145526261;4024;860;726
933;cheeseburger;4750;;0.7583157894736842;0.9295483870967742;0.7583157894736842;0.8352463768115941;3602;273;1148
932;pretzel;4750;;0.8122105263157895;0.8584779706275033;0.8122105263157895;0.834703591518823;3858;636;892
149;dugong;4750;;0.7936842105263158;0.8794028458129228;0.7936842105263158;0.8343476817527941;3770;517;980
233;Bouvier_des_Flandres;4750;;0.795578947368421;0.8767981438515081;0.795578947368421;0.8342163355408388;3779;531;971
416;balance_beam;4750;;0.867578947368421;0.8033138401559454;0.867578947368421;0.8342105263157894;4121;1009;629
394;sturgeon;4750;;0.7322105263157894;0.9690721649484536;0.7322105263157894;0.8341527761122436;3478;111;1272
105;koala;4750;;0.8162105263157895;0.8526500989663515;0.8162105263157895;0.8340324835968592;3877;670;873
929;ice_lolly;4750;;0.8246315789473684;0.8423655913978495;0.8246315789473684;0.833404255319149;3917;733;833
163;bloodhound;4750;;0.7816842105263158;0.8916906820365034;0.7816842105263158;0.8330715728068206;3713;451;1037
386;African_elephant;4750;;0.8042105263157895;0.8638625056535504;0.8042105263157895;0.8329699084169211;3820;602;930
283;Persian_cat;4750;;0.8315789473684211;0.8340371621621622;0.8315789473684211;0.8328062407758803;3950;786;800
942;butternut_squash;4750;;0.7528421052631579;0.931735278791037;0.7528421052631579;0.8327899394503958;3576;262;1174
652;military_uniform;4750;;0.7985263157894736;0.8689576174112257;0.7985263157894736;0.8322545255074054;3793;572;957
835;sundial;4750;;0.7802105263157895;0.8915082992542699;0.7802105263157895;0.832154485236331;3706;451;1044
964;potpie;4750;;0.755578947368421;0.9247616593661427;0.755578947368421;0.8316533426022478;3589;292;1161
567;frying_pan;4750;;0.7568421052631579;0.9225044906338209;0.7568421052631579;0.8315022551173817;3595;302;1155
27;eft;4750;;0.8267368421052631;0.8351765206295193;0.8267368421052631;0.8309352517985611;3927;775;823
934;hotdog;4750;;0.7433684210526316;0.9416;0.7433684210526316;0.8308235294117647;3531;219;1219
488;chain;4750;;0.8126315789473684;0.8492849284928493;0.8126315789473684;0.8305540613232921;3860;685;890
753;radiator;4750;;0.8562105263157894;0.8061446977205153;0.8562105263157894;0.8304236855538539;4067;978;683
811;space_heater;4750;;0.7614736842105263;0.9126924047438809;0.7614736842105263;0.8302536439802595;3617;346;1133
881;upright;4750;;0.8452631578947368;0.8157253149126371;0.8452631578947368;0.8302315963606287;4015;907;735
930;French_loaf;4750;;0.7452631578947368;0.9365079365079365;0.7452631578947368;0.8300117233294256;3540;240;1210
674;mousetrap;4750;;0.7989473684210526;0.8632848043676069;0.7989473684210526;0.8298709818499891;3795;601;955
884;vault;4750;;0.8494736842105263;0.8110552763819096;0.8494736842105263;0.8298200514138818;4035;940;715
970;alp;4750;;0.7812631578947369;0.8846245530393325;0.7812631578947369;0.8297372833985467;3711;484;1039
623;letter_opener;4750;;0.7930526315789473;0.8697760332486724;0.7930526315789473;0.8296443123004074;3767;564;983
828;strainer;4750;;0.7981052631578948;0.8635535307517084;0.7981052631578948;0.8295404814004377;3791;599;959
659;mixing_bowl;4750;;0.8736842105263158;0.7895738203957382;0.8736842105263158;0.8295022986208275;4150;1106;600
32;tailed_frog;4750;;0.7397894736842106;0.9438624764974483;0.7397894736842106;0.8294582792399385;3514;209;1236
266;miniature_poodle;4750;;0.7684210526315789;0.9007897334649556;0.7684210526315789;0.8293569643262895;3650;402;1100
478;carton;4750;;0.7941052631578948;0.8675252989880404;0.7941052631578948;0.8291932292811607;3772;576;978
499;cleaver;4750;;0.7608421052631579;0.9107862903225806;0.7608421052631579;0.8290892406515256;3614;354;1136
987;corn;4750;;0.7705263157894737;0.8972787447903898;0.7705263157894737;0.8290859667006457;3660;419;1090
912;worm_fence;4750;;0.8738947368421053;0.7879650721336371;0.8738947368421053;0.828708325014973;4151;1117;599
586;half_track;4750;;0.7856842105263158;0.8764678252700798;0.7856842105263158;0.8285968028419183;3732;526;1018
189;Lakeland_terrier;4750;;0.796;0.8630449669025336;0.796;0.8281677800898039;3781;600;969
461;breastplate;4750;;0.8050526315789474;0.8526198439241918;0.8050526315789474;0.8281537628586898;3824;661;926
393;anemone_fish;4750;;0.7223157894736842;0.9703054298642534;0.7223157894736842;0.8281438571083756;3431;105;1319
296;ice_bear;4750;;0.8309473684210527;0.8241804134474838;0.8309473684210527;0.8275500576580356;3947;842;803
806;sock;4750;;0.8406315789473684;0.8145654834761322;0.8406315789473684;0.82739328636552;3993;909;757
798;slide_rule;4750;;0.7393684210526316;0.9382847982901416;0.7393684210526316;0.8270340280230779;3512;231;1238
267;standard_poodle;4750;;0.8162105263157895;0.8380890618244704;0.8162105263157895;0.827005119453925;3877;749;873
785;seat_belt;4750;;0.8290526315789474;0.8241942235244872;0.8290526315789474;0.8266162888329136;3938;840;812
118;Dungeness_crab;4750;;0.7496842105263158;0.9208688906128782;0.7496842105263158;0.8265057444586283;3561;306;1189
553;file;4750;;0.8614736842105263;0.7933307483520744;0.8614736842105263;0.8259991925716592;4092;1066;658
290;jaguar;4750;;0.7263157894736842;0.956738768718802;0.7263157894736842;0.8257539492580181;3450;156;1300
529;diaper;4750;;0.8098947368421052;0.8417943107221006;0.8098947368421052;0.8255364806866952;3847;723;903
402;acoustic_guitar;4750;;0.7751578947368422;0.8821274556780067;0.7751578947368422;0.8251904975347378;3682;492;1068
546;electric_guitar;4750;;0.7768421052631579;0.8794089609151573;0.7768421052631579;0.8249496981891348;3690;506;1060
524;cuirass;4750;;0.7724210526315789;0.8849493487698987;0.7724210526315789;0.8248651079136691;3669;477;1081
662;modem;4750;;0.8054736842105263;0.8449646643109541;0.8054736842105263;0.8247467126535891;3826;702;924
282;tiger_cat;4750;;0.7221052631578947;0.9599776098516652;0.7221052631578947;0.8242220353238014;3430;143;1320
492;chest;4750;;0.8101052631578948;0.8387096774193549;0.8101052631578948;0.8241593488969801;3848;740;902
446;binder;4750;;0.7962105263157895;0.8541102077687444;0.7962105263157895;0.8241446938330791;3782;646;968
453;bookcase;4750;;0.8254736842105264;0.8223573825503355;0.8254736842105264;0.8239125866778736;3921;847;829
125;hermit_crab;4750;;0.7258947368421053;0.9524861878453039;0.7258947368421053;0.8238948626045401;3448;172;1302
593;harmonica;4750;;0.844842105263158;0.8024395120975805;0.844842105263158;0.8230950671725976;4013;988;737
925;consomme;4750;;0.7823157894736842;0.8676161568993696;0.7823157894736842;0.8227609874903133;3716;567;1034
315;mantis;4750;;0.7621052631578947;0.8931655563779917;0.7621052631578947;0.8224468931046234;3620;433;1130
634;lumbermill;4750;;0.8042105263157895;0.8412243999119137;0.8042105263157895;0.8223011516521365;3820;721;930
72;black_and_gold_garden_spider;4750;;0.8793684210526316;0.7716608165527434;0.8793684210526316;0.8220013775460002;4177;1236;573
913;wreck;4750;;0.7713684210526316;0.8790786948176583;0.7713684210526316;0.8217089033415563;3664;504;1086
536;dock;4750;;0.7486315789473684;0.9101612490401843;0.7486315789473684;0.8215317084440337;3556;351;1194
762;restaurant;4750;;0.7890526315789473;0.8566857142857143;0.7890526315789473;0.8214794520547946;3748;627;1002
466;bullet_train;4750;;0.8867368421052632;0.7649836541954231;0.8867368421052632;0.8213728549141964;4212;1294;538
648;medicine_chest;4750;;0.7741052631578947;0.8746431969552807;0.7741052631578947;0.8213089122180032;3677;527;1073
542;drumstick;4750;;0.7995789473684211;0.844187597243832;0.7995789473684211;0.8212779759974052;3798;701;952
525;dam;4750;;0.82;0.8217299578059072;0.82;0.8208640674394098;3895;845;855
54;hognose_snake;4750;;0.7090526315789474;0.9742551345096905;0.7090526315789474;0.8207627634945777;3368;89;1382
527;desktop_computer;4750;;0.7332631578947368;0.9315324953196041;0.7332631578947368;0.8205913535163151;3483;256;1267
299;meerkat;4750;;0.868421052631579;0.7774217866566151;0.868421052631579;0.8204057279236276;4125;1181;625
888;viaduct;4750;;0.8709473684210526;0.7747191011235955;0.8709473684210526;0.82001982160555;4137;1203;613
405;airship;4750;;0.7347368421052631;0.926712692511949;0.7347368421052631;0.8196336308125881;3490;276;1260
797;sleeping_bag;4750;;0.7861052631578948;0.8558331423332569;0.7861052631578948;0.8194886425984856;3734;629;1016
434;bath_towel;4750;;0.8094736842105263;0.8293787748058671;0.8094736842105263;0.819305348391221;3845;791;905
150;sea_lion;4750;;0.7873684210526316;0.8525188055618874;0.7873684210526316;0.8186494473021779;3740;647;1010
764;rifle;4750;;0.7425263157894737;0.9118407445708376;0.7425263157894737;0.8185193780459503;3527;341;1223
470;candle;4750;;0.767578947368421;0.8760211436809227;0.767578947368421;0.8182226211849192;3646;516;1104
101;tusker;4750;;0.7328421052631579;0.925551714969423;0.7328421052631579;0.818000234990013;3481;280;1269
161;basset;4750;;0.8433684210526315;0.7938961553705906;0.8433684210526315;0.8178848509595753;4006;1040;744
544;Dutch_oven;4750;;0.8189473684210526;0.8153426954516872;0.8189473684210526;0.8171410566117003;3890;881;860
435;bathtub;4750;;0.768;0.8729361091170137;0.768;0.8171127785866279;3648;531;1102
79;centipede;4750;;0.8113684210526316;0.8224498506188647;0.8113684210526316;0.8168715557439593;3854;832;896
126;isopod;4750;;0.7501052631578947;0.8961267605633803;0.7501052631578947;0.8166399266559706;3563;413;1187
894;wardrobe;4750;;0.8111578947368421;0.8211849957374254;0.8111578947368421;0.816140648167761;3853;839;897
936;head_cabbage;4750;;0.8235789473684211;0.8079306071871127;0.8235789473684211;0.8156797331109258;3912;930;838
692;packet;4750;;0.7610526315789473;0.8787068546426835;0.7610526315789473;0.815658844765343;3615;499;1135
959;carbonara;4750;;0.7195789473684211;0.941079295154185;0.7195789473684211;0.8155571462658077;3418;214;1332
598;home_theater;4750;;0.8086315789473684;0.8209019021158367;0.8086315789473684;0.8147205430056209;3841;838;909
395;gar;4750;;0.7884210526315789;0.8394978704326385;0.7884210526315789;0.8131581804364347;3745;716;1005
427;barrel;4750;;0.8909473684210526;0.7469114013413343;0.8909473684210526;0.8125960061443933;4232;1434;518
839;suspension_bridge;4750;;0.7972631578947369;0.8283027121609798;0.7972631578947369;0.8124865908603304;3787;785;963
844;switch;4750;;0.8305263157894737;0.7952025801249748;0.8305263157894737;0.8124806919987643;3945;1016;805
76;tarantula;4750;;0.8572631578947368;0.7717968157695224;0.8572631578947368;0.8122880510672252;4072;1204;678
183;Kerry_blue_terrier;4750;;0.8353684210526315;0.7902808205536745;0.8353684210526315;0.8121993654692456;3968;1053;782
998;ear;4750;;0.7629473684210526;0.8682319118351701;0.7629473684210526;0.8121918422232183;3624;550;1126
121;king_crab;4750;;0.8006315789473685;0.8238734835355286;0.8006315789473685;0.8120862694853725;3803;813;947
319;dragonfly;4750;;0.7181052631578947;0.933753079660553;0.7181052631578947;0.811852909675116;3411;242;1339
750;quilt;4750;;0.8465263157894737;0.7794146152355108;0.8465263157894737;0.8115854273892421;4021;1138;729
408;amphibian;4750;;0.7701052631578947;0.8570759137769447;0.7701052631578947;0.8112663561765358;3658;610;1092
516;cradle;4750;;0.7581052631578947;0.8708585247883918;0.7581052631578947;0.810579628587507;3601;534;1149
972;cliff;4750;;0.7764210526315789;0.8474264705882353;0.7764210526315789;0.8103713469567128;3688;664;1062
669;mosquito_net;4750;;0.7804210526315789;0.8415437003405222;0.7804210526315789;0.8098306936100492;3707;698;1043
77;wolf_spider;4750;;0.8067368421052632;0.8123807504769981;0.8067368421052632;0.8095489595436781;3832;885;918
666;mortar;4750;;0.8827368421052632;0.747415329768271;0.8827368421052632;0.8094594594594595;4193;1417;557
65;sea_snake;4750;;0.7888421052631579;0.8299003322259136;0.7888421052631579;0.808850512682137;3747;768;1003
508;computer_keyboard;4750;;0.8075789473684211;0.8099662162162162;0.8075789473684211;0.8087708201560195;3836;900;914
385;Indian_elephant;4750;;0.8286315789473684;0.789410348977136;0.8286315789473684;0.8085456039441249;3936;1050;814
935;mashed_potato;4750;;0.7568421052631579;0.8666827386692382;0.7568421052631579;0.8080467520791188;3595;553;1155
61;boa_constrictor;4750;;0.7303157894736843;0.9038561750911933;0.7303157894736843;0.8078714485328365;3469;369;1281
626;lighter;4750;;0.7812631578947369;0.8359990988961478;0.7812631578947369;0.8077048645119164;3711;728;1039
359;black-footed_ferret;4750;;0.759578947368421;0.8623326959847036;0.759578947368421;0.8077009178419521;3608;576;1142
924;guacamole;4750;;0.76;0.8613696015270819;0.76;0.8075159378145621;3610;581;1140
35;mud_turtle;4750;;0.7736842105263158;0.8438576349024111;0.7736842105263158;0.8072487644151565;3675;680;1075
770;running_shoe;4750;;0.7903157894736842;0.8246924428822495;0.7903157894736842;0.8071382498387444;3754;798;996
123;spiny_lobster;4750;;0.7111578947368421;0.9295542102366539;0.7111578947368421;0.805820610687023;3378;256;1372
810;space_bar;4750;;0.7254736842105263;0.905888538380652;0.7254736842105263;0.8057049333645078;3446;358;1304
673;mouse;4750;;0.7456842105263158;0.8756489493201484;0.7456842105263158;0.8054576463899943;3542;503;1208
940;spaghetti_squash;4750;;0.7408421052631579;0.8804103077307981;0.7408421052631579;0.8046187264204869;3519;478;1231
341;hog;4750;;0.7766315789473685;0.8346153846153846;0.7766315789473685;0.8045801526717559;3689;731;1061
965;burrito;4750;;0.7109473684210527;0.9264746227709191;0.7109473684210527;0.8045265038713519;3377;268;1373
397;puffer;4750;;0.6981052631578948;0.9482413497283386;0.6981052631578948;0.804171213774706;3316;181;1434
64;green_mamba;4750;;0.7397894736842106;0.8804810824354798;0.7397894736842106;0.8040269991991763;3514;477;1236
570;gasmask;4750;;0.8488421052631578;0.7630582891748675;0.8488421052631578;0.8036675303966514;4032;1252;718
550;espresso_maker;4750;;0.7246315789473684;0.9012830583922493;0.7246315789473684;0.8033609522698097;3442;377;1308
766;rotisserie;4750;;0.8162105263157895;0.7902568283734203;0.8162105263157895;0.8030240265120131;3877;1029;873
344;hippopotamus;4750;;0.7688421052631579;0.8391544117647058;0.7688421052631579;0.8024609975829489;3652;700;1098
381;spider_monkey;4750;;0.7221052631578947;0.9019195372074678;0.7221052631578947;0.802057757511984;3430;373;1320
33;loggerhead;4750;;0.7703157894736842;0.8359607036783184;0.7703157894736842;0.8017968664402322;3659;718;1091
962;meat_loaf;4750;;0.7157894736842105;0.9103078982597055;0.7157894736842105;0.8014142604596346;3400;335;1350
556;fire_screen;4750;;0.824;0.7792156082022695;0.824;0.8009822981684231;3914;1109;836
45;Gila_monster;4750;;0.7111578947368421;0.9161920260374288;0.7111578947368421;0.8007585634704278;3378;309;1372
70;harvestman;4750;;0.8301052631578948;0.7732888801725829;0.8301052631578948;0.800690425423901;3943;1156;807
26;common_newt;4750;;0.7248421052631578;0.8919689119170985;0.7248421052631578;0.7997677119628338;3443;417;1307
760;refrigerator;4750;;0.792;0.8076427651352511;0.792;0.7997448979591837;3762;896;988
922;menu;4750;;0.8172631578947368;0.7828191167574108;0.8172631578947368;0.7996704088989597;3882;1077;868
928;ice_cream;4750;;0.744;0.86279296875;0.744;0.7990052000904363;3534;562;1216
415;bakery;4750;;0.7694736842105263;0.8308706524210048;0.7694736842105263;0.7989944256202863;3655;744;1095
298;mongoose;4750;;0.7730526315789473;0.8255395683453237;0.7730526315789473;0.7984344422700588;3672;776;1078
847;tank;4750;;0.844;0.7567006417516043;0.844;0.7979697452229298;4009;1289;741
795;ski;4750;;0.8987368421052632;0.7162751677852349;0.8987368421052632;0.7971988795518208;4269;1691;481
44;alligator_lizard;4750;;0.6825263157894736;0.957754800590842;0.6825263157894736;0.7970497848801475;3242;143;1508
979;valley;4750;;0.8273684210526315;0.7684786859601095;0.8273684210526315;0.7968369829683699;3930;1184;820
975;lakeside;4750;;0.7974736842105263;0.7961328289197142;0.7974736842105263;0.7968026924694995;3788;970;962
624;library;4750;;0.8423157894736842;0.7553332074759298;0.8423157894736842;0.796456653727481;4001;1296;749
680;nipple;4750;;0.7574736842105263;0.8394773681754549;0.7574736842105263;0.7963700752545374;3598;688;1152
743;prison;4750;;0.8555789473684211;0.744731537474803;0.8555789473684211;0.7963162535514843;4064;1393;686
43;frilled_lizard;4750;;0.7058947368421052;0.9126292868807839;0.7058947368421052;0.7960588793922128;3353;321;1397
78;tick;4750;;0.9;0.7134512683578104;0.9;0.7959411655185255;4275;1717;475
616;knot;4750;;0.8985263157894737;0.7143096234309624;0.8985263157894737;0.795897435897436;4268;1707;482
29;axolotl;4750;;0.8263157894736842;0.7675009777082519;0.8263157894736842;0.7958231954582319;3925;1189;825
500;cliff_dwelling;4750;;0.8164210526315789;0.7762209767814251;0.8164210526315789;0.7958136671454955;3878;1118;872
481;cassette;4750;;0.8073684210526316;0.7839329517579722;0.8073684210526316;0.795478116573325;3835;1057;915
580;greenhouse;4750;;0.8534736842105263;0.7446730345334313;0.8534736842105263;0.7953698253874827;4054;1390;696
715;pickelhaube;4750;;0.8153684210526316;0.7761523046092185;0.8153684210526316;0.7952772073921971;3873;1117;877
460;breakwater;4750;;0.775578947368421;0.8154050464807437;0.775578947368421;0.7949935261113509;3684;834;1066
52;thunder_snake;4750;;0.7473684210526316;0.8490791676632384;0.7473684210526316;0.7949837644160788;3550;631;1200
876;tub;4750;;0.7743157894736842;0.8157019294743846;0.7743157894736842;0.7944702451668647;3678;831;1072
124;crayfish;4750;;0.6762105263157895;0.9628297362110312;0.6762105263157895;0.7944595597328716;3212;124;1538
353;gazelle;4750;;0.8098947368421052;0.7793760129659644;0.8098947368421052;0.7943423497831923;3847;1089;903
568;fur_coat;4750;;0.8326315789473684;0.7594086021505376;0.8326315789473684;0.7943362120907814;3955;1253;795
742;printer;4750;;0.7498947368421053;0.8430769230769231;0.7498947368421053;0.7937604456824514;3562;663;1188
792;shovel;4750;;0.7701052631578947;0.8163356393662129;0.7701052631578947;0.7925468529953418;3658;823;1092
739;potter's_wheel;4750;;0.8397894736842105;0.7492486851990984;0.8397894736842105;0.7919396466150487;3989;1335;761
454;bookshop;4750;;0.7749473684210526;0.8079455662862159;0.7749473684210526;0.7911025145067697;3681;875;1069
55;green_snake;4750;;0.7225263157894737;0.8732824427480916;0.7225263157894737;0.7907834101382488;3432;498;1318
577;gong;4750;;0.8951578947368422;0.7081945369753497;0.8951578947368422;0.7907755253859029;4252;1752;498
53;ringneck_snake;4750;;0.7846315789473685;0.7967079948696024;0.7846315789473685;0.7906236741620705;3727;951;1023
950;orange;4750;;0.8010526315789473;0.7797131147540983;0.8010526315789473;0.7902388369678089;3805;1075;945
526;desk;4750;;0.8185263157894737;0.7625024514610708;0.8185263157894737;0.7895217788607981;3888;1211;862
374;langur;4750;;0.7583157894736842;0.8233142857142857;0.7583157894736842;0.7894794520547945;3602;773;1148
314;cockroach;4750;;0.7197894736842105;0.8735309146653041;0.7197894736842105;0.7892428439519852;3419;495;1331
923;plate;4750;;0.6945263157894737;0.9125864453665283;0.6945263157894737;0.7887627017334129;3299;316;1451
976;promontory;4750;;0.7684210526315789;0.8087746510081986;0.7684210526315789;0.7880816150275288;3650;863;1100
851;television;4750;;0.8633684210526316;0.7246863403428168;0.8633684210526316;0.7879719473532519;4101;1558;649
467;butcher_shop;4750;;0.8071578947368421;0.7695704536330791;0.8071578947368421;0.7879161528976572;3834;1148;916
533;dishrag;4750;;0.7677894736842106;0.8075730735163862;0.7677894736842106;0.78717893373624;3647;869;1103
301;ladybug;4750;;0.9244210526315789;0.6832114516881904;0.9244210526315789;0.7857206763890132;4391;2036;359
390;eel;4750;;0.7505263157894737;0.8237060998151571;0.7505263157894737;0.7854152897113902;3565;763;1185
431;bassinet;4750;;0.7861052631578948;0.784453781512605;0.7861052631578948;0.7852786540483702;3734;1026;1016
361;skunk;4750;;0.8267368421052631;0.74743052912067;0.8267368421052631;0.7850859656137544;3927;1327;823
506;coil;4750;;0.8898947368421053;0.7009950248756219;0.8898947368421053;0.784230055658627;4227;1803;523
489;chainlink_fence;4750;;0.8688421052631579;0.7131501641610506;0.8688421052631579;0.7833349150612129;4127;1660;623
782;screen;4750;;0.708421052631579;0.8758459135866736;0.708421052631579;0.7832867783985104;3365;477;1385
51;triceratops;4750;;0.8330526315789474;0.7383840268706848;0.8330526315789474;0.7828667523988525;3957;1402;793
3;tiger_shark;4750;;0.6755789473684211;0.9277247759468055;0.6755789473684211;0.7818248264100378;3209;250;1541
854;theater_curtain;4750;;0.8778947368421053;0.701665825340737;0.8778947368421053;0.779949499672683;4170;1773;580
723;pinwheel;4750;;0.896;0.6885617214043035;0.896;0.7787027719330344;4256;1925;494
106;wombat;4750;;0.7303157894736843;0.8332932981023301;0.7303157894736843;0.778413553236845;3469;694;1281
67;diamondback;4750;;0.6778947368421052;0.913216108905275;0.6778947368421052;0.778153697438376;3220;306;1530
769;rule;4750;;0.8178947368421052;0.7414122137404581;0.8178947368421052;0.7777777777777778;3885;1355;865
788;shoe_shop;4750;;0.7267368421052631;0.8332126478397297;0.7267368421052631;0.7763409423141797;3452;691;1298
530;digital_clock;4750;;0.8383157894736842;0.7222927625612189;0.8383157894736842;0.7759914255091104;3982;1531;768
860;tobacco_shop;4750;;0.7791578947368422;0.772651356993737;0.7791578947368422;0.7758909853249476;3701;1089;1049
480;cash_machine;4750;;0.7985263157894736;0.7533267130089374;0.7985263157894736;0.7752682677567705;3793;1242;957
170;Irish_wolfhound;4750;;0.8231578947368421;0.7326213228405472;0.8231578947368421;0.775255279072073;3910;1427;840
73;barn_spider;4750;;0.6757894736842105;0.9078054298642534;0.6757894736842105;0.774800868935554;3210;326;1540
961;dough;4750;;0.716842105263158;0.8419881305637982;0.716842105263158;0.7743916306572663;3405;639;1345
336;marmot;4750;;0.8202105263157895;0.7330197554092192;0.8202105263157895;0.774167908594138;3896;1419;854
62;rock_python;4750;;0.6448421052631579;0.9647244094488189;0.6448421052631579;0.7729968454258676;3063;112;1687
852;tennis_ball;4750;;0.8770526315789474;0.6909935312655499;0.8770526315789474;0.7729845069115874;4166;1863;584
926;hot_pot;4750;;0.7271578947368421;0.8247373447946514;0.7271578947368421;0.7728798388901321;3454;734;1296
384;indri;4750;;0.8416842105263158;0.7124019957234498;0.8416842105263158;0.7716657016020074;3998;1614;752
599;honeycomb;4750;;0.7488421052631579;0.7939732142857143;0.7488421052631579;0.770747562296858;3557;923;1193
738;pot;4750;;0.8458947368421053;0.7072698468579476;0.8458947368421053;0.7703959351931742;4018;1663;732
112;conch;4750;;0.7850526315789473;0.7540950455005055;0.7850526315789473;0.7692625064466221;3729;1216;1021
59;vine_snake;4750;;0.732421052631579;0.8094462540716613;0.732421052631579;0.7690097259062777;3479;819;1271
643;mask;4750;;0.8778947368421053;0.6823760432007855;0.8778947368421053;0.7678850934536414;4170;1941;580
980;volcano;4750;;0.7804210526315789;0.7551436137706253;0.7804210526315789;0.7675742830520758;3707;1202;1043
911;wool;4750;;0.8008421052631579;0.7343629343629343;0.8008421052631579;0.7661631419939577;3804;1376;946
313;walking_stick;4750;;0.7808421052631579;0.7518751266977498;0.7808421052631579;0.7660848910461633;3709;1224;1041
109;brain_coral;4750;;0.796;0.7367498051441933;0.796;0.7652297105849017;3781;1351;969
334;porcupine;4750;;0.7871578947368421;0.7434877709286141;0.7871578947368421;0.7646998670620717;3739;1290;1011
664;monitor;4750;;0.747578947368421;0.7821585903083701;0.747578947368421;0.7644779332615718;3551;989;1199
119;rock_crab;4750;;0.7115789473684211;0.8247925817471937;0.7115789473684211;0.7640144665461122;3380;718;1370
327;starfish;4750;;0.9042105263157895;0.658944461491255;0.9042105263157895;0.7623358182463613;4295;2223;455
60;night_snake;4750;;0.6326315789473684;0.9570063694267515;0.6326315789473684;0.7617237008871991;3005;135;1745
978;seashore;4750;;0.7261052631578947;0.8000463929482718;0.7261052631578947;0.7612846264209248;3449;862;1301
509;confectionery;4750;;0.7408421052631579;0.779574656623837;0.7408421052631579;0.7597150259067358;3519;995;1231
34;leatherback_turtle;4750;;0.735578947368421;0.7844634036820836;0.735578947368421;0.7592351151673186;3494;960;1256
537;dogsled;4750;;0.8709473684210526;0.6715909090909091;0.8709473684210526;0.7583868010999083;4137;2023;613
657;missile;4750;;0.7993684210526316;0.7211775878442546;0.7993684210526316;0.7582626060908637;3797;1468;953
644;matchstick;4750;;0.844;0.6878860672614963;0.844;0.7579882775571942;4009;1819;741
545;electric_fan;4750;;0.8934736842105263;0.6559505409582689;0.8934736842105263;0.7565062388591799;4244;2226;506
868;tray;4750;;0.8193684210526315;0.6996225058421714;0.8193684210526315;0.7547755260351013;3892;1671;858
377;marmoset;4750;;0.7983157894736842;0.7156067182487261;0.7983157894736842;0.754701960394069;3792;1507;958
221;Irish_water_spaniel;4750;;0.8818947368421053;0.6587513760025161;0.8818947368421053;0.7541632910252949;4189;2170;561
591;handkerchief;4750;;0.8275789473684211;0.6926872246696035;0.8275789473684211;0.754148681055156;3931;1744;819
69;trilobite;4750;;0.7917894736842105;0.7189829860447333;0.7917894736842105;0.7536319006111611;3761;1470;989
658;mitten;4750;;0.8515789473684211;0.6736053288925895;0.8515789473684211;0.7522082752208276;4045;1960;705
115;sea_slug;4750;;0.7370526315789474;0.7649115140922002;0.7370526315789474;0.7507237053715021;3501;1076;1249
999;toilet_tissue;4750;;0.7292631578947368;0.7726968547847424;0.7292631578947368;0.7503519982670854;3464;1019;1286
681;notebook;4750;;0.7366315789473684;0.7623093681917211;0.7366315789473684;0.7492505353319058;3499;1091;1251
549;envelope;4750;;0.7637894736842106;0.734561652156307;0.7637894736842106;0.7488904943750646;3628;1311;1122
909;wok;4750;;0.7115789473684211;0.789166472098996;0.7115789473684211;0.748367098416916;3380;903;1370
905;window_shade;4750;;0.8353684210526315;0.6767866280061402;0.8353684210526315;0.7477621784603788;3968;1895;782
1;goldfish;4750;;0.8370526315789474;0.6724167089463893;0.8370526315789474;0.7457563537466004;3976;1937;774
181;Bedlington_terrier;4750;;0.8806315789473684;0.6434394708506384;0.8806315789473684;0.7435783485912364;4183;2318;567
971;bubble;4750;;0.8290526315789474;0.6732774833304839;0.8290526315789474;0.7430889706576093;3938;1911;812
645;maypole;4750;;0.9435789473684211;0.612127833925157;0.9435789473684211;0.742544731610338;4482;2840;268
696;paintbrush;4750;;0.8383157894736842;0.6656636576395855;0.8383157894736842;0.742079761461051;3982;2000;768
880;unicycle;4750;;0.860421052631579;0.6479074191502854;0.860421052631579;0.7391933441852052;4087;2221;663
843;swing;4750;;0.8496842105263158;0.6515983209557636;0.8496842105263158;0.7375730994152047;4036;2158;714
364;three-toed_sloth;4750;;0.82;0.6699346405228758;0.82;0.737410071942446;3895;1919;855
428;barrow;4750;;0.8452631578947368;0.6538023123269826;0.8452631578947368;0.7373060325039024;4015;2126;735
469;caldron;4750;;0.8054736842105263;0.6728807597608161;0.8054736842105263;0.733231123035646;3826;1860;924
74;garden_spider;4750;;0.676;0.7940158259149357;0.676;0.7302706390720947;3211;833;1539
983;scuba_diver;4750;;0.884;0.6216136195410806;0.884;0.7299435028248588;4199;2556;551
116;chiton;4750;;0.8082105263157895;0.6637275242047026;0.8082105263157895;0.7288779191190431;3839;1945;911
582;grocery_store;4750;;0.7877894736842105;0.6781442551649148;0.7877894736842105;0.728866380989482;3742;1776;1008
794;shower_curtain;4750;;0.8218947368421052;0.6547040080496395;0.8218947368421052;0.728834126761878;3904;2059;846
369;siamang;4750;;0.8387368421052631;0.6443474041727317;0.8387368421052631;0.7288027073996158;3984;2199;766
462;broom;4750;;0.8191578947368421;0.6557128412537917;0.8191578947368421;0.7283788843129914;3891;2043;859
818;spotlight;4750;;0.7953684210526316;0.6690278023729413;0.7953684210526316;0.7267481004135808;3778;1869;972
265;toy_poodle;4750;;0.7421052631578947;0.7086851628468034;0.7421052631578947;0.7250102838338132;3525;1449;1225
819;stage;4750;;0.8128421052631579;0.6330545991146089;0.8128421052631579;0.711770670107844;3861;2238;889
66;horned_viper;4750;;0.6972631578947368;0.7107296137339055;0.6972631578947368;0.7039319872476087;3312;1348;1438
733;pole;4750;;0.8332631578947368;0.6071483356342997;0.8332631578947368;0.7024580708137368;3958;2561;792
49;African_crocodile;4750;;0.6541052631578947;0.7583597754454479;0.6541052631578947;0.7023849892618967;3107;990;1643
206;curly-coated_retriever;4750;;0.8570526315789474;0.593180824712225;0.8570526315789474;0.7011108240764661;4071;2792;679
419;Band_Aid;4750;;0.8608421052631579;0.5899581589958159;0.8608421052631579;0.7001112918414519;4089;2842;661
646;maze;4750;;0.9145263157894736;0.566953797963978;0.9145263157894736;0.6999677731227844;4344;3318;406
865;toyshop;4750;;0.7972631578947369;0.6192968111201962;0.7972631578947369;0.697100782328578;3787;2328;963
4;hammerhead;4750;;0.8313684210526315;0.5986054267091102;0.8313684210526315;0.6960430069621927;3949;2648;801
58;water_snake;4750;;0.6724210526315789;0.7213188798554652;0.6724210526315789;0.6960122030943561;3194;1234;1556
920;traffic_light;4750;;0.8793684210526316;0.5736061521560011;0.8793684210526316;0.6943151595744681;4177;3105;573
358;polecat;4750;;0.7997894736842105;0.6090092978518756;0.7997894736842105;0.6914816163087004;3799;2439;951
68;sidewinder;4750;;0.667578947368421;0.70733883560116;0.667578947368421;0.6868840030326004;3171;1312;1579
332;Angora;4750;;0.8044210526315789;0.5991845695468089;0.8044210526315789;0.686797879032983;3821;2556;929
885;velvet;4750;;0.8345263157894737;0.5762465474632941;0.8345263157894737;0.6817439160718893;3964;2915;786
825;stone_wall;4750;;0.8368421052631579;0.5697291099326358;0.8368421052631579;0.677922742389358;3975;3002;775
450;bobsled;4750;;0.8661052631578947;0.5553455723542117;0.8661052631578947;0.6767560454022044;4114;3294;636
108;sea_anemone;4750;;0.7652631578947369;0.6053288925895087;0.7652631578947369;0.6759646675964668;3635;2370;1115
751;racer;4750;;0.8677894736842106;0.5535858178887993;0.8677894736842106;0.6759593309281731;4122;3324;628
603;horse_cart;4750;;0.8970526315789473;0.5398454326618523;0.8970526315789473;0.6740488808036067;4261;3632;489
958;hay;4750;;0.8492631578947368;0.5570284451808892;0.8492631578947368;0.6727818545697131;4034;3208;716
50;American_alligator;4750;;0.6913684210526316;0.6532723294211259;0.6913684210526316;0.671780709829191;3284;1743;1466
5;electric_ray;4750;;0.7494736842105263;0.5983193277310924;0.7494736842105263;0.6654205607476636;3560;2390;1190
357;mink;4750;;0.7913684210526316;0.5665410700828938;0.7913684210526316;0.6603425559947299;3759;2876;991
677;nail;4750;;0.8077894736842105;0.5563288386254893;0.8077894736842105;0.6588821155662402;3837;3060;913
883;vase;4750;;0.8774736842105263;0.5246727089627392;0.8774736842105263;0.6566881991492043;4168;3776;582
562;fountain;4750;;0.8682105263157894;0.5274331755979026;0.8682105263157894;0.6562176784151484;4124;3695;626
916;web_site;4750;;0.9178947368421052;0.5097030628945523;0.9178947368421052;0.6554419723391461;4360;4194;390
700;paper_towel;4750;;0.7858947368421053;0.5577468997460033;0.7858947368421053;0.6524512802586734;3733;2960;1017
996;hen-of-the-woods;4750;;0.8237894736842105;0.5377954920285871;0.8237894736842105;0.6507566938300349;3913;3363;837
297;sloth_bear;4750;;0.8568421052631578;0.5230017990233873;0.8568421052631578;0.6495371848068944;4070;3712;680
455;bottlecap;4750;;0.8296842105263158;0.5266604303086997;0.8296842105263158;0.6443227335894711;3941;3542;809
741;prayer_rug;4750;;0.8888421052631579;0.49316668613479736;0.8888421052631579;0.6343625572834498;4222;4339;528
815;spider_web;4750;;0.6867368421052632;0.5804270462633452;0.6867368421052632;0.6291224686595949;3262;2358;1488
879;umbrella;4750;;0.8429473684210527;0.5016915173537151;0.8429473684210527;0.629015788233446;4004;3977;746
329;sea_cucumber;4750;;0.7877894736842105;0.5154980024796804;0.7877894736842105;0.6231992672162544;3742;3517;1008
633;loupe;4750;;0.8147368421052632;0.5042345276872964;0.8147368421052632;0.6229376257545272;3870;3805;880
728;plastic_bag;4750;;0.7425263157894737;0.5187527577584939;0.7425263157894737;0.6107888128842324;3527;3272;1223
850;teddy;4750;;0.9027368421052632;0.46053055525722264;0.9027368421052632;0.6099139463765023;4288;5023;462
749;quill;4750;;0.8025263157894736;0.4882172131147541;0.8025263157894736;0.6071030418856506;3812;3996;938
6;stingray;4750;;0.7315789473684211;0.5087102913189869;0.7315789473684211;0.6001208876608237;3475;3356;1275
812;space_shuttle;4750;;0.8311578947368421;0.4637613062375191;0.8311578947368421;0.5953404207192943;3948;4565;802
615;knee_pad;4750;;0.8778947368421053;0.4420650906392452;0.8778947368421053;0.5880279207501939;4170;5263;580
328;sea_urchin;4750;;0.8503157894736842;0.42435385585206975;0.8503157894736842;0.5661620409307542;4039;5479;711
977;sandbar;4750;;0.78;0.4318181818181818;0.78;0.5558889722430608;3705;4875;1045
476;carousel;4750;;0.8789473684210526;0.3994450822809032;0.8789473684210526;0.5492698329167215;4175;6277;575
904;window_screen;4750;;0.8530526315789474;0.39721595921968433;0.8530526315789474;0.5420373219182664;4052;6149;698
973;coral_reef;4750;;0.8172631578947368;0.3966891477621091;0.8172631578947368;0.5341221794166208;3882;5904;868
84;peacock;4750;;0.9101052631578948;0.36932934643314824;0.9101052631578948;0.525432999088423;4323;7382;427
862;torch;4750;;0.840421052631579;0.33676396153197236;0.840421052631579;0.4808479884365214;3992;7862;758
539;doormat;4750;;0.7749473684210526;0.33804757094315363;0.7749473684210526;0.47074621139459044;3681;7208;1069
974;geyser;4750;;0.8164210526315789;0.3196505110451698;0.8164210526315789;0.4594242388342613;3878;8254;872
552;feather_boa;4750;;0.8686315789473684;0.30077270739174805;0.8686315789473684;0.4468269439029673;4126;9592;624
110;flatworm;4750;;0.8044210526315789;0.29540007730962503;0.8044210526315789;0.4321176137970031;3821;9114;929
799;sliding_door;4750;;0.8136842105263158;0.2743664371406261;0.8136842105263158;0.4103625842756277;3865;10222;885
103;platypus;4750;;0.8197894736842105;0.2727272727272727;0.8197894736842105;0.40929157031742697;3894;10384;856
611;jigsaw_puzzle;4750;;0.836421052631579;0.2621923051540949;0.836421052631579;0.39923629603577354;3973;11180;777
712;Petri_dish;4750;;0.8023157894736842;0.24775711871018072;0.8023157894736842;0.37860123186966027;3811;11571;939
107;jellyfish;4750;;0.8105263157894737;0.22959031546305683;0.8105263157894737;0.35782331892745944;3850;12919;900
917;comic_book;4750;;0.8637894736842106;0.22480959947400142;0.8637894736842106;0.3567670970827355;4103;14148;647
111;nematode;4750;;0.9292631578947368;0.111953737286631;0.9292631578947368;0.19983249202073475;4414;35013;336
921;book_jacket;4750;;0.8073684210526316;0.10976272932825783;0.8073684210526316;0.19325253848673438;3835;31104;915
