class_idx;class_label;support;base_accuracy;overall_accuracy;precision;recall;f1;tp;fp;fn
986;yellow_lady's_slipper;4750;;0.9882105263157894;1.0;0.9882105263157894;0.9940703091910207;4694;0;56
995;earthstar;4750;;0.9856842105263158;0.9974435449510013;0.9856842105263158;0.9915290131300296;4682;12;68
88;macaw;4750;;0.9810526315789474;0.9972180612026535;0.9810526315789474;0.9890692985248859;4660;13;90
100;black_swan;4750;;0.9901052631578947;0.9861606206751939;0.9901052631578947;0.9881290051475995;4703;66;47
129;spoonbill;4750;;0.9865263157894737;0.9894425675675675;0.9865263157894737;0.9879822896900696;4686;50;64
339;sorrel;4750;;0.9852631578947368;0.9863013698630136;0.9852631578947368;0.985781990521327;4680;65;70
255;Leonberg;4750;;0.984421052631579;0.9864978902953586;0.984421052631579;0.9854583772391992;4676;64;74
900;water_tower;4750;;0.9728421052631578;0.9969795037756203;0.9728421052631578;0.9847629195524773;4621;14;129
11;goldfinch;4750;;0.9768421052631578;0.9916648856593289;0.9768421052631578;0.9841976879838794;4640;39;110
430;basketball;4750;;0.9848421052631579;0.9829796175667157;0.9848421052631579;0.9839099800189294;4678;81;72
17;jay;4750;;0.9686315789473684;0.9991313789359392;0.9686315789473684;0.9836451095670764;4601;4;149
13;junco;4750;;0.9713684210526315;0.995898985538528;0.9713684210526315;0.9834807630821698;4614;19;136
915;yurt;4750;;0.9709473684210527;0.9954672998057414;0.9709473684210527;0.9830544601939678;4612;21;138
873;triumphal_arch;4750;;0.9789473684210527;0.986423419601188;0.9789473684210527;0.9826711749788674;4650;64;100
985;daisy;4750;;0.9886315789473684;0.9754881595346905;0.9886315789473684;0.9820158929318278;4696;118;54
90;lorikeet;4750;;0.987578947368421;0.9762747138397503;0.987578947368421;0.9818942961800105;4691;114;59
130;flamingo;4750;;0.9741052631578947;0.9895209580838323;0.9741052631578947;0.9817525991937194;4627;49;123
576;gondola;4750;;0.9882105263157894;0.9740610085079892;0.9882105263157894;0.9810847528477374;4694;125;56
340;zebra;4750;;0.9682105263157895;0.993733794295592;0.9682105263157895;0.980806142034549;4599;29;151
466;bullet_train;4750;;0.968842105263158;0.9928802588996763;0.968842105263158;0.9807139051678211;4602;33;148
9;ostrich;4750;;0.9810526315789474;0.9779643231899265;0.9810526315789474;0.9795060430898582;4660;105;90
685;odometer;4750;;0.9734736842105263;0.9846678023850085;0.9734736842105263;0.9790387465593902;4624;72;126
24;great_grey_owl;4750;;0.9677894736842105;0.989879414298019;0.9677894736842105;0.9787098147753885;4597;47;153
247;Saint_Bernard;4750;;0.9673684210526315;0.9892357373519914;0.9673684210526315;0.978179882916445;4595;50;155
668;mosque;4750;;0.9787368421052631;0.9748374921367163;0.9787368421052631;0.9767832755541548;4649;120;101
15;robin;4750;;0.9694736842105263;0.9839743589743589;0.9694736842105263;0.9766702014846235;4605;75;145
18;magpie;4750;;0.9545263157894737;0.999118554429264;0.9545263157894737;0.9763135228251507;4534;4;216
829;streetcar;4750;;0.9768421052631578;0.9739714525608733;0.9768421052631578;0.9754046668068109;4640;124;110
92;bee_eater;4750;;0.9553684210526315;0.9962678375411635;0.9553684210526315;0.9753895754970446;4538;17;212
136;European_gallinule;4750;;0.9770526315789474;0.973568281938326;0.9770526315789474;0.9753073447514973;4641;126;109
14;indigo_bunting;4750;;0.9612631578947368;0.9876703439325114;0.9612631578947368;0.9742878480742558;4566;57;184
135;limpkin;4750;;0.976421052631579;0.9721232446028086;0.976421052631579;0.9742674088856212;4638;133;112
575;golfcart;4750;;0.9591578947368421;0.9897892678687812;0.9591578947368421;0.9742328664599594;4556;47;194
19;chickadee;4750;;0.9808421052631578;0.9671995017645838;0.9808421052631578;0.9739730322985262;4659;158;91
139;ruddy_turnstone;4750;;0.9717894736842105;0.9754860524091293;0.9717894736842105;0.9736342543767137;4616;116;134
560;football_helmet;4750;;0.9707368421052631;0.9764930114358322;0.9707368421052631;0.9736064189189189;4611;111;139
820;steam_locomotive;4750;;0.9538947368421052;0.9932047347654538;0.9538947368421052;0.9731529209621994;4531;31;219
145;king_penguin;4750;;0.9467368421052632;0.9997776789684304;0.9467368421052632;0.9725346020761246;4497;1;253
0;tench;4750;;0.9473684210526315;0.9986684420772304;0.9473684210526315;0.9723422644770959;4500;6;250
97;drake;4750;;0.9701052631578947;0.9721518987341772;0.9701052631578947;0.9711275026343519;4608;132;142
12;house_finch;4750;;0.968421052631579;0.9737510584250635;0.968421052631579;0.9710787418197172;4600;124;150
890;volleyball;4750;;0.9551578947368421;0.9873775843307944;0.9551578947368421;0.9710005350454789;4537;58;213
768;rugby_ball;4750;;0.9473684210526315;0.9946949602122016;0.9473684210526315;0.9704550355833512;4500;24;250
253;basenji;4750;;0.9671578947368421;0.9737176769817719;0.9671578947368421;0.9704267004647233;4594;124;156
646;maze;4750;;0.964842105263158;0.975729188843943;0.964842105263158;0.9702551074415159;4583;114;167
684;ocarina;4750;;0.9545263157894737;0.9854379482721147;0.9545263157894737;0.9697358571275799;4534;67;216
323;monarch;4750;;0.9501052631578948;0.9901272487933304;0.9501052631578948;0.9697034808766652;4513;45;237
260;chow;4750;;0.9547368421052631;0.98501303214596;0.9547368421052631;0.9696386572589267;4535;69;215
565;freight_car;4750;;0.9555789473684211;0.9837451235370611;0.9555789473684211;0.9694574967962409;4539;75;211
355;llama;4750;;0.9448421052631579;0.9953426480372588;0.9448421052631579;0.9694351441840372;4488;21;262
84;peacock;4750;;0.948;0.9918502202643171;0.948;0.9694294940796554;4503;37;247
984;rapeseed;4750;;0.9692631578947368;0.9682439537329127;0.9692631578947368;0.9687532877432931;4604;151;146
594;harp;4750;;0.9686315789473684;0.9688355443251211;0.9686315789473684;0.9687335509000948;4601;148;149
146;albatross;4750;;0.9475789473684211;0.9907550077041603;0.9475789473684211;0.9686861078230927;4501;42;249
528;dial_telephone;4750;;0.9677894736842105;0.9694221847321806;0.9677894736842105;0.9686051411715129;4597;145;153
354;Arabian_camel;4750;;0.9772631578947368;0.9600827300930713;0.9772631578947368;0.9685967657798643;4642;193;108
376;proboscis_monkey;4750;;0.9658947368421053;0.9705944573725407;0.9658947368421053;0.96823889416482;4588;139;162
22;bald_eagle;4750;;0.9656842105263158;0.9707936507936508;0.9656842105263158;0.9682321899736148;4587;138;163
321;admiral;4750;;0.9427368421052632;0.9942273534635879;0.9427368421052632;0.9677977090987682;4478;26;272
91;coucal;4750;;0.9621052631578947;0.9733759318423855;0.9621052631578947;0.9677077818951826;4570;125;180
94;hummingbird;4750;;0.9802105263157894;0.9548810500410172;0.9802105263157894;0.9673800124662372;4656;220;94
471;cannon;4750;;0.9435789473684211;0.9920318725099602;0.9435789473684211;0.9671989641778161;4482;36;268
532;dining_table;4750;;0.960421052631579;0.9737459978655283;0.960421052631579;0.9670376258611553;4562;123;188
143;oystercatcher;4750;;0.9454736842105264;0.9883362676056338;0.9454736842105264;0.9664299548095545;4491;53;259
16;bulbul;4750;;0.9768421052631578;0.9559126493613515;0.9768421052631578;0.9662640566430655;4640;214;110
23;vulture;4750;;0.9423157894736842;0.9909231791011733;0.9423157894736842;0.9660084169634187;4476;41;274
726;plane;4750;;0.9431578947368421;0.9891808346213292;0.9431578947368421;0.965621295398211;4480;49;270
606;iron;4750;;0.9475789473684211;0.9836101398601399;0.9475789473684211;0.9652584173279005;4501;75;249
573;go-kart;4750;;0.9713684210526315;0.9590521721055913;0.9713684210526315;0.9651710072168184;4614;197;136
612;jinrikisha;4750;;0.9713684210526315;0.9588528678304239;0.9713684210526315;0.9650700690232169;4614;198;136
491;chain_saw;4750;;0.9372631578947368;0.99375;0.9372631578947368;0.9646803900325026;4452;28;298
645;maypole;4750;;0.9825263157894737;0.9472295514511874;0.9825263157894737;0.9645551307223312;4667;260;83
727;planetarium;4750;;0.9351578947368421;0.9955177050649933;0.9351578947368421;0.9643942683456361;4442;20;308
746;puck;4750;;0.9498947368421052;0.9789542200043393;0.9498947368421052;0.9642055775189656;4512;97;238
87;African_grey;4750;;0.9317894736842105;0.9986462093862816;0.9317894736842105;0.9640601176214333;4426;6;324
603;horse_cart;4750;;0.9738947368421053;0.9534212695795549;0.9738947368421053;0.9635492605707144;4626;226;124
621;lawn_mower;4750;;0.9610526315789474;0.965728792045695;0.9610526315789474;0.9633850374591115;4565;162;185
723;pinwheel;4750;;0.9541052631578948;0.9727409315303713;0.9541052631578948;0.9633329790625996;4532;127;218
559;folding_chair;4750;;0.9402105263157895;0.9876160990712074;0.9402105263157895;0.9633304572907679;4466;56;284
927;trifle;4750;;0.9614736842105264;0.964519535374868;0.9614736842105264;0.9629942013705851;4567;168;183
945;bell_pepper;4750;;0.9454736842105264;0.9794983642311886;0.9454736842105264;0.9621853240492769;4491;94;259
144;pelican;4750;;0.9633684210526315;0.9603357817418677;0.9633684210526315;0.9618497109826589;4576;189;174
988;acorn;4750;;0.9351578947368421;0.9899710274125251;0.9351578947368421;0.9617841290462271;4442;45;308
736;pool_table;4750;;0.9343157894736842;0.990846171020317;0.9343157894736842;0.9617510022754361;4438;41;312
450;bobsled;4750;;0.9383157894736842;0.986280150475769;0.9383157894736842;0.9617002912935592;4457;62;293
953;pineapple;4750;;0.9294736842105263;0.9959395443266411;0.9294736842105263;0.9615594032451268;4415;18;335
993;gyromitra;4750;;0.9677894736842105;0.955121545813422;0.9677894736842105;0.9614137822858936;4597;216;153
95;jacamar;4750;;0.9789473684210527;0.9443541835905768;0.9789473684210527;0.9613396733512508;4650;274;100
990;buckeye;4750;;0.9602105263157895;0.9616276618174151;0.9602105263157895;0.9609185715790582;4561;182;189
388;giant_panda;4750;;0.9646315789473684;0.9565762004175365;0.9646315789473684;0.9605870020964361;4582;208;168
802;snowmobile;4750;;0.9461052631578948;0.9750488175309178;0.9461052631578948;0.9603590127150337;4494;115;256
417;balloon;4750;;0.9330526315789474;0.9892857142857143;0.9330526315789474;0.9603466955579631;4432;48;318
642;marimba;4750;;0.9511578947368421;0.9691119691119691;0.9511578947368421;0.9600509987250319;4518;144;232
291;lion;4750;;0.9814736842105263;0.9389728096676737;0.9814736842105263;0.9597529593412248;4662;303;88
89;sulphur-crested_cockatoo;4750;;0.9452631578947368;0.9739696312364425;0.9452631578947368;0.9594017094017093;4490;120;260
535;disk_brake;4750;;0.9326315789473684;0.9872966347225317;0.9326315789473684;0.9591858828624013;4430;57;320
447;binoculars;4750;;0.928;0.9921224397929327;0.928;0.9589905362776026;4408;35;342
583;guillotine;4750;;0.9452631578947368;0.9727036395147314;0.9452631578947368;0.9587871022848602;4490;126;260
244;Tibetan_mastiff;4750;;0.9677894736842105;0.949793388429752;0.9677894736842105;0.9587069864442127;4597;243;153
604;hourglass;4750;;0.9833684210526316;0.9351351351351351;0.9833684210526316;0.9586454592098511;4671;324;79
672;mountain_tent;4750;;0.9427368421052632;0.9749618985412585;0.9427368421052632;0.9585786150058868;4478;115;272
757;recreational_vehicle;4750;;0.9694736842105263;0.9477258695204774;0.9694736842105263;0.9584764283484233;4605;254;145
190;Sealyham_terrier;4750;;0.9471578947368421;0.9698210821297694;0.9471578947368421;0.958355522419853;4499;140;251
614;kimono;4750;;0.9551578947368421;0.9614325068870524;0.9551578947368421;0.9582849297708311;4537;182;213
698;palace;4750;;0.9326315789473684;0.9846632585018893;0.9326315789473684;0.9579413990701698;4430;69;320
800;slot;4750;;0.9682105263157895;0.9474660074165636;0.9682105263157895;0.9577259475218659;4599;255;151
347;bison;4750;;0.9364210526315789;0.9799515311742675;0.9364210526315789;0.957691893637636;4448;91;302
609;jeep;4750;;0.9597894736842105;0.9553646269907795;0.9597894736842105;0.9575719386683471;4559;213;191
637;mailbox;4750;;0.9227368421052632;0.9941029711952823;0.9227368421052632;0.9570913855224369;4383;26;367
783;screw;4750;;0.9484210526315789;0.9657020364415863;0.9484210526315789;0.9569835369091874;4505;160;245
607;jack-o'-lantern;4750;;0.9446315789473684;0.9691144708423326;0.9446315789473684;0.9567164179104477;4487;143;263
849;teapot;4750;;0.9486315789473684;0.964882226980728;0.9486315789473684;0.956687898089172;4506;164;244
694;paddlewheel;4750;;0.9265263157894736;0.9887665693102674;0.9265263157894736;0.9566351483534399;4401;50;349
863;totem_pole;4750;;0.9414736842105264;0.9721739130434782;0.9414736842105264;0.9565775401069518;4472;128;278
719;piggy_bank;4750;;0.9534736842105264;0.9585185185185185;0.9534736842105264;0.9559894459102903;4529;196;221
805;soccer_ball;4750;;0.9785263157894737;0.9344591877764374;0.9785263157894737;0.9559851912793089;4648;326;102
216;clumber;4750;;0.944;0.9670045287901661;0.944;0.9553638010013848;4484;153;266
561;forklift;4750;;0.9484210526315789;0.9624011963255714;0.9484210526315789;0.9553599830346728;4505;176;245
10;brambling;4750;;0.96;0.9503959983326385;0.96;0.9551738583996647;4560;238;190
739;potter's_wheel;4750;;0.9421052631578948;0.9681955863262657;0.9421052631578948;0.9549722577891593;4475;147;275
832;stupa;4750;;0.964421052631579;0.9455108359133126;0.964421052631579;0.9548723293381969;4581;264;169
870;tricycle;4750;;0.9317894736842105;0.9783377541998232;0.9317894736842105;0.9544964416648696;4426;98;324
821;steel_arch_bridge;4750;;0.9698947368421053;0.939437194127243;0.9698947368421053;0.9544230370830744;4607;297;143
178;Weimaraner;4750;;0.9368421052631579;0.9722525671837449;0.9368421052631579;0.9542189342768309;4450;127;300
351;hartebeest;4750;;0.968842105263158;0.9397590361445783;0.968842105263158;0.9540789882865139;4602;295;148
555;fire_engine;4750;;0.9183157894736842;0.9927173418297679;0.9183157894736842;0.9540682414698163;4362;32;388
994;stinkhorn;4750;;0.9391578947368421;0.969361147327249;0.9391578947368421;0.9540205303678359;4461;141;289
456;bow;4750;;0.9341052631578948;0.9747363796133568;0.9341052631578948;0.9539883895936359;4437;115;313
99;goose;4750;;0.9395789473684211;0.9687432168439332;0.9395789473684211;0.9539382280645506;4463;144;287
540;drilling_platform;4750;;0.9412631578947368;0.9658673579606827;0.9412631578947368;0.9534065465401429;4471;158;279
275;African_hunting_dog;4750;;0.9753684210526316;0.9323807607164419;0.9753684210526316;0.9533902664883218;4633;336;117
627;limousine;4750;;0.9244210526315789;0.983646953405018;0.9244210526315789;0.9531148252658996;4391;73;359
96;toucan;4750;;0.9111578947368421;0.9990766389658357;0.9111578947368421;0.9530940321515085;4328;4;422
127;white_stork;4750;;0.911578947368421;0.9981558321807285;0.911578947368421;0.9529049295774649;4330;8;420
160;Afghan_hound;4750;;0.952;0.9532040472175379;0.952;0.9526016431430377;4522;222;228
843;swing;4750;;0.9410526315789474;0.9644012944983819;0.9410526315789474;0.9525839104954715;4470;165;280
954;banana;4750;;0.9193684210526316;0.9880090497737557;0.9193684210526316;0.952453653217012;4367;53;383
439;bearskin;4750;;0.964421052631579;0.9406570841889117;0.964421052631579;0.9523908523908524;4581;289;169
571;gas_pump;4750;;0.9208421052631579;0.9860234445446348;0.9208421052631579;0.9523187459177008;4374;62;376
389;barracouta;4750;;0.9258947368421052;0.9801649208825496;0.9258947368421052;0.9522572263721988;4398;89;352
426;barometer;4750;;0.9124210526315789;0.9947211383979803;0.9124210526315789;0.9517953222795652;4334;23;416
268;Mexican_hairless;4750;;0.9393684210526316;0.964548205793342;0.9393684210526316;0.9517918088737202;4462;164;288
85;quail;4750;;0.9284210526315789;0.9743703049049933;0.9284210526315789;0.9508408796895212;4410;116;340
476;carousel;4750;;0.964;0.9377431906614786;0.964;0.9506903353057199;4579;304;171
327;starfish;4750;;0.9509473684210527;0.9501472444257467;0.9509473684210527;0.9505471380471381;4517;237;233
218;Welsh_springer_spaniel;4750;;0.9465263157894737;0.9541595925297114;0.9465263157894737;0.9503276262946523;4496;216;254
496;Christmas_stocking;4750;;0.9574736842105264;0.9431771049357113;0.9574736842105264;0.9502716255745925;4548;274;202
251;dalmatian;4750;;0.9435789473684211;0.9554465998720955;0.9435789473684211;0.9494756911344138;4482;209;268
522;croquet_ball;4750;;0.9522105263157895;0.9466303892842194;0.9522105263157895;0.9494122586062133;4523;255;227
714;pick;4750;;0.9347368421052632;0.9641693811074918;0.9347368421052632;0.9492250133618385;4440;165;310
448;birdhouse;4750;;0.9313684210526316;0.9676290463692039;0.9313684210526316;0.9491525423728814;4424;148;326
831;studio_couch;4750;;0.9505263157894737;0.9477329974811083;0.9505263157894737;0.9491276014294724;4515;249;235
933;cheeseburger;4750;;0.9393684210526316;0.9589512142703632;0.9393684210526316;0.9490588110177602;4462;191;288
617;lab_coat;4750;;0.9330526315789474;0.9653670224351993;0.9330526315789474;0.9489348035542233;4432;159;318
991;coral_fungus;4750;;0.9505263157894737;0.9469379194630873;0.9505263157894737;0.9487287245219584;4515;253;235
284;Siamese_cat;4750;;0.9823157894736843;0.9170597484276729;0.9823157894736843;0.9485667818662329;4666;422;84
958;hay;4750;;0.9128421052631579;0.9868001820664543;0.9128421052631579;0.9483814523184603;4336;58;414
952;fig;4750;;0.9191578947368421;0.9793629430237775;0.9191578947368421;0.9483058210251955;4366;92;384
616;knot;4750;;0.9357894736842105;0.9606656580937972;0.9357894736842105;0.9480644129252426;4445;182;305
51;triceratops;4750;;0.9069473684210526;0.9930843706777317;0.9069473684210526;0.9480633802816902;4308;30;442
771;safe;4750;;0.9042105263157895;0.996288564138251;0.9042105263157895;0.9480189824522679;4295;16;455
475;car_mirror;4750;;0.9654736842105263;0.9302231237322515;0.9654736842105263;0.9475206611570247;4586;344;164
888;viaduct;4750;;0.9355789473684211;0.9596199524940617;0.9355789473684211;0.9474469672742777;4444;187;306
703;park_bench;4750;;0.9433684210526316;0.951380042462845;0.9433684210526316;0.9473572938689219;4481;229;269
803;snowplow;4750;;0.9126315789473685;0.9847796456156293;0.9126315789473685;0.9473339160839161;4335;67;415
105;koala;4750;;0.9450526315789474;0.9494500846023689;0.9450526315789474;0.9472462544840684;4489;239;261
243;bull_mastiff;4750;;0.9362105263157895;0.9581986640810171;0.9362105263157895;0.9470769886061123;4447;194;303
71;scorpion;4750;;0.9229473684210526;0.9714159095945047;0.9229473684210526;0.9465615891179963;4384;129;366
259;Pomeranian;4750;;0.9408421052631579;0.9522693373108886;0.9408421052631579;0.9465212326591126;4469;224;281
877;turnstile;4750;;0.9113684210526316;0.9843110504774898;0.9113684210526316;0.9464363795365107;4329;69;421
949;strawberry;4750;;0.9562105263157895;0.9366879769024541;0.9562105263157895;0.9463485779768726;4542;307;208
326;lycaenid;4750;;0.9473684210526315;0.9449811003779924;0.9473684210526315;0.9461732548359966;4500;262;250
344;hippopotamus;4750;;0.9037894736842105;0.992371705963939;0.9037894736842105;0.9460114587924195;4293;33;457
93;hornbill;4750;;0.9738947368421053;0.9189511323003575;0.9738947368421053;0.9456255110384301;4626;408;124
955;jackfruit;4750;;0.9004210526315789;0.9955772811918063;0.9004210526315789;0.9456113199204067;4277;19;473
518;crash_helmet;4750;;0.9204210526315789;0.9722036913497888;0.9204210526315789;0.9456039796690819;4372;125;378
649;megalith;4750;;0.9223157894736842;0.9698915209209652;0.9223157894736842;0.9455055573540518;4381;136;369
678;neck_brace;4750;;0.9069473684210526;0.9873939949575979;0.9069473684210526;0.9454625260616701;4308;55;442
215;Brittany_spaniel;4750;;0.9511578947368421;0.9396838602329451;0.9511578947368421;0.9453860640301318;4518;290;232
858;tile_roof;4750;;0.9263157894736842;0.9647007235255426;0.9263157894736842;0.9451186768338525;4400;161;350
428;barrow;4750;;0.9366315789473684;0.9536977491961415;0.9366315789473684;0.9450876261285184;4449;216;301
254;pug;4750;;0.9168421052631579;0.9744909375699261;0.9168421052631579;0.9447879379542249;4355;114;395
458;brass;4750;;0.8993684210526316;0.9948765719608756;0.8993684210526316;0.9447147279964617;4272;22;478
420;banjo;4750;;0.9368421052631579;0.9524828767123288;0.9368421052631579;0.9445977499469327;4450;222;300
707;pay-phone;4750;;0.903578947368421;0.9891680110624568;0.903578947368421;0.9444383320497305;4292;47;458
957;pomegranate;4750;;0.9212631578947369;0.9685701637892873;0.9212631578947369;0.9443245576176089;4376;142;374
755;radio_telescope;4750;;0.911578947368421;0.979416421624067;0.911578947368421;0.9442808853996293;4330;91;420
765;rocking_chair;4750;;0.9218947368421052;0.9677348066298342;0.9218947368421052;0.9442587601078167;4379;146;371
708;pedestal;4750;;0.9562105263157895;0.9324574009443646;0.9562105263157895;0.9441845961958217;4542;329;208
194;Dandie_Dinmont;4750;;0.9343157894736842;0.9542033971188991;0.9343157894736842;0.9441548771407298;4438;213;312
688;oscilloscope;4750;;0.9528421052631579;0.9351239669421487;0.9528421052631579;0.9438998957247132;4526;314;224
671;mountain_bike;4750;;0.9423157894736842;0.9453009503695882;0.9423157894736842;0.9438060094886663;4476;259;274
796;ski_mask;4750;;0.9330526315789474;0.9547608789314951;0.9330526315789474;0.9437819420783645;4432;210;318
421;bannister;4750;;0.9402105263157895;0.9471898197242842;0.9402105263157895;0.9436872688853671;4466;249;284
444;bicycle-built-for-two;4750;;0.9574736842105264;0.9298711919852791;0.9574736842105264;0.9434705943366872;4548;343;202
682;obelisk;4750;;0.919578947368421;0.9685144124168514;0.919578947368421;0.9434125269978402;4368;142;382
511;convertible;4750;;0.9145263157894736;0.9735544598834603;0.9145263157894736;0.9431176726009552;4344;118;406
886;vending_machine;4750;;0.9545263157894737;0.9319630010277492;0.9545263157894737;0.9431097243889756;4534;331;216
514;cowboy_boot;4750;;0.907578947368421;0.9813339403596631;0.907578947368421;0.9430165153669473;4311;82;439
666;mortar;4750;;0.9452631578947368;0.9407081500104756;0.9452631578947368;0.9429801533130315;4490;283;260
721;pillow;4750;;0.9027368421052632;0.9868814729574223;0.9027368421052632;0.942935678944475;4288;57;462
699;panpipe;4750;;0.9145263157894736;0.9731182795698925;0.9145263157894736;0.9429129585413502;4344;120;406
687;organ;4750;;0.9471578947368421;0.9386605466305028;0.9471578947368421;0.9428900764958609;4499;294;251
663;monastery;4750;;0.9141052631578948;0.9731062303899597;0.9141052631578948;0.942683456361268;4342;120;408
822;steel_drum;4750;;0.9010526315789473;0.9877682898684514;0.9010526315789473;0.9424199053176263;4280;53;470
217;English_springer;4750;;0.9332631578947368;0.9516960068699012;0.9332631578947368;0.9423894557823129;4433;225;317
451;bolo_tie;4750;;0.9298947368421052;0.9546142208774584;0.9298947368421052;0.9420923536312253;4417;210;333
483;castle;4750;;0.9214736842105263;0.962401055408971;0.9214736842105263;0.9414927941492796;4377;171;373
387;lesser_panda;4750;;0.9256842105263158;0.9577434110215639;0.9256842105263158;0.9414409592120758;4397;194;353
396;lionfish;4750;;0.9317894736842105;0.9512142703632065;0.9317894736842105;0.9414016803147931;4426;227;324
989;hip;4750;;0.9766315789473684;0.9078277886497065;0.9766315789473684;0.940973630831643;4639;471;111
245;French_bulldog;4750;;0.8941052631578947;0.9929857376665887;0.8941052631578947;0.9409549130386617;4247;30;503
102;echidna;4750;;0.9101052631578948;0.9738679882856499;0.9101052631578948;0.9409076069213189;4323;116;427
704;parking_meter;4750;;0.9122105263157895;0.9713068818650527;0.9122105263157895;0.9408316143741179;4333;128;417
613;joystick;4750;;0.9370526315789474;0.9446095076400679;0.9370526315789474;0.9408158951595857;4451;261;299
738;pot;4750;;0.9181052631578948;0.964609599646096;0.9181052631578948;0.9407830870456261;4361;160;389
316;cicada;4750;;0.9391578947368421;0.9415365132967497;0.9391578947368421;0.9403456998313658;4461;277;289
196;miniature_schnauzer;4750;;0.9218947368421052;0.9588351215239763;0.9218947368421052;0.9400021466137168;4379;188;371
117;chambered_nautilus;4750;;0.9033684210526316;0.9796803652968037;0.9033684210526316;0.9399780941949617;4291;89;459
695;padlock;4750;;0.9543157894736842;0.9251020408163265;0.9543157894736842;0.9394818652849741;4533;367;217
235;German_shepherd;4750;;0.9004210526315789;0.9814134924277191;0.9004210526315789;0.9391743522178304;4277;81;473
901;whiskey_jug;4750;;0.911578947368421;0.9684634309997764;0.911578947368421;0.9391606116473268;4330;141;420
333;hamster;4750;;0.964842105263158;0.914587906605468;0.964842105263158;0.9390431308267596;4583;428;167
20;water_ouzel;4750;;0.8951578947368422;0.987230090550267;0.8951578947368422;0.9389422546096942;4252;55;498
701;parachute;4750;;0.9597894736842105;0.9189679500100786;0.9597894736842105;0.9389352280918545;4559;402;191
365;orangutan;4750;;0.9311578947368421;0.9467037671232876;0.9311578947368421;0.9388664827000637;4423;249;327
338;guinea_pig;4750;;0.9044210526315789;0.9754768392370572;0.9044210526315789;0.9386060738474984;4296;108;454
383;Madagascar_cat;4750;;0.9056842105263158;0.9739642291147838;0.9056842105263158;0.9385840514890367;4302;115;448
795;ski;4750;;0.9402105263157895;0.9364646676452086;0.9402105263157895;0.9383338585985923;4466;303;284
781;scoreboard;4750;;0.9202105263157895;0.9568739054290718;0.9202105263157895;0.9381841596909208;4371;197;379
296;ice_bear;4750;;0.911578947368421;0.9654403567447045;0.911578947368421;0.9377368706009745;4330;155;420
98;red-breasted_merganser;4750;;0.9743157894736842;0.9037297402851006;0.9743157894736842;0.937696282038294;4628;493;122
874;trolleybus;4750;;0.9848421052631579;0.8947972456006121;0.9848421052631579;0.937662858288234;4678;550;72
80;black_grouse;4750;;0.9002105263157895;0.9771480804387569;0.9002105263157895;0.9371027832566295;4276;100;474
133;bittern;4750;;0.9385263157894737;0.9355718782791186;0.9385263157894737;0.937046768260641;4458;307;292
174;Norwegian_elkhound;4750;;0.9;0.9771428571428571;0.9;0.9369863013698629;4275;100;475
902;whistle;4750;;0.9362105263157895;0.9373946037099494;0.9362105263157895;0.9368021908573836;4447;297;303
137;American_coot;4750;;0.9098947368421053;0.9651630192050022;0.9098947368421053;0.9367143476376246;4322;156;428
148;killer_whale;4750;;0.908;0.9668235821564671;0.908;0.9364889805667138;4313;148;437
919;street_sign;4750;;0.8981052631578947;0.9782160055033249;0.8981052631578947;0.9364504445176159;4266;95;484
756;rain_barrel;4750;;0.9305263157894736;0.9424307036247335;0.9305263157894736;0.9364406779661016;4420;270;330
981;ballplayer;4750;;0.9513684210526315;0.9218686250509996;0.9513684210526315;0.936386241193535;4519;383;231
823;stethoscope;4750;;0.8932631578947369;0.9833140208574739;0.8932631578947369;0.9361279646993933;4243;72;507
766;rotisserie;4750;;0.8932631578947369;0.9833140208574739;0.8932631578947369;0.9361279646993933;4243;72;507
229;Old_English_sheepdog;4750;;0.9576842105263158;0.9152917505030181;0.9576842105263158;0.9360082304526749;4549;421;201
853;thatch;4750;;0.9538947368421052;0.9186942416869425;0.9538947368421052;0.9359636438752325;4531;401;219
457;bow_tie;4750;;0.9136842105263158;0.9593280282935456;0.9136842105263158;0.9359499676514988;4340;184;410
363;armadillo;4750;;0.9229473684210526;0.9491231868369777;0.9229473684210526;0.93585227879176;4384;235;366
786;sewing_machine;4750;;0.9252631578947368;0.9463824289405685;0.9252631578947368;0.9357036406216733;4395;249;355
934;hotdog;4750;;0.9212631578947369;0.950477845351868;0.9212631578947369;0.9356425058798375;4376;228;374
425;barn;4750;;0.9675789473684211;0.9054373522458629;0.9675789473684211;0.9354773051088948;4596;480;154
21;kite;4750;;0.9244210526315789;0.9463362068965517;0.9244210526315789;0.9352502662406815;4391;249;359
857;throne;4750;;0.9448421052631579;0.9255516601361106;0.9448421052631579;0.9350974059797896;4488;361;262
332;Angora;4750;;0.9456842105263158;0.9246603540551668;0.9456842105263158;0.9350541215653622;4492;366;258
944;artichoke;4750;;0.884421052631579;0.9917374881964117;0.884421052631579;0.9350100155797909;4201;35;549
392;rock_beauty;4750;;0.9418947368421052;0.9280232316946692;0.9418947368421052;0.9349075331731271;4474;347;276
833;submarine;4750;;0.916;0.9541666666666667;0.916;0.9346938775510205;4351;209;399
674;mousetrap;4750;;0.912;0.9577713906699094;0.912;0.9343254610158525;4332;191;418
882;vacuum;4750;;0.9058947368421053;0.9643657552666965;0.9058947368421053;0.9342162396873643;4303;159;447
855;thimble;4750;;0.9298947368421052;0.9383896324622902;0.9298947368421052;0.9341228719467061;4417;290;333
891;waffle_iron;4750;;0.9023157894736842;0.9681499887056697;0.9023157894736842;0.934074316225346;4286;141;464
350;ibex;4750;;0.9437894736842105;0.9245205196947824;0.9437894736842105;0.9340556307948745;4483;366;267
325;sulphur_butterfly;4750;;0.9069473684210526;0.9626815642458101;0.9069473684210526;0.9339837398373984;4308;167;442
429;baseball;4750;;0.9048421052631579;0.9643257796724254;0.9048421052631579;0.9336374497664821;4298;159;452
346;water_buffalo;4750;;0.924;0.9434651762682718;0.924;0.933631142310147;4389;263;361
982;groom;4750;;0.9206315789473685;0.9469467301862278;0.9206315789473685;0.9336037574722459;4373;245;377
686;oil_filter;4750;;0.9467368421052632;0.9207616707616708;0.9467368421052632;0.9335686111687772;4497;387;253
258;Samoyed;4750;;0.9589473684210527;0.9093631463365941;0.9589473684210527;0.933497284557844;4555;454;195
592;hard_disc;4750;;0.9031578947368422;0.9657811796488068;0.9031578947368422;0.9334203655352481;4290;152;460
574;golf_ball;4750;;0.8854736842105263;0.9863977485928705;0.8854736842105263;0.9332149988906147;4206;58;544
628;liner;4750;;0.9250526315789473;0.9411008781323624;0.9250526315789473;0.933007750291963;4394;275;356
610;jersey;4750;;0.9393684210526316;0.92668743509865;0.9393684210526316;0.9329848405645583;4462;353;288
932;pretzel;4750;;0.9052631578947369;0.9623992837958818;0.9052631578947369;0.9329572575395965;4300;168;450
625;lifeboat;4750;;0.9543157894736842;0.9124396135265701;0.9543157894736842;0.9329080057625025;4533;435;217
525;dam;4750;;0.9077894736842105;0.9588614631976874;0.9077894736842105;0.9326267978803937;4312;185;438
500;cliff_dwelling;4750;;0.9;0.9665385484964956;0.9;0.9320832879101711;4275;148;475
656;minivan;4750;;0.8831578947368421;0.9865945437441204;0.8831578947368421;0.9320151077538326;4195;57;555
465;bulletproof_vest;4750;;0.9301052631578948;0.9334460173251637;0.9301052631578948;0.9317726457871982;4418;315;332
841;sweatshirt;4750;;0.9067368421052632;0.9579626334519573;0.9067368421052632;0.9316461172398874;4307;189;443
554;fireboat;4750;;0.9069473684210526;0.9575461213603023;0.9069473684210526;0.9315601686668828;4308;191;442
608;jean;4750;;0.8991578947368422;0.9654159132007233;0.8991578947368422;0.9311096577283627;4271;153;479
580;greenhouse;4750;;0.936;0.92625;0.936;0.9310994764397906;4446;354;304
907;wine_bottle;4750;;0.9286315789473685;0.9335449735449736;0.9286315789473685;0.9310817941952507;4411;314;339
391;coho;4750;;0.9530526315789474;0.9099497487437186;0.9530526315789474;0.9310025706940874;4527;448;223
375;colobus;4750;;0.8848421052631579;0.9820093457943925;0.8848421052631579;0.9308970099667774;4203;77;547
896;washbasin;4750;;0.9555789473684211;0.9072556466120327;0.9555789473684211;0.9307905259920024;4539;464;211
214;Gordon_setter;4750;;0.9031578947368422;0.9601611459265891;0.9031578947368422;0.9307875894988067;4290;178;460
362;badger;4750;;0.9290526315789474;0.9323896049017536;0.9290526315789474;0.9307181271749446;4413;320;337
474;cardigan;4750;;0.9149473684210526;0.9468409586056645;0.9149473684210526;0.9306209850107067;4346;244;404
398;abacus;4750;;0.8917894736842106;0.9728984841525035;0.8917894736842106;0.9305799648506152;4236;118;514
210;German_short-haired_pointer;4750;;0.9061052631578947;0.9558072396180324;0.9061052631578947;0.9302928779855182;4304;199;446
157;papillon;4750;;0.9583157894736842;0.9035331480746328;0.9583157894736842;0.9301185124642419;4552;486;198
588;hamper;4750;;0.892;0.9715661545517084;0.892;0.930084513225771;4237;124;513
317;leafhopper;4750;;0.9197894736842105;0.939974182444062;0.9197894736842105;0.9297722919770163;4369;279;381
720;pill_bottle;4750;;0.9124210526315789;0.9477367155040455;0.9124210526315789;0.9297436447495441;4334;239;416
279;Arctic_fox;4750;;0.9568421052631579;0.9041177640740004;0.9568421052631579;0.9297330469469163;4545;482;205
490;chain_mail;4750;;0.8877894736842106;0.9757056918093475;0.8877894736842106;0.9296737213403881;4217;105;533
872;tripod;4750;;0.8778947368421053;0.9874496803220459;0.8778947368421053;0.9294550317619525;4170;53;580
433;bathing_cap;4750;;0.9010526315789473;0.9596412556053812;0.9010526315789473;0.9294245385450596;4280;180;470
936;head_cabbage;4750;;0.8898947368421053;0.9726184997699033;0.8898947368421053;0.9294195250659631;4227;119;523
404;airliner;4750;;0.9585263157894737;0.9019413629160064;0.9585263157894737;0.9293733414982649;4553;495;197
225;malinois;4750;;0.9427368421052632;0.9163085737671373;0.9427368421052632;0.9293348552454083;4478;409;272
207;golden_retriever;4750;;0.9052631578947369;0.9547069271758437;0.9052631578947369;0.9293278582234711;4300;204;450
198;standard_schnauzer;4750;;0.9143157894736842;0.9445411048281862;0.9143157894736842;0.9291827128797603;4343;255;407
706;patio;4750;;0.8922105263157895;0.9693504117108874;0.8922105263157895;0.9291821968866477;4238;134;512
948;Granny_Smith;4750;;0.9271578947368421;0.9308814204185162;0.9271578947368421;0.9290159265900222;4404;327;346
273;dingo;4750;;0.9162105263157895;0.941991341991342;0.9162105263157895;0.9289220917822839;4352;268;398
307;weevil;4750;;0.9349473684210526;0.9227093289008934;0.9349473684210526;0.9287880372268117;4441;372;309
752;racket;4750;;0.9621052631578947;0.8976625417403261;0.9621052631578947;0.9287674016868205;4570;521;180
141;redshank;4750;;0.9107368421052632;0.9466083150984683;0.9107368421052632;0.9283261802575108;4326;244;424
76;tarantula;4750;;0.9050526315789473;0.9527925531914894;0.9050526315789473;0.9283092204707406;4299;213;451
213;Irish_setter;4750;;0.8949473684210526;0.9639455782312926;0.8949473684210526;0.9281659388646288;4251;159;499
440;beer_bottle;4750;;0.9305263157894736;0.9248796819418288;0.9305263157894736;0.927694406548431;4420;359;330
966;red_wine;4750;;0.9086315789473685;0.9475301866081229;0.9086315789473685;0.9276732939279957;4316;239;434
545;electric_fan;4750;;0.9496842105263158;0.9061872237846524;0.9496842105263158;0.9274259868421053;4511;467;239
449;boathouse;4750;;0.9212631578947369;0.9334470989761092;0.9212631578947369;0.927315109133291;4376;312;374
912;worm_fence;4750;;0.9052631578947369;0.9502762430939227;0.9052631578947369;0.9272237196765499;4300;225;450
195;Boston_bull;4750;;0.9490526315789474;0.906312826698834;0.9490526315789474;0.9271904566022212;4508;466;242
394;sturgeon;4750;;0.8747368421052631;0.9859990507831039;0.8747368421052631;0.9270414993306559;4155;59;595
538;dome;4750;;0.9614736842105264;0.8949637468155986;0.9614736842105264;0.9270273013295443;4567;536;183
442;bell_cote;4750;;0.8970526315789473;0.9590366869232501;0.8970526315789473;0.9270096812792342;4261;182;489
150;sea_lion;4750;;0.8816842105263157;0.9771348576761549;0.8816842105263157;0.9269588313413014;4188;98;562
670;motor_scooter;4750;;0.9621052631578947;0.8938001173479366;0.9621052631578947;0.9266957315218494;4570;543;180
593;harmonica;4750;;0.9086315789473685;0.9454545454545454;0.9086315789473685;0.926677402039721;4316;249;434
778;scale;4750;;0.8808421052631579;0.9768853607284613;0.8808421052631579;0.926381047271117;4184;99;566
956;custard_apple;4750;;0.94;0.9130879345603272;0.94;0.9263485477178423;4465;425;285
777;scabbard;4750;;0.8972631578947369;0.9566778900112234;0.8972631578947369;0.9260184682237913;4262;193;488
722;ping-pong_ball;4750;;0.932;0.9196094723722477;0.932;0.9257632789627771;4427;387;323
403;aircraft_carrier;4750;;0.9338947368421052;0.9172870140612076;0.9338947368421052;0.9255163780513248;4436;400;314
242;boxer;4750;;0.8816842105263157;0.9732744596792935;0.8816842105263157;0.9252181597260576;4188;115;562
946;cardoon;4750;;0.9707368421052631;0.8828259620907525;0.9707368421052631;0.9246966810388046;4611;612;139
232;Border_collie;4750;;0.9602105263157895;0.8915168100078186;0.9602105263157895;0.9245894992904926;4561;555;189
763;revolver;4750;;0.9637894736842105;0.8884145158160295;0.9637894736842105;0.9245683126325356;4578;575;172
308;fly;4750;;0.9168421052631579;0.9321489726027398;0.9168421052631579;0.9244321800042454;4355;317;395
523;crutch;4750;;0.903578947368421;0.945999559180075;0.903578947368421;0.9243027888446215;4292;245;458
835;sundial;4750;;0.8905263157894737;0.9607086077674313;0.8905263157894737;0.9242871189773845;4230;173;520
792;shovel;4750;;0.8821052631578947;0.9705814222839935;0.8821052631578947;0.9242307268115142;4190;127;560
840;swab;4750;;0.9082105263157895;0.9402789886660854;0.9082105263157895;0.9239665881345042;4314;274;436
758;reel;4750;;0.9098947368421053;0.9383412939643943;0.9098947368421053;0.923899102180419;4322;284;428
825;stone_wall;4750;;0.8833684210526316;0.968158744808491;0.8833684210526316;0.9238221047996477;4196;138;554
801;snorkel;4750;;0.9197894736842105;0.9272071307300509;0.9197894736842105;0.9234834073134643;4369;343;381
563;fountain_pen;4750;;0.9322105263157895;0.9148760330578513;0.9322105263157895;0.9234619395203337;4428;412;322
400;academic_gown;4750;;0.9010526315789473;0.946483856700575;0.9010526315789473;0.9232096635030197;4280;242;470
779;school_bus;4750;;0.9315789473684211;0.9148232375439322;0.9315789473684211;0.9231250651924481;4425;412;325
441;beer_glass;4750;;0.9395789473684211;0.9071138211382114;0.9395789473684211;0.92306101344364;4463;457;287
569;garbage_truck;4750;;0.9357894736842105;0.9106740422044663;0.9357894736842105;0.9230609490187934;4445;436;305
743;prison;4750;;0.9294736842105263;0.9161651794978212;0.9294736842105263;0.9227714494722541;4415;404;335
770;running_shoe;4750;;0.9187368421052632;0.9265392781316348;0.9187368421052632;0.9226215644820297;4364;346;386
880;unicycle;4750;;0.9597894736842105;0.8880015582391897;0.9597894736842105;0.9225010117361391;4559;575;191
364;three-toed_sloth;4750;;0.8606315789473684;0.9939217116460005;0.8606315789473684;0.922486742637933;4088;25;662
264;Cardigan;4750;;0.9130526315789473;0.9320868257038469;0.9130526315789473;0.9224715516324576;4337;316;413
234;Rottweiler;4750;;0.9265263157894736;0.9184056761268782;0.9265263157894736;0.9224481240830015;4401;391;349
411;apron;4750;;0.8901052631578947;0.9554802259887005;0.8901052631578947;0.9216348773841961;4228;197;522
749;quill;4750;;0.8896842105263157;0.9554600949581732;0.8896842105263157;0.9213997601657037;4226;197;524
70;harvestman;4750;;0.8976842105263158;0.9460838695362769;0.8976842105263158;0.9212487847034676;4264;243;486
931;bagel;4750;;0.9061052631578947;0.9368741837178929;0.9061052631578947;0.9212328767123288;4304;290;446
289;snow_leopard;4750;;0.9218947368421052;0.9203446826397647;0.9218947368421052;0.9211190576356753;4379;379;371
745;projector;4750;;0.8770526315789474;0.9692880409492788;0.8770526315789474;0.9208664898320073;4166;132;584
553;file;4750;;0.9221052631578948;0.9195884946462314;0.9221052631578948;0.9208451592557553;4380;383;370
774;sandal;4750;;0.8690526315789474;0.9786628733997155;0.8690526315789474;0.9206066012488849;4128;90;622
814;speedboat;4750;;0.976;0.8711010898158587;0.976;0.920571882446386;4636;686;114
653;milk_can;4750;;0.9149473684210526;0.9260600894949925;0.9149473684210526;0.920470189558403;4346;347;404
468;cab;4750;;0.8896842105263157;0.9530897609382047;0.8896842105263157;0.9202961672473867;4226;208;524
343;warthog;4750;;0.9138947368421053;0.9263764404609475;0.9138947368421053;0.9200932598558712;4341;345;409
503;cocktail_shaker;4750;;0.9315789473684211;0.9088108441158349;0.9315789473684211;0.9200540596735627;4425;444;325
149;dugong;4750;;0.8981052631578947;0.9425541316836058;0.8981052631578947;0.9197930142302717;4266;260;484
154;Pekinese;4750;;0.8713684210526316;0.9738823529411764;0.8713684210526316;0.9197777777777778;4139;111;611
412;ashcan;4750;;0.916;0.9224083103667585;0.916;0.9191929861624591;4351;366;399
472;canoe;4750;;0.991578947368421;0.8565193671576651;0.991578947368421;0.9191140599082838;4710;789;40
557;flagpole;4750;;0.915578947368421;0.922571064913025;0.915578947368421;0.919061707523246;4349;365;401
790;shopping_basket;4750;;0.9016842105263158;0.9369940931962372;0.9016842105263158;0.919000107284626;4283;288;467
413;assault_rifle;4750;;0.9271578947368421;0.9106699751861043;0.9271578947368421;0.9188399749634885;4404;432;346
510;container_ship;4750;;0.9553684210526315;0.8849453978159126;0.9553684210526315;0.9188094756023486;4538;590;212
938;cauliflower;4750;;0.9229473684210526;0.9146672230335906;0.9229473684210526;0.9187886408886093;4384;409;366
547;electric_locomotive;4750;;0.9490526315789474;0.8902053712480252;0.9490526315789474;0.9186875891583453;4508;556;242
537;dogsled;4750;;0.9722105263157895;0.8706636500754148;0.9722105263157895;0.9186393475233737;4618;686;132
512;corkscrew;4750;;0.9391578947368421;0.8984894259818731;0.9391578947368421;0.9183736489963973;4461;504;289
807;solar_dish;4750;;0.9202105263157895;0.9163522012578617;0.9202105263157895;0.9182773109243698;4371;399;379
667;mortarboard;4750;;0.9134736842105263;0.9229951074239523;0.9134736842105263;0.9182097132578563;4339;362;411
937;broccoli;4750;;0.9061052631578947;0.9305945945945946;0.9061052631578947;0.9181866666666667;4304;321;446
834;suit;4750;;0.9023157894736842;0.9345835150457915;0.9023157894736842;0.918166238217652;4286;300;464
427;barrel;4750;;0.8827368421052632;0.9562143671607753;0.8827368421052632;0.9180076628352489;4193;192;557
401;accordion;4750;;0.9092631578947369;0.9268240343347639;0.9092631578947369;0.9179596174282678;4319;341;431
147;grey_whale;4750;;0.9385263157894737;0.8980660757453667;0.9385263157894737;0.9178505250154416;4458;506;292
181;Bedlington_terrier;4750;;0.9408421052631579;0.8959502806736167;0.9408421052631579;0.917847607311563;4469;519;281
816;spindle;4750;;0.9631578947368421;0.8764367816091954;0.9631578947368421;0.9177532597793381;4575;645;175
716;picket_fence;4750;;0.9332631578947368;0.9026674811647323;0.9332631578947368;0.9177103819480384;4433;478;317
140;red-backed_sandpiper;4750;;0.9273684210526316;0.9080601937744794;0.9273684210526316;0.9176127486720134;4405;446;345
104;wallaby;4750;;0.9256842105263158;0.9095986760446835;0.9256842105263158;0.9175709515859767;4397;437;353
182;Border_terrier;4750;;0.8991578947368422;0.9364174523130893;0.8991578947368422;0.9174095156266782;4271;290;479
408;amphibian;4750;;0.9147368421052632;0.9199661232267626;0.9147368421052632;0.9173440304021957;4345;378;405
641;maraca;4750;;0.9762105263157895;0.8651119402985075;0.9762105263157895;0.9173095944609299;4637;723;113
25;European_fire_salamander;4750;;0.891578947368421;0.9442586399108138;0.891578947368421;0.9171629669734706;4235;250;515
895;warplane;4750;;0.9633684210526315;0.8749521988527724;0.9633684210526315;0.9170340681362725;4576;654;174
775;sarong;4750;;0.8698947368421053;0.9694978883153449;0.8698947368421053;0.9169995561473591;4132;130;618
791;shopping_cart;4750;;0.9218947368421052;0.9121016454905229;0.9218947368421052;0.9169720448120615;4379;422;371
223;schipperke;4750;;0.8738947368421053;0.9642276422764228;0.8738947368421053;0.9168415240198786;4151;154;599
274;dhole;4750;;0.9202105263157895;0.9134796238244514;0.9202105263157895;0.9168327215521762;4371;414;379
463;bucket;4750;;0.888421052631579;0.9464005382372729;0.888421052631579;0.9164947334129656;4220;239;530
660;mobile_home;4750;;0.872;0.9657262765213337;0.872;0.9164730611793339;4142;147;608
169;borzoi;4750;;0.98;0.8601256467110125;0.98;0.9161582365676048;4655;757;95
630;Loafer;4750;;0.9187368421052632;0.913544065312958;0.9187368421052632;0.9161330954130367;4364;413;386
773;saltshaker;4750;;0.9233684210526316;0.9088271860754248;0.9233684210526316;0.9160401002506267;4386;440;364
188;wire-haired_fox_terrier;4750;;0.8917894736842106;0.9409151488227454;0.8917894736842106;0.9156939040207523;4236;266;514
7;cock;4750;;0.896;0.9357959542656112;0.896;0.9154656915465692;4256;292;494
128;black_stork;4750;;0.9595789473684211;0.8751920122887865;0.9595789473684211;0.9154448684474794;4558;650;192
551;face_powder;4750;;0.932;0.899431125558716;0.932;0.9154259718775848;4427;495;323
696;paintbrush;4750;;0.879578947368421;0.9540991093857045;0.879578947368421;0.9153247891335305;4178;201;572
929;ice_lolly;4750;;0.9025263157894737;0.9283239497618017;0.9025263157894737;0.9152433817250213;4287;331;463
256;Newfoundland;4750;;0.8947368421052632;0.9365359189070075;0.8947368421052632;0.9151593453919035;4250;288;500
497;church;4750;;0.8553684210526316;0.9835390946502057;0.8553684210526316;0.9149870510077693;4063;68;687
156;Blenheim_spaniel;4750;;0.956;0.8761335134092224;0.956;0.9143259840934259;4541;642;209
410;apiary;4750;;0.8661052631578947;0.9677722888732063;0.8661052631578947;0.9141206532607489;4114;137;636
913;wreck;4750;;0.891578947368421;0.937776793622675;0.891578947368421;0.9140945391754802;4235;281;515
908;wing;4750;;0.8492631578947368;0.9892103972535556;0.8492631578947368;0.9139102854553692;4034;44;716
515;cowboy_hat;4750;;0.9103157894736842;0.9172677131947391;0.9103157894736842;0.9137785291631446;4324;390;426
578;gown;4750;;0.8789473684210526;0.9512417407154249;0.8789473684210526;0.9136667031403873;4175;214;575
789;shoji;4750;;0.9389473684210526;0.8891547049441786;0.9389473684210526;0.9133729264796232;4460;556;290
884;vault;4750;;0.9353684210526316;0.8921686746987951;0.9353684210526316;0.9132579650565262;4443;537;307
495;china_cabinet;4750;;0.9410526315789474;0.8869047619047619;0.9410526315789474;0.9131767109295199;4470;570;280
897;washer;4750;;0.8806315789473684;0.9480961015412511;0.8806315789473684;0.9131194062431783;4183;229;567
132;American_egret;4750;;0.9343157894736842;0.8927781130557232;0.9343157894736842;0.9130747865445943;4438;533;312
462;broom;4750;;0.8593684210526316;0.9728312678741659;0.8593684210526316;0.9125866308964901;4082;114;668
732;Polaroid_camera;4750;;0.9031578947368422;0.9221840068787618;0.9031578947368422;0.912571793235482;4290;362;460
920;traffic_light;4750;;0.923578947368421;0.9000820681165367;0.923578947368421;0.9116791354945969;4387;487;363
750;quilt;4750;;0.8972631578947369;0.9265217391304348;0.8972631578947369;0.9116577540106952;4262;338;488
740;power_drill;4750;;0.8882105263157895;0.9363071460275189;0.8882105263157895;0.9116248919619706;4219;287;531
918;crossword_puzzle;4750;;0.8983157894736842;0.9251951431049437;0.8983157894736842;0.9115573595385602;4267;345;483
179;Staffordshire_bullterrier;4750;;0.9006315789473684;0.9223803363518758;0.9006315789473684;0.9113762249680444;4278;360;472
837;sunglasses;4750;;0.8783157894736842;0.946890603722197;0.8783157894736842;0.91131498470948;4172;234;578
309;bee;4750;;0.852;0.9782451051486585;0.852;0.9107685383143919;4047;90;703
601;hoopskirt;4750;;0.9509473684210527;0.8735254302842776;0.9509473684210527;0.9105936901522024;4517;654;233
507;combination_lock;4750;;0.8966315789473684;0.9246634824142423;0.8966315789473684;0.9104318084651561;4259;347;491
761;remote_control;4750;;0.9117894736842105;0.9089192025183631;0.9117894736842105;0.9103520756699947;4331;434;419
974;geyser;4750;;0.8922105263157895;0.9289785181937746;0.8922105263157895;0.9102233676975946;4238;324;512
384;indri;4750;;0.908;0.9120321421019243;0.908;0.9100116045996413;4313;416;437
8;hen;4750;;0.9031578947368422;0.9168625774738192;0.9031578947368422;0.9099586382437164;4290;389;460
586;half_track;4750;;0.9216842105263158;0.898051282051282;0.9216842105263158;0.9097142857142857;4378;497;372
452;bonnet;4750;;0.912;0.9074151654796816;0.912;0.9097018059638806;4332;442;418
634;lumbermill;4750;;0.8978947368421053;0.9215643906655142;0.8978947368421053;0.909575602473875;4265;363;485
839;suspension_bridge;4750;;0.8861052631578947;0.9340878828229028;0.8861052631578947;0.9094641313742438;4209;297;541
959;carbonara;4750;;0.8778947368421053;0.9432255145894594;0.8778947368421053;0.9093882891723913;4170;251;580
261;keeshond;4750;;0.9496842105263158;0.871859296482412;0.9496842105263158;0.9091092301491334;4511;663;239
397;puffer;4750;;0.8686315789473684;0.9526668205957054;0.8686315789473684;0.9087104944389385;4126;205;624
38;banded_gecko;4750;;0.8911578947368421;0.9266637478108581;0.8911578947368421;0.9085640695428203;4233;335;517
286;cougar;4750;;0.9101052631578948;0.906859660163625;0.9101052631578948;0.9084795628874646;4323;444;427
283;Persian_cat;4750;;0.9534736842105264;0.8671261726976833;0.9534736842105264;0.9082522811591297;4529;694;221
366;gorilla;4750;;0.9189473684210526;0.897778691896339;0.9189473684210526;0.9082397003745318;4365;497;385
776;sax;4750;;0.8450526315789474;0.9809384164222874;0.8450526315789474;0.9079393802307172;4014;78;736
521;Crock_Pot;4750;;0.9197894736842105;0.8960213289581624;0.9197894736842105;0.9077498441720341;4369;507;381
655;miniskirt;4750;;0.9397894736842105;0.8775309612738352;0.9397894736842105;0.9075937785910339;4464;623;286
262;Brabancon_griffon;4750;;0.8534736842105263;0.9686977299880526;0.8534736842105263;0.9074426412982651;4054;131;696
737;pop_bottle;4750;;0.8667368421052631;0.9521276595744681;0.8667368421052631;0.9074278157372714;4117;207;633
548;entertainment_center;4750;;0.9578947368421052;0.8619056639515059;0.9578947368421052;0.9073686309701865;4550;729;200
270;white_wolf;4750;;0.9204210526315789;0.8942524033544692;0.9204210526315789;0.9071480444029465;4372;517;378
455;bottlecap;4750;;0.8806315789473684;0.9351665548848648;0.8806315789473684;0.9070801257725252;4183;290;567
228;komondor;4750;;0.9631578947368421;0.8569020415808204;0.9631578947368421;0.9069283377936366;4575;764;175
479;car_wheel;4750;;0.8882105263157895;0.9262349066959386;0.8882105263157895;0.9068242880171951;4219;336;531
717;pickup;4750;;0.9082105263157895;0.9053515215110178;0.9082105263157895;0.9067787703625855;4314;451;436
186;Norwich_terrier;4750;;0.9368421052631579;0.8784050532964863;0.9368421052631579;0.906682966585167;4450;616;300
29;axolotl;4750;;0.8793684210526316;0.9357078853046595;0.8793684210526316;0.9066637725200782;4177;287;573
827;stove;4750;;0.8833684210526316;0.931202840656902;0.8833684210526316;0.9066551426101989;4196;310;554
306;rhinoceros_beetle;4750;;0.928;0.8862082830719743;0.928;0.9066227889757301;4408;566;342
640;manhole_cover;4750;;0.8368421052631579;0.9885600596866451;0.8368421052631579;0.9063960779842662;3975;46;775
287;lynx;4750;;0.8618947368421053;0.9552029864675688;0.8618947368421053;0.9061531651173086;4094;192;656
176;Saluki;4750;;0.8869473684210526;0.9255272407732865;0.8869473684210526;0.9058267039346377;4213;339;537
164;bluetick;4750;;0.884;0.9285714285714286;0.884;0.9057377049180327;4199;323;551
564;four-poster;4750;;0.9625263157894737;0.8550589115391809;0.9625263157894737;0.905615529365158;4572;775;178
379;howler_monkey;4750;;0.9004210526315789;0.91;0.9004210526315789;0.9051851851851852;4277;423;473
869;trench_coat;4750;;0.875578947368421;0.9367117117117117;0.875578947368421;0.905114254624592;4159;281;591
785;seat_belt;4750;;0.9162105263157895;0.8941853297719334;0.9162105263157895;0.9050639492565249;4352;515;398
916;web_site;4750;;0.9557894736842105;0.8591975775927327;0.9557894736842105;0.9049232609128961;4540;744;210
793;shower_cap;4750;;0.9052631578947369;0.9043112513144059;0.9052631578947369;0.9047869542346134;4300;455;450
436;beach_wagon;4750;;0.8928421052631579;0.9167747514051016;0.8928421052631579;0.9046501706484641;4241;385;509
665;moped;4750;;0.8667368421052631;0.9460018382352942;0.8667368421052631;0.904636343660734;4117;235;633
965;burrito;4750;;0.875578947368421;0.9356580427446569;0.875578947368421;0.9046220772158783;4159;286;591
193;Australian_terrier;4750;;0.8778947368421053;0.9328859060402684;0.8778947368421053;0.9045553145336225;4170;300;580
324;cabbage_butterfly;4750;;0.8576842105263158;0.9567872240488492;0.8576842105263158;0.9045293072824157;4074;184;676
629;lipstick;4750;;0.8421052631578947;0.9768009768009768;0.8421052631578947;0.9044657998869416;4000;95;750
753;radiator;4750;;0.8894736842105263;0.9194776931447225;0.8894736842105263;0.9042268592830391;4225;370;525
131;little_blue_heron;4750;;0.9545263157894737;0.8588747868914567;0.9545263157894737;0.9041778841360056;4534;745;216
836;sunglass;4750;;0.8591578947368421;0.9541734860883797;0.8591578947368421;0.9041763598094605;4081;196;669
1;goldfish;4750;;0.9385263157894737;0.8722363529641949;0.9385263157894737;0.9041679342865835;4458;653;292
780;schooner;4750;;0.9130526315789473;0.8953344343517754;0.9130526315789473;0.904106733375026;4337;507;413
544;Dutch_oven;4750;;0.8528421052631578;0.9601801374733349;0.8528421052631578;0.903333704983833;4051;168;699
661;Model_T;4750;;0.9654736842105263;0.8486306439674315;0.9654736842105263;0.903289344100847;4586;818;164
605;iPod;4750;;0.8787368421052631;0.9292074799643811;0.8787368421052631;0.9032676909759793;4174;318;576
624;library;4750;;0.8625263157894737;0.9479407681628875;0.8625263157894737;0.9032186948853617;4097;225;653
47;African_chameleon;4750;;0.9033684210526316;0.9027982326951399;0.9033684210526316;0.9030832368725665;4291;462;459
964;potpie;4750;;0.9010526315789473;0.904289034439045;0.9010526315789473;0.9026679320890014;4280;453;470
862;torch;4750;;0.9012631578947369;0.9039273648648649;0.9012631578947369;0.9025932953826692;4281;455;469
596;hatchet;4750;;0.8471578947368421;0.9654510556621881;0.8471578947368421;0.902444494281229;4024;144;726
180;American_Staffordshire_terrier;4750;;0.8861052631578947;0.9187950229207597;0.8861052631578947;0.9021541099560604;4209;372;541
519;crate;4750;;0.860421052631579;0.9480398979355138;0.860421052631579;0.9021079351065004;4087;224;663
887;vestment;4750;;0.9389473684210526;0.867704280155642;0.9389473684210526;0.9019211324570273;4460;680;290
724;pirate;4750;;0.9157894736842105;0.8879363135333742;0.9157894736842105;0.9016478391543166;4350;549;400
572;goblet;4750;;0.8791578947368421;0.9251218431546301;0.8791578947368421;0.9015544041450778;4176;338;574
808;sombrero;4750;;0.8861052631578947;0.9169934640522875;0.8861052631578947;0.9012847965738758;4209;381;541
121;king_crab;4750;;0.9069473684210526;0.8954479318229058;0.9069473684210526;0.9011609664261061;4308;503;442
434;bath_towel;4750;;0.8751578947368421;0.9287310098302055;0.8751578947368421;0.9011489269455886;4157;319;593
567;frying_pan;4750;;0.8509473684210527;0.9562337355098178;0.8509473684210527;0.9005235602094241;4042;185;708
741;prayer_rug;4750;;0.9202105263157895;0.8816054860830981;0.9202105263157895;0.900494437577256;4371;587;379
566;French_horn;4750;;0.8242105263157895;0.9916413373860182;0.8242105263157895;0.9002069441250863;3915;33;835
151;Chihuahua;4750;;0.8642105263157894;0.9391443605582247;0.8642105263157894;0.9001206008113146;4105;266;645
467;butcher_shop;4750;;0.9244210526315789;0.876797124600639;0.9244210526315789;0.8999795039967207;4391;617;359
996;hen-of-the-woods;4750;;0.852421052631579;0.9531544256120528;0.852421052631579;0.8999777728384086;4049;199;701
299;meerkat;4750;;0.9408421052631579;0.8620756172839507;0.9408421052631579;0.8997382725991544;4469;715;281
158;toy_terrier;4750;;0.8254736842105264;0.9886535552193646;0.8254736842105264;0.8997246443322625;3921;45;829
762;restaurant;4750;;0.8922105263157895;0.906524064171123;0.8922105263157895;0.8993103448275863;4238;437;512
494;chime;4750;;0.8983157894736842;0.900210970464135;0.8983157894736842;0.8992623814541623;4267;473;483
541;drum;4750;;0.9086315789473685;0.8898969072164948;0.9086315789473685;0.8991666666666667;4316;534;434
635;magnetic_compass;4750;;0.9149473684210526;0.8833333333333333;0.9149473684210526;0.8988624612202689;4346;574;404
469;caldron;4750;;0.8757894736842106;0.9225992459525394;0.8757894736842106;0.8985851603844909;4160;349;590
152;Japanese_spaniel;4750;;0.8616842105263158;0.9385462049988534;0.8616842105263158;0.8984743716386785;4093;268;657
760;refrigerator;4750;;0.9244210526315789;0.8738308457711442;0.9244210526315789;0.8984143222506393;4391;634;359
842;swimming_trunks;4750;;0.9570526315789474;0.8457674418604652;0.9570526315789474;0.8979753086419754;4546;829;204
879;umbrella;4750;;0.9067368421052632;0.8893247986785051;0.9067368421052632;0.8979464192640468;4307;536;443
652;military_uniform;4750;;0.8357894736842105;0.9699486928903005;0.8357894736842105;0.8978853330317766;3970;123;780
236;Doberman;4750;;0.9286315789473685;0.8689913317572892;0.9286315789473685;0.8978221046203949;4411;665;339
399;abaya;4750;;0.92;0.876629889669007;0.92;0.8977914740626605;4370;615;380
914;yawl;4750;;0.86;0.9380022962112514;0.86;0.8973091707852828;4085;270;665
658;mitten;4750;;0.928;0.8680582906656163;0.928;0.8970288970288971;4408;670;342
263;Pembroke;4750;;0.9031578947368422;0.8902261880058103;0.9031578947368422;0.8966454174939911;4290;529;460
393;anemone_fish;4750;;0.891578947368421;0.9016393442622951;0.891578947368421;0.896580925161427;4235;462;515
622;lens_cap;4750;;0.8332631578947368;0.9700980392156863;0.8332631578947368;0.896489241223103;3958;122;792
276;hyena;4750;;0.9341052631578948;0.8615533980582524;0.9341052631578948;0.8963636363636364;4437;713;313
414;backpack;4750;;0.8503157894736842;0.9476771468793993;0.8503157894736842;0.8963604083444296;4039;223;711
219;cocker_spaniel;4750;;0.9006315789473684;0.8916215089620675;0.9006315789473684;0.8961038961038962;4278;520;472
644;matchstick;4750;;0.8574736842105263;0.9382630730246487;0.8574736842105263;0.8960510394896051;4073;268;677
875;trombone;4750;;0.892;0.8999575191163977;0.892;0.8959610911397758;4237;471;513
246;Great_Dane;4750;;0.8393684210526315;0.9604914478438931;0.8393684210526315;0.8958543983822043;3987;164;763
165;black-and-tan_coonhound;4750;;0.9130526315789473;0.8788247213779129;0.9130526315789473;0.8956117707795561;4337;598;413
200;Tibetan_terrier;4750;;0.8473684210526315;0.949516395376268;0.8473684210526315;0.8955389921014574;4025;214;725
589;hand_blower;4750;;0.9088421052631579;0.8813801551653736;0.9088421052631579;0.8949004975124377;4317;581;433
489;chainlink_fence;4750;;0.8951578947368422;0.8945928887018725;0.8951578947368422;0.8948753025360413;4252;501;498
543;dumbbell;4750;;0.8957894736842106;0.893719806763285;0.8957894736842106;0.8947534433813478;4255;506;495
203;West_Highland_white_terrier;4750;;0.9456842105263158;0.8486680521443416;0.9456842105263158;0.8945534202927412;4492;801;258
48;Komodo_dragon;4750;;0.8831578947368421;0.906047516198704;0.8831578947368421;0.894456289978678;4195;435;555
303;long-horned_beetle;4750;;0.8671578947368421;0.9233355749831876;0.8671578947368421;0.8943654326348931;4119;342;631
185;Norfolk_terrier;4750;;0.8402105263157895;0.9556992337164751;0.8402105263157895;0.8942415415639705;3991;185;759
209;Chesapeake_Bay_retriever;4750;;0.8587368421052631;0.9323428571428571;0.8587368421052631;0.8940273972602739;4079;296;671
162;beagle;4750;;0.840842105263158;0.9543608124253286;0.840842105263158;0.8940123111359822;3994;191;756
615;knee_pad;4750;;0.9141052631578948;0.87416951882424;0.9141052631578948;0.8936914685602552;4342;625;408
734;police_van;4750;;0.9069473684210526;0.8804414469650521;0.9069473684210526;0.8934978741055688;4308;585;442
693;paddle;4750;;0.8237894736842105;0.9753240279162513;0.8237894736842105;0.8931750741839762;3913;99;837
142;dowitcher;4750;;0.911578947368421;0.8752779462300384;0.911578947368421;0.8930597091884087;4330;617;420
626;lighter;4750;;0.895578947368421;0.8903306822938468;0.895578947368421;0.8929471032745592;4254;524;496
57;garter_snake;4750;;0.884421052631579;0.9015021459227468;0.884421052631579;0.8928799149840596;4201;459;549
334;porcupine;4750;;0.8587368421052631;0.929792568953727;0.8587368421052631;0.8928532341030974;4079;308;671
155;Shih-Tzu;4750;;0.8907368421052632;0.8946923239585536;0.8907368421052632;0.8927102014980484;4231;498;519
847;tank;4750;;0.8736842105263158;0.9118874972533509;0.8736842105263158;0.8923771637458338;4150;401;600
395;gar;4750;;0.8863157894736842;0.8974632274568323;0.8863157894736842;0.8918546764113969;4210;481;540
480;cash_machine;4750;;0.8863157894736842;0.8972719522591646;0.8863157894736842;0.891760220292311;4210;482;540
212;English_setter;4750;;0.8170526315789474;0.981041456016178;0.8170526315789474;0.8915690328509075;3881;75;869
224;groenendael;4750;;0.9242105263157895;0.8604468835750686;0.9242105263157895;0.8911896061713358;4390;712;360
168;redbone;4750;;0.8989473684210526;0.8835092075315539;0.8989473684210526;0.8911614317019723;4270;563;480
817;sports_car;4750;;0.8446315789473684;0.9431123648330982;0.8446315789473684;0.8911594846734785;4012;242;738
788;shoe_shop;4750;;0.8776842105263158;0.9049272845669634;0.8776842105263158;0.8910975740087635;4169;438;581
697;pajama;4750;;0.9136842105263158;0.8695652173913043;0.9136842105263158;0.8910789446668719;4340;651;410
56;king_snake;4750;;0.8465263157894737;0.9401449614215571;0.8465263157894737;0.8908829068350504;4021;256;729
963;pizza;4750;;0.912;0.8704038577456299;0.912;0.8907165621466022;4332;645;418
192;cairn;4750;;0.8343157894736842;0.9551699204627621;0.8343157894736842;0.890661872120463;3963;186;787
173;Ibizan_hound;4750;;0.9381052631578948;0.847631729123074;0.9381052631578948;0.8905765963825322;4456;801;294
747;punching_bag;4750;;0.8793684210526316;0.901965018354567;0.8793684210526316;0.8905233983583839;4177;454;573
930;French_loaf;4750;;0.8496842105263158;0.9351251158480074;0.8496842105263158;0.8903595852636222;4036;280;714
208;Labrador_retriever;4750;;0.8437894736842105;0.9421720733427362;0.8437894736842105;0.890270990670813;4008;246;742
852;tennis_ball;4750;;0.8652631578947368;0.9157754010695187;0.8652631578947368;0.8898029876596666;4110;378;640
138;bustard;4750;;0.9543157894736842;0.8328127870659563;0.9543157894736842;0.8894339252428137;4533;910;217
122;American_lobster;4750;;0.8467368421052631;0.936219739292365;0.8467368421052631;0.8892328100818041;4022;274;728
294;brown_bear;4750;;0.9189473684210526;0.8612865035516969;0.9189473684210526;0.889183133020982;4365;703;385
597;holster;4750;;0.8581052631578947;0.9223806291016067;0.8581052631578947;0.8890827789289999;4076;343;674
443;bib;4750;;0.8938947368421053;0.8842149104539775;0.8938947368421053;0.8890284757118928;4246;556;504
239;Bernese_mountain_dog;4750;;0.9427368421052632;0.8409389671361502;0.9427368421052632;0.8889330024813895;4478;847;272
618;ladle;4750;;0.8277894736842105;0.9590243902439024;0.8277894736842105;0.8885875706214689;3932;168;818
360;otter;4750;;0.9185263157894736;0.8598738667717777;0.9185263157894736;0.8882328990228012;4363;711;387
636;mailbag;4750;;0.8993684210526316;0.8768472906403941;0.8993684210526316;0.8879650800249429;4272;600;478
906;Windsor_tie;4750;;0.8997894736842105;0.8763584170596679;0.8997894736842105;0.8879193933728057;4274;603;476
252;affenpinscher;4750;;0.9311578947368421;0.8484557836178784;0.9311578947368421;0.8878851751480479;4423;790;327
492;chest;4750;;0.888421052631579;0.8873002523128679;0.888421052631579;0.8878602987586787;4220;536;530
675;moving_van;4750;;0.8073684210526316;0.9858611825192802;0.8073684210526316;0.8877314814814815;3835;55;915
134;crane;4750;;0.8002105263157895;0.9965915049816466;0.8002105263157895;0.8876693134049509;3801;13;949
336;marmot;4750;;0.9143157894736842;0.8622195751439349;0.9143157894736842;0.8875038316133645;4343;694;407
979;valley;4750;;0.8749473684210526;0.900151613601906;0.8749473684210526;0.8873705562079641;4156;461;594
227;kelpie;4750;;0.9242105263157895;0.8532555879494655;0.9242105263157895;0.8873168266801416;4390;755;360
502;clog;4750;;0.884;0.8905620360551432;0.884;0.887268885367142;4199;516;551
423;barber_chair;4750;;0.8549473684210527;0.9214885409575675;0.8549473684210527;0.886971715627389;4061;346;689
305;dung_beetle;4750;;0.8202105263157895;0.9650730740648997;0.8202105263157895;0.8867645385228178;3896;141;854
659;mixing_bowl;4750;;0.9265263157894736;0.8502704791344667;0.9265263157894736;0.8867620390892604;4401;775;349
579;grand_piano;4750;;0.8305263157894737;0.9506024096385542;0.8305263157894737;0.8865168539325843;3945;205;805
647;measuring_cup;4750;;0.8458947368421053;0.93117033603708;0.8458947368421053;0.8864864864864865;4018;297;732
211;vizsla;4750;;0.952;0.8292682926829268;0.952;0.8864059590316574;4522;931;228
764;rifle;4750;;0.8397894736842105;0.938367442954599;0.8397894736842105;0.8863459615598267;3989;262;761
28;spotted_salamander;4750;;0.8593684210526316;0.9150414705223044;0.8593684210526316;0.8863315600911953;4082;379;668
669;mosquito_net;4750;;0.8614736842105263;0.9123745819397994;0.8614736842105263;0.8861938278289118;4092;393;658
830;stretcher;4750;;0.9416842105263158;0.8365438563680568;0.9416842105263158;0.8860057442804794;4473;874;277
730;plow;4750;;0.8442105263157895;0.9321245932124593;0.8442105263157895;0.8859920459566948;4010;292;740
971;bubble;4750;;0.892;0.8794105437941054;0.892;0.8856605351170568;4237;581;513
922;menu;4750;;0.8048421052631579;0.9830290563126768;0.8048421052631579;0.8850561407570321;3823;66;927
769;rule;4750;;0.8469473684210527;0.9265315522800552;0.8469473684210527;0.8849538055433348;4023;319;727
438;beaker;4750;;0.8168421052631579;0.9654142821597412;0.8168421052631579;0.8849355684798723;3880;139;870
797;sleeping_bag;4750;;0.8214736842105264;0.9584868582657824;0.8214736842105264;0.8847069493254733;3902;169;848
859;toaster;4750;;0.8774736842105263;0.8919323774876953;0.8774736842105263;0.8846439562771939;4168;505;582
876;tub;4750;;0.8732631578947369;0.8951230038843332;0.8732631578947369;0.8840579710144928;4148;486;602
406;altar;4750;;0.9094736842105263;0.8597014925373134;0.9094736842105263;0.8838874680306905;4320;705;430
679;necklace;4750;;0.9423157894736842;0.8319702602230483;0.9423157894736842;0.8837117472852912;4476;904;274
838;sunscreen;4750;;0.8010526315789473;0.9844760672703752;0.8010526315789473;0.8833430063842135;3805;60;945
735;poncho;4750;;0.9275789473684211;0.8427697016067329;0.9275789473684211;0.8831429144117058;4406;822;344
486;cello;4750;;0.875578947368421;0.8907689012636539;0.875578947368421;0.8831086102558658;4159;510;591
935;mashed_potato;4750;;0.8690526315789474;0.8975864318330071;0.8690526315789474;0.8830891004385496;4128;471;622
710;pencil_sharpener;4750;;0.896;0.8703476482617587;0.896;0.88298755186722;4256;634;494
600;hook;4750;;0.832;0.940280751843921;0.832;0.8828325700882386;3952;251;798
501;cloak;4750;;0.8694736842105263;0.8964619057955285;0.8694736842105263;0.8827615688789141;4130;477;620
31;tree_frog;4750;;0.9313684210526316;0.838832006067501;0.9313684210526316;0.8826815642458101;4424;850;326
171;Italian_greyhound;4750;;0.8174736842105264;0.9587654320987654;0.8174736842105264;0.8825;3883;167;867
861;toilet_seat;4750;;0.9107368421052632;0.8557863501483679;0.9107368421052632;0.8824069352371239;4326;729;424
86;partridge;4750;;0.8673684210526316;0.8976034858387799;0.8673684210526316;0.8822269807280514;4120;470;630
729;plate_rack;4750;;0.8082105263157895;0.9706700379266751;0.8082105263157895;0.8820218265364732;3839;116;911
570;gasmask;4750;;0.9324210526315789;0.8366074801662259;0.9324210526315789;0.8819195539625647;4429;865;321
367;chimpanzee;4750;;0.919578947368421;0.846839860411012;0.919578947368421;0.8817117480823576;4368;790;382
81;ptarmigan;4750;;0.8225263157894737;0.9492225461613216;0.8225263157894737;0.8813444619896232;3907;209;843
759;reflex_camera;4750;;0.8816842105263157;0.8809423643247791;0.8816842105263157;0.8813131313131313;4188;566;562
415;bakery;4750;;0.8397894736842105;0.9270276551243318;0.8397894736842105;0.8812548326521594;3989;314;761
191;Airedale;4750;;0.9056842105263158;0.8579976067012366;0.9056842105263158;0.8811962310528472;4302;712;448
941;acorn_squash;4750;;0.8157894736842105;0.9577360355907069;0.8157894736842105;0.881082310140973;3875;171;875
177;Scottish_deerhound;4750;;0.9606315789473684;0.8132240242381037;0.9606315789473684;0.8808030112923463;4563;1048;187
925;consomme;4750;;0.876;0.8853191489361703;0.876;0.8806349206349207;4161;539;589
201;silky_terrier;4750;;0.9288421052631579;0.8365566932119833;0.9288421052631579;0.8802873104549083;4412;862;338
120;fiddler_crab;4750;;0.8707368421052631;0.8900365827415537;0.8707368421052631;0.8802809407257637;4136;511;614
533;dishrag;4750;;0.8202105263157895;0.9495491104070193;0.8202105263157895;0.8801536202417259;3896;207;854
709;pencil_box;4750;;0.8389473684210527;0.9254528564793312;0.8389473684210527;0.8800795053003534;3985;321;765
53;ringneck_snake;4750;;0.8122105263157895;0.9599402836526499;0.8122105263157895;0.8799178925761205;3858;161;892
585;hair_spray;4750;;0.8692631578947368;0.8908306364617045;0.8692631578947368;0.8799147575919019;4129;506;621
969;eggnog;4750;;0.8421052631578947;0.9205983889528193;0.8421052631578947;0.879604178119846;4000;345;750
300;tiger_beetle;4750;;0.9347368421052632;0.8303721713110155;0.9347368421052632;0.8794691492522532;4440;907;310
315;mantis;4750;;0.9031578947368422;0.856971634039153;0.9031578947368422;0.879458794587946;4290;716;460
562;fountain;4750;;0.9505263157894737;0.8180829860481972;0.9505263157894737;0.8793456032719836;4515;1004;235
517;crane;4750;;0.9166315789473685;0.8446168768186227;0.9166315789473685;0.8791519434628975;4354;801;396
506;coil;4750;;0.856421052631579;0.9023957409050577;0.856421052631579;0.8788075178224238;4068;440;682
314;cockroach;4750;;0.8031578947368421;0.9692581300813008;0.8031578947368421;0.8784250518075063;3815;121;935
43;frilled_lizard;4750;;0.7983157894736842;0.976061776061776;0.7983157894736842;0.8782860451650262;3792;93;958
643;mask;4750;;0.9338947368421052;0.8285394097870751;0.9338947368421052;0.8780680918448139;4436;918;314
826;stopwatch;4750;;0.8218947368421052;0.9423123340574463;0.8218947368421052;0.8779939278083887;3904;239;846
470;candle;4750;;0.8646315789473684;0.8914695029303235;0.8646315789473684;0.8778454632895158;4107;500;643
153;Maltese_dog;4750;;0.8770526315789474;0.877606909627133;0.8770526315789474;0.8773296830578078;4166;581;584
898;water_bottle;4750;;0.8498947368421053;0.9061728395061729;0.8498947368421053;0.8771319934818034;4037;418;713
584;hair_slide;4750;;0.8871578947368421;0.8670781893004115;0.8871578947368421;0.877003121748179;4214;646;536
337;beaver;4750;;0.7974736842105263;0.9725288831835687;0.7974736842105263;0.8763447079236553;3788;107;962
422;barbell;4750;;0.8433684210526315;0.9116977696859354;0.8433684210526315;0.8762029746281714;4006;388;744
595;harvester;4750;;0.864421052631579;0.8875918720276696;0.864421052631579;0.8758532423208192;4106;520;644
79;centipede;4750;;0.9136842105263158;0.8404337722695585;0.9136842105263158;0.875529554165826;4340;824;410
499;cleaver;4750;;0.8208421052631579;0.9368092263334935;0.8208421052631579;0.875;3899;263;851
320;damselfly;4750;;0.915578947368421;0.837473522048912;0.915578947368421;0.8747862818062959;4349;844;401
711;perfume;4750;;0.9383157894736842;0.8180983847283406;0.9383157894736842;0.8740929594038047;4457;991;293
498;cinema;4750;;0.8951578947368422;0.8539867443261699;0.8951578947368422;0.8740877788056327;4252;727;498
437;beacon;4750;;0.8890526315789473;0.8585078267940638;0.8890526315789473;0.8735132898955424;4223;696;527
806;sock;4750;;0.8682105263157894;0.8787555934370339;0.8682105263157894;0.8734512337180982;4124;569;626
787;shield;4750;;0.8734736842105263;0.8731060606060606;0.8734736842105263;0.873289833719217;4149;603;601
892;wall_clock;4750;;0.8566315789473684;0.8905668636463121;0.8566315789473684;0.8732696641270523;4069;500;681
894;wardrobe;4750;;0.8957894736842106;0.8518518518518519;0.8957894736842106;0.8732683427398666;4255;740;495
587;hammer;4750;;0.9010526315789473;0.8466864490603363;0.9010526315789473;0.87302396736359;4280;775;470
172;whippet;4750;;0.895578947368421;0.851140456182473;0.895578947368421;0.8727944193680754;4254;744;496
513;cornet;4750;;0.8833684210526316;0.8619556285949055;0.8833684210526316;0.8725306716573092;4196;672;554
220;Sussex_spaniel;4750;;0.7869473684210526;0.9787902592301649;0.7869473684210526;0.8724471933714552;3738;81;1012
27;eft;4750;;0.8882105263157895;0.8571718813490451;0.8882105263157895;0.8724152191894127;4219;703;531
453;bookcase;4750;;0.8922105263157895;0.8534031413612565;0.8922105263157895;0.8723754631535611;4238;728;512
951;lemon;4750;;0.844842105263158;0.9015951471579421;0.844842105263158;0.8722964895120096;4013;438;737
632;loudspeaker;4750;;0.8282105263157895;0.920880149812734;0.8282105263157895;0.8720904455774772;3934;338;816
118;Dungeness_crab;4750;;0.8865263157894737;0.8579869600651997;0.8865263157894737;0.8720231932077035;4211;697;539
748;purse;4750;;0.8096842105263158;0.9438036809815951;0.8096842105263158;0.871614730878187;3846;229;904
903;wig;4750;;0.96;0.7980399019950998;0.96;0.8715596330275229;4560;1154;190
125;hermit_crab;4750;;0.883578947368421;0.8589848546868604;0.883578947368421;0.8711083437110834;4197;689;553
183;Kerry_blue_terrier;4750;;0.8663157894736843;0.8759046402724564;0.8663157894736843;0.8710838272650298;4115;583;635
691;oxygen_mask;4750;;0.7894736842105263;0.9709994821336095;0.7894736842105263;0.8708778448676265;3750;112;1000
113;snail;4750;;0.9275789473684211;0.8197209302325581;0.9275789473684211;0.8703209876543209;4406;969;344
715;pickelhaube;4750;;0.9126315789473685;0.8315749088816421;0.9126315789473685;0.8702198133092443;4335;878;415
106;wombat;4750;;0.792;0.9651103129810159;0.792;0.870027752081406;3762;136;988
809;soup_bowl;4750;;0.8088421052631579;0.9412052915237629;0.8088421052631579;0.8700181159420289;3842;240;908
718;pier;4750;;0.8286315789473684;0.9153488372093024;0.8286315789473684;0.8698342541436465;3936;364;814
651;microwave;4750;;0.8852631578947369;0.8545011176590124;0.8852631578947369;0.8696101747492504;4205;716;545
713;photocopier;4750;;0.9469473684210526;0.8032142857142858;0.9469473684210526;0.8691787439613528;4498;1102;252
473;can_opener;4750;;0.8791578947368421;0.8589058000822707;0.8791578947368421;0.8689138576779026;4176;686;574
970;alp;4750;;0.8048421052631579;0.9437176005924464;0.8048421052631579;0.8687649130780593;3823;228;927
199;Scotch_terrier;4750;;0.8423157894736842;0.8954789615040286;0.8423157894736842;0.8680841831199826;4001;467;749
983;scuba_diver;4750;;0.9187368421052632;0.8220003767187795;0.9187368421052632;0.8676806839646088;4364;945;386
281;tabby;4750;;0.9351578947368421;0.8092548733831298;0.9351578947368421;0.8676628577009473;4442;1047;308
677;nail;4750;;0.8463157894736842;0.8899712198361744;0.8463157894736842;0.8675946908384591;4020;497;730
654;minibus;4750;;0.7894736842105263;0.962772785622593;0.7894736842105263;0.8675534991324465;3750;145;1000
285;Egyptian_cat;4750;;0.8109473684210526;0.9306595796086011;0.8109473684210526;0.86668916638542;3852;287;898
813;spatula;4750;;0.8608421052631579;0.8725992317541613;0.8608421052631579;0.8666807969478592;4089;597;661
161;basset;4750;;0.9568421052631579;0.7915360501567398;0.9568421052631579;0.8663743804803661;4545;1197;205
166;Walker_hound;4750;;0.7827368421052632;0.9697443922796035;0.7827368421052632;0.8662628145386766;3718;116;1032
390;eel;4750;;0.8631578947368421;0.8690122933446376;0.8631578947368421;0.8660752006759612;4100;618;650
798;slide_rule;4750;;0.784;0.9670215528434173;0.784;0.8659458202534589;3724;127;1026
960;chocolate_sauce;4750;;0.8031578947368421;0.9384993849938499;0.8031578947368421;0.8655700510493476;3815;250;935
997;bolete;4750;;0.9511578947368421;0.79402460456942;0.9511578947368421;0.8655172413793103;4518;1172;232
405;airship;4750;;0.8282105263157895;0.9062428011978807;0.8282105263157895;0.8654713452865471;3934;407;816
939;zucchini;4750;;0.808;0.9315533980582524;0.808;0.8653889515219843;3838;282;912
975;lakeside;4750;;0.8273684210526315;0.9063653136531366;0.8273684210526315;0.8650671362535769;3930;406;820
187;Yorkshire_terrier;4750;;0.832;0.900843400957374;0.832;0.8650541753310715;3952;435;798
478;carton;4750;;0.808;0.9306498545101843;0.808;0.8649988731124634;3838;286;912
546;electric_guitar;4750;;0.8928421052631579;0.838307966001186;0.8928421052631579;0.8647160770720766;4241;818;509
250;Siberian_husky;4750;;0.8616842105263158;0.867528613819415;0.8616842105263158;0.8645965356991975;4093;625;657
542;drumstick;4750;;0.8734736842105263;0.8558168316831684;0.8734736842105263;0.8645551156490936;4149;699;601
39;common_iguana;4750;;0.8825263157894737;0.847210994341148;0.8825263157894737;0.8645081460094866;4192;756;558
577;gong;4750;;0.9658947368421053;0.7821343334469826;0.9658947368421053;0.8643556895252449;4588;1278;162
2;great_white_shark;4750;;0.8267368421052631;0.9054646068711091;0.8267368421052631;0.8643116540112249;3927;410;823
520;crib;4750;;0.8627368421052631;0.8658356222269173;0.8627368421052631;0.8642834546029736;4098;635;652
123;spiny_lobster;4750;;0.8307368421052631;0.9002966005019393;0.8307368421052631;0.8641191284353442;3946;437;804
846;table_lamp;4750;;0.9288421052631579;0.8073193046660567;0.9288421052631579;0.8638277043563388;4412;1053;338
731;plunger;4750;;0.8178947368421052;0.912828947368421;0.8178947368421052;0.8627581612258494;3885;371;865
928;ice_cream;4750;;0.8877894736842106;0.838703261734288;0.8877894736842106;0.8625485784413992;4217;811;533
292;tiger;4750;;0.9513684210526315;0.7887938558212603;0.9513684210526315;0.8624868785189426;4519;1210;231
335;fox_squirrel;4750;;0.9246315789473685;0.8069079551717803;0.9246315789473685;0.8617678799175906;4392;1051;358
435;bathtub;4750;;0.8261052631578948;0.8993811597524639;0.8261052631578948;0.8611873148249752;3924;439;826
342;wild_boar;4750;;0.864;0.8582183186951067;0.864;0.8610994544691566;4104;678;646
692;packet;4750;;0.8532631578947368;0.8684379687165202;0.8532631578947368;0.8607836890729532;4053;614;697
464;buckle;4750;;0.844;0.8782037239868565;0.844;0.8607622114868491;4009;556;741
883;vase;4750;;0.8877894736842106;0.8348841813502277;0.8877894736842106;0.8605244362820121;4217;834;533
639;maillot;4750;;0.8618947368421053;0.8590012589173311;0.8618947368421053;0.8604455653635983;4094;672;656
534;dishwasher;4750;;0.8591578947368421;0.8607888631090487;0.8591578947368421;0.8599726056263829;4081;660;669
237;miniature_pinscher;4750;;0.9178947368421052;0.8089053803339518;0.9178947368421052;0.8599605522682446;4360;1030;390
611;jigsaw_puzzle;4750;;0.8753684210526316;0.8447785453067859;0.8753684210526316;0.8598014888337469;4158;764;592
204;Lhasa;4750;;0.8216842105263158;0.9013856812933025;0.8216842105263158;0.8596916299559472;3903;427;847
378;capuchin;4750;;0.8829473684210526;0.837292872828908;0.8829473684210526;0.859514294497387;4194;815;556
416;balance_beam;4750;;0.9410526315789474;0.789613142554319;0.9410526315789474;0.8587071366823551;4470;1191;280
662;modem;4750;;0.8332631578947368;0.8856567464757217;0.8332631578947368;0.8586614600282025;3958;511;792
318;lacewing;4750;;0.884421052631579;0.8343594836146971;0.884421052631579;0.8586612161471641;4201;834;549
349;bighorn;4750;;0.8987368421052632;0.8219098960338852;0.8987368421052632;0.8586082059533388;4269;925;481
864;tow_truck;4750;;0.8427368421052631;0.8749726775956285;0.8427368421052631;0.8585522788203753;4003;572;747
370;guenon;4750;;0.8385263157894737;0.8794435857805255;0.8385263157894737;0.858497682939972;3983;546;767
638;maillot;4750;;0.8109473684210526;0.9117159763313609;0.8109473684210526;0.8583844011142061;3852;373;898
454;bookshop;4750;;0.8532631578947368;0.8632587859424921;0.8532631578947368;0.8582318687136051;4053;642;697
112;conch;4750;;0.8423157894736842;0.8747267162221251;0.8423157894736842;0.8582153582153582;4001;573;749
751;racer;4750;;0.9265263157894736;0.7991646994733975;0.9265263157894736;0.8581456566247441;4401;1106;349
865;toyshop;4750;;0.8778947368421053;0.8385280514779812;0.8778947368421053;0.8577599506325209;4170;803;580
767;rubber_eraser;4750;;0.8343157894736842;0.8822350845948352;0.8343157894736842;0.857606578662627;3963;529;787
69;trilobite;4750;;0.8772631578947369;0.8384305835010061;0.8772631578947369;0.8574074074074075;4167;803;583
82;ruffed_grouse;4750;;0.9130526315789473;0.8080864542574996;0.9130526315789473;0.8573687852130079;4337;1030;413
313;walking_stick;4750;;0.7591578947368421;0.9847078099399236;0.7591578947368421;0.8573466476462197;3606;56;1144
881;upright;4750;;0.9370526315789474;0.7896043995032819;0.9370526315789474;0.8570328294984115;4451;1186;299
924;guacamole;4750;;0.8951578947368422;0.8205326128907757;0.8951578947368422;0.8562223117196939;4252;930;498
804;soap_dispenser;4750;;0.8191578947368421;0.896750403318737;0.8191578947368421;0.8561998019584113;3891;448;859
844;switch;4750;;0.8966315789473684;0.8188809844260719;0.8966315789473684;0.855994372424882;4259;942;491
372;baboon;4750;;0.9042105263157895;0.8123699640627955;0.9042105263157895;0.85583341635947;4295;992;455
493;chiffonier;4750;;0.8010526315789473;0.9184166063239199;0.8010526315789473;0.8557292252333295;3805;338;945
114;slug;4750;;0.8145263157894737;0.9010246856078249;0.8145263157894737;0.855594869526758;3869;425;881
866;tractor;4750;;0.9553684210526315;0.7746671218846023;0.9553684210526315;0.855580693815988;4538;1320;212
940;spaghetti_squash;4750;;0.7974736842105263;0.9227771010962241;0.7974736842105263;0.855561829474873;3788;317;962
905;window_shade;4750;;0.8421052631578947;0.8688097306689835;0.8421052631578947;0.8552490912978405;4000;604;750
568;fur_coat;4750;;0.9591578947368421;0.771549534292972;0.9591578947368421;0.8551853589863914;4556;1349;194
871;trimaran;4750;;0.9246315789473685;0.7950760318609703;0.9246315789473685;0.8549737200700799;4392;1132;358
581;grille;4750;;0.8671578947368421;0.8428483732351135;0.8671578947368421;0.8548303413925495;4119;768;631
301;ladybug;4750;;0.9631578947368421;0.7683909976486396;0.9631578947368421;0.8548206278026906;4575;1379;175
689;overskirt;4750;;0.8837894736842106;0.8276813880126183;0.8837894736842106;0.8548157198126654;4198;874;552
322;ringlet;4750;;0.9587368421052631;0.7708192281651998;0.9587368421052631;0.8545693375867892;4554;1354;196
361;skunk;4750;;0.948;0.7778545517360511;0.948;0.8545402789638485;4503;1286;247
733;pole;4750;;0.8372631578947368;0.8723404255319149;0.8372631578947368;0.8544419379095498;3977;582;773
368;gibbon;4750;;0.8669473684210526;0.8414384961176952;0.8669473684210526;0.8540024885939443;4118;776;632
531;digital_watch;4750;;0.888421052631579;0.8218111002921129;0.888421052631579;0.8538189175518462;4220;915;530
725;pitcher;4750;;0.9450526315789474;0.7785293097467916;0.9450526315789474;0.8537466717383035;4489;1277;261
851;television;4750;;0.9136842105263158;0.8005902969931747;0.9136842105263158;0.8534067446662079;4340;1081;410
950;orange;4750;;0.8307368421052631;0.8766940679848922;0.8307368421052631;0.8530969624905416;3946;555;804
460;breakwater;4750;;0.8722105263157894;0.8346091861402095;0.8722105263157894;0.8529956763434218;4143;821;607
648;medicine_chest;4750;;0.8311578947368421;0.8759707122254271;0.8311578947368421;0.8529761261747866;3948;559;802
591;handkerchief;4750;;0.8587368421052631;0.8467926095079925;0.8587368421052631;0.8527229016410579;4079;738;671
799;sliding_door;4750;;0.8694736842105263;0.8365404091553575;0.8694736842105263;0.8526891710539899;4130;807;620
529;diaper;4750;;0.875578947368421;0.8306371080487318;0.875578947368421;0.8525161422568412;4159;848;591
488;chain;4750;;0.8035789473684211;0.9075130765572991;0.8035789473684211;0.8523894595801698;3817;389;933
899;water_jug;4750;;0.7612631578947369;0.9678800856531049;0.7612631578947369;0.8522271977374499;3616;120;1134
377;marmoset;4750;;0.7898947368421053;0.9245933957614588;0.7898947368421053;0.851952770208901;3752;306;998
504;coffee_mug;4750;;0.8122105263157895;0.8953353446275237;0.8122105263157895;0.851749641240755;3858;451;892
845;syringe;4750;;0.8816842105263157;0.8235988200589971;0.8816842105263157;0.851652262328419;4188;897;562
352;impala;4750;;0.9176842105263158;0.7942784256559767;0.9176842105263158;0.8515335026372339;4359;1129;391
772;safety_pin;4750;;0.8370526315789474;0.8660422565889785;0.8370526315789474;0.8513007172679584;3976;615;774
598;home_theater;4750;;0.871578947368421;0.8313253012048193;0.871578947368421;0.8509763617677286;4140;840;610
889;violin;4750;;0.8450526315789474;0.8560460652591171;0.8450526315789474;0.8505138256171203;4014;675;736
812;space_shuttle;4750;;0.8911578947368421;0.813256484149856;0.8911578947368421;0.8504269211451533;4233;972;517
631;lotion;4750;;0.8572631578947368;0.8434134217067109;0.8572631578947368;0.8502818960116935;4072;756;678
5;electric_ray;4750;;0.7882105263157895;0.9228493961054967;0.7882105263157895;0.8502327693879869;3744;313;1006
811;space_heater;4750;;0.7938947368421052;0.9146252728595683;0.7938947368421052;0.8499943649273075;3771;352;979
481;cassette;4750;;0.8593684210526316;0.8407826982492276;0.8593684210526316;0.8499739718896409;4082;773;668
386;African_elephant;4750;;0.8814736842105263;0.8203369905956113;0.8814736842105263;0.8498071848995332;4187;917;563
310;ant;4750;;0.9113684210526316;0.7954796030871003;0.9113684210526316;0.8494897959183674;4329;1113;421
402;acoustic_guitar;4750;;0.8368421052631579;0.8615084525357607;0.8368421052631579;0.8489961554891072;3975;639;775
41;whiptail;4750;;0.84;0.8575112830431979;0.84;0.8486653195788578;3990;663;760
63;Indian_cobra;4750;;0.9143157894736842;0.7916514764855997;0.9143157894736842;0.8485736615865572;4343;1143;407
942;butternut_squash;4750;;0.788;0.9187530682376043;0.788;0.848368087035358;3743;331;1007
992;agaric;4750;;0.9393684210526316;0.772774506408036;0.9393684210526316;0.8479665526415812;4462;1312;288
205;flat-coated_retriever;4750;;0.8063157894736842;0.8923578751164958;0.8063157894736842;0.847157708471577;3830;462;920
331;hare;4750;;0.9151578947368421;0.7877854295034433;0.9151578947368421;0.8467082197117257;4347;1171;403
348;ram;4750;;0.7882105263157895;0.9145090376160234;0.7882105263157895;0.8466757123473542;3744;350;1006
167;English_foxhound;4750;;0.9101052631578948;0.7913234486545854;0.9101052631578948;0.8465680994810536;4323;1140;427
288;leopard;4750;;0.8907368421052632;0.8049847792998478;0.8907368421052632;0.8456925844493304;4231;1025;519
409;analog_clock;4750;;0.8766315789473684;0.8159905937683716;0.8766315789473684;0.8452248046280321;4164;939;586
341;hog;4750;;0.7724210526315789;0.9328756674294432;0.7724210526315789;0.8450996199470229;3669;264;1081
943;cucumber;4750;;0.9242105263157895;0.7783687943262412;0.9242105263157895;0.8450433108758421;4390;1250;360
702;parallel_bars;4750;;0.8907368421052632;0.8029986714746631;0.8907368421052632;0.8445952689889209;4231;1038;519
75;black_widow;4750;;0.8829473684210526;0.8091838703453599;0.8829473684210526;0.8444578677136816;4194;989;556
257;Great_Pyrenees;4750;;0.76;0.9497500657721653;0.76;0.8443456905625074;3610;191;1140
249;malamute;4750;;0.8751578947368421;0.8154178109062378;0.8751578947368421;0.8442323314378555;4157;941;593
998;ear;4750;;0.7852631578947369;0.9126498654269636;0.7852631578947369;0.8441778884236734;3730;357;1020
893;wallet;4750;;0.824;0.8653548529736901;0.824;0.8441712498652;3914;609;836
295;American_black_bear;4750;;0.860421052631579;0.8285019258057977;0.860421052631579;0.8441598678095632;4087;846;663
676;muzzle;4750;;0.7402105263157894;0.9813005861010327;0.7402105263157894;0.843873754950198;3516;67;1234
319;dragonfly;4750;;0.7871578947368421;0.9088478366553233;0.7871578947368421;0.8436371841155235;3739;375;1011
972;cliff;4750;;0.7962105263157895;0.896846099122599;0.7962105263157895;0.8435374149659864;3782;435;968
910;wooden_spoon;4750;;0.8922105263157895;0.7993210109392682;0.8922105263157895;0.8432152805411859;4238;1064;512
33;loggerhead;4750;;0.836;0.8488670371953826;0.836;0.8423843869325414;3971;707;779
159;Rhodesian_ridgeback;4750;;0.9061052631578947;0.7859751643535428;0.9061052631578947;0.8417758654410326;4304;1172;446
373;macaque;4750;;0.8717894736842106;0.813076772040055;0.8717894736842106;0.8414101391852078;4141;952;609
690;oxcart;4750;;0.9602105263157895;0.7486868023637557;0.9602105263157895;0.8413576830843018;4561;1531;189
418;ballpoint;4750;;0.8385263157894737;0.8440347531256622;0.8385263157894737;0.8412715175836941;3983;736;767
61;boa_constrictor;4750;;0.7808421052631579;0.9092914930129934;0.7808421052631579;0.8401857515007363;3709;370;1041
328;sea_urchin;4750;;0.899578947368421;0.7872144436256449;0.899578947368421;0.8396541560227944;4273;1155;477
854;theater_curtain;4750;;0.9317894736842105;0.7632350405242283;0.9317894736842105;0.8391316712484596;4426;1373;324
424;barbershop;4750;;0.8290526315789474;0.8494391716997411;0.8290526315789474;0.8391220967398252;3938;698;812
850;teddy;4750;;0.9307368421052632;0.7632941988950276;0.9307368421052632;0.8387402769872889;4421;1371;329
582;grocery_store;4750;;0.856421052631579;0.8211546225272507;0.856421052631579;0.8384171475680131;4068;886;682
509;confectionery;4750;;0.8825263157894737;0.7984761904761905;0.8825263157894737;0.8384;4192;1058;558
6;stingray;4750;;0.7938947368421052;0.887502941868675;0.7938947368421052;0.8380931214579398;3771;478;979
45;Gila_monster;4750;;0.7216842105263158;0.9988344988344988;0.7216842105263158;0.8379369347347836;3428;4;1322
867;trailer_truck;4750;;0.9578947368421052;0.7434640522875817;0.9578947368421052;0.8371665133394665;4550;1570;200
230;Shetland_sheepdog;4750;;0.8044210526315789;0.8719762665449566;0.8044210526315789;0.8368374945247481;3821;561;929
184;Irish_terrier;4750;;0.9073684210526316;0.7764366780760223;0.9073684210526316;0.8368119600038831;4310;1241;440
911;wool;4750;;0.7547368421052632;0.9384816753926701;0.7547368421052632;0.836639439906651;3585;235;1165
221;Irish_water_spaniel;4750;;0.9616842105263158;0.7396373056994818;0.9616842105263158;0.8361706022332052;4568;1608;182
298;mongoose;4750;;0.8271578947368421;0.8453098106712564;0.8271578947368421;0.8361353479463715;3929;719;821
868;tray;4750;;0.8711578947368421;0.8036511944066809;0.8711578947368421;0.8360440448530155;4138;1011;612
202;soft-coated_wheaten_terrier;4750;;0.948;0.7470139349701393;0.948;0.8355910187418816;4503;1525;247
754;radio;4750;;0.783578947368421;0.8934229476716274;0.783578947368421;0.8349035441902198;3722;444;1028
175;otterhound;4750;;0.9206315789473685;0.7637093957387356;0.9206315789473685;0.8348606338297061;4373;1353;377
311;grasshopper;4750;;0.9086315789473685;0.7719549275621534;0.9086315789473685;0.8347355188086258;4316;1275;434
976;promontory;4750;;0.8663157894736843;0.8037109375;0.8663157894736843;0.8338399189463018;4115;1005;635
126;isopod;4750;;0.8669473684210526;0.802729044834308;0.8669473684210526;0.8336032388663968;4118;1012;632
539;doormat;4750;;0.7852631578947369;0.8876725368871966;0.7852631578947369;0.8333333333333334;3730;472;1020
505;coffeepot;4750;;0.8789473684210526;0.7913191811978771;0.8789473684210526;0.8328346299620986;4175;1101;575
705;passenger_car;4750;;0.740421052631579;0.9507975128413084;0.740421052631579;0.8325245591194225;3517;182;1233
222;kuvasz;4750;;0.9088421052631579;0.7667850799289521;0.9088421052631579;0.8317919075144509;4317;1313;433
477;carpenter's_kit;4750;;0.9101052631578948;0.7655392243669205;0.9101052631578948;0.8315860344330095;4323;1324;427
962;meat_loaf;4750;;0.9101052631578948;0.7652681890600106;0.9101052631578948;0.8314260986633331;4323;1326;427
828;strainer;4750;;0.84;0.8223413025556472;0.84;0.8310768589877109;3990;862;760
432;bassoon;4750;;0.8625263157894737;0.8016043827039718;0.8625263157894737;0.8309502078896663;4097;1014;653
419;Band_Aid;4750;;0.8968421052631579;0.7737014166363967;0.8968421052631579;0.8307332293291732;4260;1246;490
824;stole;4750;;0.832;0.8276439790575916;0.832;0.8298162729658792;3952;823;798
265;toy_poodle;4750;;0.8747368421052631;0.7876777251184834;0.8747368421052631;0.8289276807980049;4155;1120;595
484;catamaran;4750;;0.7315789473684211;0.9515334063526835;0.7315789473684211;0.827184003808617;3475;177;1275
904;window_screen;4750;;0.7734736842105263;0.8885126964933494;0.7734736842105263;0.8270118176702307;3674;461;1076
967;espresso;4750;;0.8673684210526316;0.7879135589978964;0.8673684210526316;0.825734041487123;4120;1109;630
926;hot_pot;4750;;0.9134736842105263;0.7532986111111111;0.9134736842105263;0.8256898192197907;4339;1421;411
590;hand-held_computer;4750;;0.7814736842105263;0.875058934464875;0.7814736842105263;0.8256227758007116;3712;530;1038
407;ambulance;4750;;0.888;0.7711151736745887;0.888;0.825440313111546;4218;1252;532
65;sea_snake;4750;;0.7155789473684211;0.9739255014326648;0.7155789473684211;0.825;3399;91;1351
124;crayfish;4750;;0.8101052631578948;0.8398079441292012;0.8101052631578948;0.8246892413201886;3848;734;902
353;gazelle;4750;;0.7431578947368421;0.9257802255441909;0.7431578947368421;0.8244774027793997;3530;283;1220
197;giant_schnauzer;4750;;0.8983157894736842;0.7614204139900071;0.8983157894736842;0.8242225226965424;4267;1337;483
266;miniature_poodle;4750;;0.7370526315789474;0.9345969033635878;0.7370526315789474;0.8241525423728814;3501;245;1249
290;jaguar;4750;;0.7456842105263158;0.9202390231228891;0.7456842105263158;0.8238167228747529;3542;307;1208
78;tick;4750;;0.8808421052631579;0.7733826247689464;0.8808421052631579;0.8236220472440945;4184;1226;566
487;cellular_telephone;4750;;0.9465263157894737;0.7265675500969618;0.9465263157894737;0.8220881331139147;4496;1692;254
987;corn;4750;;0.8204210526315789;0.8233678428058314;0.8204210526315789;0.8218918063903828;3897;836;853
34;leatherback_turtle;4750;;0.756421052631579;0.89825;0.756421052631579;0.8212571428571429;3593;407;1157
231;collie;4750;;0.8585263157894737;0.7860447185813415;0.8585263157894737;0.8206882672569934;4078;1110;672
278;kit_fox;4750;;0.776;0.8685202639019792;0.776;0.8196575494774293;3686;558;1064
968;cup;4750;;0.7770526315789473;0.8660253402158611;0.7770526315789473;0.8191300488237905;3691;571;1059
3;tiger_shark;4750;;0.7448421052631579;0.9020907700152984;0.7448421052631579;0.815959409594096;3538;384;1212
558;flute;4750;;0.8117894736842105;0.8195536663124335;0.8117894736842105;0.8156530936012691;3856;849;894
526;desk;4750;;0.8273684210526315;0.8040098199672667;0.8273684210526315;0.8155218925088191;3930;958;820
110;flatworm;4750;;0.7985263157894736;0.8330770920272348;0.7985263157894736;0.8154358808986348;3793;760;957
233;Bouvier_des_Flandres;4750;;0.8732631578947369;0.7646082949308756;0.8732631578947369;0.8153316953316954;4148;1277;602
923;plate;4750;;0.760421052631579;0.8784046692607004;0.760421052631579;0.815165876777251;3612;500;1138
461;breastplate;4750;;0.8442105263157895;0.7867372964488915;0.8442105263157895;0.8144612572357063;4010;1087;740
109;brain_coral;4750;;0.8627368421052631;0.7707353770923453;0.8627368421052631;0.8141452269792392;4098;1219;652
980;volcano;4750;;0.9031578947368422;0.7410606322335463;0.9031578947368422;0.8141189866211215;4290;1499;460
961;dough;4750;;0.7256842105263158;0.9253691275167786;0.7256842105263158;0.8134513274336284;3447;278;1303
784;screwdriver;4750;;0.8286315789473684;0.7987012987012987;0.8286315789473684;0.8133911965282083;3936;992;814
445;bikini;4750;;0.840421052631579;0.7867560110366575;0.840421052631579;0.8127035830618893;3992;1082;758
4;hammerhead;4750;;0.9113684210526316;0.7328593194514982;0.9113684210526316;0.8124237590316223;4329;1578;421
999;toilet_tissue;4750;;0.7227368421052631;0.9270861463678098;0.7227368421052631;0.8122560037856381;3433;270;1317
385;Indian_elephant;4750;;0.9273684210526316;0.7208312878415971;0.9273684210526316;0.8111591934444343;4405;1706;345
633;loupe;4750;;0.8633684210526316;0.7641140301844606;0.8633684210526316;0.8107146387268953;4101;1266;649
978;seashore;4750;;0.7349473684210527;0.9018341513820718;0.7349473684210527;0.8098828442176081;3491;380;1259
599;honeycomb;4750;;0.8046315789473685;0.810776410691557;0.8046315789473685;0.8076923076923077;3822;892;928
524;cuirass;4750;;0.7433684210526316;0.8823088455772113;0.7433684210526316;0.8069012797074954;3531;471;1219
108;sea_anemone;4750;;0.8027368421052632;0.8090388287714831;0.8027368421052632;0.8058755151643243;3813;900;937
819;stage;4750;;0.8174736842105264;0.7922872883085085;0.8174736842105264;0.8046834524919697;3883;1018;867
345;ox;4750;;0.6770526315789474;0.9907578558225508;0.6770526315789474;0.8044022011005503;3216;30;1534
59;vine_snake;4750;;0.828421052631579;0.7795166402535658;0.828421052631579;0.8032251479893856;3935;1113;815
72;black_and_gold_garden_spider;4750;;0.9153684210526316;0.7151315789473685;0.9153684210526316;0.8029547553093259;4348;1732;402
357;mink;4750;;0.859578947368421;0.7504135269251976;0.859578947368421;0.8012952605239917;4083;1358;667
556;fire_screen;4750;;0.8810526315789474;0.7318992654774397;0.8810526315789474;0.7995796713794421;4185;1533;565
700;paper_towel;4750;;0.7574736842105263;0.8420313597004446;0.7574736842105263;0.7975174553917765;3598;675;1152
683;oboe;4750;;0.8589473684210527;0.7431693989071039;0.8589473684210527;0.796875;4080;1410;670
163;bloodhound;4750;;0.7581052631578947;0.839785447761194;0.7581052631578947;0.79685771188316;3601;687;1149
549;envelope;4750;;0.8381052631578947;0.7590085795996186;0.8381052631578947;0.7965982991495747;3981;1264;769
277;red_fox;4750;;0.7749473684210526;0.8154630039875942;0.7749473684210526;0.7946891191709844;3681;833;1069
226;briard;4750;;0.7663157894736842;0.8235294117647058;0.7663157894736842;0.7938931297709924;3640;780;1110
52;thunder_snake;4750;;0.8391578947368421;0.7525014158957901;0.8391578947368421;0.7934706877674927;3986;1311;764
293;cheetah;4750;;0.964421052631579;0.673082574199236;0.964421052631579;0.792834890965732;4581;2225;169
446;binder;4750;;0.8665263157894737;0.7300461156438454;0.8665263157894737;0.7924528301886794;4116;1522;634
744;projectile;4750;;0.712;0.8921128989712477;0.712;0.7919447371502165;3382;409;1368
302;ground_beetle;4750;;0.7303157894736843;0.8637948207171314;0.7303157894736843;0.7914670317134382;3469;547;1281
359;black-footed_ferret;4750;;0.6772631578947368;0.9517751479289941;0.6772631578947368;0.791389913899139;3217;163;1533
107;jellyfish;4750;;0.8778947368421053;0.7202072538860104;0.8778947368421053;0.7912713472485768;4170;1620;580
369;siamang;4750;;0.8863157894736842;0.7140434192672999;0.8863157894736842;0.7909073830546683;4210;1686;540
297;sloth_bear;4750;;0.8107368421052632;0.7717434869739479;0.8107368421052632;0.7907597535934291;3851;1139;899
248;Eskimo_dog;4750;;0.6837894736842105;0.9373737373737374;0.6837894736842105;0.7907486305538649;3248;217;1502
620;laptop;4750;;0.883578947368421;0.7135328119687181;0.883578947368421;0.7895033860045146;4197;1685;553
536;dock;4750;;0.7482105263157894;0.831345029239766;0.7482105263157894;0.787590027700831;3554;721;1196
62;rock_python;4750;;0.7056842105263158;0.8874768334657135;0.7056842105263158;0.786208514131582;3352;425;1398
170;Irish_wolfhound;4750;;0.6762105263157895;0.9386323787258913;0.6762105263157895;0.786098874204601;3212;210;1538
371;patas;4750;;0.6766315789473685;0.9375729288214703;0.6766315789473685;0.7860112496943018;3214;214;1536
304;leaf_beetle;4750;;0.7888421052631579;0.7820914214151534;0.7888421052631579;0.7854522586730951;3747;1044;1003
312;cricket;4750;;0.6882105263157895;0.9131284916201118;0.6882105263157895;0.7848739495798319;3269;311;1481
856;thresher;4750;;0.7397894736842106;0.8348776431456403;0.7397894736842106;0.7844625516240651;3514;695;1236
860;tobacco_shop;4750;;0.879578947368421;0.7057432432432432;0.879578947368421;0.7831302717900654;4178;1742;572
680;nipple;4750;;0.8943157894736842;0.6963934426229508;0.8943157894736842;0.7830414746543779;4248;1852;502
459;brassiere;4750;;0.9305263157894736;0.6758409785932722;0.9305263157894736;0.7829937998228521;4420;2120;330
271;red_wolf;4750;;0.7597894736842106;0.8050412670086995;0.7597894736842106;0.7817610744070183;3609;874;1141
77;wolf_spider;4750;;0.8749473684210526;0.7033338974445761;0.8749473684210526;0.779810488788817;4156;1753;594
794;shower_curtain;4750;;0.8229473684210526;0.7404811517332828;0.8229473684210526;0.779539335925815;3909;1370;841
650;microphone;4750;;0.8555789473684211;0.7142355008787347;0.8555789473684211;0.778544061302682;4064;1626;686
280;grey_fox;4750;;0.7812631578947369;0.7742541205925307;0.7812631578947369;0.7777428481609557;3711;1082;1039
42;agama;4750;;0.852421052631579;0.7143613267466479;0.852421052631579;0.7773085045114225;4049;1619;701
527;desktop_computer;4750;;0.7610526315789473;0.7894736842105263;0.7610526315789473;0.7750026798156286;3615;964;1135
878;typewriter_keyboard;4750;;0.8296842105263158;0.7260501105379513;0.8296842105263158;0.7744154057771664;3941;1487;809
550;espresso_maker;4750;;0.7437894736842106;0.8075428571428571;0.7437894736842106;0.7743561643835616;3533;842;1217
508;computer_keyboard;4750;;0.8296842105263158;0.7245817245817245;0.8296842105263158;0.7735793502797135;3941;1498;809
50;American_alligator;4750;;0.8042105263157895;0.7429015947102294;0.8042105263157895;0.772341285887586;3820;1322;930
206;curly-coated_retriever;4750;;0.9185263157894736;0.664483703929333;0.9185263157894736;0.7711205372923294;4363;2203;387
602;horizontal_bar;4750;;0.6397894736842106;0.9678343949044586;0.6397894736842106;0.770342205323194;3039;101;1711
44;alligator_lizard;4750;;0.7176842105263158;0.8286339329120078;0.7176842105263158;0.7691787003610108;3409;705;1341
431;bassinet;4750;;0.9109473684210526;0.6647718543555078;0.9109473684210526;0.768629540811795;4327;2182;423
269;timber_wolf;4750;;0.8052631578947368;0.732197549770291;0.8052631578947368;0.7669941848806898;3825;1399;925
67;diamondback;4750;;0.6909473684210526;0.8584880983520795;0.6909473684210526;0.7656596290680042;3282;541;1468
485;CD_player;4750;;0.7387368421052631;0.7906714736367734;0.7387368421052631;0.7638223770134958;3509;929;1241
728;plastic_bag;4750;;0.735578947368421;0.7888913976066833;0.735578947368421;0.7613029741801939;3494;935;1256
330;wood_rabbit;4750;;0.7766315789473685;0.7397232805293764;0.7766315789473685;0.757728253055356;3689;1298;1061
742;printer;4750;;0.7048421052631579;0.8177821201758672;0.7048421052631579;0.757123473541384;3348;746;1402
40;American_chameleon;4750;;0.9418947368421052;0.6319209039548023;0.9418947368421052;0.7563820794590026;4474;2606;276
619;lampshade;4750;;0.8317894736842105;0.6931578947368421;0.8317894736842105;0.7561722488038277;3951;1749;799
282;tiger_cat;4750;;0.6202105263157894;0.9671700590938936;0.6202105263157894;0.7557721908671113;2946;100;1804
272;coyote;4750;;0.7907368421052632;0.7236994219653179;0.7907368421052632;0.7557344064386318;3756;1434;994
848;tape_player;4750;;0.7330526315789474;0.7767120231987509;0.7330526315789474;0.7542510559948012;3482;1001;1268
64;green_mamba;4750;;0.7802105263157895;0.7295275590551181;0.7802105263157895;0.7540183112919634;3706;1374;1044
909;wok;4750;;0.6928421052631579;0.8235735735735735;0.6928421052631579;0.7525726046192545;3291;705;1459
119;rock_crab;4750;;0.6501052631578947;0.8881219442047742;0.6501052631578947;0.7506989181961834;3088;389;1662
530;digital_clock;4750;;0.8509473684210527;0.6651308211288465;0.8509473684210527;0.7466518887965273;4042;2035;708
83;prairie_chicken;4750;;0.9675789473684211;0.6027540983606557;0.9675789473684211;0.7427878787878789;4596;3029;154
782;screen;4750;;0.6736842105263158;0.824317362184441;0.6736842105263158;0.7414272474513438;3200;682;1550
818;spotlight;4750;;0.8151578947368421;0.6782273603082851;0.8151578947368421;0.7404149536284539;3872;1837;878
977;sandbar;4750;;0.8648421052631579;0.6460135241390156;0.8648421052631579;0.7395805202988568;4108;2251;642
115;sea_slug;4750;;0.7646315789473684;0.7127158555729984;0.7646315789473684;0.7377615275238677;3632;1464;1118
973;coral_reef;4750;;0.8290526315789474;0.6606274115081362;0.8290526315789474;0.7353188311082065;3938;2023;812
358;polecat;4750;;0.7844210526315789;0.6912801484230056;0.7844210526315789;0.7349112426035503;3726;1664;1024
815;spider_web;4750;;0.6410526315789473;0.8567810917276308;0.6410526315789473;0.7333815028901733;3045;509;1705
382;squirrel_monkey;4750;;0.9174736842105263;0.610791871058164;0.9174736842105263;0.7333613798906184;4358;2777;392
32;tailed_frog;4750;;0.676;0.7999501743896362;0.676;0.7327704244637153;3211;803;1539
26;common_newt;4750;;0.7002105263157895;0.7640707558005972;0.7002105263157895;0.730748105020323;3326;1027;1424
189;Lakeland_terrier;4750;;0.7938947368421052;0.6729122055674518;0.7938947368421052;0.7284141394630094;3771;1833;979
623;letter_opener;4750;;0.8311578947368421;0.6468949696870392;0.8311578947368421;0.7275407721367364;3948;2155;802
241;EntleBucher;4750;;0.9334736842105263;0.5954875100725222;0.9334736842105263;0.727123647097409;4434;3012;316
37;box_turtle;4750;;0.6372631578947369;0.845766974015088;0.6372631578947369;0.7268579661423941;3027;552;1723
482;cassette_player;4750;;0.7282105263157894;0.7242462311557789;0.7282105263157894;0.7262229687171949;3459;1317;1291
55;green_snake;4750;;0.6581052631578947;0.8025673940949936;0.6581052631578947;0.7231925968768075;3126;769;1624
356;weasel;4750;;0.6825263157894736;0.7684285375681441;0.6825263157894736;0.7229345523469729;3242;977;1508
673;mouse;4750;;0.8115789473684211;0.6508526084754347;0.8115789473684211;0.7223835847465566;3855;2068;895
921;book_jacket;4750;;0.8362105263157895;0.6316793893129771;0.8362105263157895;0.7196955970284472;3972;2316;778
267;standard_poodle;4750;;0.9385263157894737;0.5823644676681907;0.9385263157894737;0.7187424425634824;4458;3197;292
30;bullfrog;4750;;0.7791578947368422;0.6608928571428572;0.7791578947368422;0.7151690821256039;3701;1899;1049
116;chiton;4750;;0.8614736842105263;0.6102908277404921;0.8614736842105263;0.7144478393714535;4092;2613;658
664;monitor;4750;;0.7812631578947369;0.6523114782914397;0.7812631578947369;0.7109876424944919;3711;1978;1039
36;terrapin;4750;;0.6058947368421053;0.8570577724836212;0.6058947368421053;0.7099161322150963;2878;480;1872
60;night_snake;4750;;0.6027368421052631;0.8626092196444712;0.6027368421052631;0.7096294460280084;2863;456;1887
54;hognose_snake;4750;;0.7221052631578947;0.6954582319545823;0.7221052631578947;0.7085312951869448;3430;1502;1320
885;velvet;4750;;0.7717894736842106;0.6381201044386423;0.7717894736842106;0.6986183897093854;3666;2079;1084
681;notebook;4750;;0.6383157894736842;0.762000502638854;0.6383157894736842;0.6946958414480466;3032;947;1718
101;tusker;4750;;0.5581052631578948;0.9173010380622837;0.5581052631578948;0.6939790575916229;2651;239;2099
380;titi;4750;;0.6738947368421052;0.7146684527796383;0.6738947368421052;0.6936829558998807;3201;1278;1549
552;feather_boa;4750;;0.9092631578947369;0.5551413881748072;0.9092631578947369;0.6893854748603352;4319;3461;431
35;mud_turtle;4750;;0.8623157894736843;0.5654334621755936;0.8623157894736843;0.6830081707520428;4096;3148;654
947;mushroom;4750;;0.5294736842105263;0.9617590822179732;0.5294736842105263;0.68295994568907;2515;100;2235
58;water_snake;4750;;0.8553684210526316;0.5628203352264857;0.8553684210526316;0.6789205447405797;4063;3156;687
68;sidewinder;4750;;0.6656842105263158;0.6713375796178344;0.6656842105263158;0.6684989429175475;3162;1548;1588
66;horned_viper;4750;;0.7427368421052631;0.599897976534603;0.7427368421052631;0.6637193114476532;3528;2353;1222
374;langur;4750;;0.832;0.5501113585746102;0.832;0.6623093681917211;3952;3232;798
49;African_crocodile;4750;;0.58;0.7678372352285395;0.58;0.6608299352362677;2755;833;1995
73;barn_spider;4750;;0.6924210526315789;0.6216216216216216;0.6924210526315789;0.6551140324668857;3289;2002;1461
657;missile;4750;;0.8673684210526316;0.5228426395939086;0.8673684210526316;0.6524148851939826;4120;3760;630
917;comic_book;4750;;0.9446315789473684;0.49481693868548743;0.9446315789473684;0.6494427558257345;4487;4581;263
103;platypus;4750;;0.8797894736842106;0.5139589226417415;0.8797894736842106;0.6488626659420853;4179;3952;571
381;spider_monkey;4750;;0.4865263157894737;0.9296057924376508;0.4865263157894737;0.638750690989497;2311;175;2439
238;Greater_Swiss_Mountain_dog;4750;;0.4968421052631579;0.8895589898228421;0.4968421052631579;0.6375793597190328;2360;293;2390
712;Petri_dish;4750;;0.8997894736842105;0.49205618236242227;0.8997894736842105;0.6362012503721345;4274;4412;476
516;cradle;4750;;0.47578947368421054;0.9127625201938611;0.47578947368421054;0.6255189593135899;2260;216;2490
240;Appenzeller;4750;;0.5193684210526316;0.7326997326997327;0.5193684210526316;0.6078600468153259;2467;900;2283
329;sea_cucumber;4750;;0.8682105263157894;0.46478079567226416;0.8682105263157894;0.6054466710709829;4124;4749;626
74;garden_spider;4750;;0.468;0.7517754480892797;0.468;0.5768781627092254;2223;734;2527
810;space_bar;4750;;0.4421052631578947;0.7939508506616257;0.4421052631578947;0.5679513184584178;2100;545;2650
46;green_lizard;4750;;0.372;0.7746602367382727;0.372;0.5026312046650547;1767;514;2983
111;nematode;4750;;0.9349473684210526;0.31514334374112973;0.9349473684210526;0.47139369493684324;4441;9651;309
