class_idx;class_label;support;base_accuracy;overall_accuracy;precision;recall;f1;tp;fp;fn
900;water_tower;4750;;0.9730526315789474;0.9907824222936763;0.9730526315789474;0.9818374933616569;4622;43;128
339;sorrel;4750;;0.9732631578947368;0.9878205128205129;0.9732631578947368;0.9804878048780488;4623;57;127
873;triumphal_arch;4750;;0.9673684210526315;0.9926550010801469;0.9673684210526315;0.9798485979315491;4595;34;155
685;odometer;4750;;0.9642105263157895;0.9954357748315583;0.9642105263157895;0.9795743770719709;4580;21;170
986;yellow_lady's_slipper;4750;;0.956;0.9927853082641015;0.956;0.9740454740454741;4541;33;209
668;mosque;4750;;0.9530526315789474;0.9934167215273206;0.9530526315789474;0.9728161598796605;4527;30;223
985;daisy;4750;;0.9766315789473684;0.967466110531804;0.9766315789473684;0.972027239392352;4639;156;111
538;dome;4750;;0.9576842105263158;0.9846320346320346;0.9576842105263158;0.9709711846318037;4549;71;201
442;bell_cote;4750;;0.9511578947368421;0.9905722429291822;0.9511578947368421;0.9704650413489421;4518;43;232
439;bearskin;4750;;0.9633684210526315;0.9754849712214879;0.9633684210526315;0.9693888359283974;4576;115;174
90;lorikeet;4750;;0.9593684210526315;0.9760119940029985;0.9593684210526315;0.9676186431680645;4557;112;193
698;palace;4750;;0.9431578947368421;0.9926877908265013;0.9431578947368421;0.9672892151570764;4480;33;270
832;stupa;4750;;0.9629473684210527;0.9711252653927813;0.9629473684210527;0.9670190274841438;4574;136;176
547;electric_locomotive;4750;;0.9378947368421052;0.9977603583426652;0.9378947368421052;0.9669017905588714;4455;10;295
284;Siamese_cat;4750;;0.9501052631578948;0.9830102374210412;0.9501052631578948;0.9662777004603362;4513;78;237
805;soccer_ball;4750;;0.9589473684210527;0.9726670937433269;0.9589473684210527;0.9657585073677516;4555;128;195
695;padlock;4750;;0.9557894736842105;0.9757145927358694;0.9557894736842105;0.965649260874189;4540;113;210
625;lifeboat;4750;;0.9389473684210526;0.9930973057225563;0.9389473684210526;0.9652634996212532;4460;31;290
829;streetcar;4750;;0.9458947368421052;0.9835814360770578;0.9458947368421052;0.9643700364885167;4493;75;257
340;zebra;4750;;0.9538947368421052;0.9737803567590801;0.9538947368421052;0.9637349781984473;4531;122;219
849;teapot;4750;;0.9541052631578948;0.9721149721149721;0.9541052631578948;0.9630259243518913;4532;130;218
641;maraca;4750;;0.9507368421052631;0.9749568221070811;0.9507368421052631;0.9626945214240035;4516;116;234
915;yurt;4750;;0.9484210526315789;0.9742647058823529;0.9484210526315789;0.9611691913804139;4505;119;245
11;goldfinch;4750;;0.9425263157894737;0.9805081033727552;0.9425263157894737;0.9611421210820095;4477;89;273
576;gondola;4750;;0.9431578947368421;0.9792349726775956;0.9431578947368421;0.960857908847185;4480;95;270
637;mailbox;4750;;0.9431578947368421;0.978807078872624;0.9431578947368421;0.9606518709124049;4480;97;270
821;steel_arch_bridge;4750;;0.9301052631578948;0.9925859357447765;0.9301052631578948;0.9603303988696882;4418;33;332
779;school_bus;4750;;0.9469473684210526;0.9738038536479757;0.9469473684210526;0.9601878535596114;4498;121;252
919;street_sign;4750;;0.9513684210526315;0.9682879794300407;0.9513684210526315;0.9597536370393969;4519;148;231
97;drake;4750;;0.9267368421052632;0.9939038157597652;0.9267368421052632;0.9591458764571303;4402;27;348
255;Leonberg;4750;;0.9233684210526316;0.9972714870395635;0.9233684210526316;0.9588981198076082;4386;12;364
727;planetarium;4750;;0.9341052631578948;0.9835956550653957;0.9341052631578948;0.9582118561710399;4437;74;313
663;monastery;4750;;0.9242105263157895;0.9945627548708654;0.9242105263157895;0.9580969009166302;4390;24;360
535;disk_brake;4750;;0.9473684210526315;0.9689922480620154;0.9473684210526315;0.9580583351075155;4500;144;250
874;trolleybus;4750;;0.9389473684210526;0.9776413853572994;0.9389473684210526;0.9579037800687284;4460;102;290
717;pickup;4750;;0.9265263157894736;0.9909930195901824;0.9265263157894736;0.9576759873789576;4401;40;349
88;macaw;4750;;0.9309473684210526;0.9859531772575251;0.9309473684210526;0.9576610720086627;4422;63;328
688;oscilloscope;4750;;0.9465263157894737;0.9689655172413794;0.9465263157894737;0.9576144834930778;4496;144;254
451;bolo_tie;4750;;0.9515789473684211;0.9617021276595744;0.9515789473684211;0.9566137566137567;4520;180;230
890;volleyball;4750;;0.9389473684210526;0.9742245522062036;0.9389473684210526;0.9562607204116638;4460;118;290
768;rugby_ball;4750;;0.9351578947368421;0.9771227452705675;0.9351578947368421;0.9556798623063683;4442;104;308
555;fire_engine;4750;;0.9204210526315789;0.9936363636363637;0.9204210526315789;0.9556284153005465;4372;28;378
604;hourglass;4750;;0.9543157894736842;0.9567327986492191;0.9543157894736842;0.9555227655986509;4533;205;217
130;flamingo;4750;;0.9397894736842105;0.9717022202873313;0.9397894736842105;0.9554794520547946;4464;130;286
773;saltshaker;4750;;0.9541052631578948;0.95672366476673;0.9541052631578948;0.955412669969432;4532;205;218
883;vase;4750;;0.9322105263157895;0.9796460176991151;0.9322105263157895;0.9553398058252428;4428;92;322
654;minibus;4750;;0.9258947368421052;0.9860986547085202;0.9258947368421052;0.9550488599348533;4398;62;352
407;ambulance;4750;;0.9450526315789474;0.9649613069647464;0.9450526315789474;0.9549032120825356;4489;163;261
561;forklift;4750;;0.9275789473684211;0.9837017191337352;0.9275789473684211;0.9548163397984613;4406;73;344
781;scoreboard;4750;;0.9294736842105263;0.9811111111111112;0.9294736842105263;0.9545945945945946;4415;85;335
471;cannon;4750;;0.9164210526315789;0.99519890260631;0.9164210526315789;0.9541867601928978;4353;21;397
763;revolver;4750;;0.9475789473684211;0.9603157670151483;0.9475789473684211;0.9539048426406697;4501;186;249
447;binoculars;4750;;0.9284210526315789;0.98;0.9284210526315789;0.9535135135135135;4410;90;340
100;black_swan;4750;;0.9277894736842105;0.9788982674366948;0.9277894736842105;0.9526588845654993;4407;95;343
581;grille;4750;;0.9353684210526316;0.9705111402359109;0.9353684210526316;0.9526157804459693;4443;135;307
425;barn;4750;;0.9669473684210527;0.9386879215205396;0.9669473684210527;0.9526081095094888;4593;300;157
759;reflex_camera;4750;;0.936;0.9688385269121813;0.936;0.9521362030195953;4446;143;304
417;balloon;4750;;0.9353684210526316;0.9694523238053676;0.9353684210526316;0.9521054323368692;4443;140;307
602;horizontal_bar;4750;;0.9250526315789473;0.980147222841847;0.9250526315789473;0.9518033141990686;4394;89;356
656;minivan;4750;;0.9151578947368421;0.9911080711354309;0.9151578947368421;0.9516199649737302;4347;39;403
816;spindle;4750;;0.9374736842105263;0.9659436008676789;0.9374736842105263;0.9514957264957266;4453;157;297
621;lawn_mower;4750;;0.9248421052631579;0.9797056199821588;0.9248421052631579;0.9514836473900802;4393;91;357
636;mailbag;4750;;0.923578947368421;0.9809928443649374;0.923578947368421;0.9514205161570158;4387;85;363
129;spoonbill;4750;;0.9088421052631579;0.9979195561719834;0.9088421052631579;0.9513001322168356;4317;9;433
473;can_opener;4750;;0.9181052631578948;0.9868748585652862;0.9181052631578948;0.9512487730395899;4361;58;389
708;pedestal;4750;;0.9423157894736842;0.9601029601029601;0.9423157894736842;0.951126221844454;4476;186;274
901;whiskey_jug;4750;;0.9288421052631579;0.9743816254416962;0.9288421052631579;0.9510670403104117;4412;116;338
448;birdhouse;4750;;0.9547368421052631;0.9473574263630666;0.9547368421052631;0.9510328195449302;4535;252;215
661;Model_T;4750;;0.9212631578947369;0.9827082865483944;0.9212631578947369;0.9509942410083668;4376;77;374
807;solar_dish;4750;;0.924;0.9792503346720214;0.924;0.9508232235701906;4389;93;361
291;lion;4750;;0.9223157894736842;0.9809673085535154;0.9223157894736842;0.9507378472222221;4381;85;369
687;organ;4750;;0.9343157894736842;0.9677278674225905;0.9343157894736842;0.9507283633247644;4438;148;312
426;barometer;4750;;0.9261052631578948;0.9766873889875666;0.9261052631578948;0.9507240112383833;4399;105;351
846;table_lamp;4750;;0.9385263157894737;0.9628509719222462;0.9385263157894737;0.9505330490405117;4458;172;292
732;Polaroid_camera;4750;;0.9311578947368421;0.9705946894886988;0.9311578947368421;0.9504673901364563;4423;134;327
601;hoopskirt;4750;;0.9317894736842105;0.9695509309967141;0.9317894736842105;0.9502952227589908;4426;139;324
92;bee_eater;4750;;0.9206315789473685;0.9813734290843806;0.9206315789473685;0.950032587442972;4373;83;377
629;lipstick;4750;;0.9258947368421052;0.9749501219241853;0.9258947368421052;0.9497894395853579;4398;113;352
946;cardoon;4750;;0.9755789473684211;0.9249500998003992;0.9755789473684211;0.9495901639344263;4634;376;116
406;altar;4750;;0.9372631578947368;0.962178517397882;0.9372631578947368;0.949557427748747;4452;175;298
565;freight_car;4750;;0.9446315789473684;0.9544777706870878;0.9446315789473684;0.9495291503544598;4487;214;263
612;jinrikisha;4750;;0.9149473684210526;0.9866061293984109;0.9149473684210526;0.9494265428727472;4346;59;404
642;marimba;4750;;0.9181052631578948;0.9824284748817301;0.9181052631578948;0.9491783654369356;4361;78;389
684;ocarina;4750;;0.9454736842105264;0.9528962444302992;0.9454736842105264;0.9491704533446054;4491;222;259
507;combination_lock;4750;;0.9212631578947369;0.9787519570565869;0.9212631578947369;0.9491378375447349;4376;95;374
755;radio_telescope;4750;;0.9330526315789474;0.9653670224351993;0.9330526315789474;0.9489348035542233;4432;159;318
995;earthstar;4750;;0.9589473684210527;0.9389816532673676;0.9589473684210527;0.9488594938027289;4555;296;195
218;Welsh_springer_spaniel;4750;;0.9258947368421052;0.9727936297279363;0.9258947368421052;0.9487649660230828;4398;123;352
468;cab;4750;;0.9378947368421052;0.9595089381865174;0.9378947368421052;0.9485787288406261;4455;188;295
264;Cardigan;4750;;0.9061052631578947;0.9951445086705202;0.9061052631578947;0.9485399449035813;4304;21;446
143;oystercatcher;4750;;0.9124210526315789;0.987243735763098;0.9124210526315789;0.9483588621444202;4334;56;416
945;bell_pepper;4750;;0.916;0.9828326180257511;0.916;0.94824016563147;4351;76;399
244;Tibetan_mastiff;4750;;0.9094736842105263;0.9903713892709766;0.9094736842105263;0.948200175592625;4320;42;430
746;puck;4750;;0.952421052631579;0.943876486542875;0.952421052631579;0.9481295190191763;4524;269;226
569;garbage_truck;4750;;0.919578947368421;0.978494623655914;0.919578947368421;0.9481224224006946;4368;96;382
667;mortarboard;4750;;0.9383157894736842;0.9580825451418744;0.9383157894736842;0.9480961497553712;4457;195;293
906;Windsor_tie;4750;;0.9197894736842105;0.9774049217002237;0.9197894736842105;0.9477223427331887;4369;101;381
474;cardigan;4750;;0.9157894736842105;0.981941309255079;0.9157894736842105;0.9477124183006537;4350;80;400
156;Blenheim_spaniel;4750;;0.9206315789473685;0.9763340031256977;0.9206315789473685;0.9476649691190812;4373;106;377
457;bow_tie;4750;;0.9315789473684211;0.9640522875816994;0.9315789473684211;0.9475374732334046;4425;165;325
745;projector;4750;;0.9098947368421053;0.9883375257260462;0.9098947368421053;0.9474953414447003;4322;51;428
136;European_gallinule;4750;;0.9212631578947369;0.9752618676175618;0.9212631578947369;0.9474937750351846;4376;111;374
321;admiral;4750;;0.9338947368421052;0.9612134344528711;0.9338947368421052;0.9473571809930592;4436;179;314
870;tricycle;4750;;0.9189473684210526;0.9767285746251958;0.9189473684210526;0.9469573706475757;4365;104;385
449;boathouse;4750;;0.9261052631578948;0.9687293547676723;0.9261052631578948;0.946937896889463;4399;142;351
575;golfcart;4750;;0.9046315789473685;0.9928373382624769;0.9046315789473685;0.9466842916942058;4297;31;453
571;gas_pump;4750;;0.9136842105263158;0.9819004524886877;0.9136842105263158;0.9465648854961832;4340;80;410
722;ping-pong_ball;4750;;0.9296842105263158;0.9635609862535457;0.9296842105263158;0.9463195114111218;4416;167;334
400;academic_gown;4750;;0.9461052631578948;0.9465037910699242;0.9461052631578948;0.9463044851547695;4494;254;256
757;recreational_vehicle;4750;;0.9069473684210526;0.9892078071182548;0.9069473684210526;0.9462932454695223;4308;47;442
326;lycaenid;4750;;0.9376842105263158;0.9549742710120068;0.9376842105263158;0.9462502655619291;4454;210;296
198;standard_schnauzer;4750;;0.8993684210526316;0.9974317067476068;0.8993684210526316;0.9458651610760545;4272;11;478
464;buckle;4750;;0.915578947368421;0.9779626714639083;0.915578947368421;0.9457431771229748;4349;98;401
573;go-kart;4750;;0.9275789473684211;0.9643247975486977;0.9275789473684211;0.945595020924992;4406;163;344
711;perfume;4750;;0.9181052631578948;0.9747429593205186;0.9181052631578948;0.9455767562879446;4361;113;389
94;hummingbird;4750;;0.9122105263157895;0.981426953567384;0.9122105263157895;0.9455537370430988;4333;82;417
704;parking_meter;4750;;0.9134736842105263;0.979679385865884;0.9134736842105263;0.9454188909467262;4339;90;411
96;toucan;4750;;0.9073684210526316;0.9867216117216118;0.9073684210526316;0.9453827593770564;4310;58;440
482;cassette_player;4750;;0.9107368421052632;0.9827351203998183;0.9107368421052632;0.9453671328671329;4326;76;424
127;white_stork;4750;;0.9170526315789473;0.9753694581280788;0.9170526315789473;0.9453125;4356;110;394
503;cocktail_shaker;4750;;0.9178947368421052;0.9743016759776536;0.9178947368421052;0.9452574525745256;4360;115;390
511;convertible;4750;;0.9107368421052632;0.9820658342792281;0.9107368421052632;0.9450573457127254;4326;79;424
411;apron;4750;;0.9050526315789473;0.9887304507819688;0.9050526315789473;0.94504286656408;4299;49;451
721;pillow;4750;;0.915578947368421;0.9764256847777278;0.915578947368421;0.9450239026510213;4349;105;401
497;church;4750;;0.9058947368421053;0.9873795318953649;0.9058947368421053;0.9448836187966623;4303;55;447
429;baseball;4750;;0.9408421052631579;0.9486308639354701;0.9408421052631579;0.9447204312440546;4469;242;281
724;pirate;4750;;0.9117894736842105;0.9800859923059516;0.9117894736842105;0.9447049841858436;4331;88;419
895;warplane;4750;;0.9122105263157895;0.9794303797468354;0.9122105263157895;0.9446261172879877;4333;91;417
590;hand-held_computer;4750;;0.94;0.9491921768707483;0.94;0.944573725407235;4465;239;285
260;chow;4750;;0.8989473684210526;0.9948741845293569;0.8989473684210526;0.9444813094448131;4270;22;480
404;airliner;4750;;0.8985263157894737;0.9953358208955224;0.8985263157894737;0.9444567382164195;4268;20;482
756;rain_barrel;4750;;0.9037894736842105;0.9889426399447132;0.9037894736842105;0.944450555494445;4293;48;457
619;lampshade;4750;;0.9286315789473685;0.9607928555870181;0.9286315789473685;0.9444384969489349;4411;180;339
871;trimaran;4750;;0.9368421052631579;0.9520753102267865;0.9368421052631579;0.9443972835314092;4450;224;300
528;dial_telephone;4750;;0.9162105263157895;0.9742556525632415;0.9162105263157895;0.9443419767820331;4352;115;398
670;motor_scooter;4750;;0.9157894736842105;0.9746807080439166;0.9157894736842105;0.9443178117876913;4350;113;400
748;purse;4750;;0.9008421052631579;0.9921168560166937;0.9008421052631579;0.9442789363345471;4279;34;471
783;screw;4750;;0.9463157894736842;0.9417557091975697;0.9463157894736842;0.9440302425706185;4495;278;255
387;lesser_panda;4750;;0.9021052631578947;0.9898359898359899;0.9021052631578947;0.9439365568895253;4285;44;465
139;ruddy_turnstone;4750;;0.9;0.9923398328690808;0.9;0.9439169794656658;4275;33;475
247;Saint_Bernard;4750;;0.9023157894736842;0.9893813481071099;0.9023157894736842;0.9438449680687073;4286;46;464
22;bald_eagle;4750;;0.9221052631578948;0.9662475181998676;0.9221052631578948;0.9436604545944199;4380;153;370
606;iron;4750;;0.9145263157894736;0.9744279946164199;0.9145263157894736;0.943527367506516;4344;114;406
98;red-breasted_merganser;4750;;0.9265263157894736;0.960288020946978;0.9265263157894736;0.9431051108968177;4401;182;349
235;German_shepherd;4750;;0.8976842105263158;0.9932448171441882;0.8976842105263158;0.9430498728298131;4264;29;486
543;dumbbell;4750;;0.911578947368421;0.9767651703135574;0.911578947368421;0.9430469345529783;4330;103;420
517;crane;4750;;0.9381052631578948;0.9478834290576473;0.9381052631578948;0.9429689979896307;4456;245;294
409;analog_clock;4750;;0.9381052631578948;0.9476818375159507;0.9381052631578948;0.9428692340245453;4456;246;294
494;chime;4750;;0.9221052631578948;0.9645452543492623;0.9221052631578948;0.9428479173393607;4380;161;370
631;lotion;4750;;0.9103157894736842;0.9769543605964753;0.9103157894736842;0.942458587619878;4324;102;426
665;moped;4750;;0.9193684210526316;0.9665781319167773;0.9193684210526316;0.9423823910228744;4367;151;383
628;liner;4750;;0.9052631578947369;0.9821836455002284;0.9052631578947369;0.9421560035056967;4300;78;450
635;magnetic_compass;4750;;0.9065263157894737;0.9804189435336976;0.9065263157894737;0.9420258149201488;4306;86;444
388;giant_panda;4750;;0.9301052631578948;0.9542116630669546;0.9301052631578948;0.942004264392324;4418;212;332
484;catamaran;4750;;0.8928421052631579;0.9964755639097744;0.8928421052631579;0.9418165667332888;4241;15;509
699;panpipe;4750;;0.9231578947368421;0.9612012275317843;0.9231578947368421;0.9417955326460481;4385;177;365
858;tile_roof;4750;;0.9410526315789474;0.9422428330522765;0.9410526315789474;0.9416473562249842;4470;274;280
927;trifle;4750;;0.9176842105263158;0.9667332002661344;0.9176842105263158;0.9415703639701911;4359;150;391
817;sports_car;4750;;0.9002105263157895;0.9866174434702354;0.9002105263157895;0.9414354909731396;4276;58;474
432;bassoon;4750;;0.9096842105263158;0.9751749040848567;0.9096842105263158;0.9412917982790545;4321;110;429
613;joystick;4750;;0.9069473684210526;0.9777576032682705;0.9069473684210526;0.9410222804718217;4308;98;442
855;thimble;4750;;0.9134736842105263;0.9702593917710197;0.9134736842105263;0.9410106267620907;4339;133;411
949;strawberry;4750;;0.908;0.9764546071994566;0.908;0.9409839642194829;4313;104;437
702;parallel_bars;4750;;0.9427368421052632;0.9391778523489933;0.9427368421052632;0.9409539819289767;4478;290;272
771;safe;4750;;0.9002105263157895;0.9854805254666974;0.9002105263157895;0.940917592694466;4276;63;474
193;Australian_terrier;4750;;0.9048421052631579;0.9799361605107159;0.9048421052631579;0.940893169877408;4298;88;452
605;iPod;4750;;0.8970526315789473;0.9888605244836389;0.8970526315789473;0.9407219339882988;4261;48;489
231;collie;4750;;0.9086315789473685;0.9751468594667871;0.9086315789473685;0.940714908456844;4316;110;434
765;rocking_chair;4750;;0.9101052631578948;0.973429407791038;0.9101052631578948;0.9407028614949406;4323;118;427
232;Border_collie;4750;;0.9162105263157895;0.9662522202486679;0.9162105263157895;0.9405662416252432;4352;152;398
430;basketball;4750;;0.9218947368421052;0.9598860149057431;0.9218947368421052;0.9405068728522336;4379;183;371
225;malinois;4750;;0.904;0.9796942733287702;0.904;0.9403262892806307;4294;89;456
445;bikini;4750;;0.9484210526315789;0.9323261589403974;0.9484210526315789;0.9403047380505114;4505;327;245
158;toy_terrier;4750;;0.9250526315789473;0.9558407657167718;0.9250526315789473;0.9401947148817803;4394;203;356
679;necklace;4750;;0.9338947368421052;0.9464476210795818;0.9338947368421052;0.940129278372364;4436;251;314
693;paddle;4750;;0.923578947368421;0.9572332533275147;0.923578947368421;0.940105003750134;4387;196;363
872;tripod;4750;;0.9317894736842105;0.9485640805829404;0.9317894736842105;0.9401019541206458;4426;240;324
842;swimming_trunks;4750;;0.94;0.9401979364076648;0.94;0.94009895778503;4465;284;285
814;speedboat;4750;;0.9427368421052632;0.9374084153234248;0.9427368421052632;0.9400650781988035;4478;299;272
857;throne;4750;;0.9225263157894736;0.9582331073693418;0.9225263157894736;0.9400407594122063;4382;191;368
436;beach_wagon;4750;;0.9058947368421053;0.9766227871084884;0.9058947368421053;0.9399301004805592;4303;103;447
302;ground_beetle;4750;;0.9027368421052632;0.9801142857142857;0.9027368421052632;0.9398356164383562;4288;87;462
944;artichoke;4750;;0.9;0.9832106715731371;0.9;0.9397669817542317;4275;73;475
614;kimono;4750;;0.9357894736842105;0.9437367303609342;0.9357894736842105;0.9397463002114166;4445;265;305
348;ram;4750;;0.9021052631578947;0.9805491990846682;0.9021052631578947;0.9396929824561404;4285;85;465
608;jean;4750;;0.9250526315789473;0.9548022598870056;0.9250526315789473;0.9396920444824637;4394;208;356
487;cellular_telephone;4750;;0.9286315789473685;0.9508514766113386;0.9286315789473685;0.9396101821280223;4411;228;339
515;cowboy_hat;4750;;0.9265263157894736;0.9530099610220875;0.9265263157894736;0.9395815542271563;4401;217;349
179;Staffordshire_bullterrier;4750;;0.9027368421052632;0.979442667884879;0.9027368421052632;0.939526730937774;4288;90;462
294;brown_bear;4750;;0.9254736842105263;0.9539930555555556;0.9254736842105263;0.9395169908100022;4396;212;354
823;stethoscope;4750;;0.9006315789473684;0.9818682579756713;0.9006315789473684;0.9394970901504337;4278;79;472
908;wing;4750;;0.9103157894736842;0.9703770197486535;0.9103157894736842;0.9393873560721269;4324;132;426
737;pop_bottle;4750;;0.9143157894736842;0.964468132356207;0.9143157894736842;0.9387225764616881;4343;160;407
243;bull_mastiff;4750;;0.8947368421052632;0.9869948908499768;0.8947368421052632;0.9386042402826856;4250;56;500
584;hair_slide;4750;;0.919578947368421;0.9583150504607284;0.919578947368421;0.9385474860335196;4368;190;382
707;pay-phone;4750;;0.9210526315789473;0.9567023835556527;0.9210526315789473;0.9385390968572348;4375;198;375
31;tree_frog;4750;;0.8888421052631579;0.9941134918766188;0.8888421052631579;0.9385350672446371;4222;25;528
522;croquet_ball;4750;;0.9431578947368421;0.9335278182954783;0.9431578947368421;0.9383181484972248;4480;319;270
498;cinema;4750;;0.923578947368421;0.9526601520086863;0.923578947368421;0.9378941742383752;4387;218;363
502;clog;4750;;0.899578947368421;0.9793719917487967;0.899578947368421;0.9377811917041589;4273;90;477
178;Weimaraner;4750;;0.9006315789473684;0.9780521262002744;0.9006315789473684;0.9377466023673828;4278;96;472
532;dining_table;4750;;0.9189473684210526;0.9572368421052632;0.9189473684210526;0.9377013963480129;4365;195;385
859;toaster;4750;;0.8930526315789473;0.9869706840390879;0.8930526315789473;0.9376657824933686;4242;56;508
227;kelpie;4750;;0.9033684210526316;0.9745627980922098;0.9033684210526316;0.937616082158855;4291;112;459
175;otterhound;4750;;0.8850526315789473;0.9966808914177335;0.8850526315789473;0.9375557537912579;4204;14;546
452;bonnet;4750;;0.9157894736842105;0.9602649006622517;0.9157894736842105;0.9375;4350;180;400
557;flagpole;4750;;0.9286315789473685;0.9461604461604461;0.9286315789473685;0.9373140671483212;4411;251;339
804;soap_dispenser;4750;;0.8917894736842106;0.9876428071811612;0.8917894736842106;0.9372718221042151;4236;53;514
682;obelisk;4750;;0.9176842105263158;0.956550362080316;0.9176842105263158;0.9367143010637153;4359;198;391
597;holster;4750;;0.884421052631579;0.9954976303317535;0.884421052631579;0.9366778149386845;4201;19;549
541;drum;4750;;0.8934736842105263;0.9837737598516458;0.8934736842105263;0.9364518976169462;4244;70;506
808;sombrero;4750;;0.9206315789473685;0.9525157917664997;0.9206315789473685;0.9363023230917461;4373;218;377
242;boxer;4750;;0.8922105263157895;0.9848942598187311;0.8922105263157895;0.9362642218049264;4238;65;512
172;whippet;4750;;0.8886315789473684;0.9892195922193578;0.8886315789473684;0.9362315626039702;4221;46;529
787;shield;4750;;0.8953684210526316;0.9808579335793358;0.8953684210526316;0.9361655293858685;4253;83;497
531;digital_watch;4750;;0.9141052631578948;0.958922261484099;0.9141052631578948;0.9359775813752964;4342;186;408
444;bicycle-built-for-two;4750;;0.9290526315789474;0.9429487179487179;0.9290526315789474;0.9359490986214211;4413;267;337
8;hen;4750;;0.8945263157894737;0.9810667282382821;0.8945263157894737;0.9358000220240061;4249;82;501
735;poncho;4750;;0.8972631578947369;0.9777471897224134;0.8972631578947369;0.9357778021736745;4262;97;488
176;Saluki;4750;;0.9141052631578948;0.9580759046778464;0.9141052631578948;0.9355742296918768;4342;190;408
145;king_penguin;4750;;0.916;0.9558435852372583;0.916;0.9354977424209847;4351;201;399
559;folding_chair;4750;;0.9109473684210526;0.9611283873833851;0.9109473684210526;0.9353653264159101;4327;175;423
440;beer_bottle;4750;;0.9067368421052632;0.965695067264574;0.9067368421052632;0.9352877307274701;4307;153;443
826;stopwatch;4750;;0.888421052631579;0.9873654656059897;0.888421052631579;0.9352836879432624;4220;54;530
837;sunglasses;4750;;0.9172631578947369;0.9540179548938034;0.9172631578947369;0.9352795964366213;4357;210;393
420;banjo;4750;;0.879578947368421;0.9983273596176822;0.879578947368421;0.9351986569669838;4178;7;572
563;fountain_pen;4750;;0.9172631578947369;0.9538091068301225;0.9172631578947369;0.9351792230092294;4357;211;393
459;brassiere;4750;;0.9202105263157895;0.9504240052185258;0.9202105263157895;0.9350732698684352;4371;228;379
414;backpack;4750;;0.8997894736842105;0.9731329690346083;0.8997894736842105;0.9350251586086195;4274;118;476
465;bulletproof_vest;4750;;0.9263157894736842;0.9438009438009438;0.9263157894736842;0.9349766255843605;4400;262;350
95;jacamar;4750;;0.884421052631579;0.9915034222327118;0.884421052631579;0.9349059752976521;4201;36;549
740;power_drill;4750;;0.8888421052631579;0.9859878561419897;0.8888421052631579;0.9348981399468556;4222;60;528
725;pitcher;4750;;0.8993684210526316;0.9733424470266575;0.8993684210526316;0.9348944085786192;4272;117;478
483;castle;4750;;0.9073684210526316;0.963990158801163;0.9073684210526316;0.9348226873441058;4310;161;440
997;bolete;4750;;0.9147368421052632;0.9557853057633084;0.9147368421052632;0.9348106712564545;4345;201;405
472;canoe;4750;;0.9682105263157895;0.9035363457760315;0.9682105263157895;0.9347560975609757;4599;491;151
822;steel_drum;4750;;0.9063157894736842;0.9648139847601972;0.9063157894736842;0.9346504559270516;4305;157;445
884;vault;4750;;0.9092631578947369;0.961487088156723;0.9092631578947369;0.9346461804804155;4319;173;431
486;cello;4750;;0.8964210526315789;0.9761577258138469;0.8964210526315789;0.9345917471466197;4258;104;492
162;beagle;4750;;0.8896842105263157;0.984163949697252;0.8896842105263157;0.9345422379478108;4226;68;524
578;gown;4750;;0.9136842105263158;0.9563684442485677;0.9136842105263158;0.9345391903531438;4340;198;410
510;container_ship;4750;;0.915578947368421;0.9541465555068013;0.915578947368421;0.9344649763644177;4349;209;401
595;harvester;4750;;0.9376842105263158;0.9312147187957349;0.9376842105263158;0.9344382670722754;4454;329;296
253;basenji;4750;;0.9153684210526316;0.9541364933070002;0.9153684210526316;0.9343504888793381;4348;209;402
520;crib;4750;;0.9016842105263158;0.9694431869624265;0.9016842105263158;0.9343368237347295;4283;135;467
774;sandal;4750;;0.8873684210526316;0.9864263983150011;0.8873684210526316;0.9342790646126565;4215;58;535
903;wig;4750;;0.9621052631578947;0.9080071527915756;0.9621052631578947;0.9342737401615047;4570;463;180
744;projectile;4750;;0.8957894736842106;0.9761413168157834;0.8957894736842106;0.9342408606872324;4255;104;495
9;ostrich;4750;;0.9328421052631579;0.935402153261558;0.9328421052631579;0.9341203752503425;4431;306;319
675;moving_van;4750;;0.8791578947368421;0.9961832061068703;0.8791578947368421;0.9340192350704541;4176;16;574
210;German_short-haired_pointer;4750;;0.8829473684210526;0.9912550224533208;0.8829473684210526;0.9339717180714843;4194;37;556
566;French_horn;4750;;0.8812631578947369;0.9933554817275747;0.8812631578947369;0.9339580544399821;4186;28;564
734;police_van;4750;;0.9002105263157895;0.9702745631949172;0.9002105263157895;0.9339303265261548;4276;131;474
891;waffle_iron;4750;;0.8848421052631579;0.9887085391672548;0.8848421052631579;0.9338962337518054;4203;48;547
572;goblet;4750;;0.916;0.9524956217162872;0.916;0.9338913930027903;4351;217;399
211;vizsla;4750;;0.8947368421052632;0.9765625;0.8947368421052632;0.9338606899582509;4250;102;500
185;Norfolk_terrier;4750;;0.8814736842105263;0.9926505452821243;0.8814736842105263;0.9337644959857271;4187;31;563
159;Rhodesian_ridgeback;4750;;0.9090526315789473;0.9597688375194487;0.9090526315789473;0.9337225646015785;4318;181;432
463;bucket;4750;;0.9096842105263158;0.9583056110002218;0.9096842105263158;0.9333621341397559;4321;188;429
790;shopping_basket;4750;;0.9046315789473685;0.9638851502916106;0.9046315789473685;0.9333188531711556;4297;161;453
18;magpie;4750;;0.8913684210526316;0.9794124450613;0.8913684210526316;0.9333186377163012;4234;89;516
165;black-and-tan_coonhound;4750;;0.8941052631578947;0.9760974488623305;0.8941052631578947;0.9333040325238984;4247;104;503
216;clumber;4750;;0.88;0.9928741092636579;0.88;0.9330357142857143;4180;30;570
752;racket;4750;;0.952421052631579;0.9135702746365105;0.952421052631579;0.932591218305504;4524;428;226
666;mortar;4750;;0.9048421052631579;0.9617364063548892;0.9048421052631579;0.9324221716021259;4298;171;452
902;whistle;4750;;0.9170526315789473;0.947986942328618;0.9170526315789473;0.9322632423756019;4356;239;394
920;traffic_light;4750;;0.9353684210526316;0.9291091593475533;0.9353684210526316;0.9322282836760386;4443;339;307
866;tractor;4750;;0.9465263157894737;0.9183006535947712;0.9465263157894737;0.9321998755961021;4496;400;254
17;jay;4750;;0.8774736842105263;0.9940376818507035;0.8774736842105263;0.9321256848932126;4168;25;582
7;cock;4750;;0.9336842105263158;0.9303545206628907;0.9336842105263158;0.9320163917200799;4435;332;315
144;pelican;4750;;0.8741052631578947;0.9978370583994232;0.8741052631578947;0.931881943665133;4152;9;598
501;cloak;4750;;0.9157894736842105;0.9485390318360227;0.9157894736842105;0.9318766066838047;4350;236;400
226;briard;4750;;0.8793684210526316;0.9909845788849347;0.8793684210526316;0.931846068042387;4177;38;573
196;miniature_schnauzer;4750;;0.8892631578947369;0.9786839666357738;0.8892631578947369;0.9318332230311052;4224;92;526
268;Mexican_hairless;4750;;0.9006315789473684;0.9648173207036536;0.9006315789473684;0.9316202090592335;4278;156;472
990;buckeye;4750;;0.9307368421052632;0.9325036912043873;0.9307368421052632;0.931619428932673;4421;320;329
867;trailer_truck;4750;;0.9027368421052632;0.9622980251346499;0.9027368421052632;0.931566369758853;4288;168;462
207;golden_retriever;4750;;0.8947368421052632;0.9712065813528337;0.8947368421052632;0.9314047775586238;4250;126;500
355;llama;4750;;0.880421052631579;0.9884188135192626;0.880421052631579;0.9312994098652712;4182;49;568
714;pick;4750;;0.9385263157894737;0.9241293532338308;0.9385263157894737;0.9312721955295592;4458;366;292
495;china_cabinet;4750;;0.9023157894736842;0.9618491921005387;0.9023157894736842;0.9311318705192265;4286;170;464
840;swab;4750;;0.9157894736842105;0.9468872442316064;0.9157894736842105;0.9310787671232875;4350;244;400
754;radio;4750;;0.8852631578947369;0.9815592903828197;0.8852631578947369;0.9309276068186849;4205;79;545
215;Brittany_spaniel;4750;;0.8808421052631579;0.9870252418023119;0.8808421052631579;0.930915563466459;4184;55;566
736;pool_table;4750;;0.9132631578947369;0.949234135667396;0.9132631578947369;0.9309012875536481;4338;232;412
835;sundial;4750;;0.8867368421052632;0.9795348837209302;0.8867368421052632;0.930828729281768;4212;88;538
25;European_fire_salamander;4750;;0.9092631578947369;0.9534216335540839;0.9092631578947369;0.9308189655172414;4319;211;431
190;Sealyham_terrier;4750;;0.8966315789473684;0.9675147660154475;0.8966315789473684;0.9307255244755245;4259;143;491
184;Irish_terrier;4750;;0.8816842105263157;0.9854117647058823;0.8816842105263157;0.9306666666666666;4188;62;562
433;bathing_cap;4750;;0.9317894736842105;0.9294414111717766;0.9317894736842105;0.9306139613120269;4426;336;324
427;barrel;4750;;0.9416842105263158;0.9196134868421053;0.9416842105263158;0.9305179945912211;4473;391;277
761;remote_control;4750;;0.8861052631578947;0.9795205957644868;0.8861052631578947;0.930474190339339;4209;88;541
639;maillot;4750;;0.9421052631578948;0.9190798932018895;0.9421052631578948;0.9304501507433205;4475;394;275
589;hand_blower;4750;;0.8858947368421053;0.9792878752618106;0.8858947368421053;0.9302531225820714;4208;89;542
263;Pembroke;4750;;0.8829473684210526;0.9828919615655027;0.8829473684210526;0.9302428745702562;4194;73;556
729;plate_rack;4750;;0.884;0.9813040430007011;0.884;0.93011407686344;4199;80;551
287;lynx;4750;;0.8886315789473684;0.9755026577305292;0.8886315789473684;0.9300429657375785;4221;106;529
610;jersey;4750;;0.9387368421052632;0.9210906837430283;0.9387368421052632;0.9298300490042749;4459;382;291
408;amphibian;4750;;0.907578947368421;0.9527071823204419;0.907578947368421;0.9295956873315362;4311;214;439
694;paddlewheel;4750;;0.9429473684210526;0.9163256955810147;0.9429473684210526;0.9294459431417307;4479;409;271
778;scale;4750;;0.872421052631579;0.9940033581194531;0.872421052631579;0.9292521583137122;4144;25;606
886;vending_machine;4750;;0.9166315789473685;0.9422202986366587;0.9166315789473685;0.9292498132536549;4354;267;396
856;thresher;4750;;0.9248421052631579;0.9336875664187035;0.9248421052631579;0.9292437863564251;4393;312;357
458;brass;4750;;0.8928421052631579;0.9687071722247602;0.8928421052631579;0.9292287467134093;4241;137;509
168;redbone;4750;;0.904;0.9557088804807479;0.904;0.9291355620469545;4294;199;456
834;suit;4750;;0.9145263157894736;0.9441425777004999;0.9145263157894736;0.9290984921398782;4344;257;406
275;African_hunting_dog;4750;;0.8823157894736842;0.9810393258426966;0.8823157894736842;0.9290622921746841;4191;81;559
169;borzoi;4750;;0.9010526315789473;0.9587813620071685;0.9010526315789473;0.9290210549164315;4280;184;470
23;vulture;4750;;0.8989473684210526;0.9610623452622102;0.8989473684210526;0.9289676928097466;4270;173;480
898;water_bottle;4750;;0.8877894736842106;0.9739030023094688;0.8877894736842106;0.9288546255506609;4217;113;533
888;viaduct;4750;;0.9107368421052632;0.947645125958379;0.9107368421052632;0.9288244766505636;4326;239;424
811;space_heater;4750;;0.8896842105263157;0.9714942528735632;0.8896842105263157;0.9287912087912087;4226;124;524
914;yawl;4750;;0.8812631578947369;0.9817073170731707;0.8812631578947369;0.9287774572886622;4186;78;564
307;weevil;4750;;0.8837894736842106;0.9785547785547786;0.8837894736842106;0.9287610619469027;4198;92;552
91;coucal;4750;;0.8688421052631579;0.9973417109714838;0.8688421052631579;0.9286678667866787;4127;11;623
943;cucumber;4750;;0.892;0.9684571428571429;0.892;0.9286575342465755;4237;138;513
200;Tibetan_terrier;4750;;0.8686315789473684;0.9975822050290135;0.8686315789473684;0.9286518118388476;4126;10;624
780;schooner;4750;;0.9425263157894737;0.9149805845084815;0.9425263157894737;0.9285492066784196;4477;416;273
892;wall_clock;4750;;0.9058947368421053;0.9519911504424778;0.9058947368421053;0.9283710895361381;4303;217;447
672;mountain_tent;4750;;0.8970526315789473;0.9616339426765967;0.8970526315789473;0.92822132665287;4261;170;489
953;pineapple;4750;;0.912;0.9450261780104712;0.912;0.9282194128990787;4332;252;418
382;squirrel_monkey;4750;;0.8833684210526316;0.9776328052190121;0.8833684210526316;0.9281132492811326;4196;96;554
177;Scottish_deerhound;4750;;0.8882105263157895;0.9712246777163904;0.8882105263157895;0.9278645260611391;4219;125;531
660;mobile_home;4750;;0.9117894736842105;0.9443959877889229;0.9117894736842105;0.9278063410454155;4331;255;419
15;robin;4750;;0.8877894736842106;0.9714351531905091;0.8877894736842106;0.9277307226927731;4217;124;533
466;bullet_train;4750;;0.9170526315789473;0.9385908209437621;0.9170526315789473;0.9276967309125759;4356;285;394
556;fire_screen;4750;;0.9107368421052632;0.9451605855363775;0.9107368421052632;0.927629462849791;4326;251;424
80;black_grouse;4750;;0.9410526315789474;0.9144844517184942;0.9410526315789474;0.9275783357543059;4470;418;280
838;sunscreen;4750;;0.8734736842105263;0.9883277751310148;0.8734736842105263;0.9273580688421994;4149;49;601
869;trench_coat;4750;;0.8991578947368422;0.9571940833706858;0.8991578947368422;0.9272687798523666;4271;191;479
618;ladle;4750;;0.8821052631578947;0.9769176964327349;0.8821052631578947;0.927093705055869;4190;99;560
160;Afghan_hound;4750;;0.8709473684210526;0.9906609195402298;0.8709473684210526;0.9269549630293524;4137;39;613
157;papillon;4750;;0.9;0.9555207867679929;0.9;0.9269297484822204;4275;199;475
306;rhinoceros_beetle;4750;;0.8926315789473684;0.963855421686747;0.8926315789473684;0.9268772543447371;4240;159;510
422;barbell;4750;;0.9111578947368421;0.9431248638047505;0.9111578947368421;0.9268658314594709;4328;261;422
649;megalith;4750;;0.9056842105263158;0.9490403706154864;0.9056842105263158;0.9268555423893137;4302;231;448
705;passenger_car;4750;;0.8806315789473684;0.978021978021978;0.8806315789473684;0.9267752298659576;4183;94;567
217;English_springer;4750;;0.9058947368421053;0.9486331569664903;0.9058947368421053;0.9267714839543398;4303;233;447
208;Labrador_retriever;4750;;0.872421052631579;0.9878426698450536;0.872421052631579;0.9265511458915596;4144;51;606
351;hartebeest;4750;;0.9025263157894737;0.9518206039076377;0.9025263157894737;0.9265182623730279;4287;217;463
164;bluetick;4750;;0.8665263157894737;0.9954050785973397;0.8665263157894737;0.9265053460889139;4116;19;634
560;football_helmet;4750;;0.9646315789473684;0.8912662906049407;0.9646315789473684;0.9264988373268628;4582;559;168
362;badger;4750;;0.8993684210526316;0.9552772808586762;0.8993684210526316;0.926480156148341;4272;200;478
194;Dandie_Dinmont;4750;;0.8886315789473684;0.9674535869814348;0.8886315789473684;0.9263689235158564;4221;142;529
349;bighorn;4750;;0.8932631578947369;0.9619133983223759;0.8932631578947369;0.9263180875450279;4243;168;507
274;dhole;4750;;0.8772631578947369;0.9809322033898306;0.8772631578947369;0.9262058235163371;4167;81;583
800;slot;4750;;0.9446315789473684;0.9082995951417004;0.9446315789473684;0.926109391124871;4487;453;263
518;crash_helmet;4750;;0.9545263157894737;0.8992463308211027;0.9545263157894737;0.9260620915032679;4534;508;216
617;lab_coat;4750;;0.9286315789473685;0.9233828762821855;0.9286315789473685;0.9259997900703264;4411;366;339
966;red_wine;4750;;0.9073684210526316;0.9453827593770564;0.9073684210526316;0.9259856053281771;4310;249;440
485;CD_player;4750;;0.8694736842105263;0.9901702229681132;0.8694736842105263;0.9259051675821096;4130;41;620
551;face_powder;4750;;0.9046315789473685;0.9481465136804943;0.9046315789473685;0.9258780435251023;4297;235;453
85;quail;4750;;0.8686315789473684;0.9908741594620557;0.8686315789473684;0.9257347991922817;4126;38;624
229;Old_English_sheepdog;4750;;0.8734736842105263;0.9845752254390128;0.8734736842105263;0.92570281124498;4149;65;601
878;typewriter_keyboard;4750;;0.9061052631578947;0.9457262140188969;0.9061052631578947;0.9254918825932695;4304;247;446
851;television;4750;;0.912;0.9392888117953165;0.912;0.9254432813501389;4332;280;418
875;trombone;4750;;0.8728421052631579;0.9843304843304843;0.8728421052631579;0.9252399018076322;4146;66;604
87;African_grey;4750;;0.88;0.975268315445637;0.88;0.9251881363435149;4180;106;570
948;Granny_Smith;4750;;0.9098947368421053;0.9409971696059221;0.9098947368421053;0.9251846302044311;4322;271;428
413;assault_rifle;4750;;0.9096842105263158;0.9411892833805271;0.9096842105263158;0.9251686114976982;4321;270;429
588;hamper;4750;;0.8907368421052632;0.9622469865817603;0.8907368421052632;0.9251120585984476;4231;166;519
659;mixing_bowl;4750;;0.9077894736842105;0.9429258692324514;0.9077894736842105;0.9250241338624906;4312;261;438
325;sulphur_butterfly;4750;;0.8785263157894737;0.9765972384741399;0.8785263157894737;0.9249695223318188;4173;100;577
93;hornbill;4750;;0.8631578947368421;0.9961127308066083;0.8631578947368421;0.9248815700428604;4100;16;650
564;four-poster;4750;;0.9145263157894736;0.9354005167958657;0.9145263157894736;0.9248456461571216;4344;300;406
239;Bernese_mountain_dog;4750;;0.875578947368421;0.9799717247879359;0.875578947368421;0.9248387814098289;4159;85;591
166;Walker_hound;4750;;0.8842105263157894;0.9690816797415782;0.8842105263157894;0.9247027741083222;4200;134;550
151;Chihuahua;4750;;0.8751578947368421;0.9801933506248526;0.8751578947368421;0.9247024802580358;4157;84;593
615;knee_pad;4750;;0.9351578947368421;0.914368052696583;0.9351578947368421;0.924646128226478;4442;416;308
726;plane;4750;;0.9130526315789473;0.9365147916216799;0.9130526315789473;0.924634900330455;4337;294;413
558;flute;4750;;0.8778947368421053;0.9765807962529274;0.8778947368421053;0.9246119733924612;4170;100;580
540;drilling_platform;4750;;0.9562105263157895;0.8949753694581281;0.9562105263157895;0.9245801526717558;4542;533;208
988;acorn;4750;;0.8938947368421053;0.9573844419391206;0.8938947368421053;0.9245508982035928;4246;189;504
609;jeep;4750;;0.8909473684210526;0.9607264472190692;0.8909473684210526;0.9245221190606226;4232;173;518
863;totem_pole;4750;;0.9461052631578948;0.9038616251005631;0.9461052631578948;0.9245011314544332;4494;478;256
592;hard_disc;4750;;0.8789473684210526;0.9747840298855942;0.8789473684210526;0.9243883538137938;4175;108;575
278;kit_fox;4750;;0.8890526315789473;0.9626168224299065;0.8890526315789473;0.9243734267264966;4223;164;527
676;muzzle;4750;;0.8854736842105263;0.9664522058823529;0.8854736842105263;0.9241924851680948;4206;146;544
303;long-horned_beetle;4750;;0.8698947368421053;0.9856870229007634;0.8698947368421053;0.9241780362335048;4132;60;618
653;milk_can;4750;;0.8856842105263157;0.9655726417259582;0.8856842105263157;0.9239046887009993;4207;150;543
691;oxygen_mask;4750;;0.8882105263157895;0.9625827059091946;0.8882105263157895;0.9239023322019052;4219;164;531
137;American_coot;4750;;0.9138947368421053;0.9339500860585198;0.9138947368421053;0.9238135773568844;4341;307;409
929;ice_lolly;4750;;0.8852631578947369;0.9657785943959577;0.8852631578947369;0.9237697715289982;4205;149;545
594;harp;4750;;0.8722105263157894;0.9817535545023697;0.8722105263157894;0.9237458193979933;4143;77;607
954;banana;4750;;0.8985263157894737;0.9503451347138722;0.8985263157894737;0.9237095552429391;4268;223;482
428;barrow;4750;;0.9096842105263158;0.9381241858445506;0.9096842105263158;0.92368533561351;4321;285;429
955;jackfruit;4750;;0.8989473684210526;0.9495219034912163;0.8989473684210526;0.9235427706283119;4270;227;480
957;pomegranate;4750;;0.8945263157894737;0.9544025157232704;0.8945263157894737;0.9234948924146924;4249;203;501
585;hair_spray;4750;;0.8753684210526316;0.9769736842105263;0.8753684210526316;0.9233844103930713;4158;98;592
853;thatch;4750;;0.9437894736842105;0.9032843038484788;0.9437894736842105;0.9230927622773603;4483;480;267
0;tench;4750;;0.8709473684210526;0.9817275747508306;0.8709473684210526;0.9230254350736278;4137;77;613
392;rock_beauty;4750;;0.9094736842105263;0.936890045543266;0.9094736842105263;0.9229783142826621;4320;291;430
553;file;4750;;0.892;0.9560018050541517;0.892;0.9228926159878021;4237;195;513
201;silky_terrier;4750;;0.8726315789473684;0.9789796882380728;0.8726315789473684;0.9227515583259128;4145;89;605
710;pencil_sharpener;4750;;0.899578947368421;0.9468202969200089;0.899578947368421;0.92259527151031;4273;240;477
209;Chesapeake_Bay_retriever;4750;;0.8728421052631579;0.9782916470033034;0.8728421052631579;0.9225634178905207;4146;92;604
889;violin;4750;;0.8736842105263158;0.9769303201506592;0.8736842105263158;0.922427206045788;4150;98;600
19;chickadee;4750;;0.8909473684210526;0.956168097605061;0.8909473684210526;0.9224062772449868;4232;194;518
273;dingo;4750;;0.8821052631578947;0.9665513264129181;0.8821052631578947;0.9223995597138139;4190;145;560
650;microphone;4750;;0.8970526315789473;0.9492091779906437;0.8970526315789473;0.9223941985063318;4261;228;489
354;Arabian_camel;4750;;0.8974736842105263;0.9485981308411215;0.8974736842105263;0.9223279965382951;4263;231;487
173;Ibizan_hound;4750;;0.8896842105263157;0.9574082464884458;0.8896842105263157;0.9223046704495853;4226;188;524
939;zucchini;4750;;0.8688421052631579;0.9823851463937158;0.8688421052631579;0.9221316054072171;4127;74;623
219;cocker_spaniel;4750;;0.8587368421052631;0.9953635919960957;0.8587368421052631;0.9220162748643762;4079;19;671
548;entertainment_center;4750;;0.9406315789473684;0.9040874140024282;0.9406315789473684;0.9219975237309121;4468;474;282
536;dock;4750;;0.8821052631578947;0.9654377880184332;0.8821052631578947;0.9218921892189218;4190;150;560
718;pier;4750;;0.8705263157894737;0.9793936522974893;0.8705263157894737;0.9217565760142666;4135;87;615
288;leopard;4750;;0.8922105263157895;0.9530020238362942;0.8922105263157895;0.9216048711536372;4238;209;512
491;chain_saw;4750;;0.9362105263157895;0.9073658437053662;0.9362105263157895;0.9215625323800644;4447;454;303
300;tiger_beetle;4750;;0.9069473684210526;0.9363181916974571;0.9069473684210526;0.9213987808790504;4308;293;442
505;coffeepot;4750;;0.9014736842105263;0.9421342134213422;0.9014736842105263;0.9213555675094137;4282;263;468
638;maillot;4750;;0.9065263157894737;0.9364941278816877;0.9065263157894737;0.9212665810868635;4306;292;444
376;proboscis_monkey;4750;;0.8694736842105263;0.9796015180265655;0.8694736842105263;0.9212580861030559;4130;86;620
831;studio_couch;4750;;0.903578947368421;0.9395796847635727;0.903578947368421;0.9212277312728053;4292;276;458
403;aircraft_carrier;4750;;0.8949473684210526;0.9490957803081045;0.8949473684210526;0.9212265684256149;4251;228;499
152;Japanese_spaniel;4750;;0.9374736842105263;0.9054493696624644;0.9374736842105263;0.9211832850641289;4453;465;297
646;maze;4750;;0.9349473684210526;0.9076231350909463;0.9349473684210526;0.9210826506273981;4441;452;309
583;guillotine;4750;;0.9061052631578947;0.9364664926022629;0.9061052631578947;0.9210357372137814;4304;292;446
836;sunglass;4750;;0.8987368421052632;0.9444690265486726;0.8987368421052632;0.9210355987055017;4269;251;481
496;Christmas_stocking;4750;;0.9275789473684211;0.9144873391448733;0.9275789473684211;0.9209866220735786;4406;412;344
308;fly;4750;;0.8913684210526316;0.9523166891587944;0.8913684210526316;0.9208351457155285;4234;212;516
777;scabbard;4750;;0.9193684210526316;0.9222808870116156;0.9193684210526316;0.9208223510806537;4367;368;383
820;steam_locomotive;4750;;0.876421052631579;0.9699440820130475;0.876421052631579;0.9208139792081398;4163;129;587
600;hook;4750;;0.8905263157894737;0.9531320414601172;0.8905263157894737;0.9207662168045277;4230;208;520
848;tape_player;4750;;0.9;0.9424603174603174;0.9;0.9207409002799913;4275;261;475
658;mitten;4750;;0.9294736842105263;0.9120016525511258;0.9294736842105263;0.9206547805234073;4415;426;335
941;acorn_squash;4750;;0.8827368421052632;0.9619178710713466;0.8827368421052632;0.9206279503787462;4193;166;557
245;French_bulldog;4750;;0.86;0.9903030303030304;0.86;0.9205633802816902;4085;40;665
270;white_wolf;4750;;0.8743157894736842;0.971689284043051;0.8743157894736842;0.9204343971631205;4153;121;597
345;ox;4750;;0.8743157894736842;0.971689284043051;0.8743157894736842;0.9204343971631205;4153;121;597
632;loudspeaker;4750;;0.9134736842105263;0.9273349006197905;0.9134736842105263;0.9203521052073391;4339;340;411
250;Siberian_husky;4750;;0.8587368421052631;0.9912515188335358;0.8587368421052631;0.9202481669486745;4079;36;671
784;screwdriver;4750;;0.8894736842105263;0.9530791788856305;0.8894736842105263;0.920178590874442;4225;208;525
213;Irish_setter;4750;;0.8688421052631579;0.9777303956408434;0.8688421052631579;0.9200757997993535;4127;94;623
249;malamute;4750;;0.8602105263157894;0.988388969521045;0.8602105263157894;0.9198559207564161;4086;48;664
261;keeshond;4750;;0.8783157894736842;0.9655172413793104;0.8783157894736842;0.919854481314078;4172;149;578
24;great_grey_owl;4750;;0.9202105263157895;0.9194362641985696;0.9202105263157895;0.9198232323232324;4371;383;379
622;lens_cap;4750;;0.8867368421052632;0.9553186663642549;0.8867368421052632;0.9197510645266951;4212;197;538
437;beacon;4750;;0.884;0.9584569732937686;0.884;0.9197240170846567;4199;182;551
146;albatross;4750;;0.8947368421052632;0.946126447016919;0.8947368421052632;0.9197143475438216;4250;242;500
801;snorkel;4750;;0.9132631578947369;0.9261315115286081;0.9132631578947369;0.9196523213907145;4338;346;412
113;snail;4750;;0.8846315789473684;0.9573934837092731;0.8846315789473684;0.9195754458912353;4202;187;548
493;chiffonier;4750;;0.868;0.9774774774774775;0.868;0.9194915254237288;4123;95;627
47;African_chameleon;4750;;0.876;0.9674494303650314;0.876;0.9194564136559497;4161;140;589
317;leafhopper;4750;;0.8842105263157894;0.957592339261286;0.8842105263157894;0.9194395796847636;4200;186;550
122;American_lobster;4750;;0.8661052631578947;0.9795238095238096;0.8661052631578947;0.9193296089385474;4114;86;636
192;cairn;4750;;0.8583157894736843;0.9895631067961165;0.8583157894736843;0.9192784667418263;4077;43;673
195;Boston_bull;4750;;0.8989473684210526;0.9403215150847831;0.8989473684210526;0.9191690883650845;4270;271;480
882;vacuum;4750;;0.8593684210526316;0.9878993223620522;0.8593684210526316;0.919162350821887;4082;50;668
747;punching_bag;4750;;0.8970526315789473;0.9422821760283061;0.8970526315789473;0.9191113028472822;4261;261;489
683;oboe;4750;;0.9303157894736842;0.908138101109741;0.9303157894736842;0.9190931780366057;4419;447;331
720;pill_bottle;4750;;0.8692631578947368;0.9749704840613932;0.8692631578947368;0.9190873678352811;4129;106;621
627;limousine;4750;;0.9014736842105263;0.9371853797329831;0.9014736842105263;0.9189827234681832;4282;287;468
662;modem;4750;;0.8745263157894737;0.9680727103239338;0.8745263157894737;0.9189248976883088;4154;137;596
643;mask;4750;;0.9435789473684211;0.8955044955044955;0.9435789473684211;0.9189133777549974;4482;523;268
775;sarong;4750;;0.9048421052631579;0.9333333333333333;0.9048421052631579;0.9188669160876536;4298;307;452
893;wallet;4750;;0.8934736842105263;0.9454221430162619;0.8934736842105263;0.9187141465526572;4244;245;506
12;house_finch;4750;;0.8591578947368421;0.9869407496977025;0.8591578947368421;0.9186268992684299;4081;54;669
519;crate;4750;;0.9113684210526316;0.9259893048128343;0.9113684210526316;0.9186206896551725;4329;346;421
731;plunger;4750;;0.9002105263157895;0.9377192982456141;0.9002105263157895;0.9185821697099892;4276;284;474
847;tank;4750;;0.8943157894736842;0.944;0.8943157894736842;0.9184864864864865;4248;252;502
205;flat-coated_retriever;4750;;0.8768421052631579;0.9636742248958815;0.8768421052631579;0.91820987654321;4165;157;585
182;Border_terrier;4750;;0.8743157894736842;0.9667132216014898;0.8743157894736842;0.9181958876851647;4153;143;597
366;gorilla;4750;;0.8827368421052632;0.9562143671607753;0.8827368421052632;0.9180076628352489;4193;192;557
350;ibex;4750;;0.868421052631579;0.9735662025017702;0.868421052631579;0.9179926560587516;4125;112;625
412;ashcan;4750;;0.9069473684210526;0.9290489540651283;0.9069473684210526;0.9178651326302332;4308;329;442
174;Norwegian_elkhound;4750;;0.8677894736842106;0.974007561436673;0.8677894736842106;0.9178356713426854;4122;110;628
248;Eskimo_dog;4750;;0.8701052631578947;0.9710996240601504;0.8701052631578947;0.9178325560737287;4133;123;617
418;ballpoint;4750;;0.884;0.9543181818181818;0.884;0.9178142076502731;4199;201;551
365;orangutan;4750;;0.8997894736842105;0.9364592462751972;0.8997894736842105;0.91775821344213;4274;290;476
652;military_uniform;4750;;0.8936842105263157;0.9431237502777161;0.8936842105263157;0.9177386228515837;4245;256;505
147;grey_whale;4750;;0.9052631578947369;0.9303331890956296;0.9052631578947369;0.9176269739650021;4300;322;450
512;corkscrew;4750;;0.9383157894736842;0.8973223273605798;0.9383157894736842;0.9173613255119893;4457;510;293
586;half_track;4750;;0.9088421052631579;0.9257988419472443;0.9088421052631579;0.9172421119728036;4317;346;433
689;overskirt;4750;;0.888;0.9482913669064749;0.888;0.9171559034572734;4218;230;532
758;reel;4750;;0.8930526315789473;0.9422478898267437;0.8930526315789473;0.9169909208819714;4242;260;508
269;timber_wolf;4750;;0.8863157894736842;0.949695465824498;0.8863157894736842;0.916911684634651;4210;223;540
830;stretcher;4750;;0.8993684210526316;0.9349967170059094;0.8993684210526316;0.9168365704474728;4272;297;478
78;tick;4750;;0.9258947368421052;0.9079273327828241;0.9258947368421052;0.9168230143839899;4398;446;352
810;space_bar;4750;;0.8877894736842106;0.9476404494382022;0.8877894736842106;0.9167391304347826;4217;233;533
789;shoji;4750;;0.9269473684210526;0.9067133443163097;0.9269473684210526;0.916718717468249;4403;453;347
99;goose;4750;;0.9145263157894736;0.9187817258883249;0.9145263157894736;0.916649082084828;4344;384;406
421;bannister;4750;;0.9282105263157895;0.9053388090349076;0.9282105263157895;0.9166320166320167;4409;461;341
513;cornet;4750;;0.8669473684210526;0.9721435316336167;0.8669473684210526;0.9165368350767862;4118;118;632
234;Rottweiler;4750;;0.8981052631578947;0.9357315200701908;0.8981052631578947;0.9165323880116016;4266;293;484
251;dalmatian;4750;;0.9229473684210526;0.9101100269877517;0.9229473684210526;0.9164837462109333;4384;433;366
574;golf_ball;4750;;0.9107368421052632;0.921994884910486;0.9107368421052632;0.9163312857445457;4326;366;424
237;miniature_pinscher;4750;;0.907157894736842;0.9256713211600429;0.907157894736842;0.9163211057947899;4309;346;441
686;oil_filter;4750;;0.9458947368421052;0.88847142574649;0.9458947368421052;0.9162842867339654;4493;564;257
323;monarch;4750;;0.9103157894736842;0.9221582426956707;0.9103157894736842;0.9161987498675708;4324;365;426
769;rule;4750;;0.8698947368421053;0.9676814988290399;0.8698947368421053;0.9161862527716187;4132;138;618
523;crutch;4750;;0.8722105263157894;0.9646100116414436;0.8722105263157894;0.9160862354892206;4143;152;607
262;Brabancon_griffon;4750;;0.8637894736842106;0.9750475285171103;0.8637894736842106;0.9160526903326637;4103;105;647
236;Doberman;4750;;0.8917894736842106;0.9415425650144477;0.8917894736842106;0.9159909179370743;4236;263;514
651;microwave;4750;;0.8991578947368422;0.9327364053286744;0.8991578947368422;0.9156394040090041;4271;308;479
13;junco;4750;;0.8511578947368421;0.9904458598726115;0.8511578947368421;0.9155344202898551;4043;39;707
75;black_widow;4750;;0.916;0.915036803364879;0.916;0.9155181483429773;4351;404;399
624;library;4750;;0.8917894736842106;0.9404973357015985;0.8917894736842106;0.915496001728982;4236;268;514
316;cicada;4750;;0.8494736842105263;0.9923757993113625;0.8494736842105263;0.9153811252268602;4035;31;715
477;carpenter's_kit;4750;;0.8852631578947369;0.9472854246451904;0.8852631578947369;0.9152247252149309;4205;234;545
331;hare;4750;;0.8831578947368421;0.9495246717971934;0.8831578947368421;0.9151396160558466;4195;223;555
180;American_Staffordshire_terrier;4750;;0.8705263157894737;0.9645439701422907;0.8705263157894737;0.9151267013389398;4135;152;615
171;Italian_greyhound;4750;;0.8698947368421053;0.9649696403549743;0.8698947368421053;0.9149689991142604;4132;150;618
450;bobsled;4750;;0.908;0.9219752030782385;0.908;0.9149342384386933;4313;365;437
161;basset;4750;;0.8802105263157894;0.9519581056466302;0.8802105263157894;0.9146795012032378;4181;211;569
241;EntleBucher;4750;;0.9465263157894737;0.8848651840188939;0.9465263157894737;0.9146577153900926;4496;585;254
877;turnstile;4750;;0.9252631578947368;0.9041349516560379;0.9252631578947368;0.9145770471334929;4395;466;355
304;leaf_beetle;4750;;0.8964210526315789;0.9333625602805787;0.8964210526315789;0.9145189003436427;4258;304;492
39;common_iguana;4750;;0.8505263157894737;0.9887420460107684;0.8505263157894737;0.914440923494794;4040;46;710
256;Newfoundland;4750;;0.8461052631578947;0.9945558030190547;0.8461052631578947;0.9143442156751223;4019;22;731
952;fig;4750;;0.8976842105263158;0.9316145947126939;0.8976842105263158;0.9143347271362711;4264;313;486
368;gibbon;4750;;0.8766315789473684;0.9552649690295939;0.8766315789473684;0.9142606213634866;4164;195;586
131;little_blue_heron;4750;;0.8650526315789474;0.9693323897145553;0.8650526315789474;0.9142285015018355;4109;130;641
713;photocopier;4750;;0.9178947368421052;0.9102296450939458;0.9178947368421052;0.9140461215932913;4360;430;390
767;rubber_eraser;4750;;0.8972631578947369;0.9313811188811189;0.8972631578947369;0.9140038601758526;4262;314;488
204;Lhasa;4750;;0.8513684210526316;0.9863414634146341;0.8513684210526316;0.9138983050847458;4044;56;706
630;Loafer;4750;;0.9103157894736842;0.9174623382134521;0.9103157894736842;0.9138750924653914;4324;389;426
550;espresso_maker;4750;;0.9069473684210526;0.9207095533233597;0.9069473684210526;0.9137766465160674;4308;371;442
212;English_setter;4750;;0.8490526315789474;0.9884803921568628;0.8490526315789474;0.9134767836919593;4033;47;717
322;ringlet;4750;;0.9086315789473685;0.9182978723404255;0.9086315789473685;0.9134391534391534;4316;384;434
786;sewing_machine;4750;;0.8538947368421053;0.9816069699903195;0.8538947368421053;0.9133078135555054;4056;76;694
982;groom;4750;;0.9168421052631579;0.9097555880509713;0.9168421052631579;0.9132851001363111;4355;432;395
508;computer_keyboard;4750;;0.8949473684210526;0.9322368421052631;0.8949473684210526;0.9132116004296454;4251;309;499
979;valley;4750;;0.896;0.9310872894333844;0.896;0.9132067374745197;4256;315;494
135;limpkin;4750;;0.840421052631579;0.9997495617330328;0.840421052631579;0.9131876930115521;3992;1;758
907;wine_bottle;4750;;0.8793684210526316;0.9493181818181818;0.8793684210526316;0.9130054644808743;4177;223;573
286;cougar;4750;;0.8469473684210527;0.9901550578390352;0.8469473684210527;0.9129694769091116;4023;40;727
277;red_fox;4750;;0.9063157894736842;0.9192825112107623;0.9063157894736842;0.9127531008162832;4305;378;445
991;coral_fungus;4750;;0.8932631578947369;0.9317083882301274;0.8932631578947369;0.9120808254514188;4243;311;507
141;redshank;4750;;0.8917894736842106;0.9332452081956378;0.8917894736842106;0.9120465066207343;4236;303;514
461;breastplate;4750;;0.891578947368421;0.9332304980167475;0.891578947368421;0.9119293712316969;4235;303;515
371;patas;4750;;0.8717894736842106;0.9552479815455595;0.8717894736842106;0.9116125481563015;4141;194;609
764;rifle;4750;;0.848421052631579;0.9848484848484849;0.848421052631579;0.9115584709341779;4030;62;720
238;Greater_Swiss_Mountain_dog;4750;;0.8515789473684211;0.9806060606060606;0.8515789473684211;0.9115492957746478;4045;80;705
240;Appenzeller;4750;;0.8816842105263157;0.9434557332732597;0.8816842105263157;0.9115246490368919;4188;251;562
492;chest;4750;;0.8791578947368421;0.9462950373895309;0.8791578947368421;0.9114918694750627;4176;237;574
16;bulbul;4750;;0.8414736842105263;0.9937841869716559;0.8414736842105263;0.9113087095303236;3997;25;753
647;measuring_cup;4750;;0.8505263157894737;0.9812970609667233;0.8505263157894737;0.9112439381978121;4040;77;710
187;Yorkshire_terrier;4750;;0.8572631578947368;0.9723018147086915;0.8572631578947368;0.9111658089057953;4072;116;678
56;king_snake;4750;;0.8614736842105263;0.9669187145557656;0.8614736842105263;0.9111556446225784;4092;140;658
706;patio;4750;;0.8614736842105263;0.9669187145557656;0.8614736842105263;0.9111556446225784;4092;140;658
542;drumstick;4750;;0.8901052631578947;0.9331273449569631;0.8901052631578947;0.9111087167331106;4228;303;522
167;English_foxhound;4750;;0.9183157894736842;0.9036668738346799;0.9183157894736842;0.9109324423097004;4362;465;388
640;manhole_cover;4750;;0.8793684210526316;0.9448088667722235;0.8793684210526316;0.9109148402573329;4177;244;573
626;lighter;4750;;0.8869473684210526;0.9360142190624305;0.8869473684210526;0.910820451843044;4213;288;537
593;harmonica;4750;;0.9117894736842105;0.9096828397395506;0.9117894736842105;0.910734938492272;4331;430;419
709;pencil_box;4750;;0.8776842105263158;0.9462097140263277;0.8776842105263158;0.9106596767147226;4169;237;581
254;pug;4750;;0.8621052631578947;0.9648916116870877;0.8621052631578947;0.9106070713809206;4095;149;655
150;sea_lion;4750;;0.8625263157894737;0.9637732298282757;0.8625263157894737;0.9103432951894235;4097;154;653
753;radiator;4750;;0.9124210526315789;0.9082145850796312;0.9124210526315789;0.9103129594622978;4334;438;416
994;stinkhorn;4750;;0.8842105263157894;0.9379187137114784;0.8842105263157894;0.9102730819245775;4200;278;550
504;coffee_mug;4750;;0.8776842105263158;0.9453514739229025;0.8776842105263158;0.9102620087336245;4169;241;581
330;wood_rabbit;4750;;0.8968421052631579;0.9240780911062907;0.8968421052631579;0.9102564102564102;4260;350;490
918;crossword_puzzle;4750;;0.8976842105263158;0.9231435375622429;0.8976842105263158;0.9102358842992849;4264;355;486
913;wreck;4750;;0.876421052631579;0.9461363636363637;0.876421052631579;0.909945355191257;4163;237;587
367;chimpanzee;4750;;0.863578947368421;0.9615564932020628;0.863578947368421;0.9099378881987576;4102;164;648
283;Persian_cat;4750;;0.8778947368421053;0.9440796920987096;0.8778947368421053;0.9097850987236829;4170;247;580
634;lumbermill;4750;;0.8783157894736842;0.9434644957033017;0.8783157894736842;0.9097252507631922;4172;250;578
142;dowitcher;4750;;0.8612631578947368;0.9632681893101013;0.8612631578947368;0.9094142491941758;4091;156;659
36;terrapin;4750;;0.8429473684210527;0.9869361597239339;0.8429473684210527;0.909276711706597;4004;53;746
163;bloodhound;4750;;0.8517894736842105;0.9749397590361446;0.8517894736842105;0.9092134831460674;4046;104;704
363;armadillo;4750;;0.8833684210526316;0.9366071428571429;0.8833684210526316;0.9092091007583966;4196;284;554
301;ladybug;4750;;0.9433684210526316;0.8772513703993735;0.9433684210526316;0.9091093528099007;4481;627;269
398;abacus;4750;;0.9210526315789473;0.8970678695919623;0.9210526315789473;0.9089020463280357;4375;502;375
868;tray;4750;;0.8894736842105263;0.9291840774136794;0.8894736842105263;0.908895342583629;4225;322;525
134;crane;4750;;0.8543157894736843;0.9708133971291866;0.8543157894736843;0.9088465845464725;4058;122;692
521;Crock_Pot;4750;;0.8616842105263158;0.961249412869892;0.8616842105263158;0.9087477797513321;4093;165;657
976;promontory;4750;;0.8435789473684211;0.9842790469172193;0.8435789473684211;0.9085137739485319;4007;64;743
554;fireboat;4750;;0.9113684210526316;0.9056485355648536;0.9113684210526316;0.9084994753410284;4329;451;421
259;Pomeranian;4750;;0.8892631578947369;0.928555726533304;0.8892631578947369;0.9084847833100334;4224;325;526
910;wooden_spoon;4750;;0.8589473684210527;0.9636277751535192;0.8589473684210527;0.9082813891362422;4080;154;670
360;otter;4750;;0.8762105263157894;0.9426953567383919;0.8762105263157894;0.9082378614293508;4162;253;588
199;Scotch_terrier;4750;;0.8593684210526316;0.9627358490566038;0.8593684210526316;0.9081201334816463;4082;158;668
148;killer_whale;4750;;0.9454736842105264;0.8735654541917914;0.9454736842105264;0.908098271155596;4491;650;259
399;abaya;4750;;0.9303157894736842;0.8866372391653291;0.9303157894736842;0.9079515101705364;4419;565;331
86;partridge;4750;;0.8677894736842106;0.9519630484988453;0.8677894736842106;0.9079295154185023;4122;208;628
525;dam;4750;;0.8631578947368421;0.9574964969640355;0.8631578947368421;0.9078830823737821;4100;182;650
719;piggy_bank;4750;;0.9294736842105263;0.8872588424437299;0.9294736842105263;0.9078757968332306;4415;561;335
742;printer;4750;;0.8570526315789474;0.9649205972979379;0.8570526315789474;0.9077935109822722;4071;148;679
911;wool;4750;;0.9212631578947369;0.8947045593948068;0.9212631578947369;0.9077896483767244;4376;515;374
796;ski_mask;4750;;0.9469473684210526;0.8717054263565891;0.9469473684210526;0.9077699293642786;4498;662;252
155;Shih-Tzu;4750;;0.8357894736842105;0.9929964982491246;0.8357894736842105;0.9076360310928213;3970;28;780
295;American_black_bear;4750;;0.8802105263157894;0.9366039426523297;0.8802105263157894;0.9075320164966355;4181;283;569
138;bustard;4750;;0.8458947368421053;0.9788063337393422;0.8458947368421053;0.9075098814229249;4018;87;732
220;Sussex_spaniel;4750;;0.8827368421052632;0.933645067913605;0.8827368421052632;0.9074775457201602;4193;298;557
154;Pekinese;4750;;0.8372631578947368;0.990535491905355;0.8372631578947368;0.9074729035938391;3977;38;773
579;grand_piano;4750;;0.840421052631579;0.9854356948901506;0.840421052631579;0.9071696398136576;3992;59;758
191;Airedale;4750;;0.8454736842105263;0.9780808572820263;0.8454736842105263;0.9069557362240288;4016;90;734
607;jack-o'-lantern;4750;;0.9661052631578947;0.8544032768571961;0.9661052631578947;0.9068273885979647;4589;782;161
373;macaque;4750;;0.8416842105263158;0.982550995330548;0.8416842105263158;0.9066787617643723;3998;71;752
937;broccoli;4750;;0.8997894736842105;0.9136383069687901;0.8997894736842105;0.9066610097581672;4274;404;476
899;water_jug;4750;;0.8618947368421053;0.9560952825782345;0.8618947368421053;0.9065544729849424;4094;188;656
776;sax;4750;;0.8418947368421053;0.9818315737785416;0.8418947368421053;0.9064943896633798;3999;74;751
290;jaguar;4750;;0.8488421052631578;0.9725036179450073;0.8488421052631578;0.9064748201438849;4032;114;718
530;digital_clock;4750;;0.9164210526315789;0.8966014418125644;0.9164210526315789;0.9064029151483602;4353;502;397
456;bow;4750;;0.9353684210526316;0.8791056588840522;0.9353684210526316;0.9063647490820074;4443;611;307
186;Norwich_terrier;4750;;0.9002105263157895;0.9115327222340652;0.9002105263157895;0.9058362461603643;4276;415;474
393;anemone_fish;4750;;0.8395789473684211;0.9825080068982508;0.8395789473684211;0.9054376206152798;3988;71;762
951;lemon;4750;;0.8574736842105263;0.958804143126177;0.8574736842105263;0.9053122916203601;4073;175;677
568;fur_coat;4750;;0.9233684210526316;0.8878542510121458;0.9233684210526316;0.9052631578947369;4386;554;364
716;picket_fence;4750;;0.9494736842105264;0.8649789029535865;0.9494736842105264;0.9052589321557608;4510;704;240
230;Shetland_sheepdog;4750;;0.8538947368421053;0.9631916409403942;0.8538947368421053;0.905256109809173;4056;155;694
827;stove;4750;;0.8981052631578947;0.9125133689839572;0.8981052631578947;0.9052519893899204;4266;409;484
984;rapeseed;4750;;0.9547368421052631;0.8603680516031114;0.9547368421052631;0.9050992914878754;4535;736;215
401;accordion;4750;;0.8936842105263157;0.9166486719930901;0.8936842105263157;0.9050207866965142;4245;386;505
480;cash_machine;4750;;0.8966315789473684;0.9133604975337766;0.8966315789473684;0.9049187294167641;4259;404;491
118;Dungeness_crab;4750;;0.8341052631578947;0.9885229540918163;0.8341052631578947;0.9047727791733271;3962;46;788
21;kite;4750;;0.8905263157894737;0.919365355357531;0.8905263157894737;0.9047160731472571;4230;371;520
524;cuirass;4750;;0.8677894736842106;0.9445462878093492;0.8677894736842106;0.9045424621461489;4122;242;628
214;Gordon_setter;4750;;0.8393684210526315;0.9805705853418594;0.8393684210526315;0.904491833030853;3987;79;763
793;shower_cap;4750;;0.9437894736842105;0.8682936277358125;0.9437894736842105;0.9044688792494705;4483;680;267
587;hammer;4750;;0.868421052631579;0.9435041171088746;0.868421052631579;0.9044069283051962;4125;247;625
845;syringe;4750;;0.8861052631578947;0.9226216571679088;0.8861052631578947;0.9039948453608248;4209;353;541
128;black_stork;4750;;0.8949473684210526;0.9132116004296456;0.8949473684210526;0.9039872408293461;4251;404;499
470;candle;4750;;0.8629473684210527;0.9490622829358648;0.8629473684210527;0.9039585400815967;4099;220;651
534;dishwasher;4750;;0.8471578947368421;0.9687048627828599;0.8471578947368421;0.903863432165319;4024;130;726
89;sulphur-crested_cockatoo;4750;;0.8703157894736843;0.9397590361445783;0.8703157894736843;0.9037053229861187;4134;265;616
224;groenendael;4750;;0.876421052631579;0.9325716845878136;0.876421052631579;0.9036249186021272;4163;301;587
37;box_turtle;4750;;0.848421052631579;0.9664268585131894;0.848421052631579;0.9035874439461883;4030;140;720
992;agaric;4750;;0.9315789473684211;0.8771060455896927;0.9315789473684211;0.9035222052067381;4425;620;325
423;barber_chair;4750;;0.8936842105263157;0.9129032258064517;0.8936842105263157;0.9031914893617021;4245;405;505
292;tiger;4750;;0.9429473684210526;0.8665118978525828;0.9429473684210526;0.9031152333904627;4479;690;271
931;bagel;4750;;0.8492631578947368;0.9636884854276159;0.8492631578947368;0.9028648164726947;4034;152;716
410;apiary;4750;;0.896;0.9095960675357982;0.896;0.902746844840386;4256;423;494
246;Great_Dane;4750;;0.8534736842105263;0.9579395085066162;0.8534736842105263;0.9026942774437764;4054;178;696
828;strainer;4750;;0.8930526315789473;0.9124542912454291;0.8930526315789473;0.9026492180019152;4242;407;508
289;snow_leopard;4750;;0.8627368421052631;0.9457650588506809;0.8627368421052631;0.9023450401849609;4098;235;652
938;cauliflower;4750;;0.8770526315789474;0.9288740245261985;0.8770526315789474;0.9022198159177045;4166;319;584
806;sock;4750;;0.9261052631578948;0.8794482207117154;0.9261052631578948;0.9021739130434783;4399;603;351
960;chocolate_sauce;4750;;0.8383157894736842;0.9764590485532123;0.8383157894736842;0.9021295876755777;3982;96;768
82;ruffed_grouse;4750;;0.8505263157894737;0.9600760456273765;0.8505263157894737;0.9019870506809556;4040;168;710
63;Indian_cobra;4750;;0.8503157894736842;0.9596103587550487;0.8503157894736842;0.9016631320459874;4039;170;711
623;letter_opener;4750;;0.8452631578947368;0.9660731472569779;0.8452631578947368;0.9016393442622951;4015;141;735
490;chain_mail;4750;;0.9183157894736842;0.8855054811205847;0.9183157894736842;0.9016122364613477;4362;564;388
833;submarine;4750;;0.8976842105263158;0.905307855626327;0.8976842105263158;0.9014799154334039;4264;446;486
383;Madagascar_cat;4750;;0.8911578947368421;0.9116950247684686;0.8911578947368421;0.9013094857872884;4233;410;517
841;sweatshirt;4750;;0.9267368421052632;0.8768924302788844;0.9267368421052632;0.9011258955987718;4402;618;348
42;agama;4750;;0.8311578947368421;0.9838026414154;0.8311578947368421;0.9010612803834303;3948;65;802
338;guinea_pig;4750;;0.8336842105263158;0.9801980198019802;0.8336842105263158;0.9010238907849829;3960;80;790
257;Great_Pyrenees;4750;;0.8250526315789474;0.9921518987341772;0.8250526315789474;0.9009195402298851;3919;31;831
791;shopping_cart;4750;;0.8661052631578947;0.9384124087591241;0.8661052631578947;0.9008101598423474;4114;270;636
896;washbasin;4750;;0.9124210526315789;0.8893905191873589;0.9124210526315789;0.9007585991894419;4334;539;416
299;meerkat;4750;;0.8861052631578947;0.9151989562948467;0.8861052631578947;0.9004171569151781;4209;390;541
963;pizza;4750;;0.8867368421052632;0.9144594007815893;0.8867368421052632;0.9003847798204361;4212;394;538
105;koala;4750;;0.8610526315789474;0.9432656826568265;0.8610526315789474;0.9002861545234426;4090;246;660
342;wild_boar;4750;;0.8482105263157895;0.9588291289861971;0.8482105263157895;0.9001340482573728;4029;173;721
386;African_elephant;4750;;0.856421052631579;0.9475890985324947;0.856421052631579;0.8997014265177486;4068;225;682
545;electric_fan;4750;;0.9465263157894737;0.8571973307912297;0.9465263157894737;0.8996498249124562;4496;749;254
267;standard_poodle;4750;;0.867578947368421;0.9334088335220838;0.867578947368421;0.899290780141844;4121;294;629
441;beer_glass;4750;;0.9183157894736842;0.8810341345182792;0.9183157894736842;0.8992887331202969;4362;589;388
120;fiddler_crab;4750;;0.8475789473684211;0.9576593720266413;0.8475789473684211;0.8992628992628993;4026;178;724
933;cheeseburger;4750;;0.8383157894736842;0.9695641587533479;0.8383157894736842;0.8991757931579542;3982;125;768
324;cabbage_butterfly;4750;;0.8726315789473684;0.9272930648769575;0.8726315789473684;0.8991323210412148;4145;325;605
802;snowmobile;4750;;0.9496842105263158;0.8535477767265847;0.9496842105263158;0.8990533134030891;4511;774;239
389;barracouta;4750;;0.8256842105263158;0.9866666666666667;0.8256842105263158;0.899025787965616;3922;53;828
2;great_white_shark;4750;;0.8406315789473684;0.9654255319148937;0.8406315789473684;0.8987170830519919;3993;143;757
346;water_buffalo;4750;;0.8726315789473684;0.9262569832402234;0.8726315789473684;0.8986449864498646;4145;330;605
132;American_egret;4750;;0.9151578947368421;0.8824604141291108;0.9151578947368421;0.8985117817279868;4347;579;403
478;carton;4750;;0.8629473684210527;0.9371284865112025;0.8629473684210527;0.8985094256904866;4099;275;651
645;maypole;4750;;0.980421052631579;0.8289426842292631;0.980421052631579;0.8983410493827161;4657;961;93
968;cup;4750;;0.8663157894736843;0.9326835902085222;0.8663157894736843;0.8982754857018119;4115;297;635
72;black_and_gold_garden_spider;4750;;0.9315789473684211;0.8669670846394985;0.9315789473684211;0.8981124416480618;4425;679;325
460;breakwater;4750;;0.8581052631578947;0.9411221426922188;0.8581052631578947;0.8976984913555774;4076;255;674
942;butternut_squash;4750;;0.8261052631578948;0.9822277847309137;0.8261052631578948;0.8974271012006861;3924;71;826
228;komondor;4750;;0.9052631578947369;0.8897165321746328;0.9052631578947369;0.8974225190441406;4300;533;450
813;spatula;4750;;0.8701052631578947;0.9256438969764837;0.8701052631578947;0.8970157352143244;4133;332;617
956;custard_apple;4750;;0.8978947368421053;0.8956320873582528;0.8978947368421053;0.8967619848612279;4265;497;485
692;packet;4750;;0.8713684210526316;0.9230597680642284;0.8713684210526316;0.896469568984189;4139;345;611
981;ballplayer;4750;;0.9536842105263158;0.845464725643897;0.9536842105263158;0.8963197467352593;4530;828;220
347;bison;4750;;0.9014736842105263;0.8911550468262227;0.9014736842105263;0.8962846677132391;4282;523;468
912;worm_fence;4750;;0.936;0.8592964824120602;0.936;0.8960096735187425;4446;728;304
930;French_loaf;4750;;0.8269473684210527;0.9776007964161274;0.8269473684210527;0.8959854014598541;3928;90;822
993;gyromitra;4750;;0.8867368421052632;0.9054170249355116;0.8867368421052632;0.8959795788130185;4212;440;538
114;slug;4750;;0.8402105263157895;0.9596056744409713;0.8402105263157895;0.8959479178358962;3991;168;759
311;grasshopper;4750;;0.8202105263157895;0.9865788807292986;0.8202105263157895;0.8957351419703414;3896;53;854
309;bee;4750;;0.8930526315789473;0.8983481575603558;0.8930526315789473;0.8956925675675677;4242;480;508
57;garter_snake;4750;;0.8250526315789474;0.9792603698150925;0.8250526315789474;0.8955667276051188;3919;83;831
616;knot;4750;;0.9376842105263158;0.8570329035982297;0.9376842105263158;0.8955463958982608;4454;743;296
969;eggnog;4750;;0.8195789473684211;0.9868187579214195;0.8195789473684211;0.8954571592869465;3893;52;857
271;red_wolf;4750;;0.8911578947368421;0.8992989165073295;0.8911578947368421;0.8952098974304747;4233;474;517
203;West_Highland_white_terrier;4750;;0.8833684210526316;0.9072432432432432;0.8833684210526316;0.8951466666666666;4196;429;554
861;toilet_seat;4750;;0.8612631578947368;0.9314663023679417;0.8612631578947368;0.8949901553270618;4091;301;659
446;binder;4750;;0.8974736842105263;0.8922143156132273;0.8974736842105263;0.8948362720403024;4263;515;487
396;lionfish;4750;;0.8941052631578947;0.8954248366013072;0.8941052631578947;0.8947645633624777;4247;496;503
10;brambling;4750;;0.8703157894736843;0.9203027604630454;0.8703157894736843;0.8946115559402725;4134;358;616
197;giant_schnauzer;4750;;0.8614736842105263;0.9302114116844737;0.8614736842105263;0.894523991693081;4092;307;658
772;safety_pin;4750;;0.8738947368421053;0.9161333039064224;0.8738947368421053;0.8945156771899581;4151;380;599
975;lakeside;4750;;0.8747368421052631;0.9145938806955756;0.8747368421052631;0.8942214570106531;4155;388;595
703;park_bench;4750;;0.9109473684210526;0.8776876267748479;0.9109473684210526;0.89400826446281;4327;603;423
897;washer;4750;;0.8621052631578947;0.9283609158920879;0.8621052631578947;0.8940072044536622;4095;316;655
312;cricket;4750;;0.8141052631578948;0.9912842860804921;0.8141052631578948;0.8940006935614381;3867;34;883
749;quill;4750;;0.8717894736842106;0.916555998229305;0.8717894736842106;0.8936124298662064;4141;377;609
133;bittern;4750;;0.8288421052631579;0.9689884321929608;0.8288421052631579;0.893452853738795;3937;126;813
222;kuvasz;4750;;0.875578947368421;0.912061403508772;0.875578947368421;0.8934479054779806;4159;401;591
258;Samoyed;4750;;0.8770526315789474;0.9102031898623553;0.8770526315789474;0.8933204674600623;4166;411;584
970;alp;4750;;0.8322105263157895;0.9636762554851293;0.8322105263157895;0.8931314957071849;3953;149;797
803;snowplow;4750;;0.9153684210526316;0.871692060946271;0.9153684210526316;0.8929965085233107;4348;640;402
950;orange;4750;;0.8686315789473684;0.9183173825951481;0.8686315789473684;0.8927837282267662;4126;367;624
894;wardrobe;4750;;0.8743157894736842;0.911945542380325;0.8743157894736842;0.8927343078245914;4153;401;597
479;car_wheel;4750;;0.9303157894736842;0.8575587036677663;0.9303157894736842;0.8924568312632535;4419;734;331
149;dugong;4750;;0.8385263157894737;0.9528708133971292;0.8385263157894737;0.8920492721164615;3983;197;767
206;curly-coated_retriever;4750;;0.8677894736842106;0.9176313446126447;0.8677894736842106;0.8920147154295607;4122;370;628
282;tiger_cat;4750;;0.8332631578947368;0.9592825981580223;0.8332631578947368;0.8918431726002705;3958;168;792
344;hippopotamus;4750;;0.8292631578947368;0.9644955925563173;0.8292631578947368;0.8917817523205795;3939;145;811
415;bakery;4750;;0.8574736842105263;0.9282133090246126;0.8574736842105263;0.8914423287371416;4073;315;677
680;nipple;4750;;0.8581052631578947;0.9272065514103731;0.8581052631578947;0.8913186092280779;4076;320;674
922;menu;4750;;0.8728421052631579;0.9104084321475626;0.8728421052631579;0.8912295786758383;4146;408;604
71;scorpion;4750;;0.8322105263157895;0.9573746669895858;0.8322105263157895;0.8904155873409167;3953;176;797
998;ear;4750;;0.8623157894736843;0.9181797803183143;0.8623157894736843;0.8893714037563781;4096;365;654
730;plow;4750;;0.8949473684210526;0.8837837837837837;0.8949473684210526;0.8893305439330543;4251;559;499
947;mushroom;4750;;0.8132631578947368;0.9807057628839807;0.8132631578947368;0.8891702152146391;3863;76;887
934;hotdog;4750;;0.8147368421052632;0.9782608695652174;0.8147368421052632;0.8890420399724328;3870;86;880
102;echidna;4750;;0.8551578947368421;0.9257064721969006;0.8551578947368421;0.8890347997373604;4062;326;688
580;greenhouse;4750;;0.9149473684210526;0.8643595863166269;0.9149473684210526;0.8889343424013091;4346;682;404
272;coyote;4750;;0.8593684210526316;0.9204058624577227;0.8593684210526316;0.8888405008165488;4082;353;668
279;Arctic_fox;4750;;0.8661052631578947;0.9125998225377108;0.8661052631578947;0.8887448693022251;4114;394;636
370;guenon;4750;;0.8;0.9994739610731194;0.8;0.8886810102899907;3800;2;950
140;red-backed_sandpiper;4750;;0.8534736842105263;0.9268404206675812;0.8534736842105263;0.8886453309951775;4054;320;696
121;king_crab;4750;;0.844842105263158;0.9371788883699206;0.844842105263158;0.8886182462356067;4013;269;737
972;cliff;4750;;0.864;0.9146422999777134;0.864;0.8886001948684639;4104;383;646
980;volcano;4750;;0.8437894736842105;0.9379826819564708;0.8437894736842105;0.8883963205142413;4008;265;742
881;upright;4750;;0.9233684210526316;0.8558048780487805;0.9233684210526316;0.8883037974683544;4386;739;364
620;laptop;4750;;0.9054736842105263;0.8706477732793523;0.9054736842105263;0.8877192982456139;4301;639;449
276;hyena;4750;;0.8783157894736842;0.897011395398839;0.8783157894736842;0.8875651526433358;4172;479;578
876;tub;4750;;0.8429473684210527;0.9361702127659575;0.8429473684210527;0.8871164284923009;4004;273;746
356;weasel;4750;;0.8454736842105263;0.9328687572590012;0.8454736842105263;0.8870237437879624;4016;289;734
932;pretzel;4750;;0.8772631578947369;0.8955512572533849;0.8772631578947369;0.8863128788684462;4167;486;583
378;capuchin;4750;;0.8452631578947368;0.9313384365576433;0.8452631578947368;0.8862156494868115;4015;296;735
293;cheetah;4750;;0.9016842105263158;0.8712367778681855;0.9016842105263158;0.8861990482102213;4283;633;467
170;Irish_wolfhound;4750;;0.8515789473684211;0.9237268782827129;0.8515789473684211;0.886186876985431;4045;334;705
35;mud_turtle;4750;;0.8298947368421052;0.9494219653179191;0.8298947368421052;0.8856436755785216;3942;210;808
233;Bouvier_des_Flandres;4750;;0.8452631578947368;0.9289680703378066;0.8452631578947368;0.8851410934744268;4015;307;735
809;soup_bowl;4750;;0.8101052631578948;0.9751647237709072;0.8101052631578948;0.8850045998160073;3848;98;902
506;coil;4750;;0.9484210526315789;0.8294973301417787;0.9484210526315789;0.884981828896965;4505;926;245
798;slide_rule;4750;;0.8050526315789474;0.9815195071868583;0.8050526315789474;0.8845708998380755;3824;72;926
318;lacewing;4750;;0.8406315789473684;0.9325081737505838;0.8406315789473684;0.8841895482728077;3993;289;757
435;bathtub;4750;;0.8343157894736842;0.9402135231316726;0.8343157894736842;0.8841048522030117;3963;252;787
987;corn;4750;;0.864421052631579;0.9044052863436123;0.864421052631579;0.8839612486544671;4106;434;644
795;ski;4750;;0.9275789473684211;0.8442230312320368;0.9275789473684211;0.8839402146654628;4406;813;344
596;hatchet;4750;;0.8808421052631579;0.8868164476473082;0.8808421052631579;0.8838191803971271;4184;534;566
431;bassinet;4750;;0.8433684210526315;0.9279592309474172;0.8433684210526315;0.8836439836770706;4006;311;744
372;baboon;4750;;0.8355789473684211;0.9369688385269122;0.8355789473684211;0.8833741375472959;3969;267;781
385;Indian_elephant;4750;;0.8829473684210526;0.8833192923336142;0.8829473684210526;0.883133291219204;4194;554;556
402;acoustic_guitar;4750;;0.888421052631579;0.8778864156438527;0.888421052631579;0.8831223187192635;4220;587;530
567;frying_pan;4750;;0.8254736842105264;0.9491648511256354;0.8254736842105264;0.8830086701947979;3921;210;829
117;chambered_nautilus;4750;;0.9275789473684211;0.842286369718983;0.9275789473684211;0.8828774671876565;4406;825;344
202;soft-coated_wheaten_terrier;4750;;0.8549473684210527;0.9125842696629214;0.8549473684210527;0.8828260869565219;4061;389;689
320;damselfly;4750;;0.8757894736842106;0.8898395721925134;0.8757894736842106;0.8827586206896553;4160;515;590
285;Egyptian_cat;4750;;0.8311578947368421;0.9408960915157293;0.8311578947368421;0.8826291079812207;3948;248;802
750;quilt;4750;;0.8945263157894737;0.86998361998362;0.8945263157894737;0.8820842848245797;4249;635;501
797;sleeping_bag;4750;;0.888421052631579;0.8740679370339686;0.888421052631579;0.8811860513677178;4220;608;530
669;mosquito_net;4750;;0.8534736842105263;0.9106019766397125;0.8534736842105263;0.8811128015648771;4054;398;696
341;hog;4750;;0.8202105263157895;0.9514041514041514;0.8202105263157895;0.8809496890898812;3896;199;854
500;cliff_dwelling;4750;;0.8793684210526316;0.8821541710665258;0.8793684210526316;0.8807590933052187;4177;558;573
181;Bedlington_terrier;4750;;0.8833684210526316;0.8780079514542791;0.8833684210526316;0.8806800293839857;4196;583;554
962;meat_loaf;4750;;0.8138947368421052;0.9588293650793651;0.8138947368421052;0.880437258027784;3866;166;884
648;medicine_chest;4750;;0.8208421052631579;0.948431038676721;0.8208421052631579;0.880036113305496;3899;212;851
315;mantis;4750;;0.8067368421052632;0.9662128088754413;0.8067368421052632;0.8793024323083983;3832;134;918
824;stole;4750;;0.879578947368421;0.8788388725283971;0.879578947368421;0.8792087542087542;4178;576;572
887;vestment;4750;;0.9208421052631579;0.840992116900596;0.9208421052631579;0.8791076273741333;4374;827;376
28;spotted_salamander;4750;;0.8151578947368421;0.9532250123092073;0.8151578947368421;0.8788016341352702;3872;190;878
964;potpie;4750;;0.8197894736842105;0.9460641399416909;0.8197894736842105;0.8784119106699751;3894;222;856
327;starfish;4750;;0.9381052631578948;0.8253380255602889;0.9381052631578948;0.8781160705488226;4456;943;294
153;Maltese_dog;4750;;0.7957894736842105;0.9792746113989638;0.7957894736842105;0.8780487804878049;3780;80;970
940;spaghetti_squash;4750;;0.8044210526315789;0.9661188369152971;0.8044210526315789;0.8778862722573234;3821;134;929
936;head_cabbage;4750;;0.8654736842105263;0.8902122130792551;0.8654736842105263;0.877668659265585;4111;507;639
40;American_chameleon;4750;;0.8004210526315789;0.9696505993369039;0.8004210526315789;0.8769461423134586;3802;119;948
1;goldfish;4750;;0.8856842105263157;0.8683178534571724;0.8856842105263157;0.8769150599270453;4207;638;543
48;Komodo_dragon;4750;;0.8395789473684211;0.9172033118675254;0.8395789473684211;0.8766761925697957;3988;360;762
880;unicycle;4750;;0.9223157894736842;0.8352716873212583;0.9223157894736842;0.8766383191595798;4381;864;369
375;colobus;4750;;0.8762105263157894;0.8758417508417509;0.8762105263157894;0.8760260997684697;4162;590;588
453;bookcase;4750;;0.8654736842105263;0.886755823986195;0.8654736842105263;0.8759855103345408;4111;525;639
380;titi;4750;;0.8322105263157895;0.9244621141253508;0.8322105263157895;0.8759140261466875;3953;323;797
546;electric_guitar;4750;;0.8534736842105263;0.8986920860119707;0.8534736842105263;0.875499406111651;4054;457;696
673;mouse;4750;;0.8237894736842105;0.9341131534972548;0.8237894736842105;0.87548942834769;3913;276;837
336;marmot;4750;;0.8206315789473684;0.9381468110709988;0.8206315789473684;0.8754632229084783;3898;257;852
794;shower_curtain;4750;;0.8749473684210526;0.8755003159890458;0.8749473684210526;0.875223754869959;4156;591;594
644;matchstick;4750;;0.9242105263157895;0.8311245740249905;0.9242105263157895;0.8751993620414673;4390;892;360
223;schipperke;4750;;0.8618947368421053;0.8880694143167028;0.8618947368421053;0.8747863247863249;4094;516;656
29;axolotl;4750;;0.8273684210526315;0.9275430729289592;0.8273684210526315;0.8745966395905196;3930;307;820
438;beaker;4750;;0.8437894736842105;0.907608695652174;0.8437894736842105;0.8745363299149028;4008;408;742
760;refrigerator;4750;;0.8513684210526316;0.8986666666666666;0.8513684210526316;0.8743783783783784;4044;456;706
544;Dutch_oven;4750;;0.892;0.8564786739438043;0.892;0.8738785191296277;4237;710;513
333;hamster;4750;;0.8997894736842105;0.8485209450069486;0.8997894736842105;0.8734034944313885;4274;763;476
61;boa_constrictor;4750;;0.7865263157894736;0.9803201259511939;0.7865263157894736;0.872795234201612;3736;75;1014
377;marmoset;4750;;0.8267368421052631;0.9233482247825064;0.8267368421052631;0.8723758747084306;3927;326;823
297;sloth_bear;4750;;0.8983157894736842;0.8476360746920938;0.8983157894736842;0.8722403924775144;4267;767;483
343;warthog;4750;;0.8147368421052632;0.9384093113482056;0.8147368421052632;0.872210953346856;3870;254;880
54;hognose_snake;4750;;0.7804210526315789;0.9869542066027689;0.7804210526315789;0.8716200329179403;3707;49;1043
655;miniskirt;4750;;0.9065263157894737;0.8390491036632892;0.9065263157894737;0.8714835053632869;4306;826;444
514;cowboy_boot;4750;;0.8932631578947369;0.8506415396952687;0.8932631578947369;0.8714315054425962;4243;745;507
125;hermit_crab;4750;;0.8050526315789474;0.9495902657064813;0.8050526315789474;0.8713683490942236;3824;203;926
83;prairie_chicken;4750;;0.9162105263157895;0.8302174742464709;0.9162105263157895;0.8710968775020016;4352;890;398
462;broom;4750;;0.8964210526315789;0.8463526137944742;0.8964210526315789;0.8706676208976587;4258;773;492
390;eel;4750;;0.7787368421052632;0.984562150652116;0.7787368421052632;0.8696367697190549;3699;58;1051
961;dough;4750;;0.7970526315789473;0.9563020964890124;0.7970526315789473;0.8694454013089907;3786;173;964
690;oxcart;4750;;0.9204210526315789;0.8228872576698664;0.9204210526315789;0.8689257676637187;4372;941;378
27;eft;4750;;0.8141052631578948;0.9311341199133156;0.8141052631578948;0.8686959451870155;3867;286;883
812;space_shuttle;4750;;0.9023157894736842;0.8374364986322782;0.9023157894736842;0.8686663964329144;4286;832;464
252;affenpinscher;4750;;0.864421052631579;0.872874149659864;0.864421052631579;0.868627036175164;4106;598;644
928;ice_cream;4750;;0.8298947368421052;0.9103926096997691;0.8298947368421052;0.8682819383259913;3942;388;808
280;grey_fox;4750;;0.8850526315789473;0.8520470206728821;0.8850526315789473;0.8682362660057827;4204;730;546
419;Band_Aid;4750;;0.8974736842105263;0.8395037416305632;0.8974736842105263;0.8675213675213674;4263;815;487
221;Irish_water_spaniel;4750;;0.8896842105263157;0.846046046046046;0.8896842105263157;0.867316572601334;4226;769;524
715;pickelhaube;4750;;0.9092631578947369;0.8289827255278311;0.9092631578947369;0.8672690763052209;4319;891;431
394;sturgeon;4750;;0.791578947368421;0.958694543600204;0.791578947368421;0.8671586715867159;3760;162;990
115;sea_slug;4750;;0.8237894736842105;0.9131855309218203;0.8237894736842105;0.8661870503597123;3913;372;837
527;desktop_computer;4750;;0.7928421052631579;0.954384186517993;0.7928421052631579;0.8661453541858326;3766;180;984
416;balance_beam;4750;;0.9610526315789474;0.7880200241670983;0.9610526315789474;0.8659774257801386;4565;1228;185
124;crayfish;4750;;0.7732631578947369;0.9839271363514599;0.7732631578947369;0.8659672285747966;3673;60;1077
266;miniature_poodle;4750;;0.8197894736842105;0.917098445595855;0.8197894736842105;0.8657180969319698;3894;352;856
489;chainlink_fence;4750;;0.9585263157894737;0.788125324562922;0.9585263157894737;0.8650137741046833;4553;1224;197
917;comic_book;4750;;0.9029473684210526;0.8299148606811145;0.9029473684210526;0.8648921153458359;4289;879;461
454;bookshop;4750;;0.8821052631578947;0.8478348846620801;0.8821052631578947;0.864630623194387;4190;752;560
852;tennis_ball;4750;;0.9608421052631579;0.7851367624290384;0.9608421052631579;0.8641484426772698;4564;1249;186
860;tobacco_shop;4750;;0.9138947368421053;0.8190566037735849;0.9138947368421053;0.8638805970149255;4341;959;409
51;triceratops;4750;;0.888421052631579;0.8406374501992032;0.888421052631579;0.8638689866939612;4220;800;530
983;scuba_diver;4750;;0.8987368421052632;0.8313534566699123;0.8987368421052632;0.863732928679818;4269;866;481
41;whiptail;4750;;0.7829473684210526;0.9622250970245796;0.7829473684210526;0.8633778293673825;3719;146;1031
738;pot;4750;;0.9275789473684211;0.807107528851438;0.9275789473684211;0.8631599569007737;4406;1053;344
337;beaver;4750;;0.8522105263157894;0.8742980561555076;0.8522105263157894;0.8631130063965885;4048;582;702
397;puffer;4750;;0.763578947368421;0.9920678336980306;0.763578947368421;0.8629550321199143;3627;29;1123
101;tusker;4750;;0.8825263157894737;0.8432910883122108;0.8825263157894737;0.8624627095977779;4192;779;558
77;wolf_spider;4750;;0.8372631578947368;0.8881196962929879;0.8372631578947368;0.8619419159081056;3977;501;773
935;mashed_potato;4750;;0.8151578947368421;0.9140698772426817;0.8151578947368421;0.8617849988871579;3872;364;878
189;Lakeland_terrier;4750;;0.8168421052631579;0.9116541353383458;0.8168421052631579;0.8616477903619808;3880;376;870
379;howler_monkey;4750;;0.8452631578947368;0.8764461907880375;0.8452631578947368;0.860572285928625;4015;566;735
46;green_lizard;4750;;0.7661052631578947;0.9784888410863135;0.7661052631578947;0.8593694651080411;3639;80;1111
481;cassette;4750;;0.8709473684210526;0.8475722188076213;0.8709473684210526;0.8591008202678849;4137;744;613
74;garden_spider;4750;;0.7829473684210526;0.9509076962413705;0.7829473684210526;0.85879228726475;3719;192;1031
281;tabby;4750;;0.9269473684210526;0.7995278736153986;0.9269473684210526;0.8585356342010334;4403;1104;347
766;rotisserie;4750;;0.8842105263157894;0.8338296605122096;0.8842105263157894;0.8582813936855012;4200;837;550
381;spider_monkey;4750;;0.8261052631578948;0.8914129940935939;0.8261052631578948;0.8575174825174826;3924;478;826
700;paper_towel;4750;;0.8515789473684211;0.8630253893748666;0.8515789473684211;0.8572639610045566;4045;642;705
32;tailed_frog;4750;;0.8096842105263158;0.9105113636363636;0.8096842105263158;0.8571428571428571;3846;378;904
188;wire-haired_fox_terrier;4750;;0.871578947368421;0.8428338762214984;0.871578947368421;0.8569654315876629;4140;772;610
733;pole;4750;;0.9067368421052632;0.8115696250235538;0.9067368421052632;0.8565178482648901;4307;1000;443
529;diaper;4750;;0.9157894736842105;0.8042151968940654;0.9157894736842105;0.8563835023132197;4350;1059;400
70;harvestman;4750;;0.8551578947368421;0.8564199873497786;0.8551578947368421;0.8557884757189508;4062;681;688
79;centipede;4750;;0.8298947368421052;0.8828667413213885;0.8298947368421052;0.8555615843733044;3942;523;808
26;common_newt;4750;;0.8195789473684211;0.8947368421052632;0.8195789473684211;0.8555103834743435;3893;458;857
989;hip;4750;;0.9698947368421053;0.7649012120205877;0.9698947368421053;0.855286364058294;4607;1416;143
925;consomme;4750;;0.7848421052631579;0.9395161290322581;0.7848421052631579;0.8552420279880707;3728;240;1022
671;mountain_bike;4750;;0.9206315789473685;0.798284045271997;0.9206315789473685;0.8551036370746968;4373;1105;377
405;airship;4750;;0.8442105263157895;0.862736660929432;0.8442105263157895;0.8533730580974676;4010;638;740
978;seashore;4750;;0.8343157894736842;0.8727152609557366;0.8343157894736842;0.8530836293186955;3963;578;787
591;handkerchief;4750;;0.8888421052631579;0.8198058252427185;0.8888421052631579;0.852929292929293;4222;928;528
55;green_snake;4750;;0.7816842105263158;0.9376262626262626;0.7816842105263158;0.8525832376578645;3713;247;1037
298;mongoose;4750;;0.8048421052631579;0.9059241706161137;0.8048421052631579;0.852396878483835;3823;397;927
53;ringneck_snake;4750;;0.8353684210526315;0.8692223439211391;0.8353684210526315;0.851959205582394;3968;597;782
965;burrito;4750;;0.7618947368421053;0.9660971703150026;0.7618947368421053;0.8519303201506591;3619;127;1131
20;water_ouzel;4750;;0.8345263157894737;0.8700614574187884;0.8345263157894737;0.8519234902213626;3964;592;786
825;stone_wall;4750;;0.8938947368421053;0.8134099616858238;0.8938947368421053;0.8517552657973922;4246;974;504
785;seat_belt;4750;;0.9315789473684211;0.7833244822092406;0.9315789473684211;0.851043369554765;4425;1224;325
183;Kerry_blue_terrier;4750;;0.8867368421052632;0.818022917071276;0.8867368421052632;0.8509950500050509;4212;937;538
926;hot_pot;4750;;0.8153684210526316;0.8895268718419844;0.8153684210526316;0.8508347978910369;3873;481;877
33;loggerhead;4750;;0.8212631578947368;0.882579185520362;0.8212631578947368;0.8508178844056705;3901;519;849
696;paintbrush;4750;;0.9065263157894737;0.8012653516933383;0.9065263157894737;0.850651916238641;4306;1068;444
359;black-footed_ferret;4750;;0.8267368421052631;0.8759759089895159;0.8267368421052631;0.8506444275966641;3927;556;823
391;coho;4750;;0.7968421052631579;0.9120481927710843;0.7968421052631579;0.850561797752809;3785;365;965
782;screen;4750;;0.8004210526315789;0.9069656488549618;0.8004210526315789;0.8503690449563857;3802;390;948
424;barbershop;4750;;0.895578947368421;0.807977207977208;0.895578947368421;0.8495257114328506;4254;1011;496
106;wombat;4750;;0.7781052631578947;0.9335690831017934;0.7781052631578947;0.8487771271098864;3696;263;1054
839;suspension_bridge;4750;;0.8949473684210526;0.8064883323847467;0.8949473684210526;0.8484183215247979;4251;1020;499
739;potter's_wheel;4750;;0.8858947368421053;0.8134544751594819;0.8858947368421053;0.8481306056636098;4208;965;542
357;mink;4750;;0.7957894736842105;0.9047391096218286;0.7957894736842105;0.8467741935483871;3780;398;970
959;carbonara;4750;;0.7509473684210526;0.9706122448979592;0.7509473684210526;0.8467655786350149;3567;108;1183
3;tiger_shark;4750;;0.7578947368421053;0.9579563597658329;0.7578947368421053;0.846262341325811;3600;158;1150
43;frilled_lizard;4750;;0.743578947368421;0.9789356984478935;0.743578947368421;0.8451782723139506;3532;76;1218
885;velvet;4750;;0.923578947368421;0.7782508426467979;0.923578947368421;0.8447097333204967;4387;1250;363
45;Gila_monster;4750;;0.7618947368421053;0.947630269704111;0.7618947368421053;0.8446726572528884;3619;200;1131
967;espresso;4750;;0.9141052631578948;0.7848879248011569;0.9141052631578948;0.844582765998833;4342;1190;408
697;pajama;4750;;0.9193684210526316;0.7806578476939579;0.9193684210526316;0.8443542150038671;4367;1227;383
467;butcher_shop;4750;;0.9012631578947369;0.7938067865751901;0.9012631578947369;0.8441289559301983;4281;1112;469
44;alligator_lizard;4750;;0.7397894736842106;0.9823874755381604;0.7397894736842106;0.8440014410952322;3514;63;1236
499;cleaver;4750;;0.8370526315789474;0.8502994011976048;0.8370526315789474;0.843624018671759;3976;700;774
862;torch;4750;;0.9229473684210526;0.775654635527247;0.9229473684210526;0.8429148240722938;4384;1268;366
770;running_shoe;4750;;0.9263157894736842;0.7719298245614035;0.9263157894736842;0.8421052631578947;4400;1300;350
844;switch;4750;;0.9136842105263158;0.7807159561072136;0.9136842105263158;0.8419827335338054;4340;1219;410
488;chain;4750;;0.9124210526315789;0.7792161093131967;0.9124210526315789;0.8405740884406517;4334;1228;416
923;plate;4750;;0.7461052631578947;0.9601733947439718;0.7461052631578947;0.839710934723374;3544;147;1206
792;shovel;4750;;0.856;0.8224110032362459;0.856;0.8388694037548999;4066;878;684
799;sliding_door;4750;;0.879578947368421;0.8016116653875671;0.879578947368421;0.8387873920899417;4178;1034;572
104;wallaby;4750;;0.8153684210526316;0.8635451505016722;0.8153684210526316;0.8387655657823497;3873;612;877
516;cradle;4750;;0.875578947368421;0.8047600619195047;0.875578947368421;0.8386771526517444;4159;1009;591
664;monitor;4750;;0.8010526315789473;0.8799722479185939;0.8010526315789473;0.8386599074278156;3805;519;945
909;wok;4750;;0.8189473684210526;0.8587196467991169;0.8189473684210526;0.8383620689655172;3890;640;860
434;bath_towel;4750;;0.884421052631579;0.7967001706808269;0.884421052631579;0.8382719744587449;4201;1072;549
762;restaurant;4750;;0.8709473684210526;0.8069046225863078;0.8709473684210526;0.8377037562012757;4137;990;613
657;missile;4750;;0.8957894736842106;0.7850553505535055;0.8957894736842106;0.8367748279252705;4255;1165;495
469;caldron;4750;;0.8741052631578947;0.8003084040092521;0.8741052631578947;0.8355805997182532;4152;1036;598
475;car_mirror;4750;;0.9616842105263158;0.7347595303200901;0.9616842105263158;0.8330445883103857;4568;1649;182
81;ptarmigan;4750;;0.8305263157894737;0.8319274567692957;0.8305263157894737;0.8312262958280658;3945;797;805
332;Angora;4750;;0.8498947368421053;0.8132554391619662;0.8498947368421053;0.831171505044266;4037;927;713
62;rock_python;4750;;0.7170526315789474;0.9872463768115942;0.7170526315789474;0.8307317073170731;3406;44;1344
112;conch;4750;;0.8968421052631579;0.7727190277525848;0.8968421052631579;0.8301666179479684;4260;1253;490
364;three-toed_sloth;4750;;0.8103157894736842;0.8507957559681698;0.8103157894736842;0.8300625404356266;3849;675;901
296;ice_bear;4750;;0.8867368421052632;0.78014447119837;0.8867368421052632;0.8300325155187703;4212;1187;538
313;walking_stick;4750;;0.8309473684210527;0.8281577843054972;0.8309473684210527;0.8295502311895755;3947;819;803
353;gazelle;4750;;0.8677894736842106;0.7943727115051069;0.8677894736842106;0.829459704195593;4122;1067;628
60;night_snake;4750;;0.716;0.9832321480196589;0.716;0.8286027530758923;3401;58;1349
924;guacamole;4750;;0.8423157894736842;0.8133767025818256;0.8423157894736842;0.827593339538732;4001;918;749
443;bib;4750;;0.891578947368421;0.7714025500910747;0.891578947368421;0.8271484375000001;4235;1255;515
455;bottlecap;4750;;0.9111578947368421;0.7571728481455563;0.9111578947368421;0.8270590483470285;4328;1388;422
65;sea_snake;4750;;0.7928421052631579;0.863959623766919;0.7928421052631579;0.8268745197057855;3766;593;984
126;isopod;4750;;0.8181052631578948;0.8348012889366273;0.8181052631578948;0.8263689526847422;3886;769;864
123;spiny_lobster;4750;;0.7496842105263158;0.919442292796282;0.7496842105263158;0.8259306505856432;3561;312;1189
743;prison;4750;;0.9237894736842105;0.7465124191902007;0.9237894736842105;0.8257433195333083;4388;1490;362
577;gong;4750;;0.9635789473684211;0.7210144927536232;0.9635789473684211;0.8248333032978915;4577;1771;173
14;indigo_bunting;4750;;0.9456842105263158;0.7305252886648236;0.9456842105263158;0.8242958069547666;4492;1657;258
533;dishrag;4750;;0.8450526315789474;0.803281969181509;0.8450526315789474;0.8236380424746077;4014;983;736
64;green_mamba;4750;;0.7886315789473685;0.8607536764705882;0.7886315789473685;0.8231157987255547;3746;606;1004
34;leatherback_turtle;4750;;0.8006315789473685;0.8443605683836589;0.8006315789473685;0.8219148476334558;3803;701;947
395;gar;4750;;0.7837894736842105;0.8638051044083527;0.7837894736842105;0.8218543046357616;3723;587;1027
864;tow_truck;4750;;0.8985263157894737;0.7568717857776202;0.8985263157894737;0.821638271248436;4268;1371;482
674;mousetrap;4750;;0.8690526315789474;0.7790149084732968;0.8690526315789474;0.8215742859986068;4128;1171;622
369;siamang;4750;;0.8692631578947368;0.7783223374175307;0.8692631578947368;0.8212829438090502;4129;1176;621
603;horse_cart;4750;;0.9258947368421052;0.7366834170854272;0.9258947368421052;0.8205223880597016;4398;1572;352
751;racer;4750;;0.8991578947368422;0.7535285815102328;0.8991578947368422;0.8199270493376848;4271;1397;479
38;banded_gecko;4750;;0.8054736842105263;0.8348243508618809;0.8054736842105263;0.8198864245151612;3826;757;924
921;book_jacket;4750;;0.895578947368421;0.7554608417687799;0.895578947368421;0.8195742221365957;4254;1377;496
818;spotlight;4750;;0.883578947368421;0.7642024763292061;0.883578947368421;0.8195664909197423;4197;1295;553
67;diamondback;4750;;0.7191578947368421;0.9475728155339805;0.7191578947368421;0.8177139437462597;3416;189;1334
819;stage;4750;;0.9130526315789473;0.7402287079706434;0.9130526315789473;0.8176076915826185;4337;1522;413
681;notebook;4750;;0.8505263157894737;0.7846183724995145;0.8505263157894737;0.8162440650570765;4040;1109;710
509;confectionery;4750;;0.8475789473684211;0.7855609756097561;0.8475789473684211;0.8153924050632911;4026;1099;724
728;plastic_bag;4750;;0.8541052631578947;0.7798923490965013;0.8541052631578947;0.815313504823151;4057;1145;693
549;envelope;4750;;0.8427368421052631;0.7892350157728707;0.8427368421052631;0.8151089391162695;4003;1069;747
335;fox_squirrel;4750;;0.8473684210526315;0.783683800623053;0.8473684210526315;0.8142828241958325;4025;1111;725
52;thunder_snake;4750;;0.8227368421052632;0.80262887656603;0.8227368421052632;0.8125584780122674;3908;961;842
854;theater_curtain;4750;;0.9368421052631579;0.7157793147820493;0.9368421052631579;0.8115254855475519;4450;1767;300
265;toy_poodle;4750;;0.8271578947368421;0.7956662616443905;0.8271578947368421;0.8111065235342693;3929;1009;821
109;brain_coral;4750;;0.8343157894736842;0.7805790821351192;0.8343157894736842;0.8065533733591127;3963;1114;787
526;desk;4750;;0.9069473684210526;0.7250084146751935;0.9069473684210526;0.8058361391694725;4308;1634;442
352;impala;4750;;0.868421052631579;0.7510924981791697;0.868421052631579;0.8055067369654365;4125;1367;625
374;langur;4750;;0.8648421052631579;0.7533467815881166;0.8648421052631579;0.8052533568558267;4108;1345;642
971;bubble;4750;;0.919578947368421;0.7127937336814621;0.919578947368421;0.803088803088803;4368;1760;382
905;window_shade;4750;;0.8728421052631579;0.7389057209053644;0.8728421052631579;0.8003088504970562;4146;1465;604
116;chiton;4750;;0.8806315789473684;0.7249566724436741;0.8806315789473684;0.7952471482889734;4183;1587;567
66;horned_viper;4750;;0.7301052631578947;0.8629012192087584;0.7301052631578947;0.7909681833732466;3468;551;1282
582;grocery_store;4750;;0.8890526315789473;0.7092710782667114;0.8890526315789473;0.7890508221225708;4223;1731;527
850;teddy;4750;;0.9412631578947368;0.6780406430087959;0.9412631578947368;0.7882581100141043;4471;2123;279
958;hay;4750;;0.9058947368421053;0.6906902086677368;0.9058947368421053;0.7837887067395264;4303;1927;447
788;shoe_shop;4750;;0.8494736842105263;0.7267651296829971;0.8494736842105263;0.7833430401863716;4035;1517;715
5;electric_ray;4750;;0.8258947368421052;0.7425705091803899;0.8258947368421052;0.7820193361905712;3923;1360;827
701;parachute;4750;;0.9642105263157895;0.6563485239323589;0.9642105263157895;0.7810368349249659;4580;2398;170
119;rock_crab;4750;;0.7896842105263158;0.7705423171733772;0.7896842105263158;0.7799958411312122;3751;1117;999
539;doormat;4750;;0.8629473684210527;0.7085566119273985;0.8629473684210527;0.7781680113906028;4099;1686;651
334;porcupine;4750;;0.8423157894736842;0.7212907878132324;0.8423157894736842;0.7771195493833156;4001;1546;749
358;polecat;4750;;0.8901052631578947;0.6865865540759987;0.8901052631578947;0.7752108544187752;4228;1930;522
59;vine_snake;4750;;0.8048421052631579;0.744208682110181;0.8048421052631579;0.7733387276221301;3823;1314;927
49;African_crocodile;4750;;0.692;0.8497931747673216;0.692;0.7628220004641448;3287;581;1463
314;cockroach;4750;;0.832421052631579;0.6961267605633803;0.832421052631579;0.7581975071907957;3954;1726;796
110;flatworm;4750;;0.8492631578947368;0.6822256046000338;0.8492631578947368;0.7566350933133263;4034;1879;716
677;nail;4750;;0.8930526315789473;0.6561484918793503;0.8930526315789473;0.7564868479714667;4242;2223;508
598;home_theater;4750;;0.9021052631578947;0.6513147894816842;0.9021052631578947;0.7564657074763881;4285;2294;465
570;gasmask;4750;;0.9227368421052632;0.6401343654155105;0.9227368421052632;0.7558851427093214;4383;2464;367
319;dragonfly;4750;;0.8014736842105263;0.7142589118198874;0.8014736842105263;0.7553571428571428;3807;1523;943
305;dung_beetle;4750;;0.864421052631579;0.6694929072232186;0.864421052631579;0.7545713498116328;4106;2027;644
723;pinwheel;4750;;0.96;0.6155507559395248;0.96;0.7501233755551899;4560;2848;190
865;toyshop;4750;;0.8976842105263158;0.6426525998492841;0.8976842105263158;0.7490557751427317;4264;2371;486
916;web_site;4750;;0.9250526315789473;0.6265506915727934;0.9250526315789473;0.7470883278075321;4394;2619;356
476;carousel;4750;;0.9256842105263158;0.6216598331683868;0.9256842105263158;0.7438044489554259;4397;2676;353
76;tarantula;4750;;0.8753684210526316;0.6461538461538462;0.8753684210526316;0.7434957532409476;4158;2277;592
599;honeycomb;4750;;0.8654736842105263;0.6506805951250396;0.8654736842105263;0.7428623057462955;4111;2207;639
537;dogsled;4750;;0.9189473684210526;0.61994034938219;0.9189473684210526;0.7403952166906963;4365;2676;385
361;skunk;4750;;0.8568421052631578;0.6513042086733878;0.8568421052631578;0.7400672788435313;4070;2179;680
30;bullfrog;4750;;0.8572631578947368;0.6467598475222364;0.8572631578947368;0.737280463516205;4072;2224;678
741;prayer_rug;4750;;0.9366315789473684;0.6078699275857358;0.9366315789473684;0.7372607506835694;4449;2870;301
6;stingray;4750;;0.7913684210526316;0.689598238855256;0.7913684210526316;0.7369865699441231;3759;1692;991
73;barn_spider;4750;;0.8541052631578947;0.6441727532550016;0.8541052631578947;0.7344315713251266;4057;2241;693
4;hammerhead;4750;;0.8566315789473684;0.634294621979735;0.8566315789473684;0.7288849081952531;4069;2346;681
58;water_snake;4750;;0.7117894736842105;0.737565445026178;0.7117894736842105;0.7244482536961645;3381;1203;1369
633;loupe;4750;;0.8932631578947369;0.5999717194570136;0.8932631578947369;0.7178142446286583;4243;2829;507
103;platypus;4750;;0.8168421052631579;0.6190172303765157;0.8168421052631579;0.7043020511889636;3880;2388;870
999;toilet_tissue;4750;;0.8338947368421052;0.6078882750153468;0.8338947368421052;0.7031777028226524;3961;2555;789
329;sea_cucumber;4750;;0.828421052631579;0.603342532965348;0.828421052631579;0.6981902058197302;3935;2587;815
50;American_alligator;4750;;0.7810526315789473;0.6165863387069969;0.7810526315789473;0.6891427509984211;3710;2307;1040
108;sea_anemone;4750;;0.8823157894736842;0.5636852723604573;0.8823157894736842;0.6878949528108329;4191;3244;559
712;Petri_dish;4750;;0.8854736842105263;0.5486564049047743;0.8854736842105263;0.6775128865979382;4206;3460;544
107;jellyfish;4750;;0.8871578947368421;0.5414364640883977;0.8871578947368421;0.6724646932099257;4214;3569;536
815;spider_web;4750;;0.8391578947368421;0.5492627807634008;0.8391578947368421;0.6639460314816358;3986;3271;764
69;trilobite;4750;;0.8926315789473684;0.525532969757065;0.8926315789473684;0.6615696676548604;4240;3828;510
843;swing;4750;;0.9317894736842105;0.502897398022952;0.9317894736842105;0.6532359235480776;4426;4375;324
973;coral_reef;4750;;0.8667368421052631;0.5239246627640621;0.8667368421052631;0.6530774111675128;4117;3741;633
678;neck_brace;4750;;0.8968421052631579;0.5103630046723374;0.8968421052631579;0.6505306558753914;4260;4087;490
384;indri;4750;;0.9111578947368421;0.50267131242741;0.9111578947368421;0.6479041916167665;4328;4282;422
996;hen-of-the-woods;4750;;0.852421052631579;0.5138324873096447;0.852421052631579;0.6411718131433096;4049;3831;701
562;fountain;4750;;0.9332631578947368;0.4772311335988804;0.9332631578947368;0.6315264619987179;4433;4856;317
977;sandbar;4750;;0.8789473684210526;0.46163202122954444;0.8789473684210526;0.6053356531825431;4175;4869;575
84;peacock;4750;;0.9178947368421052;0.44745484400656815;0.9178947368421052;0.6016282599696426;4360;5384;390
879;umbrella;4750;;0.9263157894736842;0.44097013429545;0.9263157894736842;0.5975013579576317;4400;5578;350
310;ant;4750;;0.883578947368421;0.44137133242191606;0.883578947368421;0.5886808331580055;4197;5312;553
68;sidewinder;4750;;0.7246315789473684;0.474496829335539;0.7246315789473684;0.5734755081639453;3442;3812;1308
904;window_screen;4750;;0.9277894736842105;0.3804385359116022;0.9277894736842105;0.5396106281376271;4407;7177;343
974;geyser;4750;;0.8818947368421053;0.3745864258249128;0.8818947368421053;0.5258269001443545;4189;6994;561
552;feather_boa;4750;;0.9138947368421053;0.29942060973927437;0.9138947368421053;0.45105985037406476;4341;10157;409
611;jigsaw_puzzle;4750;;0.9044210526315789;0.2663525327050654;0.9044210526315789;0.4115139613966186;4296;11833;454
328;sea_urchin;4750;;0.9250526315789473;0.22388668093345562;0.9250526315789473;0.36051854282901213;4394;15232;356
111;nematode;4750;;0.9557894736842105;0.1457042908950865;0.9557894736842105;0.25286139964911303;4540;26619;210
