class_idx;class_label;support;base_accuracy;overall_accuracy;precision;recall;f1;tp;fp;fn
986;yellow_lady's_slipper;4750;;0.9052631578947369;0.9953703703703703;0.9052631578947369;0.948180815876516;4300;20;450
90;lorikeet;4750;;0.9103157894736842;0.9623859336746049;0.9103157894736842;0.9356269609434166;4324;169;426
685;odometer;4750;;0.8814736842105263;0.9789572129997662;0.8814736842105263;0.9276614600642518;4187;90;563
129;spoonbill;4750;;0.8648421052631579;0.9886883273164861;0.8648421052631579;0.9226277372262773;4108;47;642
321;admiral;4750;;0.8663157894736843;0.98562874251497;0.8663157894736843;0.9221288515406163;4115;60;635
100;black_swan;4750;;0.9033684210526316;0.9383336977913842;0.9033684210526316;0.9205191461975759;4291;282;459
995;earthstar;4750;;0.8901052631578947;0.9516092730137294;0.8901052631578947;0.9198303056673557;4228;215;522
11;goldfinch;4750;;0.8692631578947368;0.9754311363099457;0.8692631578947368;0.9192919959924302;4129;104;621
135;limpkin;4750;;0.8757894736842106;0.9672169262962101;0.8757894736842106;0.9192354435973925;4160;141;590
323;monarch;4750;;0.8816842105263157;0.9590107625372108;0.8816842105263157;0.9187232642316551;4188;179;562
340;zebra;4750;;0.8991578947368422;0.9349824868651488;0.8991578947368422;0.9167203262502683;4271;297;479
136;European_gallinule;4750;;0.8886315789473684;0.9426083072800358;0.8886315789473684;0.9148244473342002;4221;257;529
392;rock_beauty;4750;;0.8709473684210526;0.9569743233865371;0.8709473684210526;0.9119365149344207;4137;186;613
139;ruddy_turnstone;4750;;0.8953684210526316;0.9097326203208557;0.8953684210526316;0.9024933687002653;4253;422;497
14;indigo_bunting;4750;;0.8376842105263158;0.9776412776412776;0.8376842105263158;0.9022675736961451;3979;91;771
19;chickadee;4750;;0.8465263157894737;0.9610420650095602;0.8465263157894737;0.9001567047235282;4021;163;729
24;great_grey_owl;4750;;0.8261052631578948;0.9834586466165414;0.8261052631578948;0.8979405034324944;3924;66;826
387;lesser_panda;4750;;0.8623157894736843;0.9330296127562643;0.8623157894736843;0.8962800875273523;4096;294;654
92;bee_eater;4750;;0.860421052631579;0.9297088262056415;0.860421052631579;0.8937240323638749;4087;309;663
576;gondola;4750;;0.8553684210526316;0.9350978135788263;0.8553684210526316;0.8934579439252337;4063;282;687
339;sorrel;4750;;0.8711578947368421;0.9126599029554477;0.8711578947368421;0.8914261094355881;4138;396;612
88;macaw;4750;;0.879578947368421;0.9008193186718413;0.879578947368421;0.890072432893055;4178;460;572
97;drake;4750;;0.8627368421052631;0.9165734734958623;0.8627368421052631;0.8888406897299642;4098;373;652
15;robin;4750;;0.828421052631579;0.9527845036319612;0.828421052631579;0.8862612612612614;3935;195;815
95;jacamar;4750;;0.8846315789473684;0.8864978902953586;0.8846315789473684;0.8855637513171759;4202;538;548
625;lifeboat;4750;;0.8376842105263158;0.9384433962264151;0.8376842105263158;0.8852057842046719;3979;261;771
351;hartebeest;4750;;0.804;0.9822530864197531;0.804;0.8842324612178746;3819;69;931
376;proboscis_monkey;4750;;0.8103157894736842;0.9700100806451613;0.8103157894736842;0.8830006882312458;3849;119;901
607;jack-o'-lantern;4750;;0.8370526315789474;0.9339910735259572;0.8370526315789474;0.8828688797601866;3976;281;774
900;water_tower;4750;;0.856;0.9098232266726337;0.856;0.8820913331163901;4066;403;684
145;king_penguin;4750;;0.8077894736842105;0.9713924050632912;0.8077894736842105;0.8820689655172413;3837;113;913
130;flamingo;4750;;0.8292631578947368;0.9389749702026222;0.8292631578947368;0.8807154835103409;3939;256;811
993;gyromitra;4750;;0.8111578947368421;0.9630092476880779;0.8111578947368421;0.8805850759913152;3853;148;897
9;ostrich;4750;;0.871578947368421;0.8836712913553896;0.871578947368421;0.8775834658187599;4140;545;610
388;giant_panda;4750;;0.8322105263157895;0.9253277153558053;0.8322105263157895;0.8763023719796055;3953;319;797
984;rapeseed;4750;;0.7848421052631579;0.9899097185342538;0.7848421052631579;0.8755284170972287;3728;38;1022
439;bearskin;4750;;0.8286315789473684;0.927208480565371;0.8286315789473684;0.8751528627015008;3936;309;814
22;bald_eagle;4750;;0.9065263157894737;0.8451422963689892;0.9065263157894737;0.8747587607922802;4306;789;444
91;coucal;4750;;0.8094736842105263;0.9500864838151717;0.8094736842105263;0.8741616460156872;3845;202;905
0;tench;4750;;0.7793684210526316;0.9906341985549907;0.7793684210526316;0.8723930717568045;3702;35;1048
96;toucan;4750;;0.8164210526315789;0.9342327150084317;0.8164210526315789;0.871362768228289;3878;273;872
746;puck;4750;;0.8336842105263158;0.9099264705882353;0.8336842105263158;0.8701384311140409;3960;392;790
98;red-breasted_merganser;4750;;0.8225263157894737;0.9229860618946374;0.8225263157894737;0.869865301124346;3907;326;843
645;maypole;4750;;0.8654736842105263;0.8737513283740701;0.8654736842105263;0.8695928080380751;4111;594;639
13;junco;4750;;0.8014736842105263;0.9489032901296112;0.8014736842105263;0.8689796850034239;3807;205;943
985;daisy;4750;;0.8913684210526316;0.8457850579304834;0.8913684210526316;0.8679786797867978;4234;772;516
94;hummingbird;4750;;0.8250526315789474;0.9147992530345471;0.8250526315789474;0.8676112464024796;3919;365;831
255;Leonberg;4750;;0.8463157894736842;0.8897742363877822;0.8463157894736842;0.8675010789814415;4020;498;730
326;lycaenid;4750;;0.8288421052631579;0.9065162330186507;0.8288421052631579;0.8659408336082702;3937;406;813
127;white_stork;4750;;0.7825263157894737;0.9609617373319544;0.7825263157894737;0.862613135298213;3717;151;1033
25;European_fire_salamander;4750;;0.8309473684210527;0.8927844379099751;0.8309473684210527;0.8607567331806782;3947;474;803
430;basketball;4750;;0.7991578947368421;0.9267578125;0.7991578947368421;0.8582410128871806;3796;300;954
80;black_grouse;4750;;0.8035789473684211;0.9175480769230769;0.8035789473684211;0.8567901234567902;3817;343;933
800;slot;4750;;0.8216842105263158;0.8892686261107313;0.8216842105263158;0.8541415909836962;3903;486;847
768;rugby_ball;4750;;0.7776842105263158;0.9462090163934426;0.7776842105263158;0.8537092673908019;3694;210;1056
783;screw;4750;;0.8423157894736842;0.8645203111495247;0.8423157894736842;0.8532736191085519;4001;627;749
890;volleyball;4750;;0.8170526315789474;0.8917738970588235;0.8170526315789474;0.8527796088771699;3881;471;869
102;echidna;4750;;0.7745263157894737;0.9464882943143813;0.7745263157894737;0.8519161745976613;3679;208;1071
915;yurt;4750;;0.8061052631578948;0.901789919924635;0.8061052631578948;0.8512672298799466;3829;417;921
84;peacock;4750;;0.8105263157894737;0.8961824953445066;0.8105263157894737;0.8512049524651779;3850;446;900
466;bullet_train;4750;;0.7498947368421053;0.9796479647964796;0.7498947368421053;0.8495110899117576;3562;74;1188
142;dowitcher;4750;;0.7869473684210526;0.9227351271291039;0.7869473684210526;0.8494489262583799;3738;313;1012
535;disk_brake;4750;;0.7705263157894737;0.9457364341085271;0.7705263157894737;0.8491879350348027;3660;210;1090
688;oscilloscope;4750;;0.8;0.9047619047619048;0.8;0.8491620111731844;3800;400;950
779;school_bus;4750;;0.8307368421052631;0.8666813090270151;0.8307368421052631;0.8483284961840266;3946;607;804
143;oystercatcher;4750;;0.844;0.8515293118096856;0.844;0.8477479382533304;4009;699;741
17;jay;4750;;0.880421052631579;0.8164779383053494;0.880421052631579;0.8472447325769854;4182;940;568
85;quail;4750;;0.7734736842105263;0.9348600508905852;0.7734736842105263;0.8465437788018433;3674;256;1076
137;American_coot;4750;;0.7606315789473684;0.9543053354463814;0.7606315789473684;0.8465323336457358;3613;173;1137
604;hourglass;4750;;0.867578947368421;0.8256862352234021;0.867578947368421;0.8461143619751564;4121;870;629
990;buckeye;4750;;0.7852631578947369;0.9144398136798235;0.7852631578947369;0.8449428021293466;3730;349;1020
12;house_finch;4750;;0.8269473684210527;0.8612146459109844;0.8269473684210527;0.8437332187734937;3928;633;822
141;redshank;4750;;0.860421052631579;0.82665857605178;0.860421052631579;0.8432019806065607;4087;857;663
324;cabbage_butterfly;4750;;0.796;0.8957592987443733;0.796;0.8429383569278787;3781;440;969
333;hamster;4750;;0.7812631578947369;0.9138143314454568;0.7812631578947369;0.8423561457269323;3711;350;1039
763;revolver;4750;;0.8503157894736842;0.8341594382486576;0.8503157894736842;0.8421601334445371;4039;803;711
873;triumphal_arch;4750;;0.7562105263157894;0.9495109701295268;0.7562105263157894;0.8419078870268369;3592;191;1158
528;dial_telephone;4750;;0.7616842105263157;0.9394962347442223;0.7616842105263157;0.841297523543774;3618;233;1132
347;bison;4750;;0.8183157894736842;0.8609080841638981;0.8183157894736842;0.8390717754991905;3887;628;863
396;lionfish;4750;;0.8341052631578947;0.8426201616333475;0.8341052631578947;0.8383410918324165;3962;740;788
989;hip;4750;;0.8063157894736842;0.8696639418710264;0.8063157894736842;0.8367926589469086;3830;574;920
955;jackfruit;4750;;0.748421052631579;0.9439723844928306;0.748421052631579;0.8348990136214186;3555;211;1195
407;ambulance;4750;;0.8195789473684211;0.8501856300502293;0.8195789473684211;0.8346017793975774;3893;686;857
475;car_mirror;4750;;0.8130526315789474;0.8572697003329633;0.8130526315789474;0.8345759049162615;3862;643;888
874;trolleybus;4750;;0.8151578947368421;0.8549348642084346;0.8151578947368421;0.8345726910227395;3872;657;878
829;streetcar;4750;;0.7951578947368421;0.8773519163763066;0.7951578947368421;0.8342352291551628;3777;528;973
325;sulphur_butterfly;4750;;0.7797894736842105;0.8933912204534491;0.7797894736842105;0.8327338129496402;3704;442;1046
594;harp;4750;;0.8153684210526316;0.8502744237102086;0.8153684210526316;0.8324556689951639;3873;682;877
18;magpie;4750;;0.8275789473684211;0.8372736954206603;0.8275789473684211;0.8323980942297513;3931;764;819
355;llama;4750;;0.7646315789473684;0.9114178168130489;0.7646315789473684;0.8315970234688037;3632;353;1118
426;barometer;4750;;0.7505263157894737;0.9320261437908497;0.7505263157894737;0.8314868804664723;3565;260;1185
354;Arabian_camel;4750;;0.7871578947368421;0.8791441335527863;0.7871578947368421;0.8306120182161502;3739;514;1011
284;Siamese_cat;4750;;0.8164210526315789;0.8437771975630983;0.8164210526315789;0.8298737427776589;3878;718;872
16;bulbul;4750;;0.7793684210526316;0.8873441994247363;0.7793684210526316;0.8298587760591796;3702;470;1048
565;freight_car;4750;;0.7151578947368421;0.9852088167053364;0.7151578947368421;0.8287387167601854;3397;51;1353
927;trifle;4750;;0.7313684210526316;0.9549202858713579;0.7313684210526316;0.8283261802575108;3474;164;1276
945;bell_pepper;4750;;0.7412631578947368;0.9381827871036504;0.7412631578947368;0.8281782900152886;3521;232;1229
727;planetarium;4750;;0.7751578947368422;0.8857349049795525;0.7751578947368422;0.8267654653643203;3682;475;1068
863;totem_pole;4750;;0.7406315789473684;0.9341476367498672;0.7406315789473684;0.8262094880225458;3518;248;1232
146;albatross;4750;;0.7267368421052631;0.9564976447769465;0.7267368421052631;0.8259361167603779;3452;157;1298
701;parachute;4750;;0.8090526315789474;0.8425783819337864;0.8090526315789474;0.8254752443346579;3843;718;907
275;African_hunting_dog;4750;;0.9096842105263158;0.754759825327511;0.9096842105263158;0.8250119331742244;4321;1404;429
946;cardoon;4750;;0.8913684210526316;0.7643979057591623;0.8913684210526316;0.8230148702497813;4234;1305;516
953;pineapple;4750;;0.7326315789473684;0.9375;0.7326315789473684;0.8225005908768613;3480;232;1270
606;iron;4750;;0.728;0.9448087431693989;0.728;0.8223543400713437;3458;202;1292
317;leafhopper;4750;;0.7414736842105263;0.9229559748427673;0.7414736842105263;0.8223208031753444;3522;294;1228
23;vulture;4750;;0.7945263157894736;0.8517264725795531;0.7945263157894736;0.8221326652870058;3774;657;976
365;orangutan;4750;;0.8071578947368421;0.8374836173001311;0.8071578947368421;0.8220411663807891;3834;744;916
417;balloon;4750;;0.7633684210526316;0.8902528848514608;0.7633684210526316;0.8219426498923268;3626;447;1124
554;fireboat;4750;;0.7783157894736842;0.8707018370230806;0.7783157894736842;0.8219208537127611;3697;549;1053
420;banjo;4750;;0.7545263157894737;0.8926525529265256;0.7545263157894737;0.8177980604677696;3584;431;1166
244;Tibetan_mastiff;4750;;0.7793684210526316;0.8597306084533209;0.7793684210526316;0.8175795053003533;3702;604;1048
131;little_blue_heron;4750;;0.7726315789473684;0.8674072323327818;0.7726315789473684;0.8172809264001782;3670;561;1080
547;electric_locomotive;4750;;0.7536842105263157;0.890325789604576;0.7536842105263157;0.8163265306122448;3580;441;1170
251;dalmatian;4750;;0.8054736842105263;0.8274221453287197;0.8054736842105263;0.8163004053765734;3826;798;924
247;Saint_Bernard;4750;;0.7517894736842106;0.8920809392955283;0.7517894736842106;0.8159488175482691;3571;432;1179
991;coral_fungus;4750;;0.764;0.8753014954172696;0.764;0.8158723021582734;3629;517;1121
138;bustard;4750;;0.8202105263157895;0.8114976046656946;0.8202105263157895;0.8158308030572715;3896;905;854
87;African_grey;4750;;0.6985263157894737;0.9799173065564087;0.6985263157894737;0.8156342182890854;3318;68;1432
216;clumber;4750;;0.7507368421052631;0.8921691268451338;0.7507368421052631;0.8153652680919172;3566;431;1184
886;vending_machine;4750;;0.7981052631578948;0.8326378212167801;0.7981052631578948;0.8150059120713748;3791;762;959
952;fig;4750;;0.7309473684210527;0.9199788023317436;0.7309473684210527;0.8146410136086345;3472;302;1278
350;ibex;4750;;0.7821052631578947;0.8497255260750228;0.7821052631578947;0.8145143608857707;3715;657;1035
496;Christmas_stocking;4750;;0.7791578947368422;0.8523721787194841;0.7791578947368422;0.8141223053233612;3701;641;1049
389;barracouta;4750;;0.8252631578947368;0.8031141159598443;0.8252631578947368;0.8140380022842902;3920;961;830
140;red-backed_sandpiper;4750;;0.7216842105263158;0.9267369559340363;0.7216842105263158;0.8114569771570601;3428;271;1322
726;plane;4750;;0.7269473684210527;0.9159151193633952;0.7269473684210527;0.8105633802816902;3453;317;1297
694;paddlewheel;4750;;0.7856842105263158;0.836958959407939;0.7856842105263158;0.8105114561841676;3732;727;1018
714;pick;4750;;0.7271578947368421;0.9142403388035998;0.7271578947368421;0.8100375234521577;3454;324;1296
646;maze;4750;;0.783157894736842;0.8378378378378378;0.783157894736842;0.8095756256800871;3720;720;1030
755;radio_telescope;4750;;0.7858947368421053;0.8343763969602146;0.7858947368421053;0.809410234171726;3733;741;1017
291;lion;4750;;0.8421052631578947;0.7789678675754625;0.8421052631578947;0.8093070308548306;4000;1135;750
316;cicada;4750;;0.7098947368421052;0.9387527839643652;0.7098947368421052;0.8084392232078639;3372;220;1378
89;sulphur-crested_cockatoo;4750;;0.7370526315789474;0.8935681470137825;0.7370526315789474;0.807798800184587;3501;417;1249
148;killer_whale;4750;;0.8633684210526316;0.7587419056429232;0.8633684210526316;0.8076809453471196;4101;1304;649
472;canoe;4750;;0.7501052631578947;0.8737126042177538;0.7501052631578947;0.8072043497961033;3563;515;1187
20;water_ouzel;4750;;0.6953684210526315;0.9540727902946274;0.6953684210526315;0.8044325377496346;3303;159;1447
956;custard_apple;4750;;0.7534736842105263;0.860957421217224;0.7534736842105263;0.8036375884136072;3579;578;1171
322;ringlet;4750;;0.8010526315789473;0.8046098540917742;0.8010526315789473;0.8028273024580652;3805;924;945
933;cheeseburger;4750;;0.7292631578947368;0.8927835051546392;0.7292631578947368;0.8027809965237545;3464;416;1286
308;fly;4750;;0.78;0.8253508576520383;0.78;0.8020348522567378;3705;784;1045
320;damselfly;4750;;0.7903157894736842;0.8137871233470626;0.7903157894736842;0.8018797393997651;3754;859;996
486;cello;4750;;0.7482105263157894;0.8594921402660217;0.7482105263157894;0.7999999999999999;3554;581;1196
306;rhinoceros_beetle;4750;;0.7711578947368422;0.8300475866757308;0.7711578947368422;0.7995198079231693;3663;750;1087
560;football_helmet;4750;;0.8492631578947368;0.7544417430334767;0.8492631578947368;0.7990492225413489;4034;1313;716
10;brambling;4750;;0.7541052631578947;0.8486140724946695;0.7541052631578947;0.798573180247464;3582;639;1168
937;broccoli;4750;;0.7532631578947369;0.8490745135263408;0.7532631578947369;0.7983043284248103;3578;636;1172
21;kite;4750;;0.7187368421052631;0.894185437401781;0.7187368421052631;0.7969187675070027;3414;404;1336
375;colobus;4750;;0.7473684210526316;0.8507069254732806;0.7473684210526316;0.7956965146251261;3550;623;1200
133;bittern;4750;;0.7427368421052631;0.856102887648629;0.7427368421052631;0.7954007439972945;3528;593;1222
307;weevil;4750;;0.7547368421052632;0.8401687368174361;0.7547368421052632;0.7951646889209271;3585;682;1165
661;Model_T;4750;;0.8242105263157895;0.7658450704225352;0.8242105263157895;0.7939566010951126;3915;1197;835
7;cock;4750;;0.7661052631578947;0.8238623500113199;0.7661052631578947;0.7939347660085088;3639;778;1111
672;mountain_tent;4750;;0.7221052631578947;0.8815214597789771;0.7221052631578947;0.7938895961115611;3430;461;1320
132;American_egret;4750;;0.8082105263157895;0.7787018255578093;0.8082105263157895;0.7931818181818182;3839;1091;911
561;forklift;4750;;0.7747368421052632;0.8120035304501324;0.7747368421052632;0.79293255763844;3680;852;1070
393;anemone_fish;4750;;0.7568421052631579;0.8317908375751967;0.7568421052631579;0.7925485008818343;3595;727;1155
404;airliner;4750;;0.8543157894736843;0.737684057444101;0.8543157894736843;0.7917276363281631;4058;1443;692
812;space_shuttle;4750;;0.7505263157894737;0.8374442095372328;0.7505263157894737;0.791606528255801;3565;692;1185
569;garbage_truck;4750;;0.7105263157894737;0.8907363420427553;0.7105263157894737;0.7904906897763204;3375;414;1375
83;prairie_chicken;4750;;0.7936842105263158;0.7870563674321504;0.7936842105263158;0.7903563941299792;3770;1020;980
429;baseball;4750;;0.716421052631579;0.880237972064149;0.716421052631579;0.7899257195914577;3403;463;1347
391;coho;4750;;0.7216842105263158;0.871377732587697;0.7216842105263158;0.7894979272224781;3428;506;1322
948;Granny_Smith;4750;;0.7738947368421053;0.8056103440718825;0.7738947368421053;0.7894341243423172;3676;887;1074
573;go-kart;4750;;0.7736842105263158;0.8050383351588171;0.7736842105263158;0.789049919484702;3675;890;1075
816;spindle;4750;;0.7646315789473684;0.8108952891270372;0.7646315789473684;0.7870841911366345;3632;847;1118
780;schooner;4750;;0.7724210526315789;0.8000436109899695;0.7724210526315789;0.7859897172236504;3669;917;1081
757;recreational_vehicle;4750;;0.7568421052631579;0.8161180476730987;0.7568421052631579;0.7853631895139268;3595;810;1155
938;cauliflower;4750;;0.7050526315789474;0.8813157894736842;0.7050526315789474;0.7833918128654971;3349;451;1401
128;black_stork;4750;;0.7568421052631579;0.8113292710449108;0.7568421052631579;0.783139091602222;3595;836;1155
178;Weimaraner;4750;;0.7591578947368421;0.8085201793721973;0.7591578947368421;0.7830618892508144;3606;854;1144
105;koala;4750;;0.6751578947368421;0.9279513888888888;0.6751578947368421;0.7816232025347307;3207;249;1543
144;pelican;4750;;0.7909473684210526;0.7722507708119218;0.7909473684210526;0.7814872594903797;3757;1108;993
1;goldfish;4750;;0.6795789473684211;0.918872758326217;0.6795789473684211;0.7813142926297955;3228;285;1522
522;croquet_ball;4750;;0.7591578947368421;0.8038341506910388;0.7591578947368421;0.7808575140753573;3606;880;1144
687;organ;4750;;0.7376842105263158;0.8293491124260355;0.7376842105263158;0.7808356545961003;3504;721;1246
722;ping-pong_ball;4750;;0.676;0.9234972677595629;0.676;0.7806004618937645;3211;266;1539
736;pool_table;4750;;0.736421052631579;0.8277330809275911;0.736421052631579;0.7794117647058822;3498;728;1252
832;stupa;4750;;0.752421052631579;0.8075011296882061;0.752421052631579;0.7789886660854404;3574;852;1176
416;balance_beam;4750;;0.7669473684210526;0.7910966340933767;0.7669473684210526;0.7788348476750401;3643;962;1107
384;indri;4750;;0.671578947368421;0.9251740139211136;0.671578947368421;0.7782385947792145;3190;258;1560
566;French_horn;4750;;0.6917894736842105;0.8866702644360497;0.6917894736842105;0.7771996215704825;3286;420;1464
545;electric_fan;4750;;0.7313684210526316;0.8285237300262343;0.7313684210526316;0.776920496477692;3474;719;1276
949;strawberry;4750;;0.74;0.8164924506387921;0.74;0.7763666482606295;3515;790;1235
301;ladybug;4750;;0.8446315789473684;0.7165565279514199;0.8446315789473684;0.7753406126195768;4012;1587;738
959;carbonara;4750;;0.716;0.8451789264413518;0.716;0.7752450421700477;3401;623;1349
260;chow;4750;;0.7633684210526316;0.7868923611111112;0.7633684210526316;0.7749519128018808;3626;982;1124
318;lacewing;4750;;0.6884210526315789;0.8845009467135515;0.6884210526315789;0.7742393749260092;3270;427;1480
309;bee;4750;;0.747578947368421;0.8013992326788535;0.747578947368421;0.7735540790763533;3551;880;1199
75;black_widow;4750;;0.6671578947368421;0.9172214182344428;0.6671578947368421;0.7724558196221816;3169;286;1581
766;rotisserie;4750;;0.6808421052631579;0.8921379310344828;0.6808421052631579;0.7722985074626866;3234;391;1516
364;three-toed_sloth;4750;;0.6795789473684211;0.893687707641196;0.6795789473684211;0.7720640994977278;3228;384;1522
362;badger;4750;;0.8343157894736842;0.7184554024655547;0.8343157894736842;0.7720631209818819;3963;1553;787
612;jinrikisha;4750;;0.8463157894736842;0.7083700440528634;0.8463157894736842;0.7712230215827338;4020;1655;730
286;cougar;4750;;0.6791578947368421;0.8918993641139066;0.6791578947368421;0.7711246563881917;3226;391;1524
957;pomegranate;4750;;0.6707368421052632;0.9056281978396816;0.6707368421052632;0.7706821480406386;3186;332;1564
274;dhole;4750;;0.7322105263157894;0.8126168224299065;0.7322105263157894;0.7703211517165004;3478;802;1272
944;artichoke;4750;;0.7265263157894737;0.8185483870967742;0.7265263157894737;0.7697970109301807;3451;765;1299
292;tiger;4750;;0.8654736842105263;0.690460194827007;0.8654736842105263;0.7681240657698055;4111;1843;639
289;snow_leopard;4750;;0.7551578947368421;0.7814814814814814;0.7551578947368421;0.7680942184154175;3587;1003;1163
76;tarantula;4750;;0.7227368421052631;0.8185503099666189;0.7227368421052631;0.7676654740608228;3433;761;1317
629;lipstick;4750;;0.6648421052631579;0.9061692969870875;0.6648421052631579;0.7669702489374619;3158;327;1592
821;steel_arch_bridge;4750;;0.8429473684210527;0.7034434293745608;0.8429473684210527;0.7669028921662517;4004;1688;746
93;hornbill;4750;;0.8128421052631579;0.7253428517753147;0.8128421052631579;0.7666037923160924;3861;1462;889
363;armadillo;4750;;0.7787368421052632;0.7545899632802937;0.7787368421052632;0.7664732697886448;3699;1203;1051
261;keeshond;4750;;0.6968421052631579;0.8508997429305912;0.6968421052631579;0.7662037037037036;3310;580;1440
936;head_cabbage;4750;;0.6671578947368421;0.8987521270561543;0.6671578947368421;0.765828902851619;3169;357;1581
31;tree_frog;4750;;0.763578947368421;0.7676190476190476;0.763578947368421;0.7655936675461742;3627;1098;1123
147;grey_whale;4750;;0.7581052631578947;0.7730785744954917;0.7581052631578947;0.7655187074829931;3601;1057;1149
820;steam_locomotive;4750;;0.7858947368421053;0.7458541458541459;0.7858947368421053;0.765351101998975;3733;1272;1017
99;goose;4750;;0.7115789473684211;0.8264058679706602;0.7115789473684211;0.7647058823529412;3380;710;1370
642;marimba;4750;;0.6924210526315789;0.8529564315352697;0.6924210526315789;0.7643504531722055;3289;567;1461
111;nematode;4750;;0.7286315789473684;0.8032025992109538;0.7286315789473684;0.7641019980130257;3461;848;1289
160;Afghan_hound;4750;;0.7437894736842106;0.7838917239849124;0.7437894736842106;0.7633142486766771;3533;974;1217
934;hotdog;4750;;0.6846315789473684;0.861228813559322;0.6846315789473684;0.7628430682617874;3252;524;1498
8;hen;4750;;0.6844210526315789;0.8614202437731849;0.6844210526315789;0.7627874237447207;3251;523;1499
72;black_and_gold_garden_spider;4750;;0.8315789473684211;0.7043509272467903;0.8315789473684211;0.7626955010619811;3950;1658;800
149;dugong;4750;;0.7448421052631579;0.7806707855251545;0.7448421052631579;0.762335703512174;3538;994;1212
654;minibus;4750;;0.7547368421052632;0.7694784288473921;0.7547368421052632;0.7620363481772771;3585;1074;1165
918;crossword_puzzle;4750;;0.6522105263157895;0.9149438865918488;0.6522105263157895;0.7615535889872174;3098;288;1652
941;acorn_squash;4750;;0.6751578947368421;0.873128233052001;0.6751578947368421;0.7614864062685504;3207;466;1543
122;American_lobster;4750;;0.7109473684210527;0.8188651794374394;0.7109473684210527;0.7610998422357449;3377;747;1373
583;guillotine;4750;;0.7197894736842105;0.8071293673276676;0.7197894736842105;0.7609614956599154;3419;817;1331
56;king_snake;4750;;0.6686315789473685;0.8819772285476256;0.6686315789473685;0.7606274697641002;3176;425;1574
218;Welsh_springer_spaniel;4750;;0.7216842105263158;0.8039399624765479;0.7216842105263158;0.7605946305746617;3428;836;1322
771;safe;4750;;0.6863157894736842;0.851619644723093;0.6863157894736842;0.7600839356493355;3260;568;1490
822;steel_drum;4750;;0.6673684210526316;0.8798223702470164;0.6673684210526316;0.7590087393750747;3170;433;1580
574;golf_ball;4750;;0.712;0.8121998078770413;0.712;0.7588063719991025;3382;782;1368
451;bolo_tie;4750;;0.7334736842105263;0.7848614552827213;0.7334736842105263;0.758297964958102;3484;955;1266
338;guinea_pig;4750;;0.6915789473684211;0.8390804597701149;0.6915789473684211;0.7582227351413734;3285;630;1465
398;abacus;4750;;0.7042105263157895;0.821060382916053;0.7042105263157895;0.7581595648232093;3345;729;1405
704;parking_meter;4750;;0.6463157894736842;0.915324985092427;0.6463157894736842;0.7576505429417572;3070;284;1680
344;hippopotamus;4750;;0.7012631578947368;0.8236894164193868;0.7012631578947368;0.7575619740732317;3331;713;1419
872;tripod;4750;;0.6783157894736842;0.8571428571428571;0.6783157894736842;0.7573157832882829;3222;537;1528
720;pill_bottle;4750;;0.671578947368421;0.8677910772578891;0.671578947368421;0.7571801566579635;3190;486;1560
471;cannon;4750;;0.728;0.7885974914481186;0.728;0.757088122605364;3458;927;1292
253;basenji;4750;;0.7012631578947368;0.8200393894633186;0.7012631578947368;0.7560145256468452;3331;731;1419
70;harvestman;4750;;0.6471578947368422;0.9086609518179131;0.6471578947368422;0.755932620189352;3074;309;1676
795;ski;4750;;0.7376842105263158;0.7750497677504977;0.7376842105263158;0.7559055118110236;3504;1017;1246
225;malinois;4750;;0.6713684210526316;0.863759479956663;0.6713684210526316;0.7555081734186212;3189;503;1561
603;horse_cart;4750;;0.7109473684210527;0.8048141086749285;0.7109473684210527;0.7549742901855577;3377;819;1373
684;ocarina;4750;;0.7781052631578947;0.7311572700296736;0.7781052631578947;0.7539010708822029;3696;1359;1054
331;hare;4750;;0.6949473684210526;0.8229867863375717;0.6949473684210526;0.7535669444127383;3301;710;1449
555;fire_engine;4750;;0.7768421052631579;0.7312722948870393;0.7768421052631579;0.7533687219273173;3690;1356;1060
117;chambered_nautilus;4750;;0.8336842105263158;0.6867845993756504;0.8336842105263158;0.7531380753138076;3960;1806;790
963;pizza;4750;;0.724;0.7835497835497836;0.724;0.7525987525987526;3439;950;1311
537;dogsled;4750;;0.8637894736842106;0.6662877557648588;0.8637894736842106;0.7522918958562523;4103;2055;647
432;bassoon;4750;;0.6709473684210526;0.8560300832661832;0.6709473684210526;0.7522719225775993;3187;536;1563
732;Polaroid_camera;4750;;0.6334736842105263;0.9247080516287646;0.6334736842105263;0.7518740629685158;3009;245;1741
156;Blenheim_spaniel;4750;;0.8014736842105263;0.7077523703290575;0.8014736842105263;0.7517030309013722;3807;1572;943
695;padlock;4750;;0.7511578947368421;0.7517909818794775;0.7511578947368421;0.751474304970514;3568;1178;1182
723;pinwheel;4750;;0.7423157894736843;0.7600776029316663;0.7423157894736843;0.7510917030567686;3526;1113;1224
981;ballplayer;4750;;0.7286315789473684;0.7727171243581157;0.7286315789473684;0.7500270885253005;3461;1018;1289
169;borzoi;4750;;0.7048421052631579;0.8003825005976571;0.7048421052631579;0.7495802082167246;3348;835;1402
512;corkscrew;4750;;0.7492631578947369;0.7491054514838982;0.7492631578947369;0.7491842963898537;3559;1192;1191
448;birdhouse;4750;;0.6932631578947368;0.8146956952003959;0.6932631578947368;0.7490900818926297;3293;749;1457
563;fountain_pen;4750;;0.7762105263157895;0.7235086342229199;0.7762105263157895;0.748933577087142;3687;1409;1063
425;barn;4750;;0.8092631578947368;0.696881798404641;0.8092631578947368;0.7488797973894409;3844;1672;906
615;knee_pad;4750;;0.6570526315789473;0.8703290574456218;0.6570526315789473;0.7488003838771593;3121;465;1629
781;scoreboard;4750;;0.7315789473684211;0.7655871337298965;0.7315789473684211;0.7481967919044031;3475;1064;1275
71;scorpion;4750;;0.7258947368421053;0.7717099373321397;0.7258947368421053;0.7481015404643091;3448;1020;1302
614;kimono;4750;;0.7328421052631579;0.7622071381650974;0.7328421052631579;0.7472362348395407;3481;1086;1269
994;stinkhorn;4750;;0.7170526315789474;0.7797619047619048;0.7170526315789474;0.7470936608905462;3406;962;1344
716;picket_fence;4750;;0.716;0.7805829699334405;0.716;0.7468979905567146;3401;956;1349
628;liner;4750;;0.76;0.7338890018296401;0.76;0.7467163098562415;3610;1309;1140
450;bobsled;4750;;0.7031578947368421;0.7954274827339843;0.7031578947368421;0.746452117555034;3340;859;1410
621;lawn_mower;4750;;0.736;0.7560553633217993;0.736;0.7458928952421591;3496;1128;1254
113;snail;4750;;0.7006315789473684;0.7965533748204883;0.7006315789473684;0.7455197132616488;3328;850;1422
707;pay-phone;4750;;0.6669473684210526;0.8425531914893617;0.6669473684210526;0.7445358401880141;3168;592;1582
78;tick;4750;;0.7450526315789474;0.7439562749632121;0.7450526315789474;0.7445040496476281;3539;1218;1211
849;teapot;4750;;0.8021052631578948;0.6943685073810826;0.8021052631578948;0.74435869883755;3810;1677;940
914;yawl;4750;;0.655157894736842;0.8610957387935805;0.655157894736842;0.7441415590626493;3112;502;1638
27;eft;4750;;0.6593684210526316;0.8527089572556493;0.6593684210526316;0.7436780244568445;3132;541;1618
988;acorn;4750;;0.7328421052631579;0.7544429995665366;0.7328421052631579;0.7434856898761212;3481;1133;1269
397;puffer;4750;;0.6751578947368421;0.82633341922185;0.6751578947368421;0.7431352102884948;3207;674;1543
29;axolotl;4750;;0.6888421052631579;0.804920049200492;0.6888421052631579;0.7423709585933068;3272;793;1478
441;beer_glass;4750;;0.6690526315789473;0.8330275229357799;0.6690526315789473;0.7420899007589026;3178;637;1572
540;drilling_platform;4750;;0.7947368421052632;0.6954679439941046;0.7947368421052632;0.7417960306543525;3775;1653;975
293;cheetah;4750;;0.8395789473684211;0.664113238967527;0.8395789473684211;0.7416085541608556;3988;2017;762
217;English_springer;4750;;0.7818947368421053;0.7047438330170778;0.7818947368421053;0.7413173652694611;3714;1556;1036
796;ski_mask;4750;;0.7545263157894737;0.7271251775207953;0.7545263157894737;0.7405723731790474;3584;1345;1166
336;marmot;4750;;0.7071578947368421;0.7766473988439306;0.7071578947368421;0.7402754820936638;3359;966;1391
491;chain_saw;4750;;0.6997894736842105;0.7852586817859674;0.6997894736842105;0.7400645664032061;3324;909;1426
901;whiskey_jug;4750;;0.6703157894736842;0.8250842187095102;0.6703157894736842;0.7396910210245092;3184;675;1566
268;Mexican_hairless;4750;;0.7461052631578947;0.7311739220136166;0.7461052631578947;0.7385641346254038;3544;1303;1206
734;police_van;4750;;0.6985263157894737;0.7823626503183212;0.6985263157894737;0.7380714047380714;3318;923;1432
571;gas_pump;4750;;0.6570526315789473;0.8407866379310345;0.6570526315789473;0.7376506735996219;3121;591;1629
670;motor_scooter;4750;;0.7694736842105263;0.7083333333333334;0.7694736842105263;0.7376387487386479;3655;1505;1095
383;Madagascar_cat;4750;;0.804;0.6813559322033899;0.804;0.7376146788990827;3819;1786;931
330;wood_rabbit;4750;;0.8124210526315789;0.6753587679383969;0.8124210526315789;0.7375764525993884;3859;1855;891
294;brown_bear;4750;;0.8414736842105263;0.65621408635692;0.8414736842105263;0.7373858500138363;3997;2094;753
711;perfume;4750;;0.6496842105263158;0.850372003306696;0.6496842105263158;0.7366034132951426;3086;543;1664
627;limousine;4750;;0.6732631578947369;0.8129130655821047;0.6732631578947369;0.7365269461077845;3198;736;1552
518;crash_helmet;4750;;0.8094736842105263;0.6755094869992972;0.8094736842105263;0.7364489561386708;3845;1847;905
713;photocopier;4750;;0.6688421052631579;0.8192367199587416;0.6688421052631579;0.7364394993045896;3177;701;1573
958;hay;4750;;0.6614736842105263;0.830338266384778;0.6614736842105263;0.7363487227560347;3142;642;1608
57;garter_snake;4750;;0.8442105263157895;0.6523507401984708;0.8442105263157895;0.7359823804716895;4010;2137;740
300;tiger_beetle;4750;;0.8437894736842105;0.6525561706284598;0.8437894736842105;0.7359529930224018;4008;2134;742
805;soccer_ball;4750;;0.8437894736842105;0.6524499430245808;0.8437894736842105;0.7358854310107408;4008;2135;742
770;running_shoe;4750;;0.6795789473684211;0.7996036660886797;0.6795789473684211;0.7347217480368726;3228;809;1522
290;jaguar;4750;;0.6288421052631579;0.880082498526812;0.6288421052631579;0.7335461689587426;2987;407;1763
739;potter's_wheel;4750;;0.7492631578947369;0.7169621273166801;0.7492631578947369;0.7327568457895821;3559;1405;1191
752;racket;4750;;0.6917894736842105;0.7786729857819905;0.6917894736842105;0.732664437012263;3286;934;1464
853;thatch;4750;;0.639578947368421;0.8555336524922557;0.639578947368421;0.7319600048186966;3038;513;1712
802;snowmobile;4750;;0.7962105263157895;0.6769285842133524;0.7962105263157895;0.7317403501983167;3782;1805;968
951;lemon;4750;;0.6366315789473684;0.8600682593856656;0.6366315789473684;0.7316719090249213;3024;492;1726
69;trilobite;4750;;0.6452631578947369;0.8436553812276356;0.6452631578947369;0.7312417988786831;3065;568;1685
299;meerkat;4750;;0.7981052631578948;0.6746752091119417;0.7981052631578948;0.7312180538142541;3791;1828;959
379;howler_monkey;4750;;0.6387368421052632;0.8510518934081347;0.6387368421052632;0.7297654840649429;3034;531;1716
761;remote_control;4750;;0.6391578947368421;0.8499440089585666;0.6391578947368421;0.7296322999279019;3036;536;1714
190;Sealyham_terrier;4750;;0.6886315789473684;0.7749348495617152;0.6886315789473684;0.7292386578976703;3271;950;1479
801;snorkel;4750;;0.6835789473684211;0.7812800769971127;0.6835789473684211;0.7291713451605659;3247;909;1503
637;mailbox;4750;;0.6183157894736843;0.8881161173268823;0.6183157894736843;0.7290554797070871;2937;370;1813
613;joystick;4750;;0.6894736842105263;0.7733175914994097;0.6894736842105263;0.7289927657206456;3275;960;1475
924;guacamole;4750;;0.6153684210526316;0.8936105166615714;0.6153684210526316;0.7288368033910982;2923;348;1827
494;chime;4750;;0.708421052631579;0.7494432071269488;0.708421052631579;0.7283549783549782;3365;1125;1385
458;brass;4750;;0.6271578947368421;0.8654851830331203;0.6271578947368421;0.727294921875;2979;463;1771
346;water_buffalo;4750;;0.732;0.7215189873417721;0.732;0.7267217055073675;3477;1342;1273
110;flatworm;4750;;0.6122105263157894;0.8922982509972384;0.6122105263157894;0.7261830440754152;2908;351;1842
635;magnetic_compass;4750;;0.6858947368421052;0.7705771050141911;0.6858947368421052;0.7257741145021162;3258;970;1492
548;entertainment_center;4750;;0.6863157894736842;0.7699574870099197;0.6863157894736842;0.7257346393588602;3260;974;1490
276;hyena;4750;;0.7774736842105263;0.6801104972375691;0.7774736842105263;0.7255402750491159;3693;1737;1057
888;viaduct;4750;;0.7414736842105263;0.7102238354506957;0.7414736842105263;0.7255124111648985;3522;1437;1228
423;barber_chair;4750;;0.62;0.8723341232227488;0.62;0.7248338666010338;2945;431;1805
79;centipede;4750;;0.7101052631578947;0.74017994294492;0.7101052631578947;0.7248307725368003;3373;1184;1377
51;triceratops;4750;;0.6812631578947368;0.7743479301268246;0.6812631578947368;0.7248292081980064;3236;943;1514
150;sea_lion;4750;;0.6471578947368422;0.8228051391862955;0.6471578947368422;0.7244873909969363;3074;662;1676
120;fiddler_crab;4750;;0.6473684210526316;0.8224124097352233;0.6473684210526316;0.7244669572387795;3075;664;1675
444;bicycle-built-for-two;4750;;0.7551578947368421;0.6960993595963516;0.7551578947368421;0.7244269413309098;3587;1566;1163
476;carousel;4750;;0.8191578947368421;0.6491491491491491;0.8191578947368421;0.7243112434847356;3891;2103;859
86;partridge;4750;;0.7741052631578947;0.680421909696521;0.7741052631578947;0.7242466023242072;3677;1727;1073
81;ptarmigan;4750;;0.6103157894736843;0.8900828983727357;0.6103157894736843;0.7241163981516173;2899;358;1851
116;chiton;4750;;0.6393684210526316;0.8334248079034029;0.6393684210526316;0.7236121038837265;3037;607;1713
2;great_white_shark;4750;;0.7877894736842105;0.6677373304782298;0.7877894736842105;0.7228124396368553;3742;1862;1008
630;Loafer;4750;;0.5995789473684211;0.9075844486934354;0.5995789473684211;0.7221095334685599;2848;290;1902
974;geyser;4750;;0.6741052631578948;0.7773731488225297;0.6741052631578948;0.722065621828842;3202;917;1548
366;gorilla;4750;;0.7389473684210527;0.7055276381909548;0.7389473684210527;0.7218508997429305;3510;1465;1240
641;maraca;4750;;0.7957894736842105;0.6601466992665037;0.7957894736842105;0.7216494845360826;3780;1946;970
343;warthog;4750;;0.6686315789473685;0.7834237789837197;0.6686315789473685;0.7214902317128578;3176;878;1574
855;thimble;4750;;0.6389473684210526;0.8283296943231441;0.6389473684210526;0.7214166864749227;3035;629;1715
668;mosque;4750;;0.8058947368421052;0.6527967257844475;0.8058947368421052;0.7213114754098361;3828;2036;922
37;box_turtle;4750;;0.7174736842105263;0.7247979583156103;0.7174736842105263;0.7211172238679643;3408;1294;1342
916;web_site;4750;;0.7178947368421053;0.7223045964837959;0.7178947368421053;0.7200929152148665;3410;1311;1340
510;container_ship;4750;;0.6802105263157895;0.76113074204947;0.6802105263157895;0.7183991106170095;3231;1014;1519
640;manhole_cover;4750;;0.5911578947368421;0.9149560117302052;0.5911578947368421;0.7182504156541758;2808;261;1942
577;gong;4750;;0.7871578947368421;0.6599011648429227;0.7871578947368421;0.7179339477726574;3739;1927;1011
609;jeep;4750;;0.6873684210526316;0.7505747126436781;0.6873684210526316;0.7175824175824176;3265;1085;1485
564;four-poster;4750;;0.716421052631579;0.7177810588483442;0.716421052631579;0.7171004109156043;3403;1338;1347
840;swab;4750;;0.6334736842105263;0.8257409440175631;0.6334736842105263;0.7169406719085061;3009;635;1741
919;street_sign;4750;;0.648;0.8013538141109087;0.648;0.7165638458852287;3078;763;1672
352;impala;4750;;0.7964210526315789;0.6507827283674522;0.7964210526315789;0.7162737858562908;3783;2030;967
440;beer_bottle;4750;;0.7307368421052631;0.7022051385798098;0.7307368421052631;0.7161869390281645;3471;1472;1279
467;butcher_shop;4750;;0.6252631578947369;0.8375634517766497;0.6252631578947369;0.7160077145612344;2970;576;1780
786;sewing_machine;4750;;0.6170526315789474;0.8522826403024135;0.6170526315789474;0.7158383196971547;2931;508;1819
671;mountain_bike;4750;;0.7821052631578947;0.6598579040852576;0.7821052631578947;0.7157996146435454;3715;1915;1035
337;beaver;4750;;0.596;0.894188250157928;0.596;0.7152602324406266;2831;335;1919
288;leopard;4750;;0.6753684210526316;0.759469696969697;0.6753684210526316;0.7149543124582127;3208;1016;1542
616;knot;4750;;0.7155789473684211;0.7137757244855103;0.7155789473684211;0.7146761984861227;3399;1363;1351
954;banana;4750;;0.6848421052631579;0.7469575200918485;0.6848421052631579;0.714552443712246;3253;1102;1497
686;oil_filter;4750;;0.6766315789473685;0.7565913370998116;0.6766315789473685;0.7143809735496777;3214;1034;1536
659;mixing_bowl;4750;;0.655578947368421;0.7835933568193256;0.655578947368421;0.7138927097661624;3114;860;1636
833;submarine;4750;;0.6437894736842106;0.7992681651855724;0.6437894736842106;0.713152985074627;3058;768;1692
332;Angora;4750;;0.672;0.7596382674916706;0.672;0.7131367292225201;3192;1010;1558
789;shoji;4750;;0.6658947368421053;0.7675321523901966;0.6658947368421053;0.7131101341449667;3163;958;1587
195;Boston_bull;4750;;0.7778947368421053;0.6578244614562934;0.7778947368421053;0.7128388154721712;3695;1922;1055
880;unicycle;4750;;0.7130526315789474;0.7114051669817265;0.7130526315789474;0.712227946588161;3387;1374;1363
592;hard_disc;4750;;0.5943157894736842;0.8880150990877634;0.5943157894736842;0.7120696178584941;2823;356;1927
737;pop_bottle;4750;;0.6589473684210526;0.7739861523244312;0.6589473684210526;0.7118489879463271;3130;914;1620
349;bighorn;4750;;0.8138947368421052;0.6314929761515844;0.8138947368421052;0.7111846946284033;3866;2256;884
400;academic_gown;4750;;0.6882105263157895;0.7352676563202879;0.6882105263157895;0.7109612875163114;3269;1177;1481
902;whistle;4750;;0.772;0.6585847701149425;0.772;0.7107966660205466;3667;1901;1083
881;upright;4750;;0.712421052631579;0.7091366303436715;0.712421052631579;0.7107750472589792;3384;1388;1366
674;mousetrap;4750;;0.6669473684210526;0.7602591792656588;0.6669473684210526;0.7105528765279802;3168;999;1582
53;ringneck_snake;4750;;0.6517894736842105;0.7788679245283019;0.6517894736842105;0.7096848137535817;3096;879;1654
678;neck_brace;4750;;0.6170526315789474;0.8333807222064259;0.6170526315789474;0.7090843111164873;2931;586;1819
724;pirate;4750;;0.7126315789473684;0.7046211490424646;0.7126315789473684;0.7086037261879841;3385;1419;1365
39;common_iguana;4750;;0.6863157894736842;0.7320907253536941;0.6863157894736842;0.7084646310985548;3260;1193;1490
258;Samoyed;4750;;0.7393684210526316;0.6794350938285936;0.7393684210526316;0.7081359007964513;3512;1657;1238
214;Gordon_setter;4750;;0.6397894736842106;0.7924380704041721;0.6397894736842106;0.7079790331974374;3039;796;1711
303;long-horned_beetle;4750;;0.6694736842105263;0.7498231549162934;0.6694736842105263;0.707374040707374;3180;1061;1570
335;fox_squirrel;4750;;0.6844210526315789;0.7318775326429536;0.6844210526315789;0.7073542210617928;3251;1191;1499
871;trimaran;4750;;0.7094736842105264;0.7050209205020921;0.7094736842105264;0.7072402938090241;3370;1410;1380
48;Komodo_dragon;4750;;0.6501052631578947;0.7751004016064257;0.6501052631578947;0.7071215937714677;3088;896;1662
511;convertible;4750;;0.6913684210526316;0.7233480176211454;0.6913684210526316;0.7069967707212055;3284;1256;1466
758;reel;4750;;0.6037894736842105;0.8485207100591716;0.6037894736842105;0.7055350553505536;2868;512;1882
950;orange;4750;;0.6210526315789474;0.8162700608743774;0.6210526315789474;0.705404112864658;2950;664;1800
738;pot;4750;;0.7025263157894737;0.7072912250953794;0.7025263157894737;0.704900718208703;3337;1381;1413
756;rain_barrel;4750;;0.6368421052631579;0.7861226611226612;0.6368421052631579;0.7036520120958362;3025;823;1725
759;reflex_camera;4750;;0.6730526315789473;0.7368057156026734;0.6730526315789473;0.703487732423809;3197;1142;1553
595;harvester;4750;;0.6724210526315789;0.7369635440701431;0.6724210526315789;0.7032144429766622;3194;1140;1556
213;Irish_setter;4750;;0.6469473684210526;0.7699824605362064;0.6469473684210526;0.7031232124470885;3073;918;1677
228;komondor;4750;;0.696;0.7100515463917526;0.696;0.702955560280672;3306;1350;1444
719;piggy_bank;4750;;0.7265263157894737;0.6804022082018928;0.7265263157894737;0.7027082060680107;3451;1621;1299
940;spaghetti_squash;4750;;0.5968421052631578;0.8541729436577282;0.5968421052631578;0.7026893047465609;2835;484;1915
682;obelisk;4750;;0.6305263157894737;0.7906546990496304;0.6305263157894737;0.7015694542047318;2995;793;1755
877;turnstile;4750;;0.5922105263157895;0.8597188264058679;0.5922105263157895;0.7013213662428323;2813;459;1937
495;china_cabinet;4750;;0.6225263157894737;0.8020070518036344;0.6225263157894737;0.7009600568922603;2957;730;1793
28;spotted_salamander;4750;;0.7505263157894737;0.6573852111377466;0.7505263157894737;0.7008748648382974;3565;1858;1185
932;pretzel;4750;;0.664;0.741594168822008;0.664;0.7006553371098522;3154;1099;1596
403;aircraft_carrier;4750;;0.6673684210526316;0.7368665736866574;0.6673684210526316;0.7003977021652674;3170;1132;1580
521;Crock_Pot;4750;;0.5945263157894737;0.8518853695324283;0.5945263157894737;0.7003099814011159;2824;491;1926
500;cliff_dwelling;4750;;0.564;0.9222030981067125;0.564;0.6999346832135858;2679;226;2071
939;zucchini;4750;;0.6463157894736842;0.7631121053939846;0.6463157894736842;0.6998746152969337;3070;953;1680
245;French_bulldog;4750;;0.6016842105263158;0.8320232896652111;0.6016842105263158;0.6983506414172267;2858;577;1892
831;studio_couch;4750;;0.6614736842105263;0.7394681101435632;0.6614736842105263;0.6982998110901211;3142;1107;1608
302;ground_beetle;4750;;0.6227368421052631;0.7917558886509636;0.6227368421052631;0.697148244166863;2958;778;1792
399;abaya;4750;;0.6806315789473685;0.7128996692392503;0.6806315789473685;0.6963920301561659;3233;1302;1517
551;face_powder;4750;;0.6690526315789473;0.7257364695135876;0.6690526315789473;0.6962427429072187;3178;1201;1572
360;otter;4750;;0.7709473684210526;0.6343322362723021;0.7709473684210526;0.6959992397605245;3662;2111;1088
305;dung_beetle;4750;;0.6326315789473684;0.7720966084275437;0.6326315789473684;0.6954408701689424;3005;887;1745
593;harmonica;4750;;0.6642105263157895;0.7296484736355227;0.6642105263157895;0.6953934317831165;3155;1169;1595
942;butternut_squash;4750;;0.5875789473684211;0.8506552880219446;0.5875789473684211;0.6950566554600921;2791;490;1959
109;brain_coral;4750;;0.6690526315789473;0.7203082502266546;0.6690526315789473;0.6937349923597468;3178;1234;1572
690;oxcart;4750;;0.752;0.643255897712948;0.752;0.6933902746772784;3572;1981;1178
38;banded_gecko;4750;;0.6941052631578948;0.6922107915179508;0.6941052631578948;0.6931567328918323;3297;1466;1453
157;papillon;4750;;0.7256842105263158;0.6633949191685913;0.7256842105263158;0.693142972049065;3447;1749;1303
544;Dutch_oven;4750;;0.6265263157894737;0.7756059421422987;0.6265263157894737;0.6931407942238268;2976;861;1774
507;combination_lock;4750;;0.66;0.7285614687427376;0.66;0.692588092345079;3135;1168;1615
422;barbell;4750;;0.651578947368421;0.7390162368672397;0.651578947368421;0.6925486686059521;3095;1093;1655
667;mortarboard;4750;;0.6298947368421053;0.7689539964019533;0.6298947368421053;0.692512440689735;2992;899;1758
296;ice_bear;4750;;0.7071578947368421;0.6780379491320145;0.7071578947368421;0.6922918384171477;3359;1595;1391
82;ruffed_grouse;4750;;0.7671578947368421;0.6303407714928213;0.7671578947368421;0.6920520368436045;3644;2137;1106
605;iPod;4750;;0.6427368421052632;0.7488349276428746;0.6427368421052632;0.6917412484422794;3053;1024;1697
715;pickelhaube;4750;;0.6829473684210526;0.7003454231433506;0.6829473684210526;0.691536985717331;3244;1388;1506
239;Bernese_mountain_dog;4750;;0.8197894736842105;0.597972972972973;0.8197894736842105;0.6915290356952585;3894;2618;856
361;skunk;4750;;0.7724210526315789;0.6258955987717503;0.7724210526315789;0.6914813418771203;3669;2193;1081
925;consomme;4750;;0.6282105263157894;0.7657172183731075;0.6282105263157894;0.6901815658609922;2984;913;1766
929;ice_lolly;4750;;0.5917894736842105;0.8238569753810082;0.5917894736842105;0.6888017642734624;2811;601;1939
43;frilled_lizard;4750;;0.6566315789473685;0.7236658932714617;0.6566315789473685;0.6885209713024283;3119;1191;1631
608;jean;4750;;0.576;0.8520710059171598;0.576;0.6873508353221958;2736;475;2014
283;Persian_cat;4750;;0.7469473684210526;0.6365267312522426;0.7469473684210526;0.6873304920573422;3548;2026;1202
693;paddle;4750;;0.7298947368421053;0.6481585343054777;0.7298947368421053;0.6866026339241508;3467;1882;1283
658;mitten;4750;;0.6313684210526316;0.7503127345509132;0.6313684210526316;0.6857208185663657;2999;998;1751
778;scale;4750;;0.5717894736842105;0.8559722659943272;0.5717894736842105;0.6855988893096049;2716;457;2034
428;barrow;4750;;0.6842105263157895;0.6857986917071112;0.6842105263157895;0.6850036884813995;3250;1489;1500
427;barrel;4750;;0.6730526315789473;0.6963624482683511;0.6730526315789473;0.6845091531955894;3197;1394;1553
41;whiptail;4750;;0.6738947368421052;0.6954160330219422;0.6738947368421052;0.6844862610926975;3201;1402;1549
395;gar;4750;;0.6343157894736842;0.7430332922318126;0.6343157894736842;0.6843838727995456;3013;1042;1737
61;boa_constrictor;4750;;0.6637894736842105;0.705526963526516;0.6637894736842105;0.6840221282134722;3153;1316;1597
215;Brittany_spaniel;4750;;0.6050526315789474;0.7863201094391244;0.6050526315789474;0.6838786436644854;2874;781;1876
447;binoculars;4750;;0.5955789473684211;0.8009626274065685;0.5955789473684211;0.6831683168316832;2829;703;1921
997;bolete;4750;;0.7686315789473684;0.6129952988582942;0.7686315789473684;0.6820474500280217;3651;2305;1099
456;bow;4750;;0.7298947368421053;0.6399040236249539;0.7298947368421053;0.6819433516915815;3467;1951;1283
717;pickup;4750;;0.6846315789473684;0.6789144050104384;0.6846315789473684;0.6817610062893081;3252;1538;1498
814;speedboat;4750;;0.8277894736842105;0.5789163722025913;0.8277894736842105;0.6813377230982499;3932;2860;818
843;swing;4750;;0.6947368421052632;0.6672058228871816;0.6947368421052632;0.6806930693069307;3300;1646;1450
210;German_short-haired_pointer;4750;;0.7351578947368421;0.6332970620239391;0.7351578947368421;0.6804364770070149;3492;2022;1258
891;waffle_iron;4750;;0.604421052631579;0.7782596909731635;0.604421052631579;0.6804123711340208;2871;818;1879
191;Airedale;4750;;0.6578947368421053;0.704463480613165;0.6578947368421053;0.6803831918136295;3125;1311;1625
194;Dandie_Dinmont;4750;;0.6692631578947369;0.6904865334491747;0.6692631578947369;0.6797092153089588;3179;1425;1571
807;solar_dish;4750;;0.6313684210526316;0.7359509202453988;0.6313684210526316;0.6796600566572237;2999;1076;1751
4;hammerhead;4750;;0.6031578947368421;0.7772653282691264;0.6031578947368421;0.6792318634423898;2865;821;1885
254;pug;4750;;0.7242105263157895;0.6394052044609665;0.7242105263157895;0.6791707798617966;3440;1940;1310
198;standard_schnauzer;4750;;0.6282105263157894;0.7387967318643228;0.6282105263157894;0.679030606439868;2984;1055;1766
378;capuchin;4750;;0.7035789473684211;0.6560659599528857;0.7035789473684211;0.678992279561154;3342;1752;1408
575;golfcart;4750;;0.7221052631578947;0.640403286034354;0.7221052631578947;0.6788046704927766;3430;1926;1320
243;bull_mastiff;4750;;0.5981052631578947;0.7845898922949461;0.5981052631578947;0.6787719507824632;2841;780;1909
699;panpipe;4750;;0.7345263157894737;0.6306941431670282;0.7345263157894737;0.6786617389612916;3489;2043;1261
134;crane;4750;;0.659578947368421;0.6980837789661319;0.659578947368421;0.6782853431478676;3133;1355;1617
164;bluetick;4750;;0.6263157894736842;0.7391304347826086;0.6263157894736842;0.6780626780626781;2975;1050;1775
47;African_chameleon;4750;;0.7633684210526316;0.6095142040679106;0.7633684210526316;0.6778203570427143;3626;2323;1124
666;mortar;4750;;0.7242105263157895;0.6365655070318282;0.7242105263157895;0.677565491431948;3440;1964;1310
287;lynx;4750;;0.6936842105263158;0.662045408880852;0.6936842105263158;0.6774956307186183;3295;1682;1455
455;bottlecap;4750;;0.604421052631579;0.7703246579017977;0.604421052631579;0.6773622743895247;2871;856;1879
769;rule;4750;;0.5833684210526315;0.8052891601278698;0.5833684210526315;0.6765962641924063;2771;670;1979
514;cowboy_boot;4750;;0.6334736842105263;0.7259348612786489;0.6334736842105263;0.6765598650927487;3009;1136;1741
457;bow_tie;4750;;0.7042105263157895;0.6506516241976269;0.7042105263157895;0.6763724598119503;3345;1796;1405
847;tank;4750;;0.6947368421052632;0.6577636037472593;0.6947368421052632;0.6757448551243985;3300;1717;1450
490;chain_mail;4750;;0.6353684210526316;0.7204583432800191;0.6353684210526316;0.6752433158071373;3018;1171;1732
502;clog;4750;;0.5810526315789474;0.8046647230320699;0.5810526315789474;0.6748166259168704;2760;670;1990
935;mashed_potato;4750;;0.6006315789473684;0.7692100296575897;0.6006315789473684;0.6745478188911218;2853;856;1897
653;milk_can;4750;;0.5892631578947368;0.7886728655959425;0.5892631578947368;0.6745391010965177;2799;750;1951
152;Japanese_spaniel;4750;;0.72;0.6343906510851419;0.72;0.674489695296322;3420;1971;1330
588;hamper;4750;;0.5812631578947368;0.8033168460867035;0.5812631578947368;0.6744839379504092;2761;676;1989
386;African_elephant;4750;;0.7597894736842106;0.6049279249078109;0.7597894736842106;0.6735722284434491;3609;2357;1141
553;file;4750;;0.6128421052631579;0.7475603492552645;0.6128421052631579;0.6735307727903748;2911;983;1839
859;toaster;4750;;0.6056842105263158;0.7575039494470774;0.6056842105263158;0.6731399157697707;2877;921;1873
579;grand_piano;4750;;0.6602105263157895;0.6856143419326629;0.6602105263157895;0.6726726726726726;3136;1438;1614
971;bubble;4750;;0.6353684210526316;0.7141504969238051;0.6353684210526316;0.6724598930481284;3018;1208;1732
367;chimpanzee;4750;;0.7749473684210526;0.5935182199290552;0.7749473684210526;0.6722059897735573;3681;2521;1069
773;saltshaker;4750;;0.6425263157894737;0.7038745387453874;0.6425263157894737;0.6718027734976888;3052;1284;1698
966;red_wine;4750;;0.6667368421052632;0.6755546075085325;0.6667368421052632;0.6711167620258529;3167;1521;1583
221;Irish_water_spaniel;4750;;0.7572631578947369;0.6020083682008368;0.7572631578947369;0.6707692307692308;3597;2378;1153
785;seat_belt;4750;;0.6094736842105263;0.7455575585887201;0.6094736842105263;0.6706822657245454;2895;988;1855
983;scuba_diver;4750;;0.788;0.5836581942928427;0.788;0.6706082594284691;3743;2670;1007
823;stethoscope;4750;;0.6294736842105263;0.7170263788968825;0.6294736842105263;0.6704035874439461;2990;1180;1760
315;mantis;4750;;0.6427368421052632;0.7002293577981651;0.6427368421052632;0.6702524698133919;3053;1307;1697
63;Indian_cobra;4750;;0.7745263157894737;0.5897723629368388;0.7745263157894737;0.6696396068438297;3679;2559;1071
580;greenhouse;4750;;0.5877894736842105;0.7770665182298915;0.5877894736842105;0.6693036078149347;2792;801;1958
533;dishrag;4750;;0.5747368421052632;0.801056338028169;0.5747368421052632;0.6692816866879138;2730;678;2020
649;megalith;4750;;0.5616842105263158;0.8278001861619609;0.5616842105263158;0.6692587482754295;2668;555;2082
118;Dungeness_crab;4750;;0.6088421052631579;0.7426810477657936;0.6088421052631579;0.6691346598796852;2892;1002;1858
353;gazelle;4750;;0.6178947368421053;0.7295550584141188;0.6178947368421053;0.6690983699988602;2935;1088;1815
798;slide_rule;4750;;0.5357894736842105;0.8901713885974116;0.5357894736842105;0.6689446707845972;2545;314;2205
897;washer;4750;;0.5284210526315789;0.9104098657961552;0.5284210526315789;0.6687092047422406;2510;247;2240
830;stretcher;4750;;0.6530526315789473;0.6837117037690104;0.6530526315789473;0.668030580381178;3102;1435;1648
405;airship;4750;;0.6008421052631578;0.7520421607378129;0.6008421052631578;0.6679929783499122;2854;941;1896
121;king_crab;4750;;0.6461052631578947;0.6909049977487618;0.6461052631578947;0.6677545691906005;3069;1373;1681
790;shopping_basket;4750;;0.6305263157894737;0.708707998106957;0.6305263157894737;0.6673351158645277;2995;1231;1755
543;dumbbell;4750;;0.6578947368421053;0.6769930675909879;0.6578947368421053;0.6673072816570574;3125;1491;1625
735;poncho;4750;;0.6833684210526316;0.6508923200320834;0.6833684210526316;0.6667351340248537;3246;1741;1504
173;Ibizan_hound;4750;;0.5602105263157895;0.8230745437673987;0.5602105263157895;0.6666666666666667;2661;572;2089
433;bathing_cap;4750;;0.6686315789473685;0.6642961723488809;0.6686315789473685;0.6664568250970517;3176;1605;1574
468;cab;4750;;0.7075789473684211;0.6290473516750889;0.7075789473684211;0.666006142871297;3361;1982;1389
896;washbasin;4750;;0.684;0.6488915518274416;0.684;0.6659833965358205;3249;1758;1501
601;hoopskirt;4750;;0.6665263157894736;0.6645675902602854;0.6665263157894736;0.6655455118772335;3166;1598;1584
765;rocking_chair;4750;;0.6431578947368422;0.6894606183705709;0.6431578947368422;0.6655048469665614;3055;1376;1695
930;French_loaf;4750;;0.5835789473684211;0.7712854757929883;0.5835789473684211;0.6644295302013423;2772;822;1978
211;vizsla;4750;;0.6341052631578947;0.6967383761276891;0.6341052631578947;0.663947977515706;3012;1311;1738
996;hen-of-the-woods;4750;;0.6271578947368421;0.7049219119734974;0.6271578947368421;0.6637700534759358;2979;1247;1771
410;apiary;4750;;0.6549473684210526;0.6717771539624271;0.6549473684210526;0.6632555164694596;3111;1520;1639
442;bell_cote;4750;;0.5692631578947368;0.792729404866608;0.5692631578947368;0.6626638892292611;2704;707;2046
242;boxer;4750;;0.6067368421052631;0.7296202531645569;0.6067368421052631;0.6625287356321838;2882;1068;1868
220;Sussex_spaniel;4750;;0.5267368421052632;0.8922967189728959;0.5267368421052632;0.6624305003971406;2502;302;2248
852;tennis_ball;4750;;0.7187368421052631;0.6140287769784173;0.7187368421052631;0.6622696411251212;3414;2146;1336
279;Arctic_fox;4750;;0.7303157894736843;0.6045660508888114;0.7303157894736843;0.6615179252479023;3469;2269;1281
774;sandal;4750;;0.576421052631579;0.7758571833380561;0.576421052631579;0.6614325401618553;2738;791;2012
568;fur_coat;4750;;0.7183157894736842;0.6127873563218391;0.7183157894736842;0.6613684822640047;3412;2156;1338
465;bulletproof_vest;4750;;0.7077894736842105;0.6189248895434463;0.7077894736842105;0.660381064623846;3362;2070;1388
262;Brabancon_griffon;4750;;0.6711578947368421;0.6494194336932165;0.6711578947368421;0.6601097422093384;3188;1721;1562
967;espresso;4750;;0.639578947368421;0.6816244110388153;0.639578947368421;0.6599326599326599;3038;1419;1712
965;burrito;4750;;0.547578947368421;0.8288718929254302;0.547578947368421;0.6594827586206896;2601;537;2149
520;crib;4750;;0.6703157894736842;0.6482084690553745;0.6703157894736842;0.6590767956944732;3184;1728;1566
297;sloth_bear;4750;;0.6351578947368421;0.6845926934422509;0.6351578947368421;0.65894943758873;3017;1390;1733
882;vacuum;4750;;0.5913684210526315;0.7439088983050848;0.5913684210526315;0.6589256392212057;2809;967;1941
982;groom;4750;;0.523578947368421;0.8875802997858673;0.523578947368421;0.6586334745762712;2487;315;2263
610;jersey;4750;;0.7155789473684211;0.6088124664159055;0.7155789473684211;0.6578921900706474;3399;2184;1351
311;grasshopper;4750;;0.6890526315789474;0.62833557304665;0.6890526315789474;0.6572949091274224;3273;1936;1477
552;feather_boa;4750;;0.5738947368421052;0.7687535250987028;0.5738947368421052;0.6571841851494696;2726;820;2024
597;holster;4750;;0.6597894736842105;0.6537338339591156;0.6597894736842105;0.6567476948868399;3134;1660;1616
912;worm_fence;4750;;0.736421052631579;0.5921787709497207;0.736421052631579;0.6564699258703199;3498;2409;1252
177;Scottish_deerhound;4750;;0.7256842105263158;0.5987493486190725;0.7256842105263158;0.6561340059008282;3447;2310;1303
808;sombrero;4750;;0.6564210526315789;0.655317360235393;0.6564210526315789;0.6558687421119058;3118;1640;1632
474;cardigan;4750;;0.5564210526315789;0.7982482633645425;0.5564210526315789;0.6557499069594344;2643;668;2107
449;boathouse;4750;;0.6311578947368421;0.6795104261106074;0.6311578947368421;0.654442261514953;2998;1414;1752
161;basset;4750;;0.6606315789473685;0.6483471074380165;0.6606315789473685;0.6544316996871742;3138;1702;1612
104;wallaby;4750;;0.5648421052631579;0.7758820127241179;0.5648421052631579;0.6537524366471735;2683;775;2067
964;potpie;4750;;0.6330526315789474;0.6751234845083072;0.6330526315789474;0.6534115601912214;3007;1447;1743
3;tiger_shark;4750;;0.6797894736842105;0.6284546516154146;0.6797894736842105;0.6531148867313916;3229;1909;1521
992;agaric;4750;;0.8707368421052631;0.5224861040929762;0.8707368421052631;0.6530870045791883;4136;3780;614
943;cucumber;4750;;0.6410526315789473;0.6636878814298169;0.6410526315789473;0.6521739130434783;3045;1543;1705
867;trailer_truck;4750;;0.6907368421052632;0.6169612636329447;0.6907368421052632;0.6517679777512912;3281;2037;1469
174;Norwegian_elkhound;4750;;0.6246315789473684;0.681129476584022;0.6246315789473684;0.6516582473094662;2967;1389;1783
777;scabbard;4750;;0.7303157894736843;0.5876672878197526;0.7303157894736843;0.6512719421759129;3469;2434;1281
889;violin;4750;;0.6663157894736842;0.6359252561784208;0.6663157894736842;0.6507659093245605;3165;1812;1585
931;bagel;4750;;0.7197894736842105;0.5935763888888889;0.7197894736842105;0.6506184586108469;3419;2341;1331
806;sock;4750;;0.6092631578947368;0.6978538702676633;0.6092631578947368;0.6505563673148251;2894;1253;1856
913;wreck;4750;;0.6246315789473684;0.6784815915847244;0.6246315789473684;0.6504439329168037;2967;1406;1783
5;electric_ray;4750;;0.6246315789473684;0.6777067153951576;0.6246315789473684;0.6500876424189307;2967;1411;1783
679;necklace;4750;;0.7317894736842105;0.5845946855028591;0.7317894736842105;0.6499626028421841;3476;2470;1274
586;half_track;4750;;0.7115789473684211;0.5981242258007432;0.7115789473684211;0.6499375060090377;3380;2271;1370
753;radiator;4750;;0.6141052631578947;0.6900875325289804;0.6141052631578947;0.6498830344212989;2917;1310;1833
223;schipperke;4750;;0.5854736842105264;0.7297297297297297;0.5854736842105264;0.6496904567223455;2781;1030;1969
875;trombone;4750;;0.5932631578947368;0.7172308475439043;0.5932631578947368;0.6493835695356608;2818;1111;1932
878;typewriter_keyboard;4750;;0.5871578947368421;0.7257351027842831;0.5871578947368421;0.6491330152449668;2789;1054;1961
114;slug;4750;;0.5909473684210527;0.7182702149437052;0.5909473684210527;0.6484176484176485;2807;1101;1943
740;power_drill;4750;;0.5288421052631579;0.8373333333333334;0.5288421052631579;0.6482580645161291;2512;488;2238
377;marmoset;4750;;0.6654736842105263;0.6313161573796685;0.6654736842105263;0.64794506508148;3161;1846;1589
745;projector;4750;;0.5583157894736842;0.7716031422752401;0.5583157894736842;0.6478563576401613;2652;785;2098
171;Italian_greyhound;4750;;0.5330526315789473;0.8228794280142997;0.5330526315789473;0.6469911843618245;2532;545;2218
652;military_uniform;4750;;0.5981052631578947;0.7037404012880852;0.5981052631578947;0.6466370775008535;2841;1196;1909
962;meat_loaf;4750;;0.5328421052631579;0.8196243523316062;0.5328421052631579;0.6458280173513652;2531;557;2219
532;dining_table;4750;;0.7724210526315789;0.5527267249171437;0.7724210526315789;0.6443624868282403;3669;2969;1081
229;Old_English_sheepdog;4750;;0.775578947368421;0.5505903452398745;0.775578947368421;0.6439996503802116;3684;3007;1066
846;table_lamp;4750;;0.6846315789473684;0.6073963391856556;0.6846315789473684;0.6437054631828979;3252;2102;1498
236;Doberman;4750;;0.6498947368421053;0.6374148255213711;0.6498947368421053;0.6435942875013031;3087;1756;1663
517;crane;4750;;0.7446315789473684;0.5666453059916693;0.7446315789473684;0.6435589519650655;3537;2705;1213
33;loggerhead;4750;;0.6688421052631579;0.6190568978955573;0.6688421052631579;0.6429872495446266;3177;1955;1573
570;gasmask;4750;;0.7507368421052631;0.5615748031496063;0.7507368421052631;0.6425225225225225;3566;2784;1184
181;Bedlington_terrier;4750;;0.7157894736842105;0.5812959480253035;0.7157894736842105;0.641569959430135;3400;2449;1350
45;Gila_monster;4750;;0.6397894736842106;0.6416807432432432;0.6397894736842106;0.6407337128399747;3039;1697;1711
237;miniature_pinscher;4750;;0.592;0.6977667493796526;0.592;0.6405466970387244;2812;1218;1938
437;beacon;4750;;0.6261052631578947;0.6554992285651311;0.6261052631578947;0.6404651663615807;2974;1563;1776
125;hermit_crab;4750;;0.6484210526315789;0.632183908045977;0.6484210526315789;0.6401995427146122;3080;1792;1670
107;jellyfish;4750;;0.72;0.5760485093481557;0.72;0.6400299429213063;3420;2517;1330
368;gibbon;4750;;0.7431578947368421;0.5620124184047126;0.7431578947368421;0.6400145045780073;3530;2751;1220
617;lab_coat;4750;;0.6429473684210526;0.6366479049405879;0.6429473684210526;0.6397821305122028;3054;1743;1696
721;pillow;4750;;0.5465263157894736;0.770326409495549;0.5465263157894736;0.6394088669950738;2596;774;2154
203;West_Highland_white_terrier;4750;;0.7764210526315789;0.5433917783998822;0.7764210526315789;0.6393343156799861;3688;3099;1062
862;torch;4750;;0.6648421052631579;0.6153546375681995;0.6648421052631579;0.6391418741145517;3158;1974;1592
858;tile_roof;4750;;0.5404210526315789;0.7814307458143075;0.5404210526315789;0.638954573739888;2567;718;2183
459;brassiere;4750;;0.671578947368421;0.6068099676621648;0.671578947368421;0.6375537124013191;3190;2067;1560
696;paintbrush;4750;;0.547578947368421;0.7623094958968347;0.547578947368421;0.6373437882871845;2601;811;2149
196;miniature_schnauzer;4750;;0.6665263157894736;0.6097842835130971;0.6665263157894736;0.6368939851136592;3166;2026;1584
680;nipple;4750;;0.5945263157894737;0.6851043182920912;0.5945263157894737;0.6366095581605049;2824;1298;1926
342;wild_boar;4750;;0.6673684210526316;0.6066985645933014;0.6673684210526316;0.6355889724310777;3170;2055;1580
669;mosquito_net;4750;;0.6103157894736843;0.6617210682492581;0.6103157894736843;0.6349797393494689;2899;1482;1851
611;jigsaw_puzzle;4750;;0.6117894736842105;0.6592558983666061;0.6117894736842105;0.6346363834898449;2906;1502;1844
295;American_black_bear;4750;;0.7654736842105263;0.5414743112434848;0.7654736842105263;0.6342782381160053;3636;3079;1114
596;hatchet;4750;;0.6109473684210527;0.6593955919109293;0.6109473684210527;0.6342476232105781;2902;1499;1848
979;valley;4750;;0.592421052631579;0.6813559322033899;0.592421052631579;0.6337837837837837;2814;1316;1936
374;langur;4750;;0.6153684210526316;0.6521642124051763;0.6153684210526316;0.6332322357019065;2923;1559;1827
209;Chesapeake_Bay_retriever;4750;;0.5732631578947368;0.7063553826199741;0.5732631578947368;0.6328878558977338;2723;1132;2027
803;snowplow;4750;;0.744421052631579;0.5502645502645502;0.744421052631579;0.6327845382963493;3536;2890;1214
241;EntleBucher;4750;;0.7065263157894737;0.5728917719358143;0.7065263157894737;0.6327300150829562;3356;2502;1394
683;oboe;4750;;0.5541052631578948;0.735812133072407;0.5541052631578948;0.6321604419358712;2632;945;2118
826;stopwatch;4750;;0.6328421052631579;0.6303208219752569;0.6328421052631579;0.631578947368421;3006;1763;1744
903;wig;4750;;0.7568421052631579;0.5417420132610006;0.7568421052631579;0.6314772527665554;3595;3041;1155
538;dome;4750;;0.6482105263157895;0.6151848151848152;0.6482105263157895;0.6312660174269604;3079;1926;1671
513;cornet;4750;;0.6501052631578947;0.6123339282173309;0.6501052631578947;0.6306545491677729;3088;1955;1662
523;crutch;4750;;0.5572631578947368;0.7258020290649849;0.5572631578947368;0.6304632606883411;2647;1000;2103
382;squirrel_monkey;4750;;0.8153684210526316;0.5131840466410494;0.8153684210526316;0.6299097340814833;3873;3674;877
644;matchstick;4750;;0.6277894736842106;0.6308440871588745;0.6277894736842106;0.6293130737575182;2982;1745;1768
154;Pekinese;4750;;0.5991578947368421;0.6615527661552766;0.5991578947368421;0.6288113124171453;2846;1456;1904
506;coil;4750;;0.6233684210526316;0.6341829085457271;0.6233684210526316;0.6287291644548253;2961;1708;1789
319;dragonfly;4750;;0.6221052631578947;0.6352106620808254;0.6221052631578947;0.6285896617740906;2955;1697;1795
531;digital_watch;4750;;0.676;0.5873422352295592;0.676;0.6285602427327005;3211;2256;1539
825;stone_wall;4750;;0.5477894736842105;0.7371104815864022;0.5477894736842105;0.6285024154589373;2602;928;2148
702;parallel_bars;4750;;0.6922105263157895;0.5749256863087953;0.6922105263157895;0.6281402235170502;3288;2431;1462
647;measuring_cup;4750;;0.6267368421052631;0.6287222808870117;0.6267368421052631;0.62772799156563;2977;1758;1773
401;accordion;4750;;0.7393684210526316;0.5453416149068323;0.7393684210526316;0.6277033065236819;3512;2928;1238
729;plate_rack;4750;;0.5402105263157895;0.7483231262758822;0.5402105263157895;0.6274605697518034;2566;863;2184
123;spiny_lobster;4750;;0.5865263157894737;0.6737605804111245;0.5865263157894737;0.6271243669105233;2786;1349;1964
602;horizontal_bar;4750;;0.604;0.6517492049068605;0.604;0.6269667832167831;2869;1533;1881
487;cellular_telephone;4750;;0.7166315789473684;0.5563000490276189;0.7166315789473684;0.6263685711657005;3404;2715;1346
264;Cardigan;4750;;0.6553684210526316;0.5993453985367732;0.6553684210526316;0.6261061946902655;3113;2081;1637
409;analog_clock;4750;;0.6597894736842105;0.5954778643359301;0.6597894736842105;0.6259862179167082;3134;2129;1616
421;bannister;4750;;0.6966315789473684;0.5682637815558991;0.6966315789473684;0.6259339827863426;3309;2514;1441
776;sax;4750;;0.6446315789473684;0.6075396825396825;0.6446315789473684;0.6255362614913177;3062;1978;1688
159;Rhodesian_ridgeback;4750;;0.5953684210526315;0.6579804560260586;0.5953684210526315;0.6251105216622458;2828;1470;1922
106;wombat;4750;;0.5404210526315789;0.7389176741508348;0.5404210526315789;0.6242704280155641;2567;907;2183
827;stove;4750;;0.616;0.6325118893212278;0.616;0.6241467576791808;2926;1700;1824
622;lens_cap;4750;;0.5101052631578947;0.8012566137566137;0.5101052631578947;0.623359917674299;2423;601;2327
313;walking_stick;4750;;0.5528421052631579;0.7141691596410117;0.5528421052631579;0.6232348403939718;2626;1051;2124
656;minivan;4750;;0.5501052631578948;0.7186468646864687;0.5501052631578948;0.6231814929644646;2613;1023;2137
40;American_chameleon;4750;;0.7088421052631579;0.5554272517321016;0.7088421052631579;0.6228264890862004;3367;2695;1383
772;safety_pin;4750;;0.5907368421052631;0.6580675422138836;0.5907368421052631;0.6225870867539383;2806;1458;1944
749;quill;4750;;0.5907368421052631;0.6580675422138836;0.5907368421052631;0.6225870867539383;2806;1458;1944
835;sundial;4750;;0.5294736842105263;0.7552552552552553;0.5294736842105263;0.6225247524752475;2515;815;2235
252;affenpinscher;4750;;0.6688421052631579;0.5821880153930731;0.6688421052631579;0.622513961007152;3177;2280;1573
329;sea_cucumber;4750;;0.5863157894736842;0.6632531555132174;0.5863157894736842;0.6224159123924461;2785;1414;1965
408;amphibian;4750;;0.5650526315789474;0.6921093347086127;0.5650526315789474;0.6221604079740379;2684;1194;2066
550;espresso_maker;4750;;0.5707368421052632;0.6833879505923872;0.5707368421052632;0.6220029826775267;2711;1256;2039
998;ear;4750;;0.5865263157894737;0.6614434947768281;0.5865263157894737;0.6217362195938406;2786;1426;1964
212;English_setter;4750;;0.5692631578947368;0.6845569620253165;0.5692631578947368;0.6216091954022989;2704;1246;2046
578;gown;4750;;0.6694736842105263;0.57786661820825;0.6694736842105263;0.6203062518287331;3180;2323;1570
65;sea_snake;4750;;0.6077894736842105;0.6322820849759089;0.6077894736842105;0.6197939029626449;2887;1679;1863
895;warplane;4750;;0.7692631578947369;0.5178571428571429;0.7692631578947369;0.6190072844316451;3654;3402;1096
50;American_alligator;4750;;0.5703157894736842;0.6767424431676243;0.5703157894736842;0.6189877756197876;2709;1294;2041
52;thunder_snake;4750;;0.6391578947368421;0.5990528808208366;0.6391578947368421;0.618455897331432;3036;2032;1714
328;sea_urchin;4750;;0.6962105263157895;0.5562657695542472;0.6962105263157895;0.6184198223468911;3307;2638;1443
158;toy_terrier;4750;;0.6781052631578948;0.5672772102853118;0.6781052631578948;0.6177598772535481;3221;2457;1529
567;frying_pan;4750;;0.5389473684210526;0.720112517580872;0.5389473684210526;0.6164960866947622;2560;995;2190
480;cash_machine;4750;;0.5292631578947369;0.7381092190252495;0.5292631578947369;0.6164786660127514;2514;892;2236
898;water_bottle;4750;;0.5282105263157895;0.7394636015325671;0.5282105263157895;0.6162348028981948;2509;884;2241
304;leaf_beetle;4750;;0.5225263157894737;0.7503022974607013;0.5225263157894737;0.6160337552742615;2482;826;2268
793;shower_cap;4750;;0.6461052631578947;0.5880436865299866;0.6461052631578947;0.6157086969605777;3069;2150;1681
462;broom;4750;;0.5616842105263158;0.680785914774177;0.5616842105263158;0.6155265889952705;2668;1251;2082
280;grey_fox;4750;;0.6210526315789474;0.6091265744373322;0.6210526315789474;0.6150317940164702;2950;1893;1800
259;Pomeranian;4750;;0.8231578947368421;0.48985216737659737;0.8231578947368421;0.6142004398366321;3910;4072;840
234;Rottweiler;4750;;0.7966315789473685;0.4988793671720501;0.7966315789473685;0.6135387109850021;3784;3801;966
172;whippet;4750;;0.5366315789473685;0.7156092083099382;0.5366315789473685;0.6133301251203079;2549;1013;2201
636;mailbag;4750;;0.7246315789473684;0.5315009264978382;0.7246315789473684;0.6132193123107073;3442;3034;1308
626;lighter;4750;;0.5614736842105263;0.6748481781376519;0.5614736842105263;0.6129625373477361;2667;1285;2083
791;shopping_cart;4750;;0.6490526315789473;0.5803840361445783;0.6490526315789473;0.6128006360564501;3083;2229;1667
870;tricycle;4750;;0.7349473684210527;0.5252783629250677;0.7349473684210527;0.6126711126711127;3491;3155;1259
926;hot_pot;4750;;0.764421052631579;0.5109766394596116;0.764421052631579;0.6125168690958165;3631;3475;1119
911;wool;4750;;0.46989473684210525;0.8790862544308783;0.46989473684210525;0.6124296885718206;2232;307;2518
698;palace;4750;;0.49894736842105264;0.7915831663326653;0.49894736842105264;0.6120867768595042;2370;624;2380
186;Norwich_terrier;4750;;0.5738947368421052;0.6545018007202881;0.5738947368421052;0.6115535614133483;2726;1439;2024
743;prison;4750;;0.6488421052631579;0.5781279309697993;0.6488421052631579;0.6114472770558476;3082;2249;1668
390;eel;4750;;0.5877894736842105;0.6364258035103716;0.5877894736842105;0.6111415125314655;2792;1595;1958
960;chocolate_sauce;4750;;0.5812631578947368;0.6432898415657037;0.5812631578947368;0.610705596107056;2761;1531;1989
928;ice_cream;4750;;0.5183157894736842;0.742684766214178;0.5183157894736842;0.6105393676379418;2462;853;2288
910;wooden_spoon;4750;;0.5696842105263158;0.6571151044196212;0.5696842105263158;0.6102841677943166;2706;1412;2044
42;agama;4750;;0.7218947368421053;0.5256783688486892;0.7218947368421053;0.608356249445578;3429;3094;1321
624;library;4750;;0.5292631578947369;0.7144075021312873;0.5292631578947369;0.6080541782561374;2514;1005;2236
270;white_wolf;4750;;0.6856842105263158;0.5453784326858674;0.6856842105263158;0.6075359074799478;3257;2715;1493
483;castle;4750;;0.6258947368421053;0.5897639357270383;0.6258947368421053;0.6072924113982229;2973;2068;1777
660;mobile_home;4750;;0.5656842105263158;0.6539303966901923;0.5656842105263158;0.606614742070211;2687;1422;2063
706;patio;4750;;0.5498947368421052;0.6758085381630013;0.5498947368421052;0.6063842135809635;2612;1253;2138
760;refrigerator;4750;;0.4968421052631579;0.777082647349358;0.4968421052631579;0.6061384358546295;2360;677;2390
182;Border_terrier;4750;;0.5667368421052632;0.6510278113663845;0.5667368421052632;0.6059651097355093;2692;1443;2058
519;crate;4750;;0.46610526315789474;0.8634945397815913;0.46610526315789474;0.605414273995078;2214;350;2536
419;Band_Aid;4750;;0.6002105263157895;0.6103618068935988;0.6002105263157895;0.6052436047128754;2851;1820;1899
481;cassette;4750;;0.5261052631578947;0.711965811965812;0.5261052631578947;0.6050847457627119;2499;1011;2251
631;lotion;4750;;0.648;0.5669552403757598;0.648;0.6047745358090185;3078;2351;1672
811;space_heater;4750;;0.5324210526315789;0.699391592920354;0.5324210526315789;0.6045900071718862;2529;1087;2221
750;quilt;4750;;0.5698947368421052;0.6437574316290131;0.5698947368421052;0.6045784477945282;2707;1498;2043
884;vault;4750;;0.5774736842105264;0.631155085135757;0.5774736842105264;0.6031222515391381;2743;1603;2007
525;dam;4750;;0.5343157894736842;0.6892992938620315;0.5343157894736842;0.6019924098671726;2538;1144;2212
581;grille;4750;;0.5926315789473684;0.6114248479582971;0.5926315789473684;0.6018815480008552;2815;1789;1935
183;Kerry_blue_terrier;4750;;0.6564210526315789;0.5544096728307255;0.6564210526315789;0.6011181800655485;3118;2506;1632
463;bucket;4750;;0.5873684210526315;0.6137263528376595;0.5873684210526315;0.6002581755593804;2790;1756;1960
907;wine_bottle;4750;;0.5574736842105263;0.6485427381827088;0.5574736842105263;0.5995697950866071;2648;1435;2102
879;umbrella;4750;;0.5941052631578947;0.6050600343053173;0.5941052631578947;0.5995326110048862;2822;1842;1928
30;bullfrog;4750;;0.7216842105263158;0.5122534369396294;0.7216842105263158;0.5991959447649011;3428;3264;1322
176;Saluki;4750;;0.7288421052631578;0.5086688216279753;0.7288421052631578;0.5991692627206646;3462;3344;1288
747;punching_bag;4750;;0.6524210526315789;0.5536894765052707;0.6524210526315789;0.5990142070165264;3099;2498;1651
908;wing;4750;;0.4393684210526316;0.939666816749212;0.4393684210526316;0.5987663176014919;2087;134;2663
813;spatula;4750;;0.523578947368421;0.6976157082748948;0.523578947368421;0.5981960312687914;2487;1078;2263
314;cockroach;4750;;0.5490526315789473;0.6556058320764203;0.5490526315789473;0.5976168652612281;2608;1370;2142
477;carpenter's_kit;4750;;0.648;0.5544946856422266;0.648;0.5976118823415202;3078;2473;1672
327;starfish;4750;;0.8294736842105264;0.4669352927233942;0.8294736842105264;0.5975128905065211;3940;4498;810
676;muzzle;4750;;0.5052631578947369;0.7288187063467962;0.5052631578947369;0.5967922417008579;2400;893;2350
589;hand_blower;4750;;0.5850526315789474;0.6088957055214724;0.5850526315789474;0.5967360961992699;2779;1785;1971
411;apron;4750;;0.5913684210526315;0.6016277575497966;0.5913684210526315;0.5964539760059454;2809;1860;1941
370;guenon;4750;;0.5218947368421053;0.6949817774039809;0.5218947368421053;0.5961284116869063;2479;1088;2271
634;lumbermill;4750;;0.5294736842105263;0.6808337845154304;0.5294736842105263;0.5956892468024633;2515;1179;2235
431;bassinet;4750;;0.4713684210526316;0.8085951607078368;0.4713684210526316;0.5955579199361617;2239;530;2511
263;Pembroke;4750;;0.5265263157894737;0.6842681258549932;0.5265263157894737;0.5951219512195123;2501;1154;2249
969;eggnog;4750;;0.5387368421052632;0.6645027265645287;0.5387368421052632;0.5950470875479595;2559;1292;2191
691;oxygen_mask;4750;;0.48210526315789476;0.7770614183915847;0.48210526315789476;0.5950370274132779;2290;657;2460
839;suspension_bridge;4750;;0.56;0.6345419847328244;0.56;0.594945202415567;2660;1532;2090
470;candle;4750;;0.5989473684210527;0.5898818162969106;0.5989473684210527;0.59438002715972;2845;1978;1905
394;sturgeon;4750;;0.7187368421052631;0.5061527057079318;0.7187368421052631;0.593997390169639;3414;3331;1336
199;Scotch_terrier;4750;;0.5661052631578948;0.6247676579925651;0.5661052631578948;0.5939916059200354;2689;1615;2061
413;assault_rifle;4750;;0.747578947368421;0.4923055594066269;0.747578947368421;0.5936637967065117;3551;3662;1199
162;beagle;4750;;0.5966315789473684;0.5899250624479601;0.5966315789473684;0.5932593678040612;2834;1970;1916
453;bookcase;4750;;0.672;0.5308498253783469;0.672;0.5931431756945089;3192;2821;1558
155;Shih-Tzu;4750;;0.6136842105263158;0.5735930735930735;0.6136842105263158;0.5929617575264443;2915;2167;1835
710;pencil_sharpener;4750;;0.5370526315789473;0.6612234318299637;0.5370526315789473;0.5927044609665427;2551;1307;2199
731;plunger;4750;;0.4802105263157895;0.7734825364530349;0.4802105263157895;0.5925444862969217;2281;668;2469
845;syringe;4750;;0.5793684210526315;0.6059004843681197;0.5793684210526315;0.5923374946190271;2752;1790;1998
406;altar;4750;;0.7507368421052631;0.48842624298041365;0.7507368421052631;0.5918181063812131;3566;3735;1184
697;pajama;4750;;0.6229473684210526;0.5635117120548467;0.6229473684210526;0.5917408259174082;2959;2292;1791
665;moped;4750;;0.627578947368421;0.5587628865979382;0.627578947368421;0.5911750123946454;2981;2354;1769
115;sea_slug;4750;;0.6875789473684211;0.5181659527209266;0.6875789473684211;0.5909707771645708;3266;3037;1484
788;shoe_shop;4750;;0.5911578947368421;0.5897920604914934;0.5911578947368421;0.5904741877825676;2808;1953;1942
662;modem;4750;;0.47578947368421054;0.7768992781024407;0.47578947368421054;0.5901553727640685;2260;649;2490
797;sleeping_bag;4750;;0.5292631578947369;0.6659602649006623;0.5292631578947369;0.5897947214076247;2514;1261;2236
219;cocker_spaniel;4750;;0.6402105263157895;0.5463528566295365;0.6402105263157895;0.5895696006203954;3041;2525;1709
828;strainer;4750;;0.5347368421052632;0.6556530717604543;0.5347368421052632;0.5890538033395176;2540;1334;2210
587;hammer;4750;;0.5686315789473684;0.6106714899389555;0.5686315789473684;0.5889022130164614;2701;1722;2049
103;platypus;4750;;0.5545263157894736;0.6274416388756551;0.5545263157894736;0.5887349128296826;2634;1564;2116
842;swimming_trunks;4750;;0.7216842105263158;0.4968836063197565;0.7216842105263158;0.5885483732509229;3428;3471;1322
861;toilet_seat;4750;;0.623578947368421;0.5564531279353748;0.623578947368421;0.5881068202124491;2962;2361;1788
373;macaque;4750;;0.7153684210526315;0.498825601879037;0.7153684210526315;0.5877875800034597;3398;3414;1352
418;ballpoint;4750;;0.580421052631579;0.594822006472492;0.580421052631579;0.5875332978156632;2757;1878;1993
235;German_shepherd;4750;;0.7861052631578948;0.46827188362177075;0.7861052631578948;0.5869223514618045;3734;4240;1016
508;computer_keyboard;4750;;0.6353684210526316;0.5438817805009911;0.6353684210526316;0.5860763180891347;3018;2531;1732
371;patas;4750;;0.54;0.6396508728179551;0.54;0.5856164383561644;2565;1445;2185
168;redbone;4750;;0.5741052631578948;0.5971097000218962;0.5741052631578948;0.5853815605881721;2727;1840;2023
572;goblet;4750;;0.6778947368421052;0.5149528226451303;0.6778947368421052;0.5852949195673907;3220;3033;1530
856;thresher;4750;;0.4463157894736842;0.8490188225871045;0.4463157894736842;0.5850696840071754;2120;377;2630
452;bonnet;4750;;0.608;0.560015512895094;0.608;0.5830221055819117;2888;2269;1862
348;ram;4750;;0.43515789473684213;0.8806987643800597;0.43515789473684213;0.5824996477384811;2067;280;2683
503;cocktail_shaker;4750;;0.6654736842105263;0.5174332951383205;0.6654736842105263;0.5821898885716916;3161;2948;1589
492;chest;4750;;0.5827368421052631;0.5806586951961401;0.5827368421052631;0.5816959125774928;2768;1999;1982
372;baboon;4750;;0.7593684210526316;0.4710722214966697;0.7593684210526316;0.5814459579269767;3607;4050;1143
484;catamaran;4750;;0.5273684210526316;0.6424724288279046;0.5273684210526316;0.5792577176552203;2505;1394;2245
675;moving_van;4750;;0.5545263157894736;0.60398991057097;0.5545263157894736;0.5782021731972341;2634;1727;2116
273;dingo;4750;;0.6446315789473684;0.523061154765972;0.6446315789473684;0.5775179177668804;3062;2792;1688
894;wardrobe;4750;;0.596;0.5576127634429782;0.596;0.5761677012313016;2831;2246;1919
385;Indian_elephant;4750;;0.6082105263157894;0.5468483816013628;0.6082105263157894;0.5758995315458985;2889;2394;1861
67;diamondback;4750;;0.5642105263157895;0.587977182974989;0.5642105263157895;0.5758487322733132;2680;1878;2070
334;porcupine;4750;;0.7206315789473684;0.4786073825503356;0.7206315789473684;0.5751974458074274;3423;3729;1327
590;hand-held_computer;4750;;0.523578947368421;0.6372021521906226;0.523578947368421;0.5748295388882467;2487;1416;2263
809;soup_bowl;4750;;0.5343157894736842;0.6216017634092579;0.5343157894736842;0.574663194837541;2538;1545;2212
857;throne;4750;;0.6149473684210527;0.539327917282127;0.6149473684210527;0.574660633484163;2921;2495;1829
412;ashcan;4750;;0.5886315789473684;0.5606577100461199;0.5886315789473684;0.5743042004724247;2796;2191;1954
108;sea_anemone;4750;;0.5787368421052631;0.5696228760878574;0.5787368421052631;0.5741436925647452;2749;2077;2001
461;breastplate;4750;;0.6614736842105263;0.5066107707191229;0.6614736842105263;0.5737764791818846;3142;3060;1608
980;volcano;4750;;0.6157894736842106;0.5365987892129884;0.6157894736842106;0.5734731889030488;2925;2526;1825
775;sarong;4750;;0.5892631578947368;0.5574586735710018;0.5892631578947368;0.5729198649063555;2799;2222;1951
64;green_mamba;4750;;0.6654736842105263;0.5015072187847057;0.6654736842105263;0.5719714104767937;3161;3142;1589
256;Newfoundland;4750;;0.5981052631578947;0.5452975047984645;0.5981052631578947;0.5704819277108434;2841;2369;1909
249;malamute;4750;;0.47810526315789476;0.7054986020503262;0.47810526315789476;0.569958589534446;2271;948;2479
414;backpack;4750;;0.45957894736842103;0.7447969976117366;0.45957894736842103;0.5684155708892071;2183;748;2567
54;hognose_snake;4750;;0.5298947368421053;0.6121108949416343;0.5298947368421053;0.5680433310765064;2517;1595;2233
55;green_snake;4750;;0.4629473684210526;0.7325116588940707;0.4629473684210526;0.5673374613003096;2199;803;2551
207;golden_retriever;4750;;0.6541052631578947;0.5008866677414154;0.6541052631578947;0.5673331507349584;3107;3096;1643
904;window_screen;4750;;0.49894736842105264;0.6574202496532594;0.49894736842105264;0.5673249551166967;2370;1235;2380
36;terrapin;4750;;0.6381052631578947;0.5100117785630153;0.6381052631578947;0.5669129336949407;3031;2912;1719
922;menu;4750;;0.43073684210526314;0.8286755771567437;0.43073684210526314;0.5668375121207924;2046;423;2704
841;sweatshirt;4750;;0.592;0.5436968290796597;0.592;0.5668212054021367;2812;2360;1938
838;sunscreen;4750;;0.424;0.8537515896566341;0.424;0.5666057110704741;2014;345;2736
530;digital_clock;4750;;0.619578947368421;0.5217160078000355;0.619578947368421;0.5664517370801655;2943;2698;1807
445;bikini;4750;;0.6433684210526316;0.502301117685733;0.6433684210526316;0.5641498984677866;3056;3028;1694
708;pedestal;4750;;0.6442105263157895;0.5012285012285013;0.6442105263157895;0.5637954859511746;3060;3045;1690
6;stingray;4750;;0.588;0.5413839891451832;0.588;0.5637299424765365;2793;2366;1957
464;buckle;4750;;0.5046315789473684;0.6373304972081894;0.5046315789473684;0.5632710609799084;2397;1364;2353
224;groenendael;4750;;0.7063157894736842;0.46824842986741105;0.7063157894736842;0.5631556861099455;3355;3810;1395
515;cowboy_hat;4750;;0.5837894736842105;0.5438321239458718;0.5837894736842105;0.5631028530815311;2773;2326;1977
582;grocery_store;4750;;0.6;0.5300353356890459;0.6;0.5628517823639775;2850;2527;1900
754;radio;4750;;0.5052631578947369;0.6309148264984227;0.5052631578947369;0.5611409866729016;2400;1404;2350
206;curly-coated_retriever;4750;;0.5661052631578948;0.5546617161716172;0.5661052631578948;0.5603250677224423;2689;2159;2061
850;teddy;4750;;0.6448421052631579;0.4949103247697528;0.6448421052631579;0.5600146265654995;3063;3126;1687
227;kelpie;4750;;0.5528421052631579;0.5666810530858869;0.5528421052631579;0.5596760443307758;2626;2008;2124
34;leatherback_turtle;4750;;0.5425263157894736;0.5775437023756164;0.5425263157894736;0.559487624837169;2577;1885;2173
179;Staffordshire_bullterrier;4750;;0.5292631578947369;0.5930644019815995;0.5292631578947369;0.5593503170541775;2514;1725;2236
709;pencil_box;4750;;0.4743157894736842;0.6808703535811423;0.4743157894736842;0.5591264424866609;2253;1056;2497
59;vine_snake;4750;;0.5987368421052631;0.5222181417554168;0.5987368421052631;0.5578658297371518;2844;2602;1906
591;handkerchief;4750;;0.5134736842105263;0.6091408591408591;0.5134736842105263;0.5572309801233721;2439;1565;2311
559;folding_chair;4750;;0.6416842105263157;0.49169220842071304;0.6416842105263157;0.5567631747191525;3048;3151;1702
345;ox;4750;;0.4282105263157895;0.7954634337113805;0.4282105263157895;0.5567264267141098;2034;523;2716
505;coffeepot;4750;;0.5484210526315789;0.5651985246257323;0.5484210526315789;0.5566834063468319;2605;2004;2145
436;beach_wagon;4750;;0.5101052631578947;0.6124873609706775;0.5101052631578947;0.5566276131403629;2423;1533;2327
44;alligator_lizard;4750;;0.4709473684210526;0.6801459410155062;0.4709473684210526;0.5565368826968529;2237;1052;2513
844;switch;4750;;0.4345263157894737;0.7704367301231803;0.4345263157894737;0.555660250370171;2064;615;2686
744;projectile;4750;;0.5025263157894737;0.6211293260473588;0.5025263157894737;0.5555684859769581;2387;1456;2363
369;siamang;4750;;0.652;0.48330212234706615;0.652;0.5551174045527872;3097;3311;1653
204;Lhasa;4750;;0.44926315789473686;0.7253569000679809;0.44926315789473686;0.5548621944877795;2134;808;2616
632;loudspeaker;4750;;0.5621052631578948;0.5471311475409836;0.5621052631578948;0.5545171339563862;2670;2210;2080
837;sunglasses;4750;;0.5252631578947369;0.5869207245354034;0.5252631578947369;0.5543828463504055;2495;1756;2255
854;theater_curtain;4750;;0.7614736842105263;0.43431796349663787;0.7614736842105263;0.5531426823673344;3617;4711;1133
792;shovel;4750;;0.576421052631579;0.5290821256038647;0.576421052631579;0.5517380352644836;2738;2437;2012
443;bib;4750;;0.6797894736842105;0.4625411832115743;0.6797894736842105;0.5505072031369874;3229;3752;1521
598;home_theater;4750;;0.612;0.5;0.612;0.5503597122302157;2907;2907;1843
26;common_newt;4750;;0.5850526315789474;0.519051176690325;0.5850526315789474;0.5500791765637372;2779;2575;1971
892;wall_clock;4750;;0.5416842105263158;0.5580134461071351;0.5416842105263158;0.5497275932058541;2573;2038;2177
987;corn;4750;;0.48905263157894735;0.6259768256534627;0.48905263157894735;0.5491076704881219;2323;1388;2427
546;electric_guitar;4750;;0.744421052631579;0.43106180665610144;0.744421052631579;0.5459739056589207;3536;4667;1214
192;cairn;4750;;0.4842105263157895;0.625;0.4842105263157895;0.5456702253855279;2300;1380;2450
165;black-and-tan_coonhound;4750;;0.5397894736842105;0.5509239363987968;0.5397894736842105;0.5452998723947257;2564;2090;2186
767;rubber_eraser;4750;;0.45642105263157895;0.6766541822721598;0.45642105263157895;0.5451345235101835;2168;1036;2582
703;park_bench;4750;;0.6627368421052632;0.4621935104977243;0.6627368421052632;0.544589568376438;3148;3663;1602
599;honeycomb;4750;;0.5572631578947368;0.5323813354786806;0.5572631578947368;0.5445381608722485;2647;2325;2103
712;Petri_dish;4750;;0.6541052631578947;0.4645633971291866;0.6541052631578947;0.5432767966427697;3107;3581;1643
230;Shetland_sheepdog;4750;;0.4530526315789474;0.6763042111879322;0.4530526315789474;0.5426122037317197;2152;1030;2598
499;cleaver;4750;;0.5010526315789474;0.5905707196029777;0.5010526315789474;0.5421412300683371;2380;1650;2370
977;sandbar;4750;;0.5023157894736842;0.5872507999015506;0.5023157894736842;0.5414728242369227;2386;1677;2364
762;restaurant;4750;;0.5178947368421053;0.5670816044260027;0.5178947368421053;0.5413732394366197;2460;1878;2290
310;ant;4750;;0.7631578947368421;0.4185428934303198;0.7631578947368421;0.5406009991797778;3625;5036;1125
920;traffic_light;4750;;0.7004210526315789;0.43973037272006343;0.7004210526315789;0.5402728158493018;3327;4239;1423
257;Great_Pyrenees;4750;;0.444;0.6885406464250735;0.444;0.5398694483553053;2109;954;2641
188;wire-haired_fox_terrier;4750;;0.7233684210526315;0.4290709290709291;0.7233684210526315;0.5386424204420756;3436;4572;1314
205;flat-coated_retriever;4750;;0.6330526315789474;0.468307117271453;0.6330526315789474;0.5383582490376869;3007;3414;1743
509;confectionery;4750;;0.5869473684210527;0.4955563455385709;0.5869473684210527;0.5373939861218195;2788;2838;1962
663;monastery;4750;;0.6332631578947369;0.4662842970082158;0.6332631578947369;0.5370949022408713;3008;3443;1742
638;maillot;4750;;0.5096842105263157;0.5652579967312631;0.5096842105263157;0.5360345400199269;2421;1862;2329
424;barbershop;4750;;0.45621052631578946;0.6489967056004792;0.45621052631578946;0.5357893435529731;2167;1172;2583
562;fountain;4750;;0.6534736842105263;0.45373483408858356;0.6534736842105263;0.5355879561728928;3104;3737;1646
584;hair_slide;4750;;0.6063157894736843;0.4789622484616664;0.6063157894736843;0.5351667750627149;2880;3133;1870
226;briard;4750;;0.4143157894736842;0.7520061138708445;0.4143157894736842;0.5342744672186779;1968;649;2782
197;giant_schnauzer;4750;;0.5943157894736842;0.48480164863472436;0.5943157894736842;0.534001702449636;2823;3000;1927
516;cradle;4750;;0.5168421052631579;0.5515614468658728;0.5168421052631579;0.5336376480817302;2455;1996;2295
887;vestment;4750;;0.6701052631578948;0.441960566509303;0.6701052631578948;0.5326305220883535;3183;4019;1567
312;cricket;4750;;0.43115789473684213;0.6942372881355933;0.43115789473684213;0.5319480519480521;2048;902;2702
434;bath_towel;4750;;0.46;0.6275129236071223;0.46;0.5308551992225461;2185;1297;2565
600;hook;4750;;0.4551578947368421;0.6366313309776207;0.4551578947368421;0.5308126687945004;2162;1234;2588
175;otterhound;4750;;0.5806315789473684;0.48702101359703337;0.5806315789473684;0.5297224623067319;2758;2905;1992
906;Windsor_tie;4750;;0.47768421052631577;0.5933577405857741;0.47768421052631577;0.5292745509680429;2269;1555;2481
748;purse;4750;;0.49326315789473685;0.5684133915574964;0.49326315789473685;0.5281785392245265;2343;1779;2407
402;acoustic_guitar;4750;;0.6138947368421053;0.4630776560266794;0.6138947368421053;0.5279261337919797;2916;3381;1834
730;plow;4750;;0.6067368421052631;0.465514456469068;0.6067368421052631;0.526825701489809;2882;3309;1868
700;paper_towel;4750;;0.3802105263157895;0.8571428571428571;0.3802105263157895;0.5267609741869623;1806;301;2944
973;coral_reef;4750;;0.6612631578947369;0.43740426124495196;0.6612631578947369;0.5265275333165703;3141;4040;1609
124;crayfish;4750;;0.5282105263157895;0.5247856097050826;0.5282105263157895;0.5264924981638862;2509;2272;2241
751;racer;4750;;0.6614736842105263;0.4363888888888889;0.6614736842105263;0.5258577405857741;3142;4058;1608
231;collie;4750;;0.5694736842105264;0.48826714801444043;0.5694736842105264;0.5257531584062196;2705;2835;2045
504;coffee_mug;4750;;0.5930526315789474;0.47185929648241204;0.5930526315789474;0.5255597014925373;2817;3153;1933
556;fire_screen;4750;;0.6117894736842105;0.4583596214511041;0.6117894736842105;0.5240757439134356;2906;3434;1844
435;bathtub;4750;;0.48989473684210527;0.5628930817610063;0.48989473684210527;0.5238631247185952;2327;1807;2423
817;sports_car;4750;;0.43642105263157893;0.6547694251421352;0.43642105263157893;0.5237493683678626;2073;1093;2677
380;titi;4750;;0.4461052631578947;0.6310303752233473;0.4461052631578947;0.5226936359151455;2119;1239;2631
166;Walker_hound;4750;;0.5027368421052631;0.5418652144315861;0.5027368421052631;0.521568199191875;2388;2019;2362
529;diaper;4750;;0.6341052631578947;0.44287604764005295;0.6341052631578947;0.5215132888927365;3012;3789;1738
153;Maltese_dog;4750;;0.5816842105263158;0.46973818429105746;0.5816842105263158;0.5197516930022573;2763;3119;1987
804;soap_dispenser;4750;;0.4734736842105263;0.5759282970550577;0.4734736842105263;0.5196995956094744;2249;1656;2501
62;rock_python;4750;;0.4922105263157895;0.5498588899341487;0.4922105263157895;0.5194401244167962;2338;1914;2412
869;trench_coat;4750;;0.6128421052631579;0.4506191950464396;0.6128421052631579;0.5193577163247101;2911;3549;1839
112;conch;4750;;0.6505263157894737;0.42898792169929195;0.6505263157894737;0.517025014640676;3090;4113;1660
341;hog;4750;;0.4576842105263158;0.5922092073004631;0.4576842105263158;0.5163282270514191;2174;1497;2576
651;microwave;4750;;0.4692631578947368;0.5715384615384616;0.4692631578947368;0.5153757225433526;2229;1671;2521
271;red_wolf;4750;;0.41536842105263155;0.6787065703474372;0.41536842105263155;0.5153454355491707;1973;934;2777
742;printer;4750;;0.47157894736842104;0.564373897707231;0.47157894736842104;0.5138203922468172;2240;1729;2510
648;medicine_chest;4750;;0.4646315789473684;0.5735446985446986;0.4646315789473684;0.513375203535706;2207;1641;2543
488;chain;4750;;0.46063157894736845;0.5763962065331928;0.46063157894736845;0.5120524221858179;2188;1608;2562
534;dishwasher;4750;;0.4033684210526316;0.6957153231663036;0.4033684210526316;0.5106609808102346;1916;838;2834
126;isopod;4750;;0.6553684210526316;0.4171803805950147;0.6553684210526316;0.5098264002620374;3113;4349;1637
784;screwdriver;4750;;0.47536842105263155;0.5489910041332361;0.47536842105263155;0.5095340178269209;2258;1855;2492
733;pole;4750;;0.4381052631578947;0.60459035444509;0.4381052631578947;0.508056640625;2081;1361;2669
917;comic_book;4750;;0.6101052631578947;0.4346782660866957;0.6101052631578947;0.5076640098099326;2898;3769;1852
246;Great_Dane;4750;;0.4743157894736842;0.5460494425593796;0.4743157894736842;0.5076611086074808;2253;1873;2497
639;maillot;4750;;0.5524210526315789;0.46907400786557024;0.5524210526315789;0.5073472544470224;2624;2970;2126
479;car_wheel;4750;;0.5191578947368422;0.4958777397948924;0.5191578947368422;0.5072508485035483;2466;2507;2284
633;loupe;4750;;0.5267368421052632;0.4861084126675733;0.5267368421052632;0.5056077599272507;2502;2645;2248
185;Norfolk_terrier;4750;;0.496;0.5105092091007584;0.496;0.5031500266951415;2356;2259;2394
764;rifle;4750;;0.49326315789473685;0.5133654688869412;0.49326315789473685;0.5031135924414858;2343;2221;2407
163;bloodhound;4750;;0.37326315789473685;0.7691973969631236;0.37326315789473685;0.5026222537207654;1773;532;2977
281;tabby;4750;;0.7793684210526316;0.37034813925570226;0.7793684210526316;0.5021022650210226;3702;6294;1048
976;promontory;4750;;0.6442105263157895;0.4104627766599598;0.6442105263157895;0.5014338385907415;3060;4395;1690
222;kuvasz;4750;;0.6437894736842106;0.40953528860318733;0.6437894736842106;0.5006138986657935;3058;4409;1692
489;chainlink_fence;4750;;0.5968421052631578;0.43098206141684403;0.5968421052631578;0.5005296610169492;2835;3743;1915
493;chiffonier;4750;;0.5136842105263157;0.4876099120703437;0.5136842105263157;0.5003075661267172;2440;2564;2310
787;shield;4750;;0.6122105263157894;0.4224288204532249;0.6122105263157894;0.4999140450403989;2908;3976;1842
677;nail;4750;;0.48505263157894735;0.512;0.48505263157894735;0.49816216216216214;2304;2196;2446
358;polecat;4750;;0.6486315789473684;0.40411857292759706;0.6486315789473684;0.49797963471795703;3081;4543;1669
170;Irish_wolfhound;4750;;0.42105263157894735;0.60882800608828;0.42105263157894735;0.49782202862476665;2000;1285;2750
705;passenger_car;4750;;0.5894736842105263;0.43004146828444173;0.5894736842105263;0.4972915371636622;2800;3711;1950
58;water_snake;4750;;0.4976842105263158;0.49549360721022845;0.4976842105263158;0.49658649301543956;2364;2407;2386
876;tub;4750;;0.3985263157894737;0.6575199722125739;0.3985263157894737;0.49626425481714503;1893;986;2857
905;window_shade;4750;;0.547578947368421;0.45368916797488223;0.547578947368421;0.49623199465801765;2601;3132;2149
32;tailed_frog;4750;;0.38063157894736843;0.7120913745569122;0.38063157894736843;0.4960899986280697;1808;731;2942
923;plate;4750;;0.5210526315789473;0.4726890756302521;0.5210526315789473;0.49569397156018424;2475;2761;2275
883;vase;4750;;0.5703157894736842;0.4324712643678161;0.5703157894736842;0.49191937534047575;2709;3555;2041
526;desk;4750;;0.5654736842105264;0.43512068686214156;0.5654736842105264;0.4918062803259178;2686;3487;2064
741;prayer_rug;4750;;0.6966315789473684;0.3792984869325997;0.6966315789473684;0.49116817574588095;3309;5415;1441
725;pitcher;4750;;0.6492631578947369;0.3940710452338359;0.6492631578947369;0.4904580152671756;3084;4742;1666
180;American_Staffordshire_terrier;4750;;0.6052631578947368;0.4117141629672061;0.6052631578947368;0.490070740646041;2875;4108;1875
541;drum;4750;;0.6922105263157895;0.37832240248532967;0.6922105263157895;0.48924931180715725;3288;5403;1462
454;bookshop;4750;;0.44505263157894737;0.5431654676258992;0.44505263157894737;0.4892386021754223;2114;1778;2636
267;standard_poodle;4750;;0.6707368421052632;0.3830247655686463;0.6707368421052632;0.48760330578512395;3186;5132;1564
868;tray;4750;;0.5503157894736842;0.43683155080213903;0.5503157894736842;0.4870504937581516;2614;3370;2136
972;cliff;4750;;0.5288421052631579;0.4502599032084603;0.5288421052631579;0.48639752154129157;2512;3067;2238
187;Yorkshire_terrier;4750;;0.7248421052631578;0.36337730870712404;0.7248421052631578;0.48407732864674863;3443;6032;1307
460;breakwater;4750;;0.5008421052631579;0.4674788760070741;0.5008421052631579;0.4835857302571399;2379;2710;2371
101;tusker;4750;;0.38610526315789473;0.6464575255551639;0.38610526315789473;0.483458547515487;1834;1003;2916
836;sunglass;4750;;0.5162105263157895;0.45424231196739534;0.5162105263157895;0.4832479306267245;2452;2946;2298
620;laptop;4750;;0.5570526315789474;0.42615558060879366;0.5570526315789474;0.48289077470572134;2646;3563;2104
77;wolf_spider;4750;;0.740421052631579;0.3580737120749338;0.740421052631579;0.4827065605270381;3517;6305;1233
356;weasel;4750;;0.42547368421052634;0.5576710816777042;0.42547368421052634;0.48268449964174825;2021;1603;2729
585;hair_spray;4750;;0.46442105263157896;0.5010220304337951;0.46442105263157896;0.48202775046432866;2206;2197;2544
473;can_opener;4750;;0.7149473684210527;0.36313088109495295;0.7149473684210527;0.48163381080697765;3396;5956;1354
208;Labrador_retriever;4750;;0.6046315789473684;0.3997772828507795;0.6046315789473684;0.48131389307859895;2872;4312;1878
415;bakery;4750;;0.47810526315789476;0.4826780021253985;0.47810526315789476;0.48038075092543625;2271;2434;2479
558;flute;4750;;0.532;0.4376515413924489;0.532;0.4802356518434055;2527;3247;2223
824;stole;4750;;0.5553684210526316;0.42093505664592307;0.5553684210526316;0.4788962512480712;2638;3629;2112
438;beaker;4750;;0.6021052631578947;0.39667128987517336;0.6021052631578947;0.47826086956521735;2860;4350;1890
497;church;4750;;0.49073684210526314;0.46517661145479944;0.49073684210526314;0.47761499846327216;2331;2680;2419
272;coyote;4750;;0.5797894736842105;0.4054173413808332;0.5797894736842105;0.47717231222385864;2754;4039;1996
865;toyshop;4750;;0.5898947368421052;0.4;0.5898947368421052;0.4767333049766057;2802;4203;1948
184;Irish_terrier;4750;;0.5450526315789473;0.4234543670264966;0.5450526315789473;0.476620029455081;2589;3525;2161
485;CD_player;4750;;0.4029473684210526;0.582648401826484;0.4029473684210526;0.47641568139390167;1914;1371;2836
539;doormat;4750;;0.39431578947368423;0.5980204342273308;0.39431578947368423;0.4752600862725197;1873;1259;2877
193;Australian_terrier;4750;;0.3818947368421053;0.6287694974003466;0.3818947368421053;0.47518009168303865;1814;1071;2936
921;book_jacket;4750;;0.6298947368421053;0.3809038828771483;0.6298947368421053;0.47473224910749706;2992;4863;1758
482;cassette_player;4750;;0.5330526315789473;0.4263343997305944;0.5330526315789473;0.4737580690429413;2532;3407;2218
866;tractor;4750;;0.8734736842105263;0.32477495107632093;0.8734736842105263;0.4734950071326676;4149;8626;601
269;timber_wolf;4750;;0.7347368421052631;0.3473328025477707;0.7347368421052631;0.4716853628868766;3490;6558;1260
655;miniskirt;4750;;0.64;0.37082215174432787;0.64;0.4695705900525177;3040;5158;1710
815;spider_web;4750;;0.3972631578947368;0.5670072115384616;0.3972631578947368;0.4671948502104481;1887;1441;2863
151;Chihuahua;4750;;0.5305263157894737;0.416735571357698;0.5305263157894737;0.4667963323145318;2520;3527;2230
909;wok;4750;;0.4646315789473684;0.46258645986166425;0.4646315789473684;0.46360676399537865;2207;2564;2543
119;rock_crab;4750;;0.5061052631578947;0.4264679794216782;0.5061052631578947;0.46288630018292093;2404;3233;2346
200;Tibetan_terrier;4750;;0.4576842105263158;0.4680301399354144;0.4576842105263158;0.46279936136242683;2174;2471;2576
167;English_foxhound;4750;;0.5673684210526316;0.390296886314265;0.5673684210526316;0.4624624624624625;2695;4210;2055
689;overskirt;4750;;0.5612631578947368;0.39090909090909093;0.5612631578947368;0.4608470181503889;2666;4154;2084
718;pier;4750;;0.5077894736842106;0.41947826086956524;0.5077894736842106;0.45942857142857146;2412;3338;2338
250;Siberian_husky;4750;;0.3818947368421053;0.5740506329113924;0.3818947368421053;0.45865992414664986;1814;1346;2936
834;suit;4750;;0.6623157894736842;0.348780487804878;0.6623157894736842;0.45693536673928836;3146;5874;1604
232;Border_collie;4750;;0.7650526315789473;0.3249575248144505;0.7650526315789473;0.45616017071486853;3634;7549;1116
478;carton;4750;;0.4901052631578947;0.421968461120174;0.4901052631578947;0.4534917697477354;2328;3189;2422
35;mud_turtle;4750;;0.3543157894736842;0.6291588785046729;0.3543157894736842;0.4533333333333333;1683;992;3067
357;mink;4750;;0.5953684210526315;0.3635896117253793;0.5953684210526315;0.45146871008939976;2828;4950;1922
818;spotlight;4750;;0.45957894736842103;0.4401209677419355;0.45957894736842103;0.44963954685890833;2183;2777;2567
851;television;4750;;0.6031578947368421;0.3581697712214027;0.6031578947368421;0.44944701545219234;2865;5134;1885
643;mask;4750;;0.6726315789473685;0.3364574557708509;0.6726315789473685;0.44854696055032994;3195;6301;1555
728;plastic_bag;4750;;0.38610526315789473;0.5342266239440723;0.38610526315789473;0.4482463644140291;1834;1599;2916
864;tow_truck;4750;;0.708;0.3251474427148796;0.708;0.4456370502882131;3363;6980;1387
970;alp;4750;;0.5098947368421053;0.39216321243523317;0.5098947368421053;0.44334614680578444;2422;3754;2328
49;African_crocodile;4750;;0.5381052631578948;0.37472511361970384;0.5381052631578948;0.4417941405237231;2556;4265;2194
202;soft-coated_wheaten_terrier;4750;;0.6787368421052632;0.32701085302769045;0.6787368421052632;0.44137175713601207;3224;6635;1526
248;Eskimo_dog;4750;;0.5901052631578947;0.3514292878635908;0.5901052631578947;0.44051548011944053;2803;5173;1947
240;Appenzeller;4750;;0.4008421052631579;0.4883303411131059;0.4008421052631579;0.4402821135391375;1904;1995;2846
536;dock;4750;;0.4128421052631579;0.47060235181185506;0.4128421052631579;0.43983402489626555;1961;2206;2789
233;Bouvier_des_Flandres;4750;;0.6197894736842106;0.33995381062355656;0.6197894736842106;0.4390753169276659;2944;5716;1806
978;seashore;4750;;0.3722105263157895;0.528234239617568;0.3722105263157895;0.4367049524515253;1768;1579;2982
501;cloak;4750;;0.536;0.3679722503251915;0.536;0.4363698688833662;2546;4373;2204
968;cup;4750;;0.36273684210526314;0.544391785150079;0.36273684210526314;0.4353758686039166;1723;1442;3027
657;missile;4750;;0.4671578947368421;0.40529680365296805;0.4671578947368421;0.43403422982885087;2219;3256;2531
810;space_bar;4750;;0.3665263157894737;0.5295012165450121;0.3665263157894737;0.4331923364020901;1741;1547;3009
860;tobacco_shop;4750;;0.524;0.36235259863153296;0.524;0.42843618211550044;2489;4380;2261
469;caldron;4750;;0.6018947368421053;0.33197863446353926;0.6018947368421053;0.42792995060619665;2859;5753;1891
618;ladle;4750;;0.41010526315789475;0.44607281886878863;0.41010526315789475;0.4273335527037403;1948;2419;2802
961;dough;4750;;0.4073684210526316;0.4488517745302714;0.4073684210526316;0.4271051760291359;1935;2376;2815
692;packet;4750;;0.5193684210526316;0.35609122401847576;0.5193684210526316;0.4225038533995547;2467;4461;2283
999;toilet_tissue;4750;;0.37115789473684213;0.48527387833746216;0.37115789473684213;0.4206131456519146;1763;1870;2987
542;drumstick;4750;;0.62;0.3143345074180809;0.62;0.41716835469934127;2945;6424;1805
498;cinema;4750;;0.5850526315789474;0.3232147010932775;0.5850526315789474;0.41639196883428226;2779;5819;1971
899;water_jug;4750;;0.33978947368421053;0.5193050193050193;0.33978947368421053;0.4107915500127259;1614;1494;3136
893;wallet;4750;;0.5357894736842105;0.32898138572905894;0.5357894736842105;0.4076565753644081;2545;5191;2205
189;Lakeland_terrier;4750;;0.3328421052631579;0.5228174603174603;0.3328421052631579;0.4067404167738616;1581;1443;3169
277;red_fox;4750;;0.7433684210526316;0.2776598254305261;0.7433684210526316;0.40430526134997424;3531;9186;1219
527;desktop_computer;4750;;0.38610526315789473;0.421803127874885;0.38610526315789473;0.40316553088590895;1834;2514;2916
68;sidewinder;4750;;0.5343157894736842;0.322367585418519;0.5343157894736842;0.4021231086112652;2538;5335;2212
619;lampshade;4750;;0.41789473684210526;0.38491370952103937;0.41789473684210526;0.4007267588573736;1985;3172;2765
66;horned_viper;4750;;0.4143157894736842;0.38154323381155486;0.4143157894736842;0.3972547436415018;1968;3190;2782
278;kit_fox;4750;;0.3195789473684211;0.517206132879046;0.3195789473684211;0.39505530253741056;1518;1417;3232
975;lakeside;4750;;0.5751578947368421;0.2980580405847698;0.5751578947368421;0.39264156366772063;2732;6434;2018
381;spider_monkey;4750;;0.32505263157894737;0.49187639375597325;0.32505263157894737;0.39143110660413233;1544;1595;3206
794;shower_curtain;4750;;0.5669473684210526;0.29534985742487385;0.5669473684210526;0.38837611768099217;2693;6425;2057
73;barn_spider;4750;;0.45052631578947366;0.33860759493670883;0.45052631578947366;0.38663053297199634;2140;4180;2610
623;letter_opener;4750;;0.5433684210526316;0.2963600872660466;0.5433684210526316;0.3835351809198306;2581;6128;2169
557;flagpole;4750;;0.7591578947368421;0.2564175495982365;0.7591578947368421;0.38335193749003343;3606;10457;1144
298;mongoose;4750;;0.5766315789473684;0.2843350981002803;0.5766315789473684;0.38086630049363834;2739;6894;2011
446;binder;4750;;0.5166315789473684;0.3013261296660118;0.5166315789473684;0.38064215914378785;2454;5690;2296
819;stage;4750;;0.58;0.2808931484502447;0.58;0.3784860557768924;2755;7053;1995
681;notebook;4750;;0.4162105263157895;0.3424562619088862;0.4162105263157895;0.3757483607336311;1977;3796;2773
524;cuirass;4750;;0.45452631578947367;0.3136257989540965;0.45452631578947367;0.3711535155578477;2159;4725;2591
201;silky_terrier;4750;;0.24210526315789474;0.7828454731109599;0.24210526315789474;0.36983437851744655;1150;319;3600
664;monitor;4750;;0.36947368421052634;0.36854262914741703;0.36947368421052634;0.3690075693860387;1755;3007;2995
60;night_snake;4750;;0.3031578947368421;0.46677471636953;0.3031578947368421;0.36758136566687943;1440;1645;3310
673;mouse;4750;;0.3406315789473684;0.39186243642528457;0.3406315789473684;0.3644554566955738;1618;2511;3132
238;Greater_Swiss_Mountain_dog;4750;;0.2623157894736842;0.590801327643433;0.2623157894736842;0.3633182679690917;1246;863;3504
848;tape_player;4750;;0.4610526315789474;0.29779711721512103;0.4610526315789474;0.3618638466622604;2190;5164;2560
285;Egyptian_cat;4750;;0.2578947368421053;0.5335365853658537;0.2578947368421053;0.3477150156116946;1225;1071;3525
782;screen;4750;;0.3328421052631579;0.36261467889908255;0.3328421052631579;0.3470911086717892;1581;2779;3169
46;green_lizard;4750;;0.24610526315789474;0.5633734939759036;0.24610526315789474;0.3425641025641026;1169;906;3581
799;sliding_door;4750;;0.3875789473684211;0.3058139534883721;0.3875789473684211;0.3418755803156917;1841;4179;2909
885;velvet;4750;;0.3774736842105263;0.30988593155893535;0.3774736842105263;0.3403568716780561;1793;3993;2957
359;black-footed_ferret;4750;;0.27621052631578946;0.43429328037073817;0.27621052631578946;0.33766568009265213;1312;1709;3438
650;microphone;4750;;0.5223157894736842;0.24249828951226665;0.5223157894736842;0.33121954475669185;2481;7750;2269
265;toy_poodle;4750;;0.4671578947368421;0.2554097605893186;0.4671578947368421;0.3302574787914868;2219;6469;2531
74;garden_spider;4750;;0.2391578947368421;0.4741235392320534;0.2391578947368421;0.3179401063532046;1136;1260;3614
947;mushroom;4750;;0.2065263157894737;0.6728395061728395;0.2065263157894737;0.31604381443298973;981;477;3769
549;envelope;4750;;0.5875789473684211;0.1973553952764814;0.5875789473684211;0.2954689815795046;2791;11351;1959
266;miniature_poodle;4750;;0.25852631578947366;0.3398837531137559;0.25852631578947366;0.29367451871338035;1228;2385;3522
282;tiger_cat;4750;;0.13073684210526315;0.7212543554006968;0.13073684210526315;0.22135091783995722;621;240;4129
