class_idx;class_label;support;base_accuracy;overall_accuracy;precision;recall;f1;tp;fp;fn
430;basketball;4750;;0.9273684210526316;0.9905554306273893;0.9273684210526316;0.9579210612156138;4405;42;345
560;football_helmet;4750;;0.9277894736842105;0.9634892872759073;0.9277894736842105;0.9453024453024452;4407;167;343
890;volleyball;4750;;0.9082105263157895;0.9851564284083124;0.9082105263157895;0.9451199474203089;4314;65;436
685;odometer;4750;;0.9052631578947369;0.9684684684684685;0.9052631578947369;0.9357997823721437;4300;140;450
768;rugby_ball;4750;;0.8743157894736842;0.9985573455157489;0.8743157894736842;0.9323156358738354;4153;6;597
323;monarch;4750;;0.8865263157894737;0.966490704613266;0.8865263157894737;0.9247831338530801;4211;146;539
746;puck;4750;;0.8932631578947369;0.9539118705035972;0.8932631578947369;0.9225918677973474;4243;205;507
340;zebra;4750;;0.888;0.9551630434782609;0.888;0.9203578442068514;4218;198;532
339;sorrel;4750;;0.9484210526315789;0.8843737730663526;0.9484210526315789;0.9152783421373424;4505;589;245
24;great_grey_owl;4750;;0.8966315789473684;0.9274825783972126;0.8966315789473684;0.9117961892528366;4259;333;491
11;goldfinch;4750;;0.8629473684210527;0.9606280759315678;0.8629473684210527;0.9091715648220029;4099;168;651
800;slot;4750;;0.8385263157894737;0.992524296037877;0.8385263157894737;0.9090494123017232;3983;30;767
388;giant_panda;4750;;0.8856842105263157;0.9326091775659499;0.8856842105263157;0.9085411942554799;4207;304;543
439;bearskin;4750;;0.8842105263157894;0.9333333333333333;0.8842105263157894;0.9081081081081082;4200;300;550
805;soccer_ball;4750;;0.9269473684210526;0.8880597014925373;0.9269473684210526;0.907086938607334;4403;555;347
900;water_tower;4750;;0.8290526315789474;0.9946956302096489;0.8290526315789474;0.904351819956367;3938;21;812
407;ambulance;4750;;0.9288421052631579;0.8806387225548902;0.9288421052631579;0.9040983606557377;4412;598;338
145;king_penguin;4750;;0.8722105263157894;0.9339495040577096;0.8722105263157894;0.9020248203788372;4143;293;607
22;bald_eagle;4750;;0.9130526315789473;0.8845604731796859;0.9130526315789473;0.8985807520977934;4337;566;413
645;maypole;4750;;0.8425263157894737;0.9562724014336917;0.8425263157894737;0.8958030218242865;4002;183;748
984;rapeseed;4750;;0.8212631578947368;0.9735462939855253;0.8212631578947368;0.8909443873472651;3901;106;849
734;police_van;4750;;0.8938947368421053;0.8816445182724253;0.8938947368421053;0.8877273677608196;4246;570;504
573;go-kart;4750;;0.8416842105263158;0.9358614232209738;0.8416842105263158;0.8862779871425404;3998;274;752
668;mosque;4750;;0.8235789473684211;0.9499757163671685;0.8235789473684211;0.8822733423545331;3912;206;838
625;lifeboat;4750;;0.8117894736842105;0.9654481722583875;0.8117894736842105;0.8819762122598354;3856;138;894
143;oystercatcher;4750;;0.8261052631578948;0.9394302130715825;0.8261052631578948;0.8791307270079535;3924;253;826
874;trolleybus;4750;;0.888421052631579;0.868670234664471;0.888421052631579;0.8784346378018318;4220;638;530
701;parachute;4750;;0.8178947368421052;0.9477921444254697;0.8178947368421052;0.8780653181150412;3885;214;865
576;gondola;4750;;0.7896842105263158;0.9860672975814931;0.7896842105263158;0.8770166004208558;3751;53;999
100;black_swan;4750;;0.8726315789473684;0.880790480237994;0.8726315789473684;0.8766920473773265;4145;561;605
873;triumphal_arch;4750;;0.8233684210526315;0.9372154325425354;0.8233684210526315;0.8766110052672867;3911;262;839
354;Arabian_camel;4750;;0.7905263157894736;0.9781193019015368;0.7905263157894736;0.8743741995575735;3755;84;995
981;ballplayer;4750;;0.7810526315789473;0.9869646182495344;0.7810526315789473;0.8720178634387119;3710;49;1040
607;jack-o'-lantern;4750;;0.9145263157894736;0.8302752293577982;0.9145263157894736;0.8703666599879782;4344;888;406
420;banjo;4750;;0.7738947368421053;0.9929767693138843;0.7738947368421053;0.8698532891623285;3676;26;1074
796;ski_mask;4750;;0.8541052631578947;0.885421213443911;0.8541052631578947;0.8694813544792114;4057;525;693
903;wig;4750;;0.7932631578947369;0.959511077158136;0.7932631578947369;0.8685029388037341;3768;159;982
429;baseball;4750;;0.8938947368421053;0.8443030423543448;0.8938947368421053;0.8683914510686166;4246;783;504
802;snowmobile;4750;;0.8461052631578947;0.8911308203991131;0.8461052631578947;0.8680345572354211;4019;491;731
609;jeep;4750;;0.7892631578947369;0.9640010285420416;0.7892631578947369;0.8679245283018868;3749;140;1001
468;cab;4750;;0.8058947368421052;0.9375459221160911;0.8058947368421052;0.8667496886674969;3828;255;922
637;mailbox;4750;;0.7738947368421053;0.981313400961025;0.7738947368421053;0.8653483992467043;3676;70;1074
19;chickadee;4750;;0.8235789473684211;0.9114631873252563;0.8235789473684211;0.8652952886529528;3912;380;838
569;garbage_truck;4750;;0.7736842105263158;0.9773936170212766;0.7736842105263158;0.863689776733255;3675;85;1075
781;scoreboard;4750;;0.7690526315789473;0.9822532938962086;0.7690526315789473;0.8626756405714959;3653;66;1097
829;streetcar;4750;;0.7642105263157895;0.9899100081810744;0.7642105263157895;0.8625400974218842;3630;37;1120
678;neck_brace;4750;;0.763578947368421;0.9904423812124522;0.763578947368421;0.862339514978602;3627;35;1123
565;freight_car;4750;;0.7663157894736842;0.9840497431738308;0.7663157894736842;0.8616404308202155;3640;59;1110
515;cowboy_hat;4750;;0.8004210526315789;0.9325484424822174;0.8004210526315789;0.8614478305199954;3802;275;948
842;swimming_trunks;4750;;0.7863157894736842;0.9515923566878981;0.7863157894736842;0.8610951008645533;3735;190;1015
917;comic_book;4750;;0.755578947368421;0.9988867241859171;0.755578947368421;0.8603619801030804;3589;4;1161
518;crash_helmet;4750;;0.7726315789473684;0.9701295268305578;0.7726315789473684;0.8601898511660612;3670;113;1080
575;golfcart;4750;;0.7663157894736842;0.9795479009687836;0.7663157894736842;0.8599102291519017;3640;76;1110
757;recreational_vehicle;4750;;0.8237894736842105;0.8970655662540119;0.8237894736842105;0.8588674275680422;3913;449;837
139;ruddy_turnstone;4750;;0.7861052631578948;0.9457953394123607;0.7861052631578948;0.8585881811910785;3734;214;1016
444;bicycle-built-for-two;4750;;0.7825263157894737;0.9499105545617174;0.7825263157894737;0.8581322867366964;3717;196;1033
614;kimono;4750;;0.7724210526315789;0.9634978991596639;0.7724210526315789;0.8574433278803459;3669;139;1081
643;mask;4750;;0.8206315789473684;0.8958860032176511;0.8206315789473684;0.8566091638281507;3898;453;852
670;motor_scooter;4750;;0.8077894736842105;0.9116179615110478;0.8077894736842105;0.8565688134836477;3837;372;913
15;robin;4750;;0.8094736842105263;0.9074817087561954;0.8094736842105263;0.8556804272838543;3845;392;905
727;planetarium;4750;;0.787578947368421;0.9343156843156843;0.787578947368421;0.8546949965729953;3741;263;1009
722;ping-pong_ball;4750;;0.7473684210526316;0.9971910112359551;0.7473684210526316;0.8543922984356197;3550;10;1200
617;lab_coat;4750;;0.7684210526315789;0.9610321221695629;0.7684210526315789;0.8540009358914366;3650;148;1100
433;bathing_cap;4750;;0.7909473684210526;0.9278834280069153;0.7909473684210526;0.8539606773496988;3757;292;993
763;revolver;4750;;0.8964210526315789;0.8150842266462481;0.8964210526315789;0.8538199318227392;4258;966;492
736;pool_table;4750;;0.7981052631578948;0.9154793528133301;0.7981052631578948;0.8527724665391969;3791;350;959
779;school_bus;4750;;0.9244210526315789;0.7904590459045905;0.9244210526315789;0.8522076661814653;4391;1164;359
9;ostrich;4750;;0.8155789473684211;0.8915995397008055;0.8155789473684211;0.8518966465090709;3874;471;876
555;fire_engine;4750;;0.8136842105263158;0.8915801614763552;0.8136842105263158;0.8508530544854156;3865;470;885
136;European_gallinule;4750;;0.7717894736842106;0.9463087248322147;0.7717894736842106;0.8501855287569573;3666;208;1084
0;tench;4750;;0.7408421052631579;0.9968838526912182;0.7408421052631579;0.85;3519;11;1231
870;tricycle;4750;;0.7633684210526316;0.9562236286919831;0.7633684210526316;0.8489815031608522;3626;166;1124
537;dogsled;4750;;0.7517894736842106;0.9740861974904528;0.7517894736842106;0.8486216730038023;3571;95;1179
672;mountain_tent;4750;;0.7934736842105263;0.9106064266731094;0.7934736842105263;0.8480143998200023;3769;370;981
654;minibus;4750;;0.8096842105263158;0.8898658028690422;0.8096842105263158;0.8478835978835979;3846;476;904
627;limousine;4750;;0.7522105263157894;0.9688177874186551;0.7522105263157894;0.8468831476653235;3573;115;1177
148;killer_whale;4750;;0.7463157894736843;0.9787410270568746;0.7463157894736843;0.8468705207835643;3545;77;1205
466;bullet_train;4750;;0.7913684210526316;0.9077517507848346;0.7913684210526316;0.8455741761331684;3759;382;991
90;lorikeet;4750;;0.9227368421052632;0.7794771474301974;0.9227368421052632;0.8450785693627686;4383;1240;367
982;groom;4750;;0.8450526315789474;0.8432773109243697;0.8450526315789474;0.8441640378548897;4014;746;736
610;jersey;4750;;0.7357894736842105;0.9833989870568374;0.7357894736842105;0.8417630057803468;3495;59;1255
347;bison;4750;;0.7652631578947369;0.9344473007712082;0.7652631578947369;0.8414351851851852;3635;255;1115
144;pelican;4750;;0.7938947368421052;0.894874228761272;0.7938947368421052;0.8413654618473895;3771;443;979
886;vending_machine;4750;;0.7437894736842106;0.9676800876472199;0.7437894736842106;0.8410903463873349;3533;118;1217
752;racket;4750;;0.7903157894736842;0.8976566236250598;0.7903157894736842;0.8405732198835648;3754;428;996
456;bow;4750;;0.7410526315789474;0.9696969696969697;0.7410526315789474;0.8400954653937948;3520;110;1230
254;pug;4750;;0.7701052631578947;0.9232710752145381;0.7701052631578947;0.839761248852158;3658;304;1092
127;white_stork;4750;;0.7393684210526316;0.970702045328911;0.7393684210526316;0.8393881453154874;3512;106;1238
720;pill_bottle;4750;;0.7522105263157894;0.949003984063745;0.7522105263157894;0.8392248972401644;3573;192;1177
880;unicycle;4750;;0.7254736842105263;0.992797464707577;0.7254736842105263;0.8383408344483639;3446;25;1304
472;canoe;4750;;0.7294736842105263;0.9852146715951094;0.7294736842105263;0.8382726502963589;3465;52;1285
413;assault_rifle;4750;;0.8322105263157895;0.842138900724329;0.8322105263157895;0.83714527742482;3953;741;797
84;peacock;4750;;0.7505263157894737;0.9443708609271523;0.7505263157894737;0.8363636363636364;3565;210;1185
776;sax;4750;;0.7865263157894736;0.8922856460472892;0.7865263157894736;0.8360747454403044;3736;451;1014
387;lesser_panda;4750;;0.7412631578947368;0.9583560152422428;0.7412631578947368;0.8359449192782527;3521;153;1229
17;jay;4750;;0.7216842105263158;0.9927599189110918;0.7216842105263158;0.8357917834938438;3428;25;1322
12;house_finch;4750;;0.8029473684210526;0.8689906584643426;0.8029473684210526;0.8346646241383083;3814;575;936
561;forklift;4750;;0.7309473684210527;0.9711888111888112;0.7309473684210527;0.8341141141141142;3472;103;1278
953;pineapple;4750;;0.776;0.8972736124634859;0.776;0.8322420410927975;3686;422;1064
714;pick;4750;;0.7616842105263157;0.9147914032869785;0.7616842105263157;0.8312464101091327;3618;337;1132
496;Christmas_stocking;4750;;0.8174736842105264;0.8454169388199434;0.8174736842105264;0.8312105319490527;3883;710;867
820;steam_locomotive;4750;;0.8290526315789474;0.8316789862724393;0.8290526315789474;0.8303637322087506;3938;797;812
629;lipstick;4750;;0.7734736842105263;0.8960975609756098;0.7734736842105263;0.8302824858757061;3674;426;1076
528;dial_telephone;4750;;0.8094736842105263;0.8517944173681878;0.8094736842105263;0.8300949913644216;3845;669;905
571;gas_pump;4750;;0.7155789473684211;0.9852173913043478;0.7155789473684211;0.8290243902439025;3399;51;1351
594;harp;4750;;0.724421052631579;0.96875;0.724421052631579;0.8289568778607563;3441;111;1309
92;bee_eater;4750;;0.8486315789473684;0.810088424437299;0.8486315789473684;0.8289121941188567;4031;945;719
333;hamster;4750;;0.7924210526315789;0.8674809864023969;0.7924210526315789;0.8282539333259984;3764;575;986
457;bow_tie;4750;;0.7088421052631579;0.9932153392330384;0.7088421052631579;0.8272727272727273;3367;23;1383
711;perfume;4750;;0.712;0.9860058309037901;0.712;0.8268948655256724;3382;48;1368
661;Model_T;4750;;0.7968421052631579;0.8580820675583768;0.7968421052631579;0.8263290033839101;3785;626;965
491;chain_saw;4750;;0.7143157894736842;0.9766839378238342;0.7143157894736842;0.8251459143968872;3393;81;1357
605;iPod;4750;;0.7328421052631579;0.9438720173535792;0.7328421052631579;0.8250770324721498;3481;207;1269
850;teddy;4750;;0.8677894736842106;0.7855917667238422;0.8677894736842106;0.8246473942182655;4122;1125;628
667;mortarboard;4750;;0.8665263157894737;0.7856461156709296;0.8665263157894737;0.8241065171688858;4116;1123;634
652;military_uniform;4750;;0.7077894736842105;0.9859237536656892;0.7077894736842105;0.8240196078431373;3362;48;1388
603;horse_cart;4750;;0.7378947368421053;0.9319329965434725;0.7378947368421053;0.8236399953001997;3505;256;1245
717;pickup;4750;;0.7223157894736842;0.9573102678571429;0.7223157894736842;0.8233741300695945;3431;153;1319
656;minivan;4750;;0.7372631578947368;0.9318786588610963;0.7372631578947368;0.8232251998119418;3502;256;1248
954;banana;4750;;0.7686315789473684;0.8844476744186046;0.7686315789473684;0.8224825411128632;3651;477;1099
823;stethoscope;4750;;0.7431578947368421;0.9199895751889497;0.7431578947368421;0.8221730522883428;3530;307;1220
522;croquet_ball;4750;;0.7058947368421052;0.982420158218576;0.7058947368421052;0.8215116991302217;3353;60;1397
96;toucan;4750;;0.7566315789473684;0.8982754311422144;0.7566315789473684;0.8213918409324649;3594;407;1156
448;birdhouse;4750;;0.7574736842105263;0.8959163346613546;0.7574736842105263;0.8208989276751084;3598;418;1152
630;Loafer;4750;;0.8178947368421052;0.8236167055331779;0.8178947368421052;0.8207457483891413;3885;832;865
355;llama;4750;;0.7549473684210526;0.8989721734770619;0.7549473684210526;0.8206888660029752;3586;403;1164
445;bikini;4750;;0.7250526315789474;0.9433032046014791;0.7250526315789474;0.8199023925723129;3444;207;1306
921;book_jacket;4750;;0.6945263157894737;1.0;0.6945263157894737;0.8197291589017269;3299;0;1451
832;stupa;4750;;0.752;0.9002016129032258;0.752;0.8194540032117459;3572;396;1178
425;barn;4750;;0.8522105263157894;0.788315481986368;0.8522105263157894;0.8190187152250884;4048;1087;702
458;brass;4750;;0.696;0.9942857142857143;0.696;0.8188235294117647;3306;19;1444
867;trailer_truck;4750;;0.836421052631579;0.8016545601291364;0.836421052631579;0.8186688646198228;3973;983;777
389;barracouta;4750;;0.776;0.8660714285714286;0.776;0.818565400843882;3686;570;1064
795;ski;4750;;0.7191578947368421;0.9488888888888889;0.7191578947368421;0.8182035928143713;3416;184;1334
13;junco;4750;;0.7103157894736842;0.963449457452884;0.7103157894736842;0.8177411536597189;3374;128;1376
141;redshank;4750;;0.6987368421052632;0.9845743102936814;0.6987368421052632;0.8173870213027952;3319;52;1431
514;cowboy_boot;4750;;0.6955789473684211;0.989517819706499;0.6955789473684211;0.816911855606379;3304;35;1446
821;steel_arch_bridge;4750;;0.7298947368421053;0.9270053475935829;0.7298947368421053;0.8167255594817433;3467;273;1283
671;mountain_bike;4750;;0.8833684210526316;0.7593195801664857;0.8833684210526316;0.8166601790579991;4196;1330;554
963;pizza;4750;;0.7987368421052632;0.8338461538461538;0.7987368421052632;0.8159139784946237;3794;756;956
195;Boston_bull;4750;;0.7606315789473684;0.8792893648089559;0.7606315789473684;0.8156676825826844;3613;496;1137
665;moped;4750;;0.716;0.9473537604456824;0.716;0.8155875299760191;3401;189;1349
543;dumbbell;4750;;0.7456842105263158;0.8996697993395987;0.7456842105263158;0.8154713940370669;3542;395;1208
793;shower_cap;4750;;0.7069473684210527;0.9630054488098652;0.7069473684210527;0.8153453927400752;3358;129;1392
822;steel_drum;4750;;0.6976842105263158;0.9798935541099941;0.6976842105263158;0.8150516478111166;3314;68;1436
919;street_sign;4750;;0.6892631578947368;0.9969549330085262;0.6892631578947368;0.8150360965894947;3274;10;1476
476;carousel;4750;;0.7448421052631579;0.8995677599796593;0.7448421052631579;0.8149257169181159;3538;395;1212
933;cheeseburger;4750;;0.8362105263157895;0.7940823670531787;0.8362105263157895;0.8146021328958162;3972;1030;778
628;liner;4750;;0.7178947368421053;0.9391352244560727;0.7178947368421053;0.8137453764467247;3410;221;1340
135;limpkin;4750;;0.6964210526315789;0.9784087548062703;0.6964210526315789;0.8136760546058295;3308;73;1442
541;drum;4750;;0.7551578947368421;0.8813267813267813;0.7551578947368421;0.8133786848072562;3587;483;1163
94;hummingbird;4750;;0.739578947368421;0.9012314007183171;0.739578947368421;0.8124421831637372;3513;385;1237
863;totem_pole;4750;;0.7023157894736842;0.9622151716181137;0.7023157894736842;0.8119751734209566;3336;131;1414
574;golf_ball;4750;;0.7387368421052631;0.9002052334530528;0.7387368421052631;0.8115171137835338;3509;389;1241
547;electric_locomotive;4750;;0.7090526315789474;0.9484652210644888;0.7090526315789474;0.8114684977713529;3368;183;1382
751;racer;4750;;0.7317894736842105;0.909233586188857;0.7317894736842105;0.8109179983669661;3476;347;1274
471;cannon;4750;;0.7018947368421052;0.9597006332757628;0.7018947368421052;0.8107976653696498;3334;140;1416
803;snowplow;4750;;0.7532631578947369;0.8752446183953033;0.7532631578947369;0.8096854491966508;3578;510;1172
770;running_shoe;4750;;0.8383157894736842;0.7804782438259507;0.8383157894736842;0.808363784003248;3982;1120;768
578;gown;4750;;0.7568421052631579;0.8666827386692382;0.7568421052631579;0.8080467520791188;3595;553;1155
601;hoopskirt;4750;;0.7002105263157895;0.9546498277841562;0.7002105263157895;0.8078698081127036;3326;158;1424
916;web_site;4750;;0.6842105263157895;0.9860436893203883;0.6842105263157895;0.8078548347004723;3250;46;1500
761;remote_control;4750;;0.7071578947368421;0.9406328759451135;0.7071578947368421;0.8073548852301405;3359;212;1391
929;ice_lolly;4750;;0.7002105263157895;0.9513729977116705;0.7002105263157895;0.8066941547416928;3326;170;1424
486;cello;4750;;0.6861052631578948;0.97750449910018;0.6861052631578948;0.8062840178129639;3259;75;1491
612;jinrikisha;4750;;0.6907368421052632;0.9675611913889708;0.6907368421052632;0.8060434836015232;3281;110;1469
91;coucal;4750;;0.696;0.9568740955137482;0.696;0.8058500914076783;3306;149;1444
715;pickelhaube;4750;;0.7117894736842105;0.9268092105263158;0.7117894736842105;0.8051917123124553;3381;267;1369
693;paddle;4750;;0.8298947368421052;0.781832606108687;0.8298947368421052;0.8051470588235293;3942;1100;808
737;pop_bottle;4750;;0.6901052631578948;0.9658220388921627;0.6901052631578948;0.8050098231827112;3278;116;1472
88;macaw;4750;;0.8966315789473684;0.730281207133059;0.8966315789473684;0.804951804951805;4259;1573;491
540;drilling_platform;4750;;0.6789473684210526;0.9883542752068648;0.6789473684210526;0.8049419692998877;3225;38;1525
400;academic_gown;4750;;0.6774736842105263;0.9898492771454936;0.6774736842105263;0.8043994500687415;3218;33;1532
131;little_blue_heron;4750;;0.7309473684210527;0.8934637159032424;0.7309473684210527;0.8040759610930988;3472;414;1278
719;piggy_bank;4750;;0.6945263157894737;0.9534682080924856;0.6945263157894737;0.8036540803897685;3299;161;1451
872;tripod;4750;;0.7006315789473684;0.9411764705882353;0.7006315789473684;0.8032826454260197;3328;208;1422
608;jean;4750;;0.7442105263157894;0.8724086870681145;0.7442105263157894;0.8032265394228584;3535;517;1215
89;sulphur-crested_cockatoo;4750;;0.7033684210526315;0.9355922710725287;0.7033684210526315;0.8030284821535874;3341;230;1409
404;airliner;4750;;0.6903157894736842;0.9584916691026015;0.6903157894736842;0.802594541671766;3279;142;1471
284;Siamese_cat;4750;;0.9109473684210526;0.7168654738237243;0.9109473684210526;0.8023363619506768;4327;1709;423
10;brambling;4750;;0.7658947368421053;0.8421296296296297;0.7658947368421053;0.8022050716648291;3638;682;1112
791;shopping_cart;4750;;0.7197894736842105;0.9056953642384106;0.7197894736842105;0.8021114369501465;3419;356;1331
830;stretcher;4750;;0.6768421052631579;0.9840832568105295;0.6768421052631579;0.8020456529874017;3215;52;1535
814;speedboat;4750;;0.7454736842105263;0.8674669279764822;0.7454736842105263;0.8018568840579711;3541;541;1209
895;warplane;4750;;0.752;0.8586538461538461;0.752;0.8017957351290684;3572;588;1178
946;cardoon;4750;;0.7903157894736842;0.8130820879358891;0.7903157894736842;0.8015373118394363;3754;863;996
959;carbonara;4750;;0.7008421052631579;0.9356379988757729;0.7008421052631579;0.801396244583534;3329;229;1421
14;indigo_bunting;4750;;0.9134736842105263;0.7134166392634002;0.9134736842105263;0.8011447562776958;4339;1743;411
986;yellow_lady's_slipper;4750;;0.6694736842105263;0.9971777986829727;0.6694736842105263;0.8011084519460889;3180;9;1570
291;lion;4750;;0.9225263157894736;0.707687338501292;0.9225263157894736;0.8009504660939499;4382;1810;368
18;magpie;4750;;0.8488421052631578;0.7577523021988348;0.8488421052631578;0.8007149240393208;4032;1289;718
707;pay-phone;4750;;0.6757894736842105;0.9801526717557252;0.6757894736842105;0.7999999999999999;3210;65;1540
538;dome;4750;;0.7612631578947369;0.8419091967403958;0.7612631578947369;0.7995577667219459;3616;679;1134
98;red-breasted_merganser;4750;;0.7591578947368421;0.8442987590728167;0.7591578947368421;0.799467908214167;3606;665;1144
812;space_shuttle;4750;;0.7126315789473684;0.9097016930932545;0.7126315789473684;0.7991972612442451;3385;336;1365
837;sunglasses;4750;;0.7728421052631579;0.8251292425264104;0.7728421052631579;0.7981302315469072;3671;778;1079
755;radio_telescope;4750;;0.735578947368421;0.8711044627274994;0.735578947368421;0.7976258417988814;3494;517;1256
245;French_bulldog;4750;;0.720421052631579;0.8932393630905768;0.720421052631579;0.7975760400885678;3422;409;1328
949;strawberry;4750;;0.7498947368421053;0.8505253104106972;0.7498947368421053;0.797046319087044;3562;626;1188
697;pajama;4750;;0.6690526315789473;0.9823802163833075;0.6690526315789473;0.7959924859110832;3178;57;1572
566;French_horn;4750;;0.7562105263157894;0.839841010053776;0.7562105263157894;0.7958347180680181;3592;685;1158
459;brassiere;4750;;0.7966315789473685;0.7947910102919554;0.7966315789473685;0.7957102302596993;3784;977;966
775;sarong;4750;;0.7096842105263158;0.9044808156694393;0.7096842105263158;0.7953285360386929;3371;356;1379
440;beer_bottle;4750;;0.7246315789473684;0.8798568507157464;0.7246315789473684;0.7947356268760102;3442;470;1308
321;admiral;4750;;0.7922105263157895;0.7970768904893031;0.7922105263157895;0.7946362580508922;3763;958;987
927;trifle;4750;;0.7202105263157895;0.886039886039886;0.7202105263157895;0.7945650911624665;3421;440;1329
747;punching_bag;4750;;0.6703157894736842;0.9734026291653929;0.6703157894736842;0.7939159705772347;3184;87;1566
834;suit;4750;;0.6772631578947368;0.9585816448152562;0.6772631578947368;0.7937330372563532;3217;139;1533
511;convertible;4750;;0.6964210526315789;0.9219620958751393;0.6964210526315789;0.7934756536339651;3308;280;1442
105;koala;4750;;0.6898947368421052;0.9288548752834467;0.6898947368421052;0.7917371345735685;3277;251;1473
849;teapot;4750;;0.8151578947368421;0.7694753577106518;0.8151578947368421;0.791658147618074;3872;1160;878
621;lawn_mower;4750;;0.8122105263157895;0.7717543508701741;0.8122105263157895;0.7914657913632168;3858;1141;892
642;marimba;4750;;0.6581052631578947;0.9911223842739378;0.6581052631578947;0.7909919028340081;3126;28;1624
924;guacamole;4750;;0.6791578947368421;0.9463185684951598;0.6791578947368421;0.7907831842137517;3226;183;1524
638;maillot;4750;;0.6783157894736842;0.9479258605472197;0.6783157894736842;0.790771873849552;3222;177;1528
934;hotdog;4750;;0.6677894736842105;0.9691414604338527;0.6677894736842105;0.790726660850056;3172;101;1578
391;coho;4750;;0.756;0.8283737024221454;0.756;0.7905338470005504;3591;744;1159
422;barbell;4750;;0.7067368421052631;0.8961558996262681;0.7067368421052631;0.7902542372881356;3357;389;1393
132;American_egret;4750;;0.8086315789473684;0.7726815530074431;0.8086315789473684;0.7902479168809793;3841;1130;909
945;bell_pepper;4750;;0.7669473684210526;0.814442208808406;0.7669473684210526;0.7899815678195814;3643;830;1107
866;tractor;4750;;0.7962105263157895;0.7836717778698715;0.7962105263157895;0.789891395154553;3782;1044;968
740;power_drill;4750;;0.664;0.9734567901234568;0.664;0.7894868585732167;3154;86;1596
498;cinema;4750;;0.6612631578947369;0.9791147132169576;0.6612631578947369;0.78939432018095;3141;67;1609
864;tow_truck;4750;;0.6677894736842105;0.9635479951397327;0.6677894736842105;0.7888584929122109;3172;120;1578
817;sports_car;4750;;0.6517894736842105;0.9983876168977749;0.6517894736842105;0.788689338937715;3096;5;1654
684;ocarina;4750;;0.6570526315789473;0.9820641913152927;0.6570526315789473;0.7873360242179617;3121;57;1629
616;knot;4750;;0.716421052631579;0.8736842105263158;0.716421052631579;0.787275882012724;3403;492;1347
808;sombrero;4750;;0.7568421052631579;0.8200273722627737;0.7568421052631579;0.7871688197941755;3595;789;1155
402;acoustic_guitar;4750;;0.7871578947368421;0.7866610561750473;0.7871578947368421;0.7869093970325161;3739;1014;1011
178;Weimaraner;4750;;0.6932631578947368;0.9091662065157372;0.6932631578947368;0.7866698518872431;3293;329;1457
25;European_fire_salamander;4750;;0.7012631578947368;0.8951894651975275;0.7012631578947368;0.7864478810057844;3331;390;1419
783;screw;4750;;0.6585263157894737;0.97597503900156;0.6585263157894737;0.7864236329352609;3128;77;1622
646;maze;4750;;0.7191578947368421;0.867005076142132;0.7191578947368421;0.7861910241657077;3416;524;1334
465;bulletproof_vest;4750;;0.7368421052631579;0.8421559191530318;0.7368421052631579;0.7859869750729844;3500;656;1250
688;oscilloscope;4750;;0.6736842105263158;0.9422850412249706;0.6736842105263158;0.7856616744414437;3200;196;1550
51;triceratops;4750;;0.6530526315789473;0.9853875476493011;0.6530526315789473;0.7855153203342619;3102;46;1648
687;organ;4750;;0.7111578947368421;0.8771747598026487;0.7111578947368421;0.7854900592954307;3378;473;1372
467;butcher_shop;4750;;0.6610526315789473;0.9667487684729064;0.6610526315789473;0.7851962990747686;3140;108;1610
592;hard_disc;4750;;0.6827368421052632;0.9223549488054608;0.6827368421052632;0.7846600532300992;3243;273;1507
915;yurt;4750;;0.6486315789473684;0.9916317991631799;0.6486315789473684;0.7842688048873617;3081;26;1669
122;American_lobster;4750;;0.7269473684210527;0.8504926108374384;0.7269473684210527;0.7838819523269012;3453;607;1297
16;bulbul;4750;;0.7075789473684211;0.8752604166666667;0.7075789473684211;0.7825378346915017;3361;479;1389
838;sunscreen;4750;;0.648;0.9852752880921894;0.648;0.7818135636271273;3078;46;1672
427;barrel;4750;;0.6667368421052632;0.9419988102320047;0.6667368421052632;0.780818540433925;3167;195;1583
419;Band_Aid;4750;;0.6444210526315789;0.9899741267787839;0.6444210526315789;0.7806681968885487;3061;31;1689
483;castle;4750;;0.6968421052631579;0.8859743040685225;0.6968421052631579;0.7801084138581194;3310;426;1440
983;scuba_diver;4750;;0.7307368421052631;0.836587129428778;0.7307368421052631;0.7800876502977863;3471;678;1279
327;starfish;4750;;0.6532631578947369;0.9666666666666667;0.6532631578947369;0.7796482412060302;3103;107;1647
991;coral_fungus;4750;;0.6541052631578947;0.9634108527131783;0.6541052631578947;0.7791849529780566;3107;118;1643
454;bookshop;4750;;0.7488421052631579;0.8119150878794795;0.7488421052631579;0.779104150695433;3557;824;1193
980;volcano;4750;;0.6627368421052632;0.9436450839328537;0.6627368421052632;0.7786297303982191;3148;188;1602
639;maillot;4750;;0.6924210526315789;0.8889189189189189;0.6924210526315789;0.7784615384615384;3289;411;1461
447;binoculars;4750;;0.6587368421052632;0.9501973883996356;0.6587368421052632;0.7780678851174935;3129;164;1621
130;flamingo;4750;;0.8421052631578947;0.7205908845253107;0.8421052631578947;0.7766236287739053;4000;1551;750
695;padlock;4750;;0.7343157894736843;0.8232239792305877;0.7343157894736843;0.7762323355958607;3488;749;1262
532;dining_table;4750;;0.66;0.9411588111678175;0.66;0.7758940725157778;3135;196;1615
739;potter's_wheel;4750;;0.6406315789473684;0.9819296547273314;0.6406315789473684;0.7753853994139381;3043;56;1707
80;black_grouse;4750;;0.6534736842105263;0.9509803921568627;0.6534736842105263;0.7746443723483903;3104;160;1646
708;pedestal;4750;;0.6450526315789473;0.969313508383423;0.6450526315789473;0.7746176210340032;3064;97;1686
455;bottlecap;4750;;0.6772631578947368;0.90415964024733;0.6772631578947368;0.7744342802118439;3217;341;1533
852;tennis_ball;4750;;0.7734736842105263;0.774778574441164;0.7734736842105263;0.7741255794353138;3674;1068;1076
682;obelisk;4750;;0.7343157894736843;0.8174361378017342;0.7343157894736843;0.7736497726516579;3488;779;1262
293;cheetah;4750;;0.7282105263157894;0.8239637922820391;0.7282105263157894;0.7731336611533303;3459;739;1291
346;water_buffalo;4750;;0.7532631578947369;0.7940523746116289;0.7532631578947369;0.7731201382886776;3578;928;1172
993;gyromitra;4750;;0.6538947368421053;0.9452221545952526;0.6538947368421053;0.7730214036834246;3106;180;1644
113;snail;4750;;0.6734736842105263;0.904950495049505;0.6734736842105263;0.7722389861194932;3199;336;1551
87;African_grey;4750;;0.6774736842105263;0.8971285196543072;0.6774736842105263;0.7719803286553917;3218;369;1532
559;folding_chair;4750;;0.6745263157894736;0.9015194147439505;0.6745263157894736;0.7716763005780346;3204;350;1546
365;orangutan;4750;;0.6576842105263158;0.9325373134328359;0.6576842105263158;0.771358024691358;3124;226;1626
593;harmonica;4750;;0.6797894736842105;0.8910044150110376;0.6797894736842105;0.7711965607833771;3229;395;1521
366;gorilla;4750;;0.7993684210526316;0.74421795374363;0.7993684210526316;0.7708079577750712;3797;1305;953
897;washer;4750;;0.6597894736842105;0.9263966893289979;0.6597894736842105;0.7706873232509529;3134;249;1616
554;fireboat;4750;;0.6896842105263158;0.8726691529035695;0.6896842105263158;0.7704609595484477;3276;478;1474
888;viaduct;4750;;0.7694736842105263;0.7714225411566061;0.7694736842105263;0.7704468802698144;3655;1083;1095
788;shoe_shop;4750;;0.6747368421052632;0.8975077009241109;0.6747368421052632;0.7703401033529624;3205;366;1545
405;airship;4750;;0.7141052631578947;0.8352622506771731;0.7141052631578947;0.7699466575871069;3392;669;1358
403;aircraft_carrier;4750;;0.6749473684210526;0.8955307262569833;0.6749473684210526;0.7697478991596639;3206;374;1544
675;moving_van;4750;;0.6294736842105263;0.9900662251655629;0.6294736842105263;0.7696267696267696;2990;30;1760
76;tarantula;4750;;0.7023157894736842;0.8510204081632653;0.7023157894736842;0.7695501730103806;3336;584;1414
480;cash_machine;4750;;0.6576842105263158;0.9270029673590504;0.6576842105263158;0.7694581280788177;3124;246;1626
948;Granny_Smith;4750;;0.8465263157894737;0.7051911609961417;0.8465263157894737;0.7694221201683887;4021;1681;729
918;crossword_puzzle;4750;;0.6271578947368421;0.9946577629382304;0.6271578947368421;0.7692704970948999;2979;16;1771
724;pirate;4750;;0.724;0.8182250773257197;0.724;0.7682341114710153;3439;764;1311
71;scorpion;4750;;0.688;0.8693801542963554;0.688;0.768127864613938;3268;491;1482
631;lotion;4750;;0.6303157894736842;0.9822834645669292;0.6303157894736842;0.7678892023595794;2994;54;1756
156;Blenheim_spaniel;4750;;0.7357894736842105;0.8027101515847497;0.7357894736842105;0.7677943760984183;3495;859;1255
20;water_ouzel;4750;;0.6402105263157895;0.956590122680088;0.6402105263157895;0.7670576365241518;3041;138;1709
585;hair_spray;4750;;0.6286315789473684;0.9832071122818571;0.6286315789473684;0.7669192243482728;2986;51;1764
660;mobile_home;4750;;0.6311578947368421;0.9768654284783317;0.6311578947368421;0.7668499808159611;2998;71;1752
655;miniskirt;4750;;0.7633684210526316;0.77017841971113;0.7633684210526316;0.7667582998519772;3626;1082;1124
692;packet;4750;;0.6237894736842106;0.9929624664879356;0.6237894736842106;0.7662270493922937;2963;21;1787
97;drake;4750;;0.8545263157894737;0.6944396920444824;0.8545263157894737;0.7662104766399244;4059;1786;691
501;cloak;4750;;0.632;0.9724651765468092;0.632;0.7661094806686233;3002;85;1748
140;red-backed_sandpiper;4750;;0.6797894736842105;0.8769690385659967;0.6797894736842105;0.7658918406072106;3229;453;1521
436;beach_wagon;4750;;0.6338947368421053;0.9653735171529336;0.6338947368421053;0.7652814843055027;3011;108;1739
889;violin;4750;;0.8006315789473685;0.7326141398574456;0.8006315789473685;0.7651141736243839;3803;1388;947
437;beacon;4750;;0.8111578947368421;0.7235680751173709;0.8111578947368421;0.764863523573201;3853;1472;897
286;cougar;4750;;0.6772631578947368;0.8784817039868924;0.6772631578947368;0.7648597242035188;3217;445;1533
490;chain_mail;4750;;0.6637894736842105;0.8965027011657662;0.6637894736842105;0.7627918229103664;3153;364;1597
399;abaya;4750;;0.6835789473684211;0.8624169986719787;0.6835789473684211;0.7626541397533764;3247;518;1503
683;oboe;4750;;0.7294736842105263;0.7989393590039198;0.7294736842105263;0.7626279300099043;3465;872;1285
860;tobacco_shop;4750;;0.6343157894736842;0.954084863837872;0.6343157894736842;0.7620131512392514;3013;145;1737
759;reflex_camera;4750;;0.6930526315789474;0.8460549987149832;0.6930526315789474;0.7619488485129036;3292;599;1458
296;ice_bear;4750;;0.7189473684210527;0.8102016607354685;0.7189473684210527;0.7618516452872282;3415;800;1335
841;sweatshirt;4750;;0.7844210526315789;0.7404610492845787;0.7844210526315789;0.7618074013494174;3726;1306;1024
95;jacamar;4750;;0.66;0.8985382631126397;0.66;0.7610146862483312;3135;354;1615
551;face_powder;4750;;0.6263157894736842;0.9693711306614532;0.6263157894736842;0.7609668755595345;2975;94;1775
743;prison;4750;;0.6749473684210526;0.871906445471852;0.6749473684210526;0.7608876231161741;3206;471;1544
147;grey_whale;4750;;0.6452631578947369;0.9265417170495768;0.6452631578947369;0.7607346736162819;3065;243;1685
416;balance_beam;4750;;0.7766315789473685;0.7452525252525253;0.7766315789473685;0.760618556701031;3689;1261;1061
785;seat_belt;4750;;0.7408421052631579;0.7807854448635456;0.7408421052631579;0.7602895106405965;3519;988;1231
335;fox_squirrel;4750;;0.7107368421052631;0.8172355361897845;0.7107368421052631;0.7602747438351537;3376;755;1374
698;palace;4750;;0.6231578947368421;0.9740046067785456;0.6231578947368421;0.7600462190268328;2960;79;1790
887;vestment;4750;;0.6570526315789473;0.900461627236007;0.6570526315789473;0.7597370983446934;3121;345;1629
774;sandal;4750;;0.6425263157894737;0.9279416235937975;0.6425263157894737;0.7592984202015176;3052;237;1698
235;German_shepherd;4750;;0.8069473684210526;0.7165825387922976;0.8069473684210526;0.7590850579265275;3833;1516;917
487;cellular_telephone;4750;;0.7696842105263157;0.7476482617586913;0.7696842105263157;0.75850622406639;3656;1234;1094
142;dowitcher;4750;;0.6753684210526316;0.8639913816321034;0.6753684210526316;0.7581235968332743;3208;505;1542
819;stage;4750;;0.672;0.869281045751634;0.672;0.7580147233436237;3192;480;1558
300;tiger_beetle;4750;;0.6829473684210526;0.85099685204617;0.6829473684210526;0.7577668768979211;3244;568;1506
659;mixing_bowl;4750;;0.6625263157894736;0.8834924199887704;0.6625263157894736;0.757218479307026;3147;415;1603
858;tile_roof;4750;;0.7101052631578947;0.8100384245917387;0.7101052631578947;0.7567870765088625;3373;791;1377
931;bagel;4750;;0.6597894736842105;0.8863122171945701;0.6597894736842105;0.7564566739077963;3134;402;1616
932;pretzel;4750;;0.6193684210526316;0.9712776493892373;0.6193684210526316;0.7563954235762952;2942;87;1808
477;carpenter's_kit;4750;;0.6564210526315789;0.89136649514008;0.6564210526315789;0.7560620756547041;3118;380;1632
679;necklace;4750;;0.6541052631578947;0.8953890489913545;0.6541052631578947;0.7559610705596108;3107;363;1643
494;chime;4750;;0.7113684210526315;0.8056747734859323;0.7113684210526315;0.7555903398926654;3379;815;1371
523;crutch;4750;;0.6202105263157894;0.9655850540806293;0.6202105263157894;0.7552877836174849;2946;105;1804
410;apiary;4750;;0.6250526315789474;0.9540488431876607;0.6250526315789474;0.7552785550750446;2969;143;1781
308;fly;4750;;0.6637894736842105;0.8753470294280955;0.6637894736842105;0.7550287356321839;3153;449;1597
137;American_coot;4750;;0.6909473684210526;0.8315176083101089;0.6909473684210526;0.7547430148327009;3282;665;1468
217;English_springer;4750;;0.7126315789473684;0.8021327014218009;0.7126315789473684;0.7547380156075809;3385;835;1365
535;disk_brake;4750;;0.6734736842105263;0.8569515135279936;0.6734736842105263;0.754214310974891;3199;534;1551
898;water_bottle;4750;;0.6623157894736842;0.8746177370030581;0.6623157894736842;0.7538037618305978;3146;451;1604
322;ringlet;4750;;0.6141052631578947;0.9755852842809365;0.6141052631578947;0.7537467700258398;2917;73;1833
449;boathouse;4750;;0.624421052631579;0.950336430631208;0.624421052631579;0.7536526489645533;2966;155;1784
787;shield;4750;;0.6254736842105263;0.9470832005100415;0.6254736842105263;0.7533916571573476;2971;166;1779
806;sock;4750;;0.7174736842105263;0.7925581395348837;0.7174736842105263;0.7531491712707182;3408;892;1342
901;whiskey_jug;4750;;0.6328421052631579;0.9297865759356635;0.6328421052631579;0.7531003382187147;3006;227;1744
990;buckeye;4750;;0.6463157894736842;0.9008215962441315;0.6463157894736842;0.752635449865163;3070;338;1680
1;goldfish;4750;;0.7593684210526316;0.7458643507030603;0.7593684210526316;0.7525558105570623;3607;1229;1143
415;bakery;4750;;0.6471578947368422;0.8972562755399883;0.6471578947368422;0.7519569471624266;3074;352;1676
392;rock_beauty;4750;;0.7288421052631578;0.7765814266487214;0.7288421052631578;0.7519548218940051;3462;996;1288
309;bee;4750;;0.6774736842105263;0.8446194225721785;0.6774736842105263;0.7518691588785048;3218;592;1532
258;Samoyed;4750;;0.6505263157894737;0.8902333621434745;0.6505263157894737;0.7517333657705876;3090;381;1660
958;hay;4750;;0.6755789473684211;0.8462552742616034;0.6755789473684211;0.7513462889253103;3209;583;1541
702;parallel_bars;4750;;0.644;0.9012964054213317;0.644;0.7512278978388999;3059;335;1691
128;black_stork;4750;;0.6846315789473684;0.8319263238679969;0.6846315789473684;0.7511259960734494;3252;657;1498
350;ibex;4750;;0.6412631578947369;0.9062778934840822;0.6412631578947369;0.751078781901122;3046;315;1704
424;barbershop;4750;;0.6237894736842106;0.9409336297237219;0.6237894736842106;0.7502215470312699;2963;186;1787
756;rain_barrel;4750;;0.6286315789473684;0.9293495175848117;0.6286315789473684;0.7499686047971871;2986;227;1764
965;burrito;4750;;0.627578947368421;0.9306899781454886;0.627578947368421;0.7496542185338867;2981;222;1769
760;refrigerator;4750;;0.640421052631579;0.9029385574354408;0.640421052631579;0.7493533686414584;3042;327;1708
869;trench_coat;4750;;0.6461052631578947;0.8916327716443928;0.6461052631578947;0.749267578125;3069;373;1681
951;lemon;4750;;0.6886315789473684;0.8214465092918132;0.6886315789473684;0.749198350893266;3271;711;1479
741;prayer_rug;4750;;0.6122105263157894;0.9645107794361526;0.6122105263157894;0.7490019317450096;2908;107;1842
857;throne;4750;;0.608421052631579;0.9724091520861373;0.608421052631579;0.7485107485107486;2890;82;1860
283;Persian_cat;4750;;0.6871578947368421;0.8217522658610272;0.6871578947368421;0.7484521898647098;3264;708;1486
966;red_wine;4750;;0.7728421052631579;0.725207427894113;0.7728421052631579;0.748267427639625;3671;1391;1079
974;geyser;4750;;0.6869473684210526;0.8198492462311557;0.6869473684210526;0.7475372279495991;3263;717;1487
624;library;4750;;0.6172631578947368;0.9473344103392569;0.6172631578947368;0.7474824729126832;2932;163;1818
862;torch;4750;;0.6075789473684211;0.9710632570659489;0.6075789473684211;0.7474747474747475;2886;86;1864
470;candle;4750;;0.7370526315789474;0.7579562675903875;0.7370526315789474;0.7473583093179634;3501;1118;1249
957;pomegranate;4750;;0.6290526315789474;0.9191018148262073;0.6290526315789474;0.7469066366704162;2988;263;1762
865;toyshop;4750;;0.6989473684210527;0.8017387104564115;0.6989473684210527;0.7468226296254641;3320;821;1430
497;church;4750;;0.6835789473684211;0.822650114010641;0.6835789473684211;0.7466942623893297;3247;700;1503
937;broccoli;4750;;0.7578947368421053;0.7352941176470589;0.7578947368421053;0.7464233879328219;3600;1296;1150
557;flagpole;4750;;0.763578947368421;0.72875226039783;0.763578947368421;0.7457592268942119;3627;1350;1123
738;pot;4750;;0.6416842105263157;0.8899270072992701;0.6416842105263157;0.7456880733944953;3048;377;1702
762;restaurant;4750;;0.6381052631578947;0.895950339934969;0.6381052631578947;0.7453584163285382;3031;352;1719
529;diaper;4750;;0.7332631578947368;0.7548764629388817;0.7332631578947368;0.7439128577530969;3483;1131;1267
78;tick;4750;;0.6372631578947369;0.8929203539823009;0.6372631578947369;0.7437346437346438;3027;363;1723
622;lens_cap;4750;;0.6332631578947369;0.900868523510033;0.6332631578947369;0.7437260477191248;3008;331;1742
825;stone_wall;4750;;0.6774736842105263;0.8240717029449424;0.6774736842105263;0.7436164067013287;3218;687;1532
351;hartebeest;4750;;0.5991578947368421;0.979016167870657;0.5991578947368421;0.7433720778372731;2846;61;1904
247;Saint_Bernard;4750;;0.6098947368421053;0.9513957307060755;0.6098947368421053;0.7432969852469532;2897;148;1853
367;chimpanzee;4750;;0.6431578947368422;0.8798963133640553;0.6431578947368422;0.7431281926538554;3055;417;1695
882;vacuum;4750;;0.6016842105263158;0.9711179068977234;0.6016842105263158;0.7430131288184064;2858;85;1892
243;bull_mastiff;4750;;0.6305263157894737;0.9042874396135265;0.6305263157894737;0.742991813445795;2995;317;1755
816;spindle;4750;;0.5993684210526316;0.975;0.5993684210526316;0.742372881355932;2847;73;1903
383;Madagascar_cat;4750;;0.6698947368421052;0.8316779926816519;0.6698947368421052;0.7420708955223879;3182;644;1568
847;tank;4750;;0.7351578947368421;0.7480719794344473;0.7351578947368421;0.7415587173497559;3492;1176;1258
875;trombone;4750;;0.6136842105263158;0.9357945425361156;0.6136842105263158;0.7412587412587414;2915;200;1835
995;earthstar;4750;;0.6303157894736842;0.8988291804262984;0.6303157894736842;0.7409974013117188;2994;337;1756
801;snorkel;4750;;0.7467368421052631;0.7352819237147595;0.7467368421052631;0.7409651138500105;3547;1277;1203
225;malinois;4750;;0.6957894736842105;0.7919961658279415;0.6957894736842105;0.7407822481228287;3305;868;1445
546;electric_guitar;4750;;0.8092631578947368;0.6828921655711494;0.8092631578947368;0.740726466904326;3844;1785;906
23;vulture;4750;;0.7665263157894737;0.7158867479355092;0.7665263157894737;0.7403416022773486;3641;1445;1109
979;valley;4750;;0.6421052631578947;0.8739255014326648;0.6421052631578947;0.7402912621359223;3050;440;1700
690;oxcart;4750;;0.6863157894736842;0.8033514046328241;0.6863157894736842;0.740236148955495;3260;798;1490
960;chocolate_sauce;4750;;0.636;0.8851450336946968;0.636;0.7401690554943036;3021;392;1729
85;quail;4750;;0.612;0.936231884057971;0.612;0.7401654996817314;2907;198;1843
703;park_bench;4750;;0.6915789473684211;0.795977707778047;0.6915789473684211;0.7401149036836769;3285;842;1465
595;harvester;4750;;0.6743157894736842;0.8193911486313635;0.6743157894736842;0.7398082919505716;3203;706;1547
764;rifle;4750;;0.6138947368421053;0.9298469387755102;0.6138947368421053;0.7395384225209232;2916;220;1834
967;espresso;4750;;0.796;0.6898376208721037;0.796;0.7391261851236439;3781;1700;969
602;horizontal_bar;4750;;0.6225263157894737;0.909007070396557;0.6225263157894737;0.7389728851680619;2957;296;1793
732;Polaroid_camera;4750;;0.6869473684210526;0.7991672789615479;0.6869473684210526;0.7388203328427488;3263;820;1487
513;cornet;4750;;0.7231578947368421;0.7549450549450549;0.7231578947368421;0.7387096774193549;3435;1115;1315
253;basenji;4750;;0.6785263157894736;0.8065565565565566;0.6785263157894736;0.7370226389206495;3223;773;1527
845;syringe;4750;;0.6351578947368421;0.8778004073319755;0.6351578947368421;0.7370221082203493;3017;420;1733
138;bustard;4750;;0.6151578947368421;0.9185790631876768;0.6151578947368421;0.7368553776320765;2922;259;1828
580;greenhouse;4750;;0.6751578947368421;0.8108723135271808;0.6751578947368421;0.7368179207352096;3207;748;1543
21;kite;4750;;0.8162105263157895;0.6711095724424442;0.8162105263157895;0.7365821221620594;3877;1900;873
442;bell_cote;4750;;0.6511578947368422;0.8473972602739726;0.6511578947368422;0.7364285714285714;3093;557;1657
275;African_hunting_dog;4750;;0.5943157894736842;0.9671120246659815;0.5943157894736842;0.7362107184769853;2823;96;1927
412;ashcan;4750;;0.6046315789473684;0.9394831534183841;0.6046315789473684;0.7357499679774562;2872;185;1878
295;American_black_bear;4750;;0.7724210526315789;0.7020665901262916;0.7724210526315789;0.7355653568564554;3669;1557;1081
289;snow_leopard;4750;;0.6294736842105263;0.8827871272512547;0.6294736842105263;0.7349145876858793;2990;397;1760
31;tree_frog;4750;;0.6568421052631579;0.8333333333333334;0.6568421052631579;0.7346362137979751;3120;624;1630
99;goose;4750;;0.7376842105263158;0.7315240083507307;0.7376842105263158;0.7345911949685535;3504;1286;1246
301;ladybug;4750;;0.7530526315789474;0.7159727782225781;0.7530526315789474;0.7340447363020728;3577;1419;1173
261;keeshond;4750;;0.6442105263157895;0.8521303258145363;0.6442105263157895;0.7337249730248171;3060;531;1690
908;wing;4750;;0.8147368421052632;0.6672413793103448;0.8147368421052632;0.7336492890995261;3870;1930;880
649;megalith;4750;;0.5888421052631579;0.9725312934631433;0.5888421052631579;0.7335431418830317;2797;79;1953
531;digital_watch;4750;;0.6597894736842105;0.8247368421052632;0.6597894736842105;0.7330994152046783;3134;666;1616
596;hatchet;4750;;0.6090526315789474;0.9201653944020356;0.6090526315789474;0.7329617430960224;2893;251;1857
704;parking_meter;4750;;0.6086315789473684;0.9209939471169162;0.6086315789473684;0.732919254658385;2891;248;1859
279;Arctic_fox;4750;;0.6229473684210526;0.8896572459410703;0.6229473684210526;0.7327885091629519;2959;367;1791
509;confectionery;4750;;0.7014736842105264;0.7661531386525638;0.7014736842105264;0.7323881745246731;3332;1017;1418
406;altar;4750;;0.6621052631578948;0.817520145567975;0.6621052631578948;0.7316505757822496;3145;702;1605
47;African_chameleon;4750;;0.6181052631578947;0.8953949374809393;0.6181052631578947;0.7313488603811183;2936;343;1814
766;rotisserie;4750;;0.6334736842105263;0.8626720183486238;0.6334736842105263;0.7305171158048069;3009;479;1741
251;dalmatian;4750;;0.7966315789473685;0.6745098039215687;0.7966315789473685;0.7305019305019305;3784;1826;966
833;submarine;4750;;0.6277894736842106;0.8726953467954346;0.6277894736842106;0.7302559079221256;2982;435;1768
146;albatross;4750;;0.716842105263158;0.7440996503496503;0.716842105263158;0.7302165987561655;3405;1171;1345
851;television;4750;;0.7829473684210526;0.6840169210961927;0.7829473684210526;0.7301462648473545;3719;1718;1031
423;barber_chair;4750;;0.6576842105263158;0.8197323537129363;0.6576842105263158;0.7298212825604485;3124;687;1626
338;guinea_pig;4750;;0.5863157894736842;0.9660076309399931;0.5863157894736842;0.7297261889165466;2785;98;1965
452;bonnet;4750;;0.5907368421052631;0.9537729435757988;0.5907368421052631;0.7295891835673427;2806;136;1944
716;picket_fence;4750;;0.6301052631578947;0.8650289017341041;0.6301052631578947;0.7291108404384895;2993;467;1757
161;basset;4750;;0.6644210526315789;0.80530747639704;0.6644210526315789;0.7281116622447802;3156;763;1594
962;meat_loaf;4750;;0.624421052631579;0.8713278495887191;0.624421052631579;0.727495707628158;2966;438;1784
590;hand-held_computer;4750;;0.5890526315789474;0.9484745762711865;0.5890526315789474;0.7267532467532468;2798;152;1952
443;bib;4750;;0.6208421052631579;0.8753339269813001;0.6208421052631579;0.7264441433674097;2949;420;1801
896;washbasin;4750;;0.6576842105263158;0.8110072689511942;0.6576842105263158;0.7263427109974425;3124;728;1626
75;black_widow;4750;;0.8254736842105264;0.6483134920634921;0.8254736842105264;0.7262456010372291;3921;2127;829
299;meerkat;4750;;0.6549473684210526;0.810578426263679;0.6549473684210526;0.7244993013507218;3111;727;1639
735;poncho;4750;;0.5846315789473684;0.951027397260274;0.5846315789473684;0.7241199478487613;2777;143;1973
674;mousetrap;4750;;0.611578947368421;0.8867521367521367;0.611578947368421;0.7238973336655867;2905;371;1845
952;fig;4750;;0.5831578947368421;0.9538567493112947;0.5831578947368421;0.7238045466422787;2770;134;1980
604;hourglass;4750;;0.7690526315789473;0.6834424695977549;0.7690526315789473;0.7237246161466071;3653;1692;1097
499;cleaver;4750;;0.596;0.9209499024072869;0.596;0.7236707566462166;2831;243;1919
463;bucket;4750;;0.5734736842105264;0.9802087081684059;0.5734736842105264;0.723602071988312;2724;55;2026
414;backpack;4750;;0.612;0.884393063583815;0.612;0.7234042553191489;2907;380;1843
211;vizsla;4750;;0.6271578947368421;0.8543160309721823;0.6271578947368421;0.7233215976690544;2979;508;1771
663;monastery;4750;;0.5922105263157895;0.9280765423952491;0.5922105263157895;0.723043310628454;2813;218;1937
475;car_mirror;4750;;0.8176842105263158;0.6478732276897414;0.8176842105263158;0.7229409027454631;3884;2111;866
150;sea_lion;4750;;0.5974736842105263;0.9145987753786659;0.5974736842105263;0.7227811027632752;2838;265;1912
102;echidna;4750;;0.6018947368421053;0.9041745730550285;0.6018947368421053;0.7226996966632963;2859;303;1891
853;thatch;4750;;0.6831578947368421;0.7664147378365612;0.6831578947368421;0.7223953695458594;3245;989;1505
326;lycaenid;4750;;0.720421052631579;0.7242328042328042;0.720421052631579;0.7223218997361477;3422;1303;1328
263;Pembroke;4750;;0.6385263157894737;0.8314144736842105;0.6385263157894737;0.7223148368659205;3033;615;1717
925;consomme;4750;;0.6696842105263158;0.783690564178369;0.6696842105263158;0.722215915540924;3181;878;1569
179;Staffordshire_bullterrier;4750;;0.6290526315789474;0.8474191718661372;0.6290526315789474;0.72208796520058;2988;538;1762
259;Pomeranian;4750;;0.8069473684210526;0.6528700391756089;0.8069473684210526;0.7217776103945015;3833;2038;917
363;armadillo;4750;;0.5658947368421052;0.9948186528497409;0.5658947368421052;0.7214170692431562;2688;14;2062
426;barometer;4750;;0.6077894736842105;0.8866707616707616;0.6077894736842105;0.721209093180115;2887;369;1863
658;mitten;4750;;0.616;0.8690228690228691;0.616;0.7209560182333375;2926;441;1824
393;anemone_fish;4750;;0.5978947368421053;0.9076382230744647;0.5978947368421053;0.7209036679781698;2840;289;1910
174;Norwegian_elkhound;4750;;0.636421052631579;0.8304945054945055;0.636421052631579;0.7206197854588795;3023;617;1727
152;Japanese_spaniel;4750;;0.6130526315789474;0.8702928870292888;0.6130526315789474;0.7193675889328064;2912;434;1838
260;chow;4750;;0.7547368421052632;0.6867816091954023;0.7547368421052632;0.7191574724172518;3585;1635;1165
542;drumstick;4750;;0.6305263157894737;0.8363585590617146;0.6305263157894737;0.7190013203697037;2995;586;1755
205;flat-coated_retriever;4750;;0.6250526315789474;0.8446657183499289;0.6250526315789474;0.7184513006654567;2969;546;1781
586;half_track;4750;;0.659578947368421;0.7879778672032193;0.659578947368421;0.7180838872335549;3133;843;1617
210;German_short-haired_pointer;4750;;0.5873684210526315;0.9235352532274081;0.5873684210526315;0.7180543044653197;2790;231;1960
349;bighorn;4750;;0.7726315789473684;0.6705645898044947;0.7726315789473684;0.7179888486745575;3670;1803;1080
177;Scottish_deerhound;4750;;0.6113684210526316;0.8689407540394973;0.6113684210526316;0.717745921898171;2904;438;1846
826;stopwatch;4750;;0.6305263157894737;0.8324068927181768;0.6305263157894737;0.7175371346430284;2995;603;1755
855;thimble;4750;;0.5781052631578948;0.9429945054945055;0.5781052631578948;0.7167841294701122;2746;166;2004
928;ice_cream;4750;;0.6162105263157894;0.855097867367806;0.6162105263157894;0.7162608589257309;2927;496;1823
906;Windsor_tie;4750;;0.7181052631578947;0.7131507422120008;0.7181052631578947;0.7156194272527011;3411;1372;1339
239;Bernese_mountain_dog;4750;;0.6528421052631579;0.7914752424706483;0.6528421052631579;0.7155053068758653;3101;817;1649
232;Border_collie;4750;;0.7286315789473684;0.7021708257252992;0.7286315789473684;0.7151565244343423;3461;1468;1289
613;joystick;4750;;0.6741052631578948;0.7612933903946743;0.6741052631578948;0.7150513622152747;3202;1004;1548
597;holster;4750;;0.5852631578947368;0.9180977542932629;0.5852631578947368;0.7148367189508872;2780;248;1970
598;home_theater;4750;;0.6193684210526316;0.8441893830703013;0.6193684210526316;0.7145112325440194;2942;543;1808
721;pillow;4750;;0.56;0.9862810530218762;0.56;0.7143816301866525;2660;37;2090
236;Doberman;4750;;0.6896842105263158;0.7403389830508474;0.6896842105263158;0.7141144414168937;3276;1149;1474
171;Italian_greyhound;4750;;0.6225263157894737;0.8369657514859893;0.6225263157894737;0.7139925147893276;2957;576;1793
635;magnetic_compass;4750;;0.5890526315789474;0.9043309631544926;0.5890526315789474;0.7134115247322794;2798;296;1952
969;eggnog;4750;;0.6035789473684211;0.8716935238674369;0.6035789473684211;0.7132727951237717;2867;422;1883
474;cardigan;4750;;0.5907368421052631;0.8982074263764405;0.5907368421052631;0.7127254254508508;2806;318;1944
902;whistle;4750;;0.5757894736842105;0.935042735042735;0.5757894736842105;0.7127035830618892;2735;190;2015
988;acorn;4750;;0.5949473684210527;0.8875628140703518;0.5949473684210527;0.7123771111671289;2826;358;1924
883;vase;4750;;0.6052631578947368;0.864921780986763;0.6052631578947368;0.7121624969036413;2875;449;1875
215;Brittany_spaniel;4750;;0.5890526315789474;0.8993892639022822;0.5890526315789474;0.7118687189924947;2798;313;1952
316;cicada;4750;;0.6223157894736842;0.8308038223721191;0.6223157894736842;0.7116032739528165;2956;602;1794
831;studio_couch;4750;;0.6010526315789474;0.8709579011592434;0.6010526315789474;0.7112605879422021;2855;423;1895
409;analog_clock;4750;;0.6473684210526316;0.7890685142417244;0.6473684210526316;0.7112293280906673;3075;822;1675
584;hair_slide;4750;;0.5568421052631579;0.9840029761904762;0.5568421052631579;0.7112126915837591;2645;43;2105
228;komondor;4750;;0.6456842105263157;0.791483870967742;0.6456842105263157;0.7111884057971014;3067;808;1683
922;menu;4750;;0.5578947368421052;0.976418570375829;0.5578947368421052;0.710075026795284;2650;64;2100
93;hornbill;4750;;0.5774736842105264;0.9217069892473119;0.5774736842105264;0.710069893864872;2743;233;2007
809;soup_bowl;4750;;0.6183157894736843;0.8327190246668557;0.6183157894736843;0.7096774193548389;2937;590;1813
807;solar_dish;4750;;0.5536842105263158;0.9872372372372372;0.5536842105263158;0.7094685729700567;2630;34;2120
86;partridge;4750;;0.623578947368421;0.8225492918633713;0.623578947368421;0.7093761226200455;2962;639;1788
939;zucchini;4750;;0.6166315789473684;0.833997722095672;0.6166315789473684;0.7090292907286371;2929;583;1821
255;Leonberg;4750;;0.5755789473684211;0.9224021592442645;0.5755789473684211;0.7088410681877106;2734;230;2016
589;hand_blower;4750;;0.5616842105263158;0.9600575746671465;0.5616842105263158;0.70872625846726;2668;111;2082
780;schooner;4750;;0.7793684210526316;0.6495876469556062;0.7793684210526316;0.7085845535457939;3702;1997;1048
264;Cardigan;4750;;0.627578947368421;0.8135917030567685;0.627578947368421;0.7085809365343475;2981;683;1769
964;potpie;4750;;0.5875789473684211;0.8908394510054262;0.5875789473684211;0.7081060509958138;2791;342;1959
553;file;4750;;0.6450526315789473;0.7834313474814626;0.6450526315789473;0.7075395450871723;3064;847;1686
7;cock;4750;;0.8410526315789474;0.6104828850855746;0.8410526315789474;0.7074552859925624;3995;2549;755
481;cassette;4750;;0.5898947368421052;0.8827977315689981;0.5898947368421052;0.7072185764765271;2802;372;1948
686;oil_filter;4750;;0.6;0.86024750980984;0.6;0.7069329033858366;2850;463;1900
234;Rottweiler;4750;;0.7162105263157895;0.6978461538461539;0.7162105263157895;0.7069090909090909;3402;1473;1348
441;beer_glass;4750;;0.8149473684210526;0.6241534988713319;0.8149473684210526;0.7069028487947407;3871;2331;879
992;agaric;4750;;0.7692631578947369;0.6536672629695885;0.7692631578947369;0.7067698259187621;3654;1936;1096
220;Sussex_spaniel;4750;;0.5715789473684211;0.9256733719740879;0.5715789473684211;0.70675517376025;2715;218;2035
912;worm_fence;4750;;0.5907368421052631;0.8790726817042607;0.5907368421052631;0.7066230168723243;2806;386;1944
626;lighter;4750;;0.6648421052631579;0.7535194464328323;0.6648421052631579;0.7064086791186669;3158;1033;1592
914;yawl;4750;;0.5578947368421052;0.9625862695241555;0.5578947368421052;0.7063841130214581;2650;103;2100
292;tiger;4750;;0.9273684210526316;0.5702265372168285;0.9273684210526316;0.7062124248496995;4405;3320;345
544;Dutch_oven;4750;;0.6296842105263157;0.8038161784466541;0.6296842105263157;0.7061740054302916;2991;730;1759
998;ear;4750;;0.6345263157894737;0.795460543679071;0.6345263157894737;0.7059374634032088;3014;775;1736
450;bobsled;4750;;0.692;0.7200438116100767;0.692;0.7057434245840043;3287;1278;1463
27;eft;4750;;0.5825263157894737;0.8943115707821591;0.5825263157894737;0.7055073941866394;2767;327;1983
871;trimaran;4750;;0.659157894736842;0.7586624666828204;0.659157894736842;0.7054184972400586;3131;996;1619
129;spoonbill;4750;;0.5551578947368421;0.966642228739003;0.5551578947368421;0.7052687884461086;2637;91;2113
699;panpipe;4750;;0.6149473684210527;0.8253743995478949;0.6149473684210527;0.7047894800337798;2921;618;1829
767;rubber_eraser;4750;;0.6229473684210526;0.8109070978350233;0.6229473684210526;0.7046076913918323;2959;690;1791
943;cucumber;4750;;0.6328421052631579;0.7943974630021141;0.6328421052631579;0.7044762127958752;3006;778;1744
749;quill;4750;;0.5738947368421052;0.9095762429095763;0.5738947368421052;0.7037562927584872;2726;271;2024
317;leafhopper;4750;;0.5606315789473684;0.9449964513839603;0.5606315789473684;0.703752642706131;2663;155;2087
434;bath_towel;4750;;0.6372631578947369;0.7856215935634571;0.6372631578947369;0.7037080088341275;3027;826;1723
244;Tibetan_mastiff;4750;;0.604421052631579;0.841688654353562;0.604421052631579;0.7035902462933464;2871;540;1879
70;harvestman;4750;;0.5730526315789474;0.9109772423025435;0.5730526315789474;0.7035409666580512;2722;266;2028
765;rocking_chair;4750;;0.6037894736842105;0.8422907488986784;0.6037894736842105;0.7033721643163703;2868;537;1882
549;envelope;4750;;0.5623157894736842;0.9388400702987698;0.5623157894736842;0.7033574720210666;2671;174;2079
975;lakeside;4750;;0.6103157894736843;0.8285224349814233;0.6103157894736843;0.7028730755243061;2899;600;1851
640;manhole_cover;4750;;0.5423157894736842;0.9980627663696242;0.5423157894736842;0.7027690628836448;2576;5;2174
180;American_Staffordshire_terrier;4750;;0.6505263157894737;0.7627746235497408;0.6505263157894737;0.7021929326212931;3090;961;1660
936;head_cabbage;4750;;0.612;0.8232795242141037;0.612;0.7020891196715372;2907;624;1843
836;sunglass;4750;;0.7471578947368421;0.6608938547486034;0.7471578947368421;0.7013833992094861;3549;1821;1201
213;Irish_setter;4750;;0.5663157894736842;0.9180887372013652;0.5663157894736842;0.7005208333333334;2690;240;2060
731;plunger;4750;;0.5509473684210526;0.9610723466764598;0.5509473684210526;0.7003880636959723;2617;106;2133
268;Mexican_hairless;4750;;0.5692631578947368;0.9082969432314411;0.5692631578947368;0.699883525300893;2704;273;2046
104;wallaby;4750;;0.604421052631579;0.8307291666666666;0.604421052631579;0.6997319034852547;2871;585;1879
859;toaster;4750;;0.5570526315789474;0.9389638041163946;0.5570526315789474;0.6992600422832981;2646;172;2104
2;great_white_shark;4750;;0.6513684210526316;0.7546341463414634;0.6513684210526316;0.6992090395480226;3094;1006;1656
191;Airedale;4750;;0.6374736842105263;0.7740286298568507;0.6374736842105263;0.699145693835142;3028;884;1722
786;sewing_machine;4750;;0.5429473684210526;0.9809813617344998;0.5429473684210526;0.6990107060577313;2579;50;2171
242;boxer;4750;;0.7212631578947368;0.6772089345720498;0.7212631578947368;0.6985421551636252;3426;1633;1324
877;turnstile;4750;;0.5511578947368421;0.9509625862695241;0.5511578947368421;0.6978541916566706;2618;135;2132
777;scabbard;4750;;0.7271578947368421;0.668861347792409;0.7271578947368421;0.696792414766996;3454;1710;1296
435;bathtub;4750;;0.616;0.7992351816443595;0.616;0.6957555581975983;2926;735;1824
662;modem;4750;;0.5684210526315789;0.896414342629482;0.5684210526315789;0.6956969853130636;2700;312;2050
221;Irish_water_spaniel;4750;;0.5597894736842105;0.9172128320110383;0.5597894736842105;0.6952542816054386;2659;240;2091
462;broom;4750;;0.5943157894736842;0.8374369623257194;0.5943157894736842;0.6952345770225342;2823;548;1927
453;bookcase;4750;;0.6873684210526316;0.7027550581145071;0.6873684210526316;0.6949765857811835;3265;1381;1485
79;centipede;4750;;0.5511578947368421;0.940035906642729;0.5511578947368421;0.6948905109489051;2618;167;2132
218;Welsh_springer_spaniel;4750;;0.6431578947368422;0.7545072857495678;0.6431578947368422;0.6943970905784749;3055;994;1695
728;plastic_bag;4750;;0.5677894736842105;0.8924553275976175;0.5677894736842105;0.6940298507462688;2697;325;2053
237;miniature_pinscher;4750;;0.6774736842105263;0.71131741821397;0.6774736842105263;0.6939831787793833;3218;1306;1532
273;dingo;4750;;0.5625263157894737;0.9051490514905149;0.5625263157894737;0.6938457543495197;2672;280;2078
926;hot_pot;4750;;0.6027368421052631;0.8161345496009123;0.6027368421052631;0.6933882295955438;2863;645;1887
811;space_heater;4750;;0.5421052631578948;0.9615384615384616;0.5421052631578948;0.693322563274098;2575;103;2175
344;hippopotamus;4750;;0.5381052631578948;0.9718631178707224;0.5381052631578948;0.6926829268292682;2556;74;2194
182;Border_terrier;4750;;0.5867368421052631;0.8450576106731352;0.5867368421052631;0.6925944333996024;2787;511;1963
206;curly-coated_retriever;4750;;0.6002105263157895;0.8183122847301951;0.6002105263157895;0.6924945348554773;2851;633;1899
411;apron;4750;;0.5543157894736842;0.918381583536798;0.5543157894736842;0.6913482998555862;2633;234;2117
72;black_and_gold_garden_spider;4750;;0.6726315789473685;0.7111061651457823;0.6726315789473685;0.691333982473223;3195;1298;1555
512;corkscrew;4750;;0.5374736842105263;0.9655824508320726;0.5374736842105263;0.6905599134433325;2553;91;2197
172;whippet;4750;;0.6850526315789474;0.695150608844264;0.6850526315789474;0.6900646803096172;3254;1427;1496
224;groenendael;4750;;0.5766315789473684;0.8586206896551725;0.5766315789473684;0.6899244332493703;2739;451;2011
484;catamaran;4750;;0.5482105263157895;0.9303322615219721;0.5482105263157895;0.6898927010200026;2604;195;2146
386;African_elephant;4750;;0.6928421052631579;0.6869129618033814;0.6928421052631579;0.6898647940467457;3291;1500;1459
620;laptop;4750;;0.6644210526315789;0.716784010901658;0.6644210526315789;0.6896099639462471;3156;1247;1594
588;hamper;4750;;0.6277894736842106;0.7646153846153846;0.6277894736842106;0.6894797687861272;2982;918;1768
971;bubble;4750;;0.764;0.6273120138288678;0.764;0.6889416231608922;3629;2156;1121
320;damselfly;4750;;0.5572631578947368;0.901566757493188;0.5572631578947368;0.6887848035389018;2647;289;2103
521;Crock_Pot;4750;;0.6663157894736842;0.7099596231493943;0.6663157894736842;0.6874456993918332;3165;1293;1585
558;flute;4750;;0.5296842105263158;0.978988326848249;0.5296842105263158;0.6874316939890711;2516;54;2234
162;beagle;4750;;0.7501052631578947;0.6343243724408048;0.7501052631578947;0.6873733963538151;3563;2054;1187
568;fur_coat;4750;;0.7372631578947368;0.6430407638633859;0.7372631578947368;0.6869360533542566;3502;1944;1248
868;tray;4750;;0.5785263157894737;0.8452783758843433;0.5785263157894737;0.6869141357330334;2748;503;2002
606;iron;4750;;0.5263157894736842;0.9885330170027679;0.5263157894736842;0.6869075422448138;2500;29;2250
563;fountain_pen;4750;;0.7823157894736842;0.6112847507813786;0.7823157894736842;0.6863052913473082;3716;2363;1034
361;skunk;4750;;0.5326315789473685;0.9630757518081462;0.5326315789473685;0.6859156838823371;2530;97;2220
517;crane;4750;;0.7713684210526316;0.6173546756529065;0.7713684210526316;0.6858212447356107;3664;2271;1086
730;plow;4750;;0.5568421052631579;0.8920741989881956;0.5568421052631579;0.6856772521062865;2645;320;2105
151;Chihuahua;4750;;0.6178947368421053;0.7697351167060058;0.6178947368421053;0.685507415625365;2935;878;1815
976;promontory;4750;;0.6444210526315789;0.7315965583173997;0.6444210526315789;0.6852473695992836;3061;1123;1689
324;cabbage_butterfly;4750;;0.6873684210526316;0.6829115247856097;0.6873684210526316;0.6851327247927815;3265;1516;1485
348;ram;4750;;0.568;0.8614303959131545;0.568;0.6845978178127379;2698;434;2052
287;lynx;4750;;0.544;0.9218694256154121;0.544;0.6842314312193831;2584;219;2166
306;rhinoceros_beetle;4750;;0.6797894736842105;0.6884861407249467;0.6797894736842105;0.6841101694915254;3229;1461;1521
718;pier;4750;;0.6277894736842106;0.7486818980667839;0.6277894736842106;0.6829268292682927;2982;1001;1768
907;wine_bottle;4750;;0.6821052631578948;0.6832560101223113;0.6821052631578948;0.6826801517067004;3240;1502;1510
539;doormat;4750;;0.5456842105263158;0.9110720562390158;0.5456842105263158;0.6825543120473996;2592;253;2158
428;barrow;4750;;0.612421052631579;0.7701879798782102;0.612421052631579;0.6823032719596577;2909;868;1841
520;crib;4750;;0.5675789473684211;0.8496690828868578;0.5675789473684211;0.6805502966048214;2696;477;2054
745;projector;4750;;0.5877894736842105;0.8078703703703703;0.5877894736842105;0.6804776992444552;2792;664;1958
636;mailbag;4750;;0.656;0.7067362213653889;0.656;0.6804236270335189;3116;1293;1634
83;prairie_chicken;4750;;0.5218947368421053;0.9759842519685039;0.5218947368421053;0.6801097393689987;2479;61;2271
769;rule;4750;;0.5663157894736842;0.8488482171031871;0.5663157894736842;0.6793787094330093;2690;479;2060
930;French_loaf;4750;;0.6151578947368421;0.7571909821197201;0.6151578947368421;0.6788244860030201;2922;937;1828
345;ox;4750;;0.5606315789473684;0.8601421188630491;0.5606315789473684;0.6788172317104257;2663;433;2087
227;kelpie;4750;;0.5410526315789473;0.9084482149169317;0.5410526315789473;0.6781897347935083;2570;259;2180
188;wire-haired_fox_terrier;4750;;0.5271578947368422;0.9495638983693592;0.5271578947368422;0.6779477460403412;2504;133;2246
676;muzzle;4750;;0.519578947368421;0.973186119873817;0.519578947368421;0.6774636288772989;2468;68;2282
706;patio;4750;;0.5193684210526316;0.9731755424063117;0.5193684210526316;0.6772820864790666;2467;68;2283
754;radio;4750;;0.6307368421052632;0.731088335773548;0.6307368421052632;0.6772151898734177;2996;1102;1754
209;Chesapeake_Bay_retriever;4750;;0.5957894736842105;0.7843680709534369;0.5957894736842105;0.6771955013161043;2830;778;1920
495;china_cabinet;4750;;0.547578947368421;0.8871077762619373;0.547578947368421;0.6771674043217912;2601;331;2149
705;passenger_car;4750;;0.6018947368421053;0.772911597729116;0.6018947368421053;0.6767664812403835;2859;840;1891
792;shovel;4750;;0.6145263157894737;0.7492299794661191;0.6145263157894737;0.6752255378209577;2919;977;1831
181;Bedlington_terrier;4750;;0.5850526315789474;0.7978753947746196;0.5850526315789474;0.6750880602453541;2779;704;1971
784;screwdriver;4750;;0.5322105263157895;0.9216186656944951;0.5322105263157895;0.6747631122380889;2528;215;2222
502;clog;4750;;0.527578947368421;0.9357729648991785;0.527578947368421;0.6747442110931611;2506;172;2244
303;long-horned_beetle;4750;;0.5618947368421052;0.8435524652338812;0.5618947368421052;0.674500884508466;2669;495;2081
723;pinwheel;4750;;0.7968421052631579;0.5828457037265168;0.7968421052631579;0.6732479544646034;3785;2709;965
360;otter;4750;;0.5850526315789474;0.7924151696606786;0.5850526315789474;0.673125832626862;2779;728;1971
332;Angora;4750;;0.6353684210526316;0.7148270961629559;0.6353684210526316;0.6727596968345965;3018;1204;1732
216;clumber;4750;;0.5736842105263158;0.8129474940334129;0.5736842105263158;0.6726734139718589;2725;627;2025
256;Newfoundland;4750;;0.6541052631578947;0.6916740872662511;0.6541052631578947;0.6723652888985068;3107;1385;1643
758;reel;4750;;0.5762105263157895;0.8066607721780136;0.5762105263157895;0.6722338204592901;2737;656;2013
492;chest;4750;;0.5770526315789474;0.8038123167155425;0.5770526315789474;0.671813725490196;2741;669;2009
572;goblet;4750;;0.6014736842105263;0.760244811069718;0.6014736842105263;0.6716031969910673;2857;901;1893
790;shopping_basket;4750;;0.5088421052631579;0.9873366013071896;0.5088421052631579;0.6715754376215616;2417;31;2333
288;leopard;4750;;0.7547368421052632;0.6048591192846297;0.7547368421052632;0.6715369485810622;3585;2342;1165
797;sleeping_bag;4750;;0.515578947368421;0.9626572327044025;0.515578947368421;0.6715108308198519;2449;95;2301
294;brown_bear;4750;;0.7338947368421053;0.6178660049627791;0.7338947368421053;0.6709006928406467;3486;2156;1264
876;tub;4750;;0.5456842105263158;0.868632707774799;0.5456842105263158;0.6702870442203258;2592;392;2158
582;grocery_store;4750;;0.6962105263157895;0.6455202030060512;0.6962105263157895;0.6699078294338093;3307;1816;1443
478;carton;4750;;0.5263157894736842;0.9208103130755064;0.5263157894736842;0.6697923643670461;2500;215;2250
666;mortar;4750;;0.5330526315789473;0.9004267425320057;0.5330526315789473;0.6696641100238032;2532;280;2218
955;jackfruit;4750;;0.5042105263157894;0.9958419958419958;0.5042105263157894;0.6694619147449336;2395;10;2355
548;entertainment_center;4750;;0.576;0.7988321167883212;0.576;0.6693577981651376;2736;689;2014
913;wreck;4750;;0.5429473684210526;0.8718728870858689;0.5429473684210526;0.6691748832381941;2579;379;2171
938;cauliflower;4750;;0.516421052631579;0.9474700656624179;0.516421052631579;0.6684834446109825;2453;136;2297
778;scale;4750;;0.5244210526315789;0.9215686274509803;0.5244210526315789;0.6684556554407621;2491;212;2259
121;king_crab;4750;;0.5096842105263157;0.970729751403368;0.5096842105263157;0.6684152401987851;2421;73;2329
583;guillotine;4750;;0.5671578947368421;0.8129149064574532;0.5671578947368421;0.668154761904762;2694;620;2056
725;pitcher;4750;;0.6174736842105263;0.7265296011890018;0.6174736842105263;0.6675771025378401;2933;1104;1817
385;Indian_elephant;4750;;0.716;0.6243803928768129;0.716;0.667058938903599;3401;2046;1349
713;photocopier;4750;;0.648;0.6870535714285714;0.648;0.6669555796316359;3078;1402;1672
750;quilt;4750;;0.7138947368421052;0.6255303449548054;0.7138947368421052;0.666797758332514;3391;2030;1359
160;Afghan_hound;4750;;0.5082105263157894;0.9679230152365678;0.5082105263157894;0.6664826062948648;2414;80;2336
336;marmot;4750;;0.5627368421052632;0.8119684082624544;0.5627368421052632;0.6647600099477742;2673;619;2077
996;hen-of-the-woods;4750;;0.6345263157894737;0.6970397779833487;0.6345263157894737;0.6643156270663434;3014;1310;1736
634;lumbermill;4750;;0.5846315789473684;0.7684006640841173;0.5846315789473684;0.6640363462458153;2777;837;1973
469;caldron;4750;;0.5536842105263158;0.8260050251256281;0.5536842105263158;0.6629694983614822;2630;554;2120
970;alp;4750;;0.6202105263157894;0.7119381343644272;0.6202105263157894;0.6629162916291629;2946;1192;1804
8;hen;4750;;0.5541052631578948;0.8227571115973742;0.5541052631578948;0.6622216631022769;2632;567;2118
653;milk_can;4750;;0.5766315789473684;0.7770212765957447;0.5766315789473684;0.6619939577039275;2739;786;2011
525;dam;4750;;0.5046315789473684;0.9588;0.5046315789473684;0.6612413793103449;2397;103;2353
274;dhole;4750;;0.5591578947368421;0.8077858880778589;0.5591578947368421;0.6608609106742971;2656;632;2094
911;wool;4750;;0.5098947368421053;0.9354963306295867;0.5098947368421053;0.6600354271699141;2422;167;2328
199;Scotch_terrier;4750;;0.5429473684210526;0.8411611219830398;0.5429473684210526;0.65992835209826;2579;487;2171
748;purse;4750;;0.5103157894736842;0.9333846746245668;0.5103157894736842;0.6598611678236015;2424;173;2326
508;computer_keyboard;4750;;0.6618947368421053;0.657190635451505;0.6618947368421053;0.6595342983008181;3144;1640;1606
331;hare;4750;;0.5322105263157895;0.8666438121357559;0.5322105263157895;0.6594495891482979;2528;389;2222
230;Shetland_sheepdog;4750;;0.5983157894736842;0.7337980893364318;0.5983157894736842;0.6591673431520354;2842;1031;1908
48;Komodo_dragon;4750;;0.5294736842105263;0.8726578764746704;0.5294736842105263;0.6590670859538784;2515;367;2235
773;saltshaker;4750;;0.5652631578947368;0.7887779083431258;0.5652631578947368;0.6585724797645327;2685;719;2065
307;weevil;4750;;0.5088421052631579;0.9314065510597302;0.5088421052631579;0.658134785568414;2417;178;2333
878;typewriter_keyboard;4750;;0.6054736842105263;0.7208020050125313;0.6054736842105263;0.6581235697940503;2876;1114;1874
935;mashed_potato;4750;;0.6132631578947368;0.7099683158664392;0.6132631578947368;0.6580820060996273;2913;1190;1837
726;plane;4750;;0.5397894736842105;0.8423127463863338;0.5397894736842105;0.6579420066717988;2564;480;2186
891;waffle_iron;4750;;0.535157894736842;0.8513060951105157;0.535157894736842;0.6571871768355738;2542;444;2208
709;pencil_box;4750;;0.5082105263157894;0.9295340777820562;0.5082105263157894;0.6571389682863753;2414;183;2336
154;Pekinese;4750;;0.5065263157894737;0.9336437718277066;0.5065263157894737;0.6567490105090761;2406;171;2344
408;amphibian;4750;;0.496;0.9703459637561779;0.496;0.6564502646976873;2356;72;2394
176;Saluki;4750;;0.5353684210526316;0.8479493164388129;0.5353684210526316;0.6563427539037295;2543;456;2207
418;ballpoint;4750;;0.5294736842105263;0.8615964371360055;0.5294736842105263;0.6558873386360672;2515;404;2235
250;Siberian_husky;4750;;0.6421052631578947;0.6697408871321915;0.6421052631578947;0.6556319862424764;3050;1504;1700
155;Shih-Tzu;4750;;0.6604210526315789;0.6505599336374949;0.6604210526315789;0.6554534057668199;3137;1685;1613
342;wild_boar;4750;;0.5976842105263158;0.7251596424010217;0.5976842105263158;0.6552798615118293;2839;1076;1911
417;balloon;4750;;0.7732631578947369;0.5681361175560712;0.7732631578947369;0.6550156041016496;3673;2792;1077
994;stinkhorn;4750;;0.5242105263157895;0.8727655099894848;0.5242105263157895;0.6550046034460081;2490;363;2260
923;plate;4750;;0.5117894736842106;0.9091249065071054;0.5117894736842106;0.6549030172413793;2431;243;2319
214;Gordon_setter;4750;;0.5082105263157894;0.9199695121951219;0.5082105263157894;0.6547328451315432;2414;210;2336
909;wok;4750;;0.5778947368421052;0.754328112118714;0.5778947368421052;0.6544284181666468;2745;894;2005
118;Dungeness_crab;4750;;0.6214736842105263;0.6906878802058961;0.6214736842105263;0.6542553191489362;2952;1322;1798
81;ptarmigan;4750;;0.5218947368421053;0.8747353563867325;0.5218947368421053;0.6537447257383967;2479;355;2271
526;desk;4750;;0.6151578947368421;0.6973747016706444;0.6151578947368421;0.6536912751677852;2922;1268;1828
696;paintbrush;4750;;0.6077894736842105;0.7065589818893784;0.6077894736842105;0.6534631054775917;2887;1199;1863
771;safe;4750;;0.5042105263157894;0.9275755228505035;0.5042105263157894;0.6533006001091107;2395;187;2355
438;beaker;4750;;0.5507368421052632;0.8027002147898128;0.5507368421052632;0.6532650767886129;2616;643;2134
257;Great_Pyrenees;4750;;0.5086315789473684;0.9127313940309785;0.5086315789473684;0.6532377991077464;2416;231;2334
231;collie;4750;;0.5305263157894737;0.8496291301416049;0.5305263157894737;0.6531881804043547;2520;446;2230
173;Ibizan_hound;4750;;0.5063157894736842;0.9196940726577438;0.5063157894736842;0.6530889341479972;2405;210;2345
712;Petri_dish;4750;;0.5111578947368421;0.9032738095238095;0.5111578947368421;0.6528636730303846;2428;260;2322
325;sulphur_butterfly;4750;;0.49705263157894736;0.9485737243873041;0.49705263157894736;0.6523000414421882;2361;128;2389
159;Rhodesian_ridgeback;4750;;0.584;0.7367861885790172;0.584;0.6515560775102759;2774;991;1976
207;golden_retriever;4750;;0.4903157894736842;0.9700124947938359;0.4903157894736842;0.6513774297301077;2329;72;2421
504;coffee_mug;4750;;0.6448421052631579;0.6558886509635974;0.6448421052631579;0.6503184713375797;3063;1607;1687
262;Brabancon_griffon;4750;;0.5574736842105263;0.7776798825256975;0.5574736842105263;0.6494175352544452;2648;757;2102
164;bluetick;4750;;0.4957894736842105;0.9397446129289705;0.4957894736842105;0.6491179713340683;2355;151;2395
359;black-footed_ferret;4750;;0.5364210526315789;0.8214055448098001;0.5364210526315789;0.6490066225165563;2548;554;2202
330;wood_rabbit;4750;;0.7768421052631579;0.5563093622795116;0.7768421052631579;0.6483352367565669;3690;2943;1060
158;toy_terrier;4750;;0.5136842105263157;0.8773822366055376;0.5136842105263157;0.6479883149648121;2440;341;2310
133;bittern;4750;;0.7157894736842105;0.5915100904662491;0.7157894736842105;0.6477424271289769;3400;2348;1350
892;wall_clock;4750;;0.636;0.6588876772082879;0.636;0.6472415640064275;3021;1564;1729
844;switch;4750;;0.671578947368421;0.6224390243902439;0.671578947368421;0.6460759493670887;3190;1935;1560
587;hammer;4750;;0.5448421052631579;0.7924066135946112;0.5448421052631579;0.6457085828343313;2588;678;2162
290;jaguar;4750;;0.5538947368421052;0.7738235294117647;0.5538947368421052;0.645644171779141;2631;769;2119
184;Irish_terrier;4750;;0.504;0.8969651554889472;0.504;0.6453699959563284;2394;275;2356
270;white_wolf;4750;;0.48694736842105263;0.9557851239669422;0.48694736842105263;0.6451882845188285;2313;107;2437
856;thresher;4750;;0.4884210526315789;0.9488752556237219;0.4884210526315789;0.6448922863099374;2320;125;2430
577;gong;4750;;0.676;0.6158419639432298;0.676;0.6445202729827378;3211;2003;1539
997;bolete;4750;;0.5454736842105263;0.7861043689320388;0.5454736842105263;0.6440467312950534;2591;705;2159
464;buckle;4750;;0.49515789473684213;0.9209083790133125;0.49515789473684213;0.6440306681270537;2352;202;2398
623;letter_opener;4750;;0.4886315789473684;0.9427294882209586;0.4886315789473684;0.6436494731003882;2321;141;2429
39;common_iguana;4750;;0.6117894736842105;0.6788133613641673;0.6117894736842105;0.6435610674343927;2906;1375;1844
269;timber_wolf;4750;;0.6778947368421052;0.6111216549629911;0.6778947368421052;0.6427787204311808;3220;2049;1530
246;Great_Dane;4750;;0.5069473684210526;0.876911871813547;0.5069473684210526;0.6424759871931697;2408;338;2342
157;papillon;4750;;0.47957894736842105;0.9718430034129693;0.47957894736842105;0.642232872850296;2278;66;2472
591;handkerchief;4750;;0.515578947368421;0.8509381514940931;0.515578947368421;0.6421080230728893;2449;429;2301
37;box_turtle;4750;;0.6486315789473684;0.634734239802225;0.6486315789473684;0.6416076634735527;3081;1773;1669
651;microwave;4750;;0.596421052631579;0.6940225379715825;0.596421052631579;0.6415307971014492;2833;1249;1917
364;three-toed_sloth;4750;;0.6237894736842106;0.660204991087344;0.6237894736842106;0.6414808400086599;2963;1525;1787
968;cup;4750;;0.5418947368421053;0.7857142857142857;0.5418947368421053;0.641415399950162;2574;702;2176
944;artichoke;4750;;0.5673684210526316;0.7369428493300519;0.5673684210526316;0.6411323896752706;2695;962;2055
57;garter_snake;4750;;0.5261052631578947;0.8158667972575906;0.5261052631578947;0.6397030590042238;2499;564;2251
376;proboscis_monkey;4750;;0.48757894736842106;0.9278846153846154;0.48757894736842106;0.6392492409605299;2316;180;2434
505;coffeepot;4750;;0.5635789473684211;0.7370594713656388;0.5635789473684211;0.6387497017418278;2677;955;2073
343;warthog;4750;;0.5181052631578947;0.831418918918919;0.5181052631578947;0.6383916990920881;2461;499;2289
341;hog;4750;;0.5637894736842105;0.7355122219170558;0.5637894736842105;0.6383029436300799;2678;963;2072
166;Walker_hound;4750;;0.5096842105263157;0.8518648838845884;0.5096842105263157;0.6377766069546892;2421;421;2329
352;impala;4750;;0.652;0.6237663645518631;0.652;0.6375707668553783;3097;1868;1653
267;standard_poodle;4750;;0.6178947368421053;0.6557193923145666;0.6178947368421053;0.6362453934532842;2935;1541;1815
169;borzoi;4750;;0.5941052631578947;0.6844530681542567;0.5941052631578947;0.6360870055223713;2822;1301;1928
804;soap_dispenser;4750;;0.5128421052631579;0.8353909465020576;0.5128421052631579;0.6355335246543177;2436;480;2314
305;dung_beetle;4750;;0.4917894736842105;0.8960490985807441;0.4917894736842105;0.6350414571156721;2336;271;2414
772;safety_pin;4750;;0.47326315789473683;0.9639794168096055;0.47326315789473683;0.6348489127365152;2248;84;2502
840;swab;4750;;0.4823157894736842;0.9275303643724696;0.4823157894736842;0.6346260387811634;2291;179;2459
854;theater_curtain;4750;;0.7456842105263158;0.5513698630136986;0.7456842105263158;0.6339717200644353;3542;2882;1208
394;sturgeon;4750;;0.47221052631578947;0.9614230604372053;0.47221052631578947;0.6333474516447832;2243;90;2507
744;projectile;4750;;0.5252631578947369;0.7863220926567916;0.5252631578947369;0.6298119399217469;2495;678;2255
879;umbrella;4750;;0.7362105263157894;0.5501022494887525;0.7362105263157894;0.6296929864049697;3497;2860;1253
824;stole;4750;;0.5341052631578947;0.7669286577992744;0.5341052631578947;0.6296847853065277;2537;771;2213
451;bolo_tie;4750;;0.6972631578947368;0.5723172628304821;0.6972631578947368;0.6286419284426307;3312;2475;1438
56;king_snake;4750;;0.5216842105263158;0.7876668785759695;0.5216842105263158;0.6276595744680852;2478;668;2272
691;oxygen_mask;4750;;0.4865263157894737;0.8840856924254017;0.4865263157894737;0.6276480173818577;2311;303;2439
229;Old_English_sheepdog;4750;;0.4766315789473684;0.9158576051779935;0.4766315789473684;0.6269731376350042;2264;208;2486
170;Irish_wolfhound;4750;;0.4673684210526316;0.9495295124037639;0.4673684210526316;0.626410835214447;2220;118;2530
485;CD_player;4750;;0.5343157894736842;0.7560321715817694;0.5343157894736842;0.6261255704946342;2538;819;2212
50;American_alligator;4750;;0.5517894736842105;0.7232339955849889;0.5517894736842105;0.6259851922617625;2621;1003;2129
69;trilobite;4750;;0.4612631578947368;0.9733451799200356;0.4612631578947368;0.6259105842022568;2191;60;2559
134;crane;4750;;0.45789473684210524;0.9881871876419809;0.45789473684210524;0.6258092360811394;2175;26;2575
114;slug;4750;;0.4856842105263158;0.8791920731707317;0.4856842105263158;0.6257119609438568;2307;317;2443
395;gar;4750;;0.5117894736842106;0.8036363636363636;0.5117894736842106;0.6253376205787783;2431;594;2319
41;whiptail;4750;;0.4785263157894737;0.900554675118859;0.4785263157894737;0.6249656310145725;2273;251;2477
978;seashore;4750;;0.5743157894736842;0.6850828729281768;0.5743157894736842;0.6248282180485571;2728;1254;2022
149;dugong;4750;;0.48189473684210526;0.8878975950349108;0.48189473684210526;0.624727074235808;2289;289;2461
186;Norwich_terrier;4750;;0.5978947368421053;0.6534744592728946;0.5978947368421053;0.6244503078276166;2840;1506;1910
987;corn;4750;;0.532;0.7552301255230126;0.532;0.6242588932806324;2527;819;2223
835;sundial;4750;;0.4976842105263158;0.8353356890459364;0.4976842105263158;0.6237467018469657;2364;466;2386
52;thunder_snake;4750;;0.5143157894736842;0.7911269430051814;0.5143157894736842;0.6233733095177341;2443;645;2307
753;radiator;4750;;0.6056842105263158;0.641042780748663;0.6056842105263158;0.6228620913617666;2877;1611;1873
893;wallet;4750;;0.539578947368421;0.7350157728706624;0.539578947368421;0.6223139492533689;2563;924;2187
302;ground_beetle;4750;;0.6808421052631579;0.5703703703703704;0.6808421052631579;0.6207293666026872;3234;2436;1516
223;schipperke;4750;;0.7048421052631579;0.5527488855869243;0.7048421052631579;0.6195984084389747;3348;2709;1402
112;conch;4750;;0.5187368421052632;0.764505119453925;0.5187368421052632;0.6180860403863038;2464;759;2286
334;porcupine;4750;;0.5073684210526316;0.7870672762900065;0.5073684210526316;0.6169994879672299;2410;652;2340
315;mantis;4750;;0.5406315789473685;0.7157190635451505;0.5406315789473685;0.6159750539697768;2568;1020;2182
460;breakwater;4750;;0.5701052631578948;0.6697996537224833;0.5701052631578948;0.6159445013078586;2708;1335;2042
556;fire_screen;4750;;0.5450526315789473;0.7073770491803278;0.5450526315789473;0.6156956004756242;2589;1071;2161
431;bassinet;4750;;0.6530526315789473;0.5822072072072072;0.6530526315789473;0.6155983330025799;3102;2226;1648
461;breastplate;4750;;0.5652631578947368;0.6746231155778895;0.5652631578947368;0.6151202749140894;2685;1295;2065
222;kuvasz;4750;;0.6861052631578948;0.5573798529160253;0.6861052631578948;0.615079739548929;3259;2588;1491
77;wolf_spider;4750;;0.6172631578947368;0.612876254180602;0.6172631578947368;0.6150618837843508;2932;1852;1818
6;stingray;4750;;0.4696842105263158;0.8870775347912525;0.4696842105263158;0.6141775636613903;2231;284;2519
848;tape_player;4750;;0.5610526315789474;0.6762243085511291;0.5610526315789474;0.6132781037855253;2665;1276;2085
941;acorn_squash;4750;;0.49136842105263157;0.8146596858638744;0.49136842105263157;0.6130006565988182;2334;531;2416
167;English_foxhound;4750;;0.5092631578947369;0.7691573926868045;0.5092631578947369;0.6127929069031033;2419;726;2331
310;ant;4750;;0.64;0.5867593128739625;0.64;0.6122243480012083;3040;2141;1710
397;puffer;4750;;0.5145263157894737;0.7554868624420402;0.5145263157894737;0.6121477770820288;2444;791;2306
798;slide_rule;4750;;0.4513684210526316;0.9495128432240921;0.4513684210526316;0.6118721461187215;2144;114;2606
710;pencil_sharpener;4750;;0.539578947368421;0.705477566749243;0.539578947368421;0.6114756053918645;2563;1070;2187
202;soft-coated_wheaten_terrier;4750;;0.5301052631578947;0.7206639954207212;0.5301052631578947;0.6108685104318292;2518;976;2232
29;axolotl;4750;;0.4646315789473684;0.8913570274636511;0.4646315789473684;0.6108497093827844;2207;269;2543
473;can_opener;4750;;0.492;0.8041982105987612;0.492;0.6105015673981192;2337;569;2413
677;nail;4750;;0.5749473684210527;0.650702883011675;0.5749473684210527;0.6104839611042807;2731;1466;2019
249;malamute;4750;;0.472;0.8603223330775134;0.472;0.6095704187058183;2242;364;2508
53;ringneck_snake;4750;;0.47789473684210526;0.8413639733135656;0.47789473684210526;0.6095596133190119;2270;428;2480
175;otterhound;4750;;0.5612631578947368;0.6655017473789316;0.5612631578947368;0.6089538602101416;2666;1340;2084
910;wooden_spoon;4750;;0.5724210526315789;0.6503228892609424;0.5724210526315789;0.6088903818161461;2719;1462;2031
65;sea_snake;4750;;0.45389473684210524;0.9194029850746268;0.45389473684210524;0.607751937984496;2156;189;2594
372;baboon;4750;;0.47768421052631577;0.8314400879443019;0.47768421052631577;0.6067656103757186;2269;460;2481
110;flatworm;4750;;0.48757894736842106;0.8024948024948025;0.48757894736842106;0.606600314300681;2316;570;2434
500;cliff_dwelling;4750;;0.6484210526315789;0.5684754521963824;0.6484210526315789;0.6058221872541305;3080;2338;1670
942;butternut_squash;4750;;0.4534736842105263;0.9115531104528142;0.4534736842105263;0.6056516237874314;2154;209;2596
117;chambered_nautilus;4750;;0.6425263157894737;0.5720712277413308;0.6425263157894737;0.6052553296975707;3052;2283;1698
375;colobus;4750;;0.4528421052631579;0.9095137420718816;0.4528421052631579;0.6046380885453269;2151;214;2599
664;monitor;4750;;0.5486315789473685;0.6730371900826446;0.5486315789473685;0.6045001159823706;2606;1266;2144
40;American_chameleon;4750;;0.7109473684210527;0.5257667756500077;0.7109473684210527;0.6044929741340731;3377;3046;1373
567;frying_pan;4750;;0.6218947368421053;0.5847189231987332;0.6218947368421053;0.6027341358906346;2954;2098;1796
192;cairn;4750;;0.5006315789473684;0.7532467532467533;0.5006315789473684;0.601492348551916;2378;779;2372
337;beaver;4750;;0.4574736842105263;0.8751510269834877;0.4574736842105263;0.6008571823586341;2173;310;2577
126;isopod;4750;;0.4553684210526316;0.8824969400244798;0.4553684210526316;0.6007498958477989;2163;288;2587
999;toilet_tissue;4750;;0.46189473684210525;0.8573661586557249;0.46189473684210525;0.6003557258174853;2194;365;2556
534;dishwasher;4750;;0.4654736842105263;0.8442153493699885;0.4654736842105263;0.6000814221739721;2211;408;2539
894;wardrobe;4750;;0.4966315789473684;0.755363432596862;0.4966315789473684;0.5992633049663407;2359;764;2391
198;standard_schnauzer;4750;;0.4431578947368421;0.9244620114185331;0.4431578947368421;0.5991176889141882;2105;172;2645
163;bloodhound;4750;;0.4423157894736842;0.9255506607929516;0.4423157894736842;0.5985754985754986;2101;169;2649
328;sea_urchin;4750;;0.44694736842105265;0.9026360544217688;0.44694736842105265;0.5978597578147001;2123;229;2627
657;missile;4750;;0.48736842105263156;0.7724391057724391;0.48736842105263156;0.5976507034981283;2315;682;2435
899;water_jug;4750;;0.44126315789473686;0.9205094422485727;0.44126315789473686;0.5965561406005409;2096;181;2654
647;measuring_cup;4750;;0.42547368421052634;0.9955665024630542;0.42547368421052634;0.5961651917404129;2021;9;2729
277;red_fox;4750;;0.752421052631579;0.49337382661512974;0.752421052631579;0.5959646489911622;3574;3670;1176
972;cliff;4750;;0.6915789473684211;0.5235059760956176;0.6915789473684211;0.5959183673469388;3285;2990;1465
318;lacewing;4750;;0.44505263157894737;0.8995744680851064;0.44505263157894737;0.5954929577464788;2114;236;2636
488;chain;4750;;0.5785263157894737;0.6127090301003344;0.5785263157894737;0.5951272333513805;2748;1737;2002
536;dock;4750;;0.4589473684210526;0.8443067389620449;0.4589473684210526;0.5946535733769777;2180;402;2570
311;grasshopper;4750;;0.628421052631579;0.5639523899489892;0.628421052631579;0.5944438912675496;2985;2308;1765
689;overskirt;4750;;0.7425263157894737;0.4952260600954788;0.7425263157894737;0.5941711590296497;3527;3595;1223
562;fountain;4750;;0.7806315789473685;0.4784516129032258;0.7806315789473685;0.5932799999999999;3708;4042;1042
533;dishrag;4750;;0.46442105263157896;0.819769602378298;0.46442105263157896;0.5929310576535411;2206;485;2544
240;Appenzeller;4750;;0.5368421052631579;0.6606217616580311;0.5368421052631579;0.5923344947735192;2550;1310;2200
648;medicine_chest;4750;;0.5298947368421053;0.6701277955271565;0.5298947368421053;0.591817540559605;2517;1239;2233
276;hyena;4750;;0.640421052631579;0.5476147614761476;0.640421052631579;0.5903930131004367;3042;2513;1708
280;grey_fox;4750;;0.47010526315789475;0.7932504440497335;0.47010526315789475;0.5903502974223398;2233;582;2517
650;microphone;4750;;0.7692631578947369;0.47877358490566035;0.7692631578947369;0.5902115974802132;3654;3978;1096
185;Norfolk_terrier;4750;;0.448;0.8639870077141697;0.448;0.5900457507278525;2128;335;2622
120;fiddler_crab;4750;;0.47221052631578947;0.7856392294220665;0.47221052631578947;0.5898750821827745;2243;612;2507
106;wombat;4750;;0.42526315789473684;0.9623630300142926;0.42526315789473684;0.5898671338881589;2020;79;2730
884;vault;4750;;0.6237894736842106;0.5588457185967559;0.6237894736842106;0.5895344210107442;2963;2339;1787
618;ladle;4750;;0.4688421052631579;0.7936564504632929;0.4688421052631579;0.5894653255690842;2227;579;2523
219;cocker_spaniel;4750;;0.4941052631578947;0.7286556969885128;0.4941052631578947;0.5888847070631037;2347;874;2403
265;toy_poodle;4750;;0.4903157894736842;0.7365591397849462;0.4903157894736842;0.588725985844287;2329;833;2421
973;coral_reef;4750;;0.5711578947368421;0.605445213122071;0.5711578947368421;0.5878019716173764;2713;1768;2037
377;marmoset;4750;;0.4421052631578947;0.872093023255814;0.4421052631578947;0.586756077116513;2100;308;2650
189;Lakeland_terrier;4750;;0.4625263157894737;0.7997815799053513;0.4625263157894737;0.5861011071095105;2197;550;2553
619;lampshade;4750;;0.5869473684210527;0.5839966485127775;0.5869473684210527;0.5854682906341873;2788;1986;1962
956;custard_apple;4750;;0.66;0.5254777070063694;0.66;0.5851063829787234;3135;2831;1615
881;upright;4750;;0.8381052631578947;0.4485633802816901;0.8381052631578947;0.5843669724770642;3981;4894;769
196;miniature_schnauzer;4750;;0.5557894736842105;0.6150978564771669;0.5557894736842105;0.583941605839416;2640;1652;2110
248;Eskimo_dog;4750;;0.6505263157894737;0.5264951439768274;0.6505263157894737;0.5819757039269234;3090;2779;1660
527;desktop_computer;4750;;0.5835789473684211;0.5788264773439131;0.5835789473684211;0.5811929971695146;2772;2017;1978
165;black-and-tan_coonhound;4750;;0.6006315789473684;0.5622782814347654;0.6006315789473684;0.5808224755700325;2853;2221;1897
493;chiffonier;4750;;0.496;0.6986951364175563;0.496;0.5801526717557253;2356;1016;2394
101;tusker;4750;;0.44;0.8492482730597318;0.44;0.5796699486895022;2090;371;2660
799;sliding_door;4750;;0.45052631578947366;0.8118361153262519;0.45052631578947366;0.5794746818304901;2140;496;2610
507;combination_lock;4750;;0.6082105263157894;0.5529186602870814;0.6082105263157894;0.5792481203007519;2889;2336;1861
313;walking_stick;4750;;0.5258947368421053;0.6424897119341564;0.5258947368421053;0.5783746237554991;2498;1390;2252
187;Yorkshire_terrier;4750;;0.5147368421052632;0.6588520614389652;0.5147368421052632;0.5779458692825906;2445;1266;2305
379;howler_monkey;4750;;0.511578947368421;0.6617647058823529;0.511578947368421;0.5770600807409165;2430;1242;2320
700;paper_towel;4750;;0.4597894736842105;0.7717314487632508;0.4597894736842105;0.5762532981530344;2184;646;2566
482;cassette_player;4750;;0.46231578947368424;0.7646239554317549;0.46231578947368424;0.5762267121490423;2196;676;2554
272;coyote;4750;;0.5576842105263158;0.5951471579420355;0.5576842105263158;0.5758069775024454;2649;1802;2101
827;stove;4750;;0.6501052631578947;0.5162153126044801;0.6501052631578947;0.5754752143123368;3088;2894;1662
384;indri;4750;;0.6077894736842105;0.545334340763128;0.6077894736842105;0.5748705694942254;2887;2407;1863
524;cuirass;4750;;0.42147368421052633;0.8981606101390758;0.42147368421052633;0.5737211634904713;2002;227;2748
197;giant_schnauzer;4750;;0.45010526315789473;0.7854518736223365;0.45010526315789473;0.5722698072805139;2138;584;2612
123;spiny_lobster;4750;;0.4362105263157895;0.8261562998405104;0.4362105263157895;0.5709561862772115;2072;436;2678
45;Gila_monster;4750;;0.40989473684210526;0.9338129496402877;0.40989473684210526;0.5697147037307974;1947;138;2803
581;grille;4750;;0.7117894736842105;0.4743265993265993;0.7117894736842105;0.5692877588819667;3381;3747;1369
64;green_mamba;4750;;0.608421052631579;0.5343934911242604;0.608421052631579;0.5690096475684189;2890;2518;1860
212;English_setter;4750;;0.41578947368421054;0.9001823154056517;0.41578947368421054;0.5688364055299538;1975;219;2775
203;West_Highland_white_terrier;4750;;0.8326315789473684;0.4316743069198865;0.8326315789473684;0.5685738930419781;3955;5207;795
644;matchstick;4750;;0.6458947368421053;0.5036939747167952;0.6458947368421053;0.5659994465455217;3068;3023;1682
42;agama;4750;;0.45326315789473687;0.7512212142358689;0.45326315789473687;0.5653886554621849;2153;713;2597
669;mosquito_net;4750;;0.4010526315789474;0.9577677224736049;0.4010526315789474;0.5653657812731859;1905;84;2845
516;cradle;4750;;0.41178947368421054;0.8980716253443526;0.41178947368421054;0.5646651270207852;1956;222;2794
681;notebook;4750;;0.5433684210526316;0.5876593806921676;0.5433684210526316;0.5646466856267776;2581;1811;2169
382;squirrel_monkey;4750;;0.47178947368421054;0.7018477920450986;0.47178947368421054;0.5642704267908851;2241;952;2509
373;macaque;4750;;0.5061052631578947;0.6346356916578669;0.5061052631578947;0.5631295385336144;2404;1384;2346
44;alligator_lizard;4750;;0.4825263157894737;0.6697837521917007;0.4825263157894737;0.5609397944199707;2292;1130;2458
390;eel;4750;;0.4130526315789474;0.8735529830810329;0.4130526315789474;0.5608919382504289;1962;284;2788
49;African_crocodile;4750;;0.4111578947368421;0.8789378937893789;0.4111578947368421;0.5602409638554217;1953;269;2797
124;crayfish;4750;;0.4513684210526316;0.7372764786795049;0.4513684210526316;0.5599373204492035;2144;764;2606
519;crate;4750;;0.6301052631578947;0.5028561827956989;0.6301052631578947;0.5593347037936834;2993;2959;1757
846;table_lamp;4750;;0.6330526315789474;0.5004993342210386;0.6330526315789474;0.5590258412344302;3007;3001;1743
38;banded_gecko;4750;;0.44989473684210524;0.7351221190230478;0.44989473684210524;0.5581820556353663;2137;770;2613
357;mink;4750;;0.40989473684210526;0.8479965156794426;0.40989473684210526;0.5526539880783423;1947;349;2803
36;terrapin;4750;;0.5446315789473685;0.5567032494082204;0.5446315789473685;0.5506012557199106;2587;2060;2163
329;sea_cucumber;4750;;0.3985263157894737;0.8788300835654597;0.3985263157894737;0.54837775202781;1893;261;2857
314;cockroach;4750;;0.624421052631579;0.4884716732542819;0.624421052631579;0.5481426723341342;2966;3106;1784
82;ruffed_grouse;4750;;0.7082105263157895;0.44509129399311986;0.7082105263157895;0.5466363340916477;3364;4194;1386
353;gazelle;4750;;0.48589473684210527;0.6195973154362416;0.48589473684210527;0.5446607669616519;2308;1417;2442
190;Sealyham_terrier;4750;;0.4048421052631579;0.824967824967825;0.4048421052631579;0.5431436237819517;1923;408;2827
920;traffic_light;4750;;0.7976842105263158;0.41144532522532307;0.7976842105263158;0.5428755641521599;3789;5420;961
298;mongoose;4750;;0.4008421052631579;0.8253142609449502;0.4008421052631579;0.5396060649000992;1904;403;2846
304;leaf_beetle;4750;;0.4012631578947368;0.8201376936316696;0.4012631578947368;0.5388747526152106;1906;418;2844
119;rock_crab;4750;;0.4823157894736842;0.6102823654768247;0.4823157894736842;0.5388052681091251;2291;1463;2459
5;electric_ray;4750;;0.3932631578947368;0.85413808870599;0.3932631578947368;0.5385613377540723;1868;319;2882
673;mouse;4750;;0.432;0.7092983062564812;0.432;0.5369619259453093;2052;841;2698
446;binder;4750;;0.5711578947368421;0.502686677783954;0.5711578947368421;0.5347393318222134;2713;2684;2037
34;leatherback_turtle;4750;;0.4046315789473684;0.7728186570164858;0.4046315789473684;0.5311593201602874;1922;565;2828
961;dough;4750;;0.5187368421052632;0.5407066052227343;0.5187368421052632;0.5294939293005265;2464;2093;2286
368;gibbon;4750;;0.5578947368421052;0.49934049368758243;0.5578947368421052;0.5269961221040071;2650;2657;2100
782;screen;4750;;0.3774736842105263;0.8666022232962783;0.3774736842105263;0.5258835606393899;1793;276;2957
398;abacus;4750;;0.6368421052631579;0.44775014801657786;0.6368421052631579;0.5258126195028682;3025;3731;1725
733;pole;4750;;0.6381052631578947;0.4467207074428887;0.6381052631578947;0.5255309926311227;3031;3754;1719
43;frilled_lizard;4750;;0.5048421052631579;0.5473636156128737;0.5048421052631579;0.5252436753915233;2398;1983;2352
947;mushroom;4750;;0.4381052631578947;0.6544025157232705;0.4381052631578947;0.5248423707440101;2081;1099;2669
789;shoji;4750;;0.72;0.40816326530612246;0.72;0.5209840810419681;3420;4959;1330
63;Indian_cobra;4750;;0.5989473684210527;0.46095268956578095;0.5989473684210527;0.5209668558872002;2845;3327;1905
30;bullfrog;4750;;0.7414736842105263;0.4006825938566553;0.7414736842105263;0.5202363367799113;3522;5268;1228
680;nipple;4750;;0.6122105263157894;0.45092262366258334;0.6122105263157894;0.5193320832217162;2908;3541;1842
530;digital_clock;4750;;0.7406315789473684;0.39922832501134814;0.7406315789473684;0.5188025364990414;3518;5294;1232
378;capuchin;4750;;0.37663157894736843;0.8320930232558139;0.37663157894736843;0.5185507246376811;1789;361;2961
380;titi;4750;;0.3753684210526316;0.8320111992533831;0.3753684210526316;0.5173364282605543;1783;360;2967
233;Bouvier_des_Flandres;4750;;0.3741052631578947;0.8350563909774437;0.3741052631578947;0.5167199767374236;1777;351;2973
570;gasmask;4750;;0.8033684210526316;0.3803827751196172;0.8033684210526316;0.5163036125016912;3816;6216;934
200;Tibetan_terrier;4750;;0.3974736842105263;0.734344612991054;0.3974736842105263;0.5157765332604836;1888;683;2862
226;briard;4750;;0.3776842105263158;0.8034034930586654;0.3776842105263158;0.5138192753830731;1794;439;2956
479;car_wheel;4750;;0.7292631578947368;0.39661094572933364;0.7292631578947368;0.5137941263719965;3464;5270;1286
564;four-poster;4750;;0.5471578947368421;0.48380491437081163;0.5471578947368421;0.5135348745307251;2599;2773;2151
550;espresso_maker;4750;;0.4328421052631579;0.619837202291227;0.4328421052631579;0.5097310028511218;2056;1261;2694
356;weasel;4750;;0.4052631578947368;0.6845661450924608;0.4052631578947368;0.5091245702195186;1925;887;2825
940;spaghetti_squash;4750;;0.476;0.5452134072823728;0.476;0.5082612116443745;2261;1886;2489
153;Maltese_dog;4750;;0.6682105263157895;0.40734086242299794;0.6682105263157895;0.506139371711051;3174;4618;1576
285;Egyptian_cat;4750;;0.4067368421052632;0.6648313833448039;0.4067368421052632;0.5047021943573667;1932;974;2818
115;sea_slug;4750;;0.38842105263157894;0.7028571428571428;0.38842105263157894;0.5003389830508475;1845;780;2905
278;kit_fox;4750;;0.3456842105263158;0.8987411056376574;0.3456842105263158;0.49931579747605287;1642;185;3108
183;Kerry_blue_terrier;4750;;0.6896842105263158;0.39009287925696595;0.6896842105263158;0.49832674170976576;3276;5122;1474
989;hip;4750;;0.8757894736842106;0.3480297833179955;0.8757894736842106;0.4981141112375023;4160;7793;590
810;space_bar;4750;;0.4789473684210526;0.5170454545454546;0.4789473684210526;0.4972677595628416;2275;2125;2475
503;cocktail_shaker;4750;;0.7014736842105264;0.38387096774193546;0.7014736842105264;0.49620253164556954;3332;5348;1418
61;boa_constrictor;4750;;0.5646315789473684;0.441699604743083;0.5646315789473684;0.49565699501016447;2682;3390;2068
74;garden_spider;4750;;0.46421052631578946;0.5313253012048192;0.46421052631578946;0.49550561797752807;2205;1945;2545
599;honeycomb;4750;;0.5898947368421052;0.42628936558649017;0.5898947368421052;0.49492184050163385;2802;3771;1948
26;common_newt;4750;;0.5511578947368421;0.4477509834102959;0.5511578947368421;0.4941021043691611;2618;3229;2132
125;hermit_crab;4750;;0.3406315789473684;0.8944168048645661;0.3406315789473684;0.4933678914468668;1618;191;3132
489;chainlink_fence;4750;;0.6107368421052631;0.41020927601809953;0.6107368421052631;0.4907799018778549;2901;4171;1849
421;bannister;4750;;0.6787368421052632;0.37924950005881664;0.6787368421052632;0.48660478454456274;3224;5277;1526
358;polecat;4750;;0.4530526315789474;0.5233463035019456;0.4530526315789474;0.4856691491762582;2152;1960;2598
950;orange;4750;;0.7296842105263158;0.3633504560226439;0.7296842105263158;0.4851284204632935;3466;6073;1284
238;Greater_Swiss_Mountain_dog;4750;;0.35242105263157897;0.7771587743732591;0.35242105263157897;0.48493626882966395;1674;480;3076
362;badger;4750;;0.8141052631578948;0.3447138527366732;0.8141052631578948;0.4843436873747495;3867;7351;883
193;Australian_terrier;4750;;0.40421052631578946;0.6013153773880363;0.40421052631578946;0.483444542364346;1920;1273;2830
281;tabby;4750;;0.8252631578947368;0.3378727805550767;0.8252631578947368;0.4794520547945205;3920;7682;830
33;loggerhead;4750;;0.6492631578947369;0.37518248175182484;0.6492631578947369;0.47555898226676946;3084;5136;1666
579;grand_piano;4750;;0.31305263157894736;0.9532051282051283;0.31305263157894736;0.4713153724247227;1487;73;3263
742;printer;4750;;0.3101052631578947;0.9497098646034816;0.3101052631578947;0.467544834153309;1473;78;3277
252;affenpinscher;4750;;0.7492631578947369;0.33588146470366176;0.7492631578947369;0.46383422390199397;3559;7037;1191
985;daisy;4750;;0.9713684210526315;0.30349273169769125;0.9713684210526315;0.46248684408359647;4614;10589;136
62;rock_python;4750;;0.3328421052631579;0.7464589235127479;0.3328421052631579;0.4603960396039604;1581;537;3169
552;feather_boa;4750;;0.7231578947368421;0.3373269174113719;0.7231578947368421;0.46005491193999865;3435;6748;1315
108;sea_anemone;4750;;0.5229473684210526;0.4099009900990099;0.5229473684210526;0.4595744680851064;2484;3576;2266
168;redbone;4750;;0.5210526315789473;0.40855067679102014;0.5210526315789473;0.4579940784603997;2475;3583;2275
54;hognose_snake;4750;;0.33978947368421053;0.7020443671161375;0.33978947368421053;0.4579372960703646;1614;685;3136
432;bassoon;4750;;0.6524210526315789;0.3518392370572207;0.6524210526315789;0.45714707183950437;3099;5709;1651
633;loupe;4750;;0.5966315789473684;0.36978079331941544;0.5966315789473684;0.4565812792009022;2834;4830;1916
3;tiger_shark;4750;;0.30526315789473685;0.885766646304215;0.30526315789473685;0.4540472835447002;1450;187;3300
55;green_snake;4750;;0.30757894736842106;0.8244920993227991;0.30757894736842106;0.44802207911683534;1461;311;3289
194;Dandie_Dinmont;4750;;0.5974736842105263;0.3559959859508279;0.5974736842105263;0.4461562647382487;2838;5134;1912
73;barn_spider;4750;;0.38252631578947366;0.534254630990885;0.38252631578947366;0.4458348668874984;1817;1584;2933
370;guenon;4750;;0.2911578947368421;0.9158940397350993;0.2911578947368421;0.44185303514376995;1383;127;3367
611;jigsaw_puzzle;4750;;0.6724210526315789;0.3263512823132727;0.6724210526315789;0.4394304189310036;3194;6593;1556
312;cricket;4750;;0.30189473684210527;0.7957824639289678;0.30189473684210527;0.4377289377289377;1434;368;3316
58;water_snake;4750;;0.43242105263157893;0.4359083191850594;0.43242105263157893;0.4341576833650391;2054;2658;2696
59;vine_snake;4750;;0.35747368421052633;0.5437079731027857;0.35747368421052633;0.4313476438460562;1698;1425;3052
319;dragonfly;4750;;0.6875789473684211;0.30761985494960914;0.6875789473684211;0.4250667013730722;3266;7351;1484
632;loudspeaker;4750;;0.7052631578947368;0.30088018681516077;0.7052631578947368;0.4218081087887182;3350;7784;1400
116;chiton;4750;;0.5406315789473685;0.34094530005310675;0.5406315789473685;0.4181729360039082;2568;4964;2182
282;tiger_cat;4750;;0.28778947368421054;0.7502744237102086;0.28778947368421054;0.4160073037127206;1367;455;3383
815;spider_web;4750;;0.543578947368421;0.33558617104237065;0.543578947368421;0.41497910639665697;2582;5112;2168
35;mud_turtle;4750;;0.30547368421052634;0.6289553532726485;0.30547368421052634;0.4112228992489727;1451;856;3299
794;shower_curtain;4750;;0.5324210526315789;0.323318844285349;0.5324210526315789;0.40232262169901367;2529;5293;2221
66;horned_viper;4750;;0.36694736842105263;0.43739021329987454;0.36694736842105263;0.39908414424728106;1743;2242;3007
208;Labrador_retriever;4750;;0.7913684210526316;0.2590805706802674;0.7913684210526316;0.39036294719351994;3759;10750;991
729;plate_rack;4750;;0.5334736842105263;0.3064087061668682;0.5334736842105263;0.389247311827957;2534;5736;2216
201;silky_terrier;4750;;0.7088421052631579;0.26660859925568137;0.7088421052631579;0.38747914149260604;3367;9262;1383
46;green_lizard;4750;;0.2829473684210526;0.6111869031377899;0.2829473684210526;0.3868182472298172;1344;855;3406
107;jellyfish;4750;;0.5875789473684211;0.2871103795905771;0.5875789473684211;0.385736991223827;2791;6930;1959
506;coil;4750;;0.7004210526315789;0.2546693202694427;0.7004210526315789;0.373526439878747;3327;9737;1423
67;diamondback;4750;;0.49642105263157893;0.28696604600219056;0.49642105263157893;0.363692450065551;2358;5859;2392
60;night_snake;4750;;0.2414736842105263;0.7075879086983343;0.2414736842105263;0.36006906294145347;1147;474;3603
885;velvet;4750;;0.6021052631578947;0.25602005192015037;0.6021052631578947;0.35927391495509076;2860;8311;1890
204;Lhasa;4750;;0.527578947368421;0.2556621097735156;0.527578947368421;0.34442001099505226;2506;7296;2244
641;maraca;4750;;0.7808421052631579;0.219065619278247;0.7808421052631579;0.34214289008809556;3709;13222;1041
381;spider_monkey;4750;;0.22715789473684211;0.6595354523227384;0.22715789473684211;0.3379267146883808;1079;557;3671
813;spatula;4750;;0.6498947368421053;0.22562490863908785;0.6498947368421053;0.33496093750000006;3087;10595;1663
861;toilet_seat;4750;;0.628421052631579;0.22817611985934871;0.628421052631579;0.3347913862718708;2985;10097;1765
694;paddlewheel;4750;;0.8155789473684211;0.20827956989247312;0.8155789473684211;0.33182012847965736;3874;14726;876
371;patas;4750;;0.45052631578947366;0.25702618304107616;0.45052631578947366;0.32731722239216887;2140;6186;2610
32;tailed_frog;4750;;0.19936842105263158;0.8801115241635687;0.19936842105263158;0.3250944043940954;947;129;3803
68;sidewinder;4750;;0.21536842105263157;0.6295384615384615;0.21536842105263157;0.32094117647058823;1023;602;3727
839;suspension_bridge;4750;;0.6418947368421053;0.20893579113273486;0.6418947368421053;0.31525616502093784;3049;11544;1701
600;hook;4750;;0.5892631578947368;0.2058239576439444;0.5892631578947368;0.3050847457627119;2799;10800;1951
103;platypus;4750;;0.539578947368421;0.21138144329896907;0.539578947368421;0.30376296296296296;2563;9562;2187
109;brain_coral;4750;;0.6109473684210527;0.20016554007449303;0.6109473684210527;0.3015378221113882;2902;11596;1848
271;red_wolf;4750;;0.4730526315789474;0.21788034519538446;0.4730526315789474;0.2983469428400717;2247;8066;2503
241;EntleBucher;4750;;0.8077894736842105;0.17376143465265828;0.8077894736842105;0.28600178890876565;3837;18245;913
396;lionfish;4750;;0.6865263157894737;0.17315350714171932;0.6865263157894737;0.276555145655769;3261;15572;1489
818;spotlight;4750;;0.6768421052631579;0.16047718877907557;0.6768421052631579;0.2594415752098128;3215;16819;1535
843;swing;4750;;0.783157894736842;0.15510340226817879;0.783157894736842;0.2589267070369597;3720;20264;1030
545;electric_fan;4750;;0.8189473684210526;0.1528967848439588;0.8189473684210526;0.25768415474297823;3890;21552;860
510;container_ship;4750;;0.8833684210526316;0.1369541092760624;0.8833684210526316;0.23714253419238163;4196;26442;554
905;window_shade;4750;;0.5444210526315789;0.14680669883621913;0.5444210526315789;0.2312541918175721;2586;15029;2164
266;miniature_poodle;4750;;0.5730526315789474;0.13948244939789906;0.5730526315789474;0.22435606841129196;2722;16793;2028
28;spotted_salamander;4750;;0.5187368421052632;0.13692692414559599;0.5187368421052632;0.21666300285777093;2464;15531;2286
401;accordion;4750;;0.7568421052631579;0.11916995392316107;0.7568421052631579;0.20591688862158833;3595;26572;1155
977;sandbar;4750;;0.5008421052631579;0.09726878730885599;0.5008421052631579;0.16290057518488085;2379;22079;2371
828;strainer;4750;;0.6444210526315789;0.09301972224754612;0.6444210526315789;0.16257269564755558;3061;29846;1689
369;siamang;4750;;0.7246315789473684;0.09102208118471505;0.7246315789473684;0.16172912016915306;3442;34373;1308
111;nematode;4750;;0.8172631578947368;0.07474008471313054;0.8172631578947368;0.13695537131769273;3882;48058;868
904;window_screen;4750;;0.7021052631578948;0.055845808633912725;0.7021052631578948;0.10346218278836013;3335;56383;1415
4;hammerhead;4750;;0.8743157894736842;0.0549127980007669;0.8743157894736842;0.10333544831361424;4153;71476;597
374;langur;4750;;0.41978947368421055;0.052179829381901924;0.41978947368421055;0.0928218974024765;1994;36220;2756
297;sloth_bear;4750;;0.6263157894736842;0.04438774748966773;0.6263157894736842;0.0829002549705321;2975;64048;1775
615;knee_pad;4750;;0.8936842105263157;0.03374001510153797;0.8936842105263157;0.06502508329184697;4245;121570;505
