class_idx;class_label;support;base_accuracy;overall_accuracy;precision;recall;f1;tp;fp;fn
255;Leonberg;4750;;0.9376842105263158;0.9586741282823935;0.9376842105263158;0.9480630055342699;4454;192;296
986;yellow_lady's_slipper;4750;;0.9652631578947368;0.9305865638319464;0.9652631578947368;0.9476077296682855;4585;342;165
129;spoonbill;4750;;0.9307368421052632;0.960251954821894;0.9307368421052632;0.9452640581569381;4421;183;329
100;black_swan;4750;;0.9315789473684211;0.9544866264020707;0.9315789473684211;0.9428936714255274;4425;211;325
90;lorikeet;4750;;0.9410526315789474;0.938090241343127;0.9410526315789474;0.9395691014188123;4470;295;280
136;European_gallinule;4750;;0.9153684210526316;0.9564452265728113;0.9153684210526316;0.9354561101549054;4348;198;402
130;flamingo;4750;;0.891578947368421;0.9758064516129032;0.891578947368421;0.9317931793179318;4235;105;515
339;sorrel;4750;;0.9355789473684211;0.9254477301124532;0.9355789473684211;0.9304857621440535;4444;358;306
376;proboscis_monkey;4750;;0.9555789473684211;0.901131625967838;0.9555789473684211;0.9275569633186881;4539;498;211
340;zebra;4750;;0.8772631578947369;0.9722351843210453;0.8772631578947369;0.9223107569721116;4167;119;583
139;ruddy_turnstone;4750;;0.928;0.916233631261692;0.928;0.922079280409999;4408;403;342
88;macaw;4750;;0.9101052631578948;0.9312796208530806;0.9101052631578948;0.9205706984667803;4323;319;427
275;African_hunting_dog;4750;;0.9469473684210526;0.8951243781094528;0.9469473684210526;0.920306905370844;4498;527;252
387;lesser_panda;4750;;0.9157894736842105;0.9152114454029034;0.9157894736842105;0.9155003683047458;4350;403;400
9;ostrich;4750;;0.9334736842105263;0.8973891924711597;0.9334736842105263;0.9150758435661954;4434;507;316
388;giant_panda;4750;;0.9025263157894737;0.927319922128488;0.9025263157894737;0.9147551477648566;4287;336;463
323;monarch;4750;;0.8873684210526316;0.9375;0.8873684210526316;0.9117456197274497;4215;281;535
685;odometer;4750;;0.9303157894736842;0.8918264379414732;0.9303157894736842;0.9106646058732613;4419;536;331
15;robin;4750;;0.8703157894736843;0.9531934516947198;0.8703157894736843;0.9098712446351931;4134;203;616
19;chickadee;4750;;0.8633684210526316;0.9610967893133349;0.8633684210526316;0.9096151713430187;4101;166;649
24;great_grey_owl;4750;;0.8791578947368421;0.9375841939829367;0.8791578947368421;0.9074315514993482;4176;278;574
0;tench;4750;;0.8890526315789473;0.9174451444709971;0.8890526315789473;0.9030257671335399;4223;380;527
135;limpkin;4750;;0.9505263157894737;0.8547898523286633;0.9505263157894737;0.9001196172248803;4515;767;235
91;coucal;4750;;0.8703157894736843;0.9319206492335438;0.8703157894736843;0.9000653167864141;4134;302;616
25;European_fire_salamander;4750;;0.8637894736842106;0.9378285714285715;0.8637894736842106;0.8992876712328768;4103;272;647
96;toucan;4750;;0.8692631578947368;0.931423415294383;0.8692631578947368;0.89927039093978;4129;304;621
900;water_tower;4750;;0.840842105263158;0.9617144233084517;0.840842105263158;0.8972256542738403;3994;159;756
625;lifeboat;4750;;0.8753684210526316;0.9195046439628483;0.8753684210526316;0.8968938740293356;4158;364;592
984;rapeseed;4750;;0.8997894736842105;0.8924618918354562;0.8997894736842105;0.8961107034280321;4274;515;476
84;peacock;4750;;0.8425263157894737;0.9553592742898066;0.8425263157894737;0.8954021702651302;4002;187;748
145;king_penguin;4750;;0.8578947368421053;0.9290925672594619;0.8578947368421053;0.8920753064798599;4075;311;675
11;goldfinch;4750;;0.8286315789473684;0.9658895705521472;0.8286315789473684;0.8920113314447592;3936;139;814
284;Siamese_cat;4750;;0.9014736842105263;0.8808887060275663;0.9014736842105263;0.8910623244199355;4282;579;468
915;yurt;4750;;0.8507368421052631;0.933256351039261;0.8507368421052631;0.8900881057268722;4041;289;709
333;hamster;4750;;0.8797894736842106;0.8963963963963963;0.8797894736842106;0.8880152996175096;4179;483;571
13;junco;4750;;0.8381052631578947;0.9418026969481902;0.8381052631578947;0.8869332739222456;3981;246;769
291;lion;4750;;0.9269473684210526;0.8485257275004818;0.9269473684210526;0.8860046282322165;4403;786;347
143;oystercatcher;4750;;0.8494736842105263;0.9208124144226381;0.8494736842105263;0.8837056504599211;4035;347;715
87;African_grey;4750;;0.8218947368421052;0.9494163424124513;0.8218947368421052;0.8810652222974498;3904;208;846
321;admiral;4750;;0.8130526315789474;0.959741550695825;0.8130526315789474;0.8803282425347618;3862;162;888
247;Saint_Bernard;4750;;0.8513684210526316;0.90754039497307;0.8513684210526316;0.8785574625244406;4044;412;706
351;hartebeest;4750;;0.9214736842105263;0.8386664111898832;0.9214736842105263;0.8781221787541378;4377;842;373
576;gondola;4750;;0.8989473684210526;0.8579465541490858;0.8989473684210526;0.8779685411740517;4270;707;480
92;bee_eater;4750;;0.8778947368421053;0.8758664146187776;0.8778947368421053;0.8768794027967617;4170;591;580
17;jay;4750;;0.8006315789473685;0.9681771894093686;0.8006315789473685;0.8764692325420603;3803;125;947
216;clumber;4750;;0.8608421052631579;0.8922103425703688;0.8608421052631579;0.8762455801992929;4089;494;661
89;sulphur-crested_cockatoo;4750;;0.8046315789473685;0.9605428499623021;0.8046315789473685;0.8757016840417001;3822;157;928
430;basketball;4750;;0.8273684210526315;0.9299574065309986;0.8273684210526315;0.8756684491978609;3930;296;820
141;redshank;4750;;0.852421052631579;0.8983802973152873;0.852421052631579;0.8747974505779411;4049;458;701
102;echidna;4750;;0.8421052631578947;0.9047726758651888;0.8421052631578947;0.8723149056809508;4000;421;750
138;bustard;4750;;0.8309473684210527;0.9164151381472022;0.8309473684210527;0.8715910345589049;3947;360;803
355;llama;4750;;0.8191578947368421;0.9306386032049749;0.8191578947368421;0.871346993617736;3891;290;859
993;gyromitra;4750;;0.9082105263157895;0.8362085675518511;0.9082105263157895;0.8707235846200425;4314;845;436
93;hornbill;4750;;0.8187368421052632;0.9268350810295519;0.8187368421052632;0.8694388553543483;3889;307;861
354;Arabian_camel;4750;;0.884421052631579;0.8531681559707555;0.884421052631579;0.8685135414513129;4201;723;549
144;pelican;4750;;0.8107368421052632;0.9324455205811139;0.8107368421052632;0.8673423423423425;3851;279;899
594;harp;4750;;0.8747368421052631;0.8600703788035603;0.8747368421052631;0.8673416136102703;4155;676;595
276;hyena;4750;;0.8490526315789474;0.8861788617886179;0.8490526315789474;0.8672185786474573;4033;518;717
244;Tibetan_mastiff;4750;;0.8772631578947369;0.8545939294503692;0.8772631578947369;0.8657801786827342;4167;709;583
396;lionfish;4750;;0.8094736842105263;0.9300919206579584;0.8094736842105263;0.8656010805943269;3845;289;905
554;fireboat;4750;;0.844421052631579;0.8850397175639894;0.844421052631579;0.8642533936651584;4011;521;739
874;trolleybus;4750;;0.8652631578947368;0.8614546216726053;0.8652631578947368;0.863354689633442;4110;661;640
325;sulphur_butterfly;4750;;0.8861052631578947;0.8416316736652669;0.8861052631578947;0.8632960721977233;4209;792;541
365;orangutan;4750;;0.8477894736842105;0.87715094750599;0.8477894736842105;0.862220319023659;4027;564;723
260;chow;4750;;0.8623157894736843;0.8601427971440572;0.8623157894736843;0.8612279226240538;4096;666;654
985;daisy;4750;;0.932;0.7995304316416832;0.932;0.860697968309517;4427;1110;323
12;house_finch;4750;;0.8105263157894737;0.9171033825631253;0.8105263157894737;0.8605274921770227;3850;348;900
873;triumphal_arch;4750;;0.8431578947368421;0.8780969085726814;0.8431578947368421;0.8602727956180862;4005;556;745
133;bittern;4750;;0.795578947368421;0.934239802224969;0.795578947368421;0.8593519044911881;3779;266;971
560;football_helmet;4750;;0.8138947368421052;0.910075329566855;0.8138947368421052;0.8593020671260281;3866;382;884
528;dial_telephone;4750;;0.7907368421052632;0.9404106159238859;0.7907368421052632;0.8591033851784081;3756;238;994
178;Weimaraner;4750;;0.8155789473684211;0.9053517176910493;0.8155789473684211;0.8581238232362389;3874;405;876
137;American_coot;4750;;0.8044210526315789;0.918730464053859;0.8044210526315789;0.8577842631047254;3821;338;929
253;basenji;4750;;0.844421052631579;0.8702538511607724;0.844421052631579;0.8571428571428572;4011;598;739
565;freight_car;4750;;0.8709473684210526;0.8401705930138099;0.8709473684210526;0.8552821997105643;4137;787;613
146;albatross;4750;;0.8315789473684211;0.8803209271227992;0.8315789473684211;0.8552560355093647;3950;537;800
160;Afghan_hound;4750;;0.8667368421052631;0.8438204550112728;0.8667368421052631;0.8551251427977983;4117;762;633
779;school_bus;4750;;0.8435789473684211;0.8665657439446367;0.8435789473684211;0.8549178579048432;4007;617;743
694;paddlewheel;4750;;0.8343157894736842;0.8763821318000885;0.8343157894736842;0.8548317515099224;3963;559;787
466;bullet_train;4750;;0.8648421052631579;0.8426666666666667;0.8648421052631579;0.8536103896103896;4108;767;642
324;cabbage_butterfly;4750;;0.832421052631579;0.8711169861202908;0.832421052631579;0.8513295295510819;3954;585;796
274;dhole;4750;;0.8568421052631578;0.8429991714995857;0.8568421052631578;0.849864272290666;4070;758;680
261;keeshond;4750;;0.8311578947368421;0.8669301712779973;0.8311578947368421;0.8486672398968186;3948;606;802
251;dalmatian;4750;;0.8229473684210526;0.8750839489590329;0.8229473684210526;0.8482152544211782;3909;558;841
142;dowitcher;4750;;0.8402105263157895;0.8562540227419009;0.8402105263157895;0.8481564127085326;3991;670;759
347;bison;4750;;0.7909473684210526;0.9132231404958677;0.7909473684210526;0.8476985559566786;3757;357;993
268;Mexican_hairless;4750;;0.8566315789473684;0.8356952146231259;0.8566315789473684;0.8460338912568874;4069;800;681
991;coral_fungus;4750;;0.8292631578947368;0.8628696604600219;0.8292631578947368;0.84573268921095;3939;626;811
14;indigo_bunting;4750;;0.903578947368421;0.7915898192548875;0.903578947368421;0.843885174990169;4292;1130;458
990;buckeye;4750;;0.8501052631578947;0.8372382334646485;0.8501052631578947;0.8436226888122845;4038;785;712
890;volleyball;4750;;0.8052631578947368;0.884393063583815;0.8052631578947368;0.8429752066115701;3825;500;925
16;bulbul;4750;;0.7711578947368422;0.9294595280385689;0.7711578947368422;0.8429409734207802;3663;278;1087
156;Blenheim_spaniel;4750;;0.8949473684210526;0.7963656800299738;0.8949473684210526;0.8427835051546392;4251;1087;499
425;barn;4750;;0.8181052631578948;0.8672171390314662;0.8181052631578948;0.8419456180262159;3886;595;864
863;totem_pole;4750;;0.7745263157894737;0.9204403302476858;0.7745263157894737;0.8412026980679091;3679;318;1071
294;brown_bear;4750;;0.8549473684210527;0.8255743037202683;0.8549473684210527;0.8400041369324646;4061;858;689
350;ibex;4750;;0.8871578947368421;0.7964467964467965;0.8871578947368421;0.8393586296185639;4214;1077;536
661;Model_T;4750;;0.8069473684210526;0.8725244707489187;0.8069473684210526;0.8384556491304823;3833;560;917
254;pug;4750;;0.8170526315789474;0.859769605671245;0.8170526315789474;0.8378670120898101;3881;633;869
293;cheetah;4750;;0.8456842105263158;0.8282474226804124;0.8456842105263158;0.8368749999999999;4017;833;733
300;tiger_beetle;4750;;0.8536842105263158;0.8206840720501922;0.8536842105263158;0.836858941285729;4055;886;695
289;snow_leopard;4750;;0.7966315789473685;0.8810244470314319;0.7966315789473685;0.8367053620784964;3784;511;966
326;lycaenid;4750;;0.832;0.8410300063843371;0.832;0.8364906339295163;3952;747;798
306;rhinoceros_beetle;4750;;0.755578947368421;0.9360980699008868;0.755578947368421;0.8362068965517241;3589;245;1161
375;colobus;4750;;0.8223157894736842;0.8474723367324799;0.8223157894736842;0.8347045624532535;3906;703;844
364;three-toed_sloth;4750;;0.8071578947368421;0.8639026588553402;0.8071578947368421;0.8345668262951677;3834;604;916
258;Samoyed;4750;;0.8597894736842105;0.809835415427325;0.8597894736842105;0.8340651485755132;4084;959;666
763;revolver;4750;;0.8669473684210526;0.7982167086644698;0.8669473684210526;0.8311635886567766;4118;1041;632
105;koala;4750;;0.7433684210526316;0.9416;0.7433684210526316;0.8308235294117647;3531;219;1219
195;Boston_bull;4750;;0.8244210526315789;0.8371098760153912;0.8244210526315789;0.8307170131523123;3916;762;834
955;jackfruit;4750;;0.7964210526315789;0.8668652612282309;0.7964210526315789;0.8301514154048716;3783;581;967
719;piggy_bank;4750;;0.7997894736842105;0.8624290578887628;0.7997894736842105;0.8299290005461496;3799;606;951
131;little_blue_heron;4750;;0.7694736842105263;0.8998030526834072;0.7694736842105263;0.8295506128007263;3655;407;1095
239;Bernese_mountain_dog;4750;;0.8534736842105263;0.8061244780274408;0.8534736842105263;0.8291236322732385;4054;975;696
755;radio_telescope;4750;;0.7654736842105263;0.9033540372670807;0.7654736842105263;0.8287179487179487;3636;389;1114
606;iron;4750;;0.7728421052631579;0.8916686907942677;0.7728421052631579;0.8280139844366752;3671;446;1079
225;malinois;4750;;0.8073684210526316;0.8484513274336283;0.8073684210526316;0.8274002157497304;3835;685;915
746;puck;4750;;0.8372631578947368;0.8171358126155743;0.8372631578947368;0.8270770510554226;3977;890;773
148;killer_whale;4750;;0.8898947368421053;0.7696649672250546;0.8898947368421053;0.8254247217340364;4227;1265;523
832;stupa;4750;;0.7741052631578947;0.880296863777831;0.7741052631578947;0.8237929875658117;3677;500;1073
344;hippopotamus;4750;;0.7646315789473684;0.8917260004910386;0.7646315789473684;0.8233027314972232;3632;441;1118
218;Welsh_springer_spaniel;4750;;0.8621052631578947;0.7878030011542901;0.8621052631578947;0.8232810615199034;4095;1103;655
140;red-backed_sandpiper;4750;;0.7612631578947369;0.8939431396786156;0.7612631578947369;0.8222853894258103;3616;429;1134
937;broccoli;4750;;0.7597894736842106;0.8948673444086288;0.7597894736842106;0.8218148696345213;3609;424;1141
362;badger;4750;;0.8505263157894737;0.7946498819826908;0.8505263157894737;0.8216392109009558;4040;1044;710
512;corkscrew;4750;;0.8111578947368421;0.8316425642132528;0.8111578947368421;0.8212725141212832;3853;780;897
270;white_wolf;4750;;0.8176842105263158;0.8228813559322034;0.8176842105263158;0.8202745512143611;3884;836;866
286;cougar;4750;;0.8113684210526316;0.8282828282828283;0.8113684210526316;0.8197383813676486;3854;799;896
85;quail;4750;;0.7709473684210526;0.8744030563514804;0.7709473684210526;0.8194226896397404;3662;526;1088
802;snowmobile;4750;;0.8578947368421053;0.7839553674490188;0.8578947368421053;0.8192601527945317;4075;1123;675
820;steam_locomotive;4750;;0.7991578947368421;0.8375992939099736;0.7991578947368421;0.8179271708683473;3796;736;954
821;steel_arch_bridge;4750;;0.8393684210526315;0.7962852007189934;0.8393684210526315;0.8172594035051758;3987;1020;763
988;acorn;4750;;0.8021052631578948;0.8307893589184474;0.8021052631578948;0.8161953727506426;3810;776;940
307;weevil;4750;;0.7301052631578947;0.9248;0.7301052631578947;0.816;3468;282;1282
727;planetarium;4750;;0.8277894736842105;0.8032686414708886;0.8277894736842105;0.8153447382063245;3932;963;818
320;damselfly;4750;;0.8726315789473684;0.7636330140014739;0.8726315789473684;0.814501866771468;4145;1283;605
886;vending_machine;4750;;0.8406315789473684;0.7894424673784104;0.8406315789473684;0.8142332789559542;3993;1065;757
726;plane;4750;;0.7570526315789474;0.8783585735222277;0.7570526315789474;0.8132066938037087;3596;498;1154
363;armadillo;4750;;0.8191578947368421;0.8070939639079029;0.8191578947368421;0.8130811827395257;3891;930;859
18;magpie;4750;;0.772;0.8569759289553635;0.772;0.8122715693875291;3667;612;1083
48;Komodo_dragon;4750;;0.7357894736842105;0.905440414507772;0.7357894736842105;0.8118466898954704;3495;365;1255
190;Sealyham_terrier;4750;;0.8282105263157895;0.7960339943342776;0.8282105263157895;0.8118035493190259;3934;1008;816
51;triceratops;4750;;0.7658947368421053;0.861676930364756;0.7658947368421053;0.8109674543022737;3638;584;1112
604;hourglass;4750;;0.9225263157894736;0.7227445159162131;0.9225263157894736;0.8105058725608065;4382;1681;368
169;borzoi;4750;;0.8589473684210527;0.7667731629392971;0.8589473684210527;0.8102472445635984;4080;1241;670
83;prairie_chicken;4750;;0.8671578947368421;0.7602436323366556;0.8671578947368421;0.8101888276947287;4119;1299;631
1;goldfish;4750;;0.8366315789473684;0.7844453217528622;0.8366315789473684;0.8096984515077423;3974;1092;776
245;French_bulldog;4750;;0.7418947368421053;0.8903486609398686;0.7418947368421053;0.8093706936150665;3524;434;1226
71;scorpion;4750;;0.7848421052631579;0.8351254480286738;0.7848421052631579;0.8092033861515086;3728;736;1022
575;golfcart;4750;;0.7277894736842105;0.9094975006577216;0.7277894736842105;0.8085604022921297;3457;344;1293
292;tiger;4750;;0.8766315789473684;0.7483824586628325;0.8766315789473684;0.8074461896451426;4164;1400;586
174;Norwegian_elkhound;4750;;0.8168421052631579;0.7958974358974359;0.8168421052631579;0.8062337662337663;3880;995;870
571;gas_pump;4750;;0.7305263157894737;0.8980331262939959;0.7305263157894737;0.8056651961922452;3470;394;1280
945;bell_pepper;4750;;0.764421052631579;0.8509491445980782;0.764421052631579;0.805367638904292;3631;636;1119
229;Old_English_sheepdog;4750;;0.8631578947368421;0.7547864506627393;0.8631578947368421;0.8053427617363975;4100;1332;650
569;garbage_truck;4750;;0.8187368421052632;0.7923797881010595;0.8187368421052632;0.805342721060261;3889;1019;861
262;Brabancon_griffon;4750;;0.8067368421052632;0.8035227511008597;0.8067368421052632;0.8051265889274083;3832;937;918
668;mosque;4750;;0.8250526315789474;0.7853707414829659;0.8250526315789474;0.8047227926078029;3919;1071;831
366;gorilla;4750;;0.7631578947368421;0.8507392630837831;0.7631578947368421;0.8045721895461103;3625;636;1125
426;barometer;4750;;0.7898947368421053;0.8197509285558225;0.7898947368421053;0.8045459418891391;3752;825;998
888;viaduct;4750;;0.7170526315789474;0.9141170155662909;0.7170526315789474;0.8036809815950922;3406;320;1344
420;banjo;4750;;0.8307368421052631;0.7773837667454688;0.8307368421052631;0.8031752493384897;3946;1130;804
645;maypole;4750;;0.9048421052631579;0.721988913153032;0.9048421052631579;0.803139306736429;4298;1655;452
621;lawn_mower;4750;;0.7892631578947369;0.816242107554975;0.7892631578947369;0.8025259552606229;3749;844;1001
672;mountain_tent;4750;;0.7717894736842106;0.8333712207319846;0.7717894736842106;0.8013990600065581;3666;733;1084
317;leafhopper;4750;;0.8111578947368421;0.7906833572747793;0.8111578947368421;0.800789774498597;3853;1020;897
57;garter_snake;4750;;0.7294736842105263;0.8866427840327533;0.7294736842105263;0.8004158004158004;3465;443;1285
296;ice_bear;4750;;0.8027368421052632;0.7980326496442026;0.8027368421052632;0.8003778337531486;3813;965;937
316;cicada;4750;;0.7073684210526315;0.9130434782608695;0.7073684210526315;0.797153024911032;3360;320;1390
20;water_ouzel;4750;;0.7890526315789473;0.8034297963558413;0.7890526315789473;0.7961763143919277;3748;917;1002
132;American_egret;4750;;0.8406315789473684;0.7558205565019875;0.8406315789473684;0.795973288149108;3993;1290;757
444;bicycle-built-for-two;4750;;0.8166315789473684;0.7758;0.8166315789473684;0.7956923076923077;3879;1121;871
322;ringlet;4750;;0.8256842105263158;0.7666145426114152;0.8256842105263158;0.7950537198459355;3922;1194;828
214;Gordon_setter;4750;;0.7665263157894737;0.8256235827664399;0.7665263157894737;0.7949781659388646;3641;769;1109
956;custard_apple;4750;;0.8128421052631579;0.7763925196058717;0.8128421052631579;0.7941993211971614;3861;1112;889
259;Pomeranian;4750;;0.8688421052631579;0.7308305294846821;0.8688421052631579;0.7938828508223525;4127;1520;623
338;guinea_pig;4750;;0.7153684210526315;0.8916294935712411;0.7153684210526315;0.7938324962037144;3398;413;1352
472;canoe;4750;;0.8071578947368421;0.7791099370046738;0.8071578947368421;0.7928859476786267;3834;1087;916
953;pineapple;4750;;0.6981052631578948;0.916781863422726;0.6981052631578948;0.7926377435161946;3316;301;1434
486;cello;4750;;0.7652631578947369;0.8203565786504176;0.7652631578947369;0.7918527393530117;3635;796;1115
540;drilling_platform;4750;;0.868;0.727288763450344;0.868;0.7914387177272291;4123;1546;627
688;oscilloscope;4750;;0.8597894736842105;0.7328189485017046;0.8597894736842105;0.7912428557589847;4084;1489;666
279;Arctic_fox;4750;;0.8425263157894737;0.7452513966480447;0.8425263157894737;0.7909090909090909;4002;1368;748
535;disk_brake;4750;;0.696;0.9087410665200659;0.696;0.7882689556509299;3306;332;1444
372;baboon;4750;;0.8006315789473685;0.7742263843648208;0.8006315789473685;0.7872076174705029;3803;1109;947
561;forklift;4750;;0.7642105263157895;0.8109919571045576;0.7642105263157895;0.78690656839367;3630;846;1120
573;go-kart;4750;;0.844842105263158;0.7360601614086574;0.844842105263158;0.7867084885316605;4013;1439;737
181;Bedlington_terrier;4750;;0.8427368421052631;0.7370649972380777;0.8427368421052631;0.7863667616147727;4003;1428;747
28;spotted_salamander;4750;;0.7296842105263158;0.8515970515970516;0.7296842105263158;0.7859410430839003;3466;604;1284
687;organ;4750;;0.7252631578947368;0.8569651741293532;0.7252631578947368;0.7856328392246293;3445;575;1305
97;drake;4750;;0.6606315789473685;0.9682196852823203;0.6606315789473685;0.7853835565010637;3138;103;1612
343;warthog;4750;;0.7496842105263158;0.8220221606648199;0.7496842105263158;0.7841885047346399;3561;771;1189
555;fire_engine;4750;;0.7543157894736842;0.8156157523332574;0.7543157894736842;0.7837690036093186;3583;810;1167
948;Granny_Smith;4750;;0.8048421052631579;0.7610989448536731;0.8048421052631579;0.7823595620587331;3823;1200;927
177;Scottish_deerhound;4750;;0.7985263157894736;0.765643924101736;0.7985263157894736;0.7817394888705689;3793;1161;957
213;Irish_setter;4750;;0.747578947368421;0.8180142824234048;0.747578947368421;0.7812121878781212;3551;790;1199
157;papillon;4750;;0.8903157894736842;0.6952161762288345;0.8903157894736842;0.7807624849995385;4229;1854;521
914;yawl;4750;;0.792;0.768853464132434;0.792;0.7802551073317433;3762;1131;988
609;jeep;4750;;0.716;0.8553822937625755;0.716;0.7795095118038047;3401;575;1349
800;slot;4750;;0.9086315789473685;0.6817248459958932;0.9086315789473685;0.7789910657882863;4316;2015;434
989;hip;4750;;0.8966315789473684;0.6879340978840252;0.8966315789473684;0.7785394388081529;4259;1932;491
933;cheeseburger;4750;;0.6738947368421052;0.9208860759493671;0.6738947368421052;0.7782640408460977;3201;275;1549
612;jinrikisha;4750;;0.8658947368421053;0.7065796254939014;0.8658947368421053;0.7781666824330716;4113;1708;637
642;marimba;4750;;0.7867368421052632;0.7684556857906641;0.7867368421052632;0.7774888172266722;3737;1126;1013
547;electric_locomotive;4750;;0.7014736842105264;0.8692929819984346;0.7014736842105264;0.776418501689386;3332;501;1418
566;French_horn;4750;;0.6747368421052632;0.9128453432070636;0.6747368421052632;0.7759351168139451;3205;306;1545
537;dogsled;4750;;0.8867368421052632;0.6892488954344624;0.8867368421052632;0.7756191879200811;4212;1899;538
23;vulture;4750;;0.756421052631579;0.7950874087187431;0.756421052631579;0.7752724134210811;3593;926;1157
392;rock_beauty;4750;;0.9570526315789474;0.651476067641158;0.9570526315789474;0.7752387448840382;4546;2432;204
70;harvestman;4750;;0.7225263157894737;0.8348333738749696;0.7225263157894737;0.7746304028890645;3432;679;1318
288;leopard;4750;;0.7593684210526316;0.7903155127081507;0.7593684210526316;0.774532961133777;3607;957;1143
352;impala;4750;;0.7366315789473684;0.815237651444548;0.7366315789473684;0.7739438177394382;3499;793;1251
99;goose;4750;;0.7290526315789474;0.8245238095238095;0.7290526315789474;0.773854748603352;3463;737;1287
69;trilobite;4750;;0.7581052631578947;0.7891737891737892;0.7581052631578947;0.7733276065714593;3601;962;1149
548;entertainment_center;4750;;0.8728421052631579;0.6940073652494141;0.8728421052631579;0.773218948153674;4146;1828;604
2;great_white_shark;4750;;0.7145263157894737;0.8423926532638372;0.7145263157894737;0.7732087937122679;3394;635;1356
235;German_shepherd;4750;;0.771578947368421;0.7740232312565998;0.771578947368421;0.7727991565629944;3665;1070;1085
331;hare;4750;;0.8551578947368421;0.7033766233766233;0.8551578947368421;0.7718764845605701;4062;1713;688
448;birdhouse;4750;;0.743578947368421;0.8021803315920963;0.743578947368421;0.7717688189664591;3532;871;1218
952;fig;4750;;0.7309473684210527;0.8167490002352388;0.7309473684210527;0.7714698366848128;3472;779;1278
707;pay-phone;4750;;0.6882105263157895;0.8771129594848404;0.6882105263157895;0.7712634186622627;3269;458;1481
116;chiton;4750;;0.7572631578947369;0.7843436546009595;0.7572631578947369;0.7705655526992288;3597;989;1153
918;crossword_puzzle;4750;;0.7006315789473684;0.8559670781893004;0.7006315789473684;0.7705487381338273;3328;560;1422
147;grey_whale;4750;;0.8176842105263158;0.7284321080270068;0.8176842105263158;0.7704820472128546;3884;1448;866
704;parking_meter;4750;;0.7317894736842105;0.812529219261337;0.7317894736842105;0.7700487372618519;3476;802;1274
957;pomegranate;4750;;0.6627368421052632;0.9183197199533255;0.6627368421052632;0.7698703839569576;3148;280;1602
736;pool_table;4750;;0.7642105263157895;0.7721761327377153;0.7642105263157895;0.7681726801396678;3630;1071;1120
401;accordion;4750;;0.7597894736842106;0.7761290322580645;0.7597894736842106;0.767872340425532;3609;1041;1141
243;bull_mastiff;4750;;0.7195789473684211;0.8218321711949989;0.7195789473684211;0.7673139521831855;3418;741;1332
757;recreational_vehicle;4750;;0.7151578947368421;0.8275274056029233;0.7151578947368421;0.7672501411631846;3397;708;1353
104;wallaby;4750;;0.6955789473684211;0.8544091026635635;0.6955789473684211;0.7668562144597888;3304;563;1446
732;Polaroid_camera;4750;;0.7290526315789474;0.8085454120943264;0.7290526315789474;0.7667441603011181;3463;820;1287
852;tennis_ball;4750;;0.7997894736842105;0.7353852109949671;0.7997894736842105;0.7662363856393707;3799;1367;951
954;banana;4750;;0.6621052631578948;0.9092223185891877;0.6621052631578948;0.7662321841880863;3145;314;1605
614;kimono;4750;;0.7330526315789474;0.8019345923537541;0.7330526315789474;0.7659480862296526;3482;860;1268
290;jaguar;4750;;0.7035789473684211;0.840331908473724;0.7035789473684211;0.7658989343416982;3342;635;1408
801;snorkel;4750;;0.7856842105263158;0.7469975980784628;0.7856842105263158;0.7658526575005131;3732;1264;1018
379;howler_monkey;4750;;0.8208421052631579;0.7167279411764705;0.8208421052631579;0.765260058881256;3899;1541;851
217;English_springer;4750;;0.6852631578947368;0.8661522086216072;0.6852631578947368;0.7651622002820875;3255;503;1495
829;streetcar;4750;;0.7492631578947369;0.7811676909569798;0.7492631578947369;0.76488287126585;3559;997;1191
152;Japanese_spaniel;4750;;0.8101052631578948;0.7239887111947318;0.8101052631578948;0.7646299056135123;3848;1467;902
816;spindle;4750;;0.6530526315789473;0.9221165279429251;0.6530526315789473;0.7646043874784323;3102;262;1648
496;Christmas_stocking;4750;;0.8941052631578947;0.6674524595316674;0.8941052631578947;0.7643300638891388;4247;2116;503
234;Rottweiler;4750;;0.7583157894736842;0.7699871740059855;0.7583157894736842;0.7641069155706406;3602;1076;1148
545;electric_fan;4750;;0.7726315789473684;0.7556104591311509;0.7726315789473684;0.7640262308733216;3670;1187;1080
786;sewing_machine;4750;;0.6970526315789474;0.8450740173557938;0.6970526315789474;0.7639593908629442;3311;607;1439
332;Angora;4750;;0.8848421052631579;0.6712985146142789;0.8848421052631579;0.7634183997820362;4203;2058;547
780;schooner;4750;;0.7669473684210526;0.759432978945174;0.7669473684210526;0.7631716769665864;3643;1154;1107
308;fly;4750;;0.7054736842105264;0.830895115298785;0.7054736842105264;0.7630650119549129;3351;682;1399
336;marmot;4750;;0.7654736842105263;0.7606694560669456;0.7654736842105263;0.7630640083945435;3636;1144;1114
995;earthstar;4750;;0.9635789473684211;0.6315716848351042;0.9635789473684211;0.7630240893556722;4577;2670;173
236;Doberman;4750;;0.736421052631579;0.791581805838425;0.736421052631579;0.7630057803468208;3498;921;1252
370;guenon;4750;;0.7010526315789474;0.8368936918823825;0.7010526315789474;0.7629739947302095;3330;649;1420
938;cauliflower;4750;;0.7155789473684211;0.8160864345738296;0.7155789473684211;0.7625350532809873;3399;766;1351
367;chimpanzee;4750;;0.7751578947368422;0.74989816700611;0.7751578947368422;0.7623188405797101;3682;1228;1068
98;red-breasted_merganser;4750;;0.9309473684210526;0.6447944006999126;0.9309473684210526;0.7618883528600965;4422;2436;328
510;container_ship;4750;;0.7837894736842105;0.7406007559180425;0.7837894736842105;0.7615833077631174;3723;1304;1027
110;flatworm;4750;;0.8208421052631579;0.7094250363901019;0.8208421052631579;0.7610774936560609;3899;1597;851
946;cardoon;4750;;0.9031578947368422;0.6573705179282868;0.9031578947368422;0.7609081234480312;4290;2236;460
404;airliner;4750;;0.856;0.6840511440107672;0.856;0.7604264073312137;4066;1878;684
637;mailbox;4750;;0.6553684210526316;0.9033662217063262;0.6553684210526316;0.7596388482186432;3113;333;1637
95;jacamar;4750;;0.9366315789473684;0.6387652548456568;0.9366315789473684;0.7595390524967989;4449;2516;301
45;Gila_monster;4750;;0.6458947368421053;0.9210447313119183;0.6458947368421053;0.7593119663407994;3068;263;1682
86;partridge;4750;;0.7854736842105263;0.7341597796143251;0.7854736842105263;0.7589503661513426;3731;1351;1019
210;German_short-haired_pointer;4750;;0.792;0.7282229965156795;0.792;0.7587736990722066;3762;1404;988
29;axolotl;4750;;0.787578947368421;0.7319506945803169;0.787578947368421;0.7587465774262244;3741;1370;1009
273;dingo;4750;;0.7456842105263158;0.7713414634146342;0.7456842105263158;0.7582958681224576;3542;1050;1208
127;white_stork;4750;;0.6429473684210526;0.9234956153613547;0.6429473684210526;0.758098547846593;3054;253;1696
771;safe;4750;;0.6825263157894736;0.8515891778303126;0.6825263157894736;0.7577421993689377;3242;565;1508
916;web_site;4750;;0.7494736842105263;0.7650977863743821;0.7494736842105263;0.7572051472934169;3560;1093;1190
75;black_widow;4750;;0.7263157894736842;0.7907403162961265;0.7263157894736842;0.7571601009546801;3450;913;1300
43;frilled_lizard;4750;;0.7151578947368421;0.8042140151515151;0.7151578947368421;0.7570759973256073;3397;827;1353
297;sloth_bear;4750;;0.7225263157894737;0.7948124131542381;0.7225263157894737;0.7569475077194531;3432;886;1318
221;Irish_water_spaniel;4750;;0.8069473684210526;0.7104726598702502;0.8069473684210526;0.7556431739773287;3833;1562;917
410;apiary;4750;;0.6730526315789473;0.8601022329835889;0.6730526315789473;0.7551671194047478;3197;520;1553
301;ladybug;4750;;0.8164210526315789;0.7022817819630569;0.8164210526315789;0.7550623052959502;3878;1644;872
407;ambulance;4750;;0.8713684210526316;0.6660766012230447;0.8713684210526316;0.7550164173659247;4139;2075;611
805;soccer_ball;4750;;0.852;0.6763034759358288;0.852;0.7540525433202907;4047;1937;703
428;barrow;4750;;0.6915789473684211;0.8276643990929705;0.6915789473684211;0.7535267805941049;3285;684;1465
766;rotisserie;4750;;0.7501052631578947;0.7566362284986197;0.7501052631578947;0.753356591605878;3563;1146;1187
605;iPod;4750;;0.6581052631578947;0.8805633802816901;0.6581052631578947;0.7532530120481928;3126;424;1624
389;barracouta;4750;;0.8;0.710811821922933;0.8;0.7527733755942947;3800;1546;950
934;hotdog;4750;;0.6934736842105264;0.8226773226773226;0.6934736842105264;0.752570253598355;3294;710;1456
164;bluetick;4750;;0.7176842105263158;0.7894858730893932;0.7176842105263158;0.7518747243052493;3409;909;1341
628;liner;4750;;0.7545263157894737;0.7488508148767238;0.7545263157894737;0.7516778523489933;3584;1202;1166
295;American_black_bear;4750;;0.7816842105263158;0.7230769230769231;0.7816842105263158;0.7512392513909963;3713;1422;1037
994;stinkhorn;4750;;0.7861052631578948;0.7155998466845535;0.7861052631578948;0.7491974317817014;3734;1484;1016
81;ptarmigan;4750;;0.6717894736842105;0.8466436720615548;0.6717894736842105;0.7491489611456744;3191;578;1559
94;hummingbird;4750;;0.768;0.7303303303303303;0.768;0.7486916367367881;3648;1347;1102
305;dung_beetle;4750;;0.6884210526315789;0.8197543243920782;0.6884210526315789;0.7483693786474425;3270;719;1480
630;Loafer;4750;;0.7197894736842105;0.7788154897494305;0.7197894736842105;0.7481400437636762;3419;971;1331
603;horse_cart;4750;;0.6989473684210527;0.8046534173533689;0.6989473684210527;0.7480847228481299;3320;806;1430
122;American_lobster;4750;;0.812;0.6927083333333334;0.812;0.7476255088195388;3857;1711;893
346;water_buffalo;4750;;0.6682105263157895;0.8482095136290754;0.6682105263157895;0.7475270843146491;3174;568;1576
27;eft;4750;;0.6774736842105263;0.8330313228061093;0.6774736842105263;0.7472425403459887;3218;645;1532
182;Border_terrier;4750;;0.7336842105263158;0.7610832059401617;0.7336842105263158;0.7471325972773073;3485;1094;1265
398;abacus;4750;;0.7105263157894737;0.7874475034997667;0.7105263157894737;0.747011952191235;3375;911;1375
327;starfish;4750;;0.7976842105263158;0.7023169601482855;0.7976842105263158;0.7469689502217842;3789;1606;961
368;gibbon;4750;;0.7576842105263157;0.7364436259463883;0.7576842105263157;0.7469129397115284;3599;1288;1151
31;tree_frog;4750;;0.6652631578947369;0.8512931034482759;0.6652631578947369;0.7468683526353108;3160;552;1590
564;four-poster;4750;;0.763578947368421;0.7308079790449326;0.763578947368421;0.7468341398126223;3627;1336;1123
429;baseball;4750;;0.6985263157894737;0.8022243713733076;0.6985263157894737;0.7467927076299797;3318;818;1432
198;standard_schnauzer;4750;;0.8557894736842105;0.6604386677497969;0.8557894736842105;0.7455295735900963;4065;2090;685
194;Dandie_Dinmont;4750;;0.8328421052631579;0.6733617021276596;0.8328421052631579;0.7446588235294118;3956;1919;794
877;turnstile;4750;;0.6873684210526316;0.8121890547263682;0.6873684210526316;0.7445838084378563;3265;755;1485
724;pirate;4750;;0.704;0.7888652984194385;0.704;0.7440204694626765;3344;895;1406
154;Pekinese;4750;;0.7776842105263158;0.7114791987673343;0.7776842105263158;0.7431100382216858;3694;1498;1056
941;acorn_squash;4750;;0.6429473684210526;0.8783433994823123;0.6429473684210526;0.7424334508326244;3054;423;1696
715;pickelhaube;4750;;0.6964210526315789;0.7940470475276045;0.6964210526315789;0.7420367877972185;3308;858;1442
613;joystick;4750;;0.7816842105263158;0.7048215641609719;0.7816842105263158;0.7412657217009383;3713;1555;1037
8;hen;4750;;0.6894736842105263;0.8003421309872922;0.6894736842105263;0.7407826283646234;3275;817;1475
833;submarine;4750;;0.7414736842105263;0.739605207895842;0.7414736842105263;0.74053826745164;3522;1240;1228
378;capuchin;4750;;0.7538947368421053;0.7272542648253453;0.7538947368421053;0.7403349183378128;3581;1343;1169
471;cannon;4750;;0.6953684210526315;0.7907589178836486;0.6953684210526315;0.7400022403943094;3303;874;1447
518;crash_helmet;4750;;0.7985263157894736;0.6893856779352963;0.7985263157894736;0.7399531798673428;3793;1709;957
209;Chesapeake_Bay_retriever;4750;;0.6602105263157895;0.8412017167381974;0.6602105263157895;0.7397971219627271;3136;592;1614
134;crane;4750;;0.6532631578947369;0.8524725274725274;0.6532631578947369;0.7396901072705602;3103;537;1647
958;hay;4750;;0.6322105263157894;0.8910979228486647;0.6322105263157894;0.7396551724137931;3003;367;1747
397;puffer;4750;;0.6465263157894737;0.861672278338945;0.6465263157894737;0.7387539090690401;3071;493;1679
228;komondor;4750;;0.8387368421052631;0.6600397614314115;0.8387368421052631;0.7387353977378082;3984;2052;766
215;Brittany_spaniel;4750;;0.7633684210526316;0.7137795275590552;0.7633684210526316;0.7377416073245168;3626;1454;1124
458;brass;4750;;0.6147368421052631;0.9199747952110902;0.6147368421052631;0.7370015143866735;2920;254;1830
495;china_cabinet;4750;;0.6894736842105263;0.7908717701038397;0.6894736842105263;0.7367000337419864;3275;866;1475
125;hermit_crab;4750;;0.7027368421052631;0.7730430754979157;0.7027368421052631;0.7362152624614027;3338;980;1412
570;gasmask;4750;;0.72;0.7526408450704225;0.72;0.7359586830213041;3420;1124;1330
682;obelisk;4750;;0.6682105263157895;0.8153095299255073;0.6682105263157895;0.7344671988892746;3174;719;1576
171;Italian_greyhound;4750;;0.7389473684210527;0.7277628032345014;0.7389473684210527;0.7333124412409903;3510;1313;1240
734;police_van;4750;;0.6802105263157895;0.7950295275590551;0.6802105263157895;0.7331518039482642;3231;833;1519
10;brambling;4750;;0.8833684210526316;0.6265492011348365;0.8833684210526316;0.7331178474709531;4196;2501;554
330;wood_rabbit;4750;;0.7002105263157895;0.7688395746648173;0.7002105263157895;0.7329219920669899;3326;1000;1424
203;West_Highland_white_terrier;4750;;0.7728421052631579;0.6968488990129081;0.7728421052631579;0.7328808145338391;3671;1597;1079
47;African_chameleon;4750;;0.740421052631579;0.7244078269824923;0.740421052631579;0.7323269130661115;3517;1338;1233
432;bassoon;4750;;0.7547368421052632;0.7111684189644911;0.7547368421052632;0.7323051782249004;3585;1456;1165
959;carbonara;4750;;0.6378947368421053;0.8569004524886877;0.6378947368421053;0.7313540912382331;3030;506;1720
768;rugby_ball;4750;;0.5943157894736842;0.9505050505050505;0.5943157894736842;0.7313471502590675;2823;147;1927
475;car_mirror;4750;;0.8898947368421053;0.6197038557396276;0.8898947368421053;0.7306196525797252;4227;2594;523
666;mortar;4750;;0.7410526315789474;0.7193950541590026;0.7410526315789474;0.730063258322099;3520;1373;1230
303;long-horned_beetle;4750;;0.7035789473684211;0.7576513262298799;0.7035789473684211;0.7296146708874577;3342;1069;1408
783;screw;4750;;0.8637894736842106;0.6302611367127496;0.8637894736842106;0.7287744227353463;4103;2407;647
629;lipstick;4750;;0.7216842105263158;0.7351490456787476;0.7216842105263158;0.7283544034845427;3428;1235;1322
223;schipperke;4750;;0.724421052631579;0.7315051020408163;0.724421052631579;0.7279458430294057;3441;1263;1309
117;chambered_nautilus;4750;;0.8298947368421052;0.6473969453112169;0.8298947368421052;0.7273733739274841;3942;2147;808
256;Newfoundland;4750;;0.6614736842105263;0.806054386865059;0.6614736842105263;0.7266419981498612;3142;756;1608
224;groenendael;4750;;0.6993684210526315;0.7551716299158899;0.6993684210526315;0.7261995846540604;3322;1077;1428
583;guillotine;4750;;0.8298947368421052;0.644538914323087;0.8298947368421052;0.725565985643291;3942;2174;808
716;picket_fence;4750;;0.6545263157894737;0.8130230125523012;0.6545263157894737;0.7252157686027524;3109;715;1641
521;Crock_Pot;4750;;0.6322105263157894;0.8495049504950495;0.6322105263157894;0.7249245624622812;3003;532;1747
403;aircraft_carrier;4750;;0.728;0.7210175145954962;0.728;0.7244919337942594;3458;1338;1292
417;balloon;4750;;0.8014736842105263;0.6607080874696286;0.8014736842105263;0.7243150684931505;3807;1955;943
897;washer;4750;;0.6094736842105263;0.8918669131238447;0.6094736842105263;0.724112056028014;2895;351;1855
113;snail;4750;;0.7473684210526316;0.7018584420719652;0.7473684210526316;0.7238988580750408;3550;1508;1200
684;ocarina;4750;;0.8052631578947368;0.6566523605150214;0.8052631578947368;0.723404255319149;3825;2000;925
752;racket;4750;;0.6463157894736842;0.819540843566471;0.6463157894736842;0.722693032015066;3070;676;1680
507;combination_lock;4750;;0.6997894736842105;0.7471341874578556;0.6997894736842105;0.7226872486139797;3324;1125;1426
714;pick;4750;;0.8387368421052631;0.6335877862595419;0.8387368421052631;0.72186990396811;3984;2304;766
7;cock;4750;;0.6585263157894737;0.7983665135273098;0.6585263157894737;0.721735117674204;3128;790;1622
649;megalith;4750;;0.6250526315789474;0.8534061511928716;0.6250526315789474;0.7215943614047879;2969;510;1781
981;ballplayer;4750;;0.7258947368421053;0.7169889789977126;0.7258947368421053;0.7214143738884821;3448;1361;1302
287;lynx;4750;;0.6488421052631579;0.8114797261716693;0.6488421052631579;0.7211043518951802;3082;716;1668
676;muzzle;4750;;0.6783157894736842;0.7691573167820482;0.6783157894736842;0.7208860051459896;3222;967;1528
79;centipede;4750;;0.6452631578947369;0.8158104870907639;0.6452631578947369;0.7205830492535558;3065;692;1685
242;boxer;4750;;0.6804210526315789;0.7655139744197063;0.6804210526315789;0.7204636647347303;3232;990;1518
53;ringneck_snake;4750;;0.7271578947368421;0.7136363636363636;0.7271578947368421;0.7203336809176225;3454;1386;1296
695;padlock;4750;;0.6237894736842106;0.851926394479586;0.6237894736842106;0.7202236266407389;2963;515;1787
39;common_iguana;4750;;0.659578947368421;0.7927631578947368;0.659578947368421;0.7200643530222937;3133;819;1617
38;banded_gecko;4750;;0.7781052631578947;0.6696865374161985;0.7781052631578947;0.7198364008179959;3696;1823;1054
814;speedboat;4750;;0.8650526315789474;0.6162267546490702;0.8650526315789474;0.7197407602031879;4109;2559;641
150;sea_lion;4750;;0.6486315789473684;0.8082371458551941;0.6486315789473684;0.7196916608269097;3081;731;1669
72;black_and_gold_garden_spider;4750;;0.7263157894736842;0.712957222566646;0.7263157894736842;0.7195745124621963;3450;1389;1300
56;king_snake;4750;;0.5966315789473684;0.9057206775327581;0.5966315789473684;0.719380632059906;2834;295;1916
299;meerkat;4750;;0.832421052631579;0.6329438130302545;0.832421052631579;0.7191052105119577;3954;2293;796
391;coho;4750;;0.6267368421052631;0.8431039365618805;0.6267368421052631;0.7189952904238618;2977;554;1773
592;hard_disc;4750;;0.6056842105263158;0.8841425937307928;0.6056842105263158;0.7188905547226386;2877;377;1873
176;Saluki;4750;;0.6917894736842105;0.7471577989995453;0.6917894736842105;0.7184083952776564;3286;1112;1464
615;knee_pad;4750;;0.7452631578947368;0.6922174423152131;0.7452631578947368;0.7177615571776155;3540;1574;1210
822;steel_drum;4750;;0.7724210526315789;0.66964774593904;0.7724210526315789;0.7173721771434157;3669;1810;1081
319;dragonfly;4750;;0.6269473684210526;0.8376933895921238;0.6269473684210526;0.7171583383503913;2978;577;1772
349;bighorn;4750;;0.8785263157894737;0.6051334106728539;0.8785263157894737;0.7166409067490984;4173;2723;577
511;convertible;4750;;0.6882105263157895;0.7473708276177412;0.6882105263157895;0.7165716790881191;3269;1105;1481
211;vizsla;4750;;0.7027368421052631;0.7307355516637478;0.7027368421052631;0.7164627602489805;3338;1230;1412
394;sturgeon;4750;;0.6629473684210526;0.7769553417221811;0.6629473684210526;0.715437918891287;3149;904;1601
765;rocking_chair;4750;;0.6684210526315789;0.7650602409638554;0.6684210526315789;0.7134831460674157;3175;975;1575
640;manhole_cover;4750;;0.6311578947368421;0.8204707170224411;0.6311578947368421;0.7134697762970015;2998;656;1752
183;Kerry_blue_terrier;4750;;0.7612631578947369;0.6704987947339144;0.7612631578947369;0.7130040421965887;3616;1777;1134
369;siamang;4750;;0.7105263157894737;0.715345485375159;0.7105263157894737;0.7129277566539923;3375;1343;1375
785;seat_belt;4750;;0.6418947368421053;0.8002624671916011;0.6418947368421053;0.7123831775700936;3049;761;1701
353;gazelle;4750;;0.7130526315789474;0.7109571788413098;0.7130526315789474;0.7120033634643682;3387;1377;1363
106;wombat;4750;;0.5995789473684211;0.8730839975475169;0.5995789473684211;0.710933599600599;2848;414;1902
853;thatch;4750;;0.6804210526315789;0.7428177430475753;0.6804210526315789;0.710251620701022;3232;1119;1518
315;mantis;4750;;0.6696842105263158;0.7559410646387833;0.6696842105263158;0.7102031703505247;3181;1027;1569
563;fountain_pen;4750;;0.6345263157894737;0.805666933974873;0.6345263157894737;0.7099281592274173;3014;727;1736
882;vacuum;4750;;0.6130526315789474;0.8425925925925926;0.6130526315789474;0.7097245917621252;2912;544;1838
559;folding_chair;4750;;0.6505263157894737;0.7801060338298409;0.6505263157894737;0.7094478245895995;3090;871;1660
423;barber_chair;4750;;0.6810526315789474;0.739935956084172;0.6810526315789474;0.7092742819557114;3235;1137;1515
383;Madagascar_cat;4750;;0.5842105263157895;0.9018524536886577;0.5842105263157895;0.7090839402069758;2775;302;1975
283;Persian_cat;4750;;0.8210526315789474;0.6235011990407674;0.8210526315789474;0.708768741481145;3900;2355;850
318;lacewing;4750;;0.7383157894736843;0.6813677870604236;0.7383157894736843;0.7086996059411943;3507;1640;1243
944;artichoke;4750;;0.5783157894736842;0.9147519147519148;0.5783157894736842;0.7086289178382561;2747;256;2003
22;bald_eagle;4750;;0.8162105263157895;0.6258272800645682;0.8162105263157895;0.7084513476473276;3877;2318;873
128;black_stork;4750;;0.8322105263157895;0.6160199470157395;0.8322105263157895;0.7079788663024985;3953;2464;797
553;file;4750;;0.6574736842105263;0.7663803680981595;0.6574736842105263;0.7077620396600567;3123;952;1627
63;Indian_cobra;4750;;0.7621052631578947;0.6584212440887596;0.7621052631578947;0.7064793130366901;3620;1878;1130
607;jack-o'-lantern;4750;;0.9305263157894736;0.5693675125595775;0.9305263157894736;0.7064652761128426;4420;3343;330
872;tripod;4750;;0.6871578947368421;0.7266251113089938;0.6871578947368421;0.706340618913655;3264;1228;1486
264;Cardigan;4750;;0.7602105263157894;0.6594229364499635;0.7602105263157894;0.7062389986309409;3611;1865;1139
936;head_cabbage;4750;;0.716421052631579;0.6960523624463081;0.716421052631579;0.7060898433447453;3403;1486;1347
593;harmonica;4750;;0.7408421052631579;0.673106350420811;0.7408421052631579;0.7053517739025857;3519;1709;1231
871;trimaran;4750;;0.7347368421052631;0.6780648921701963;0.7347368421052631;0.7052642214812569;3490;1657;1260
781;scoreboard;4750;;0.7983157894736842;0.6310534198701947;0.7983157894736842;0.7048982247420764;3792;2217;958
500;cliff_dwelling;4750;;0.5995789473684211;0.8549984989492645;0.5995789473684211;0.704863259497587;2848;483;1902
155;Shih-Tzu;4750;;0.696;0.7131147540983607;0.696;0.7044534412955465;3306;1330;1444
770;running_shoe;4750;;0.6326315789473684;0.7937136819862652;0.6326315789473684;0.7040768509840675;3005;781;1745
870;tricycle;4750;;0.7330526315789474;0.676905132192846;0.7330526315789474;0.7038609258136245;3482;1662;1268
920;traffic_light;4750;;0.6837894736842105;0.7237076648841355;0.6837894736842105;0.7031825070361551;3248;1240;1502
377;marmoset;4750;;0.6330526315789474;0.7900683131897005;0.6330526315789474;0.7028985507246377;3007;799;1743
647;measuring_cup;4750;;0.6486315789473684;0.7669902912621359;0.6486315789473684;0.7028630090110644;3081;936;1669
451;bolo_tie;4750;;0.787578947368421;0.633423636979343;0.787578947368421;0.7021396396396397;3741;2165;1009
360;otter;4750;;0.6585263157894737;0.7504798464491362;0.6585263157894737;0.7015025790535996;3128;1040;1622
580;greenhouse;4750;;0.619578947368421;0.8078506725226462;0.619578947368421;0.7012987012987013;2943;700;1807
220;Sussex_spaniel;4750;;0.6981052631578948;0.7044826853622265;0.6981052631578948;0.7012794755207783;3316;1391;1434
646;maze;4750;;0.8823157894736842;0.5818408996251562;0.8823157894736842;0.7012465489835188;4191;3012;559
267;standard_poodle;4750;;0.7865263157894736;0.6317213391951302;0.7865263157894736;0.7006751687921979;3736;2178;1014
669;mosquito_net;4750;;0.6107368421052631;0.816722972972973;0.6107368421052631;0.6988677427125993;2901;651;1849
41;whiptail;4750;;0.8094736842105263;0.6145117468435353;0.8094736842105263;0.6986463159807396;3845;2412;905
932;pretzel;4750;;0.639578947368421;0.7693086857432261;0.639578947368421;0.698471088630877;3038;911;1712
149;dugong;4750;;0.8202105263157895;0.6078003120124805;0.8202105263157895;0.6982078853046595;3896;2514;854
4;hammerhead;4750;;0.7463157894736843;0.6540590405904059;0.7463157894736843;0.6971484759095379;3545;1875;1205
568;fur_coat;4750;;0.6692631578947369;0.7271271729185728;0.6692631578947369;0.6969962727472045;3179;1193;1571
627;limousine;4750;;0.767578947368421;0.6368558951965065;0.767578947368421;0.6961336515513126;3646;2079;1104
249;malamute;4750;;0.6854736842105263;0.706290672451193;0.6854736842105263;0.6957264957264957;3256;1354;1494
161;basset;4750;;0.667578947368421;0.7262940907008704;0.667578947368421;0.6956998683633172;3171;1195;1579
342;wild_boar;4750;;0.6890526315789474;0.7023605150214592;0.6890526315789474;0.695642933049947;3273;1387;1477
586;half_track;4750;;0.7353684210526316;0.6595543806646526;0.7353684210526316;0.6954011546884332;3493;1803;1257
252;affenpinscher;4750;;0.8273684210526315;0.5979005020538567;0.8273684210526315;0.694162324472313;3930;2643;820
739;potter's_wheel;4750;;0.8686315789473684;0.57738595018192;0.8686315789473684;0.6936785474108945;4126;3020;624
450;bobsled;4750;;0.8294736842105264;0.5959764029647557;0.8294736842105264;0.6936009154123756;3940;2671;810
232;Border_collie;4750;;0.7362105263157894;0.6545012165450121;0.7362105263157894;0.6929555137223818;3497;1846;1253
550;espresso_maker;4750;;0.6890526315789474;0.6968277624015329;0.6890526315789474;0.6929183867894569;3273;1424;1477
393;anemone_fish;4750;;0.5368421052631579;0.9766373037150518;0.5368421052631579;0.6928406466512702;2550;61;2200
199;Scotch_terrier;4750;;0.6953684210526315;0.689993733026948;0.6953684210526315;0.6926706511481598;3303;1484;1447
298;mongoose;4750;;0.5983157894736842;0.8218623481781376;0.5983157894736842;0.692495126705653;2842;616;1908
3;tiger_shark;4750;;0.6848421052631579;0.6998709122203098;0.6848421052631579;0.6922749521174718;3253;1395;1497
42;agama;4750;;0.6427368421052632;0.7497544204322201;0.6427368421052632;0.6921333031058717;3053;1019;1697
205;flat-coated_retriever;4750;;0.636;0.7590452261306533;0.636;0.6920962199312715;3021;959;1729
654;minibus;4750;;0.712;0.6729009152407481;0.712;0.69189852700491;3382;1644;1368
670;motor_scooter;4750;;0.8157894736842105;0.6004028509451503;0.8157894736842105;0.6917172438414851;3875;2579;875
173;Ibizan_hound;4750;;0.6246315789473684;0.7744714173844949;0.6246315789473684;0.6915277939634075;2967;864;1783
237;miniature_pinscher;4750;;0.6785263157894736;0.7043269230769231;0.6785263157894736;0.69118593180356;3223;1353;1527
659;mixing_bowl;4750;;0.6665263157894736;0.7156419529837251;0.6665263157894736;0.6902114671898844;3166;1258;1584
206;curly-coated_retriever;4750;;0.704421052631579;0.6763695168789166;0.704421052631579;0.690110343405177;3346;1601;1404
927;trifle;4750;;0.8703157894736843;0.5717051583460102;0.8703157894736843;0.6900926466905934;4134;3097;616
165;black-and-tan_coonhound;4750;;0.6673684210526316;0.7141248028835323;0.6673684210526316;0.6899553814343237;3170;1269;1580
212;English_setter;4750;;0.7031578947368421;0.6769355492501014;0.7031578947368421;0.6897976042957455;3340;1594;1410
992;agaric;4750;;0.6953684210526315;0.6841342170671085;0.6953684210526315;0.6897055752766756;3303;1525;1447
185;Norfolk_terrier;4750;;0.6136842105263158;0.7871995679179044;0.6136842105263158;0.689695965929256;2915;788;1835
114;slug;4750;;0.5981052631578947;0.8140401146131805;0.5981052631578947;0.6895631067961165;2841;649;1909
722;ping-pong_ball;4750;;0.7867368421052632;0.6137296764657579;0.7867368421052632;0.6895470061813821;3737;2352;1013
191;Airedale;4750;;0.7665263157894737;0.6264624913971094;0.7665263157894737;0.6894527551600075;3641;2171;1109
82;ruffed_grouse;4750;;0.7673684210526316;0.625643666323378;0.7673684210526316;0.6892965204236006;3645;2181;1105
803;snowplow;4750;;0.856;0.5766557935044675;0.856;0.6890941445640201;4066;2985;684
753;radiator;4750;;0.6305263157894737;0.7593813387423936;0.6305263157894737;0.6889809063722108;2995;949;1755
983;scuba_diver;4750;;0.635578947368421;0.7498758072528564;0.635578947368421;0.6880127620783956;3019;1007;1731
859;toaster;4750;;0.6349473684210526;0.7493167701863354;0.6349473684210526;0.6874074074074074;3016;1009;1734
713;photocopier;4750;;0.863578947368421;0.5702766578618101;0.863578947368421;0.6869295821820314;4102;3091;648
951;lemon;4750;;0.6496842105263158;0.728689492325856;0.6496842105263158;0.6869226488592097;3086;1149;1664
337;beaver;4750;;0.6722105263157895;0.7016040430674577;0.6722105263157895;0.6865928394796259;3193;1358;1557
840;swab;4750;;0.6627368421052632;0.7117341171150803;0.6627368421052632;0.6863621497874196;3148;1275;1602
192;cairn;4750;;0.6138947368421053;0.7747077577045696;0.6138947368421053;0.6849894291754757;2916;848;1834
179;Staffordshire_bullterrier;4750;;0.6604210526315789;0.7090867992766727;0.6604210526315789;0.683889252234576;3137;1287;1613
796;ski_mask;4750;;0.7825263157894737;0.6068571428571429;0.7825263157894737;0.6835862068965517;3717;2408;1033
761;remote_control;4750;;0.6816842105263158;0.6848561759729273;0.6816842105263158;0.6832665119223466;3238;1490;1512
699;panpipe;4750;;0.8035789473684211;0.5942705900669469;0.8035789473684211;0.683254273695516;3817;2606;933
896;washbasin;4750;;0.6429473684210526;0.7281831187410587;0.6429473684210526;0.6829159212880144;3054;1140;1696
172;whippet;4750;;0.6507368421052632;0.7168367346938775;0.6507368421052632;0.682189362171706;3091;1221;1659
723;pinwheel;4750;;0.8008421052631579;0.5938182953481111;0.8008421052631579;0.6819648619576909;3804;2602;946
942;butternut_squash;4750;;0.6183157894736843;0.7585227272727273;0.6183157894736843;0.6812804453723034;2937;935;1813
610;jersey;4750;;0.6391578947368421;0.729106628242075;0.6391578947368421;0.681175678707651;3036;1128;1714
881;upright;4750;;0.7787368421052632;0.6051038769834778;0.7787368421052632;0.6810273405136702;3699;2414;1051
808;sombrero;4750;;0.6267368421052631;0.744994994994995;0.6267368421052631;0.6807683512462841;2977;1019;1773
473;can_opener;4750;;0.6747368421052632;0.6858549111919537;0.6747368421052632;0.68025045102409;3205;1468;1545
924;guacamole;4750;;0.5576842105263158;0.8696651346027577;0.5576842105263158;0.6795792714212416;2649;397;2101
433;bathing_cap;4750;;0.6574736842105263;0.7032199954965098;0.6574736842105263;0.6795778478946796;3123;1318;1627
437;beacon;4750;;0.6688421052631579;0.6900521285838401;0.6688421052631579;0.6792815907633099;3177;1427;1573
889;violin;4750;;0.6208421052631579;0.749428208386277;0.6208421052631579;0.6791018998272883;2949;986;1801
263;Pembroke;4750;;0.6031578947368421;0.7711978465679677;0.6031578947368421;0.67690490253987;2865;850;1885
903;wig;4750;;0.6812631578947368;0.6724854530340815;0.6812631578947368;0.6768458481489229;3236;1576;1514
175;otterhound;4750;;0.7494736842105263;0.6157039086821169;0.7494736842105263;0.6760349411317889;3560;2222;1190
334;porcupine;4750;;0.7501052631578947;0.6139927623642943;0.7501052631578947;0.6752582204112575;3563;2240;1187
491;chain_saw;4750;;0.8023157894736842;0.5827217125382264;0.8023157894736842;0.67511071744907;3811;2729;939
589;hand_blower;4750;;0.6010526315789474;0.7687129779213786;0.6010526315789474;0.6746219281663517;2855;859;1895
891;waffle_iron;4750;;0.6648421052631579;0.6845870366355951;0.6648421052631579;0.6745701164156788;3158;1455;1592
186;Norwich_terrier;4750;;0.7768421052631579;0.5960264900662252;0.7768421052631579;0.6745270085001371;3690;2501;1060
690;oxcart;4750;;0.8069473684210526;0.5787407519251094;0.8069473684210526;0.674052580673525;3833;2790;917
309;bee;4750;;0.6145263157894737;0.7459749552772809;0.6145263157894737;0.6739004963638463;2919;994;1831
931;bagel;4750;;0.5797894736842105;0.8026814339842612;0.5797894736842105;0.6732673267326733;2754;677;1996
902;whistle;4750;;0.7886315789473685;0.5864120225422668;0.7886315789473685;0.6726521817202371;3746;2642;1004
118;Dungeness_crab;4750;;0.5829473684210527;0.7934097421203439;0.5829473684210527;0.6720873786407767;2769;721;1981
517;crane;4750;;0.6391578947368421;0.7085180863477246;0.6391578947368421;0.6720531267293858;3036;1249;1714
33;loggerhead;4750;;0.6671578947368421;0.6755489234704753;0.6671578947368421;0.6713271899163223;3169;1522;1581
416;balance_beam;4750;;0.7570526315789474;0.6019417475728155;0.7570526315789474;0.6706452816113391;3596;2378;1154
665;moped;4750;;0.632421052631579;0.7135391923990498;0.632421052631579;0.6705357142857142;3004;1206;1746
825;stone_wall;4750;;0.5551578947368421;0.8460057747834456;0.5551578947368421;0.6703953222321088;2637;480;2113
467;butcher_shop;4750;;0.5618947368421052;0.829397141081417;0.5618947368421052;0.6699297188755021;2669;549;2081
361;skunk;4750;;0.888421052631579;0.5364179483920173;0.888421052631579;0.6689387334548625;4220;3647;530
791;shopping_cart;4750;;0.6326315789473684;0.7095631641086186;0.6326315789473684;0.6688925987757374;3005;1230;1745
159;Rhodesian_ridgeback;4750;;0.6524210526315789;0.6853162317558602;0.6524210526315789;0.6684641932700603;3099;1423;1651
574;golf_ball;4750;;0.7587368421052632;0.5970841616964877;0.7587368421052632;0.668273688114222;3604;2432;1146
730;plow;4750;;0.5926315789473684;0.7655697579548545;0.5926315789473684;0.6680906609706895;2815;862;1935
76;tarantula;4750;;0.5690526315789474;0.8071065989847716;0.5690526315789474;0.6674898135572293;2703;646;2047
109;brain_coral;4750;;0.6490526315789473;0.6866369710467706;0.6490526315789473;0.6673160173160172;3083;1407;1667
703;park_bench;4750;;0.6248421052631579;0.715008431703204;0.6248421052631579;0.6668913605212898;2968;1183;1782
658;mitten;4750;;0.6785263157894736;0.6549481812639707;0.6785263157894736;0.6665287974356322;3223;1698;1527
777;scabbard;4750;;0.659157894736842;0.6740581270182993;0.659157894736842;0.6665247472059606;3131;1514;1619
158;toy_terrier;4750;;0.7014736842105264;0.6334600760456274;0.7014736842105264;0.6657342657342658;3332;1928;1418
919;street_sign;4750;;0.6871578947368421;0.6455696202531646;0.6871578947368421;0.6657148684478891;3264;1792;1486
219;cocker_spaniel;4750;;0.639578947368421;0.6939241662859753;0.639578947368421;0.665644171779141;3038;1340;1712
857;throne;4750;;0.7056842105263158;0.629720082660154;0.7056842105263158;0.6655415467090241;3352;1971;1398
720;pill_bottle;4750;;0.7317894736842105;0.6092900964066609;0.7317894736842105;0.6649450023912004;3476;2229;1274
123;spiny_lobster;4750;;0.5627368421052632;0.808529945553539;0.5627368421052632;0.6636047666335652;2673;633;2077
384;indri;4750;;0.879578947368421;0.5324327768573978;0.879578947368421;0.6633325394935302;4178;3669;572
686;oil_filter;4750;;0.6627368421052632;0.663575042158516;0.6627368421052632;0.6631556772698547;3148;1596;1602
760;refrigerator;4750;;0.6608421052631579;0.6651833015469379;0.6608421052631579;0.6630055972119548;3139;1580;1611
115;sea_slug;4750;;0.6513684210526316;0.6742209631728046;0.6513684210526316;0.6625977085341043;3094;1495;1656
635;magnetic_compass;4750;;0.7162105263157895;0.6160811300253531;0.7162105263157895;0.6623831775700935;3402;2120;1348
617;lab_coat;4750;;0.6553684210526316;0.6687432867883996;0.6553684210526316;0.6619883040935672;3113;1542;1637
196;miniature_schnauzer;4750;;0.5385263157894736;0.8581013082858101;0.5385263157894736;0.6617513905057559;2558;423;2192
449;boathouse;4750;;0.6322105263157894;0.6936936936936937;0.6322105263157894;0.6615265998457981;3003;1326;1747
532;dining_table;4750;;0.6397894736842106;0.6835357624831309;0.6397894736842106;0.6609395389299696;3039;1407;1711
557;flagpole;4750;;0.608421052631579;0.7228614307153577;0.608421052631579;0.6607224508459076;2890;1108;1860
867;trailer_truck;4750;;0.7077894736842105;0.6146252285191957;0.7077894736842105;0.6579256360078278;3362;2108;1388
965;burrito;4750;;0.5244210526315789;0.879590395480226;0.5244210526315789;0.6570825639672909;2491;341;2259
447;binoculars;4750;;0.6484210526315789;0.665514261019879;0.6484210526315789;0.656856472595436;3080;1548;1670
880;unicycle;4750;;0.732421052631579;0.5953114305270363;0.732421052631579;0.6567868604870681;3479;2365;1271
313;walking_stick;4750;;0.5538947368421052;0.806313208703647;0.5538947368421052;0.6566828903032571;2631;632;2119
374;langur;4750;;0.6943157894736842;0.6227341389728097;0.6943157894736842;0.6565797332271551;3298;1998;1452
257;Great_Pyrenees;4750;;0.6176842105263158;0.699737658001431;0.6176842105263158;0.6561556524656156;2934;1259;1816
963;pizza;4750;;0.531157894736842;0.8569972826086957;0.531157894736842;0.6558357161424486;2523;421;2227
121;king_crab;4750;;0.7307368421052631;0.5948586118251928;0.7307368421052631;0.6558337269721304;3471;2364;1279
812;space_shuttle;4750;;0.8477894736842105;0.5347231443367415;0.8477894736842105;0.6558097874765899;4027;3504;723
483;castle;4750;;0.6018947368421053;0.7196073496098666;0.6018947368421053;0.6555084260002292;2859;1114;1891
798;slide_rule;4750;;0.592421052631579;0.7333854573885848;0.592421052631579;0.6554093396995458;2814;1023;1936
795;ski;4750;;0.7225263157894737;0.5991620111731844;0.7225263157894737;0.6550868486352358;3432;2296;1318
50;American_alligator;4750;;0.5646315789473684;0.7796511627906977;0.5646315789473684;0.654945054945055;2682;758;2068
674;mousetrap;4750;;0.7734736842105263;0.5657530027717893;0.7734736842105263;0.6535040910707933;3674;2820;1076
386;African_elephant;4750;;0.5686315789473684;0.7677657760090961;0.5686315789473684;0.6533623609095307;2701;817;2049
395;gar;4750;;0.6665263157894736;0.6402426693629929;0.6665263157894736;0.6531201650335223;3166;1779;1584
246;Great_Dane;4750;;0.6172631578947368;0.6919990559358037;0.6172631578947368;0.6524980527428508;2932;1305;1818
335;fox_squirrel;4750;;0.8435789473684211;0.530236866481408;0.8435789473684211;0.6511741285447307;4007;3550;743
875;trombone;4750;;0.6454736842105263;0.6569530747803728;0.6454736842105263;0.6511627906976744;3066;1601;1684
480;cash_machine;4750;;0.6178947368421053;0.6844682835820896;0.6178947368421053;0.6494799734454525;2935;1353;1815
373;macaque;4750;;0.6345263157894737;0.6640229125358008;0.6345263157894737;0.6489396059855743;3014;1525;1736
756;rain_barrel;4750;;0.5496842105263158;0.7904934907659703;0.5496842105263158;0.6484539923010058;2611;692;2139
204;Lhasa;4750;;0.5517894736842105;0.7861427714457109;0.5517894736842105;0.648441365660564;2621;713;2129
208;Labrador_retriever;4750;;0.6423157894736842;0.6540192926045016;0.6423157894736842;0.6481147105682422;3051;1614;1699
717;pickup;4750;;0.5549473684210526;0.7778105635880791;0.5549473684210526;0.6477454232706722;2636;753;2114
101;tusker;4750;;0.7242105263157895;0.5840407470288624;0.7242105263157895;0.6466165413533834;3440;2450;1310
357;mink;4750;;0.6835789473684211;0.6133358519078201;0.6835789473684211;0.6465551573078454;3247;2047;1503
153;Maltese_dog;4750;;0.6806315789473685;0.6156922490954104;0.6806315789473685;0.6465353464653535;3233;2018;1517
850;teddy;4750;;0.6056842105263158;0.6925854597977853;0.6056842105263158;0.6462264150943396;2877;1277;1873
849;teapot;4750;;0.5595789473684211;0.7631352282515074;0.5595789473684211;0.6456941576582048;2658;825;2092
37;box_turtle;4750;;0.5492631578947369;0.7806702573309395;0.5492631578947369;0.6448344043499753;2609;733;2141
616;knot;4750;;0.7050526315789474;0.5936890622230101;0.7050526315789474;0.6445962852468483;3349;2292;1401
702;parallel_bars;4750;;0.7018947368421052;0.5953571428571428;0.7018947368421052;0.6442512077294686;3334;2266;1416
468;cab;4750;;0.6661052631578948;0.6219775899351287;0.6661052631578948;0.6432855545389855;3164;1923;1586
439;bearskin;4750;;0.9061052631578947;0.4986098239110287;0.9061052631578947;0.6432521297264983;4304;4328;446
929;ice_lolly;4750;;0.5477894736842105;0.7788087398982341;0.5477894736842105;0.6431837844518601;2602;739;2148
597;holster;4750;;0.5469473684210526;0.7804145389005708;0.5469473684210526;0.6431489045673969;2598;731;2152
949;strawberry;4750;;0.6147368421052631;0.6740535549399815;0.6147368421052631;0.6430301695661749;2920;1412;1830
759;reflex_camera;4750;;0.6075789473684211;0.6819470699432892;0.6075789473684211;0.642618570474282;2886;1346;1864
514;cowboy_boot;4750;;0.5978947368421053;0.692514020970495;0.5978947368421053;0.6417353971302677;2840;1261;1910
901;whiskey_jug;4750;;0.6846315789473684;0.6033395176252319;0.6846315789473684;0.6414201183431952;3252;2138;1498
864;tow_truck;4750;;0.6216842105263158;0.6618108471537427;0.6216842105263158;0.6411202778983934;2953;1509;1797
776;sax;4750;;0.6271578947368421;0.6553013638363396;0.6271578947368421;0.64092082616179;2979;1567;1771
382;squirrel_monkey;4750;;0.6823157894736842;0.6041006523765144;0.6823157894736842;0.6408304498269896;3241;2124;1509
457;bow_tie;4750;;0.5854736842105264;0.7065548780487805;0.5854736842105264;0.6403407782638729;2781;1155;1969
269;timber_wolf;4750;;0.6461052631578947;0.6334365325077399;0.6461052631578947;0.6397081813444502;3069;1776;1681
440;beer_bottle;4750;;0.6330526315789474;0.6461108723678556;0.6330526315789474;0.6395150999574649;3007;1647;1743
551;face_powder;4750;;0.7351578947368421;0.565872630043753;0.7351578947368421;0.6395018771174801;3492;2679;1258
922;menu;4750;;0.5229473684210526;0.8222442899702085;0.5229473684210526;0.6392999613949298;2484;537;2266
226;briard;4750;;0.5694736842105264;0.7279332615715823;0.5694736842105264;0.6390266950153556;2705;1011;2045
738;pot;4750;;0.7362105263157894;0.5634869481147277;0.7362105263157894;0.6383716684921503;3497;2709;1253
474;cardigan;4750;;0.5726315789473684;0.7199576495500265;0.5726315789473684;0.6378986866791745;2720;1058;2030
112;conch;4750;;0.5707368421052632;0.7192889360573096;0.5707368421052632;0.6364596783660054;2711;1058;2039
533;dishrag;4750;;0.5282105263157895;0.7977742448330684;0.5282105263157895;0.6355921469284357;2509;636;2241
579;grand_piano;4750;;0.5808421052631579;0.7000761228114691;0.5808421052631579;0.6349096766770222;2759;1182;1991
441;beer_glass;4750;;0.5717894736842105;0.7136100893326327;0.5717894736842105;0.6348761103319307;2716;1090;2034
520;crib;4750;;0.5330526315789473;0.7834158415841584;0.5330526315789473;0.6344274617890253;2532;700;2218
544;Dutch_oven;4750;;0.5421052631578948;0.7636417556346382;0.5421052631578948;0.6340802757941393;2575;797;2175
197;giant_schnauzer;4750;;0.5482105263157895;0.7504322766570605;0.5482105263157895;0.6335766423357664;2604;866;2146
170;Irish_wolfhound;4750;;0.5766315789473684;0.7014084507042253;0.5766315789473684;0.6329289428076256;2739;1166;2011
940;spaghetti_squash;4750;;0.6974736842105264;0.5765750087017055;0.6974736842105264;0.6312881097560976;3313;2433;1437
399;abaya;4750;;0.7315789473684211;0.5548459204853904;0.7315789473684211;0.6310723690184328;3475;2788;1275
207;golden_retriever;4750;;0.7343157894736843;0.5530363088631679;0.7343157894736843;0.6309125440897169;3488;2819;1262
202;soft-coated_wheaten_terrier;4750;;0.6223157894736842;0.6384449244060475;0.6223157894736842;0.630277185501066;2956;1674;1794
233;Bouvier_des_Flandres;4750;;0.6892631578947368;0.5804964539007093;0.6892631578947368;0.6302213666987488;3274;2366;1476
120;fiddler_crab;4750;;0.6974736842105264;0.5745750953867499;0.6974736842105264;0.6300874857360212;3313;2453;1437
835;sundial;4750;;0.5261052631578947;0.7841229996862253;0.5261052631578947;0.6297089580446011;2499;688;2251
452;bonnet;4750;;0.5770526315789474;0.6928715874620829;0.5770526315789474;0.6296806799908109;2741;1215;2009
484;catamaran;4750;;0.5509473684210526;0.7340813464235624;0.5509473684210526;0.6294648226097413;2617;948;2133
371;patas;4750;;0.6564210526315789;0.602861562258314;0.6564210526315789;0.628502318081032;3118;2054;1632
476;carousel;4750;;0.9023157894736842;0.48189790870249605;0.9023157894736842;0.6282615068894751;4286;4608;464
302;ground_beetle;4750;;0.6797894736842105;0.5835893728537864;0.6797894736842105;0.628026840416221;3229;2304;1521
314;cockroach;4750;;0.5814736842105264;0.6807986196697067;0.5814736842105264;0.627228341092313;2762;1295;1988
465;bulletproof_vest;4750;;0.6901052631578948;0.5744830003505083;0.6901052631578948;0.627008416220352;3278;2428;1472
230;Shetland_sheepdog;4750;;0.6248421052631579;0.6278823778294902;0.6248421052631579;0.6263585522844782;2968;1759;1782
421;bannister;4750;;0.6412631578947369;0.6116465863453815;0.6412631578947369;0.6261048304213772;3046;1934;1704
577;gong;4750;;0.7806315789473685;0.5224742849091165;0.7806315789473685;0.6259812610787541;3708;3389;1042
971;bubble;4750;;0.6307368421052632;0.62106135986733;0.6307368421052632;0.6258617087946522;2996;1828;1754
546;electric_guitar;4750;;0.6576842105263158;0.5968666411922048;0.6576842105263158;0.6258012820512819;3124;2110;1626
222;kuvasz;4750;;0.663578947368421;0.5918137438978596;0.663578947368421;0.6256450972608177;3152;2174;1598
40;American_chameleon;4750;;0.6414736842105263;0.6103766025641025;0.6414736842105263;0.6255389037158694;3047;1945;1703
162;beagle;4750;;0.648;0.6029382957884427;0.648;0.6246575342465753;3078;2027;1672
758;reel;4750;;0.5404210526315789;0.7399827039492649;0.5404210526315789;0.6246502007543496;2567;902;2183
997;bolete;4750;;0.5202105263157895;0.7812203604173253;0.5202105263157895;0.6245418930873247;2471;692;2279
678;neck_brace;4750;;0.6924210526315789;0.5679502676567086;0.6924210526315789;0.6240394649463997;3289;2502;1461
168;redbone;4750;;0.732421052631579;0.5431693989071038;0.732421052631579;0.6237561631555357;3479;2926;1271
184;Irish_terrier;4750;;0.5911578947368421;0.6596194503171248;0.5911578947368421;0.6235150438547795;2808;1449;1942
641;maraca;4750;;0.8418947368421053;0.49419179436480476;0.8418947368421053;0.6228001868867779;3999;4093;751
823;stethoscope;4750;;0.5549473684210526;0.7091740651062685;0.5549473684210526;0.6226526514704146;2636;1081;2114
847;tank;4750;;0.6854736842105263;0.5687336244541484;0.6854736842105263;0.6216706443914081;3256;2469;1494
390;eel;4750;;0.5574736842105263;0.7018287834614365;0.5574736842105263;0.6213774492549572;2648;1125;2102
503;cocktail_shaker;4750;;0.6576842105263158;0.5878810688746707;0.6576842105263158;0.6208267090620032;3124;2190;1626
400;academic_gown;4750;;0.7290526315789474;0.5401653408204649;0.7290526315789474;0.6205537138249261;3463;2948;1287
427;barrel;4750;;0.5865263157894737;0.658628841607565;0.5865263157894737;0.6204899777282851;2786;1444;1964
788;shoe_shop;4750;;0.6212631578947369;0.6191775073436845;0.6212631578947369;0.6202185792349728;2951;1815;1799
227;kelpie;4750;;0.6242105263157894;0.6154005811540059;0.6242105263157894;0.6197742474916388;2965;1853;1785
30;bullfrog;4750;;0.4802105263157895;0.8722753346080306;0.4802105263157895;0.6194161575016972;2281;334;2469
608;jean;4750;;0.524;0.7563050744454574;0.524;0.6190772292003482;2489;802;2261
745;projector;4750;;0.5831578947368421;0.6588962892483349;0.5831578947368421;0.6187178914451642;2770;1434;1980
459;brassiere;4750;;0.6528421052631579;0.587088224157516;0.6528421052631579;0.6182216905901116;3101;2181;1649
966;red_wine;4750;;0.6252631578947369;0.6081081081081081;0.6252631578947369;0.6165663275897861;2970;1914;1780
793;shower_cap;4750;;0.616421052631579;0.6161616161616161;0.616421052631579;0.6162913070932435;2928;1824;1822
939;zucchini;4750;;0.5214736842105263;0.7517450682852808;0.5214736842105263;0.615786202610317;2477;818;2273
590;hand-held_computer;4750;;0.6574736842105263;0.5789766407119021;0.6574736842105263;0.6157334384858043;3123;2271;1627
61;boa_constrictor;4750;;0.4882105263157895;0.8320775026910656;0.4882105263157895;0.6153642032638982;2319;468;2431
778;scale;4750;;0.48378947368421055;0.843302752293578;0.48378947368421055;0.6148494983277593;2298;427;2452
200;Tibetan_terrier;4750;;0.564;0.6756620428751576;0.564;0.6148020654044749;2679;1286;2071
602;horizontal_bar;4750;;0.672;0.5652558880821675;0.672;0.6140232759449841;3192;2455;1558
831;studio_couch;4750;;0.7631578947368421;0.5131653454133636;0.7631578947368421;0.6136786863043847;3625;3439;1125
380;titi;4750;;0.6938947368421052;0.5499749707992658;0.6938947368421052;0.6136088615842874;3296;2697;1454
774;sandal;4750;;0.5256842105263158;0.7320433890354735;0.5256842105263158;0.6119348119103052;2497;914;2253
241;EntleBucher;4750;;0.8212631578947368;0.4867124142233313;0.8212631578947368;0.6112025068546808;3901;4114;849
280;grey_fox;4750;;0.6787368421052632;0.5554789800137836;0.6787368421052632;0.6109531931021412;3224;2580;1526
189;Lakeland_terrier;4750;;0.6553684210526316;0.5712974857772068;0.6553684210526316;0.6104520050985391;3113;2336;1637
789;shoji;4750;;0.7623157894736842;0.5089248067463106;0.7623157894736842;0.6103666245259165;3621;3494;1129
543;dumbbell;4750;;0.6336842105263157;0.5886954821044397;0.6336842105263157;0.6103619588360538;3010;2103;1740
572;goblet;4750;;0.5113684210526316;0.7566978193146418;0.5113684210526316;0.6103015075376884;2429;781;2321
843;swing;4750;;0.7349473684210527;0.5215897206036157;0.7349473684210527;0.6101546797168576;3491;3202;1259
52;thunder_snake;4750;;0.6509473684210526;0.5740809506126996;0.6509473684210526;0.6101026045777427;3092;2294;1658
913;wreck;4750;;0.6530526315789473;0.5717972350230415;0.6530526315789473;0.6097297297297298;3102;2323;1648
806;sock;4750;;0.5442105263157895;0.6928437416242295;0.5442105263157895;0.6095979247730221;2585;1146;2165
328;sea_urchin;4750;;0.6964210526315789;0.5413189330715104;0.6964210526315789;0.6091520117852868;3308;2803;1442
858;tile_roof;4750;;0.5018947368421053;0.7727714748784441;0.5018947368421053;0.6085513720485003;2384;701;2366
103;platypus;4750;;0.7117894736842105;0.5314366551398931;0.7117894736842105;0.6085313174946004;3381;2981;1369
78;tick;4750;;0.751578947368421;0.51;0.751578947368421;0.607659574468085;3570;3430;1180
455;bottlecap;4750;;0.5793684210526315;0.6383669682208304;0.5793684210526315;0.6074384725747709;2752;1559;1998
413;assault_rifle;4750;;0.6425263157894737;0.5759577278731837;0.6425263157894737;0.6074236242412181;3052;2247;1698
329;sea_cucumber;4750;;0.5547368421052632;0.6686120274042121;0.5547368421052632;0.6063744103095157;2635;1306;2115
538;dome;4750;;0.516;0.734492058735391;0.516;0.6061580314084333;2451;886;2299
644;matchstick;4750;;0.6023157894736842;0.6098912811767214;0.6023157894736842;0.6060798644211418;2861;1830;1889
456;bow;4750;;0.7414736842105263;0.512216404886562;0.7414736842105263;0.605883364871839;3522;3354;1228
490;chain_mail;4750;;0.6098947368421053;0.6011620668188421;0.6098947368421053;0.6054969171282266;2897;1922;1853
701;parachute;4750;;0.8877894736842106;0.4593181570635007;0.8877894736842106;0.6054123896346278;4217;4964;533
65;sea_snake;4750;;0.6303157894736842;0.5821504958195606;0.6303157894736842;0.6052764581016881;2994;2149;1756
693;paddle;4750;;0.5981052631578947;0.6117571059431525;0.5981052631578947;0.6048541622312114;2841;1803;1909
443;bib;4750;;0.5414736842105263;0.68367889420521;0.5414736842105263;0.6043233082706767;2572;1190;2178
311;grasshopper;4750;;0.5528421052631579;0.666328343060137;0.5528421052631579;0.6043033022667126;2626;1315;2124
879;umbrella;4750;;0.5294736842105263;0.702513966480447;0.5294736842105263;0.6038415366146459;2515;1065;2235
773;saltshaker;4750;;0.4983157894736842;0.7657715949530897;0.4983157894736842;0.6037495217446754;2367;724;2383
151;Chihuahua;4750;;0.5913684210526315;0.6154688869412795;0.5913684210526315;0.6031780115954477;2809;1755;1941
671;mountain_bike;4750;;0.8065263157894736;0.4804966762824533;0.8065263157894736;0.602216458382457;3831;4142;919
180;American_Staffordshire_terrier;4750;;0.5829473684210527;0.6222471910112359;0.5829473684210527;0.6019565217391304;2769;1681;1981
201;silky_terrier;4750;;0.4671578947368421;0.845011424219345;0.4671578947368421;0.6016811279826464;2219;407;2531
525;dam;4750;;0.6216842105263158;0.5812992125984252;0.6216842105263158;0.6008138351983723;2953;2127;1797
422;barbell;4750;;0.5216842105263158;0.7063854047890535;0.5216842105263158;0.6001453136352627;2478;1030;2272
737;pop_bottle;4750;;0.5056842105263157;0.7377149877149877;0.5056842105263157;0.6000499625281038;2402;854;2348
626;lighter;4750;;0.5886315789473684;0.6116823452198643;0.5886315789473684;0.5999356292243321;2796;1775;1954
552;feather_boa;4750;;0.6307368421052632;0.5709929483514389;0.6307368421052632;0.5993798139441832;2996;2251;1754
402;acoustic_guitar;4750;;0.5296842105263158;0.689882094872498;0.5296842105263158;0.5992616410622842;2516;1131;2234
108;sea_anemone;4750;;0.5496842105263158;0.6576826196473552;0.5496842105263158;0.5988532110091742;2611;1359;2139
431;bassinet;4750;;0.5943157894736842;0.6024327784891165;0.5943157894736842;0.5983467571004663;2823;1863;1927
487;cellular_telephone;4750;;0.5383157894736842;0.6732490784623486;0.5383157894736842;0.5982686008423023;2557;1241;2193
711;perfume;4750;;0.49094736842105263;0.7635887360838245;0.49094736842105263;0.5976422347514095;2332;722;2418
271;red_wolf;4750;;0.5374736842105263;0.6704306722689075;0.5374736842105263;0.5966347277401262;2553;1255;2197
830;stretcher;4750;;0.671578947368421;0.535234899328859;0.671578947368421;0.5957049486461251;3190;2770;1560
405;airship;4750;;0.6170526315789474;0.5754957785195366;0.6170526315789474;0.595550137153307;2931;2162;1819
790;shopping_basket;4750;;0.6021052631578947;0.5887196377109922;0.6021052631578947;0.5953372189841799;2860;1998;1890
839;suspension_bridge;4750;;0.48778947368421055;0.7614196516595465;0.48778947368421055;0.5946362119851148;2317;726;2433
769;rule;4750;;0.6010526315789474;0.5881747012772971;0.6010526315789474;0.5945439400249896;2855;1999;1895
453;bookcase;4750;;0.6012631578947368;0.5866885784716516;0.6012631578947368;0.5938864628820961;2856;2012;1894
187;Yorkshire_terrier;4750;;0.5917894736842105;0.5956770502225047;0.5917894736842105;0.5937268982997148;2811;1908;1939
826;stopwatch;4750;;0.5334736842105263;0.6693079767564712;0.5334736842105263;0.5937207122774134;2534;1252;2216
506;coil;4750;;0.6263157894736842;0.5629139072847682;0.6263157894736842;0.5929247633283508;2975;2310;1775
596;hatchet;4750;;0.5416842105263158;0.6513924050632911;0.5416842105263158;0.5914942528735633;2573;1377;2177
442;bell_cote;4750;;0.6688421052631579;0.5288829698684868;0.6688421052631579;0.5906851352607606;3177;2830;1573
126;isopod;4750;;0.6751578947368421;0.5234209237799902;0.6751578947368421;0.5896846556955042;3207;2920;1543
411;apron;4750;;0.5025263157894737;0.7112634088200238;0.5025263157894737;0.5889464594127807;2387;969;2363
697;pajama;4750;;0.6368421052631579;0.547709578127829;0.6368421052631579;0.588922417988903;3025;2498;1725
341;hog;4750;;0.5538947368421052;0.6282234957020058;0.5538947368421052;0.588722309241441;2631;1557;2119
581;grille;4750;;0.45663157894736844;0.825971058644326;0.45663157894736844;0.5881236442516269;2169;457;2581
660;mobile_home;4750;;0.6094736842105263;0.5680926216640503;0.6094736842105263;0.5880560633759903;2895;2201;1855
436;beach_wagon;4750;;0.5741052631578948;0.6018538953873317;0.5741052631578948;0.5876521926516539;2727;1804;2023
735;poncho;4750;;0.6153684210526316;0.5614675374567807;0.6153684210526316;0.5871836078746484;2923;2283;1827
651;microwave;4750;;0.5473684210526316;0.6329113924050633;0.5473684210526316;0.5870399638744638;2600;1508;2150
950;orange;4750;;0.5012631578947369;0.7069477434679335;0.5012631578947369;0.5865976841586598;2381;987;2369
522;croquet_ball;4750;;0.8225263157894737;0.45446085843899037;0.8225263157894737;0.5854499138383158;3907;4690;843
912;worm_fence;4750;;0.7406315789473684;0.483573883161512;0.7406315789473684;0.5851143451143451;3518;3757;1232
418;ballpoint;4750;;0.6023157894736842;0.5686742198370105;0.6023157894736842;0.5850117574890094;2861;2170;1889
667;mortarboard;4750;;0.5021052631578947;0.7004405286343612;0.5021052631578947;0.5849172286940527;2385;1020;2365
846;table_lamp;4750;;0.6522105263157895;0.5276784193493442;0.6522105263157895;0.5833725637887204;3098;2773;1652
842;swimming_trunks;4750;;0.6141052631578947;0.5551960411115341;0.6141052631578947;0.5831667333066773;2917;2337;1833
683;oboe;4750;;0.6233684210526316;0.5464107768961063;0.6233684210526316;0.5823581473104533;2961;2458;1789
515;cowboy_hat;4750;;0.515578947368421;0.6680305510092744;0.515578947368421;0.5819866920152091;2449;1217;2301
979;valley;4750;;0.5694736842105264;0.5946361837766542;0.5694736842105264;0.5817829874180019;2705;1844;2045
277;red_fox;4750;;0.6229473684210526;0.5447349042709867;0.6229473684210526;0.5812217638970733;2959;2473;1791
492;chest;4750;;0.48378947368421055;0.7274453941120608;0.48378947368421055;0.5811101277026172;2298;861;2452
49;African_crocodile;4750;;0.4652631578947368;0.7732680195941217;0.4652631578947368;0.5809674027339643;2210;648;2540
44;alligator_lizard;4750;;0.4612631578947368;0.7841803865425913;0.4612631578947368;0.5808589607635207;2191;603;2559
523;crutch;4750;;0.48105263157894734;0.7323717948717948;0.48105263157894734;0.5806861499364676;2285;835;2465
854;theater_curtain;4750;;0.8033684210526316;0.4536376604850214;0.8033684210526316;0.5798510864610241;3816;4596;934
710;pencil_sharpener;4750;;0.508421052631579;0.6728893842295904;0.508421052631579;0.5792061398249191;2415;1174;2335
231;collie;4750;;0.5477894736842105;0.6133899104196134;0.5477894736842105;0.5787366548042704;2602;1640;2148
892;wall_clock;4750;;0.6050526315789474;0.5538639429562536;0.6050526315789474;0.5783277995774223;2874;2315;1876
529;diaper;4750;;0.6010526315789474;0.5564217501461703;0.6010526315789474;0.5778767331241776;2855;2276;1895
250;Siberian_husky;4750;;0.592842105263158;0.5632;0.592842105263158;0.5776410256410257;2816;2184;1934
409;analog_clock;4750;;0.6341052631578947;0.5294427843206188;0.6341052631578947;0.5770667688475907;3012;2677;1738
680;nipple;4750;;0.6818947368421052;0.49892174984596427;0.6818947368421052;0.5762319871908913;3239;3253;1511
531;digital_watch;4750;;0.5208421052631579;0.6436004162330905;0.5208421052631579;0.575750523621131;2474;1370;2276
438;beaker;4750;;0.5305263157894737;0.6292134831460674;0.5305263157894737;0.575671045117076;2520;1485;2230
861;toilet_seat;4750;;0.6271578947368421;0.5315845824411135;0.6271578947368421;0.5754297855901102;2979;2625;1771
866;tractor;4750;;0.5458947368421052;0.6072599531615925;0.5458947368421052;0.5749445676274945;2593;1677;2157
943;cucumber;4750;;0.5490526315789473;0.6020313942751616;0.5490526315789473;0.574322836379652;2608;1724;2142
827;stove;4750;;0.5530526315789474;0.5946129470348575;0.5530526315789474;0.5730802792321117;2627;1791;2123
34;leatherback_turtle;4750;;0.5597894736842105;0.5833698990785432;0.5597894736842105;0.5713364847443059;2659;1899;2091
844;switch;4750;;0.5631578947368421;0.5796316359696642;0.5631578947368421;0.5712760277629471;2675;1940;2075
691;oxygen_mask;4750;;0.5701052631578948;0.5704655571940173;0.5701052631578948;0.5702853532694535;2708;2039;2042
481;cassette;4750;;0.568;0.572459155527265;0.568;0.570220860192328;2698;2015;2052
721;pillow;4750;;0.4189473684210526;0.891976692066338;0.4189473684210526;0.5701188941412405;1990;241;2760
887;vestment;4750;;0.547578947368421;0.5918088737201365;0.547578947368421;0.568835429196282;2601;1794;2149
729;plate_rack;4750;;0.5785263157894737;0.5589910496338486;0.5785263157894737;0.5685909373060211;2748;2168;2002
634;lumbermill;4750;;0.6254736842105263;0.5206799859796705;0.6254736842105263;0.5682861514919664;2971;2735;1779
792;shovel;4750;;0.48589473684210527;0.6842573376815891;0.48589473684210527;0.5682629570355779;2308;1065;2442
964;potpie;4750;;0.6202105263157894;0.5235471832237427;0.6202105263157894;0.5677941601618964;2946;2681;1804
502;clog;4750;;0.6157894736842106;0.5263631455821487;0.6157894736842106;0.5675754341709518;2925;2632;1825
855;thimble;4750;;0.6265263157894737;0.5175652173913043;0.6265263157894737;0.5668571428571428;2976;2774;1774
312;cricket;4750;;0.4991578947368421;0.6556969026548672;0.4991578947368421;0.5668180731532393;2371;1245;2379
80;black_grouse;4750;;0.9090526315789473;0.4113948170731707;0.9090526315789473;0.5664436573527483;4318;6178;432
869;trench_coat;4750;;0.45094736842105265;0.7598439162823696;0.45094736842105265;0.5659928656361475;2142;677;2608
166;Walker_hound;4750;;0.5852631578947368;0.547783251231527;0.5852631578947368;0.5659033078880407;2780;2295;1970
698;palace;4750;;0.6444210526315789;0.5042002964915171;0.6444210526315789;0.5657517789483412;3061;3010;1689
310;ant;4750;;0.7467368421052631;0.4546270187131505;0.7467368421052631;0.5651688973868706;3547;4255;1203
708;pedestal;4750;;0.5444210526315789;0.5862616186805713;0.5444210526315789;0.5645671869883201;2586;1825;2164
749;quill;4750;;0.6311578947368421;0.5087391820804344;0.6311578947368421;0.5633749882551913;2998;2895;1752
845;syringe;4750;;0.4530526315789474;0.7436074637180373;0.4530526315789474;0.5630559916274203;2152;742;2598
462;broom;4750;;0.5743157894736842;0.5507773066828185;0.5743157894736842;0.5623003194888179;2728;2225;2022
498;cinema;4750;;0.5492631578947369;0.5756840247131509;0.5492631578947369;0.5621633268692093;2609;1923;2141
775;sarong;4750;;0.5627368421052632;0.559322033898305;0.5627368421052632;0.5610242417882253;2673;2106;2077
419;Band_Aid;4750;;0.6492631578947369;0.4930455635491607;0.6492631578947369;0.5604725124943207;3084;3171;1666
962;meat_loaf;4750;;0.5193684210526316;0.6071868077775043;0.5193684210526316;0.5598547600136163;2467;1596;2283
64;green_mamba;4750;;0.6717894736842105;0.47984962406015036;0.6717894736842105;0.5598245614035087;3191;3459;1559
817;sports_car;4750;;0.5741052631578948;0.5449640287769785;0.5741052631578948;0.55915521837195;2727;2277;2023
908;wing;4750;;0.4534736842105263;0.7286874154262517;0.4534736842105263;0.5590449000778615;2154;802;2596
385;Indian_elephant;4750;;0.5014736842105263;0.6293262879788639;0.5014736842105263;0.5581722319859402;2382;1403;2368
408;amphibian;4750;;0.612;0.5127888516493209;0.612;0.5580190037431615;2907;2762;1843
884;vault;4750;;0.5726315789473684;0.5437824870051979;0.5726315789473684;0.5578342904019687;2720;2282;2030
740;power_drill;4750;;0.46989473684210525;0.6859250153657037;0.46989473684210525;0.5577211394302848;2232;1022;2518
643;mask;4750;;0.4978947368421053;0.6328605833556329;0.4978947368421053;0.5573229645339931;2365;1372;2385
804;soap_dispenser;4750;;0.5256842105263158;0.5925486473659232;0.5256842105263158;0.5571173583221776;2497;1717;2253
751;racer;4750;;0.6528421052631579;0.48377535101404057;0.6528421052631579;0.5557347670250896;3101;3309;1649
648;medicine_chest;4750;;0.504421052631579;0.6181630546955624;0.504421052631579;0.5555297936471134;2396;1480;2354
588;hamper;4750;;0.564;0.5470696344700837;0.564;0.5554058256452783;2679;2218;2071
272;coyote;4750;;0.623578947368421;0.4990732940185341;0.623578947368421;0.5544220870379036;2962;2973;1788
904;window_screen;4750;;0.5461052631578948;0.5619584055459272;0.5461052631578948;0.5539184283578903;2594;2022;2156
477;carpenter's_kit;4750;;0.6492631578947369;0.4823271817328746;0.6492631578947369;0.5534816941852118;3084;3310;1666
926;hot_pot;4750;;0.6652631578947369;0.47326643702261495;0.6652631578947369;0.5530760479565939;3160;3517;1590
807;solar_dish;4750;;0.732;0.44236641221374046;0.732;0.5514670896114194;3477;4383;1273
696;paintbrush;4750;;0.5515789473684211;0.5507672903090183;0.5515789473684211;0.5511728200273482;2620;2137;2130
894;wardrobe;4750;;0.5623157894736842;0.5355925406055745;0.5623157894736842;0.5486289411523055;2671;2316;2079
345;ox;4750;;0.476;0.6461846241783367;0.476;0.5481876591101952;2261;1238;2489
624;library;4750;;0.5452631578947369;0.551063829787234;0.5452631578947369;0.5481481481481483;2590;2110;2160
513;cornet;4750;;0.5267368421052632;0.5708418891170431;0.5267368421052632;0.5479032081462828;2502;1881;2248
652;military_uniform;4750;;0.472;0.6507982583454281;0.472;0.5471629042098841;2242;1203;2508
700;paper_towel;4750;;0.516;0.5798438608942512;0.516;0.5460621588503954;2451;1776;2299
464;buckle;4750;;0.48526315789473684;0.6217966010250877;0.48526315789473684;0.5451105592999882;2305;1402;2445
5;electric_ray;4750;;0.7275789473684211;0.43471698113207546;0.7275789473684211;0.544251968503937;3456;4494;1294
591;handkerchief;4750;;0.54;0.5483112441214194;0.54;0.5441238862961392;2565;2113;2185
188;wire-haired_fox_terrier;4750;;0.8267368421052631;0.4051795295088733;0.8267368421052631;0.5438304943913586;3927;5765;823
463;bucket;4750;;0.4762105263157895;0.6337909778649482;0.4762105263157895;0.5438153624233683;2262;1307;2488
797;sleeping_bag;4750;;0.5069473684210526;0.5864588407208963;0.5069473684210526;0.5438121047877145;2408;1698;2342
489;chainlink_fence;4750;;0.484421052631579;0.6192142088266954;0.484421052631579;0.5435861091424523;2301;1415;2449
910;wooden_spoon;4750;;0.44;0.7104010876954453;0.44;0.5434217368694747;2090;852;2660
163;bloodhound;4750;;0.41368421052631577;0.7850579304834199;0.41368421052631577;0.54184475389494;1965;538;2785
595;harvester;4750;;0.4976842105263158;0.5941191254083941;0.4976842105263158;0.5416427998625272;2364;1615;2386
772;safety_pin;4750;;0.5665263157894737;0.5177987300365595;0.5665263157894737;0.5410676585905297;2691;2506;2059
878;typewriter_keyboard;4750;;0.4418947368421053;0.6959549071618037;0.4418947368421053;0.5405614215812516;2099;917;2651
598;home_theater;4750;;0.5193684210526316;0.5633706325645125;0.5193684210526316;0.540475408040311;2467;1912;2283
534;dishwasher;4750;;0.43642105263157893;0.7065439672801636;0.43642105263157893;0.5395627277459656;2073;861;2677
930;French_loaf;4750;;0.5437894736842105;0.5299548625359048;0.5437894736842105;0.536783042394015;2583;2291;2167
124;crayfish;4750;;0.464;0.6360750360750361;0.464;0.5365794278758369;2204;1261;2546
632;loudspeaker;4750;;0.512;0.5630933086362584;0.512;0.5363325614731503;2432;1887;2318
815;spider_web;4750;;0.4183157894736842;0.7422487859544266;0.4183157894736842;0.5350747273461693;1987;690;2763
505;coffeepot;4750;;0.5972631578947368;0.48101051203797895;0.5972631578947368;0.5328700225394439;2837;3061;1913
935;mashed_potato;4750;;0.4374736842105263;0.681311475409836;0.4374736842105263;0.5328205128205128;2078;972;2672
62;rock_python;4750;;0.5294736842105263;0.5353341847594721;0.5294736842105263;0.5323878069432685;2515;2183;2235
895;warplane;4750;;0.7303157894736843;0.41490252362157637;0.7303157894736843;0.5291739760506445;3469;4892;1281
193;Australian_terrier;4750;;0.4730526315789474;0.6001602564102564;0.4730526315789474;0.5290793501295032;2247;1497;2503
636;mailbag;4750;;0.5469473684210526;0.5099116781157998;0.5469473684210526;0.5277805992889792;2598;2497;2152
587;hammer;4750;;0.4086315789473684;0.741405653170359;0.4086315789473684;0.526872964169381;1941;677;2809
601;hoopskirt;4750;;0.6915789473684211;0.42524271844660194;0.6915789473684211;0.5266533066132265;3285;4440;1465
59;vine_snake;4750;;0.6581052631578947;0.4385521885521885;0.6581052631578947;0.5263512375820845;3126;4002;1624
494;chime;4750;;0.5122105263157894;0.5406666666666666;0.5122105263157894;0.526054054054054;2433;2067;2317
445;bikini;4750;;0.5029473684210526;0.5502072777521879;0.5029473684210526;0.5255169379674439;2389;1953;2361
281;tabby;4750;;0.6103157894736843;0.4611102274534754;0.6103157894736843;0.5253239104829212;2899;3388;1851
862;torch;4750;;0.7103157894736842;0.4165432098765432;0.7103157894736842;0.5251361867704281;3374;4726;1376
811;space_heater;4750;;0.5063157894736842;0.5435028248587571;0.5063157894736842;0.52425068119891;2405;2020;2345
54;hognose_snake;4750;;0.4067368421052632;0.734321550741163;0.4067368421052632;0.5235062999593552;1932;699;2818
278;kit_fox;4750;;0.45389473684210524;0.6181192660550459;0.45389473684210524;0.5234280165088613;2156;1332;2594
709;pencil_box;4750;;0.42736842105263156;0.6739707835325365;0.42736842105263156;0.5230610667353774;2030;982;2720
662;modem;4750;;0.5086315789473684;0.5382044998886166;0.5086315789473684;0.5230003247104665;2416;2073;2334
883;vase;4750;;0.5246315789473684;0.5195996663886572;0.5246315789473684;0.5221034988476849;2492;2304;2258
446;binder;4750;;0.49157894736842106;0.5552913198573127;0.49157894736842106;0.5214963707426019;2335;1870;2415
381;spider_monkey;4750;;0.45452631578947367;0.6107496463932107;0.45452631578947367;0.5211828605914303;2159;1376;2591
406;altar;4750;;0.5496842105263158;0.494882486732373;0.5496842105263158;0.5208458009176142;2611;2665;2139
977;sandbar;4750;;0.45073684210526316;0.6122390620531885;0.45073684210526316;0.5192191099793864;2141;1356;2609
828;strainer;4750;;0.44126315789473686;0.6236239214519488;0.44126315789473686;0.5168289976575022;2096;1265;2654
359;black-footed_ferret;4750;;0.5427368421052632;0.49264284349321613;0.5427368421052632;0.5164780126214564;2578;2655;2172
787;shield;4750;;0.46673684210526317;0.5767429760665973;0.46673684210526317;0.5159413544333256;2217;1627;2533
718;pier;4750;;0.4846315789473684;0.5509813307802777;0.4846315789473684;0.5156810035842294;2302;1876;2448
998;ear;4750;;0.5690526315789474;0.47074190177638453;0.5690526315789474;0.5152497140678611;2703;3039;2047
412;ashcan;4750;;0.44084210526315787;0.6193433895297249;0.44084210526315787;0.5150657975648751;2094;1287;2656
921;book_jacket;4750;;0.48757894736842106;0.5420079569389188;0.48757894736842106;0.5133547600576305;2316;1957;2434
851;television;4750;;0.6513684210526316;0.4224467504096122;0.6513684210526316;0.5125062116945504;3094;4230;1656
107;jellyfish;4750;;0.7574736842105263;0.38692332508871924;0.7574736842105263;0.5122072745391132;3598;5701;1152
542;drumstick;4750;;0.48736842105263156;0.5389988358556461;0.48736842105263156;0.5118850193477058;2315;1980;2435
653;milk_can;4750;;0.6846315789473684;0.4086967450043986;0.6846315789473684;0.5118438655858976;3252;4705;1498
26;common_newt;4750;;0.6132631578947368;0.4380451127819549;0.6132631578947368;0.5110526315789473;2913;3737;1837
639;maillot;4750;;0.6726315789473685;0.41193914388860237;0.6726315789473685;0.5109547417239725;3195;4561;1555
841;sweatshirt;4750;;0.39452631578947367;0.7182828669988501;0.39452631578947367;0.5093083299361326;1874;735;2876
656;minivan;4750;;0.38694736842105265;0.7435275080906149;0.38694736842105265;0.509000276931598;1838;634;2912
304;leaf_beetle;4750;;0.4016842105263158;0.6928104575163399;0.4016842105263158;0.5085287846481876;1908;846;2842
631;lotion;4750;;0.5037894736842106;0.5129689174705252;0.5037894736842106;0.5083377588953798;2393;2272;2357
562;fountain;4750;;0.6557894736842105;0.4148907831646244;0.6557894736842105;0.5082395170500897;3115;4393;1635
679;necklace;4750;;0.4694736842105263;0.553899652260308;0.4694736842105263;0.50820419325433;2230;1796;2520
556;fire_screen;4750;;0.5726315789473684;0.45652903658945954;0.5726315789473684;0.5080313784086664;2720;3238;2030
519;crate;4750;;0.4515789473684211;0.5797297297297297;0.4515789473684211;0.5076923076923077;2145;1555;2605
675;moving_van;4750;;0.6221052631578947;0.426838075978622;0.6221052631578947;0.5062965818555641;2955;3968;1795
967;espresso;4750;;0.3802105263157895;0.753441802252816;0.3802105263157895;0.505386875612145;1806;591;2944
824;stole;4750;;0.4993684210526316;0.5086853956680248;0.4993684210526316;0.5039838521194093;2372;2291;2378
982;groom;4750;;0.35242105263157897;0.8792016806722689;0.35242105263157897;0.503155996393147;1674;230;3076
980;volcano;4750;;0.6724210526315789;0.4019126714483453;0.6724210526315789;0.5031109710955344;3194;4753;1556
460;breakwater;4750;;0.3928421052631579;0.699400299850075;0.3928421052631579;0.5031005661903478;1866;802;2884
705;passenger_car;4750;;0.5050526315789474;0.4990638651965883;0.5050526315789474;0.5020403892434865;2399;2408;2351
238;Greater_Swiss_Mountain_dog;4750;;0.4303157894736842;0.6018845700824499;0.4303157894736842;0.5018413945494721;2044;1352;2706
611;jigsaw_puzzle;4750;;0.6732631578947369;0.39598811292719166;0.6732631578947369;0.4986745672852019;3198;4878;1552
348;ram;4750;;0.33473684210526317;0.9111747851002865;0.33473684210526317;0.4896073903002309;1590;155;3160
742;printer;4750;;0.36189473684210527;0.7503273679615888;0.36189473684210527;0.48828291435875587;1719;572;3031
32;tailed_frog;4750;;0.5766315789473684;0.4215791903955672;0.5766315789473684;0.48706321685782866;2739;3758;2011
58;water_snake;4750;;0.4631578947368421;0.5134189031505251;0.4631578947368421;0.4869950193691201;2200;2085;2550
567;frying_pan;4750;;0.4829473684210526;0.4896478121664888;0.4829473684210526;0.48627450980392156;2294;2391;2456
622;lens_cap;4750;;0.33410526315789474;0.8875838926174496;0.33410526315789474;0.485469562557357;1587;201;3163
35;mud_turtle;4750;;0.44652631578947366;0.53025;0.44652631578947366;0.4848;2121;1879;2629
976;promontory;4750;;0.4385263157894737;0.5404774260508562;0.4385263157894737;0.4841933984193399;2083;1771;2667
508;computer_keyboard;4750;;0.45494736842105266;0.5158749104798281;0.45494736842105266;0.483499272849312;2161;2028;2589
541;drum;4750;;0.4056842105263158;0.5954882571075402;0.4056842105263158;0.4825945404457801;1927;1309;2823
794;shower_curtain;4750;;0.476;0.4858186506231199;0.476;0.480859208847299;2261;2393;2489
469;caldron;4750;;0.5202105263157895;0.4461094060299693;0.5202105263157895;0.48031878705413544;2471;3068;2279
893;wallet;4750;;0.444;0.5212555610479486;0.444;0.47953615279672585;2109;1937;2641
36;terrapin;4750;;0.5126315789473684;0.44876520457058605;0.5126315789473684;0.47857704402515727;2435;2991;2315
434;bath_towel;4750;;0.37073684210526314;0.674712643678161;0.37073684210526314;0.47853260869565206;1761;849;2989
582;grocery_store;4750;;0.5145263157894737;0.44696415508412585;0.5145263157894737;0.47837150127226463;2444;3024;2306
167;English_foxhound;4750;;0.48526315789473684;0.4704081632653061;0.48526315789473684;0.477720207253886;2305;2595;2445
499;cleaver;4750;;0.4113684210526316;0.567034242600116;0.4113684210526316;0.47681795998047827;1954;1492;2796
731;plunger;4750;;0.47221052631578947;0.4802997858672377;0.47221052631578947;0.4762208067940552;2243;2427;2507
509;confectionery;4750;;0.4094736842105263;0.5647502903600464;0.4094736842105263;0.4747376128874786;1945;1499;2805
741;prayer_rug;4750;;0.6650526315789473;0.36689895470383277;0.6650526315789473;0.47290419161676644;3159;5451;1591
747;punching_bag;4750;;0.6132631578947368;0.3842500989315394;0.6132631578947368;0.4724677641716;2913;4668;1837
530;digital_clock;4750;;0.5458947368421052;0.4150128040973111;0.5458947368421052;0.4715402800509183;2593;3655;2157
972;cliff;4750;;0.5025263157894737;0.4425287356321839;0.5025263157894737;0.4706230283911672;2387;3007;2363
119;rock_crab;4750;;0.42778947368421055;0.5211592716081046;0.42778947368421055;0.4698809110879871;2032;1867;2718
917;comic_book;4750;;0.5633684210526316;0.4028300466656631;0.5633684210526316;0.46976213464407973;2676;3967;2074
650;microphone;4750;;0.4694736842105263;0.46996838777660693;0.4694736842105263;0.4697209057398631;2230;2515;2520
470;candle;4750;;0.6094736842105263;0.38192612137203164;0.6094736842105263;0.46958637469586373;2895;4685;1855
865;toyshop;4750;;0.6282105263157894;0.3722090557565174;0.6282105263157894;0.4674551578287774;2984;5033;1766
925;consomme;4750;;0.7658947368421053;0.33517597199189236;0.7658947368421053;0.46629069469366824;3638;7216;1112
66;horned_viper;4750;;0.5821052631578948;0.3887248699564178;0.5821052631578948;0.46615527269661977;2765;4348;1985
743;prison;4750;;0.6665263157894736;0.35721538982285905;0.6665263157894736;0.4651436127231322;3166;5697;1584
996;hen-of-the-woods;4750;;0.7578947368421053;0.3351643236197747;0.7578947368421053;0.4647860047769673;3600;7141;1150
905;window_shade;4750;;0.4905263157894737;0.44087038789025546;0.4905263157894737;0.4643746885899352;2330;2955;2420
750;quilt;4750;;0.4012631578947368;0.55007215007215;0.4012631578947368;0.4640292148508825;1906;1559;2844
764;rifle;4750;;0.37242105263157893;0.6144494616186176;0.37242105263157893;0.4637567177873902;1769;1110;2981
21;kite;4750;;0.7993684210526316;0.3262027491408935;0.7993684210526316;0.46333129957291025;3797;7843;953
111;nematode;4750;;0.8962105263157895;0.31093419034402164;0.8962105263157895;0.4616886285993168;4257;9434;493
358;polecat;4750;;0.4806315789473684;0.44321490972626676;0.4806315789473684;0.46116553883446115;2283;2868;2467
285;Egyptian_cat;4750;;0.4696842105263158;0.4521686258613701;0.4696842105263158;0.46076001652209836;2231;2703;2519
834;suit;4750;;0.4825263157894737;0.4397544128933231;0.4825263157894737;0.4601485645452721;2292;2920;2458
706;patio;4750;;0.3412631578947368;0.6978045630650022;0.3412631578947368;0.4583627880672982;1621;702;3129
558;flute;4750;;0.4225263157894737;0.4991295697587665;0.4225263157894737;0.4576445103180937;2007;2014;2743
909;wok;4750;;0.4;0.5344585091420534;0.4;0.4575556893437688;1900;1655;2850
265;toy_poodle;4750;;0.500421052631579;0.4207824393698;0.500421052631579;0.4571593422444466;2377;3272;2373
810;space_bar;4750;;0.547578947368421;0.39018901890189017;0.547578947368421;0.45567624386825506;2601;4065;2149
970;alp;4750;;0.49873684210526315;0.41737138830162085;0.49873684210526315;0.4544408210243622;2369;3307;2381
356;weasel;4750;;0.42547368421052634;0.48757539203860073;0.42547368421052634;0.4544125913434514;2021;2124;2729
493;chiffonier;4750;;0.3562105263157895;0.6211453744493393;0.3562105263157895;0.4527696012844528;1692;1032;3058
767;rubber_eraser;4750;;0.4393684210526316;0.46678595392529637;0.4393684210526316;0.45266240104110184;2087;2384;2663
898;water_bottle;4750;;0.3831578947368421;0.5528554070473876;0.3831578947368421;0.4526237254414325;1820;1472;2930
504;coffee_mug;4750;;0.4183157894736842;0.4924411400247832;0.4183157894736842;0.45236198064883326;1987;2048;2763
266;miniature_poodle;4750;;0.3989473684210526;0.5221824193992836;0.3989473684210526;0.45232127938894856;1895;1734;2855
856;thresher;4750;;0.6736842105263158;0.33905488450942994;0.6736842105263158;0.4510854243022272;3200;6238;1550
960;chocolate_sauce;4750;;0.39452631578947367;0.5154015401540154;0.39452631578947367;0.4469353684712616;1874;1762;2876
819;stage;4750;;0.4366315789473684;0.4536307961504812;0.4366315789473684;0.4449688907959665;2074;2498;2676
868;tray;4750;;0.4006315789473684;0.5002628811777077;0.4006315789473684;0.4449380406827215;1903;1901;2847
248;Eskimo_dog;4750;;0.4016842105263158;0.4917525773195876;0.4016842105263158;0.4421784472769409;1908;1972;2842
712;Petri_dish;4750;;0.6277894736842106;0.34091688578941354;0.6277894736842106;0.44187597243831966;2982;5765;1768
677;nail;4750;;0.5054736842105263;0.39244851258581237;0.5054736842105263;0.4418476260581524;2401;3717;2349
655;miniskirt;4750;;0.4185263157894737;0.46007868548947;0.4185263157894737;0.4383199206261713;1988;2333;2762
526;desk;4750;;0.4692631578947368;0.4110271067674719;0.4692631578947368;0.4382188145089944;2229;3194;2521
527;desktop_computer;4750;;0.5162105263157895;0.3764200184218606;0.5162105263157895;0.4353693181818182;2452;4062;2298
838;sunscreen;4750;;0.40357894736842104;0.47042944785276075;0.40357894736842104;0.43444759206798866;1917;2158;2833
479;car_wheel;4750;;0.31305263157894736;0.7087702573879886;0.31305263157894736;0.4342873831775701;1487;611;3263
524;cuirass;4750;;0.41957894736842105;0.44806654676258995;0.41957894736842105;0.4333550771906936;1993;2455;2757
585;hair_spray;4750;;0.4244210526315789;0.4384515006524576;0.4244210526315789;0.43132220795892173;2016;2582;2734
435;bathtub;4750;;0.3932631578947368;0.46981891348088534;0.3932631578947368;0.4281457712583085;1868;2108;2882
813;spatula;4750;;0.3734736842105263;0.500423131170663;0.3734736842105263;0.42772754671488844;1774;1771;2976
663;monastery;4750;;0.5802105263157895;0.33733170134638923;0.5802105263157895;0.42662538699690405;2756;5414;1994
67;diamondback;4750;;0.2905263157894737;0.7599118942731278;0.2905263157894737;0.42034724337496193;1380;436;3370
461;breastplate;4750;;0.47978947368421054;0.3729340533464245;0.47978947368421054;0.4196666973575177;2279;3832;2471
633;loupe;4750;;0.43494736842105264;0.40359445204141436;0.43494736842105264;0.4186847704934644;2066;3053;2684
689;overskirt;4750;;0.48147368421052633;0.36970578726155834;0.48147368421052633;0.4182516459400147;2287;3899;2463
478;carton;4750;;0.3450526315789474;0.5287096774193548;0.3450526315789474;0.4175796178343949;1639;1461;3111
973;coral_reef;4750;;0.580421052631579;0.32321219226260256;0.580421052631579;0.41521084337349395;2757;5773;1993
516;cradle;4750;;0.4012631578947368;0.4264936227343925;0.4012631578947368;0.4134938713526413;1906;2563;2844
619;lampshade;4750;;0.3507368421052632;0.49480249480249483;0.3507368421052632;0.41049648885056056;1666;1701;3084
784;screwdriver;4750;;0.32210526315789473;0.5602343463932625;0.32210526315789473;0.4090362251035957;1530;1201;3220
733;pole;4750;;0.3585263157894737;0.44898497231742684;0.3585263157894737;0.3986889851340279;1703;2090;3047
748;purse;4750;;0.3372631578947368;0.4869300911854103;0.3372631578947368;0.3985074626865671;1602;1688;3148
501;cloak;4750;;0.38505263157894737;0.4099977583501457;0.38505263157894737;0.3971338616871132;1829;2632;2921
454;bookshop;4750;;0.2869473684210526;0.6426214049976426;0.2869473684210526;0.3967399214088197;1363;758;3387
907;wine_bottle;4750;;0.2869473684210526;0.6414117647058823;0.2869473684210526;0.39650909090909087;1363;762;3387
599;honeycomb;4750;;0.5536842105263158;0.3077463140650597;0.5536842105263158;0.3956077015643803;2630;5916;2120
497;church;4750;;0.2831578947368421;0.6469456469456469;0.2831578947368421;0.3939083321130473;1345;734;3405
578;gown;4750;;0.2717894736842105;0.7105118326912493;0.2717894736842105;0.3931780112684635;1291;526;3459
673;mouse;4750;;0.30757894736842106;0.5301161103047896;0.30757894736842106;0.38928856914468424;1461;1295;3289
928;ice_cream;4750;;0.28042105263157896;0.6336822074215034;0.28042105263157896;0.3887915936952715;1332;770;3418
424;barbershop;4750;;0.2905263157894737;0.5774058577405857;0.2905263157894737;0.38655462184873945;1380;1010;3370
623;letter_opener;4750;;0.3296842105263158;0.45417633410672853;0.3296842105263158;0.38204440107343257;1566;1882;3184
906;Windsor_tie;4750;;0.4823157894736842;0.3160435922196165;0.4823157894736842;0.3818651554296191;2291;4958;2459
6;stingray;4750;;0.28989473684210526;0.5488242327620566;0.28989473684210526;0.37939110070257603;1377;1132;3373
482;cassette_player;4750;;0.4149473684210526;0.34331997909771816;0.4149473684210526;0.375750643408636;1971;3770;2779
240;Appenzeller;4750;;0.2846315789473684;0.5403677058353318;0.2846315789473684;0.3728626585769443;1352;1150;3398
536;dock;4750;;0.25852631578947366;0.6480211081794195;0.25852631578947366;0.36960120391271634;1228;667;3522
620;laptop;4750;;0.3863157894736842;0.3460305487459928;0.3863157894736842;0.3650651546801949;1835;3468;2915
836;sunglass;4750;;0.3277894736842105;0.4030546207610665;0.3277894736842105;0.3615464994775339;1557;2306;3193
762;restaurant;4750;;0.40378947368421053;0.3245346869712352;0.40378947368421053;0.3598499061913696;1918;3992;2832
754;radio;4750;;0.26673684210526316;0.5449462365591398;0.26673684210526316;0.3581625441696113;1267;1058;3483
485;CD_player;4750;;0.2968421052631579;0.4513444302176697;0.2968421052631579;0.35814071628143257;1410;1714;3340
975;lakeside;4750;;0.5328421052631579;0.26791574044670263;0.5328421052631579;0.35655420159188556;2531;6916;2219
969;eggnog;4750;;0.516;0.2655471289274106;0.516;0.3506437768240343;2451;6779;2299
860;tobacco_shop;4750;;0.5162105263157895;0.262977262977263;0.5162105263157895;0.34844393917862726;2452;6872;2298
539;doormat;4750;;0.4766315789473684;0.27231176329083473;0.4766315789473684;0.3466013472137171;2264;6050;2486
848;tape_player;4750;;0.3823157894736842;0.3131574409380928;0.3823157894736842;0.34429803772869466;1816;3983;2934
584;hair_slide;4750;;0.5707368421052632;0.24487399512239183;0.5707368421052632;0.34270905758169523;2711;8360;2039
692;packet;4750;;0.40357894736842104;0.29753220549433496;0.40357894736842104;0.34253551326722054;1917;4526;2833
968;cup;4750;;0.29747368421052633;0.39315525876460766;0.29747368421052633;0.338686481303931;1413;2181;3337
999;toilet_tissue;4750;;0.23305263157894737;0.6022850924918389;0.23305263157894737;0.3360655737704918;1107;731;3643
549;envelope;4750;;0.3117894736842105;0.3573841698841699;0.3117894736842105;0.3330335057342028;1481;2663;3269
414;backpack;4750;;0.21873684210526315;0.6853562005277045;0.21873684210526315;0.33163102457708266;1039;477;3711
978;seashore;4750;;0.4086315789473684;0.2788793103448276;0.4086315789473684;0.33151152860802735;1941;5019;2809
73;barn_spider;4750;;0.8355789473684211;0.20603197674418605;0.8355789473684211;0.3305571749812609;3969;15295;781
947;mushroom;4750;;0.25684210526315787;0.45353159851301117;0.25684210526315787;0.3279569892473118;1220;1470;3530
618;ladle;4750;;0.24421052631578946;0.4974271012006861;0.24421052631578946;0.3275910759672409;1160;1172;3590
911;wool;4750;;0.38905263157894737;0.2812357327651803;0.38905263157894737;0.32647292641992753;1848;4723;2902
974;geyser;4750;;0.7962105263157895;0.2019328314378771;0.7962105263157895;0.32216022828910945;3782;14947;968
600;hook;4750;;0.2848421052631579;0.3699753896636587;0.2848421052631579;0.3218746282859522;1353;2304;3397
818;spotlight;4750;;0.32273684210526316;0.31653933512285776;0.32273684210526316;0.3196080475346607;1533;3310;3217
987;corn;4750;;0.27410526315789474;0.38059047062262497;0.27410526315789474;0.31868804307918247;1302;2119;3448
728;plastic_bag;4750;;0.33473684210526317;0.30113636363636365;0.33473684210526317;0.317048853439681;1590;3690;3160
923;plate;4750;;0.43136842105263157;0.2489067055393586;0.43136842105263157;0.3156678477892466;2049;6183;2701
799;sliding_door;4750;;0.22126315789473683;0.5289380976346251;0.22126315789473683;0.31200831230518034;1051;936;3699
60;night_snake;4750;;0.23242105263157894;0.4457004440855874;0.23242105263157894;0.30552096305520965;1104;1373;3646
961;dough;4750;;0.20357894736842105;0.5950769230769231;0.20357894736842105;0.3033725490196078;967;658;3783
55;green_snake;4750;;0.19642105263157894;0.6650035637918745;0.19642105263157894;0.30326669917113597;933;470;3817
46;green_lizard;4750;;0.20189473684210527;0.5131086142322098;0.20189473684210527;0.28977186886236594;959;910;3791
415;bakery;4750;;0.22989473684210526;0.37307823710283566;0.22989473684210526;0.28448612739351303;1092;1835;3658
488;chain;4750;;0.42105263157894735;0.21344717182497333;0.42105263157894735;0.28328611898017;2000;7370;2750
899;water_jug;4750;;0.26694736842105266;0.2996219281663516;0.26694736842105266;0.2823424627031841;1268;2964;3482
657;missile;4750;;0.3117894736842105;0.2548176187198899;0.3117894736842105;0.2804393107366029;1481;4331;3269
782;screen;4750;;0.27642105263157896;0.2716177079023583;0.27642105263157896;0.27399833055091827;1313;3521;3437
876;tub;4750;;0.2;0.42831379621280435;0.2;0.27267508610792196;950;1268;3800
68;sidewinder;4750;;0.3134736842105263;0.21498700548657235;0.3134736842105263;0.2550531003768413;1489;5437;3261
725;pitcher;4750;;0.16926315789473684;0.5040752351097179;0.16926315789473684;0.25342789598108745;804;791;3946
744;projectile;4750;;0.352;0.1946222791293214;0.352;0.250655872873098;1672;6919;3078
664;monitor;4750;;0.16231578947368422;0.3701392222755641;0.16231578947368422;0.22566954485584662;771;1312;3979
77;wolf_spider;4750;;0.132;0.6867469879518072;0.132;0.22143740067102244;627;286;4123
837;sunglasses;4750;;0.13936842105263159;0.47083926031294454;0.13936842105263159;0.21507472384665366;662;744;4088
681;notebook;4750;;0.16021052631578947;0.26359542777970213;0.16021052631578947;0.19929291606651828;761;2126;3989
809;soup_bowl;4750;;0.11242105263157895;0.46074201898188094;0.11242105263157895;0.18074124217295648;534;625;4216
282;tiger_cat;4750;;0.10568421052631578;0.5025025025025025;0.10568421052631578;0.17463906766394152;502;497;4248
885;velvet;4750;;0.20926315789473685;0.12181372549019608;0.20926315789473685;0.15398915569326105;994;7166;3756
74;garden_spider;4750;;0.08294736842105263;0.5898203592814372;0.08294736842105263;0.14544112218530822;394;274;4356
638;maillot;4750;;0.047578947368421054;0.12262615301139447;0.047578947368421054;0.06855756104959806;226;1617;4524
