class_idx;class_label;support;base_accuracy;overall_accuracy;precision;recall;f1;tp;fp;fn
985;daisy;4750;;0.9789473684210527;0.9940145361265498;0.9789473684210527;0.986423419601188;4650;28;100
986;yellow_lady's_slipper;4750;;0.9696842105263158;0.9993490995877631;0.9696842105263158;0.9842931937172775;4606;3;144
100;black_swan;4750;;0.9532631578947368;0.9932002632156175;0.9532631578947368;0.9728220002148459;4528;31;222
339;sorrel;4750;;0.9532631578947368;0.9916776171703898;0.9532631578947368;0.9720910261914985;4528;38;222
900;water_tower;4750;;0.9454736842105264;0.9966711051930759;0.9454736842105264;0.9703975799481417;4491;15;259
873;triumphal_arch;4750;;0.9627368421052631;0.976093916755603;0.9627368421052631;0.9693693693693693;4573;112;177
90;lorikeet;4750;;0.9635789473684211;0.9662233481106185;0.9635789473684211;0.9648993359333826;4577;160;173
11;goldfinch;4750;;0.9471578947368421;0.9831730769230769;0.9471578947368421;0.9648295088998499;4499;77;251
995;earthstar;4750;;0.9305263157894736;0.9975174904084857;0.9305263157894736;0.962858076462259;4420;11;330
139;ruddy_turnstone;4750;;0.9313684210526316;0.9937106918238994;0.9313684210526316;0.9615301021517061;4424;28;326
576;gondola;4750;;0.9543157894736842;0.9685897435897436;0.9543157894736842;0.9613997879109226;4533;147;217
340;zebra;4750;;0.9383157894736842;0.985407915100597;0.9383157894736842;0.9612854523886553;4457;66;293
685;odometer;4750;;0.9370526315789474;0.98604342046965;0.9370526315789474;0.9609240069084628;4451;63;299
323;monarch;4750;;0.9374736842105263;0.9847412649270234;0.9374736842105263;0.9605263157894737;4453;69;297
17;jay;4750;;0.9267368421052632;0.9963784517881394;0.9267368421052632;0.9602966841186736;4402;16;348
129;spoonbill;4750;;0.9248421052631579;0.997955474784189;0.9248421052631579;0.9600087412587412;4393;9;357
130;flamingo;4750;;0.9242105263157895;0.9923146473779385;0.9242105263157895;0.9570525397863529;4390;34;360
88;macaw;4750;;0.9330526315789474;0.9800973020787263;0.9330526315789474;0.9559965487489215;4432;90;318
668;mosque;4750;;0.9522105263157895;0.9584657766475948;0.9522105263157895;0.9553279121343331;4523;196;227
97;drake;4750;;0.936;0.9754278192189557;0.936;0.9553072625698324;4446;112;304
15;robin;4750;;0.9458947368421052;0.9643700364885168;0.9458947368421052;0.955043043894144;4493;166;257
915;yurt;4750;;0.9513684210526315;0.9574152542372881;0.9513684210526315;0.9543822597676874;4519;201;231
321;admiral;4750;;0.9376842105263158;0.9710050141704818;0.9376842105263158;0.9540537645924816;4454;133;296
143;oystercatcher;4750;;0.9334736842105263;0.9730085582620145;0.9334736842105263;0.9528312023208338;4434;123;316
14;indigo_bunting;4750;;0.9421052631578948;0.9631941455015067;0.9421052631578948;0.9525329927628778;4475;171;275
0;tench;4750;;0.912;0.9967786470317533;0.912;0.9525065963060687;4332;14;418
430;basketball;4750;;0.9275789473684211;0.9775904149101398;0.9275789473684211;0.9519282704980014;4406;101;344
800;slot;4750;;0.9450526315789474;0.9585735639547299;0.9450526315789474;0.9517650800381638;4489;194;261
135;limpkin;4750;;0.9395789473684211;0.9639308855291576;0.9395789473684211;0.9515991471215351;4463;167;287
829;streetcar;4750;;0.9345263157894736;0.9687909209951986;0.9345263157894736;0.9513501928846978;4439;143;311
18;magpie;4750;;0.9174736842105263;0.9877606527651859;0.9174736842105263;0.9513206723422833;4358;54;392
136;European_gallinule;4750;;0.9101052631578948;0.9951657458563536;0.9101052631578948;0.9507367495051683;4323;21;427
698;palace;4750;;0.9221052631578948;0.9811827956989247;0.9221052631578948;0.9507271543303668;4380;84;370
946;cardoon;4750;;0.9612631578947368;0.938733552631579;0.9612631578947368;0.9498647805283962;4566;298;184
13;junco;4750;;0.9124210526315789;0.9890460976722958;0.9124210526315789;0.9491896627244852;4334;48;416
646;maze;4750;;0.9366315789473684;0.9594565451800733;0.9366315789473684;0.9479066794503035;4449;188;301
22;bald_eagle;4750;;0.9261052631578948;0.9661761475949923;0.9261052631578948;0.945716435558422;4399;154;351
244;Tibetan_mastiff;4750;;0.9227368421052632;0.9684047724259832;0.9227368421052632;0.9450194049159121;4383;143;367
145;king_penguin;4750;;0.896;0.9988265665336775;0.896;0.9446232382643436;4256;5;494
12;house_finch;4750;;0.9090526315789473;0.9818099135970896;0.9090526315789473;0.9440314822912111;4318;80;432
92;bee_eater;4750;;0.912;0.9780988936554527;0.912;0.943893670334459;4332;97;418
727;planetarium;4750;;0.9136842105263158;0.9752808988764045;0.9136842105263158;0.9434782608695652;4340;110;410
146;albatross;4750;;0.9212631578947369;0.9660044150110375;0.9212631578947369;0.9431034482758621;4376;154;374
275;African_hunting_dog;4750;;0.9166315789473685;0.9699264869681443;0.9166315789473685;0.9425262474293755;4354;135;396
820;steam_locomotive;4750;;0.8974736842105263;0.9916259595254711;0.8974736842105263;0.9422035584042436;4263;36;487
84;peacock;4750;;0.9189473684210526;0.9665633303808681;0.9189473684210526;0.9421541118066047;4365;151;385
832;stupa;4750;;0.9370526315789474;0.9472228133645456;0.9370526315789474;0.9421102762197058;4451;248;299
768;rugby_ball;4750;;0.9176842105263158;0.9673768308921438;0.9176842105263158;0.9418755401901469;4359;147;391
9;ostrich;4750;;0.9467368421052632;0.936875;0.9467368421052632;0.9417801047120419;4497;303;253
260;chow;4750;;0.9014736842105263;0.9857274401473296;0.9014736842105263;0.9417198152628106;4282;62;468
565;freight_car;4750;;0.9431578947368421;0.9395973154362416;0.9431578947368421;0.9413742382853539;4480;288;270
98;red-breasted_merganser;4750;;0.9341052631578948;0.948076923076923;0.9341052631578948;0.9410392364793213;4437;243;313
594;harp;4750;;0.9174736842105263;0.9654408506867523;0.9174736842105263;0.940846286701209;4358;156;392
694;paddlewheel;4750;;0.9172631578947369;0.9641513609205576;0.9172631578947369;0.9401229906138743;4357;162;393
528;dial_telephone;4750;;0.9231578947368421;0.9567968579533057;0.9231578947368421;0.9396764170148935;4385;198;365
990;buckeye;4750;;0.9138947368421053;0.9665998663994656;0.9138947368421053;0.9395087111784439;4341;150;409
560;football_helmet;4750;;0.9513684210526315;0.9265942177568177;0.9513684210526315;0.9388179079671757;4519;358;231
417;balloon;4750;;0.907578947368421;0.971164676728993;0.907578947368421;0.9382957884427032;4311;128;439
890;volleyball;4750;;0.8970526315789473;0.9824763661517177;0.8970526315789473;0.9378232640035215;4261;76;489
255;Leonberg;4750;;0.9372631578947368;0.9382507903055848;0.9372631578947368;0.9377567140600316;4452;293;298
16;bulbul;4750;;0.9301052631578948;0.9454312005135888;0.9301052631578948;0.937705613923379;4418;255;332
24;great_grey_owl;4750;;0.9126315789473685;0.9624777975133215;0.9126315789473685;0.9368921547438945;4335;169;415
19;chickadee;4750;;0.9296842105263158;0.9441949967928159;0.9296842105263158;0.9368834199639334;4416;261;334
849;teapot;4750;;0.9446315789473684;0.929177883619797;0.9446315789473684;0.9368410063680968;4487;342;263
91;coucal;4750;;0.9298947368421052;0.9419918959266368;0.9298947368421052;0.9359042271427058;4417;272;333
138;bustard;4750;;0.9010526315789473;0.9729483973630371;0.9010526315789473;0.9356213793857252;4280;119;470
805;soccer_ball;4750;;0.9343157894736842;0.935300316122234;0.9343157894736842;0.9348077935755661;4438;307;312
684;ocarina;4750;;0.9063157894736842;0.9650302622730329;0.9063157894736842;0.934751927043752;4305;156;445
953;pineapple;4750;;0.8850526315789473;0.9903415783274441;0.8850526315789473;0.9347415230683713;4204;41;546
607;jack-o'-lantern;4750;;0.9048421052631579;0.9662769784172662;0.9048421052631579;0.93455098934551;4298;150;452
425;barn;4750;;0.9404210526315789;0.9281113650529815;0.9404210526315789;0.9342256614033253;4467;346;283
347;bison;4750;;0.8949473684210526;0.9767922794117647;0.8949473684210526;0.9340804218852998;4251;101;499
389;barracouta;4750;;0.9214736842105263;0.9463783783783783;0.9214736842105263;0.93376;4377;248;373
927;trifle;4750;;0.8949473684210526;0.9754474529600734;0.8949473684210526;0.9334650856389987;4251;107;499
535;disk_brake;4750;;0.9084210526315789;0.9591020226717049;0.9084210526315789;0.9330738458211698;4315;184;435
821;steel_arch_bridge;4750;;0.9246315789473685;0.9414790996784566;0.9246315789473685;0.932979288369623;4392;273;358
253;basenji;4750;;0.9073684210526316;0.9599109131403119;0.9073684210526316;0.932900432900433;4310;180;440
466;bullet_train;4750;;0.9216842105263158;0.9441449212853138;0.9216842105263158;0.9327793757323958;4378;259;372
621;lawn_mower;4750;;0.9191578947368421;0.945840554592721;0.9191578947368421;0.9323083493487081;4366;250;384
327;starfish;4750;;0.9193684210526316;0.9448290783210731;0.9193684210526316;0.931924882629108;4367;255;383
863;totem_pole;4750;;0.9002105263157895;0.9650191830286617;0.9002105263157895;0.9314889445594162;4276;155;474
604;hourglass;4750;;0.9433684210526316;0.9195567412271701;0.9433684210526316;0.9313104021614881;4481;392;269
96;toucan;4750;;0.8778947368421053;0.9912051342999763;0.8778947368421053;0.9311153287931228;4170;37;580
944;artichoke;4750;;0.8962105263157895;0.9688211197086937;0.8962105263157895;0.9311023622047244;4257;137;493
726;plane;4750;;0.8787368421052631;0.9900379506641366;0.8787368421052631;0.9310729422261879;4174;42;576
354;Arabian_camel;4750;;0.8957894736842106;0.969248291571754;0.8957894736842106;0.9310722100656456;4255;135;495
606;iron;4750;;0.8993684210526316;0.964551817566042;0.8993684210526316;0.9308203508007409;4272;157;478
993;gyromitra;4750;;0.888;0.9772937905468025;0.888;0.9305095962938451;4218;98;532
757;recreational_vehicle;4750;;0.8909473684210526;0.9733210671573137;0.8909473684210526;0.9303143548032534;4232;116;518
10;brambling;4750;;0.9098947368421053;0.9515631880228974;0.9098947368421053;0.930262591476539;4322;220;428
471;cannon;4750;;0.9027368421052632;0.9592841163310962;0.9027368421052632;0.9301518438177875;4288;182;462
988;acorn;4750;;0.8816842105263157;0.9842538190364277;0.8816842105263157;0.9301499167129372;4188;67;562
475;car_mirror;4750;;0.9408421052631579;0.9193581567578688;0.9408421052631579;0.9299760690875039;4469;392;281
945;bell_pepper;4750;;0.9197894736842105;0.9401764579298472;0.9197894736842105;0.9298712355006916;4369;278;381
612;jinrikisha;4750;;0.9410526315789474;0.9184302445038011;0.9410526315789474;0.9296038265571385;4470;397;280
609;jeep;4750;;0.9124210526315789;0.9473224043715847;0.9124210526315789;0.9295442359249328;4334;241;416
783;screw;4750;;0.9351578947368421;0.9238768718801996;0.9351578947368421;0.929483155471856;4442;366;308
247;Saint_Bernard;4750;;0.8709473684210526;0.9963872832369942;0.8709473684210526;0.929454055268479;4137;15;613
575;golfcart;4750;;0.903578947368421;0.9550511793502447;0.903578947368421;0.9286023366508005;4292;202;458
141;redshank;4750;;0.9109473684210526;0.9468271334792122;0.9109473684210526;0.9285407725321887;4327;243;423
687;organ;4750;;0.9018947368421053;0.9566770879857079;0.9018947368421053;0.928478543563069;4284;194;466
538;dome;4750;;0.9452631578947368;0.9113050537852648;0.9452631578947368;0.9279735455203059;4490;437;260
127;white_stork;4750;;0.8827368421052632;0.9780732446932587;0.8827368421052632;0.9279628195197521;4193;94;557
663;monastery;4750;;0.876421052631579;0.985792090930618;0.876421052631579;0.927894795497604;4163;60;587
137;American_coot;4750;;0.8863157894736842;0.9725109725109725;0.8863157894736842;0.927414913536733;4210;119;540
95;jacamar;4750;;0.9461052631578948;0.9093484419263456;0.9461052631578948;0.9273627734213784;4494;448;256
439;bearskin;4750;;0.9292631578947368;0.9251729197233285;0.9292631578947368;0.9272135279907573;4414;357;336
532;dining_table;4750;;0.9033684210526316;0.9516522510534486;0.9033684210526316;0.9268819526946754;4291;218;459
739;potter's_wheel;4750;;0.8888421052631579;0.9681265764732859;0.8888421052631579;0.9267917901437821;4222;139;528
99;goose;4750;;0.8732631578947369;0.9866793529971456;0.8732631578947369;0.9265132901496538;4148;56;602
264;Cardigan;4750;;0.9006315789473684;0.9527839643652561;0.9006315789473684;0.925974025974026;4278;212;472
307;weevil;4750;;0.8842105263157894;0.9710982658959537;0.8842105263157894;0.9256198347107437;4200;125;550
831;studio_couch;4750;;0.9088421052631579;0.9429882044560943;0.9088421052631579;0.9256003430531733;4317;261;433
736;pool_table;4750;;0.9138947368421053;0.9369738830131664;0.9138947368421053;0.9252904188425877;4341;292;409
802;snowmobile;4750;;0.8842105263157894;0.9690816797415782;0.8842105263157894;0.9247027741083222;4200;134;550
89;sulphur-crested_cockatoo;4750;;0.880421052631579;0.973463687150838;0.880421052631579;0.9246075613530842;4182;114;568
426;barometer;4750;;0.8962105263157895;0.9536290322580645;0.8962105263157895;0.9240286520512263;4257;207;493
559;folding_chair;4750;;0.883578947368421;0.9681660899653979;0.883578947368421;0.9239405613648871;4197;138;553
874;trolleybus;4750;;0.9663157894736842;0.8849045691150954;0.9663157894736842;0.9238200664184361;4590;597;160
284;Siamese_cat;4750;;0.9456842105263158;0.9027331189710611;0.9456842105263158;0.923709644252519;4492;484;258
888;viaduct;4750;;0.8968421052631579;0.9508928571428571;0.8968421052631579;0.9230769230769231;4260;220;490
555;fire_engine;4750;;0.8778947368421053;0.9731621936989499;0.8778947368421053;0.923076923076923;4170;115;580
688;oscilloscope;4750;;0.9233684210526316;0.9227856090889964;0.9233684210526316;0.923076923076923;4386;367;364
324;cabbage_butterfly;4750;;0.9084210526315789;0.9378396000869377;0.9084210526315789;0.9228959469575446;4315;286;435
614;kimono;4750;;0.928;0.9175686927560366;0.928;0.9227548670713838;4408;396;342
991;coral_fungus;4750;;0.8882105263157895;0.9599544937428897;0.8882105263157895;0.9226899945325314;4219;176;531
491;chain_saw;4750;;0.8938947368421053;0.9526587390621494;0.8938947368421053;0.9223416965352449;4246;211;504
738;pot;4750;;0.8985263157894737;0.9473917869034406;0.8985263157894737;0.9223122636412749;4268;237;482
518;crash_helmet;4750;;0.9086315789473685;0.9354139575205895;0.9086315789473685;0.9218282785134558;4316;298;434
895;warplane;4750;;0.907578947368421;0.9363596872284969;0.907578947368421;0.9217447081462475;4311;293;439
571;gas_pump;4750;;0.8842105263157894;0.9621993127147767;0.8842105263157894;0.9215578716401536;4200;165;550
23;vulture;4750;;0.9014736842105263;0.9421342134213422;0.9014736842105263;0.9213555675094137;4282;263;468
695;padlock;4750;;0.9174736842105263;0.9252653927813164;0.9174736842105263;0.9213530655391121;4358;352;392
483;castle;4750;;0.8707368421052631;0.9780089855757862;0.8707368421052631;0.9212607194565097;4136;93;614
989;hip;4750;;0.9562105263157895;0.8883238803051047;0.9562105263157895;0.9210179458582582;4542;571;208
949;strawberry;4750;;0.908;0.9343587521663779;0.908;0.9209908178518044;4313;303;437
954;banana;4750;;0.8625263157894737;0.9869910864851843;0.8625263157894737;0.9205707223907427;4097;54;653
771;safe;4750;;0.8802105263157894;0.9642527675276753;0.8802105263157894;0.9203169711644287;4181;155;569
722;ping-pong_ball;4750;;0.8913684210526316;0.9510332434860737;0.8913684210526316;0.9202347315800914;4234;218;516
420;banjo;4750;;0.875578947368421;0.9696899044066216;0.875578947368421;0.9202345392189402;4159;130;591
325;sulphur_butterfly;4750;;0.9054736842105263;0.9347967833079766;0.9054736842105263;0.9199016148005561;4301;300;449
765;rocking_chair;4750;;0.8762105263157894;0.9681321237497093;0.8762105263157894;0.9198806497955575;4162;137;588
448;birdhouse;4750;;0.9042105263157895;0.9359337546306384;0.9042105263157895;0.9197986936502838;4295;294;455
637;mailbox;4750;;0.8962105263157895;0.9445307299755935;0.8962105263157895;0.9197364156854272;4257;250;493
522;croquet_ball;4750;;0.9370526315789474;0.902107823267126;0.9370526315789474;0.9192482445270549;4451;483;299
429;baseball;4750;;0.8837894736842106;0.9573546180159636;0.8837894736842106;0.9191023535851123;4198;187;552
870;tricycle;4750;;0.8972631578947369;0.9416703490941228;0.8972631578947369;0.9189305735230703;4262;264;488
218;Welsh_springer_spaniel;4750;;0.892;0.9474508050089445;0.892;0.9188896117978747;4237;235;513
561;forklift;4750;;0.9029473684210526;0.9340156794425087;0.9029473684210526;0.9182187968315135;4289;303;461
708;pedestal;4750;;0.9138947368421053;0.9214604118021651;0.9138947368421053;0.9176619807631329;4341;370;409
707;pay-phone;4750;;0.888421052631579;0.9487410071942446;0.888421052631579;0.9175907806044792;4220;228;530
616;knot;4750;;0.9147368421052632;0.9203558568099979;0.9147368421052632;0.9175377468060395;4345;376;405
404;airliner;4750;;0.912;0.9226837060702875;0.912;0.9173107464266808;4332;363;418
642;marimba;4750;;0.8646315789473684;0.9757662152530292;0.8646315789473684;0.9168433977006362;4107;102;643
291;lion;4750;;0.9526315789473684;0.8834439672003124;0.9526315789473684;0.9167341977309562;4525;597;225
450;bobsled;4750;;0.8905263157894737;0.9444072337575352;0.8905263157894737;0.9166756961751003;4230;249;520
853;thatch;4750;;0.9202105263157895;0.9130979736787131;0.9202105263157895;0.916640452972633;4371;416;379
351;hartebeest;4750;;0.9402105263157895;0.8939151321056845;0.9402105263157895;0.9164785553047404;4466;530;284
178;Weimaraner;4750;;0.8823157894736842;0.9533666969972703;0.8823157894736842;0.9164662147386836;4191;205;559
755;radio_telescope;4750;;0.8850526315789473;0.9491984646647099;0.8850526315789473;0.9160039219958602;4204;225;546
235;German_shepherd;4750;;0.8703157894736843;0.9665653495440729;0.8703157894736843;0.9159189099368561;4134;143;616
447;binoculars;4750;;0.8665263157894737;0.9705258193822212;0.8665263157894737;0.9155822489155823;4116;125;634
952;fig;4750;;0.8783157894736842;0.9560036663611365;0.8783157894736842;0.9155145929339477;4172;192;578
763;revolver;4750;;0.9044210526315789;0.9260616512179349;0.9044210526315789;0.9151134306102886;4296;343;454
93;hornbill;4750;;0.8825263157894737;0.9490604482680552;0.8825263157894737;0.9145849241845752;4192;225;558
901;whiskey_jug;4750;;0.8625263157894737;0.9729280455948706;0.8625263157894737;0.9144068742327865;4097;114;653
198;standard_schnauzer;4750;;0.8667368421052631;0.9675675675675676;0.8667368421052631;0.9143808995002776;4117;138;633
704;parking_meter;4750;;0.8707368421052631;0.9616368286445013;0.8707368421052631;0.913932162192023;4136;165;614
682;obelisk;4750;;0.9008421052631579;0.9269930675909879;0.9008421052631579;0.9137305146273756;4279;337;471
721;pillow;4750;;0.8690526315789474;0.9631357909472702;0.8690526315789474;0.9136786188579018;4128;158;622
400;academic_gown;4750;;0.9138947368421053;0.9133179044813802;0.9138947368421053;0.9136062296117016;4341;412;409
83;prairie_chicken;4750;;0.9042105263157895;0.9228620541469703;0.9042105263157895;0.9134410888983411;4295;359;455
666;mortar;4750;;0.8949473684210526;0.9326458973233874;0.8949473684210526;0.9134078212290503;4251;307;499
545;electric_fan;4750;;0.9223157894736842;0.9042311661506708;0.9223157894736842;0.9131839499739448;4381;464;369
781;scoreboard;4750;;0.9111578947368421;0.9152040600549799;0.9111578947368421;0.9131764954109083;4328;401;422
872;tripod;4750;;0.860421052631579;0.9726320799619229;0.860421052631579;0.9130920464700626;4087;115;663
396;lionfish;4750;;0.8825263157894737;0.9458483754512635;0.8825263157894737;0.9130908298845568;4192;240;558
355;llama;4750;;0.8431578947368421;0.9950310559006211;0.8431578947368421;0.9128205128205129;4005;20;745
497;church;4750;;0.8646315789473684;0.965898400752587;0.8646315789473684;0.9124638969117974;4107;145;643
457;bow_tie;4750;;0.8938947368421053;0.9315489249670909;0.8938947368421053;0.9123334765792867;4246;312;504
148;killer_whale;4750;;0.8781052631578947;0.9492489758761948;0.8781052631578947;0.9122922134733158;4171;223;579
670;motor_scooter;4750;;0.9162105263157895;0.9083698601544563;0.9162105263157895;0.9122733466093701;4352;439;398
144;pelican;4750;;0.8425263157894737;0.9945328031809145;0.8425263157894737;0.9122407111921587;4002;22;748
308;fly;4750;;0.8606315789473684;0.9703299311654403;0.8606315789473684;0.9121945777083565;4088;125;662
350;ibex;4750;;0.8774736842105263;0.9494305239179954;0.8774736842105263;0.912035010940919;4168;222;582
981;ballplayer;4750;;0.9178947368421052;0.9060681629260183;0.9178947368421052;0.9119431081363732;4360;452;390
117;chambered_nautilus;4750;;0.8650526315789474;0.9638752052545156;0.8650526315789474;0.9117940752246754;4109;154;641
625;lifeboat;4750;;0.9128421052631579;0.9105417891642167;0.9128421052631579;0.9116904962153071;4336;426;414
814;speedboat;4750;;0.9284210526315789;0.8954314720812183;0.9284210526315789;0.9116279069767442;4410;515;340
251;dalmatian;4750;;0.876421052631579;0.9495894160583942;0.876421052631579;0.9115393037004598;4163;221;587
363;armadillo;4750;;0.8890526315789473;0.9340853793408538;0.8890526315789473;0.9110128357243016;4223;298;527
786;sewing_machine;4750;;0.8534736842105263;0.9763969171483622;0.8534736842105263;0.9108065603235227;4054;98;696
858;tile_roof;4750;;0.8983157894736842;0.9235930735930736;0.8983157894736842;0.9107790821771612;4267;353;483
279;Arctic_fox;4750;;0.8787368421052631;0.9449852841294997;0.8787368421052631;0.9106577942620269;4174;243;576
877;turnstile;4750;;0.8696842105263158;0.9538212883860541;0.8696842105263158;0.9098116947472745;4131;200;619
746;puck;4750;;0.9347368421052632;0.885520542481053;0.9347368421052632;0.9094633346988938;4440;574;310
955;jackfruit;4750;;0.8463157894736842;0.9821646713901784;0.8463157894736842;0.909193712540993;4020;73;730
756;rain_barrel;4750;;0.8941052631578947;0.9246679730023949;0.8941052631578947;0.9091298298191158;4247;346;503
627;limousine;4750;;0.8768421052631579;0.9438024019941084;0.8768421052631579;0.9090909090909092;4165;248;585
719;piggy_bank;4750;;0.8976842105263158;0.9203539823008849;0.8976842105263158;0.9088777576468081;4264;369;486
573;go-kart;4750;;0.9414736842105264;0.8778955634079308;0.9414736842105264;0.9085737505079234;4472;622;278
984;rapeseed;4750;;0.9616842105263158;0.8605877920120573;0.9616842105263158;0.90833167627759;4568;740;182
449;boathouse;4750;;0.8909473684210526;0.9262420660976144;0.8909473684210526;0.9082519583646314;4232;337;518
958;hay;4750;;0.848;0.9776699029126213;0.848;0.9082299887260428;4028;92;722
133;bittern;4750;;0.8616842105263158;0.9596717467760844;0.8616842105263158;0.9080421519689408;4093;172;657
982;groom;4750;;0.8608421052631579;0.9605355884425651;0.8608421052631579;0.9079604751859663;4089;168;661
752;racket;4750;;0.9271578947368421;0.8891580860084797;0.9271578947368421;0.9077604864474904;4404;549;346
258;Samoyed;4750;;0.8968421052631579;0.9188955996548749;0.8968421052631579;0.907734924355423;4260;376;490
458;brass;4750;;0.836;0.99275;0.836;0.9076571428571429;3971;29;779
957;pomegranate;4750;;0.8810526315789474;0.9358228980322003;0.8810526315789474;0.9076122316200389;4185;287;565
71;scorpion;4750;;0.8589473684210527;0.9620372553643008;0.8589473684210527;0.9075742409075743;4080;161;670
232;Border_collie;4750;;0.884421052631579;0.9314855875831486;0.884421052631579;0.907343412526998;4201;309;549
723;pinwheel;4750;;0.9130526315789473;0.9012884455527848;0.9130526315789473;0.9071323990796903;4337;475;413
392;rock_beauty;4750;;0.9256842105263158;0.8890012131014962;0.9256842105263158;0.9069719471947195;4397;549;353
333;hamster;4750;;0.9113684210526316;0.9024390243902439;0.9113684210526316;0.9068817429559023;4329;468;421
886;vending_machine;4750;;0.9033684210526316;0.9100742311770944;0.9033684210526316;0.9067089276281035;4291;424;459
816;spindle;4750;;0.932;0.8827517447657028;0.932;0.9067076292882744;4427;588;323
225;malinois;4750;;0.8827368421052632;0.9319848855301178;0.8827368421052632;0.906692615417883;4193;306;557
31;tree_frog;4750;;0.8618947368421053;0.9554259043173863;0.8618947368421053;0.9062534587714444;4094;191;656
583;guillotine;4750;;0.9004210526315789;0.9113573407202216;0.9004210526315789;0.9058561897702002;4277;416;473
456;bow;4750;;0.9058947368421053;0.9057040623026731;0.9058947368421053;0.9057993895379434;4303;448;447
547;electric_locomotive;4750;;0.8768421052631579;0.9365864627838992;0.8768421052631579;0.9057301293900185;4165;282;585
442;bell_cote;4750;;0.8818947368421053;0.9298557158712542;0.8818947368421053;0.9052404105888708;4189;316;561
511;convertible;4750;;0.8458947368421053;0.9728813559322034;0.8458947368421053;0.904954954954955;4018;112;732
855;thimble;4750;;0.8661052631578947;0.9472714713331798;0.8661052631578947;0.9048718794677223;4114;229;636
569;garbage_truck;4750;;0.888421052631579;0.921598602314916;0.888421052631579;0.9047057562439705;4220;359;530
795;ski;4750;;0.884421052631579;0.9259422525898171;0.884421052631579;0.9047055023150641;4201;336;549
427;barrel;4750;;0.8734736842105263;0.9380510965408094;0.8734736842105263;0.9046113594243977;4149;274;601
686;oil_filter;4750;;0.9033684210526316;0.9058475828583492;0.9033684210526316;0.904606303362496;4291;446;459
309;bee;4750;;0.8749473684210526;0.936246902455508;0.8749473684210526;0.9045597997605832;4156;283;594
387;lesser_panda;4750;;0.8797894736842106;0.9305277221108884;0.8797894736842106;0.9044475706092414;4179;312;571
667;mortarboard;4750;;0.8730526315789474;0.9380230717032345;0.8730526315789474;0.9043724784647258;4147;274;603
259;Pomeranian;4750;;0.888421052631579;0.9207942395810604;0.888421052631579;0.9043180113575485;4220;363;530
919;street_sign;4750;;0.8656842105263158;0.9463751438434983;0.8656842105263158;0.9042330951072018;4112;233;638
474;cardigan;4750;;0.8682105263157894;0.9426285714285715;0.8682105263157894;0.9038904109589041;4124;251;626
215;Brittany_spaniel;4750;;0.8732631578947369;0.9363431151241535;0.8732631578947369;0.9037037037037037;4148;282;602
283;Persian_cat;4750;;0.8673684210526316;0.9421449805625429;0.8673684210526316;0.9032116628302095;4120;253;630
671;mountain_bike;4750;;0.8774736842105263;0.9303571428571429;0.8774736842105263;0.9031419284940412;4168;312;582
777;scabbard;4750;;0.8505263157894737;0.9619047619047619;0.8505263157894737;0.9027932960893855;4040;160;710
338;guinea_pig;4750;;0.8391578947368421;0.9764821166095051;0.8391578947368421;0.9026268115942029;3986;96;764
441;beer_glass;4750;;0.876421052631579;0.930071492403932;0.876421052631579;0.9024495989594624;4163;313;587
701;parachute;4750;;0.9347368421052632;0.8717848026703319;0.9347368421052632;0.9021639743980494;4440;653;310
540;drilling_platform;4750;;0.9067368421052632;0.8974786413836215;0.9067368421052632;0.9020839878521312;4307;492;443
601;hoopskirt;4750;;0.9134736842105263;0.890965092402464;0.9134736842105263;0.902079002079002;4339;531;411
732;Polaroid_camera;4750;;0.8682105263157894;0.9383390216154721;0.8682105263157894;0.9019136139967194;4124;271;626
908;wing;4750;;0.8315789473684211;0.9850374064837906;0.8315789473684211;0.9018264840182648;3950;60;800
822;steel_drum;4750;;0.864;0.9425815342214056;0.864;0.9015817223198593;4104;250;646
936;head_cabbage;4750;;0.8492631578947368;0.9595623215984777;0.8492631578947368;0.9010498101407192;4034;170;716
628;liner;4750;;0.8465263157894737;0.9628831417624522;0.8465263157894737;0.9009634774815147;4021;155;729
195;Boston_bull;4750;;0.8871578947368421;0.9142981123888045;0.8871578947368421;0.9005235602094241;4214;395;536
843;swing;4750;;0.8962105263157895;0.9045898852528687;0.8962105263157895;0.9003807106598986;4257;449;493
398;abacus;4750;;0.8694736842105263;0.9335443037974683;0.8694736842105263;0.9003706126008284;4130;294;620
346;water_buffalo;4750;;0.891578947368421;0.9091884929154144;0.891578947368421;0.9002976190476191;4235;423;515
672;mountain_tent;4750;;0.9170526315789473;0.8837492391965917;0.9170526315789473;0.9000929848124806;4356;573;394
87;African_grey;4750;;0.8509473684210527;0.9546528105810108;0.8509473684210527;0.8998219056099732;4042;192;708
174;Norwegian_elkhound;4750;;0.8292631578947368;0.9827844311377245;0.8292631578947368;0.8995204384562686;3939;69;811
8;hen;4750;;0.8968421052631579;0.901969087444421;0.8968421052631579;0.899398289876491;4260;463;490
656;minivan;4750;;0.8501052631578947;0.9546099290780142;0.8501052631578947;0.8993318485523386;4038;192;712
654;minibus;4750;;0.8610526315789474;0.9402298850574713;0.8610526315789474;0.898901098901099;4090;260;660
306;rhinoceros_beetle;4750;;0.8469473684210527;0.9574012375059495;0.8469473684210527;0.8987935656836461;4023;179;727
428;barrow;4750;;0.8688421052631579;0.9305524239007892;0.8688421052631579;0.8986390854654328;4127;308;623
388;giant_panda;4750;;0.8406315789473684;0.9644927536231884;0.8406315789473684;0.8983127109111361;3993;147;757
391;coho;4750;;0.8526315789473684;0.9486999297259311;0.8526315789473684;0.8981040026610488;4050;219;700
196;miniature_schnauzer;4750;;0.880421052631579;0.9165023011176857;0.880421052631579;0.8980994309030389;4182;381;568
316;cicada;4750;;0.8456842105263158;0.9571122230164403;0.8456842105263158;0.8979546216608919;4017;180;733
645;maypole;4750;;0.9823157894736843;0.8268651426546163;0.9823157894736843;0.8979120561916675;4666;977;84
7;cock;4750;;0.8406315789473684;0.9635617760617761;0.8406315789473684;0.8979087024960647;3993;151;757
823;stethoscope;4750;;0.8501052631578947;0.9510127178520961;0.8501052631578947;0.8977323254779903;4038;208;712
51;triceratops;4750;;0.856421052631579;0.9429763560500696;0.856421052631579;0.8976169461606356;4068;246;682
131;little_blue_heron;4750;;0.9088421052631579;0.8860837438423645;0.9088421052631579;0.8973186447723965;4317;555;433
703;park_bench;4750;;0.9018947368421053;0.8925;0.9018947368421053;0.8971727748691101;4284;516;466
933;cheeseburger;4750;;0.8633684210526316;0.9328935395814377;0.8633684210526316;0.896785479991253;4101;295;649
158;toy_terrier;4750;;0.8490526315789474;0.9500588928150766;0.8490526315789474;0.8967204002223457;4033;212;717
588;hamper;4750;;0.8629473684210527;0.9328629949931725;0.8629473684210527;0.8965441819772528;4099;295;651
444;bicycle-built-for-two;4750;;0.9393684210526316;0.8574173712528824;0.9393684210526316;0.8965240104480612;4462;742;288
465;bulletproof_vest;4750;;0.891578947368421;0.9014474244359302;0.891578947368421;0.8964860287891618;4235;463;515
716;picket_fence;4750;;0.8972631578947369;0.8953781512605042;0.8972631578947369;0.8963196635120925;4262;498;488
254;pug;4750;;0.8427368421052631;0.9569686827635668;0.8427368421052631;0.8962274711742975;4003;180;747
286;cougar;4750;;0.8507368421052631;0.9463700234192037;0.8507368421052631;0.8960088691796009;4041;229;709
496;Christmas_stocking;4750;;0.932;0.862626656274357;0.932;0.8959724752074478;4427;705;323
592;hard_disc;4750;;0.8458947368421053;0.952132701421801;0.8458947368421053;0.8958751393534002;4018;202;732
495;china_cabinet;4750;;0.8852631578947369;0.90625;0.8852631578947369;0.8956336528221511;4205;435;545
796;ski_mask;4750;;0.8787368421052631;0.9131481076350908;0.8787368421052631;0.895612058791975;4174;397;576
563;fountain_pen;4750;;0.8966315789473684;0.8945599663936148;0.8966315789473684;0.8955945747029755;4259;502;491
937;broccoli;4750;;0.8355789473684211;0.9638173870811073;0.8355789473684211;0.8951285520974289;3969;149;781
766;rotisserie;4750;;0.8332631578947368;0.96630859375;0.8332631578947368;0.8948677368302057;3958;138;792
896;washbasin;4750;;0.8911578947368421;0.898535342814689;0.8911578947368421;0.8948314131698554;4233;478;517
789;shoji;4750;;0.9128421052631579;0.877377579927155;0.9128421052631579;0.894758563763929;4336;606;414
383;Madagascar_cat;4750;;0.8732631578947369;0.9164825452938578;0.8732631578947369;0.8943510133678311;4148;378;602
210;German_short-haired_pointer;4750;;0.8338947368421052;0.9637469586374696;0.8338947368421052;0.8941309255079007;3961;149;789
317;leafhopper;4750;;0.8637894736842106;0.9261851015801355;0.8637894736842106;0.8938997821350763;4103;327;647
554;fireboat;4750;;0.8726315789473684;0.9160220994475138;0.8726315789473684;0.893800539083558;4145;380;605
156;Blenheim_spaniel;4750;;0.8972631578947369;0.8897703549060543;0.8972631578947369;0.8935010482180293;4262;528;488
617;lab_coat;4750;;0.8656842105263158;0.9230078563411896;0.8656842105263158;0.8934274850624662;4112;343;638
649;megalith;4750;;0.8850526315789473;0.9019523707358936;0.8850526315789473;0.8934225905854851;4204;457;546
132;American_egret;4750;;0.9052631578947369;0.8816895632561;0.9052631578947369;0.8933208683909838;4300;577;450
273;dingo;4750;;0.8208421052631579;0.979156202913109;0.8208421052631579;0.8930371049015117;3899;83;851
507;combination_lock;4750;;0.8509473684210527;0.9386901997213191;0.8509473684210527;0.8926678445229682;4042;264;708
263;Pembroke;4750;;0.8618947368421053;0.9256160976712638;0.8618947368421053;0.8926196446091791;4094;329;656
603;horse_cart;4750;;0.9345263157894736;0.8541466230517606;0.9345263157894736;0.89253041117925;4439;758;311
25;European_fire_salamander;4750;;0.8431578947368421;0.9477046852815901;0.8431578947368421;0.8923796791443851;4005;221;745
833;submarine;4750;;0.8566315789473684;0.9306953339432754;0.8566315789473684;0.8921289190966893;4069;303;681
578;gown;4750;;0.8757894736842106;0.9082969432314411;0.8757894736842106;0.8917470525187566;4160;420;590
660;mobile_home;4750;;0.8332631578947368;0.9588178294573644;0.8332631578947368;0.891642261770669;3958;170;792
803;snowplow;4750;;0.8778947368421053;0.9057341442224153;0.8778947368421053;0.8915971776779987;4170;434;580
140;red-backed_sandpiper;4750;;0.8242105263157895;0.9697795392618281;0.8242105263157895;0.8910891089108911;3915;122;835
761;remote_control;4750;;0.8778947368421053;0.9045553145336226;0.8778947368421053;0.891025641025641;4170;440;580
711;perfume;4750;;0.8854736842105263;0.8964194373401535;0.8854736842105263;0.8909129421732683;4206;486;544
517;crane;4750;;0.8730526315789474;0.9092304319228239;0.8730526315789474;0.8907743529159058;4147;414;603
213;Irish_setter;4750;;0.8465263157894737;0.939705538677261;0.8465263157894737;0.8906855687230036;4021;258;729
665;moped;4750;;0.828;0.963026444662096;0.828;0.8904233642743943;3933;151;817
574;golf_ball;4750;;0.8341052631578947;0.9540091500120395;0.8341052631578947;0.890037066157475;3962;191;788
322;ringlet;4750;;0.9183157894736842;0.8630787495053424;0.9183157894736842;0.8898408812729499;4362;692;388
207;golden_retriever;4750;;0.8334736842105264;0.9539759036144578;0.8334736842105264;0.8896629213483145;3959;191;791
608;jean;4750;;0.856421052631579;0.9253867151956324;0.856421052631579;0.889569210583862;4068;328;682
932;pretzel;4750;;0.8381052631578947;0.9476315163056415;0.8381052631578947;0.8895095520053625;3981;220;769
779;school_bus;4750;;0.9252631578947368;0.8552247518972563;0.9252631578947368;0.888866417231267;4395;744;355
841;sweatshirt;4750;;0.860421052631579;0.918839928057554;0.860421052631579;0.888671450315286;4087;361;663
476;carousel;4750;;0.9202105263157895;0.858911377480841;0.9202105263157895;0.8885049293627402;4371;718;379
834;suit;4750;;0.8433684210526315;0.9386129334582943;0.8433684210526315;0.888445331559104;4006;262;744
296;ice_bear;4750;;0.8741052631578947;0.9031977376549923;0.8741052631578947;0.8884133946720872;4152;445;598
494;chime;4750;;0.8831578947368421;0.8936940775458031;0.8831578947368421;0.8883947479881406;4195;499;555
376;proboscis_monkey;4750;;0.8002105263157895;0.9981617647058824;0.8002105263157895;0.8882916569291891;3801;7;949
421;bannister;4750;;0.8938947368421053;0.8820108018280016;0.8938947368421053;0.8879130071099958;4246;568;504
410;apiary;4750;;0.8608421052631579;0.9166106254203094;0.8608421052631579;0.8878514819237867;4089;372;661
613;joystick;4750;;0.8962105263157895;0.8795454545454545;0.8962105263157895;0.8877997914494264;4257;583;493
113;snail;4750;;0.8526315789473684;0.9259259259259259;0.8526315789473684;0.8877685225778167;4050;324;700
775;sarong;4750;;0.84;0.9412597310686482;0.84;0.8877516965179664;3990;249;760
217;English_springer;4750;;0.8932631578947369;0.8817539484621779;0.8932631578947369;0.8874712403262915;4243;569;507
500;cliff_dwelling;4750;;0.8642105263157894;0.9118169702354509;0.8642105263157894;0.8873757025507999;4105;397;645
326;lycaenid;4750;;0.9433684210526316;0.837570093457944;0.9433684210526316;0.8873267326732674;4481;869;269
745;projector;4750;;0.856;0.920951302378256;0.856;0.8872885979268959;4066;349;684
920;traffic_light;4750;;0.8770526315789474;0.8972646995477063;0.8770526315789474;0.8870435430639838;4166;477;584
216;clumber;4750;;0.8505263157894737;0.926605504587156;0.8505263157894737;0.8869374313940724;4040;320;710
56;king_snake;4750;;0.8541052631578947;0.9222550579677199;0.8541052631578947;0.8868728822822167;4057;342;693
835;sundial;4750;;0.8231578947368421;0.9609240599655935;0.8231578947368421;0.8867218505499489;3910;159;840
193;Australian_terrier;4750;;0.8591578947368421;0.9148173055368751;0.8591578947368421;0.8861144284008251;4081;380;669
157;papillon;4750;;0.9246315789473685;0.8505034856700232;0.9246315789473685;0.8860197700221909;4392;772;358
403;aircraft_carrier;4750;;0.875578947368421;0.8961430726136609;0.875578947368421;0.8857416675540412;4159;482;591
76;tarantula;4750;;0.8412631578947368;0.9351743505733676;0.8412631578947368;0.8857364512911448;3996;277;754
825;stone_wall;4750;;0.8311578947368421;0.9474442044636429;0.8311578947368421;0.8854996074913086;3948;219;802
661;Model_T;4750;;0.9347368421052632;0.8410683841636674;0.9347368421052632;0.8854322464851929;4440;839;310
778;scale;4750;;0.8069473684210526;0.9805576873880788;0.8069473684210526;0.885321630673288;3833;76;917
884;vault;4750;;0.8936842105263157;0.8767038413878563;0.8936842105263157;0.8851125938281901;4245;597;505
948;Granny_Smith;4750;;0.8978947368421053;0.8714752758479771;0.8978947368421053;0.8844877644131067;4265;629;485
737;pop_bottle;4750;;0.8433684210526315;0.9292507538854095;0.8433684210526315;0.8842291137843504;4006;305;744
423;barber_chair;4750;;0.8507368421052631;0.9200819672131147;0.8507368421052631;0.8840516298402975;4041;351;709
699;panpipe;4750;;0.864421052631579;0.9042061219995595;0.864421052631579;0.8838661069852547;4106;435;644
510;container_ship;4750;;0.8936842105263157;0.8738163853437628;0.8936842105263157;0.8836386344712739;4245;613;505
490;chain_mail;4750;;0.8132631578947368;0.9667167167167167;0.8132631578947368;0.8833752572604618;3863;133;887
270;white_wolf;4750;;0.8591578947368421;0.9078976640711902;0.8591578947368421;0.8828555976203353;4081;414;669
519;crate;4750;;0.8254736842105264;0.9487055407694169;0.8254736842105264;0.8828098615332658;3921;212;829
678;neck_brace;4750;;0.8267368421052631;0.9464931308749096;0.8267368421052631;0.8825710754017305;3927;222;823
440;beer_bottle;4750;;0.8494736842105263;0.9180887372013652;0.8494736842105263;0.8824494259158009;4035;360;715
142;dowitcher;4750;;0.9141052631578948;0.8525427056744551;0.9141052631578948;0.8822513461343087;4342;751;408
47;African_chameleon;4750;;0.8473684210526315;0.92;0.8473684210526315;0.8821917808219177;4025;350;725
891;waffle_iron;4750;;0.8454736842105263;0.922158438576349;0.8454736842105263;0.8821526633717738;4016;339;734
301;ladybug;4750;;0.9210526315789473;0.8462282398452611;0.9210526315789473;0.8820564516129032;4375;795;375
934;hotdog;4750;;0.8172631578947368;0.9575727676369018;0.8172631578947368;0.8818718764198092;3882;172;868
938;cauliflower;4750;;0.9065263157894737;0.8582818417380905;0.9065263157894737;0.8817446503532302;4306;711;444
287;lynx;4750;;0.8378947368421052;0.9301238607151203;0.8378947368421052;0.8816037213423413;3980;299;770
543;dumbbell;4750;;0.8372631578947368;0.9307278258834543;0.8372631578947368;0.8815249916879087;3977;296;773
168;redbone;4750;;0.8410526315789474;0.926054705609643;0.8410526315789474;0.8815092674315975;3995;319;755
553;file;4750;;0.8606315789473684;0.9028268551236749;0.8606315789473684;0.881224401810735;4088;440;662
21;kite;4750;;0.9298947368421052;0.837345971563981;0.9298947368421052;0.8811970074812967;4417;858;333
70;harvestman;4750;;0.8509473684210527;0.9134463276836158;0.8509473684210527;0.8810899182561308;4042;383;708
300;tiger_beetle;4750;;0.8783157894736842;0.8837110781614065;0.8783157894736842;0.8810051736881005;4172;549;578
85;quail;4750;;0.9227368421052632;0.8428846153846153;0.9227368421052632;0.8810050251256281;4383;817;367
365;orangutan;4750;;0.8833684210526316;0.8781917120133947;0.8833684210526316;0.8807724601175483;4196;582;554
514;cowboy_boot;4750;;0.844;0.9207625172255397;0.844;0.8807117750439367;4009;345;741
906;Windsor_tie;4750;;0.8538947368421053;0.9092131809011432;0.8538947368421053;0.8806861361415698;4056;405;694
706;patio;4750;;0.840842105263158;0.924109208699676;0.840842105263158;0.8805114638447973;3994;328;756
243;bull_mastiff;4750;;0.8793684210526316;0.8815956099620093;0.8793684210526316;0.8804806070826308;4177;561;573
918;crossword_puzzle;4750;;0.848421052631579;0.914661824784385;0.848421052631579;0.8802970729576235;4030;376;720
152;Japanese_spaniel;4750;;0.8269473684210527;0.9403878381613598;0.8269473684210527;0.8800268847317128;3928;249;822
580;greenhouse;4750;;0.8861052631578947;0.8735990037359901;0.8861052631578947;0.8798076923076923;4209;609;541
859;toaster;4750;;0.824;0.9429053240183088;0.824;0.8794517469947196;3914;237;836
629;lipstick;4750;;0.7978947368421052;0.979328165374677;0.7978947368421052;0.8793503480278423;3790;80;960
774;sandal;4750;;0.8082105263157895;0.9640883977900553;0.8082105263157895;0.8792945487860743;3839;143;911
674;mousetrap;4750;;0.8461052631578947;0.9144482366325369;0.8461052631578947;0.8789502460360853;4019;376;731
262;Brabancon_griffon;4750;;0.8084210526315789;0.9624060150375939;0.8084210526315789;0.8787185354691075;3840;150;910
837;sunglasses;4750;;0.8372631578947368;0.9244537424453743;0.8372631578947368;0.87870083959346;3977;325;773
182;Border_terrier;4750;;0.8378947368421052;0.9236481782316083;0.8378947368421052;0.8786841814769841;3980;329;770
717;pickup;4750;;0.8206315789473684;0.9445117518778774;0.8206315789473684;0.8782246254365214;3898;229;852
941;acorn_squash;4750;;0.8242105263157895;0.9397503600576093;0.8242105263157895;0.8781965006729476;3915;251;835
790;shopping_basket;4750;;0.8311578947368421;0.9306930693069307;0.8311578947368421;0.8781138790035588;3948;294;802
411;apron;4750;;0.8185263157894737;0.9466764061358656;0.8185263157894737;0.8779496443491023;3888;219;862
605;iPod;4750;;0.8254736842105264;0.9373655271336362;0.8254736842105264;0.8778685771857159;3921;262;829
57;garter_snake;4750;;0.8722105263157894;0.8835572616762636;0.8722105263157894;0.8778472295794045;4143;546;607
653;milk_can;4750;;0.8629473684210527;0.8932229243843974;0.8629473684210527;0.8778241781775351;4099;490;651
931;bagel;4750;;0.8456842105263158;0.912125340599455;0.8456842105263158;0.877649115140922;4017;387;733
871;trimaran;4750;;0.896;0.8594507269789984;0.896;0.8773448773448773;4256;696;494
256;Newfoundland;4750;;0.8225263157894737;0.9394085116614571;0.8225263157894737;0.8770905825569648;3907;252;843
830;stretcher;4750;;0.8781052631578947;0.875892482150357;0.8781052631578947;0.8769974768713206;4171;591;579
186;Norwich_terrier;4750;;0.8936842105263157;0.8608801460150071;0.8936842105263157;0.8769755190579485;4245;686;505
169;borzoi;4750;;0.9166315789473685;0.8403783053464582;0.9166315789473685;0.8768502668412043;4354;827;396
907;wine_bottle;4750;;0.8722105263157894;0.8814893617021277;0.8722105263157894;0.8768253968253967;4143;557;607
525;dam;4750;;0.8570526315789474;0.8974867724867724;0.8570526315789474;0.8768037906525953;4071;465;679
318;lacewing;4750;;0.8494736842105263;0.9053174781242989;0.8494736842105263;0.8765070055392636;4035;422;715
463;bucket;4750;;0.8336842105263158;0.9230769230769231;0.8336842105263158;0.8761061946902655;3960;330;790
503;cocktail_shaker;4750;;0.9;0.8524426719840479;0.9;0.8755760368663595;4275;740;475
897;washer;4750;;0.8227368421052632;0.935375777884155;0.8227368421052632;0.8754480286738352;3908;270;842
86;partridge;4750;;0.876421052631579;0.8743961352657005;0.876421052631579;0.8754074229839134;4163;598;587
452;bonnet;4750;;0.828421052631579;0.9278472058476774;0.828421052631579;0.8753197642086531;3935;306;815
840;swab;4750;;0.892;0.858387358184765;0.892;0.8748709477596531;4237;699;513
412;ashcan;4750;;0.8501052631578947;0.9007361142092349;0.8501052631578947;0.8746886169175782;4038;445;712
640;manhole_cover;4750;;0.7911578947368421;0.9771190847633905;0.7911578947368421;0.8743601675197765;3758;88;992
759;reflex_camera;4750;;0.8522105263157894;0.8975609756097561;0.8522105263157894;0.8742980561555075;4048;462;702
566;French_horn;4750;;0.7943157894736842;0.9709212557900154;0.7943157894736842;0.8737841593330246;3773;113;977
401;accordion;4750;;0.8686315789473684;0.8788072417465389;0.8686315789473684;0.8736897829539438;4126;569;624
364;three-toed_sloth;4750;;0.8307368421052631;0.9213168339948634;0.8307368421052631;0.873685375844127;3946;337;804
473;can_opener;4750;;0.8425263157894737;0.9066606252831898;0.8425263157894737;0.8734177215189873;4002;412;748
979;valley;4750;;0.8656842105263158;0.8810799228626527;0.8656842105263158;0.8733142189657004;4112;555;638
852;tennis_ball;4750;;0.8593684210526316;0.8871984351227994;0.8593684210526316;0.8730617046305208;4082;519;668
160;Afghan_hound;4750;;0.8993684210526316;0.8481238832638476;0.8993684210526316;0.8729947890058241;4272;765;478
597;holster;4750;;0.8442105263157895;0.9037638043723236;0.8442105263157895;0.8729726787852401;4010;427;740
740;power_drill;4750;;0.8065263157894736;0.9513285324062578;0.8065263157894736;0.8729634271391136;3831;196;919
375;colobus;4750;;0.796;0.9657726692209451;0.796;0.8727062896710907;3781;134;969
636;mailbag;4750;;0.8642105263157894;0.8807122934992491;0.8642105263157894;0.8723833811497184;4105;556;645
635;magnetic_compass;4750;;0.8669473684210526;0.8778512044340226;0.8669473684210526;0.8723652155492003;4118;573;632
479;car_wheel;4750;;0.8244210526315789;0.9259872310238827;0.8244210526315789;0.8722574896981847;3916;313;834
162;beagle;4750;;0.7911578947368421;0.9713104161281985;0.7911578947368421;0.872026917275786;3758;111;992
406;altar;4750;;0.8871578947368421;0.8572009764035802;0.8871578947368421;0.8719222015311401;4214;702;536
245;French_bulldog;4750;;0.7772631578947369;0.9924731182795699;0.7772631578947369;0.8717827626918536;3692;28;1058
593;harmonica;4750;;0.8753684210526316;0.867877269881027;0.8753684210526316;0.871606749816581;4158;633;592
214;Gordon_setter;4750;;0.84;0.905583295506128;0.84;0.871559633027523;3990;416;760
610;jersey;4750;;0.8970526315789473;0.847117296222664;0.8970526315789473;0.8713701431492842;4261;769;489
720;pill_bottle;4750;;0.852;0.891213389121339;0.852;0.8711656441717791;4047;494;703
289;snow_leopard;4750;;0.8701052631578947;0.8721249208693818;0.8701052631578947;0.8711139213826536;4133;606;617
521;Crock_Pot;4750;;0.8867368421052632;0.855749695245835;0.8867368421052632;0.8709677419354839;4212;710;538
826;stopwatch;4750;;0.7905263157894736;0.9692823954568921;0.7905263157894736;0.87082560296846;3755;119;995
179;Staffordshire_bullterrier;4750;;0.8513684210526316;0.8909451421017845;0.8513684210526316;0.8707072881903326;4044;495;706
303;long-horned_beetle;4750;;0.8631578947368421;0.8783204798628963;0.8631578947368421;0.8706731790189001;4100;568;650
647;measuring_cup;4750;;0.8029473684210526;0.9499377334993774;0.8029473684210526;0.870279520821449;3814;201;936
239;Bernese_mountain_dog;4750;;0.8673684210526316;0.8730663276117822;0.8673684210526316;0.8702080473122823;4120;599;630
887;vestment;4750;;0.8932631578947369;0.8482606957217114;0.8932631578947369;0.870180475799836;4243;759;507
394;sturgeon;4750;;0.796;0.9591577879249112;0.796;0.8699953980671883;3781;161;969
770;running_shoe;4750;;0.8054736842105263;0.9456253089471083;0.8054736842105263;0.8699408822191905;3826;220;924
208;Labrador_retriever;4750;;0.8018947368421052;0.9503493013972056;0.8018947368421052;0.8698332952728933;3809;199;941
512;corkscrew;4750;;0.9256842105263158;0.8203358208955224;0.9256842105263158;0.8698318496538081;4397;963;353
268;Mexican_hairless;4750;;0.9109473684210526;0.8317954632833525;0.9109473684210526;0.8695739549839229;4327;875;423
190;Sealyham_terrier;4750;;0.9231578947368421;0.8214687148744848;0.9231578947368421;0.8693497224425059;4385;953;365
807;solar_dish;4750;;0.8661052631578947;0.8723494486853266;0.8661052631578947;0.8692161419818297;4114;602;636
165;black-and-tan_coonhound;4750;;0.8351578947368421;0.9057077625570776;0.8351578947368421;0.8690032858707558;3967;413;783
220;Sussex_spaniel;4750;;0.7858947368421053;0.9716293597084852;0.7858947368421053;0.8689478584729983;3733;109;1017
173;Ibizan_hound;4750;;0.8585263157894737;0.8794479189130904;0.8585263157894737;0.8688611910088421;4078;559;672
122;American_lobster;4750;;0.8616842105263158;0.8749465583582727;0.8616842105263158;0.8682647433177768;4093;585;657
577;gong;4750;;0.9368421052631579;0.8089438283948372;0.9368421052631579;0.8682079797092968;4450;1051;300
817;sports_car;4750;;0.8168421052631579;0.9262353783719265;0.8168421052631579;0.8681060521311109;3880;309;870
352;impala;4750;;0.8762105263157894;0.8600950609630089;0.8762105263157894;0.8680780060485974;4162;677;588
994;stinkhorn;4750;;0.892;0.8448654037886341;0.892;0.8677931387608807;4237;778;513
641;maraca;4750;;0.9437894736842105;0.8031171623074167;0.9437894736842105;0.867789392179636;4483;1099;267
959;carbonara;4750;;0.8012631578947368;0.9451204370499131;0.8012631578947368;0.8672667198359348;3806;221;944
587;hammer;4750;;0.8221052631578948;0.917312661498708;0.8221052631578948;0.8671033640501833;3905;352;845
780;schooner;4750;;0.8903157894736842;0.8444488817891374;0.8903157894736842;0.8667759786841566;4229;779;521
714;pick;4750;;0.9370526315789474;0.8061945299764536;0.9370526315789474;0.8667121020348555;4451;1070;299
922;menu;4750;;0.7856842105263158;0.9663386846193682;0.7856842105263158;0.866697631212262;3732;130;1018
827;stove;4750;;0.8269473684210527;0.9096804075961094;0.8269473684210527;0.8663431848257609;3928;390;822
659;mixing_bowl;4750;;0.8949473684210526;0.83928923988154;0.8949473684210526;0.866225165562914;4251;814;499
149;dugong;4750;;0.7901052631578948;0.9576422556774687;0.7901052631578948;0.8658438112815781;3753;166;997
866;tractor;4750;;0.924;0.8138327461524199;0.924;0.8654244306418221;4389;1004;361
776;sax;4750;;0.7764210526315789;0.9772125066242713;0.7764210526315789;0.8653214453308304;3688;86;1062
541;drum;4750;;0.848;0.8831396623547467;0.848;0.8652131887015357;4028;533;722
838;sunscreen;4750;;0.7812631578947369;0.968929503916449;0.7812631578947369;0.865034965034965;3711;119;1039
455;bottlecap;4750;;0.8454736842105263;0.8853615520282186;0.8454736842105263;0.8649580012922679;4016;520;734
399;abaya;4750;;0.8976842105263158;0.8333007621653312;0.8976842105263158;0.8642951251646903;4264;853;486
572;goblet;4750;;0.8328421052631579;0.897662809167234;0.8328421052631579;0.864038440537294;3956;451;794
651;microwave;4750;;0.8298947368421052;0.9008226691042047;0.8298947368421052;0.863905325443787;3942;434;808
1;goldfish;4750;;0.8890526315789473;0.8400636562562165;0.8890526315789473;0.8638641710136034;4223;804;527
176;Saluki;4750;;0.8433684210526315;0.8853038674033149;0.8433684210526315;0.8638274932614556;4006;519;744
801;snorkel;4750;;0.8572631578947368;0.8704574604531852;0.8572631578947368;0.8638099278744167;4072;606;678
366;gorilla;4750;;0.8035789473684211;0.9337084148727984;0.8035789473684211;0.8637700837293506;3817;271;933
234;Rottweiler;4750;;0.8381052631578947;0.8904048311339745;0.8381052631578947;0.8634638325561218;3981;490;769
79;centipede;4750;;0.8661052631578947;0.8606694560669456;0.8661052631578947;0.8633788037775445;4114;666;636
154;Pekinese;4750;;0.7711578947368422;0.9804603854389722;0.7711578947368422;0.8633042658496347;3663;73;1087
104;wallaby;4750;;0.844;0.8828451882845189;0.844;0.8629856850715746;4009;532;741
724;pirate;4750;;0.8694736842105263;0.8563134978229318;0.8694736842105263;0.8628434137678889;4130;693;620
261;keeshond;4750;;0.9128421052631579;0.8178046020369671;0.9128421052631579;0.8627138877835256;4336;966;414
963;pizza;4750;;0.8412631578947368;0.8848538529672276;0.8412631578947368;0.8625080941074896;3996;520;754
414;backpack;4750;;0.7949473684210526;0.9423508859495883;0.7949473684210526;0.8623957976475961;3776;231;974
622;lens_cap;4750;;0.7941052631578948;0.943471735867934;0.7941052631578948;0.862368541380887;3772;226;978
544;Dutch_oven;4750;;0.8305263157894737;0.8965909090909091;0.8305263157894737;0.8622950819672132;3945;455;805
792;shovel;4750;;0.8103157894736842;0.921254188606989;0.8103157894736842;0.8622311827956989;3849;329;901
741;prayer_rug;4750;;0.8997894736842105;0.8274927395934172;0.8997894736842105;0.8621280887544124;4274;891;476
20;water_ouzel;4750;;0.8587368421052631;0.8649279050042409;0.8587368421052631;0.861821255017959;4079;637;671
224;groenendael;4750;;0.8530526315789474;0.8706489041684572;0.8530526315789474;0.8617609527860485;4052;602;698
836;sunglass;4750;;0.8010526315789473;0.9323695172751777;0.8010526315789473;0.8617370626203148;3805;276;945
892;wall_clock;4750;;0.856421052631579;0.866822927764756;0.856421052631579;0.8615905962088319;4068;625;682
880;unicycle;4750;;0.9170526315789473;0.8123834390152928;0.9170526315789473;0.8615506329113924;4356;1006;394
451;bolo_tie;4750;;0.9294736842105263;0.8027272727272727;0.9294736842105263;0.8614634146341464;4415;1085;335
134;crane;4750;;0.8096842105263158;0.9178997613365155;0.8096842105263158;0.8604026845637585;3846;344;904
634;lumbermill;4750;;0.8134736842105263;0.912396694214876;0.8134736842105263;0.8601001669449082;3864;371;886
94;hummingbird;4750;;0.968421052631579;0.7734992433159577;0.968421052631579;0.8600542208095728;4600;1347;150
192;cairn;4750;;0.8267368421052631;0.8961661341853036;0.8267368421052631;0.8600525624178712;3927;455;823
679;necklace;4750;;0.9052631578947369;0.8188916396876785;0.9052631578947369;0.8599140085991401;4300;951;450
966;red_wine;4750;;0.8507368421052631;0.8680988184747583;0.8507368421052631;0.8593301435406698;4041;614;709
486;cello;4750;;0.8343157894736842;0.885586592178771;0.8343157894736842;0.8591869918699188;3963;512;787
793;shower_cap;4750;;0.8418947368421053;0.8769736842105263;0.8418947368421053;0.859076262083781;3999;561;751
27;eft;4750;;0.8181052631578948;0.9043518734000465;0.8181052631578948;0.8590693047419034;3886;411;864
121;king_crab;4750;;0.828;0.8922413793103449;0.828;0.8589211618257261;3933;475;817
929;ice_lolly;4750;;0.8292631578947368;0.8905720099479991;0.8292631578947368;0.8588248119481086;3939;484;811
839;suspension_bridge;4750;;0.8496842105263158;0.8681436868143687;0.8496842105263158;0.8588147675284604;4036;613;714
82;ruffed_grouse;4750;;0.872;0.8449612403100775;0.872;0.858267716535433;4142;760;608
252;affenpinscher;4750;;0.8821052631578947;0.8354935194416749;0.8821052631578947;0.8581669226830516;4190;825;560
631;lotion;4750;;0.8157894736842105;0.9041063929071396;0.8157894736842105;0.8576803895528996;3875;411;875
762;restaurant;4750;;0.8353684210526315;0.8807991120976693;0.8353684210526315;0.8574824419232847;3968;537;782
914;yawl;4750;;0.8208421052631579;0.8969404186795491;0.8208421052631579;0.8572056721996263;3899;448;851
492;chest;4750;;0.8410526315789474;0.8737970253718286;0.8410526315789474;0.8571122076807551;3995;577;755
242;boxer;4750;;0.7526315789473684;0.9952672605790646;0.7526315789473684;0.8571086070486694;3575;17;1175
882;vacuum;4750;;0.8541052631578947;0.8593518322389324;0.8541052631578947;0.8567205152571006;4057;664;693
729;plate_rack;4750;;0.8103157894736842;0.9086402266288952;0.8103157894736842;0.8566659247718673;3849;387;901
379;howler_monkey;4750;;0.8065263157894736;0.913447782546495;0.8065263157894736;0.8566636851520572;3831;363;919
120;fiddler_crab;4750;;0.8090526315789474;0.9100165758939143;0.8090526315789474;0.8565697091273821;3843;380;907
203;West_Highland_white_terrier;4750;;0.8608421052631579;0.8522300958732806;0.8608421052631579;0.8565144532886468;4089;709;661
75;black_widow;4750;;0.8694736842105263;0.8438904781364936;0.8694736842105263;0.8564910825383658;4130;764;620
102;echidna;4750;;0.8442105263157895;0.8690940615517989;0.8442105263157895;0.8564715933361813;4010;604;740
912;worm_fence;4750;;0.8901052631578947;0.825136612021858;0.8901052631578947;0.856390520559044;4228;896;522
996;hen-of-the-woods;4750;;0.8221052631578948;0.8935926773455377;0.8221052631578948;0.856359649122807;3905;465;845
551;face_powder;4750;;0.8650526315789474;0.847740870641634;0.8650526315789474;0.8563092633114514;4109;738;641
813;spatula;4750;;0.8018947368421052;0.9184952978056427;0.8018947368421052;0.8562436776441498;3809;338;941
65;sea_snake;4750;;0.7945263157894736;0.9281849483521889;0.7945263157894736;0.8561705989110707;3774;292;976
579;grand_piano;4750;;0.8216842105263158;0.8935439560439561;0.8216842105263158;0.85610879578855;3903;465;847
472;canoe;4750;;0.9671578947368421;0.7678422196222631;0.9671578947368421;0.8560514301686388;4594;1389;156
397;puffer;4750;;0.7629473684210526;0.9749798224374495;0.7629473684210526;0.8560292901854257;3624;93;1126
38;banded_gecko;4750;;0.8372631578947368;0.8752200704225352;0.8372631578947368;0.8558209597589843;3977;567;773
857;throne;4750;;0.9282105263157895;0.7936993699369937;0.9282105263157895;0.8557011159631247;4409;1146;341
209;Chesapeake_Bay_retriever;4750;;0.8010526315789473;0.9179734620024126;0.8010526315789473;0.8555368184373243;3805;340;945
506;coil;4750;;0.8526315789473684;0.8582326764144946;0.8526315789473684;0.8554229591297919;4050;669;700
713;photocopier;4750;;0.8732631578947369;0.8381491210345524;0.8732631578947369;0.8553459119496856;4148;801;602
846;table_lamp;4750;;0.9138947368421053;0.803591262495372;0.9138947368421053;0.8552009456264775;4341;1061;409
493;chiffonier;4750;;0.8042105263157895;0.9125656951743908;0.8042105263157895;0.8549686660698299;3820;366;930
595;harvester;4750;;0.8328421052631579;0.8779405237461163;0.8328421052631579;0.8547968885047537;3956;550;794
276;hyena;4750;;0.904;0.8103415738818645;0.904;0.8546123992437058;4294;1005;456
438;beaker;4750;;0.7837894736842105;0.939439818319455;0.7837894736842105;0.8545851027200735;3723;240;1027
675;moving_van;4750;;0.7532631578947369;0.9870344827586207;0.7532631578947369;0.8544477611940299;3578;47;1172
344;hippopotamus;4750;;0.7467368421052631;0.9974690663667042;0.7467368421052631;0.8540813869491933;3547;9;1203
219;cocker_spaniel;4750;;0.7707368421052632;0.9576249019094951;0.7707368421052632;0.8540767525953575;3661;162;1089
760;refrigerator;4750;;0.7995789473684211;0.9165057915057915;0.7995789473684211;0.8540589161232292;3798;346;952
433;bathing_cap;4750;;0.863578947368421;0.8443804034582133;0.863578947368421;0.853871773522065;4102;756;648
231;collie;4750;;0.8351578947368421;0.8734037868780273;0.8351578947368421;0.853852776582006;3967;575;783
753;radiator;4750;;0.8551578947368421;0.8513938377698596;0.8551578947368421;0.853271715155971;4062;709;688
747;punching_bag;4750;;0.8349473684210527;0.8722234440290302;0.8349473684210527;0.8531784446595676;3966;581;784
791;shopping_cart;4750;;0.8812631578947369;0.8267825399960498;0.8812631578947369;0.8531539794150617;4186;877;564
171;Italian_greyhound;4750;;0.7882105263157895;0.9297243605661782;0.7882105263157895;0.8531388857240515;3744;283;1006
453;bookcase;4750;;0.8395789473684211;0.8669565217391304;0.8395789473684211;0.853048128342246;3988;612;762
951;lemon;4750;;0.8166315789473684;0.8925448688449149;0.8166315789473684;0.8529023746701846;3879;467;871
151;Chihuahua;4750;;0.7738947368421053;0.9488900361383583;0.7738947368421053;0.852504638218924;3676;198;1074
964;potpie;4750;;0.8231578947368421;0.8840153741804205;0.8231578947368421;0.8525019077728114;3910;513;840
930;French_loaf;4750;;0.7806315789473685;0.9384965831435079;0.7806315789473685;0.8523158257671533;3708;243;1042
434;bath_towel;4750;;0.8197894736842105;0.8870159453302962;0.8197894736842105;0.8520787746170678;3894;496;856
437;beacon;4750;;0.8661052631578947;0.8383941308335031;0.8661052631578947;0.8520244382313347;4114;793;636
228;komondor;4750;;0.8667368421052631;0.8376398779247203;0.8667368421052631;0.8519399896533885;4117;798;633
743;prison;4750;;0.9027368421052632;0.8063181647235803;0.9027368421052632;0.8518077075883989;4288;1030;462
749;quill;4750;;0.8250526315789474;0.8794883303411131;0.8250526315789474;0.8514012600477949;3919;537;831
205;flat-coated_retriever;4750;;0.7865263157894736;0.927737770052148;0.7865263157894736;0.8513159393870342;3736;291;1014
128;black_stork;4750;;0.9324210526315789;0.7830622347949081;0.9324210526315789;0.8512396694214877;4429;1227;321
489;chainlink_fence;4750;;0.8783157894736842;0.8253214638971316;0.8783157894736842;0.8509943906170321;4172;883;578
939;zucchini;4750;;0.779578947368421;0.9365199797673243;0.779578947368421;0.850873161764706;3703;251;1047
172;whippet;4750;;0.880421052631579;0.8225806451612904;0.880421052631579;0.8505186089078707;4182;902;568
998;ear;4750;;0.8010526315789473;0.9061681352703025;0.8010526315789473;0.8503743435020673;3805;394;945
393;anemone_fish;4750;;0.768;0.9522317932654659;0.768;0.8502505535485375;3648;183;1102
53;ringneck_snake;4750;;0.7852631578947369;0.9267080745341615;0.7852631578947369;0.8501424501424502;3730;295;1020
41;whiptail;4750;;0.832;0.868762365355023;0.832;0.8499838692332509;3952;597;798
39;common_iguana;4750;;0.7888421052631579;0.9213179247602655;0.7888421052631579;0.8499489622320517;3747;320;1003
223;schipperke;4750;;0.7936842105263158;0.9146045608927705;0.7936842105263158;0.8498647430117222;3770;352;980
147;grey_whale;4750;;0.8861052631578947;0.8163304887509697;0.8861052631578947;0.8497880072683223;4209;947;541
443;bib;4750;;0.8286315789473684;0.871953921134249;0.8286315789473684;0.849740932642487;3936;578;814
980;volcano;4750;;0.8482105263157895;0.8507179054054054;0.8482105263157895;0.8494623655913979;4029;707;721
436;beach_wagon;4750;;0.863578947368421;0.8356080668160522;0.863578947368421;0.8493632881250647;4102;807;648
150;sea_lion;4750;;0.8096842105263158;0.8925504757484335;0.8096842105263158;0.849100342201126;3846;463;904
564;four-poster;4750;;0.9130526315789473;0.7934504207830223;0.9130526315789473;0.8490602975724354;4337;1129;413
211;vizsla;4750;;0.8492631578947368;0.8480134538574732;0.8492631578947368;0.8486378457978332;4034;723;716
725;pitcher;4750;;0.8810526315789474;0.8185018580089967;0.8810526315789474;0.8486261786474704;4185;928;565
600;hook;4750;;0.7823157894736842;0.9269144425043652;0.7823157894736842;0.8484986870647334;3716;293;1034
690;oxcart;4750;;0.8730526315789474;0.824617220123285;0.8730526315789474;0.8481439820022497;4147;882;603
332;Angora;4750;;0.8751578947368421;0.822679596279438;0.8751578947368421;0.8481077221258798;4157;896;593
769;rule;4750;;0.8151578947368421;0.8836147877681424;0.8151578947368421;0.8480070083223828;3872;510;878
320;damselfly;4750;;0.8936842105263157;0.8059616479969622;0.8936842105263157;0.8475591494459418;4245;1022;505
758;reel;4750;;0.8741052631578947;0.8225039619651348;0.8741052631578947;0.8475199020208206;4152;896;598
584;hair_slide;4750;;0.8578947368421053;0.8372714197657695;0.8578947368421053;0.8474576271186441;4075;792;675
883;vase;4750;;0.867578947368421;0.8281752411575563;0.867578947368421;0.847419288505038;4121;855;629
81;ptarmigan;4750;;0.8252631578947368;0.8707241226121724;0.8252631578947368;0.8473843493298745;3920;582;830
772;safety_pin;4750;;0.7667368421052632;0.9469578783151326;0.7667368421052632;0.8473708701721732;3642;204;1108
349;bighorn;4750;;0.8309473684210527;0.8644327639071397;0.8309473684210527;0.8473593817088879;3947;619;803
734;police_van;4750;;0.875578947368421;0.8206393054459353;0.875578947368421;0.8472193929517213;4159;909;591
159;Rhodesian_ridgeback;4750;;0.8454736842105263;0.848869160853942;0.8454736842105263;0.8471680202510282;4016;715;734
161;basset;4750;;0.8574736842105263;0.8370324702013975;0.8574736842105263;0.8471297836938436;4073;793;677
408;amphibian;4750;;0.8208421052631579;0.8740192781887469;0.8208421052631579;0.846596460753447;3899;562;851
898;water_bottle;4750;;0.787578947368421;0.9151174168297456;0.787578947368421;0.846571622539036;3741;347;1009
343;warthog;4750;;0.8107368421052632;0.8856945722171113;0.8107368421052632;0.8465596834469115;3851;497;899
155;Shih-Tzu;4750;;0.808;0.888837424733673;0.808;0.8464931627701808;3838;480;912
586;half_track;4750;;0.8591578947368421;0.8340486409155937;0.8591578947368421;0.8464170901171835;4081;812;669
80;black_grouse;4750;;0.9206315789473685;0.783270643023464;0.9206315789473685;0.8464144004645311;4373;1210;377
484;catamaran;4750;;0.7534736842105263;0.9644300727566694;0.7534736842105263;0.845999290863964;3579;132;1171
638;maillot;4750;;0.791578947368421;0.9079932383482251;0.791578947368421;0.8457991227083568;3760;381;990
409;analog_clock;4750;;0.8311578947368421;0.8608809419973833;0.8311578947368421;0.845758354755784;3948;638;802
969;eggnog;4750;;0.7513684210526316;0.9669466269303711;0.7513684210526316;0.8456344035066935;3569;122;1181
630;Loafer;4750;;0.8515789473684211;0.8395599833955998;0.8515789473684211;0.8455267558528428;4045;773;705
487;cellular_telephone;4750;;0.8983157894736842;0.7984655688622755;0.8983157894736842;0.8454527442044779;4267;1077;483
221;Irish_water_spaniel;4750;;0.9006315789473684;0.7963514519731943;0.9006315789473684;0.8452874925903971;4278;1094;472
348;ram;4750;;0.7791578947368422;0.9234031936127745;0.7791578947368422;0.8451701301667047;3701;307;1049
413;assault_rifle;4750;;0.8842105263157894;0.8094045095394103;0.8842105263157894;0.8451554482342287;4200;989;550
353;gazelle;4750;;0.7825263157894737;0.9184581171237954;0.7825263157894737;0.8450608161873366;3717;330;1033
405;airship;4750;;0.7686315789473684;0.938319198149576;0.7686315789473684;0.845041083207962;3651;240;1099
274;dhole;4750;;0.8991578947368422;0.7969770479567083;0.8991578947368422;0.8449896132159461;4271;1088;479
861;toilet_seat;4750;;0.8557894736842105;0.8341883849784527;0.8557894736842105;0.8448508781045412;4065;808;685
28;spotted_salamander;4750;;0.8208421052631579;0.8695361284567351;0.8208421052631579;0.8444877626164176;3899;585;851
697;pajama;4750;;0.872;0.8185770750988143;0.872;0.8444444444444444;4142;918;608
881;upright;4750;;0.8570526315789474;0.8321749795584628;0.8570526315789474;0.8444306160547603;4071;821;679
180;American_Staffordshire_terrier;4750;;0.8267368421052631;0.8628872775214239;0.8267368421052631;0.8444253306096118;3927;624;823
520;crib;4750;;0.8431578947368421;0.8438685208596713;0.8431578947368421;0.8435130581297388;4005;741;745
618;ladle;4750;;0.7873684210526316;0.9079873755765963;0.7873684210526316;0.8433870785883415;3740;379;1010
960;chocolate_sauce;4750;;0.7772631578947369;0.9216175736395407;0.7772631578947369;0.8433074463225217;3692;314;1058
992;agaric;4750;;0.904;0.7896285399043766;0.904;0.8429524931291716;4294;1144;456
342;wild_boar;4750;;0.7724210526315789;0.9269833249115715;0.7724210526315789;0.8426734037666513;3669;289;1081
331;hare;4750;;0.8490526315789474;0.8362015343147419;0.8490526315789474;0.8425780841951321;4033;790;717
48;Komodo_dragon;4750;;0.7456842105263158;0.9674952198852772;0.7456842105263158;0.8422304125549874;3542;119;1208
940;spaghetti_squash;4750;;0.783578947368421;0.9100244498777507;0.783578947368421;0.8420814479638009;3722;368;1028
177;Scottish_deerhound;4750;;0.884;0.803944093432893;0.884;0.8420735987165348;4199;1024;551
531;digital_watch;4750;;0.8545263157894737;0.8297219950940311;0.8545263157894737;0.8419415059116365;4059;833;691
581;grille;4750;;0.8442105263157895;0.8396147403685092;0.8442105263157895;0.8419063615368466;4010;766;740
480;cash_machine;4750;;0.8496842105263158;0.8338842975206612;0.8496842105263158;0.8417101147028154;4036;804;714
422;barbell;4750;;0.8673684210526316;0.8174603174603174;0.8673684210526316;0.8416751787538304;4120;920;630
709;pencil_box;4750;;0.7730526315789473;0.9233090269047021;0.7730526315789473;0.841526297696803;3672;305;1078
773;saltshaker;4750;;0.9084210526315789;0.7835482113673506;0.9084210526315789;0.8413766208443013;4315;1192;435
652;military_uniform;4750;;0.7743157894736842;0.9206508135168961;0.7743157894736842;0.8411663807890223;3678;317;1072
464;buckle;4750;;0.7901052631578948;0.8987068965517241;0.7901052631578948;0.8409141832847861;3753;423;997
899;water_jug;4750;;0.7387368421052631;0.9758064516129032;0.7387368421052631;0.8408818595734484;3509;87;1241
194;Dandie_Dinmont;4750;;0.8732631578947369;0.81015625;0.8732631578947369;0.8405268490374873;4148;972;602
809;soup_bowl;4750;;0.7458947368421053;0.9622487778381315;0.7458947368421053;0.840370018975332;3543;139;1207
334;porcupine;4750;;0.8042105263157895;0.8795763297259959;0.8042105263157895;0.8402067524469372;3820;523;930
847;tank;4750;;0.8349473684210527;0.8454487316137285;0.8349473684210527;0.8401652367333969;3966;725;784
632;loudspeaker;4750;;0.8077894736842105;0.875228102189781;0.8077894736842105;0.8401576527260783;3837;547;913
467;butcher_shop;4750;;0.8663157894736843;0.8154974237019421;0.8663157894736843;0.8401388321763985;4115;931;635
415;bakery;4750;;0.767578947368421;0.927735368956743;0.767578947368421;0.8400921658986176;3646;284;1104
975;lakeside;4750;;0.7713684210526316;0.9219929542023151;0.7713684210526316;0.8399816597890877;3664;310;1086
335;fox_squirrel;4750;;0.759578947368421;0.9386056191467221;0.759578947368421;0.839655573656039;3608;236;1142
407;ambulance;4750;;0.8650526315789474;0.8154395713435205;0.8650526315789474;0.8395137399121464;4109;930;641
750;quilt;4750;;0.8353684210526315;0.8435374149659864;0.8353684210526315;0.8394330442140893;3968;736;782
249;malamute;4750;;0.8275789473684211;0.8514186701321205;0.8275789473684211;0.8393295612255791;3931;686;819
118;Dungeness_crab;4750;;0.7762105263157895;0.9133019568986871;0.7762105263157895;0.8391942642540116;3687;350;1063
29;axolotl;4750;;0.852421052631579;0.8248115705846405;0.852421052631579;0.8383890671912206;4049;860;701
164;bluetick;4750;;0.8406315789473684;0.8353556485355649;0.8406315789473684;0.8379853095487932;3993;787;757
925;consomme;4750;;0.8254736842105264;0.8505422993492407;0.8254736842105264;0.8378205128205128;3921;689;829
876;tub;4750;;0.7671578947368421;0.9227652570270954;0.7671578947368421;0.8377974479825266;3644;305;1106
185;Norfolk_terrier;4750;;0.7823157894736842;0.9012854717438759;0.7823157894736842;0.8375972050039446;3716;407;1034
683;oboe;4750;;0.8751578947368421;0.8029746957697508;0.8751578947368421;0.8375138511131258;4157;1020;593
785;seat_belt;4750;;0.8572631578947368;0.8183279742765274;0.8572631578947368;0.8373432037836727;4072;904;678
311;grasshopper;4750;;0.8343157894736842;0.8401526393894424;0.8343157894736842;0.8372240414069927;3963;754;787
570;gasmask;4750;;0.8907368421052632;0.7892184293975004;0.8907368421052632;0.8369102957175354;4231;1130;519
983;scuba_diver;4750;;0.887578947368421;0.7912912912912913;0.887578947368421;0.8366739432427068;4216;1112;534
942;butternut_squash;4750;;0.7530526315789474;0.9410681399631676;0.7530526315789474;0.8366272950532102;3577;224;1173
462;broom;4750;;0.7585263157894737;0.9324534161490683;0.7585263157894737;0.8365451590434178;3603;261;1147
533;dishrag;4750;;0.7938947368421052;0.8839662447257384;0.7938947368421052;0.8365128660159715;3771;495;979
962;meat_loaf;4750;;0.8145263157894737;0.8586329338659565;0.8145263157894737;0.8359982713915298;3869;637;881
655;miniskirt;4750;;0.8743157894736842;0.8003468876469455;0.8743157894736842;0.8356977563135124;4153;1036;597
965;burrito;4750;;0.7877894736842105;0.8896814075130766;0.7877894736842105;0.8356409111210361;3742;464;1008
972;cliff;4750;;0.7793684210526316;0.9002918287937743;0.7793684210526316;0.8354773188896412;3702;410;1048
935;mashed_potato;4750;;0.8187368421052632;0.8515436829428509;0.8187368421052632;0.834818074487496;3889;678;861
692;packet;4750;;0.8029473684210526;0.8691886964448496;0.8029473684210526;0.8347559641059312;3814;574;936
744;projectile;4750;;0.7901052631578948;0.8847241867043847;0.7901052631578948;0.8347419928825622;3753;489;997
970;alp;4750;;0.756421052631579;0.9308290155440414;0.756421052631579;0.8346109175377469;3593;267;1157
735;poncho;4750;;0.9010526315789473;0.7771926638823315;0.9010526315789473;0.8345520132592374;4280;1227;470
166;Walker_hound;4750;;0.7303157894736843;0.97334455667789;0.7303157894736843;0.8344960307914362;3469;95;1281
787;shield;4750;;0.8082105263157895;0.8623090745732255;0.8082105263157895;0.8343838296022603;3839;613;911
950;orange;4750;;0.787578947368421;0.8864928909952606;0.787578947368421;0.834113712374582;3741;479;1009
748;purse;4750;;0.7265263157894737;0.977897421365826;0.7265263157894737;0.8336755646817249;3451;78;1299
842;swimming_trunks;4750;;0.9056842105263158;0.7720746590093324;0.9056842105263158;0.8335593877155589;4302;1270;448
367;chimpanzee;4750;;0.8566315789473684;0.8116896070217434;0.8566315789473684;0.833555259653795;4069;944;681
567;frying_pan;4750;;0.7591578947368421;0.9239046887009992;0.7591578947368421;0.8334681613313302;3606;297;1144
36;terrapin;4750;;0.7734736842105263;0.9027027027027027;0.7734736842105263;0.8331065759637188;3674;396;1076
869;trench_coat;4750;;0.8391578947368421;0.8262852404643449;0.8391578947368421;0.8326718195111761;3986;838;764
368;gibbon;4750;;0.8111578947368421;0.8541343382841942;0.8111578947368421;0.8320915667854444;3853;658;897
302;ground_beetle;4750;;0.7446315789473684;0.9426972281449894;0.7446315789473684;0.8320395201129146;3537;215;1213
477;carpenter's_kit;4750;;0.860421052631579;0.8050029545006894;0.860421052631579;0.8317899664190496;4087;990;663
987;corn;4750;;0.8046315789473685;0.8602295746117489;0.8046315789473685;0.8315022299575765;3822;621;928
902;whistle;4750;;0.9326315789473684;0.7495769881556683;0.9326315789473684;0.8311444652908067;4430;1480;320
754;radio;4750;;0.7454736842105263;0.9382617912029677;0.7454736842105263;0.8308305959643361;3541;233;1209
943;cucumber;4750;;0.8618947368421053;0.8014878621769773;0.8618947368421053;0.8305944410630959;4094;1014;656
250;Siberian_husky;4750;;0.7486315789473684;0.9321100917431193;0.7486315789473684;0.8303561004086398;3556;259;1194
488;chain;4750;;0.7631578947368421;0.9103465595178303;0.7631578947368421;0.8302794319743473;3625;357;1125
295;American_black_bear;4750;;0.7764210526315789;0.892114175133043;0.7764210526315789;0.830256641152634;3688;446;1062
315;mantis;4750;;0.7978947368421052;0.8650992923989956;0.7978947368421052;0.8301390866279705;3790;591;960
501;cloak;4750;;0.8031578947368421;0.8588473660513283;0.8031578947368421;0.8300696257615318;3815;627;935
557;flagpole;4750;;0.8903157894736842;0.7771040058801911;0.8903157894736842;0.8298665620094191;4229;1213;521
589;hand_blower;4750;;0.8496842105263158;0.810604539064069;0.8496842105263158;0.829684448555864;4036;943;714
669;mosquito_net;4750;;0.8421052631578947;0.8166598611678236;0.8421052631578947;0.8291873963515753;4000;898;750
976;promontory;4750;;0.7995789473684211;0.8610292450691454;0.7995789473684211;0.8291671214932869;3798;613;952
416;balance_beam;4750;;0.9084210526315789;0.7614257984824422;0.9084210526315789;0.8284534894883362;4315;1352;435
798;slide_rule;4750;;0.7326315789473684;0.9529025191675794;0.7326315789473684;0.8283741966198523;3480;172;1270
730;plow;4750;;0.8275789473684211;0.8291499683611052;0.8275789473684211;0.8283637129912549;3931;810;819
562;fountain;4750;;0.9147368421052632;0.7560466330259266;0.9147368421052632;0.8278555777841289;4345;1402;405
808;sombrero;4750;;0.8585263157894737;0.7989811912225705;0.8585263157894737;0.8276841891617617;4078;1026;672
658;mitten;4750;;0.8682105263157894;0.7900383141762453;0.8682105263157894;0.8272818455366099;4124;1096;626
237;miniature_pinscher;4750;;0.8368421052631579;0.8175647881530235;0.8368421052631579;0.8270911360799003;3975;887;775
502;clog;4750;;0.8250526315789474;0.8288917089678511;0.8250526315789474;0.8269677147077443;3919;809;831
197;giant_schnauzer;4750;;0.7850526315789473;0.8735066760365425;0.7850526315789473;0.8269209446723583;3729;540;1021
123;spiny_lobster;4750;;0.7362105263157894;0.94030653401452;0.7362105263157894;0.825835399692998;3497;222;1253
913;wreck;4750;;0.8315789473684211;0.819672131147541;0.8315789473684211;0.8255826105131153;3950;869;800
542;drumstick;4750;;0.8086315789473684;0.8430640913081651;0.8086315789473684;0.8254889318719105;3841;715;909
894;wardrobe;4750;;0.84;0.811470408785845;0.84;0.8254887762490949;3990;927;760
199;Scotch_terrier;4750;;0.7707368421052632;0.8885922330097087;0.7707368421052632;0.825479143179256;3661;459;1089
257;Great_Pyrenees;4750;;0.7391578947368421;0.934025006650705;0.7391578947368421;0.8252438594429429;3511;248;1239
187;Yorkshire_terrier;4750;;0.7498947368421053;0.9166237776634071;0.7498947368421053;0.8249189439555349;3562;324;1188
336;marmot;4750;;0.896;0.7639562017591097;0.896;0.8247262862125764;4256;1315;494
705;passenger_car;4750;;0.7362105263157894;0.9372822299651568;0.7362105263157894;0.8246669024879141;3497;234;1253
696;paintbrush;4750;;0.8143157894736842;0.8348802072091518;0.8143157894736842;0.8244697857827987;3868;765;882
718;pier;4750;;0.7757894736842105;0.8790553435114504;0.7757894736842105;0.8242004025944979;3685;507;1065
43;frilled_lizard;4750;;0.7496842105263158;0.9149537512846866;0.7496842105263158;0.8241147882434622;3561;331;1189
537;dogsled;4750;;0.9545263157894737;0.7249760153501759;0.9545263157894737;0.8240639767357325;4534;1720;216
499;cleaver;4750;;0.7368421052631579;0.9340805978115826;0.7368421052631579;0.8238201718253502;3500;247;1250
590;hand-held_computer;4750;;0.7446315789473684;0.9218139171227522;0.7446315789473684;0.8238034237801328;3537;300;1213
112;conch;4750;;0.7738947368421053;0.8796362766212013;0.7738947368421053;0.8233844775450778;3676;503;1074
513;cornet;4750;;0.7448421052631579;0.9203954214360042;0.7448421052631579;0.8233651384686991;3538;306;1212
378;capuchin;4750;;0.8231578947368421;0.8233312276268688;0.8231578947368421;0.8232445520581114;3910;839;840
424;barbershop;4750;;0.7936842105263158;0.8535204890196967;0.7936842105263158;0.8225155448892767;3770;647;980
200;Tibetan_terrier;4750;;0.7126315789473684;0.972421717897156;0.7126315789473684;0.822500303729802;3385;96;1365
204;Lhasa;4750;;0.7505263157894737;0.9096708343965297;0.7505263157894737;0.8224708732264391;3565;354;1185
928;ice_cream;4750;;0.788;0.8598667585573168;0.788;0.8223662528836647;3743;610;1007
596;hatchet;4750;;0.8326315789473684;0.8117816091954023;0.8326315789473684;0.8220744128039907;3955;917;795
889;violin;4750;;0.7926315789473685;0.8537414965986394;0.7926315789473685;0.8220524017467249;3765;645;985
867;trailer_truck;4750;;0.9378947368421052;0.7315270935960592;0.9378947368421052;0.8219557195571957;4455;1635;295
498;cinema;4750;;0.8623157894736843;0.7849750862399387;0.8623157894736843;0.8218298555377208;4096;1122;654
280;grey_fox;4750;;0.8073684210526316;0.8367881300458215;0.8073684210526316;0.8218150648237437;3835;748;915
229;Old_English_sheepdog;4750;;0.9166315789473685;0.7445280437756497;0.9166315789473685;0.8216644649933951;4354;1494;396
844;switch;4750;;0.8273684210526315;0.8133278145695364;0.8273684210526315;0.8202880400751408;3930;902;820
188;wire-haired_fox_terrier;4750;;0.8541052631578947;0.7889926098794243;0.8541052631578947;0.8202587949858472;4057;1085;693
905;window_shade;4750;;0.8075789473684211;0.8330076004343105;0.8075789473684211;0.8200962052378408;3836;769;914
997;bolete;4750;;0.9345263157894736;0.7305793285055958;0.9345263157894736;0.820062811749492;4439;1637;311
468;cab;4750;;0.8825263157894737;0.765662100456621;0.8825263157894737;0.8199511002444987;4192;1283;558
968;cup;4750;;0.760421052631579;0.8887795275590551;0.760421052631579;0.8196051735874744;3612;452;1138
299;meerkat;4750;;0.868421052631579;0.7759593679458239;0.868421052631579;0.8195907013709517;4125;1191;625
2;great_white_shark;4750;;0.7711578947368422;0.8744330389114348;0.7711578947368422;0.8195547600402731;3663;526;1087
105;koala;4750;;0.8442105263157895;0.795950774116713;0.8442105263157895;0.8193706579485085;4010;1028;740
345;ox;4750;;0.6964210526315789;0.9948872180451128;0.6964210526315789;0.8193188854489164;3308;17;1442
864;tow_truck;4750;;0.8450526315789474;0.7943795764892143;0.8450526315789474;0.8189329797000919;4014;1039;736
42;agama;4750;;0.8258947368421052;0.8120471951976816;0.8258947368421052;0.8189124308527294;3923;908;827
910;wooden_spoon;4750;;0.8427368421052631;0.79629998010742;0.8427368421052631;0.8188605911833896;4003;1024;747
37;box_turtle;4750;;0.747578947368421;0.9040224032586558;0.747578947368421;0.8183913344088499;3551;377;1199
337;beaver;4750;;0.7037894736842105;0.9763434579439252;0.7037894736842105;0.8179593834108148;3343;81;1407
278;kit_fox;4750;;0.816;0.8191039729501268;0.816;0.8175490402868593;3876;856;874
314;cockroach;4750;;0.7210526315789474;0.943786166988151;0.7210526315789474;0.8175199904523214;3425;204;1325
505;coffeepot;4750;;0.8517894736842105;0.785631067961165;0.8517894736842105;0.8173737373737374;4046;1104;704
390;eel;4750;;0.7764210526315789;0.8620850864890136;0.7764210526315789;0.817013735046522;3688;590;1062
811;space_heater;4750;;0.739578947368421;0.9122305894572839;0.739578947368421;0.8168817579351237;3513;338;1237
341;hog;4750;;0.7553684210526316;0.8892193308550186;0.7553684210526316;0.8168468981217984;3588;447;1162
305;dung_beetle;4750;;0.8656842105263158;0.7724967123802368;0.8656842105263158;0.8164399880869652;4112;1211;638
445;bikini;4750;;0.8206315789473684;0.8122525526151282;0.8206315789473684;0.8164205675987014;3898;901;852
523;crutch;4750;;0.8593684210526316;0.7775238095238095;0.8593684210526316;0.8163999999999999;4082;1168;668
691;oxygen_mask;4750;;0.7113684210526315;0.9572237960339943;0.7113684210526315;0.8161835748792271;3379;151;1371
227;kelpie;4750;;0.8846315789473684;0.7571171171171172;0.8846315789473684;0.8159223300970874;4202;1348;548
626;lighter;4750;;0.7850526315789473;0.8486572598998634;0.7850526315789473;0.8156167979002623;3729;665;1021
470;candle;4750;;0.8002105263157895;0.8291884816753927;0.8002105263157895;0.8144418255838869;3801;783;949
201;silky_terrier;4750;;0.828;0.8010183299389002;0.828;0.8142857142857144;3933;977;817
797;sleeping_bag;4750;;0.7618947368421053;0.8741545893719807;0.7618947368421053;0.8141732283464568;3619;521;1131
865;toyshop;4750;;0.7850526315789473;0.8448119619392841;0.7850526315789473;0.813836752509821;3729;685;1021
916;web_site;4750;;0.9423157894736842;0.7158164081241004;0.9423157894736842;0.8135962919203854;4476;1777;274
875;trombone;4750;;0.8265263157894737;0.8007342443401999;0.8265263157894737;0.8134258779653994;3926;977;824
693;paddle;4750;;0.6947368421052632;0.9809750297265161;0.6947368421052632;0.813408922849396;3300;64;1450
293;cheetah;4750;;0.9025263157894737;0.7401588397790055;0.9025263157894737;0.8133181559476381;4287;1505;463
556;fire_screen;4750;;0.8231578947368421;0.8033696322169714;0.8231578947368421;0.8131433919101592;3910;957;840
504;coffee_mug;4750;;0.751578947368421;0.8856363185313818;0.751578947368421;0.8131192347113084;3570;461;1180
373;macaque;4750;;0.7496842105263158;0.888251434272886;0.7496842105263158;0.8131065190090193;3561;448;1189
784;screwdriver;4750;;0.7945263157894736;0.8325612177365983;0.7945263157894736;0.8130992136162878;3774;759;976
731;plunger;4750;;0.7557894736842106;0.8796863513844646;0.7557894736842106;0.8130449552712037;3590;491;1160
153;Maltese_dog;4750;;0.7221052631578947;0.929035752979415;0.7221052631578947;0.8126036484245439;3430;262;1320
767;rubber_eraser;4750;;0.82;0.8049183715643728;0.82;0.812389195953697;3895;944;855
478;carton;4750;;0.7290526315789474;0.9166225516146109;0.7290526315789474;0.8121482176360225;3463;315;1287
548;entertainment_center;4750;;0.9566315789473684;0.7034055727554179;0.9566315789473684;0.8107047279214987;4544;1916;206
33;loggerhead;4750;;0.7450526315789474;0.8885262365051468;0.7450526315789474;0.810488949959922;3539;444;1211
469;caldron;4750;;0.8341052631578947;0.7881440222796897;0.8341052631578947;0.8104735603968498;3962;1065;788
175;otterhound;4750;;0.8821052631578947;0.7488829311885612;0.8821052631578947;0.8100531657805704;4190;1405;560
624;library;4750;;0.7903157894736842;0.8299801017024099;0.7903157894736842;0.8096624609080124;3754;769;996
459;brassiere;4750;;0.8589473684210527;0.7621894264898188;0.8589473684210527;0.8076808868652876;4080;1273;670
212;English_setter;4750;;0.7658947368421053;0.8537901900962216;0.7658947368421053;0.8074575518810343;3638;623;1112
644;matchstick;4750;;0.8332631578947368;0.7829871414441147;0.8332631578947368;0.8073431922488528;3958;1097;792
114;slug;4750;;0.7804210526315789;0.8358511837655017;0.7804210526315789;0.807185628742515;3707;728;1043
45;Gila_monster;4750;;0.7181052631578947;0.9208963282937365;0.7181052631578947;0.8069552874378991;3411;293;1339
806;sock;4750;;0.767578947368421;0.8502798507462687;0.767578947368421;0.8068156671830051;3646;642;1104
648;medicine_chest;4750;;0.8004210526315789;0.8129142612785973;0.8004210526315789;0.8066192850323539;3802;875;948
5;electric_ray;4750;;0.7629473684210526;0.8553221619070097;0.7629473684210526;0.8064982752865251;3624;613;1126
40;American_chameleon;4750;;0.864421052631579;0.7556128082443871;0.864421052631579;0.8063629222309505;4106;1328;644
710;pencil_sharpener;4750;;0.8391578947368421;0.7759392641619622;0.8391578947368421;0.8063113178921817;3986;1151;764
395;gar;4750;;0.8541052631578947;0.7633113828786453;0.8541052631578947;0.8061599602583208;4057;1258;693
515;cowboy_hat;4750;;0.8789473684210526;0.7439415538132573;0.8789473684210526;0.8058289905423662;4175;1437;575
623;letter_opener;4750;;0.7768421052631579;0.8367346938775511;0.7768421052631579;0.8056768558951966;3690;720;1060
764;rifle;4750;;0.7269473684210527;0.9027450980392157;0.7269473684210527;0.8053644314868805;3453;372;1297
163;bloodhound;4750;;0.7336842105263158;0.8919887381622729;0.7336842105263158;0.8051287975049093;3485;422;1265
30;bullfrog;4750;;0.7962105263157895;0.8136833046471601;0.7962105263157895;0.8048520961906789;3782;866;968
435;bathtub;4750;;0.8138947368421052;0.7958007410456979;0.8138947368421052;0.8047460449625313;3866;992;884
689;overskirt;4750;;0.8307368421052631;0.7803045283765078;0.8307368421052631;0.8047313143672886;3946;1111;804
924;guacamole;4750;;0.8141052631578948;0.7951881554595929;0.8141052631578948;0.804535524810153;3867;996;883
676;muzzle;4750;;0.7105263157894737;0.9266886326194399;0.7105263157894737;0.8043374642516683;3375;267;1375
222;kuvasz;4750;;0.8882105263157895;0.7343777197563098;0.8882105263157895;0.8040019056693664;4219;1526;531
319;dragonfly;4750;;0.7271578947368421;0.8971428571428571;0.7271578947368421;0.8032558139534884;3454;396;1296
281;tabby;4750;;0.8865263157894737;0.7340073208994248;0.8865263157894737;0.8030895394297702;4211;1526;539
109;brain_coral;4750;;0.7522105263157894;0.8611713665943601;0.7522105263157894;0.8030115743341948;3573;576;1177
34;leatherback_turtle;4750;;0.7294736842105263;0.8918918918918919;0.7294736842105263;0.802547770700637;3465;420;1285
418;ballpoint;4750;;0.8122105263157895;0.7928483353884094;0.8122105263157895;0.8024126455906823;3858;1008;892
181;Bedlington_terrier;4750;;0.8816842105263157;0.7360281195079086;0.8816842105263157;0.8022988505747125;4188;1502;562
432;bassoon;4750;;0.8402105263157895;0.766468215863261;0.8402105263157895;0.8016470824545546;3991;1216;759
967;espresso;4750;;0.8562105263157894;0.7523122456529782;0.8562105263157894;0.8009058684521465;4067;1339;683
558;flute;4750;;0.7623157894736842;0.8428770949720671;0.7623157894736842;0.8005748397081583;3621;675;1129
534;dishwasher;4750;;0.7909473684210526;0.8098728174175469;0.7909473684210526;0.8002982213228246;3757;882;993
911;wool;4750;;0.7261052631578947;0.890984241797985;0.7261052631578947;0.8001391949889803;3449;422;1301
248;Eskimo_dog;4750;;0.7747368421052632;0.8258527827648114;0.7747368421052632;0.7994786009124484;3680;776;1070
106;wombat;4750;;0.7642105263157895;0.836405529953917;0.7642105263157895;0.7986798679867987;3630;710;1120
312;cricket;4750;;0.6985263157894737;0.93149915777653;0.6985263157894737;0.7983638113570741;3318;244;1432
419;Band_Aid;4750;;0.8347368421052631;0.7645584265329733;0.8347368421052631;0.7981078904991948;3965;1221;785
824;stole;4750;;0.784;0.81239092495637;0.784;0.7979430040711377;3724;860;1026
585;hair_spray;4750;;0.8252631578947368;0.7710464201416207;0.8252631578947368;0.7972340858246898;3920;1164;830
285;Egyptian_cat;4750;;0.7303157894736843;0.8773394031360647;0.7303157894736843;0.7971047794117647;3469;485;1281
384;indri;4750;;0.8846315789473684;0.7246076909812037;0.8846315789473684;0.7966631908237748;4202;1597;548
69;trilobite;4750;;0.8368421052631579;0.7593123209169055;0.8368421052631579;0.7961942914371557;3975;1260;775
974;geyser;4750;;0.8867368421052632;0.7219746314706891;0.8867368421052632;0.7959183673469389;4212;1622;538
751;racer;4750;;0.88;0.7256944444444444;0.88;0.7954329210275928;4180;1580;570
44;alligator_lizard;4750;;0.7261052631578947;0.8785022924095772;0.7261052631578947;0.7950668510834485;3449;477;1301
923;plate;4750;;0.7008421052631579;0.9178384339674662;0.7008421052631579;0.7947952727706816;3329;298;1421
509;confectionery;4750;;0.7732631578947369;0.8165851489550912;0.7732631578947369;0.7943339100346021;3673;825;1077
639;maillot;4750;;0.8406315789473684;0.7526861451460886;0.8406315789473684;0.7942317255096966;3993;1312;757
539;doormat;4750;;0.7370526315789474;0.859562975693592;0.7370526315789474;0.7936076164569875;3501;572;1249
32;tailed_frog;4750;;0.7286315789473684;0.8702539602715614;0.7286315789473684;0.7931706199152057;3461;516;1289
313;walking_stick;4750;;0.744421052631579;0.8483685220729367;0.744421052631579;0.793002915451895;3536;632;1214
568;fur_coat;4750;;0.9002105263157895;0.7081815170586286;0.9002105263157895;0.7927326659251019;4276;1762;474
184;Irish_terrier;4750;;0.8587368421052631;0.7348225544946856;0.8587368421052631;0.79196194544219;4079;1472;671
288;leopard;4750;;0.8042105263157895;0.7799101674152715;0.8042105263157895;0.7918739635157546;3820;1078;930
460;breakwater;4750;;0.8193684210526315;0.7659909466640425;0.8193684210526315;0.7917811006001425;3892;1189;858
524;cuirass;4750;;0.7673684210526316;0.8152538581972713;0.7673684210526316;0.7905867042620106;3645;826;1105
620;laptop;4750;;0.8602105263157894;0.731209735146743;0.8602105263157894;0.7904817179338364;4086;1502;664
461;breastplate;4750;;0.7730526315789473;0.8077430708315002;0.7730526315789473;0.7900172117039587;3672;874;1078
702;parallel_bars;4750;;0.8256842105263158;0.7571428571428571;0.8256842105263158;0.7899295065458206;3922;1258;828
582;grocery_store;4750;;0.8286315789473684;0.7521498184597745;0.8286315789473684;0.7885405188820995;3936;1297;814
971;bubble;4750;;0.8686315789473684;0.7215809723679608;0.8686315789473684;0.7883072220099351;4126;1592;624
230;Shetland_sheepdog;4750;;0.8248421052631579;0.7547678674629166;0.8248421052631579;0.7882506790061363;3918;1273;832
63;Indian_cobra;4750;;0.8957894736842106;0.7035383597883598;0.8957894736842106;0.788108909057233;4255;1793;495
72;black_and_gold_garden_spider;4750;;0.9298947368421052;0.6836403033586133;0.9298947368421052;0.787976094906788;4417;2044;333
854;theater_curtain;4750;;0.9107368421052632;0.6937139191789609;0.9107368421052632;0.7875477880939377;4326;1910;424
856;thresher;4750;;0.760421052631579;0.8138801261829653;0.760421052631579;0.7862429255550719;3612;826;1138
370;guenon;4750;;0.6604210526315789;0.9712074303405572;0.6604210526315789;0.7862155388471177;3137;93;1613
61;boa_constrictor;4750;;0.7650526315789473;0.8084538375973304;0.7650526315789473;0.7861546782044349;3634;861;1116
6;stingray;4750;;0.6812631578947368;0.9277522935779816;0.6812631578947368;0.7856275795095897;3236;252;1514
804;soap_dispenser;4750;;0.7707368421052632;0.7995195457523476;0.7707368421052632;0.7848644013291886;3661;918;1089
599;honeycomb;4750;;0.7726315789473684;0.7973061047143167;0.7726315789473684;0.7847749385223993;3670;933;1080
879;umbrella;4750;;0.871578947368421;0.7124419204956117;0.871578947368421;0.7840166650885332;4140;1671;610
167;English_foxhound;4750;;0.9054736842105263;0.6884904754282055;0.9054736842105263;0.7822133309084296;4301;1946;449
529;diaper;4750;;0.8101052631578948;0.7549538944477143;0.8101052631578948;0.7815578348735654;3848;1249;902
526;desk;4750;;0.7528421052631579;0.8125426039536469;0.7528421052631579;0.7815539285324007;3576;825;1174
233;Bouvier_des_Flandres;4750;;0.8290526315789474;0.7380059970014993;0.8290526315789474;0.7808843942097957;3938;1398;812
266;miniature_poodle;4750;;0.6865263157894737;0.9050791007493755;0.6865263157894737;0.7807973183287441;3261;342;1489
904;window_screen;4750;;0.7922105263157895;0.7696870525669871;0.7922105263157895;0.7807863886295259;3763;1126;987
978;seashore;4750;;0.6837894736842105;0.9082774049217002;0.6837894736842105;0.7802065817919769;3248;328;1502
602;horizontal_bar;4750;;0.6930526315789474;0.8909336941813261;0.6930526315789474;0.7796329188869154;3292;403;1458
226;briard;4750;;0.7764210526315789;0.7823504454815443;0.7764210526315789;0.7793744716821639;3688;1026;1062
794;shower_curtain;4750;;0.7821052631578947;0.7747653806047967;0.7821052631578947;0.7784180199057097;3715;1080;1035
246;Great_Dane;4750;;0.7372631578947368;0.8241939279830548;0.7372631578947368;0.7783087009667741;3502;747;1248
536;dock;4750;;0.7538947368421053;0.8016565927915827;0.7538947368421053;0.7770424216122382;3581;886;1169
454;bookshop;4750;;0.8115789473684211;0.7450715114031697;0.8115789473684211;0.7769044740024184;3855;1319;895
615;knee_pad;4750;;0.8913684210526316;0.6876725678089979;0.8913684210526316;0.7763821399101495;4234;1923;516
67;diamondback;4750;;0.7113684210526315;0.8543615676359039;0.7113684210526315;0.776335439402642;3379;576;1371
277;red_fox;4750;;0.7027368421052631;0.8658884565499352;0.7027368421052631;0.7758280069726903;3338;517;1412
868;tray;4750;;0.832421052631579;0.7261707988980717;0.832421052631579;0.7756743501716529;3954;1491;796
788;shoe_shop;4750;;0.8050526315789474;0.7483365949119374;0.8050526315789474;0.7756592292089248;3824;1286;926
59;vine_snake;4750;;0.7934736842105263;0.7565234845443597;0.7934736842105263;0.7745581586518703;3769;1213;981
508;computer_keyboard;4750;;0.7995789473684211;0.7501481335176773;0.7995789473684211;0.7740752063589117;3798;1265;952
54;hognose_snake;4750;;0.6690526315789473;0.9150590267780018;0.6690526315789473;0.7729539097652924;3178;295;1572
64;green_mamba;4750;;0.7936842105263158;0.7532467532467533;0.7936842105263158;0.7729369554074833;3770;1235;980
677;nail;4750;;0.7949473684210526;0.750994431185362;0.7949473684210526;0.7723460830435672;3776;1252;974
893;wallet;4750;;0.7778947368421053;0.7661206717810491;0.7778947368421053;0.7719628120756294;3695;1128;1055
956;custard_apple;4750;;0.9273684210526316;0.661014405762305;0.9273684210526316;0.7718591203784826;4405;2259;345
124;crayfish;4750;;0.7197894736842105;0.8314688715953308;0.7197894736842105;0.7716091175806816;3419;693;1331
961;dough;4750;;0.6983157894736842;0.8606642449403218;0.6983157894736842;0.7710367271036728;3317;537;1433
371;patas;4750;;0.6785263157894736;0.8908236594803759;0.6785263157894736;0.7703154875717017;3223;395;1527
481;cassette;4750;;0.8042105263157895;0.7388781431334622;0.8042105263157895;0.7701612903225806;3820;1350;930
733;pole;4750;;0.8416842105263158;0.7068599717114569;0.8416842105263158;0.7684028445127812;3998;1658;752
362;badger;4750;;0.9214736842105263;0.6586907449209932;0.9214736842105263;0.7682316805616499;4377;2268;373
402;acoustic_guitar;4750;;0.6812631578947368;0.8774403470715835;0.6812631578947368;0.7670063996207631;3236;452;1514
926;hot_pot;4750;;0.8671578947368421;0.6861569215392304;0.8671578947368421;0.7661117827583;4119;1884;631
549;envelope;4750;;0.7501052631578947;0.7801620319684694;0.7501052631578947;0.7648384673178062;3563;1004;1187
598;home_theater;4750;;0.8107368421052632;0.7234642119105767;0.8107368421052632;0.7646182865084881;3851;1472;899
78;tick;4750;;0.9223157894736842;0.6529061102831595;0.9223157894736842;0.7645724258289703;4381;2329;369
125;hermit_crab;4750;;0.86;0.6874789633120162;0.86;0.764122708567153;4085;1857;665
680;nipple;4750;;0.8425263157894737;0.6985512305812532;0.8425263157894737;0.7638133409676495;4002;1727;748
828;strainer;4750;;0.8301052631578948;0.7072645739910314;0.8301052631578948;0.7637772397094431;3943;1632;807
591;handkerchief;4750;;0.8602105263157894;0.6862613369163587;0.8602105263157894;0.7634529147982063;4086;1868;664
700;paper_towel;4750;;0.7621052631578947;0.7643581081081081;0.7621052631578947;0.7632300231920724;3620;1116;1130
183;Kerry_blue_terrier;4750;;0.856421052631579;0.6872782564622403;0.856421052631579;0.762583184928297;4068;1851;682
643;mask;4750;;0.8871578947368421;0.6685705219736633;0.8871578947368421;0.7625079164027866;4214;2089;536
386;African_elephant;4750;;0.7307368421052631;0.794279176201373;0.7307368421052631;0.7611842105263158;3471;899;1279
715;pickelhaube;4750;;0.8749473684210526;0.6719482619240097;0.8749473684210526;0.7601280292638317;4156;2029;594
191;Airedale;4750;;0.8549473684210527;0.6841307277628033;0.8549473684210527;0.7600598914467528;4061;1875;689
742;printer;4750;;0.6957894736842105;0.8358624178047547;0.6957894736842105;0.7594209558823529;3305;649;1445
359;black-footed_ferret;4750;;0.6890526315789474;0.8452995867768595;0.6890526315789474;0.7592205984690327;3273;599;1477
272;coyote;4750;;0.6848421052631579;0.8515706806282722;0.6848421052631579;0.7591598599766628;3253;567;1497
848;tape_player;4750;;0.7711578947368422;0.7461804848237931;0.7711578947368422;0.7584636090692618;3663;1246;1087
126;isopod;4750;;0.828421052631579;0.6981902058197303;0.828421052631579;0.7577508184093973;3935;1701;815
546;electric_guitar;4750;;0.832421052631579;0.694781233526621;0.832421052631579;0.757398716598027;3954;1737;796
108;sea_anemone;4750;;0.8016842105263158;0.714178544636159;0.8016842105263158;0.7554056734774847;3808;1524;942
799;sliding_door;4750;;0.8286315789473684;0.6940574854523012;0.8286315789473684;0.7553977545341138;3936;1735;814
382;squirrel_monkey;4750;;0.8221052631578948;0.6983190271816881;0.8221052631578948;0.7551730806420421;3905;1687;845
662;modem;4750;;0.8250526315789474;0.6936283185840708;0.8250526315789474;0.753653846153846;3919;1731;831
50;American_alligator;4750;;0.6972631578947368;0.8179797480859472;0.6972631578947368;0.7528128196385953;3312;737;1438
35;mud_turtle;4750;;0.7774736842105263;0.7285460643124877;0.7774736842105263;0.7522150931866789;3693;1376;1057
271;red_wolf;4750;;0.7627368421052632;0.7410513397422785;0.7627368421052632;0.751737732129889;3623;1266;1127
77;wolf_spider;4750;;0.8326315789473684;0.6842560553633218;0.8326315789473684;0.7511870845204177;3955;1825;795
999;toilet_tissue;4750;;0.6978947368421052;0.8085365853658537;0.6978947368421052;0.7491525423728813;3315;785;1435
292;tiger;4750;;0.9444210526315789;0.6201271772186895;0.9444210526315789;0.7486648865153538;4486;2748;264
850;teddy;4750;;0.8886315789473684;0.6465002297442181;0.8886315789473684;0.748470609096551;4221;2308;529
269;timber_wolf;4750;;0.872;0.6474910114115991;0.872;0.7431595945097336;4142;2255;608
119;rock_crab;4750;;0.636;0.8935226264418811;0.636;0.7430820317304144;3021;360;1729
446;binder;4750;;0.8183157894736842;0.6802590129506475;0.8183157894736842;0.7429281345565748;3887;1827;863
845;syringe;4750;;0.8395789473684211;0.6649991662497916;0.8395789473684211;0.7421606029589654;3988;2009;762
377;marmoset;4750;;0.7856842105263158;0.7026925249482207;0.7856842105263158;0.7418745651525693;3732;1579;1018
619;lampshade;4750;;0.7945263157894736;0.6947717231222386;0.7945263157894736;0.7413081909251619;3774;1658;976
633;loupe;4750;;0.8313684210526315;0.6662729880209212;0.8313684210526315;0.7397208953825981;3949;1978;801
878;typewriter_keyboard;4750;;0.64;0.8745684695051784;0.64;0.7391198638463409;3040;436;1710
851;television;4750;;0.8823157894736842;0.6352887676216462;0.8823157894736842;0.7386974530712965;4191;2406;559
304;leaf_beetle;4750;;0.8587368421052631;0.6479745830023829;0.8587368421052631;0.7386147578089632;4079;2216;671
431;bassinet;4750;;0.8206315789473684;0.6699896871777243;0.8206315789473684;0.7376987130961393;3898;1920;852
812;space_shuttle;4750;;0.8467368421052631;0.6531341344592401;0.8467368421052631;0.7374404107077375;4022;2136;728
62;rock_python;4750;;0.5989473684210527;0.9585579514824798;0.5989473684210527;0.7372376263280642;2845;123;1905
485;CD_player;4750;;0.6755789473684211;0.8034551827741613;0.6755789473684211;0.7339890210430008;3209;785;1541
611;jigsaw_puzzle;4750;;0.8677894736842106;0.6343490304709142;0.8677894736842106;0.7329302987197724;4122;2376;628
360;otter;4750;;0.8637894736842106;0.6359268443893367;0.8637894736842106;0.7325477593286912;4103;2349;647
290;jaguar;4750;;0.6010526315789474;0.9354521625163827;0.6010526315789474;0.7318636247116124;2855;197;1895
55;green_snake;4750;;0.6263157894736842;0.8783584292884559;0.6263157894736842;0.7312277252058497;2975;412;1775
357;mink;4750;;0.7572631578947369;0.7062634989200864;0.7572631578947369;0.7308747333130144;3597;1496;1153
385;Indian_elephant;4750;;0.8810526315789474;0.6236959761549925;0.8810526315789474;0.7303664921465969;4185;2525;565
107;jellyfish;4750;;0.8164210526315789;0.6598604730304577;0.8164210526315789;0.7298390891126375;3878;1999;872
862;torch;4750;;0.8549473684210527;0.6357232310582341;0.8549473684210527;0.7292152989764769;4061;2327;689
294;brown_bear;4750;;0.8621052631578947;0.6314572089437163;0.8621052631578947;0.7289719626168224;4095;2390;655
530;digital_clock;4750;;0.7993684210526316;0.6693107703155297;0.7993684210526316;0.7285810227381753;3797;1876;953
356;weasel;4750;;0.6806315789473685;0.7826192205277173;0.6806315789473685;0.7280711631573021;3233;898;1517
310;ant;4750;;0.8972631578947369;0.6108642683101619;0.8972631578947369;0.7268696171228788;4262;2715;488
298;mongoose;4750;;0.7953684210526316;0.6686725663716814;0.7953684210526316;0.7265384615384616;3778;1872;972
282;tiger_cat;4750;;0.5795789473684211;0.9731353835277483;0.5795789473684211;0.7264810661037076;2753;76;1997
860;tobacco_shop;4750;;0.8231578947368421;0.646494708994709;0.8231578947368421;0.724208186701241;3910;2138;840
819;stage;4750;;0.8134736842105263;0.650833754421425;0.8134736842105263;0.7231215495461776;3864;2073;886
527;desktop_computer;4750;;0.7770526315789473;0.6750182882223847;0.7770526315789473;0.7224505774124096;3691;1777;1059
3;tiger_shark;4750;;0.5802105263157895;0.9542936288088643;0.5802105263157895;0.7216548834773503;2756;132;1994
673;mouse;4750;;0.7067368421052631;0.73344985798558;0.7067368421052631;0.719845609520746;3357;1220;1393
664;monitor;4750;;0.7793684210526316;0.667027027027027;0.7793684210526316;0.7188349514563107;3702;1848;1048
380;titi;4750;;0.64;0.8176438945669715;0.64;0.7179971658006613;3040;678;1710
361;skunk;4750;;0.8709473684210526;0.6103570374741811;0.8709473684210526;0.7177307425399028;4137;2641;613
903;wig;4750;;0.9385263157894737;0.5779102929738138;0.9385263157894737;0.7153401797175866;4458;3256;292
815;spider_web;4750;;0.668;0.7664251207729469;0.668;0.713835770528684;3173;967;1577
60;night_snake;4750;;0.5863157894736842;0.911620294599018;0.5863157894736842;0.7136450992953235;2785;270;1965
236;Doberman;4750;;0.9244210526315789;0.580206131078224;0.9244210526315789;0.712940412404611;4391;3177;359
810;space_bar;4750;;0.7063157894736842;0.7196482196482197;0.7063157894736842;0.7129196770080748;3355;1307;1395
728;plastic_bag;4750;;0.6842105263157895;0.7406563354603464;0.6842105263157895;0.7113153862989713;3250;1138;1500
66;horned_viper;4750;;0.7172631578947368;0.7050910596026491;0.7172631578947368;0.7111250260905865;3407;1425;1343
241;EntleBucher;4750;;0.9357894736842105;0.5724404378622022;0.9357894736842105;0.7103475829005195;4445;3320;305
909;wok;4750;;0.6848421052631579;0.736973266878115;0.6848421052631579;0.7099519860323003;3253;1161;1497
49;African_crocodile;4750;;0.6237894736842106;0.8212305986696231;0.6237894736842106;0.7090212969609956;2963;645;1787
26;common_newt;4750;;0.704421052631579;0.7134328358208956;0.704421052631579;0.7088983050847458;3346;1344;1404
68;sidewinder;4750;;0.6564210526315789;0.7597465886939572;0.6564210526315789;0.7043144341540547;3118;986;1632
782;screen;4750;;0.6389473684210526;0.7798047276464543;0.6389473684210526;0.7023837074751215;3035;857;1715
650;microphone;4750;;0.832;0.6070660522273426;0.832;0.7019538188277087;3952;2558;798
115;sea_slug;4750;;0.7741052631578947;0.6347315725876057;0.7741052631578947;0.6975244237882956;3677;2116;1073
46;green_lizard;4750;;0.5690526315789474;0.8953295793309043;0.5690526315789474;0.6958424507658643;2703;316;2047
550;espresso_maker;4750;;0.7511578947368421;0.6312809624911536;0.7511578947368421;0.6860219188617573;3568;2084;1182
381;spider_monkey;4750;;0.5393684210526316;0.9388054232319532;0.5393684210526316;0.6851183313277176;2562;167;2188
947;mushroom;4750;;0.5256842105263158;0.9819111285882816;0.5256842105263158;0.6847662141779789;2497;46;2253
116;chiton;4750;;0.8648421052631579;0.5644407804341852;0.8648421052631579;0.6830728300631859;4108;3170;642
328;sea_urchin;4750;;0.8623157894736843;0.5644983461962514;0.8623157894736843;0.6823255039147094;4096;3160;654
52;thunder_snake;4750;;0.8515789473684211;0.5676396295256806;0.8515789473684211;0.6812057931963624;4045;3081;705
189;Lakeland_terrier;4750;;0.6949473684210526;0.6678130689864454;0.6949473684210526;0.6811100794387702;3301;1642;1449
240;Appenzeller;4750;;0.5625263157894737;0.8624919302775984;0.5625263157894737;0.6809378185524974;2672;426;2078
482;cassette_player;4750;;0.7578947368421053;0.6163328197226502;0.7578947368421053;0.6798224907940704;3600;2241;1150
681;notebook;4750;;0.6433684210526316;0.7078990039379198;0.6433684210526316;0.6740928642329326;3056;1261;1694
818;spotlight;4750;;0.7974736842105263;0.5777032179350312;0.7974736842105263;0.6700274166445565;3788;2769;962
657;missile;4750;;0.8058947368421052;0.564935064935065;0.8058947368421052;0.6642373763664758;3828;2948;922
267;standard_poodle;4750;;0.8787368421052631;0.5335549022114279;0.8787368421052631;0.6639624592380498;4174;3649;576
4;hammerhead;4750;;0.8896842105263157;0.5257526747947251;0.8896842105263157;0.6609321238661245;4226;3812;524
977;sandbar;4750;;0.852;0.5314510833880499;0.852;0.6545895673271331;4047;3568;703
238;Greater_Swiss_Mountain_dog;4750;;0.492;0.966501240694789;0.492;0.6520647321428571;2337;81;2413
973;coral_reef;4750;;0.8248421052631579;0.5350266284309709;0.8248421052631579;0.6490516027499379;3918;3405;832
885;velvet;4750;;0.7698947368421053;0.5584911423335369;0.7698947368421053;0.6473712161444504;3657;2891;1093
73;barn_spider;4750;;0.592;0.7102803738317757;0.592;0.6457687449764611;2812;1147;1938
101;tusker;4750;;0.48947368421052634;0.9455063033753558;0.48947368421052634;0.6450270495214315;2325;134;2425
330;wood_rabbit;4750;;0.8029473684210526;0.5365030243353496;0.8029473684210526;0.6432245551901509;3814;3295;936
170;Irish_wolfhound;4750;;0.7962105263157895;0.5265942634363687;0.7962105263157895;0.6339255782769024;3782;3400;968
265;toy_poodle;4750;;0.7726315789473684;0.5318069844950007;0.7726315789473684;0.6299888421594713;3670;3231;1080
552;feather_boa;4750;;0.8608421052631579;0.48071949212320714;0.8608421052631579;0.6169281834640916;4089;4417;661
516;cradle;4750;;0.4534736842105263;0.9069473684210526;0.4534736842105263;0.6046315789473684;2154;221;2596
74;garden_spider;4750;;0.5010526315789474;0.7582032494424976;0.5010526315789474;0.6033717834960071;2380;759;2370
329;sea_cucumber;4750;;0.8501052631578947;0.4668208092485549;0.8501052631578947;0.6026865671641791;4038;4612;712
369;siamang;4750;;0.8957894736842106;0.45299691259448527;0.8957894736842106;0.6017110938273351;4255;5138;495
206;curly-coated_retriever;4750;;0.8968421052631579;0.4429655817822606;0.8968421052631579;0.5930256838588431;4260;5357;490
372;baboon;4750;;0.9027368421052632;0.4246805981974844;0.9027368421052632;0.5776251094497203;4288;5809;462
358;polecat;4750;;0.7741052631578947;0.4479230113290291;0.7741052631578947;0.5674820588008335;3677;4532;1073
58;water_snake;4750;;0.7936842105263158;0.4395988805970149;0.7936842105263158;0.5658111961578868;3770;4806;980
297;sloth_bear;4750;;0.8543157894736843;0.4091963295351417;0.8543157894736843;0.5533510602031773;4058;5859;692
110;flatworm;4750;;0.7888421052631579;0.418659217877095;0.7888421052631579;0.547007299270073;3747;5203;1003
921;book_jacket;4750;;0.8206315789473684;0.40090507045150675;0.8206315789473684;0.5386581911144891;3898;5825;852
202;soft-coated_wheaten_terrier;4750;;0.9178947368421052;0.35970629486016004;0.9178947368421052;0.516863256475609;4360;7761;390
374;langur;4750;;0.8155789473684211;0.373974321845738;0.8155789473684211;0.5128069362631543;3874;6485;876
917;comic_book;4750;;0.9113684210526316;0.341700213118636;0.9113684210526316;0.49704345829266894;4329;8340;421
103;platypus;4750;;0.8616842105263158;0.2995243322356385;0.8616842105263158;0.4445289166440402;4093;9572;657
111;nematode;4750;;0.9202105263157895;0.2599001070281841;0.9202105263157895;0.4053227002967359;4371;12447;379
712;Petri_dish;4750;;0.8924210526315789;0.24133219470538;0.8924210526315789;0.3799238180596011;4239;13326;511
