class_idx;class_label;support;base_accuracy;overall_accuracy;precision;recall;f1;tp;fp;fn
900;water_tower;4750;;0.9269473684210526;0.9918900653300293;0.9269473684210526;0.9583197301120905;4403;36;347
340;zebra;4750;;0.9364210526315789;0.9782274026830877;0.9364210526315789;0.9568678068194042;4448;99;302
90;lorikeet;4750;;0.9433684210526316;0.96991341991342;0.9433684210526316;0.9564567769477055;4481;139;269
323;monarch;4750;;0.9416842105263158;0.9652567975830816;0.9416842105263158;0.9533248081841432;4473;161;277
339;sorrel;4750;;0.9286315789473685;0.9773986261910038;0.9286315789473685;0.9523912339414876;4411;102;339
995;earthstar;4750;;0.9362105263157895;0.9688453159041395;0.9362105263157895;0.9522483940042827;4447;143;303
143;oystercatcher;4750;;0.9206315789473685;0.9824758481240171;0.9206315789473685;0.9505488533855015;4373;78;377
136;European_gallinule;4750;;0.9096842105263158;0.9931050333256722;0.9096842105263158;0.9495659817602461;4321;30;429
88;macaw;4750;;0.9263157894736842;0.9704455227172475;0.9263157894736842;0.9478672985781991;4400;134;350
685;odometer;4750;;0.9610526315789474;0.9344933469805528;0.9610526315789474;0.9475869226777374;4565;320;185
986;yellow_lady's_slipper;4750;;0.9322105263157895;0.9609375;0.9322105263157895;0.946356058986963;4428;180;322
0;tench;4750;;0.907157894736842;0.9889832453523066;0.907157894736842;0.9463050400790599;4309;48;441
100;black_swan;4750;;0.9084210526315789;0.9862857142857143;0.9084210526315789;0.9457534246575342;4315;60;435
139;ruddy_turnstone;4750;;0.9069473684210526;0.9860379949645228;0.9069473684210526;0.9448404430310341;4308;61;442
321;admiral;4750;;0.9122105263157895;0.9798733604703754;0.9122105263157895;0.9448320976886175;4333;89;417
255;Leonberg;4750;;0.9;0.9932620817843866;0.9;0.9443339960238568;4275;29;475
92;bee_eater;4750;;0.9153684210526316;0.9751065261269343;0.9153684210526316;0.9442936258008471;4348;111;402
135;limpkin;4750;;0.8941052631578947;0.9995293010120028;0.8941052631578947;0.9438826536281809;4247;2;503
14;indigo_bunting;4750;;0.9406315789473684;0.9404335929278047;0.9406315789473684;0.9405325755183664;4468;283;282
275;African_hunting_dog;4750;;0.9016842105263158;0.9823394495412844;0.9016842105263158;0.9402854006586169;4283;77;467
91;coucal;4750;;0.9058947368421053;0.9770663033605813;0.9058947368421053;0.9401354599082369;4303;101;447
129;spoonbill;4750;;0.8987368421052632;0.9850023073373327;0.8987368421052632;0.9398943196829591;4269;65;481
451;bolo_tie;4750;;0.9290526315789474;0.9506678155967255;0.9290526315789474;0.9397359454855196;4413;229;337
15;robin;4750;;0.9004210526315789;0.9823151125401929;0.9004210526315789;0.9395869947275922;4277;77;473
763;revolver;4750;;0.9250526315789473;0.9527320034692107;0.9250526315789473;0.9386883144627215;4394;218;356
376;proboscis_monkey;4750;;0.8957894736842106;0.9847257579264059;0.8957894736842106;0.938154558483078;4255;66;495
17;jay;4750;;0.888421052631579;0.9936425712267483;0.888421052631579;0.9380904746026453;4220;27;530
429;baseball;4750;;0.8945263157894737;0.9844763670064874;0.8945263157894737;0.9373483344363556;4249;67;501
576;gondola;4750;;0.8964210526315789;0.9802025782688766;0.8964210526315789;0.9364416098526501;4258;86;492
625;lifeboat;4750;;0.8930526315789473;0.9837662337662337;0.8930526315789473;0.936217170602516;4242;70;508
604;hourglass;4750;;0.9286315789473685;0.9435294117647058;0.9286315789473685;0.9360212201591512;4411;264;339
11;goldfinch;4750;;0.8917894736842106;0.9842007434944238;0.8917894736842106;0.9357190192180252;4236;68;514
392;rock_beauty;4750;;0.9315789473684211;0.9392910210146466;0.9315789473684211;0.9354190888912377;4425;286;325
727;planetarium;4750;;0.8871578947368421;0.9866541793490986;0.8871578947368421;0.9342644939585413;4214;57;536
637;mailbox;4750;;0.8854736842105263;0.9880197322057788;0.8854736842105263;0.9339402686799156;4206;51;544
9;ostrich;4750;;0.8957894736842106;0.9730162359935971;0.8957894736842106;0.9328071906171217;4255;118;495
607;jack-o'-lantern;4750;;0.904;0.9629961874859834;0.904;0.9325659680747095;4294;165;456
18;magpie;4750;;0.8827368421052632;0.9868204283360791;0.8827368421052632;0.931881320146683;4193;56;557
398;abacus;4750;;0.8989473684210526;0.9649717514124294;0.8989473684210526;0.9307901907356949;4270;155;480
439;bearskin;4750;;0.9176842105263158;0.9416720674011666;0.9176842105263158;0.929523403347905;4359;270;391
244;Tibetan_mastiff;4750;;0.8753684210526316;0.9902357704215289;0.8753684210526316;0.9292658397586323;4158;41;592
684;ocarina;4750;;0.8901052631578947;0.9719540229885058;0.8901052631578947;0.9292307692307692;4228;122;522
832;stupa;4750;;0.8981052631578947;0.9621109607577808;0.8981052631578947;0.9290069686411149;4266;168;484
846;table_lamp;4750;;0.8905263157894737;0.9706287287746673;0.8905263157894737;0.9288537549407115;4230;128;520
612;jinrikisha;4750;;0.8789473684210526;0.9844376326338128;0.8789473684210526;0.9287064842620397;4175;66;575
555;fire_engine;4750;;0.875578947368421;0.9883555133079848;0.875578947368421;0.9285554811341816;4159;49;591
688;oscilloscope;4750;;0.916;0.9407567567567567;0.916;0.9282133333333333;4351;274;399
805;soccer_ball;4750;;0.9048421052631579;0.9517271922054916;0.9048421052631579;0.9276926397582559;4298;218;452
24;great_grey_owl;4750;;0.8890526315789473;0.968355881678514;0.8890526315789473;0.9270113050159148;4223;138;527
95;jacamar;4750;;0.9128421052631579;0.9413808076422058;0.9128421052631579;0.9268918341171439;4336;270;414
535;disk_brake;4750;;0.876;0.983920548593048;0.876;0.9268292682926829;4161;68;589
388;giant_panda;4750;;0.9124210526315789;0.9407423485999565;0.9124210526315789;0.9263652880196644;4334;273;416
247;Saint_Bernard;4750;;0.8669473684210526;0.993006993006993;0.8669473684210526;0.9257052939192987;4118;29;632
796;ski_mask;4750;;0.8901052631578947;0.9639762881896945;0.8901052631578947;0.925569176882662;4228;158;522
746;puck;4750;;0.9202105263157895;0.9305939961677666;0.9202105263157895;0.9253731343283582;4371;326;379
16;bulbul;4750;;0.8823157894736842;0.9728412256267409;0.8823157894736842;0.9253698388165158;4191;117;559
522;croquet_ball;4750;;0.8888421052631579;0.9648080438756855;0.8888421052631579;0.925268463730002;4222;154;528
137;American_coot;4750;;0.8745263157894737;0.9820330969267139;0.8745263157894737;0.9251670378619153;4154;76;596
873;triumphal_arch;4750;;0.8896842105263157;0.9633006610439936;0.8896842105263157;0.9250300974061507;4226;161;524
25;European_fire_salamander;4750;;0.8943157894736842;0.9574036511156186;0.8943157894736842;0.9247850223141395;4248;189;502
477;carpenter's_kit;4750;;0.8707368421052631;0.9859356376638856;0.8707368421052631;0.924762437115707;4136;59;614
387;lesser_panda;4750;;0.8823157894736842;0.9714881780250347;0.8823157894736842;0.924757281553398;4191;123;559
915;yurt;4750;;0.8734736842105263;0.981779460482726;0.8734736842105263;0.9244652406417112;4149;77;601
783;screw;4750;;0.9444210526315789;0.9051654560129136;0.9444210526315789;0.9243766742221307;4486;470;264
127;white_stork;4750;;0.868;0.988255033557047;0.868;0.9242322349249048;4123;49;627
130;flamingo;4750;;0.8642105263157894;0.9929850024189647;0.8642105263157894;0.9241332733003151;4105;29;645
695;padlock;4750;;0.8736842105263158;0.9806238185255198;0.8736842105263158;0.9240703629481185;4150;82;600
872;tripod;4750;;0.8823157894736842;0.9694656488549618;0.8823157894736842;0.9238399647305191;4191;132;559
849;teapot;4750;;0.88;0.9709639953542393;0.88;0.9232468249585865;4180;125;570
284;Siamese_cat;4750;;0.8932631578947369;0.9545556805399326;0.8932631578947369;0.9228928765633497;4243;202;507
306;rhinoceros_beetle;4750;;0.8703157894736843;0.9821810406272273;0.8703157894736843;0.9228708561223351;4134;75;616
291;lion;4750;;0.8854736842105263;0.9631325852988322;0.8854736842105263;0.9226719315564329;4206;161;544
198;standard_schnauzer;4750;;0.868;0.9842444497493436;0.868;0.9224745497259201;4123;66;627
396;lionfish;4750;;0.8913684210526316;0.95489400090212;0.8913684210526316;0.9220383275261325;4234;200;516
56;king_snake;4750;;0.8789473684210526;0.968677494199536;0.8789473684210526;0.9216335540838853;4175;135;575
613;joystick;4750;;0.871578947368421;0.9773371104815864;0.871578947368421;0.9214333407522813;4140;96;610
790;shopping_basket;4750;;0.872421052631579;0.975517890772128;0.872421052631579;0.9210935763503001;4144;104;606
901;whiskey_jug;4750;;0.8936842105263157;0.9498769299619602;0.8936842105263157;0.9209241783273674;4245;224;505
144;pelican;4750;;0.8587368421052631;0.9926989535166707;0.8587368421052631;0.9208714301839936;4079;30;671
531;digital_watch;4750;;0.8823157894736842;0.9627842866988284;0.8823157894736842;0.9207953421948808;4191;162;559
902;whistle;4750;;0.8837894736842106;0.9608606088349737;0.8837894736842106;0.9207149906788026;4198;171;552
538;dome;4750;;0.8823157894736842;0.9623421354764639;0.8823157894736842;0.9205930807248764;4191;164;559
417;balloon;4750;;0.888421052631579;0.9549671871464133;0.888421052631579;0.9204929654269823;4220;199;530
800;slot;4750;;0.9130526315789473;0.9273038272396835;0.9130526315789473;0.9201230508114988;4337;340;413
759;reflex_camera;4750;;0.8726315789473684;0.9730046948356808;0.8726315789473684;0.9200887902330743;4145;115;605
12;house_finch;4750;;0.8587368421052631;0.9890882638215325;0.8587368421052631;0.9193148523777327;4079;45;671
472;canoe;4750;;0.8808421052631579;0.9609554432705558;0.8808421052631579;0.9191564147627417;4184;170;566
19;chickadee;4750;;0.8707368421052631;0.9731764705882353;0.8707368421052631;0.9191111111111111;4136;114;614
570;gasmask;4750;;0.872;0.9704779756326148;0.872;0.9186072299844755;4142;126;608
85;quail;4750;;0.8528421052631578;0.9953316953316953;0.8528421052631578;0.9185941043083901;4051;19;699
863;totem_pole;4750;;0.8957894736842106;0.9424141749723145;0.8957894736842106;0.9185105234754454;4255;260;495
821;steel_arch_bridge;4750;;0.8901052631578947;0.9484073575594437;0.8901052631578947;0.9183318853171155;4228;230;522
826;stopwatch;4750;;0.8694736842105263;0.971764705882353;0.8694736842105263;0.9177777777777778;4130;120;620
464;buckle;4750;;0.8587368421052631;0.9850277710697899;0.8587368421052631;0.917557080193454;4079;62;671
560;football_helmet;4750;;0.9214736842105263;0.9133973288814691;0.9214736842105263;0.9174177321316286;4377;415;373
133;bittern;4750;;0.8663157894736843;0.9739644970414201;0.8663157894736843;0.9169916434540389;4115;110;635
145;king_penguin;4750;;0.8882105263157895;0.9474511565236919;0.8882105263157895;0.9168749320873628;4219;234;531
840;swab;4750;;0.871578947368421;0.9663865546218487;0.871578947368421;0.9165375249059109;4140;144;610
886;vending_machine;4750;;0.8907368421052632;0.9437876422038813;0.8907368421052632;0.91649518033142;4231;252;519
294;brown_bear;4750;;0.8848421052631579;0.9496159060099413;0.8848421052631579;0.9160854402789887;4203;223;547
561;forklift;4750;;0.8553684210526316;0.9859257461781121;0.8553684210526316;0.9160184872055012;4063;58;687
726;plane;4750;;0.864421052631579;0.9739089184060721;0.864421052631579;0.9159045282177114;4106;110;644
686;oil_filter;4750;;0.8713684210526316;0.9650268127768711;0.8713684210526316;0.9158092709370506;4139;150;611
635;magnetic_compass;4750;;0.8661052631578947;0.9707409155261916;0.8661052631578947;0.9154428126390743;4114;124;636
528;dial_telephone;4750;;0.8541052631578947;0.9859052247873633;0.8541052631578947;0.9152848279751834;4057;58;693
131;little_blue_heron;4750;;0.8648421052631579;0.9718476460846937;0.8648421052631579;0.9152278043889941;4108;119;642
456;bow;4750;;0.868;0.9667057444314185;0.868;0.9146977260122019;4123;142;627
694;paddlewheel;4750;;0.888;0.9429912810194501;0.888;0.9146698471213272;4218;255;532
138;bustard;4750;;0.8747368421052631;0.9582564575645757;0.8747368421052631;0.9145938806955757;4155;181;595
771;safe;4750;;0.8547368421052631;0.9832889319447808;0.8547368421052631;0.9145174006081765;4060;69;690
218;Welsh_springer_spaniel;4750;;0.8707368421052631;0.962531999069118;0.8707368421052631;0.9143362440588041;4136;161;614
559;folding_chair;4750;;0.8570526315789474;0.9797833935018051;0.8570526315789474;0.9143177989893319;4071;84;679
97;drake;4750;;0.8486315789473684;0.990661096092406;0.8486315789473684;0.9141626034697812;4031;38;719
463;bucket;4750;;0.8576842105263158;0.9781512605042016;0.8576842105263158;0.9139652271452607;4074;91;676
375;colobus;4750;;0.8722105263157894;0.9599165894346617;0.8722105263157894;0.913964262078094;4143;173;607
264;Cardigan;4750;;0.8597894736842105;0.9754000477668976;0.8597894736842105;0.9139532281526239;4084;103;666
883;vase;4750;;0.856421052631579;0.9797687861271677;0.856421052631579;0.913951920916648;4068;84;682
855;thimble;4750;;0.8642105263157894;0.9697613985353177;0.8642105263157894;0.9139485695202048;4105;128;645
447;binoculars;4750;;0.8490526315789474;0.9889651790093182;0.8490526315789474;0.9136837335749887;4033;45;717
96;toucan;4750;;0.9237894736842105;0.9034383364216595;0.9237894736842105;0.9135005724992193;4388;469;362
642;marimba;4750;;0.8492631578947368;0.9877571008814887;0.8492631578947368;0.913289563051845;4034;50;716
13;junco;4750;;0.8654736842105263;0.9663845792195581;0.8654736842105263;0.9131497112394492;4111;143;639
614;kimono;4750;;0.8597894736842105;0.9735399284862932;0.8597894736842105;0.9131358300726664;4084;111;666
993;gyromitra;4750;;0.8730526315789474;0.9570736210477729;0.8730526315789474;0.9131344269514479;4147;186;603
816;spindle;4750;;0.9006315789473684;0.9257736420688163;0.9006315789473684;0.9130295592786256;4278;343;472
822;steel_drum;4750;;0.859578947368421;0.9735336194563662;0.859578947368421;0.9130143112701252;4083;111;667
363;armadillo;4750;;0.8625263157894737;0.9697041420118343;0.8625263157894737;0.9129805013927577;4097;128;653
253;basenji;4750;;0.8711578947368421;0.9578703703703704;0.8711578947368421;0.9124586549062844;4138;182;612
547;electric_locomotive;4750;;0.8930526315789473;0.9327176781002638;0.8930526315789473;0.9124542912454291;4242;306;508
31;tree_frog;4750;;0.8732631578947369;0.9553201289728236;0.8732631578947369;0.9124505059392872;4148;194;602
755;radio_telescope;4750;;0.8652631578947368;0.9650152617985442;0.8652631578947368;0.9124209124209124;4110;149;640
953;pineapple;4750;;0.8473684210526315;0.9879725085910653;0.8473684210526315;0.9122846781504986;4025;49;725
351;hartebeest;4750;;0.9162105263157895;0.9083698601544563;0.9162105263157895;0.9122733466093701;4352;439;398
738;pot;4750;;0.868421052631579;0.9606427573358174;0.868421052631579;0.9122069880583813;4125;169;625
422;barbell;4750;;0.8433684210526315;0.9915841584158416;0.8433684210526315;0.911490329920364;4006;34;744
990;buckeye;4750;;0.8943157894736842;0.9291338582677166;0.8943157894736842;0.9113924050632912;4248;324;502
756;rain_barrel;4750;;0.844421052631579;0.9893931919092255;0.844421052631579;0.9111767378464335;4011;43;739
545;electric_fan;4750;;0.8981052631578947;0.9241767764298093;0.8981052631578947;0.9109545163356821;4266;350;484
891;waffle_iron;4750;;0.8473684210526315;0.9845890410958904;0.8473684210526315;0.9108395564607377;4025;63;725
667;mortarboard;4750;;0.8705263157894737;0.9549653579676675;0.8705263157894737;0.9107929515418502;4135;195;615
307;weevil;4750;;0.884421052631579;0.9385612153708669;0.884421052631579;0.9106871883806634;4201;275;549
471;cannon;4750;;0.8385263157894737;0.9959989997499374;0.8385263157894737;0.9105040576065836;3983;16;767
79;centipede;4750;;0.8528421052631578;0.9763798505664015;0.8528421052631578;0.9104393752106977;4051;98;699
274;dhole;4750;;0.8783157894736842;0.944960362400906;0.8783157894736842;0.9104200763775231;4172;243;578
707;pay-phone;4750;;0.8545263157894737;0.9738483685220729;0.8545263157894737;0.9102937878448082;4059;109;691
141;redshank;4750;;0.8892631578947369;0.9320388349514563;0.8892631578947369;0.9101486748545571;4224;308;526
217;English_springer;4750;;0.8793684210526316;0.9428893905191874;0.8793684210526316;0.9100217864923746;4177;253;573
920;traffic_light;4750;;0.8671578947368421;0.9572391354868697;0.8671578947368421;0.9099745940572186;4119;184;631
709;pencil_box;4750;;0.8692631578947368;0.954461396208969;0.8692631578947368;0.9098721903922432;4129;197;621
506;coil;4750;;0.912;0.907605279698303;0.912;0.9097973327732858;4332;441;418
512;corkscrew;4750;;0.8757894736842106;0.9463148316651502;0.8757894736842106;0.9096872949923464;4160;236;590
661;Model_T;4750;;0.8831578947368421;0.9378493181310082;0.8831578947368421;0.9096823159492573;4195;278;555
354;Arabian_camel;4750;;0.8486315789473684;0.9800632141988816;0.8486315789473684;0.9096242807175899;4031;82;719
400;academic_gown;4750;;0.8597894736842105;0.9654846335697399;0.8597894736842105;0.9095768374164811;4084;146;666
602;horizontal_bar;4750;;0.844421052631579;0.9852616064848931;0.844421052631579;0.9094207006008389;4011;60;739
919;street_sign;4750;;0.864;0.9597754911131899;0.864;0.9093729226678483;4104;172;646
571;gas_pump;4750;;0.8391578947368421;0.9917890022393631;0.8391578947368421;0.9091116432888584;3986;33;764
622;lens_cap;4750;;0.8458947368421053;0.9823960880195599;0.8458947368421053;0.9090497737556561;4018;72;732
877;turnstile;4750;;0.8490526315789474;0.9779340446168768;0.8490526315789474;0.9089474870407933;4033;91;717
670;motor_scooter;4750;;0.8816842105263157;0.9377519032691446;0.8816842105263157;0.9088541666666667;4188;278;562
421;bannister;4750;;0.8534736842105263;0.9717162032598274;0.8534736842105263;0.9087648509302848;4054;118;696
83;prairie_chicken;4750;;0.8953684210526316;0.9223595749295164;0.8953684210526316;0.9086636043157783;4253;358;497
609;jeep;4750;;0.8747368421052631;0.9451774340309372;0.8747368421052631;0.9085939208397112;4155;241;595
619;lampshade;4750;;0.8690526315789474;0.9518100069172238;0.8690526315789474;0.9085506767910202;4128;209;622
201;silky_terrier;4750;;0.8526315789473684;0.9716890595009597;0.8526315789473684;0.9082753980713164;4050;118;700
502;clog;4750;;0.8488421052631578;0.976271186440678;0.8488421052631578;0.9081081081081082;4032;98;718
7;cock;4750;;0.8789473684210526;0.9392575928008999;0.8789473684210526;0.9081022294725395;4175;270;575
779;school_bus;4750;;0.8869473684210526;0.9300220750551876;0.8869473684210526;0.9079741379310344;4213;317;537
823;stethoscope;4750;;0.8454736842105263;0.9797511588192243;0.8454736842105263;0.9076731834105548;4016;83;734
98;red-breasted_merganser;4750;;0.9136842105263158;0.9015371832156212;0.9136842105263158;0.9075700543705563;4340;474;410
235;German_shepherd;4750;;0.8376842105263158;0.9900472754416522;0.8376842105263158;0.9075151100467556;3979;40;771
113;snail;4750;;0.8541052631578947;0.9677958015267175;0.8541052631578947;0.9074032654887049;4057;135;693
517;crane;4750;;0.8865263157894737;0.9291703442188879;0.8865263157894737;0.9073475544063779;4211;321;539
732;Polaroid_camera;4750;;0.879578947368421;0.9367713004484305;0.879578947368421;0.9072747014115092;4178;282;572
494;chime;4750;;0.840842105263158;0.9849568434032059;0.840842105263158;0.9072118114707552;3994;61;756
487;cellular_telephone;4750;;0.8768421052631579;0.9393324312133514;0.8768421052631579;0.9070121951219513;4165;269;585
828;strainer;4750;;0.8545263157894737;0.9661985241609141;0.8545263157894737;0.9069377723159424;4059;142;691
918;crossword_puzzle;4750;;0.8534736842105263;0.9675417661097852;0.8534736842105263;0.9069351230425057;4054;136;696
225;malinois;4750;;0.8728421052631579;0.9433447098976109;0.8728421052631579;0.9067249863313286;4146;249;604
566;French_horn;4750;;0.8498947368421053;0.9716004813477738;0.8498947368421053;0.9066816395283548;4037;118;713
704;parking_meter;4750;;0.8336842105263158;0.9934771700953337;0.8336842105263158;0.9065934065934066;3960;26;790
668;mosque;4750;;0.844842105263158;0.9778265107212476;0.844842105263158;0.9064829455613284;4013;91;737
687;organ;4750;;0.868;0.9478160919540229;0.868;0.9061538461538461;4123;227;627
770;running_shoe;4750;;0.8496842105263158;0.9701923076923077;0.8496842105263158;0.9059483726150394;4036;124;714
260;chow;4750;;0.8648421052631579;0.9507058551261283;0.8648421052631579;0.9057435784367766;4108;213;642
843;swing;4750;;0.8696842105263158;0.9446604161902584;0.8696842105263158;0.9056231502795132;4131;242;619
232;Border_collie;4750;;0.8831578947368421;0.9287137480628735;0.8831578947368421;0.9053631164346607;4195;322;555
355;llama;4750;;0.8374736842105264;0.9851411589895989;0.8374736842105264;0.9053254437869823;3978;60;772
859;toaster;4750;;0.852421052631579;0.965196662693683;0.852421052631579;0.9053102291783119;4049;146;701
943;cucumber;4750;;0.8381052631578947;0.9839347503707365;0.8381052631578947;0.9051841746248295;3981;65;769
939;zucchini;4750;;0.8343157894736842;0.9890192163713502;0.8343157894736842;0.9051044878383009;3963;44;787
641;maraca;4750;;0.8890526315789473;0.9212478184991274;0.8890526315789473;0.9048639382901221;4223;361;527
216;clumber;4750;;0.8566315789473684;0.958765315739868;0.8566315789473684;0.9048254391816766;4069;175;681
802;snowmobile;4750;;0.884421052631579;0.9261463844797179;0.884421052631579;0.904802929140642;4201;335;549
541;drum;4750;;0.8372631578947368;0.9839188520534389;0.8372631578947368;0.9046860782529572;3977;65;773
737;pop_bottle;4750;;0.8492631578947368;0.9676181338450468;0.8492631578947368;0.9045857158874314;4034;135;716
994;stinkhorn;4750;;0.8433684210526315;0.9751703992210321;0.8433684210526315;0.9044931135696546;4006;102;744
22;bald_eagle;4750;;0.892;0.9172981164754276;0.892;0.9044721955384779;4237;382;513
703;park_bench;4750;;0.8555789473684211;0.9591692235071985;0.8555789473684211;0.9044174919327918;4064;173;686
10;brambling;4750;;0.872421052631579;0.9388309922972361;0.872421052631579;0.904408555216063;4144;270;606
210;German_short-haired_pointer;4750;;0.8557894736842105;0.9587264150943396;0.8557894736842105;0.9043381535038932;4065;175;685
773;saltshaker;4750;;0.8717894736842106;0.9390022675736961;0.8717894736842106;0.9041484716157205;4141;269;609
740;power_drill;4750;;0.8298947368421052;0.9929471032745592;0.8298947368421052;0.9041284403669724;3942;28;808
584;hair_slide;4750;;0.8703157894736843;0.9406143344709897;0.8703157894736843;0.9041006014215419;4134;261;616
890;volleyball;4750;;0.844;0.9730582524271845;0.844;0.903945885005637;4009;111;741
544;Dutch_oven;4750;;0.8562105263157894;0.957166392092257;0.8562105263157894;0.9038782086898544;4067;182;683
748;purse;4750;;0.8522105263157894;0.9622058473971952;0.8522105263157894;0.9038740649771129;4048;159;702
196;miniature_schnauzer;4750;;0.8618947368421053;0.9498839907192576;0.8618947368421053;0.9037527593818985;4094;216;656
596;hatchet;4750;;0.8341052631578947;0.9860627177700348;0.8341052631578947;0.9037408759124087;3962;56;788
511;convertible;4750;;0.8858947368421053;0.9222003068156914;0.8858947368421053;0.9036830237302695;4208;355;542
752;racket;4750;;0.8669473684210526;0.9434135166093929;0.8669473684210526;0.9035655512890838;4118;247;632
557;flagpole;4750;;0.8711578947368421;0.9383219954648526;0.8711578947368421;0.9034934497816595;4138;272;612
787;shield;4750;;0.8387368421052631;0.9788697788697789;0.8387368421052631;0.9034013605442176;3984;86;766
757;recreational_vehicle;4750;;0.8406315789473684;0.976283618581907;0.8406315789473684;0.9033936651583709;3993;97;757
569;garbage_truck;4750;;0.8747368421052631;0.9334980903167828;0.8747368421052631;0.9031626997065537;4155;296;595
808;sombrero;4750;;0.832421052631579;0.9867731469927626;0.832421052631579;0.9030489893799247;3954;53;796
156;Blenheim_spaniel;4750;;0.8701052631578947;0.9382519863791147;0.8701052631578947;0.9028945931185145;4133;272;617
590;hand-held_computer;4750;;0.8572631578947368;0.9536299765807963;0.8572631578947368;0.9028824833702883;4072;198;678
702;parallel_bars;4750;;0.8658947368421053;0.9431323091034166;0.8658947368421053;0.9028646690813301;4113;248;637
575;golfcart;4750;;0.8288421052631579;0.9911883182275931;0.8288421052631579;0.9027745929832608;3937;35;813
659;mixing_bowl;4750;;0.8541052631578947;0.9572911750825861;0.8541052631578947;0.9027592345349355;4057;181;693
693;paddle;4750;;0.8515789473684211;0.9601234274863518;0.8515789473684211;0.9025995760348098;4045;168;705
498;cinema;4750;;0.844421052631579;0.9693088448525858;0.844421052631579;0.9025652565256527;4011;127;739
592;hard_disc;4750;;0.8317894736842105;0.9862705941088368;0.8317894736842105;0.9024668798538146;3951;55;799
350;ibex;4750;;0.8298947368421052;0.9887133182844243;0.8298947368421052;0.9023692342909464;3942;45;808
420;banjo;4750;;0.8562105263157894;0.9535756154747949;0.8562105263157894;0.9022739877981143;4067;198;683
20;water_ouzel;4750;;0.8538947368421053;0.9563782126856873;0.8538947368421053;0.9022355689022356;4056;185;694
766;rotisserie;4750;;0.8475789473684211;0.964311377245509;0.8475789473684211;0.9021848739495799;4026;149;724
600;hook;4750;;0.8326315789473684;0.9843205574912892;0.8326315789473684;0.9021441605839416;3955;63;795
801;snorkel;4750;;0.8713684210526316;0.9343115124153499;0.8713684210526316;0.9017429193899782;4139;291;611
466;bullet_train;4750;;0.8814736842105263;0.9228565131143928;0.8814736842105263;0.9016905351566705;4187;350;563
870;tricycle;4750;;0.8237894736842105;0.9956743002544529;0.8237894736842105;0.9016129032258063;3913;17;837
645;maypole;4750;;0.9252631578947368;0.8788242351529694;0.9252631578947368;0.9014460055378936;4395;606;355
63;Indian_cobra;4750;;0.8461052631578947;0.9644828413726901;0.8461052631578947;0.9014242458225861;4019;148;731
811;space_heater;4750;;0.8292631578947368;0.987218045112782;0.8292631578947368;0.9013729977116706;3939;51;811
806;sock;4750;;0.876421052631579;0.9275846702317291;0.876421052631579;0.9012773327560079;4163;325;587
507;combination_lock;4750;;0.8810526315789474;0.9222124283825474;0.8810526315789474;0.9011627906976745;4185;353;565
563;fountain_pen;4750;;0.9166315789473685;0.8858596134282808;0.9166315789473685;0.9009829280910502;4354;561;396
836;sunglass;4750;;0.8543157894736843;0.9530295913574448;0.8543157894736843;0.9009769094138543;4058;200;692
324;cabbage_butterfly;4750;;0.8652631578947368;0.9396433470507545;0.8652631578947368;0.9009206488382289;4110;264;640
725;pitcher;4750;;0.8509473684210527;0.9569128787878788;0.8509473684210527;0.900824604412748;4042;182;708
442;bell_cote;4750;;0.8423157894736842;0.9678277697145622;0.8423157894736842;0.9007203962179199;4001;133;749
39;common_iguana;4750;;0.8383157894736842;0.9731182795698925;0.8383157894736842;0.9007011988237955;3982;110;768
193;Australian_terrier;4750;;0.8526315789473684;0.9542884071630537;0.8526315789473684;0.9006004002668446;4050;194;700
957;pomegranate;4750;;0.848421052631579;0.9595238095238096;0.848421052631579;0.9005586592178771;4030;170;720
448;birdhouse;4750;;0.8865263157894737;0.9150369404606693;0.8865263157894737;0.9005560307955518;4211;391;539
912;worm_fence;4750;;0.8589473684210527;0.945977277996754;0.8589473684210527;0.9003641178417744;4080;233;670
708;pedestal;4750;;0.8288421052631579;0.9852352352352353;0.8288421052631579;0.9002972787560029;3937;59;813
273;dingo;4750;;0.8642105263157894;0.9393592677345538;0.8642105263157894;0.9002192982456141;4105;265;645
954;banana;4750;;0.836;0.9747177221404025;0.836;0.9000453309156845;3971;103;779
117;chambered_nautilus;4750;;0.9;0.9;0.9;0.9;4275;475;475
427;barrel;4750;;0.8627368421052631;0.9403396053235429;0.8627368421052631;0.8998682476943347;4098;260;652
733;pole;4750;;0.84;0.9689169499757163;0.84;0.8998646820027063;3990;128;760
765;rocking_chair;4750;;0.8341052631578947;0.976343026121242;0.8341052631578947;0.8996366939146231;3962;96;788
349;bighorn;4750;;0.8566315789473684;0.9471601489757915;0.8566315789473684;0.8996241432677428;4069;227;681
753;radiator;4750;;0.8505263157894737;0.9546313799621928;0.8505263157894737;0.89957693164106;4040;192;710
47;African_chameleon;4750;;0.8587368421052631;0.9444315813845797;0.8587368421052631;0.8995479104642188;4079;240;671
595;harvester;4750;;0.8774736842105263;0.9227363294221829;0.8774736842105263;0.8995359879141038;4168;349;582
774;sandal;4750;;0.8261052631578948;0.9871698113207548;0.8261052631578948;0.8994842406876792;3924;51;826
89;sulphur-crested_cockatoo;4750;;0.8414736842105263;0.9652257908717701;0.8414736842105263;0.8991114610280058;3997;144;753
542;drumstick;4750;;0.8427368421052631;0.9634175691937424;0.8427368421052631;0.899045480067378;4003;152;747
761;remote_control;4750;;0.876;0.9232305302862215;0.876;0.8989953548665874;4161;346;589
172;whippet;4750;;0.8263157894736842;0.9856855851330989;0.8263157894736842;0.8989922125515345;3925;57;825
630;Loafer;4750;;0.8456842105263158;0.959398137090996;0.8456842105263158;0.8989593823430682;4017;170;733
729;plate_rack;4750;;0.8214736842105264;0.9921179760996695;0.8214736842105264;0.898767707013705;3902;31;848
521;Crock_Pot;4750;;0.8482105263157895;0.9554185439886175;0.8482105263157895;0.8986283037805285;4029;188;721
428;barrow;4750;;0.8341052631578947;0.9739429695181907;0.8341052631578947;0.8986164663188931;3962;106;788
86;partridge;4750;;0.8433684210526315;0.9615938550168027;0.8433684210526315;0.8986092418124719;4006;160;744
160;Afghan_hound;4750;;0.8362105263157895;0.9709117575164996;0.8362105263157895;0.8985408890397014;3972;119;778
300;tiger_beetle;4750;;0.9088421052631579;0.8882716049382716;0.9088421052631579;0.8984391259105098;4317;543;433
601;hoopskirt;4750;;0.8488421052631578;0.9540937056318031;0.8488421052631578;0.8983957219251336;4032;194;718
543;dumbbell;4750;;0.8225263157894737;0.9896149949341438;0.8225263157894737;0.8983674407909864;3907;41;843
173;Ibizan_hound;4750;;0.8338947368421052;0.9734578520521012;0.8338947368421052;0.8982877877310351;3961;108;789
907;wine_bottle;4750;;0.8566315789473684;0.9440835266821346;0.8566315789473684;0.898233995584989;4069;241;681
94;hummingbird;4750;;0.904;0.8925379339014757;0.904;0.898232402468361;4294;517;456
514;cowboy_boot;4750;;0.8288421052631579;0.980084640278815;0.8288421052631579;0.8981407551043686;3937;80;813
362;badger;4750;;0.8797894736842106;0.9172519754170325;0.8797894736842106;0.8981302385557706;4179;377;571
683;oboe;4750;;0.8821052631578947;0.9146474568871426;0.8821052631578947;0.8980816632729611;4190;391;560
623;letter_opener;4750;;0.8290526315789474;0.9796019900497512;0.8290526315789474;0.8980615735461802;3938;82;812
40;American_chameleon;4750;;0.8507368421052631;0.9508235294117647;0.8507368421052631;0.898;4041;209;709
185;Norfolk_terrier;4750;;0.8332631578947368;0.9734382685686178;0.8332631578947368;0.8979128856624319;3958;108;792
682;obelisk;4750;;0.8701052631578947;0.9273053623513574;0.8701052631578947;0.897795155859672;4133;324;617
852;tennis_ball;4750;;0.895578947368421;0.8999365348000846;0.895578947368421;0.8977524533080089;4254;473;496
540;drilling_platform;4750;;0.8768421052631579;0.9194260485651214;0.8768421052631579;0.8976293103448275;4165;365;585
532;dining_table;4750;;0.844421052631579;0.9575077584148961;0.844421052631579;0.8974158183241974;4011;178;739
165;black-and-tan_coonhound;4750;;0.8469473684210527;0.9542220113851992;0.8469473684210527;0.8973901405308945;4023;193;727
325;sulphur_butterfly;4750;;0.8376842105263158;0.9662457503642545;0.8376842105263158;0.8973838520523231;3979;139;771
588;hamper;4750;;0.8425263157894737;0.9597122302158273;0.8425263157894737;0.8973094170403587;4002;168;748
71;scorpion;4750;;0.8423157894736842;0.9594724220623502;0.8423157894736842;0.897085201793722;4001;169;749
132;American_egret;4750;;0.8741052631578947;0.9208250166333999;0.8741052631578947;0.896857111999136;4152;357;598
479;car_wheel;4750;;0.844421052631579;0.9554549785612196;0.844421052631579;0.8965131873044255;4011;187;739
87;African_grey;4750;;0.8166315789473684;0.9935963114754098;0.8166315789473684;0.8964640628611046;3879;25;871
848;tape_player;4750;;0.8303157894736842;0.9735867686990867;0.8303157894736842;0.8962617884331325;3944;107;806
48;Komodo_dragon;4750;;0.8355789473684211;0.9661635832521909;0.8355789473684211;0.896139083314518;3969;139;781
308;fly;4750;;0.844;0.9549785612196284;0.844;0.8960661600357621;4009;189;741
991;coral_fungus;4750;;0.8614736842105263;0.9333941605839416;0.8614736842105263;0.8959929932121743;4092;292;658
495;china_cabinet;4750;;0.8486315789473684;0.9489171374764596;0.8486315789473684;0.8959768837519448;4031;217;719
486;cello;4750;;0.8467368421052631;0.9512771996215705;0.8467368421052631;0.8959679215860993;4022;206;728
772;safety_pin;4750;;0.8221052631578948;0.9843710612553567;0.8221052631578948;0.8959504416657107;3905;62;845
650;microphone;4750;;0.8315789473684211;0.9709931170108161;0.8315789473684211;0.8958947607167159;3950;118;800
23;vulture;4750;;0.8362105263157895;0.9643117261471231;0.8362105263157895;0.8957041380087947;3972;147;778
278;kit_fox;4750;;0.8282105263157895;0.9749690210656753;0.8282105263157895;0.8956175298804782;3934;101;816
311;grasshopper;4750;;0.8275789473684211;0.9756763464879623;0.8275789473684211;0.8955461897710446;3931;98;819
589;hand_blower;4750;;0.836421052631579;0.9636187242299297;0.836421052631579;0.8955257522822044;3973;150;777
159;Rhodesian_ridgeback;4750;;0.8536842105263158;0.9414905967030416;0.8536842105263158;0.8954399911670532;4055;252;695
574;golf_ball;4750;;0.8614736842105263;0.932118451025057;0.8614736842105263;0.8954048140043763;4092;298;658
432;bassoon;4750;;0.8471578947368421;0.9492804906817646;0.8471578947368421;0.895316497941929;4024;215;726
699;panpipe;4750;;0.8669473684210526;0.9251853516063806;0.8669473684210526;0.895120095641778;4118;333;632
215;Brittany_spaniel;4750;;0.8368421052631579;0.9615384615384616;0.8368421052631579;0.894867176947321;3975;159;775
866;tractor;4750;;0.8768421052631579;0.9135775389339768;0.8768421052631579;0.8948329573530991;4165;394;585
745;projector;4750;;0.8446315789473684;0.9511616880037933;0.8446315789473684;0.894736842105263;4012;206;738
888;viaduct;4750;;0.8553684210526316;0.9376875144241865;0.8553684210526316;0.8946383353517561;4063;270;687
322;ringlet;4750;;0.8722105263157894;0.918218085106383;0.8722105263157894;0.8946231915353057;4143;369;607
57;garter_snake;4750;;0.860421052631579;0.9316161385912924;0.860421052631579;0.8946043559155084;4087;300;663
445;bikini;4750;;0.8389473684210527;0.9581630199567204;0.8389473684210527;0.8946009653159726;3985;174;765
8;hen;4750;;0.8311578947368421;0.9683590875643856;0.8311578947368421;0.8945281522601112;3948;129;802
837;sunglasses;4750;;0.8315789473684211;0.9676629103380696;0.8315789473684211;0.8944746376811594;3950;132;800
504;coffee_mug;4750;;0.8235789473684211;0.9784892446223111;0.8235789473684211;0.8943758573388203;3912;86;838
997;bolete;4750;;0.8541052631578947;0.9380346820809249;0.8541052631578947;0.8941046831955922;4057;268;693
426;barometer;4750;;0.9248421052631579;0.8652747685641127;0.9248421052631579;0.8940673654217971;4393;684;357
874;trolleybus;4750;;0.9004210526315789;0.8877127438771274;0.9004210526315789;0.8940217391304347;4277;541;473
674;mousetrap;4750;;0.8244210526315789;0.9763151333831962;0.8244210526315789;0.8939618764981165;3916;95;834
360;otter;4750;;0.8387368421052631;0.9567723342939481;0.8387368421052631;0.8938748036796051;3984;180;766
234;Rottweiler;4750;;0.8713684210526316;0.9173315602836879;0.8713684210526316;0.8937594472036277;4139;373;611
347;bison;4750;;0.8526315789473684;0.9390215627173661;0.8526315789473684;0.8937437934458788;4050;263;700
176;Saluki;4750;;0.8610526315789474;0.9284903518728718;0.8610526315789474;0.8935008192244677;4090;315;660
220;Sussex_spaniel;4750;;0.832;0.9646082499389798;0.832;0.8934101955465129;3952;145;798
337;beaver;4750;;0.824;0.9755732801595214;0.824;0.893403332572472;3914;98;836
768;rugby_ball;4750;;0.8692631578947368;0.9187805963506898;0.8692631578947368;0.893336218087408;4129;365;621
679;necklace;4750;;0.8892631578947369;0.897196261682243;0.8892631578947369;0.8932120955804611;4224;484;526
213;Irish_setter;4750;;0.8178947368421052;0.9837933654089643;0.8178947368421052;0.8932061156454765;3885;64;865
128;black_stork;4750;;0.8896842105263157;0.8966687884574581;0.8896842105263157;0.893162844763817;4226;487;524
827;stove;4750;;0.8153684210526316;0.9870030581039755;0.8153684210526316;0.8930136038736453;3873;51;877
227;kelpie;4750;;0.8221052631578948;0.9772272272272272;0.8221052631578948;0.8929796478390121;3905;91;845
169;borzoi;4750;;0.84;0.9529496059230953;0.84;0.8929170862705605;3990;197;760
618;ladle;4750;;0.8221052631578948;0.9769827370527896;0.8221052631578948;0.8928775580198925;3905;92;845
632;loudspeaker;4750;;0.8421052631578947;0.949893137022085;0.8421052631578947;0.8927575047427742;4000;211;750
892;wall_clock;4750;;0.8435789473684211;0.9479536314170807;0.8435789473684211;0.8927258549626823;4007;220;743
515;cowboy_hat;4750;;0.8362105263157895;0.9573391178597253;0.8362105263157895;0.8926845713001461;3972;177;778
719;piggy_bank;4750;;0.8543157894736843;0.9345923537540304;0.8543157894736843;0.8926528816542014;4058;284;692
418;ballpoint;4750;;0.88;0.9055459272097054;0.88;0.8925902199444801;4180;436;570
412;ashcan;4750;;0.8164210526315789;0.984263959390863;0.8164210526315789;0.8925201380897584;3878;62;872
842;swimming_trunks;4750;;0.8543157894736843;0.9341620626151013;0.8543157894736843;0.8924565647679789;4058;286;692
672;mountain_tent;4750;;0.8345263157894737;0.9588776003870344;0.8345263157894737;0.8923908149482215;3964;170;786
179;Staffordshire_bullterrier;4750;;0.8402105263157895;0.9513706793802146;0.8402105263157895;0.8923420905533818;3991;204;759
829;streetcar;4750;;0.8242105263157895;0.9726708074534162;0.8242105263157895;0.8923076923076925;3915;110;835
882;vacuum;4750;;0.8162105263157895;0.9840101522842639;0.8162105263157895;0.8922899884925202;3877;63;873
146;albatross;4750;;0.852;0.9363720499768625;0.852;0.8921957671957672;4047;275;703
122;American_lobster;4750;;0.8275789473684211;0.9677498769079271;0.8275789473684211;0.8921924648206991;3931;131;819
945;bell_pepper;4750;;0.8538947368421053;0.9339166474787014;0.8538947368421053;0.8921148135928736;4056;287;694
166;Walker_hound;4750;;0.8341052631578947;0.9583938074504113;0.8341052631578947;0.8919405673120215;3962;172;788
845;syringe;4750;;0.8271578947368421;0.9674956907165723;0.8271578947368421;0.89183974577233;3929;132;821
572;goblet;4750;;0.8496842105263158;0.9383864217623809;0.8496842105263158;0.8918351563363164;4036;265;714
148;killer_whale;4750;;0.8953684210526316;0.8878914405010438;0.8953684210526316;0.8916142557651993;4253;537;497
114;slug;4750;;0.8244210526315789;0.9705080545229244;0.8244210526315789;0.8915196357427434;3916;119;834
262;Brabancon_griffon;4750;;0.8271578947368421;0.9663059517953763;0.8271578947368421;0.8913339382940109;3929;137;821
967;espresso;4750;;0.8648421052631579;0.9194270367054611;0.8648421052631579;0.8912996311564331;4108;360;642
75;black_widow;4750;;0.8808421052631579;0.9013356311934511;0.8808421052631579;0.8909710391822827;4184;458;566
583;guillotine;4750;;0.8557894736842105;0.9291428571428572;0.8557894736842105;0.890958904109589;4065;310;685
175;otterhound;4750;;0.8271578947368421;0.9651191353475804;0.8271578947368421;0.8908287042285455;3929;142;821
490;chain_mail;4750;;0.8646315789473684;0.9185864459852382;0.8646315789473684;0.8907927556664136;4107;364;643
647;measuring_cup;4750;;0.8138947368421052;0.9837150127226463;0.8138947368421052;0.8907834101382487;3866;64;884
834;suit;4750;;0.8395789473684211;0.9483947681331748;0.8395789473684211;0.890675600223339;3988;217;762
778;scale;4750;;0.8101052631578948;0.9881869542886492;0.8101052631578948;0.8903285515964832;3848;46;902
316;cicada;4750;;0.8132631578947368;0.9834521384928717;0.8132631578947368;0.8902973035261581;3863;65;887
895;warplane;4750;;0.8452631578947368;0.9402810304449649;0.8452631578947368;0.8902439024390244;4015;255;735
263;Pembroke;4750;;0.8252631578947368;0.9659931000492854;0.8252631578947368;0.8900999091734787;3920;138;830
423;barber_chair;4750;;0.8263157894736842;0.9643734643734644;0.8263157894736842;0.8900226757369615;3925;145;825
758;reel;4750;;0.8288421052631579;0.960947034415426;0.8288421052631579;0.8900192155532949;3937;160;813
346;water_buffalo;4750;;0.8303157894736842;0.9589107707269633;0.8303157894736842;0.8899921019970666;3944;169;806
523;crutch;4750;;0.8216842105263158;0.9704127299850821;0.8216842105263158;0.8898768809849521;3903;119;847
501;cloak;4750;;0.8256842105263158;0.9648216482164822;0.8256842105263158;0.8898468519568916;3922;143;828
105;koala;4750;;0.8288421052631579;0.9600097537186052;0.8288421052631579;0.8896169924302338;3937;164;813
379;howler_monkey;4750;;0.8728421052631579;0.9070225333625027;0.8728421052631579;0.8896041197296426;4146;425;604
519;crate;4750;;0.8141052631578948;0.9804766734279919;0.8141052631578948;0.8895790200138027;3867;77;883
277;red_fox;4750;;0.8534736842105263;0.9287514318442154;0.8534736842105263;0.8895227646736149;4054;311;696
473;can_opener;4750;;0.8614736842105263;0.9193439676477196;0.8614736842105263;0.8894685360286925;4092;359;658
41;whiptail;4750;;0.8536842105263158;0.9281300068665599;0.8536842105263158;0.8893519026209015;4055;314;695
452;bonnet;4750;;0.8370526315789474;0.9480209823557463;0.8370526315789474;0.8890876565295169;3976;218;774
518;crash_helmet;4750;;0.9065263157894737;0.8721895888191209;0.9065263157894737;0.8890265304015691;4306;631;444
162;beagle;4750;;0.8395789473684211;0.9443523561449206;0.8395789473684211;0.888888888888889;3988;235;762
875;trombone;4750;;0.8170526315789474;0.9743911624403716;0.8170526315789474;0.8888125500973321;3881;102;869
716;picket_fence;4750;;0.8768421052631579;0.9009301319489509;0.8768421052631579;0.8887229275578791;4165;458;585
775;sarong;4750;;0.836;0.947958940081165;0.836;0.8884662713950106;3971;218;779
503;cocktail_shaker;4750;;0.864421052631579;0.9138660137992433;0.864421052631579;0.8884561289624581;4106;387;644
597;holster;4750;;0.8073684210526316;0.9876384238990471;0.8073684210526316;0.8884512915556585;3835;48;915
628;liner;4750;;0.8265263157894737;0.9603718199608611;0.8265263157894737;0.8884362978049332;3926;162;824
579;grand_piano;4750;;0.8338947368421052;0.9505639548836093;0.8338947368421052;0.8884153863406976;3961;206;789
158;toy_terrier;4750;;0.8509473684210527;0.9291954022988506;0.8509473684210527;0.8883516483516485;4042;308;708
326;lycaenid;4750;;0.832;0.95274831243973;0.832;0.8882895032591593;3952;196;798
608;jean;4750;;0.8458947368421053;0.9339841933984193;0.8458947368421053;0.8877596111356605;4018;284;732
80;black_grouse;4750;;0.9267368421052632;0.8517801857585139;0.9267368421052632;0.8876789675337771;4402;766;348
485;CD_player;4750;;0.8178947368421052;0.9700374531835206;0.8178947368421052;0.8874928612221588;3885;120;865
744;projectile;4750;;0.8216842105263158;0.9646564508156203;0.8216842105263158;0.8874488403819918;3903;143;847
879;umbrella;4750;;0.8503157894736842;0.927652733118971;0.8503157894736842;0.8873022847100175;4039;315;711
481;cassette;4750;;0.8465263157894737;0.9318655851680185;0.8465263157894737;0.8871483728626585;4021;294;729
393;anemone_fish;4750;;0.840842105263158;0.9386603995299647;0.840842105263158;0.8870627429205997;3994;261;756
666;mortar;4750;;0.8490526315789474;0.9279797514956282;0.8490526315789474;0.8867634124890061;4033;313;717
838;sunscreen;4750;;0.8143157894736842;0.9733266230498239;0.8143157894736842;0.8867491976157725;3868;106;882
120;fiddler_crab;4750;;0.8271578947368421;0.9552637977145636;0.8271578947368421;0.8866072435969761;3929;184;821
164;bluetick;4750;;0.8275789473684211;0.9545896066051481;0.8275789473684211;0.8865584122688318;3931;187;819
410;apiary;4750;;0.836;0.9434545022570682;0.836;0.8864828663913382;3971;238;779
878;typewriter_keyboard;4750;;0.8336842105263158;0.946236559139785;0.8336842105263158;0.8864017907106884;3960;225;790
804;soap_dispenser;4750;;0.8010526315789473;0.9919186652763295;0.8010526315789473;0.8863265781504776;3805;31;945
944;artichoke;4750;;0.8006315789473685;0.9921732324549961;0.8006315789473685;0.8861703367121053;3803;30;947
449;boathouse;4750;;0.8410526315789474;0.9362549800796812;0.8410526315789474;0.8861040257291781;3995;272;755
488;chain;4750;;0.8429473684210527;0.933768656716418;0.8429473684210527;0.8860367337906617;4004;284;746
499;cleaver;4750;;0.8054736842105263;0.9843066632364291;0.8054736842105263;0.8859557716799814;3826;61;924
134;crane;4750;;0.8046315789473685;0.9855595667870036;0.8046315789473685;0.8859527121001392;3822;56;928
871;trimaran;4750;;0.8538947368421053;0.9201451905626135;0.8538947368421053;0.885782922035379;4056;352;694
691;oxygen_mask;4750;;0.8050526315789474;0.9837921276048366;0.8050526315789474;0.885492647910154;3824;63;926
190;Sealyham_terrier;4750;;0.8397894736842105;0.9361652194320582;0.8397894736842105;0.8853623349239818;3989;272;761
184;Irish_terrier;4750;;0.8368421052631579;0.9394942094067597;0.8368421052631579;0.8852020933080949;3975;256;775
186;Norwich_terrier;4750;;0.8458947368421053;0.9281589281589282;0.8458947368421053;0.8851195065535852;4018;311;732
370;guenon;4750;;0.8149473684210526;0.968476357267951;0.8149473684210526;0.8851034640448155;3871;126;879
174;Norwegian_elkhound;4750;;0.8242105263157895;0.955577251647547;0.8242105263157895;0.8850457782299084;3915;182;835
830;stretcher;4750;;0.8227368421052632;0.9573738363547281;0.8227368421052632;0.884963768115942;3908;174;842
239;Bernese_mountain_dog;4750;;0.8507368421052631;0.9219712525667351;0.8507368421052631;0.8849228074017299;4041;342;709
467;butcher_shop;4750;;0.8115789473684211;0.9727479182437547;0.8115789473684211;0.8848846551130495;3855;108;895
414;backpack;4750;;0.8113684210526316;0.9729866195405201;0.8113684210526316;0.8848582252324648;3854;107;896
443;bib;4750;;0.832;0.9445506692160612;0.832;0.8847100962614731;3952;232;798
537;dogsled;4750;;0.8896842105263157;0.8796835970024979;0.8896842105263157;0.884655641616077;4226;578;524
214;Gordon_setter;4750;;0.8581052631578947;0.9124692187150213;0.8581052631578947;0.8844526418574373;4076;391;674
655;miniskirt;4750;;0.8341052631578947;0.9410926365795724;0.8341052631578947;0.8843749999999999;3962;248;788
344;hippopotamus;4750;;0.8071578947368421;0.9778117827084928;0.8071578947368421;0.8843270672356129;3834;87;916
988;acorn;4750;;0.8263157894736842;0.95105403440756;0.8263157894736842;0.8843077616311816;3925;202;825
643;mask;4750;;0.8717894736842106;0.8967085318319619;0.8717894736842106;0.8840734415029888;4141;477;609
581;grille;4750;;0.836421052631579;0.9374705049551675;0.836421052631579;0.8840676457498887;3973;265;777
318;lacewing;4750;;0.844842105263158;0.9265758485338259;0.844842105263158;0.8838233674705429;4013;318;737
211;vizsla;4750;;0.828;0.947710843373494;0.828;0.8838202247191012;3933;217;817
858;tile_roof;4750;;0.8581052631578947;0.9110415735359857;0.8581052631578947;0.883781439722463;4076;398;674
433;bathing_cap;4750;;0.8397894736842105;0.9317916374678813;0.8397894736842105;0.8834016166537482;3989;292;761
731;plunger;4750;;0.8355789473684211;0.9367476988435214;0.8355789473684211;0.883275842884166;3969;268;781
706;patio;4750;;0.7970526315789473;0.9903217368558723;0.7970526315789473;0.8832380730199463;3786;37;964
301;ladybug;4750;;0.9261052631578948;0.843851908689814;0.9261052631578948;0.8830673491920105;4399;814;351
457;bow_tie;4750;;0.8442105263157895;0.9254558042926379;0.8442105263157895;0.8829681823186172;4010;323;740
367;chimpanzee;4750;;0.856;0.9116591928251121;0.856;0.8829533116178068;4066;394;684
626;lighter;4750;;0.8189473684210526;0.9576563269325455;0.8189473684210526;0.8828869723104856;3890;172;860
567;frying_pan;4750;;0.8387368421052631;0.9319298245614035;0.8387368421052631;0.8828808864265927;3984;291;766
660;mobile_home;4750;;0.8187368421052632;0.9578817733990148;0.8187368421052632;0.8828603859250852;3889;171;861
46;green_lizard;4750;;0.8109473684210526;0.9685692733215991;0.8109473684210526;0.8827775867995875;3852;125;898
51;triceratops;4750;;0.8204210526315789;0.9551470588235295;0.8204210526315789;0.8826727066817667;3897;183;853
43;frilled_lizard;4750;;0.8012631578947368;0.982447083118224;0.8012631578947368;0.8826530612244897;3806;68;944
295;American_black_bear;4750;;0.844;0.9250115366866636;0.844;0.8826508146191105;4009;325;741
192;cairn;4750;;0.8181052631578948;0.9576145884672252;0.8181052631578948;0.882379654859219;3886;172;864
639;maillot;4750;;0.8610526315789474;0.9044670499778859;0.8610526315789474;0.8822260569456428;4090;432;660
424;barbershop;4750;;0.8128421052631579;0.9642857142857143;0.8128421052631579;0.882111034955449;3861;143;889
42;agama;4750;;0.859578947368421;0.9053215077605321;0.859578947368421;0.8818574514038877;4083;427;667
243;bull_mastiff;4750;;0.8581052631578947;0.9063820324660885;0.8581052631578947;0.8815832161782199;4076;421;674
910;wooden_spoon;4750;;0.8012631578947368;0.9796653796653797;0.8012631578947368;0.8815286624203821;3806;79;944
366;gorilla;4750;;0.8298947368421052;0.9399141630901288;0.8298947368421052;0.8814847942754921;3942;252;808
640;manhole_cover;4750;;0.8345263157894737;0.9340245051837889;0.8345263157894737;0.8814765399154992;3964;280;786
299;meerkat;4750;;0.8536842105263158;0.910826594788859;0.8536842105263158;0.8813301456205173;4055;397;695
906;Windsor_tie;4750;;0.8126315789473684;0.962353527798554;0.8126315789473684;0.8811779477228626;3860;151;890
835;sundial;4750;;0.816;0.9572734008397135;0.816;0.8810092055915444;3876;173;874
653;milk_can;4750;;0.8105263157894737;0.9649122807017544;0.8105263157894737;0.8810068649885583;3850;140;900
150;sea_lion;4750;;0.8136842105263158;0.9602484472049689;0.8136842105263158;0.8809116809116808;3865;160;885
585;hair_spray;4750;;0.8126315789473684;0.9611553784860558;0.8126315789473684;0.8806753365274925;3860;156;890
854;theater_curtain;4750;;0.8926315789473684;0.8690305390448863;0.8926315789473684;0.8806729670786166;4240;639;510
249;malamute;4750;;0.8225263157894737;0.9473811833171678;0.8225263157894737;0.8805499211178724;3907;217;843
53;ringneck_snake;4750;;0.8351578947368421;0.9310021121802394;0.8351578947368421;0.8804794140494951;3967;294;783
365;orangutan;4750;;0.8829473684210526;0.8779568767008583;0.8829473684210526;0.8804450509079459;4194;583;556
93;hornbill;4750;;0.7892631578947369;0.9949575371549894;0.7892631578947369;0.8802535806527354;3749;19;1001
869;trench_coat;4750;;0.8006315789473685;0.9773837059881778;0.8006315789473685;0.8802221965050342;3803;88;947
793;shower_cap;4750;;0.8395789473684211;0.9244320815948076;0.8395789473684211;0.8799646954986761;3988;326;762
474;cardigan;4750;;0.8631578947368421;0.8973517181002407;0.8631578947368421;0.8799227384912545;4100;469;650
884;vault;4750;;0.8183157894736842;0.9508317025440313;0.8183157894736842;0.8796107716677982;3887;201;863
554;fireboat;4750;;0.8294736842105264;0.9358669833729216;0.8294736842105264;0.8794642857142858;3940;270;810
747;punching_bag;4750;;0.8193684210526315;0.9490368202877347;0.8193684210526315;0.8794486498700711;3892;209;858
839;suspension_bridge;4750;;0.8244210526315789;0.9422521655437921;0.8244210526315789;0.8794071412530877;3916;240;834
65;sea_snake;4750;;0.8517894736842105;0.9086009431843701;0.8517894736842105;0.8792784961425621;4046;407;704
70;harvestman;4750;;0.8463157894736842;0.9148839326354119;0.8463157894736842;0.8792650918635171;4020;374;730
676;muzzle;4750;;0.8008421052631579;0.9746348962336664;0.8008421052631579;0.8792326360799723;3804;99;946
226;briard;4750;;0.8267368421052631;0.9385755258126195;0.8267368421052631;0.8791134989926124;3927;257;823
769;rule;4750;;0.8172631578947368;0.9510044096031357;0.8172631578947368;0.8790760869565217;3882;200;868
415;bakery;4750;;0.7976842105263158;0.9788168431929734;0.7976842105263158;0.8790163554112052;3789;82;961
675;moving_van;4750;;0.7970526315789473;0.9795601552393273;0.7970526315789473;0.8789320951828206;3786;79;964
338;guinea_pig;4750;;0.7896842105263158;0.9907554146856841;0.7896842105263158;0.8788659793814433;3751;35;999
286;cougar;4750;;0.8031578947368421;0.9690119380238761;0.8031578947368421;0.8783239323126512;3815;122;935
250;Siberian_husky;4750;;0.8174736842105264;0.9484611626770885;0.8174736842105264;0.8781094527363185;3883;211;867
968;cup;4750;;0.8128421052631579;0.9547477744807121;0.8128421052631579;0.8780987036615874;3861;183;889
256;Newfoundland;4750;;0.8134736842105263;0.9538385583806468;0.8134736842105263;0.8780820361322578;3864;187;886
437;beacon;4750;;0.8277894736842105;0.9346327549322557;0.8277894736842105;0.8779725354471364;3932;275;818
558;flute;4750;;0.8423157894736842;0.9166093928980527;0.8423157894736842;0.8778935820076796;4001;364;749
304;leaf_beetle;4750;;0.8353684210526315;0.924941724941725;0.8353684210526315;0.8778761061946901;3968;322;782
207;golden_retriever;4750;;0.796;0.9785196687370601;0.796;0.87787322962619;3781;83;969
899;water_jug;4750;;0.7905263157894736;0.9868593955321945;0.7905263157894736;0.8778492109877265;3755;50;995
605;iPod;4750;;0.8366315789473684;0.9233271375464684;0.8366315789473684;0.8778440468301303;3974;330;776
987;corn;4750;;0.8248421052631579;0.9379937754369164;0.8248421052631579;0.8777864904223143;3918;259;832
851;television;4750;;0.8383157894736842;0.9211195928753181;0.8383157894736842;0.877769205334509;3982;341;768
465;bulletproof_vest;4750;;0.8391578947368421;0.9199169166858989;0.8391578947368421;0.8776835847187052;3986;347;764
941;acorn_squash;4750;;0.8233684210526315;0.9392411143131604;0.8233684210526315;0.8774960735921021;3911;253;839
813;spatula;4750;;0.8147368421052632;0.9506263817243921;0.8147368421052632;0.8774515361070173;3870;201;880
781;scoreboard;4750;;0.8848421052631579;0.8694662805130327;0.8848421052631579;0.8770868113522537;4203;631;547
586;half_track;4750;;0.8549473684210527;0.9002438483706495;0.8549473684210527;0.8770111219090811;4061;450;689
378;capuchin;4750;;0.8608421052631579;0.8937704918032787;0.8608421052631579;0.8769973190348526;4089;486;661
513;cornet;4750;;0.8151578947368421;0.9487870619946092;0.8151578947368421;0.8769108821198051;3872;209;878
998;ear;4750;;0.8212631578947368;0.9402265606170161;0.8212631578947368;0.8767277222159794;3901;248;849
720;pill_bottle;4750;;0.844421052631579;0.9115909090909091;0.844421052631579;0.8767213114754098;4011;389;739
348;ram;4750;;0.8098947368421052;0.9553017134343184;0.8098947368421052;0.8766093198131478;3847;180;903
638;maillot;4750;;0.8018947368421052;0.9665059629535651;0.8018947368421052;0.8765389483373605;3809;132;941
236;Doberman;4750;;0.8488421052631578;0.9060674157303371;0.8488421052631578;0.8765217391304347;4032;418;718
27;eft;4750;;0.8553684210526316;0.8984962406015038;0.8553684210526316;0.8764020707506471;4063;459;687
690;oxcart;4750;;0.8261052631578948;0.9329529243937232;0.8261052631578948;0.8762840553818669;3924;282;826
52;thunder_snake;4750;;0.8425263157894737;0.9126567844925884;0.8425263157894737;0.8761904761904763;4002;383;748
565;freight_car;4750;;0.8871578947368421;0.8654754569726844;0.8871578947368421;0.876182555359185;4214;655;536
219;cocker_spaniel;4750;;0.7871578947368421;0.9878467635402907;0.7871578947368421;0.876157000585823;3739;46;1011
402;acoustic_guitar;4750;;0.8421052631578947;0.9130335539831089;0.8421052631578947;0.8761362391851933;4000;381;750
45;Gila_monster;4750;;0.7981052631578948;0.9710553278688525;0.7981052631578948;0.8761266466373931;3791;113;959
312;cricket;4750;;0.8031578947368421;0.9636271785804497;0.8031578947368421;0.8761051785509243;3815;144;935
416;balance_beam;4750;;0.8802105263157894;0.8719499478623566;0.8802105263157894;0.8760607647983237;4181;614;569
270;white_wolf;4750;;0.8212631578947368;0.9381914381914382;0.8212631578947368;0.8758419398293669;3901;257;849
280;grey_fox;4750;;0.848;0.9053719937064509;0.848;0.8757473638438961;4028;421;722
171;Italian_greyhound;4750;;0.8048421052631579;0.9603114795277569;0.8048421052631579;0.8757301569121522;3823;158;927
492;chest;4750;;0.8244210526315789;0.9337148307105388;0.8244210526315789;0.8756708407871198;3916;278;834
383;Madagascar_cat;4750;;0.8751578947368421;0.8757109753528545;0.8751578947368421;0.8754343476887438;4157;590;593
178;Weimaraner;4750;;0.8534736842105263;0.8984929078014184;0.8534736842105263;0.875404880155474;4054;458;696
520;crib;4750;;0.8174736842105264;0.9420184376516254;0.8174736842105264;0.8753381424706943;3883;239;867
195;Boston_bull;4750;;0.8770526315789474;0.8735583979869994;0.8770526315789474;0.8753020275238996;4166;603;584
760;refrigerator;4750;;0.8105263157894737;0.9513219668890536;0.8105263157894737;0.875298397180857;3850;197;900
320;damselfly;4750;;0.876;0.8739760554505356;0.876;0.8749868573230997;4161;600;589
654;minibus;4750;;0.8517894736842105;0.8993109579906646;0.8517894736842105;0.8749053951778571;4046;453;704
898;water_bottle;4750;;0.7911578947368421;0.9783910439989586;0.7911578947368421;0.8748690490047725;3758;83;992
868;tray;4750;;0.8557894736842105;0.8947831829187761;0.8557894736842105;0.8748520391692672;4065;478;685
352;impala;4750;;0.8473684210526315;0.9040880503144654;0.8473684210526315;0.8748098239513148;4025;427;725
786;sewing_machine;4750;;0.7814736842105263;0.9933101418249933;0.7814736842105263;0.874749617061388;3712;25;1038
853;thatch;4750;;0.8372631578947368;0.9150943396226415;0.8372631578947368;0.8744503078276166;3977;369;773
231;collie;4750;;0.8376842105263158;0.9142922794117647;0.8376842105263158;0.8743133377279718;3979;373;771
934;hotdog;4750;;0.7871578947368421;0.9831711806468577;0.7871578947368421;0.8743131065123348;3739;64;1011
287;lynx;4750;;0.8014736842105263;0.9616064662793635;0.8014736842105263;0.8742679986221151;3807;152;943
867;trailer_truck;4750;;0.8263157894736842;0.9276766721815174;0.8263157894736842;0.8740674757822069;3925;306;825
261;keeshond;4750;;0.8458947368421053;0.9041404140414041;0.8458947368421053;0.8740482923645856;4018;426;732
497;church;4750;;0.8132631578947368;0.9440371456500489;0.8132631578947368;0.8737842117168062;3863;229;887
268;Mexican_hairless;4750;;0.8623157894736843;0.885430177258971;0.8623157894736843;0.8737201365187712;4096;530;654
933;cheeseburger;4750;;0.7983157894736842;0.9646400407021114;0.7983157894736842;0.8736320700380141;3792;139;958
721;pillow;4750;;0.8446315789473684;0.9046223224351747;0.8446315789473684;0.8735982580293957;4012;423;738
248;Eskimo_dog;4750;;0.7894736842105263;0.9775808133472367;0.7894736842105263;0.8735150244584207;3750;86;1000
932;pretzel;4750;;0.8315789473684211;0.91988821611551;0.8315789473684211;0.8735072976559044;3950;344;800
38;banded_gecko;4750;;0.8267368421052631;0.9257425742574258;0.8267368421052631;0.8734430604982206;3927;315;823
730;plow;4750;;0.796;0.9667604193300946;0.796;0.8731093407227802;3781;130;969
390;eel;4750;;0.8157894736842105;0.938483894405425;0.8157894736842105;0.8728460412208582;3875;254;875
776;sax;4750;;0.8143157894736842;0.9404327741308047;0.8143157894736842;0.8728421527699424;3868;245;882
292;tiger;4750;;0.9058947368421053;0.8420743639921722;0.9058947368421053;0.8728194726166328;4303;807;447
125;hermit_crab;4750;;0.796;0.9657726692209451;0.796;0.8727062896710907;3781;134;969
718;pier;4750;;0.7972631578947369;0.9636132315521628;0.7972631578947369;0.8725806451612903;3787;143;963
982;groom;4750;;0.8010526315789473;0.9577145733702492;0.8010526315789473;0.8724062822423478;3805;168;945
194;Dandie_Dinmont;4750;;0.8513684210526316;0.8942945599292349;0.8513684210526316;0.8723037100949094;4044;478;706
61;boa_constrictor;4750;;0.808;0.9476543209876543;0.808;0.8722727272727273;3838;212;912
791;shopping_cart;4750;;0.8258947368421052;0.9239284032030146;0.8258947368421052;0.8721654068474878;3923;323;827
580;greenhouse;4750;;0.852;0.8931803133966012;0.852;0.8721042991056999;4047;484;703
844;switch;4750;;0.8338947368421052;0.9137254901960784;0.8338947368421052;0.8719867914144193;3961;374;789
21;kite;4750;;0.8532631578947368;0.8913569386408621;0.8532631578947368;0.87189415940626;4053;494;697
966;red_wine;4750;;0.8454736842105263;0.8998431548285907;0.8454736842105263;0.8718115706067513;4016;447;734
161;basset;4750;;0.8465263157894737;0.8985474860335195;0.8465263157894737;0.8717615176151761;4021;454;729
724;pirate;4750;;0.859578947368421;0.8839575665728513;0.859578947368421;0.871597822606468;4083;536;667
430;basketball;4750;;0.844421052631579;0.9003367003367003;0.844421052631579;0.8714828897338404;4011;444;739
889;violin;4750;;0.8006315789473685;0.9560080442433384;0.8006315789473685;0.871448212648946;3803;175;947
76;tarantula;4750;;0.8614736842105263;0.8815165876777251;0.8614736842105263;0.8713798977853493;4092;550;658
335;fox_squirrel;4750;;0.82;0.9295942720763724;0.82;0.8713646532438479;3895;295;855
315;mantis;4750;;0.8012631578947368;0.9548419468138485;0.8012631578947368;0.8713369963369964;3806;180;944
336;marmot;4750;;0.8164210526315789;0.9340077071290944;0.8164210526315789;0.871264884295664;3878;274;872
629;lipstick;4750;;0.8665263157894737;0.8759310491593956;0.8665263157894737;0.8712033019367129;4116;583;634
331;hare;4750;;0.8025263157894736;0.9518102372034957;0.8025263157894736;0.8708166761850371;3812;193;938
599;honeycomb;4750;;0.8355789473684211;0.9090700870361887;0.8355789473684211;0.8707766564282581;3969;397;781
651;microwave;4750;;0.8048421052631579;0.9483999007690399;0.8048421052631579;0.870743651064799;3823;208;927
482;cassette_player;4750;;0.8532631578947368;0.8884261288908374;0.8532631578947368;0.8704896907216495;4053;509;697
276;hyena;4750;;0.8661052631578947;0.8743889479277365;0.8661052631578947;0.8702273929138022;4114;591;636
242;boxer;4750;;0.7863157894736842;0.9741784037558685;0.7863157894736842;0.8702236719478098;3735;99;1015
792;shovel;4750;;0.7886315789473685;0.9702149702149702;0.7886315789473685;0.8700499361282081;3746;115;1004
389;barracouta;4750;;0.8652631578947368;0.8746541817407959;0.8652631578947368;0.869933326277913;4110;589;640
938;cauliflower;4750;;0.8134736842105263;0.9344619105199516;0.8134736842105263;0.8697805289814293;3864;271;886
736;pool_table;4750;;0.8616842105263158;0.877949377949378;0.8616842105263158;0.869740756481088;4093;569;657
789;shoji;4750;;0.8901052631578947;0.8501910315704806;0.8901052631578947;0.8696904247660187;4228;745;522
634;lumbermill;4750;;0.7848421052631579;0.9748953974895398;0.7848421052631579;0.8696057849311873;3728;96;1022
425;barn;4750;;0.9284210526315789;0.8177266827368811;0.9284210526315789;0.8695652173913043;4410;983;340
551;face_powder;4750;;0.8637894736842106;0.8754000426712183;0.8637894736842106;0.8695560029670446;4103;584;647
893;wallet;4750;;0.8517894736842105;0.8880597014925373;0.8517894736842105;0.8695465291209973;4046;510;704
267;standard_poodle;4750;;0.8035789473684211;0.9471464019851117;0.8035789473684211;0.8694760820045557;3817;213;933
548;entertainment_center;4750;;0.8581052631578947;0.8811067877215737;0.8581052631578947;0.8694539249146758;4076;550;674
167;English_foxhound;4750;;0.8627368421052631;0.8762026940346376;0.8627368421052631;0.8694176302110957;4098;579;652
313;walking_stick;4750;;0.8412631578947368;0.8993923024983119;0.8412631578947368;0.8693571195474817;3996;447;754
453;bookcase;4750;;0.8412631578947368;0.8989876265466816;0.8412631578947368;0.8691680261011417;3996;449;754
929;ice_lolly;4750;;0.8103157894736842;0.936952288218111;0.8103157894736842;0.8690449311356966;3849;259;901
484;catamaran;4750;;0.7751578947368422;0.9884563758389262;0.7751578947368422;0.8689085545722713;3682;43;1068
678;neck_brace;4750;;0.844;0.8952657436355516;0.844;0.8688773298656264;4009;469;741
930;French_loaf;4750;;0.7873684210526316;0.9691629955947136;0.7873684210526316;0.8688581716807992;3740;119;1010
110;flatworm;4750;;0.8877894736842106;0.8507161589671172;0.8877894736842106;0.868857525497064;4217;740;533
556;fire_screen;4750;;0.844842105263158;0.8939630207173089;0.844842105263158;0.8687087347115489;4013;476;737
785;seat_belt;4750;;0.7976842105263158;0.9534474081529944;0.7976842105263158;0.8686382393397524;3789;185;961
288;leopard;4750;;0.8077894736842105;0.9392900856793146;0.8077894736842105;0.8685908319185058;3837;248;913
762;restaurant;4750;;0.7922105263157895;0.9611749680715198;0.7922105263157895;0.8685516445470283;3763;152;987
209;Chesapeake_Bay_retriever;4750;;0.7905263157894736;0.9635617141390813;0.7905263157894736;0.86850930958714;3755;142;995
657;missile;4750;;0.8282105263157895;0.9127610208816705;0.8282105263157895;0.8684326710816778;3934;376;816
380;titi;4750;;0.7953684210526316;0.9562136168058719;0.7953684210526316;0.868405930352833;3778;173;972
224;groenendael;4750;;0.8288421052631579;0.9117647058823529;0.8288421052631579;0.868328187031319;3937;381;813
180;American_Staffordshire_terrier;4750;;0.7818947368421053;0.9755713159968479;0.7818947368421053;0.8680612364146313;3714;93;1036
382;squirrel_monkey;4750;;0.883578947368421;0.8528754318228002;0.883578947368421;0.867955743976838;4197;724;553
269;timber_wolf;4750;;0.8429473684210527;0.8943488943488943;0.8429473684210527;0.8678877208193345;4004;473;746
593;harmonica;4750;;0.8467368421052631;0.8900199159105997;0.8467368421052631;0.8678390333369296;4022;497;728
1;goldfish;4750;;0.8522105263157894;0.8840358156802796;0.8522105263157894;0.8678314931932684;4048;531;702
949;strawberry;4750;;0.8734736842105263;0.8622194513715711;0.8734736842105263;0.8678100815728926;4149;663;601
364;three-toed_sloth;4750;;0.8128421052631579;0.93058568329718;0.8128421052631579;0.8677379480840545;3861;288;889
809;soup_bowl;4750;;0.7934736842105263;0.9573279146558293;0.7934736842105263;0.8677333947277541;3769;168;981
665;moped;4750;;0.795578947368421;0.954052007068922;0.795578947368421;0.8676386178395132;3779;182;971
897;washer;4750;;0.7823157894736842;0.9737945492662474;0.7823157894736842;0.8676161568993696;3716;100;1034
82;ruffed_grouse;4750;;0.8414736842105263;0.8949843260188087;0.8414736842105263;0.8674045138888888;3997;469;753
212;English_setter;4750;;0.7858947368421053;0.9675997926386729;0.7858947368421053;0.8673327137546469;3733;125;1017
505;coffeepot;4750;;0.8387368421052631;0.8979039891818796;0.8387368421052631;0.8673125068030914;3984;453;766
205;flat-coated_retriever;4750;;0.8063157894736842;0.938035758021063;0.8063157894736842;0.8672025359447526;3830;253;920
764;rifle;4750;;0.775578947368421;0.9831865492393915;0.775578947368421;0.8671295751441686;3684;63;1066
177;Scottish_deerhound;4750;;0.856;0.8774277082434182;0.856;0.8665814151747655;4066;568;684
656;minivan;4750;;0.8098947368421052;0.9317025914264955;0.8098947368421052;0.8665390246649396;3847;282;903
663;monastery;4750;;0.8258947368421052;0.9112659698025551;0.8258947368421052;0.8664826062948647;3923;382;827
310;ant;4750;;0.8235789473684211;0.9133784730329209;0.8235789473684211;0.8661574227831285;3912;371;838
913;wreck;4750;;0.7861052631578948;0.9643595041322314;0.7861052631578948;0.8661563442356762;3734;138;1016
739;potter's_wheel;4750;;0.8271578947368421;0.9082293111419325;0.8271578947368421;0.8657999118554429;3929;397;821
29;axolotl;4750;;0.816;0.9219790675547098;0.816;0.8657583203037748;3876;328;874
371;patas;4750;;0.787578947368421;0.9609555612638069;0.787578947368421;0.8656716417910448;3741;152;1009
163;bloodhound;4750;;0.7770526315789473;0.9769719428268925;0.7770526315789473;0.8656191369606003;3691;87;1059
142;dowitcher;4750;;0.840842105263158;0.8917169010939942;0.840842105263158;0.8655325604074114;3994;485;756
302;ground_beetle;4750;;0.8410526315789474;0.8911443229979924;0.8410526315789474;0.8653742012347017;3995;488;755
289;snow_leopard;4750;;0.8543157894736843;0.8762686244871518;0.8543157894736843;0.865152968766656;4058;573;692
491;chain_saw;4750;;0.8793684210526316;0.85088612752088;0.8793684210526316;0.8648928460503158;4177;732;573
404;airliner;4750;;0.8774736842105263;0.8525260789527511;0.8774736842105263;0.8648200020749042;4168;721;582
948;Granny_Smith;4750;;0.8578947368421053;0.8718442447582371;0.8578947368421053;0.8648132427843803;4075;599;675
478;carton;4750;;0.7793684210526316;0.9706345044572627;0.7793684210526316;0.864549276039234;3702;112;1048
981;ballplayer;4750;;0.8623157894736843;0.8652302492606675;0.8623157894736843;0.8637705609447491;4096;638;654
856;thresher;4750;;0.7884210526315789;0.9548699643039266;0.7884210526315789;0.8636992619926198;3745;177;1005
546;electric_guitar;4750;;0.8103157894736842;0.9243515850144092;0.8103157894736842;0.863585371326004;3849;315;901
359;black-footed_ferret;4750;;0.7995789473684211;0.938472942920682;0.7995789473684211;0.8634761850630898;3798;249;952
377;marmoset;4750;;0.7909473684210526;0.949936788874842;0.7909473684210526;0.8631820792647904;3757;198;993
208;Labrador_retriever;4750;;0.8107368421052632;0.9228372873232686;0.8107368421052632;0.8631626134708059;3851;322;899
553;file;4750;;0.8149473684210526;0.9172985781990521;0.8149473684210526;0.8630992196209587;3871;349;879
403;aircraft_carrier;4750;;0.8002105263157895;0.9366683095120749;0.8002105263157895;0.8630790190735695;3801;257;949
155;Shih-Tzu;4750;;0.8094736842105263;0.9238346948582412;0.8094736842105263;0.8628815080789946;3845;317;905
202;soft-coated_wheaten_terrier;4750;;0.796;0.9417185554171855;0.796;0.8627495721620079;3781;234;969
230;Shetland_sheepdog;4750;;0.8018947368421052;0.9328924810188587;0.8018947368421052;0.8624476395335674;3809;274;941
833;submarine;4750;;0.7854736842105263;0.9556864754098361;0.7854736842105263;0.8622602264848624;3731;173;1019
102;echidna;4750;;0.8898947368421053;0.8362017804154303;0.8898947368421053;0.8622131565527792;4227;828;523
279;Arctic_fox;4750;;0.8393684210526315;0.8861969326517004;0.8393684210526315;0.8621472591631527;3987;512;763
662;modem;4750;;0.8090526315789474;0.9224675948151704;0.8090526315789474;0.8620457604306863;3843;323;907
534;dishwasher;4750;;0.7852631578947369;0.9551856594110115;0.7852631578947369;0.8619295205083767;3730;175;1020
245;French_bulldog;4750;;0.7709473684210526;0.9767938116831155;0.7709473684210526;0.8617484409930581;3662;87;1088
750;quilt;4750;;0.8061052631578948;0.9255499153976311;0.8061052631578948;0.861708112974007;3829;308;921
649;megalith;4750;;0.7810526315789473;0.9608909608909609;0.7810526315789473;0.8616885379166183;3710;151;1040
353;gazelle;4750;;0.8155789473684211;0.9132484677039132;0.8155789473684211;0.8616548042704627;3874;368;876
444;bicycle-built-for-two;4750;;0.8791578947368421;0.8446601941747572;0.8791578947368421;0.8615638539302661;4176;768;574
475;car_mirror;4750;;0.9433684210526316;0.792396109637489;0.9433684210526316;0.8613166746756368;4481;1174;269
857;throne;4750;;0.8581052631578947;0.8644750795334041;0.8581052631578947;0.8612783940834655;4076;639;674
434;bath_towel;4750;;0.8242105263157895;0.9016582220175035;0.8242105263157895;0.8611966564012319;3915;427;835
151;Chihuahua;4750;;0.8025263157894736;0.9290762856446503;0.8025263157894736;0.8611770021461651;3812;291;938
118;Dungeness_crab;4750;;0.784;0.9551166965888689;0.784;0.8611400161868424;3724;175;1026
524;cuirass;4750;;0.7886315789473685;0.9481144014173627;0.7886315789473685;0.861050453970808;3746;205;1004
587;hammer;4750;;0.7911578947368421;0.9430363864491844;0.7911578947368421;0.8604464796794504;3758;227;992
470;candle;4750;;0.7768421052631579;0.9639498432601881;0.7768421052631579;0.8603404056889719;3690;138;1060
290;jaguar;4750;;0.8362105263157895;0.8858162355040142;0.8362105263157895;0.8602988953866146;3972;512;778
698;palace;4750;;0.8581052631578947;0.8624629707998307;0.8581052631578947;0.8602785985647953;4076;650;674
154;Pekinese;4750;;0.7922105263157895;0.9409852463115779;0.7922105263157895;0.8602125957252258;3763;236;987
992;agaric;4750;;0.9018947368421053;0.8221070811744386;0.9018947368421053;0.8601546029515109;4284;927;466
372;baboon;4750;;0.8178947368421052;0.9066511085180864;0.8178947368421052;0.859988931931378;3885;400;865
951;lemon;4750;;0.7894736842105263;0.9436336185203825;0.7894736842105263;0.8596973865199451;3750;224;1000
246;Great_Dane;4750;;0.756421052631579;0.9955666389581601;0.756421052631579;0.8596722095944492;3593;16;1157
342;wild_boar;4750;;0.8168421052631579;0.9069658719027583;0.8168421052631579;0.8595480726628267;3880;398;870
754;radio;4750;;0.852;0.8669665809768637;0.852;0.859418135485241;4047;621;703
369;siamang;4750;;0.84;0.8796296296296297;0.84;0.8593581735946587;3990;546;760
197;giant_schnauzer;4750;;0.8303157894736842;0.8896909542070832;0.8303157894736842;0.858978547315692;3944;489;806
864;tow_truck;4750;;0.8056842105263158;0.9197308339341504;0.8056842105263158;0.8589383907530018;3827;334;923
187;Yorkshire_terrier;4750;;0.8296842105263158;0.8902191100067766;0.8296842105263158;0.858886346300534;3941;486;809
598;home_theater;4750;;0.8206315789473684;0.9006469500924215;0.8206315789473684;0.858779466842917;3898;430;852
309;bee;4750;;0.8277894736842105;0.8920145190562614;0.8277894736842105;0.8587027735313387;3932;476;818
568;fur_coat;4750;;0.8174736842105264;0.9040745052386496;0.8174736842105264;0.858595909342178;3883;412;867
303;long-horned_beetle;4750;;0.8477894736842105;0.8695746059166487;0.8477894736842105;0.8585438652595673;4027;604;723
636;mailbag;4750;;0.8701052631578947;0.8472734727347273;0.8701052631578947;0.8585375986705442;4133;745;617
489;chainlink_fence;4750;;0.8964210526315789;0.8235976789168279;0.8964210526315789;0.8584677419354838;4258;912;492
64;green_mamba;4750;;0.8576842105263158;0.8589500316255535;0.8576842105263158;0.8583166543769094;4074;669;676
62;rock_python;4750;;0.7726315789473684;0.9652814308258811;0.7726315789473684;0.8582787652011226;3670;132;1080
458;brass;4750;;0.8551578947368421;0.8611405554377782;0.8551578947368421;0.8581387979296504;4062;655;688
140;red-backed_sandpiper;4750;;0.791578947368421;0.9367214748380668;0.791578947368421;0.8580556823368324;3760;254;990
493;chiffonier;4750;;0.7774736842105263;0.9572317262830482;0.7774736842105263;0.858039033457249;3693;165;1057
182;Border_terrier;4750;;0.8431578947368421;0.873310074138683;0.8431578947368421;0.8579691516709512;4005;581;745
345;ox;4750;;0.7578947368421053;0.9879253567508233;0.7578947368421053;0.8577555396711937;3600;44;1150
407;ambulance;4750;;0.9414736842105264;0.787601268052131;0.9414736842105264;0.8576908323743767;4472;1206;278
436;beach_wagon;4750;;0.8056842105263158;0.9166467065868263;0.8056842105263158;0.8575910364145657;3827;348;923
743;prison;4750;;0.8486315789473684;0.8666953343367018;0.8486315789473684;0.8575683437932133;4031;620;719
341;hog;4750;;0.7717894736842106;0.9637223974763407;0.7717894736842106;0.8571428571428572;3666;138;1084
577;gong;4750;;0.9134736842105263;0.8071056547619048;0.9134736842105263;0.8570017776022122;4339;1037;411
54;hognose_snake;4750;;0.7688421052631579;0.9676735559088501;0.7688421052631579;0.8568747067104645;3652;122;1098
924;guacamole;4750;;0.8128421052631579;0.9054878048780488;0.8128421052631579;0.8566674062569338;3861;403;889
30;bullfrog;4750;;0.8618947368421053;0.8513204408400915;0.8618947368421053;0.8565749555392823;4094;715;656
333;hamster;4750;;0.8492631578947368;0.8636266324127596;0.8492631578947368;0.8563846725400701;4034;637;716
104;wallaby;4750;;0.7962105263157895;0.9260528893241919;0.7962105263157895;0.8562372651120671;3782;302;968
330;wood_rabbit;4750;;0.8511578947368421;0.8611288604898829;0.8511578947368421;0.8561143462149287;4043;652;707
861;toilet_seat;4750;;0.8176842105263158;0.8980346820809249;0.8176842105263158;0.8559779614325069;3884;441;866
807;solar_dish;4750;;0.8498947368421053;0.8616862326574173;0.8498947368421053;0.8557498675145735;4037;648;713
126;isopod;4750;;0.8252631578947368;0.8884859474161378;0.8252631578947368;0.855708360619952;3920;492;830
271;red_wolf;4750;;0.8065263157894736;0.9110582639714625;0.8065263157894736;0.8556113902847571;3831;374;919
373;macaque;4750;;0.8130526315789474;0.9025473241411545;0.8130526315789474;0.8554657215638498;3862;417;888
942;butternut_squash;4750;;0.7597894736842106;0.9777837984286102;0.7597894736842106;0.8551119535600048;3609;82;1141
803;snowplow;4750;;0.8587368421052631;0.8510327561026497;0.8587368421052631;0.8548674421041601;4079;714;671
356;weasel;4750;;0.7610526315789473;0.973606248316725;0.7610526315789473;0.8543069833392414;3615;98;1135
413;assault_rifle;4750;;0.8503157894736842;0.8575371549893843;0.8503157894736842;0.8539112050739958;4039;671;711
44;alligator_lizard;4750;;0.771578947368421;0.9551733124837112;0.771578947368421;0.8536159310585769;3665;172;1085
157;papillon;4750;;0.8667368421052631;0.8391765185487159;0.8667368421052631;0.8527340513670257;4117;789;633
293;cheetah;4750;;0.8957894736842106;0.8132645259938838;0.8957894736842106;0.8525345622119815;4255;977;495
795;ski;4750;;0.8616842105263158;0.8423543939082115;0.8616842105263158;0.8519096680195649;4093;766;657
810;space_bar;4750;;0.8250526315789474;0.8804762974612447;0.8250526315789474;0.8518639278339312;3919;532;831
454;bookshop;4750;;0.8212631578947368;0.8845804988662131;0.8212631578947368;0.8517467248908298;3901;509;849
692;packet;4750;;0.8351578947368421;0.8688129653964083;0.8351578947368421;0.851653069987119;3967;599;783
298;mongoose;4750;;0.7926315789473685;0.9196384953590621;0.7926315789473685;0.8514246947082768;3765;329;985
272;coyote;4750;;0.8029473684210526;0.9055080721747388;0.8029473684210526;0.8511492970319124;3814;398;936
624;library;4750;;0.804;0.9036914339801231;0.804;0.8509358288770055;3819;407;931
962;meat_loaf;4750;;0.7871578947368421;0.9254950495049505;0.7871578947368421;0.8507394766780432;3739;301;1011
969;eggnog;4750;;0.7922105263157895;0.9182528062469497;0.7922105263157895;0.8505877034358047;3763;335;987
254;pug;4750;;0.8336842105263158;0.8680403331871986;0.8336842105263158;0.8505154639175257;3960;602;790
384;indri;4750;;0.8572631578947368;0.8437629506837961;0.8572631578947368;0.8504594820384295;4072;754;678
147;grey_whale;4750;;0.8185263157894737;0.8848429676832044;0.8185263157894737;0.8503937007874015;3888;506;862
610;jersey;4750;;0.8345263157894737;0.8666375163970267;0.8345263157894737;0.8502788502788502;3964;610;786
767;rubber_eraser;4750;;0.8465263157894737;0.8533531409168081;0.8465263157894737;0.8499260198689496;4021;691;729
368;gibbon;4750;;0.8343157894736842;0.8660402097902098;0.8343157894736842;0.8498820501822862;3963;613;787
908;wing;4750;;0.7608421052631579;0.9624500665778961;0.7608421052631579;0.8498530276308053;3614;141;1136
847;tank;4750;;0.7978947368421052;0.9088729016786571;0.7978947368421052;0.8497757847533632;3790;380;960
438;beaker;4750;;0.7905263157894736;0.9185420743639922;0.7905263157894736;0.8497397601267255;3755;333;995
594;harp;4750;;0.867578947368421;0.8325252525252526;0.867578947368421;0.8496907216494844;4121;829;629
78;tick;4750;;0.8747368421052631;0.8258795468097794;0.8747368421052631;0.8496063797157755;4155;876;595
406;altar;4750;;0.8736842105263158;0.8265285799641505;0.8736842105263158;0.8494524613652645;4150;871;600
35;mud_turtle;4750;;0.7751578947368422;0.9385674228906449;0.7751578947368422;0.8490718321226796;3682;241;1068
152;Japanese_spaniel;4750;;0.8886315789473684;0.8128249566724437;0.8886315789473684;0.8490395252941768;4221;972;529
170;Irish_wolfhound;4750;;0.8008421052631579;0.9027052681537732;0.8008421052631579;0.8487282463186078;3804;410;946
818;spotlight;4750;;0.8343157894736842;0.8624591947769314;0.8343157894736842;0.8481540930979133;3963;632;787
961;dough;4750;;0.7553684210526316;0.9665948275862069;0.7553684210526316;0.8480264712833844;3588;124;1162
223;schipperke;4750;;0.8311578947368421;0.8654099079351162;0.8311578947368421;0.847938144329897;3948;614;802
825;stone_wall;4750;;0.7858947368421053;0.9203648915187377;0.7858947368421053;0.8478310243016125;3733;323;1017
931;bagel;4750;;0.8029473684210526;0.8969896519285042;0.8029473684210526;0.8473672517218396;3814;438;936
121;king_crab;4750;;0.8117894736842105;0.8856224161690399;0.8117894736842105;0.8471001757469244;3856;498;894
399;abaya;4750;;0.8593684210526316;0.8351063829787234;0.8593684210526316;0.8470637061631044;4082;806;668
358;polecat;4750;;0.8290526315789474;0.8651142355008787;0.8290526315789474;0.846699634487207;3938;614;812
798;slide_rule;4750;;0.7793684210526316;0.9257314328582146;0.7793684210526316;0.8462681449308493;3702;297;1048
222;kuvasz;4750;;0.7861052631578948;0.914971820632198;0.7861052631578948;0.845657343449213;3734;347;1016
777;scabbard;4750;;0.8983157894736842;0.7986150102938424;0.8983157894736842;0.8455365104527891;4267;1076;483
405;airship;4750;;0.8018947368421052;0.8937118723603942;0.8018947368421052;0.8453173546382601;3809;453;941
527;desktop_computer;4750;;0.8016842105263158;0.8934772407320507;0.8016842105263158;0.8450954283177986;3808;454;942
516;cradle;4750;;0.7614736842105263;0.948596905323892;0.7614736842105263;0.8447973840943596;3617;196;1133
391;coho;4750;;0.7658947368421053;0.9415113871635611;0.7658947368421053;0.8446714650568842;3638;226;1112
37;box_turtle;4750;;0.8515789473684211;0.8378210439105219;0.8515789473684211;0.8446439757778241;4045;783;705
257;Great_Pyrenees;4750;;0.7448421052631579;0.9746556473829201;0.7448421052631579;0.8443914081145585;3538;92;1212
116;chiton;4750;;0.8124210526315789;0.8788430881348213;0.8124210526315789;0.8443277540750465;3859;532;891
881;upright;4750;;0.8650526315789474;0.8241075010028078;0.8650526315789474;0.8440838126540674;4109;877;641
28;spotted_salamander;4750;;0.836421052631579;0.8518439108061749;0.836421052631579;0.8440620352666243;3973;691;777
911;wool;4750;;0.8648421052631579;0.8237417284940847;0.8648421052631579;0.8437917222963952;4108;879;642
652;military_uniform;4750;;0.7673684210526316;0.9358151476251605;0.7673684210526316;0.843262001156738;3645;250;1105
381;spider_monkey;4750;;0.751578947368421;0.9591617409994626;0.751578947368421;0.8427762039660057;3570;152;1180
124;crayfish;4750;;0.7429473684210526;0.9732487589630446;0.7429473684210526;0.8426456542502389;3529;97;1221
343;warthog;4750;;0.8088421052631579;0.8777701622115605;0.8088421052631579;0.8418976662649282;3842;535;908
252;affenpinscher;4750;;0.840421052631579;0.8429054054054054;0.840421052631579;0.8416613957410921;3992;744;758
435;bathtub;4750;;0.7705263157894737;0.9265822784810127;0.7705263157894737;0.8413793103448276;3660;290;1090
397;puffer;4750;;0.7442105263157894;0.9676977826444019;0.7442105263157894;0.841366178745686;3535;118;1215
2;great_white_shark;4750;;0.7945263157894736;0.8938891520606348;0.7945263157894736;0.8412839946500222;3774;448;976
233;Bouvier_des_Flandres;4750;;0.8231578947368421;0.8589630931458699;0.8231578947368421;0.8406794237798324;3910;642;840
734;police_van;4750;;0.7797894736842105;0.9116416441053409;0.7797894736842105;0.8405764211959604;3704;359;1046
673;mouse;4750;;0.747578947368421;0.9599891862665585;0.747578947368421;0.840572848857853;3551;148;1199
510;container_ship;4750;;0.8345263157894737;0.8466467321657412;0.8345263157894737;0.8405428329092453;3964;718;786
681;notebook;4750;;0.7749473684210526;0.9181840858069344;0.7749473684210526;0.8405069071811851;3681;328;1069
621;lawn_mower;4750;;0.8728421052631579;0.8102403752198554;0.8728421052631579;0.8403770142900578;4146;971;604
199;Scotch_terrier;4750;;0.792;0.8948620361560419;0.792;0.8402948402948404;3762;442;988
508;computer_keyboard;4750;;0.8488421052631578;0.8318547555188777;0.8488421052631578;0.8402625820568927;4032;815;718
958;hay;4750;;0.7764210526315789;0.9153636137999503;0.7764210526315789;0.8401868094315981;3688;341;1062
305;dung_beetle;4750;;0.8410526315789474;0.8387570858702499;0.8410526315789474;0.8399032902344161;3995;768;755
582;grocery_store;4750;;0.8225263157894737;0.8577387486278815;0.8225263157894737;0.8397635679742075;3907;648;843
909;wok;4750;;0.7877894736842105;0.8984393757503001;0.7877894736842105;0.8394840157038698;3742;423;1008
461;breastplate;4750;;0.8311578947368421;0.8475740661227995;0.8311578947368421;0.8392857142857143;3948;710;802
971;bubble;4750;;0.8351578947368421;0.842966425839354;0.8351578947368421;0.8390439932318103;3967;739;783
460;breakwater;4750;;0.7658947368421053;0.9273515166964058;0.7658947368421053;0.8389254006687421;3638;285;1112
965;burrito;4750;;0.7368421052631579;0.9733036707452726;0.7368421052631579;0.8387251377905582;3500;96;1250
123;spiny_lobster;4750;;0.7688421052631579;0.9224551654458196;0.7688421052631579;0.8386726375014353;3652;307;1098
401;accordion;4750;;0.8762105263157894;0.803940506084605;0.8762105263157894;0.8385212047950036;4162;1015;588
689;overskirt;4750;;0.8258947368421052;0.8511607724018225;0.8258947368421052;0.8383374292125229;3923;686;827
700;paper_towel;4750;;0.7890526315789473;0.8934445768772348;0.7890526315789473;0.8380100614868641;3748;447;1002
266;miniature_poodle;4750;;0.7583157894736842;0.9363140109175981;0.7583157894736842;0.837966732581133;3602;245;1148
658;mitten;4750;;0.8778947368421053;0.800845016324179;0.8778947368421053;0.8376016872551975;4170;1037;580
616;knot;4750;;0.8452631578947368;0.8292028087567122;0.8452631578947368;0.8371559633027523;4015;827;735
831;studio_couch;4750;;0.8311578947368421;0.842869342442357;0.8311578947368421;0.8369726521093915;3948;736;802
578;gown;4750;;0.8263157894736842;0.8473661485319517;0.8263157894736842;0.8367085909187806;3925;707;825
50;American_alligator;4750;;0.7509473684210526;0.9444003177124702;0.7509473684210526;0.8366365662014776;3567;210;1183
459;brassiere;4750;;0.8343157894736842;0.8387301587301588;0.8343157894736842;0.8365171503957783;3963;762;787
959;carbonara;4750;;0.7724210526315789;0.9115527950310559;0.7724210526315789;0.8362393162393162;3669;356;1081
229;Old_English_sheepdog;4750;;0.8452631578947368;0.8273233051720585;0.8452631578947368;0.836197021764032;4015;838;735
55;green_snake;4750;;0.7997894736842105;0.8751439760423866;0.7997894736842105;0.8357716422835771;3799;542;951
241;EntleBucher;4750;;0.9117894736842105;0.7711894586894587;0.9117894736842105;0.8356164383561643;4331;1285;419
952;fig;4750;;0.8456842105263158;0.8241690603200656;0.8456842105263158;0.8347880299251871;4017;857;733
923;plate;4750;;0.7574736842105263;0.9289956106377485;0.7574736842105263;0.834512350690015;3598;275;1152
530;digital_clock;4750;;0.8751578947368421;0.7968180946904351;0.8751578947368421;0.8341527039229456;4157;1060;593
536;dock;4750;;0.7454736842105263;0.9457799145299145;0.7454736842105263;0.8337650105957146;3541;203;1209
204;Lhasa;4750;;0.7873684210526316;0.8854166666666666;0.7873684210526316;0.8335190550479162;3740;484;1010
620;laptop;4750;;0.8450526315789474;0.8213627992633518;0.8450526315789474;0.8330393275915742;4014;873;736
84;peacock;4750;;0.8922105263157895;0.7806225824277031;0.8922105263157895;0.8326947637292464;4238;1191;512
814;speedboat;4750;;0.8924210526315789;0.7798013245033113;0.8924210526315789;0.8323188690359318;4239;1197;511
564;four-poster;4750;;0.8313684210526315;0.8331223628691983;0.8313684210526315;0.832244467860906;3949;791;801
983;scuba_diver;4750;;0.8621052631578947;0.8042026708562451;0.8621052631578947;0.8321479374110954;4095;997;655
67;diamondback;4750;;0.7431578947368421;0.9451137884872824;0.7431578947368421;0.8320565704183854;3530;205;1220
617;lab_coat;4750;;0.8193684210526315;0.8442516268980477;0.8193684210526315;0.8316239316239316;3892;718;858
237;miniature_pinscher;4750;;0.8829473684210526;0.7855403633639259;0.8829473684210526;0.8314005352363961;4194;1145;556
189;Lakeland_terrier;4750;;0.7968421052631579;0.8681192660550459;0.7968421052631579;0.8309549945115259;3785;575;965
922;menu;4750;;0.8227368421052632;0.839166845608761;0.8227368421052632;0.8308706282555544;3908;749;842
109;brain_coral;4750;;0.8132631578947368;0.8488244341902879;0.8132631578947368;0.8306633695301581;3863;688;887
963;pizza;4750;;0.860421052631579;0.8026315789473685;0.860421052631579;0.8305222515748832;4087;1005;663
408;amphibian;4750;;0.7945263157894736;0.8687845303867403;0.7945263157894736;0.8299978007477457;3774;570;976
462;broom;4750;;0.8101052631578948;0.850762768074287;0.8101052631578948;0.8299363744203602;3848;675;902
782;screen;4750;;0.748421052631579;0.9308719560094265;0.748421052631579;0.8297350916092893;3555;264;1195
49;African_crocodile;4750;;0.7568421052631579;0.9180286006128703;0.7568421052631579;0.8296792060927763;3595;321;1155
36;terrapin;4750;;0.752;0.9234746639089969;0.752;0.8289626363425388;3572;296;1178
705;passenger_car;4750;;0.7246315789473684;0.967669384312623;0.7246315789473684;0.8286986878536176;3442;115;1308
203;West_Highland_white_terrier;4750;;0.8627368421052631;0.7969661610268378;0.8627368421052631;0.8285483218762636;4098;1044;652
648;medicine_chest;4750;;0.7534736842105263;0.9195786228160329;0.7534736842105263;0.8282804906271697;3579;313;1171
722;ping-pong_ball;4750;;0.895578947368421;0.7702335687126561;0.895578947368421;0.8281904020247249;4254;1269;496
710;pencil_sharpener;4750;;0.8326315789473684;0.8232722731057452;0.8326315789473684;0.8279254762403182;3955;849;795
960;chocolate_sauce;4750;;0.8178947368421052;0.838006902502157;0.8178947368421052;0.8278286810142766;3885;751;865
820;steam_locomotive;4750;;0.8507368421052631;0.8061041292639138;0.8507368421052631;0.8278193178326334;4041;972;709
964;potpie;4750;;0.7806315789473685;0.8755608028335301;0.7806315789473685;0.8253756260434058;3708;527;1042
60;night_snake;4750;;0.7147368421052631;0.9761357101782634;0.7147368421052631;0.8252309188138064;3395;83;1355
72;black_and_gold_garden_spider;4750;;0.9357894736842105;0.7377593360995851;0.9357894736842105;0.8250580046403713;4445;1580;305
925;consomme;4750;;0.8332631578947368;0.8167560874948411;0.8332631578947368;0.8249270529387245;3958;888;792
106;wombat;4750;;0.7442105263157894;0.9244246861924686;0.7442105263157894;0.8245859575460694;3535;289;1215
240;Appenzeller;4750;;0.7863157894736842;0.8661873840445269;0.7863157894736842;0.8243213418671373;3735;577;1015
496;Christmas_stocking;4750;;0.8949473684210526;0.7623744619799139;0.8949473684210526;0.8233585124927367;4251;1325;499
788;shoe_shop;4750;;0.7888421052631579;0.8594036697247707;0.7888421052631579;0.8226125137211855;3747;613;1003
238;Greater_Swiss_Mountain_dog;4750;;0.7143157894736842;0.9694285714285714;0.7143157894736842;0.8225454545454547;3393;107;1357
905;window_shade;4750;;0.8176842105263158;0.8270868824531517;0.8176842105263158;0.8223586703366504;3884;812;866
285;Egyptian_cat;4750;;0.7185263157894737;0.9608671171171171;0.7185263157894737;0.8222115152975187;3413;139;1337
386;African_elephant;4750;;0.7534736842105263;0.904244567963618;0.7534736842105263;0.8220027560863574;3579;379;1171
955;jackfruit;4750;;0.8806315789473684;0.7694996320824136;0.8806315789473684;0.8213233850382877;4183;1253;567
149;dugong;4750;;0.8;0.8435072142064373;0.8;0.8211777417612102;3800;705;950
860;tobacco_shop;4750;;0.844421052631579;0.799163179916318;0.844421052631579;0.8211690039922203;4011;1008;739
395;gar;4750;;0.8235789473684211;0.8185812931575643;0.8235789473684211;0.8210725154790639;3912;867;838
409;analog_clock;4750;;0.8871578947368421;0.7635441203116506;0.8871578947368421;0.8207225630538515;4214;1305;536
441;beer_glass;4750;;0.8469473684210527;0.79600316580926;0.8469473684210527;0.8206854345165239;4023;1031;727
780;schooner;4750;;0.871578947368421;0.7748455923638405;0.871578947368421;0.8203705538492023;4140;1203;610
885;velvet;4750;;0.8570526315789474;0.7845442281749856;0.8570526315789474;0.8191971023241775;4071;1118;679
956;custard_apple;4750;;0.8391578947368421;0.800080289040546;0.8391578947368421;0.8191533086724208;3986;996;764
824;stole;4750;;0.8368421052631579;0.8012497480346704;0.8368421052631579;0.8186592523941921;3975;986;775
937;broccoli;4750;;0.8423157894736842;0.7960604854755272;0.8423157894736842;0.8185351882160392;4001;1025;749
717;pickup;4750;;0.8368421052631579;0.8006042296072508;0.8368421052631579;0.8183221821924859;3975;990;775
228;komondor;4750;;0.844421052631579;0.791748914330833;0.844421052631579;0.8172371638141809;4011;1055;739
573;go-kart;4750;;0.8852631578947369;0.7588882873127595;0.8852631578947369;0.8172189291614033;4205;1336;545
711;perfume;4750;;0.8543157894736843;0.7829442407871889;0.8543157894736843;0.8170743984697473;4058;1125;692
894;wardrobe;4750;;0.7991578947368421;0.8355712084525644;0.7991578947368421;0.8169590013989023;3796;747;954
529;diaper;4750;;0.7987368421052632;0.8343963052562129;0.7987368421052632;0.8161772614821985;3794;753;956
985;daisy;4750;;0.9772631578947368;0.7000452420449405;0.9772631578947368;0.8157455408136367;4642;1989;108
314;cockroach;4750;;0.828421052631579;0.8032251479893856;0.828421052631579;0.8156285625453416;3935;964;815
317;leafhopper;4750;;0.8873684210526316;0.7545649838882922;0.8873684210526316;0.8155959752321982;4215;1371;535
115;sea_slug;4750;;0.7966315789473685;0.8347672622986985;0.7966315789473685;0.8152536895400194;3784;749;966
181;Bedlington_terrier;4750;;0.8145263157894737;0.8155564924114671;0.8145263157894737;0.8150410785759428;3869;875;881
914;yawl;4750;;0.6957894736842105;0.9824613555291319;0.6957894736842105;0.8146413606112891;3305;59;1445
59;vine_snake;4750;;0.8385263157894737;0.7916915126217452;0.8385263157894737;0.8144361517227279;3983;1048;767
431;bassinet;4750;;0.7593684210526316;0.8776155717761557;0.7593684210526316;0.8142212189616252;3607;503;1143
947;mushroom;4750;;0.6968421052631579;0.9790002957704821;0.6968421052631579;0.8141679990161113;3310;71;1440
446;binder;4750;;0.8225263157894737;0.8050690294663095;0.8225263157894737;0.8137040508174529;3907;946;843
728;plastic_bag;4750;;0.7867368421052632;0.841856273935571;0.7867368421052632;0.8133638045489171;3737;702;1013
903;wig;4750;;0.8717894736842106;0.7619135234590616;0.8717894736842106;0.8131566028473246;4141;1294;609
101;tusker;4750;;0.8313684210526315;0.7953675730110775;0.8313684210526315;0.8129696345856922;3949;1016;801
714;pick;4750;;0.9;0.7407728296655692;0.9;0.8126603934987169;4275;1496;475
500;cliff_dwelling;4750;;0.7625263157894737;0.8673371647509579;0.7625263157894737;0.8115617297781761;3622;554;1128
357;mink;4750;;0.8077894736842105;0.8148226799745169;0.8077894736842105;0.811290834126229;3837;872;913
221;Irish_water_spaniel;4750;;0.8696842105263158;0.7592354346627458;0.8696842105263158;0.8107153370621137;4131;1310;619
812;space_shuttle;4750;;0.8349473684210527;0.7875297855440826;0.8349473684210527;0.8105456774984672;3966;1070;784
896;washbasin;4750;;0.8267368421052631;0.7941354903943377;0.8267368421052631;0.8101083032490975;3927;1018;823
33;loggerhead;4750;;0.7974736842105263;0.8225841476655809;0.7974736842105263;0.8098343132014966;3788;817;962
81;ptarmigan;4750;;0.8307368421052631;0.7896738042825695;0.8307368421052631;0.8096850312916793;3946;1051;804
419;Band_Aid;4750;;0.8122105263157895;0.8067754077791719;0.8122105263157895;0.809483843894251;3858;924;892
476;carousel;4750;;0.8692631578947368;0.7562271062271062;0.8692631578947368;0.808814887365328;4129;1331;621
483;castle;4750;;0.8263157894736842;0.790692989524577;0.8263157894736842;0.8081120032942146;3925;1039;825
696;paintbrush;4750;;0.8532631578947368;0.7670325510976533;0.8532631578947368;0.807853298784134;4053;1231;697
183;Kerry_blue_terrier;4750;;0.852;0.7674947847525128;0.852;0.8075426519006285;4047;1226;703
975;lakeside;4750;;0.7654736842105263;0.8527204502814258;0.7654736842105263;0.8067450632349679;3636;628;1114
936;head_cabbage;4750;;0.8368421052631579;0.7759125512395081;0.8368421052631579;0.8052263749620177;3975;1148;775
319;dragonfly;4750;;0.7311578947368421;0.8951030927835052;0.7311578947368421;0.8048667439165702;3473;407;1277
259;Pomeranian;4750;;0.8511578947368421;0.7629741460652953;0.8511578947368421;0.8046571798188875;4043;1256;707
191;Airedale;4750;;0.8395789473684211;0.7724191361611467;0.8395789473684211;0.8046000201755271;3988;1175;762
633;loupe;4750;;0.8202105263157895;0.7881853125632207;0.8202105263157895;0.8038790880016508;3896;1047;854
841;sweatshirt;4750;;0.8258947368421052;0.7799204771371769;0.8258947368421052;0.8022494887525562;3923;1107;827
480;cash_machine;4750;;0.8235789473684211;0.7813061713600958;0.8235789473684211;0.8018858255611356;3912;1095;838
664;monitor;4750;;0.7581052631578947;0.8464974141984015;0.7581052631578947;0.7998667258996002;3601;653;1149
978;seashore;4750;;0.7526315789473684;0.8534256385772261;0.7526315789473684;0.7998657567960622;3575;614;1175
34;leatherback_turtle;4750;;0.7810526315789473;0.8193462897526502;0.7810526315789473;0.7997413235611124;3710;818;1040
646;maze;4750;;0.9;0.7184873949579832;0.9;0.7990654205607477;4275;1675;475
281;tabby;4750;;0.8585263157894737;0.7472970496609859;0.8585263157894737;0.7990594689918683;4078;1379;672
361;skunk;4750;;0.8766315789473684;0.7338738103630595;0.8766315789473684;0.7989255564082886;4164;1510;586
153;Maltese_dog;4750;;0.7585263157894737;0.8435963474596113;0.7585263157894737;0.7988027934818756;3603;668;1147
797;sleeping_bag;4750;;0.8244210526315789;0.7723865877712032;0.8244210526315789;0.7975560081466396;3916;1154;834
77;wolf_spider;4750;;0.8450526315789474;0.7542277339346111;0.8450526315789474;0.7970611596505164;4014;1308;736
799;sliding_door;4750;;0.7987368421052632;0.793391886240067;0.7987368421052632;0.7960553923625682;3794;988;956
455;bottlecap;4750;;0.872;0.7319314366495847;0.872;0.7958497454126238;4142;1517;608
3;tiger_shark;4750;;0.6856842105263158;0.9481804949053857;0.6856842105263158;0.7958460598656077;3257;178;1493
468;cab;4750;;0.8722105263157894;0.7315910294896698;0.8722105263157894;0.7957360991068857;4143;1520;607
742;printer;4750;;0.7242105263157895;0.8818251730325558;0.7242105263157895;0.7952837822217085;3440;461;1310
976;promontory;4750;;0.747578947368421;0.8491152558584409;0.747578947368421;0.7951186744290193;3551;631;1199
440;beer_bottle;4750;;0.88;0.7248135945899081;0.88;0.7949034895882857;4180;1587;570
979;valley;4750;;0.8223157894736842;0.7688976377952756;0.8223157894736842;0.7947100712105799;3906;1174;844
876;tub;4750;;0.7402105263157894;0.8571428571428571;0.7402105263157894;0.7943967464979664;3516;586;1234
887;vestment;4750;;0.8355789473684211;0.7570093457943925;0.8355789473684211;0.7943560492344641;3969;1274;781
723;pinwheel;4750;;0.8968421052631579;0.7126129140180663;0.8968421052631579;0.7941834451901566;4260;1718;490
206;curly-coated_retriever;4750;;0.8469473684210527;0.7474916387959866;0.8469473684210527;0.7941176470588235;4023;1359;727
926;hot_pot;4750;;0.8515789473684211;0.7434295166329719;0.8515789473684211;0.793837699931312;4045;1396;705
258;Samoyed;4750;;0.8368421052631579;0.7521286660359509;0.8368421052631579;0.7922272047832586;3975;1310;775
819;stage;4750;;0.8461052631578947;0.7443971105760326;0.8461052631578947;0.7919992117449995;4019;1380;731
784;screwdriver;4750;;0.8387368421052631;0.7497177267595032;0.8387368421052631;0.7917329093799681;3984;1330;766
627;limousine;4750;;0.863578947368421;0.7297633872976339;0.863578947368421;0.7910519718445665;4102;1519;648
850;teddy;4750;;0.8821052631578947;0.7161169030934883;0.8821052631578947;0.7904914630695217;4190;1661;560
26;common_newt;4750;;0.7930526315789473;0.7844648063306956;0.7930526315789473;0.7887353433835845;3767;1035;983
921;book_jacket;4750;;0.8471578947368421;0.737131342736765;0.8471578947368421;0.7883240278185915;4024;1435;726
631;lotion;4750;;0.8642105263157894;0.7225840521035028;0.8642105263157894;0.787076982072668;4105;1576;645
615;knee_pad;4750;;0.8591578947368421;0.7257691623688423;0.8591578947368421;0.7868504772004242;4081;1542;669
984;rapeseed;4750;;0.9336842105263158;0.6794852152596905;0.9336842105263158;0.7865567083444179;4435;2092;315
946;cardoon;4750;;0.9423157894736842;0.6740963855421687;0.9423157894736842;0.7859525899912203;4476;2164;274
68;sidewinder;4750;;0.7749473684210526;0.794860721226517;0.7749473684210526;0.7847777422449633;3681;950;1069
999;toilet_tissue;4750;;0.7538947368421053;0.8181402787297235;0.7538947368421053;0.7847047222526569;3581;796;1169
58;water_snake;4750;;0.7648421052631579;0.8023409893992933;0.7648421052631579;0.7831429187324854;3633;895;1117
927;trifle;4750;;0.8808421052631579;0.7035480073986884;0.8808421052631579;0.7822754043189679;4184;1763;566
112;conch;4750;;0.804;0.7586412395709178;0.804;0.7806623058053966;3819;1215;931
296;ice_bear;4750;;0.8349473684210527;0.7320044296788483;0.8349473684210527;0.7800944138473644;3966;1452;784
73;barn_spider;4750;;0.740421052631579;0.823075122864498;0.740421052631579;0.779563338135875;3517;756;1233
99;goose;4750;;0.8496842105263158;0.7166193181818182;0.8496842105263158;0.7774995183972259;4036;1596;714
374;langur;4750;;0.7837894736842105;0.7700103412616339;0.7837894736842105;0.7768388106416276;3723;1112;1027
917;comic_book;4750;;0.8751578947368421;0.6967817633255112;0.8751578947368421;0.7758491974617393;4157;1809;593
591;handkerchief;4750;;0.8061052631578948;0.7475595470519328;0.8061052631578948;0.7757293354943274;3829;1293;921
411;apron;4750;;0.8513684210526316;0.7119718309859155;0.8513684210526316;0.7754554170661554;4044;1636;706
282;tiger_cat;4750;;0.6671578947368421;0.915102512272596;0.6671578947368421;0.7717033970534518;3169;294;1581
606;iron;4750;;0.8642105263157894;0.6969439728353141;0.8642105263157894;0.7716165413533834;4105;1785;645
509;confectionery;4750;;0.8437894736842105;0.7092549991152008;0.8437894736842105;0.7706951254687048;4008;1643;742
715;pickelhaube;4750;;0.8648421052631579;0.6943881000676132;0.8648421052631579;0.7702981436339772;4108;1808;642
32;tailed_frog;4750;;0.7507368421052631;0.7820175438596492;0.7507368421052631;0.7660580021482278;3566;994;1184
69;trilobite;4750;;0.8421052631578947;0.7002801120448179;0.8421052631578947;0.7646721468170521;4000;1712;750
677;nail;4750;;0.8261052631578948;0.7100977198697068;0.8261052631578948;0.7637212923316465;3924;1602;826
935;mashed_potato;4750;;0.7528421052631579;0.7682062298603652;0.7528421052631579;0.7604465709728867;3576;1079;1174
66;horned_viper;4750;;0.7305263157894737;0.7927804432259539;0.7305263157894737;0.7603812862934151;3470;907;1280
526;desk;4750;;0.8465263157894737;0.6897084048027444;0.8465263157894737;0.7601134215500945;4021;1809;729
200;Tibetan_terrier;4750;;0.8172631578947368;0.7072326471124066;0.8172631578947368;0.7582771755054204;3882;1607;868
749;quill;4750;;0.8227368421052632;0.7011123071402943;0.8227368421052632;0.7570709027508717;3908;1666;842
385;Indian_elephant;4750;;0.7225263157894737;0.7778785131459656;0.7225263157894737;0.7491814014407335;3432;980;1318
741;prayer_rug;4750;;0.8652631578947368;0.6581265012009607;0.8652631578947368;0.7476125511596181;4110;2135;640
6;stingray;4750;;0.8084210526315789;0.6897790551463984;0.8084210526315789;0.7444024425705146;3840;1727;910
928;ice_cream;4750;;0.7905263157894736;0.6952416219218663;0.7905263157894736;0.739828588316422;3755;1646;995
817;sports_car;4750;;0.8806315789473684;0.6349423193685488;0.8806315789473684;0.7378726406773681;4183;2405;567
972;cliff;4750;;0.7221052631578947;0.7540118707408222;0.7221052631578947;0.7377137326594257;3430;1119;1320
550;espresso_maker;4750;;0.7738947368421053;0.7035406698564594;0.7738947368421053;0.7370426065162907;3676;1549;1074
712;Petri_dish;4750;;0.8397894736842105;0.6563014149391247;0.8397894736842105;0.7367934983376431;3989;2089;761
794;shower_curtain;4750;;0.7951578947368421;0.6862281976744186;0.7951578947368421;0.7366881217086015;3777;1727;973
970;alp;4750;;0.7621052631578947;0.7022308438409312;0.7621052631578947;0.7309439676930843;3620;1535;1130
713;photocopier;4750;;0.8665263157894737;0.627247790307833;0.8665263157894737;0.7277227722772277;4116;2446;634
865;toyshop;4750;;0.8298947368421052;0.6455944972158533;0.8298947368421052;0.7262343404568902;3942;2164;808
525;dam;4750;;0.7970526315789473;0.6645602948920485;0.7970526315789473;0.7248013783861396;3786;1911;964
450;bobsled;4750;;0.8383157894736842;0.6377322229340167;0.8383157894736842;0.7243951246134255;3982;2262;768
916;web_site;4750;;0.8267368421052631;0.6421913327882257;0.8267368421052631;0.7228716060745514;3927;2188;823
332;Angora;4750;;0.8178947368421052;0.6419365499008592;0.8178947368421052;0.7193112386595075;3885;2167;865
265;toy_poodle;4750;;0.7821052631578947;0.6651745747538048;0.7821052631578947;0.7189163038219643;3715;1870;1035
549;envelope;4750;;0.7858947368421053;0.6517108938547486;0.7858947368421053;0.7125405611757969;3733;1995;1017
394;sturgeon;4750;;0.7315789473684211;0.6875741986545311;0.7315789473684211;0.7088943288453694;3475;1579;1275
74;garden_spider;4750;;0.6536842105263158;0.7729648991784914;0.6536842105263158;0.7083380860043343;3105;912;1645
111;nematode;4750;;0.8496842105263158;0.6070085727177019;0.8496842105263158;0.7081322923063426;4036;2613;714
251;dalmatian;4750;;0.8823157894736842;0.5899493243243243;0.8823157894736842;0.7071030875653788;4191;2913;559
980;volcano;4750;;0.7814736842105263;0.6451164407368787;0.7814736842105263;0.7067783701447068;3712;2042;1038
5;electric_ray;4750;;0.8494736842105263;0.5976892312250037;0.8494736842105263;0.7016781149465263;4035;2716;715
103;platypus;4750;;0.8210526315789474;0.6070983810709838;0.8210526315789474;0.6980490424199034;3900;2524;850
940;spaghetti_squash;4750;;0.747578947368421;0.654079941057285;0.747578947368421;0.6977109735730425;3551;1878;1199
973;coral_reef;4750;;0.8463157894736842;0.58557902403496;0.8463157894736842;0.6922083512699096;4020;2845;730
334;porcupine;4750;;0.8301052631578948;0.5928431814764697;0.8301052631578948;0.6916937110779756;3943;2708;807
283;Persian_cat;4750;;0.7924210526315789;0.611038961038961;0.7924210526315789;0.6900091659028414;3764;2396;986
697;pajama;4750;;0.8330526315789474;0.5877023615030447;0.8330526315789474;0.6891927196725595;3957;2776;793
168;redbone;4750;;0.852;0.576824401368301;0.852;0.6879143294237635;4047;2969;703
862;torch;4750;;0.8349473684210527;0.5771245634458673;0.8349473684210527;0.6824987093443469;3966;2906;784
950;orange;4750;;0.8168421052631579;0.5831079050195371;0.8168421052631579;0.6804629954401964;3880;2774;870
815;spider_web;4750;;0.7282105263157894;0.6377212389380531;0.7282105263157894;0.6799685472773737;3459;1965;1291
904;window_screen;4750;;0.8722105263157894;0.5558835368308064;0.8722105263157894;0.6790133573711383;4143;3310;607
644;matchstick;4750;;0.8549473684210527;0.562933185472692;0.8549473684210527;0.6788699431628219;4061;3153;689
327;starfish;4750;;0.9023157894736842;0.5364876705470021;0.9023157894736842;0.6728942617159902;4286;3703;464
4;hammerhead;4750;;0.8553684210526316;0.5534668301321346;0.8553684210526316;0.6720701348110165;4063;3278;687
989;hip;4750;;0.9197894736842105;0.5262587328354613;0.9197894736842105;0.6694759423843089;4369;3933;381
996;hen-of-the-woods;4750;;0.8109473684210526;0.5683092357627618;0.8109473684210526;0.6682859125607218;3852;2926;898
552;feather_boa;4750;;0.8151578947368421;0.5642669775575634;0.8151578947368421;0.6668963141577678;3872;2990;878
880;unicycle;4750;;0.8357894736842105;0.5531559147276021;0.8357894736842105;0.6657164416869288;3970;3207;780
329;sea_cucumber;4750;;0.8187368421052632;0.5529645954784587;0.8187368421052632;0.6601035389968598;3889;3144;861
533;dishrag;4750;;0.8802105263157894;0.5239348370927318;0.8802105263157894;0.6568735271013354;4181;3799;569
669;mosquito_net;4750;;0.7587368421052632;0.5730640801399268;0.7587368421052632;0.652957695443428;3604;2685;1146
188;wire-haired_fox_terrier;4750;;0.8418947368421053;0.5329868052778889;0.8418947368421053;0.652738104953889;3999;3504;751
680;nipple;4750;;0.787578947368421;0.5515258735072976;0.787578947368421;0.6487470736148443;3741;3042;1009
735;poncho;4750;;0.8743157894736842;0.5077637853038268;0.8743157894736842;0.6424317425941681;4153;4026;597
539;doormat;4750;;0.8138947368421052;0.52843083652269;0.8138947368421052;0.6408088844687552;3866;3450;884
469;caldron;4750;;0.8183157894736842;0.48758153537380833;0.8183157894736842;0.6110674422260651;3887;4085;863
671;mountain_bike;4750;;0.8372631578947368;0.47594542843465776;0.8372631578947368;0.6068976041507707;3977;4379;773
977;sandbar;4750;;0.7852631578947369;0.48681806316888543;0.7852631578947369;0.6010312600708991;3730;3932;1020
603;horse_cart;4750;;0.856421052631579;0.3805069684781592;0.856421052631579;0.5269088789586166;4068;6623;682
701;parachute;4750;;0.8966315789473684;0.35571702998413096;0.8966315789473684;0.5093583687137475;4259;7714;491
562;fountain;4750;;0.8549473684210527;0.3586822116233881;0.8549473684210527;0.5053509208561473;4061;7261;689
108;sea_anemone;4750;;0.8465263157894737;0.34678740836567484;0.8465263157894737;0.49201590700520026;4021;7574;729
119;rock_crab;4750;;0.8075789473684211;0.3530277931161421;0.8075789473684211;0.49129098360655743;3836;7030;914
107;jellyfish;4750;;0.8871578947368421;0.31161724469422464;0.8871578947368421;0.46122694686148963;4214;9309;536
751;racer;4750;;0.8395789473684211;0.2855506229414292;0.8395789473684211;0.4261594357768754;3988;9978;762
328;sea_urchin;4750;;0.8833684210526316;0.15807715491259794;0.8833684210526316;0.26816642167827703;4196;22348;554
974;geyser;4750;;0.7892631578947369;0.1274086661002549;0.7892631578947369;0.2194001463057791;3749;25676;1001
611;jigsaw_puzzle;4750;;0.8534736842105263;0.1082249926586401;0.8534736842105263;0.19209173399038118;4054;33405;696
297;sloth_bear;4750;;0.8623157894736843;0.034967602038638516;0.8623157894736843;0.06720979267682362;4096;113041;654
