class_idx;class_label;support;base_accuracy;overall_accuracy;precision;recall;f1;tp;fp;fn
986;yellow_lady's_slipper;4750;;0.976421052631579;0.9417258883248731;0.976421052631579;0.9587596899224807;4638;287;112
129;spoonbill;4750;;0.9290526315789474;0.9580981328701693;0.9290526315789474;0.9433518597691322;4413;193;337
90;lorikeet;4750;;0.9477894736842105;0.9257659880732059;0.9477894736842105;0.9366482887756163;4502;361;248
136;European_gallinule;4750;;0.9058947368421053;0.9665318957771788;0.9058947368421053;0.9352314714192568;4303;149;447
100;black_swan;4750;;0.9166315789473685;0.9527352297592998;0.9166315789473685;0.934334763948498;4354;216;396
255;Leonberg;4750;;0.9216842105263158;0.9368713888294458;0.9216842105263158;0.9292157486999895;4378;295;372
339;sorrel;4750;;0.9202105263157895;0.9315856777493606;0.9202105263157895;0.9258631645837746;4371;321;379
685;odometer;4750;;0.9233684210526316;0.9259024699176694;0.9233684210526316;0.924633709286392;4386;351;364
130;flamingo;4750;;0.8694736842105263;0.98286530223703;0.8694736842105263;0.9226988382484361;4130;72;620
323;monarch;4750;;0.8797894736842106;0.9567307692307693;0.8797894736842106;0.916648387804343;4179;189;571
340;zebra;4750;;0.8797894736842106;0.9543274720255767;0.8797894736842106;0.9155438711797569;4179;200;571
387;lesser_panda;4750;;0.9063157894736842;0.9186939820742638;0.9063157894736842;0.9124629080118696;4305;381;445
139;ruddy_turnstone;4750;;0.8938947368421053;0.9293061939155176;0.8938947368421053;0.9112565725936259;4246;323;504
88;macaw;4750;;0.8825263157894737;0.9401211033864095;0.8825263157894737;0.9104137257031165;4192;267;558
376;proboscis_monkey;4750;;0.9517894736842105;0.8654287901990811;0.9517894736842105;0.9065570483256468;4521;703;229
275;African_hunting_dog;4750;;0.9288421052631579;0.8783595460879953;0.9288421052631579;0.902895733142331;4412;611;338
135;limpkin;4750;;0.9210526315789473;0.8809907370116794;0.9210526315789473;0.9005763688760806;4375;591;375
388;giant_panda;4750;;0.8692631578947368;0.9326857917325503;0.8692631578947368;0.8998583415059387;4129;298;621
24;great_grey_owl;4750;;0.8505263157894737;0.9503646200893907;0.8505263157894737;0.8976780357738029;4040;211;710
15;robin;4750;;0.8530526315789474;0.9427640763145649;0.8530526315789474;0.8956675508399647;4052;246;698
0;tench;4750;;0.8886315789473684;0.9003839590443686;0.8886315789473684;0.89446916719644;4221;467;529
19;chickadee;4750;;0.8254736842105264;0.9688658265381764;0.8254736842105264;0.8914402637262704;3921;126;829
984;rapeseed;4750;;0.9050526315789473;0.8755600814663951;0.9050526315789473;0.8900621118012422;4299;611;451
87;African_grey;4750;;0.8227368421052632;0.9625615763546798;0.8227368421052632;0.8871736662883087;3908;152;842
321;admiral;4750;;0.8277894736842105;0.9546006312211702;0.8277894736842105;0.8866839553500958;3932;187;818
96;toucan;4750;;0.8423157894736842;0.9350315494274363;0.8423157894736842;0.886255399269022;4001;278;749
11;goldfinch;4750;;0.8069473684210526;0.9793050587634133;0.8069473684210526;0.8848107109879962;3833;81;917
291;lion;4750;;0.891578947368421;0.8768115942028986;0.891578947368421;0.884133611691023;4235;595;515
576;gondola;4750;;0.8593684210526316;0.9053005100909293;0.8593684210526316;0.8817366886272815;4082;427;668
84;peacock;4750;;0.8271578947368421;0.9433373349339735;0.8271578947368421;0.8814357823892316;3929;236;821
625;lifeboat;4750;;0.868421052631579;0.8928571428571429;0.868421052631579;0.880469583778015;4125;495;625
145;king_penguin;4750;;0.84;0.9223300970873787;0.84;0.8792419568091671;3990;336;760
25;European_fire_salamander;4750;;0.8433684210526315;0.9148207353277004;0.8433684210526315;0.8776426771826048;4006;373;744
91;coucal;4750;;0.844421052631579;0.9132513661202186;0.844421052631579;0.877488514548239;4011;381;739
900;water_tower;4750;;0.8191578947368421;0.9371387283236994;0.8191578947368421;0.8741855762749944;3891;261;859
17;jay;4750;;0.7894736842105263;0.9674922600619195;0.7894736842105263;0.8694644099234872;3750;126;1000
284;Siamese_cat;4750;;0.9048421052631579;0.8340772365612265;0.9048421052631579;0.8680197919822276;4298;855;452
13;junco;4750;;0.804;0.9420325604341391;0.804;0.8675601999091322;3819;235;931
333;hamster;4750;;0.8562105263157894;0.8780224525043178;0.8562105263157894;0.8669793221061607;4067;565;683
143;oystercatcher;4750;;0.7972631578947369;0.9481722583875813;0.7972631578947369;0.8661939615736506;3787;207;963
141;redshank;4750;;0.8077894736842105;0.9277079303675049;0.8077894736842105;0.8636056718433491;3837;299;913
92;bee_eater;4750;;0.8823157894736842;0.8392070484581498;0.8823157894736842;0.8602216748768472;4191;803;559
102;echidna;4750;;0.8189473684210526;0.9054934823091247;0.8189473684210526;0.860048640282998;3890;406;860
351;hartebeest;4750;;0.9113684210526316;0.8135688780304454;0.9113684210526316;0.8596961572832886;4329;992;421
915;yurt;4750;;0.8107368421052632;0.9121269540502132;0.8107368421052632;0.8584485064645563;3851;371;899
137;American_coot;4750;;0.7888421052631579;0.9405120481927711;0.7888421052631579;0.8580261048774903;3747;237;1003
430;basketball;4750;;0.8290526315789474;0.8885379061371841;0.8290526315789474;0.85776519276846;3938;494;812
247;Saint_Bernard;4750;;0.8349473684210527;0.8795741849634066;0.8349473684210527;0.8566799870396372;3966;543;784
12;house_finch;4750;;0.784;0.9408792319353209;0.784;0.8553054662379422;3724;234;1026
396;lionfish;4750;;0.788;0.9304001988565747;0.788;0.8532998974125158;3743;280;1007
993;gyromitra;4750;;0.9014736842105263;0.8080769956595584;0.9014736842105263;0.8522241019006866;4282;1017;468
138;bustard;4750;;0.8132631578947368;0.8950417052826691;0.8132631578947368;0.8521950143392896;3863;453;887
14;indigo_bunting;4750;;0.8972631578947369;0.8088821408236857;0.8972631578947369;0.8507835113284758;4262;1007;488
365;orangutan;4750;;0.8298947368421052;0.8711602209944751;0.8298947368421052;0.8500269541778975;3942;583;808
560;football_helmet;4750;;0.8014736842105263;0.902988614800759;0.8014736842105263;0.8492081195627927;3807;409;943
985;daisy;4750;;0.9227368421052632;0.7856246639182649;0.9227368421052632;0.8486784780714494;4383;1196;367
9;ostrich;4750;;0.9124210526315789;0.7895791583166333;0.9124210526315789;0.8465670475632386;4334;1155;416
216;clumber;4750;;0.8498947368421053;0.8384215991692627;0.8498947368421053;0.844119184526921;4037;778;713
133;bittern;4750;;0.776;0.9231154520410719;0.776;0.8431888367837127;3686;307;1064
874;trolleybus;4750;;0.8465263157894737;0.839632491125496;0.8465263157894737;0.8430653108292273;4021;768;729
355;llama;4750;;0.7850526315789473;0.9077409931840311;0.7850526315789473;0.8419507789568751;3729;379;1021
293;cheetah;4750;;0.8425263157894737;0.8396978598405371;0.8425263157894737;0.841109709962169;4002;764;748
93;hornbill;4750;;0.7827368421052632;0.9074932877715401;0.7827368421052632;0.8405109076523116;3718;379;1032
325;sulphur_butterfly;4750;;0.8783157894736842;0.8055609190963506;0.8783157894736842;0.8403666028804512;4172;1007;578
347;bison;4750;;0.7816842105263158;0.9051682106289615;0.7816842105263158;0.8389064618165386;3713;389;1037
326;lycaenid;4750;;0.8183157894736842;0.8571113561190739;0.8183157894736842;0.8372644049542273;3887;648;863
554;fireboat;4750;;0.8385263157894737;0.8355359765051396;0.8385263157894737;0.8370284753598823;3983;784;767
89;sulphur-crested_cockatoo;4750;;0.7381052631578947;0.9655742219774167;0.7381052631578947;0.8366543371912659;3506;125;1244
607;jack-o'-lantern;4750;;0.9381052631578948;0.7535937764248266;0.9381052631578948;0.8357873018850229;4456;1457;294
144;pelican;4750;;0.759578947368421;0.9287001287001287;0.759578947368421;0.8356687898089172;3608;277;1142
146;albatross;4750;;0.8328421052631579;0.8372486772486772;0.8328421052631579;0.8350395778364116;3956;769;794
466;bullet_train;4750;;0.8551578947368421;0.8145177461399639;0.8551578947368421;0.8343432268665913;4062;925;688
83;prairie_chicken;4750;;0.8658947368421053;0.8028498926410307;0.8658947368421053;0.8331814038286235;4113;1010;637
779;school_bus;4750;;0.8456842105263158;0.8208009807928075;0.8456842105263158;0.8330568228950642;4017;877;733
991;coral_fungus;4750;;0.7924210526315789;0.8765719608756404;0.7924210526315789;0.832375055285272;3764;530;986
18;magpie;4750;;0.736421052631579;0.9546943231441049;0.736421052631579;0.8314713572617067;3498;166;1252
873;triumphal_arch;4750;;0.7930526315789473;0.87360853432282;0.7930526315789473;0.8313838004855441;3767;545;983
955;jackfruit;4750;;0.7934736842105263;0.8710422925814653;0.7934736842105263;0.8304505894017848;3769;558;981
528;dial_telephone;4750;;0.767578947368421;0.9035935563816605;0.767578947368421;0.8300512236767217;3646;389;1104
832;stupa;4750;;0.7732631578947369;0.8951986351450159;0.7732631578947369;0.8297752174404157;3673;430;1077
425;barn;4750;;0.7953684210526316;0.8655211912943872;0.7953684210526316;0.8289632473944049;3778;587;972
274;dhole;4750;;0.8387368421052631;0.8192473781616286;0.8387368421052631;0.8288775616352855;3984;879;766
276;hyena;4750;;0.8362105263157895;0.8215098241985522;0.8362105263157895;0.8287949921752739;3972;863;778
85;quail;4750;;0.7391578947368421;0.9428034371643395;0.7391578947368421;0.8286523483596886;3511;213;1239
142;dowitcher;4750;;0.840421052631579;0.8166939443535188;0.840421052631579;0.8283876322888567;3992;896;758
244;Tibetan_mastiff;4750;;0.8576842105263158;0.7996074582924436;0.8576842105263158;0.8276282376841038;4074;1021;676
324;cabbage_butterfly;4750;;0.8204210526315789;0.8342967244701349;0.8204210526315789;0.8273007111771575;3897;774;853
289;snow_leopard;4750;;0.7846315789473685;0.87406191369606;0.7846315789473685;0.8269358775238518;3727;537;1023
16;bulbul;4750;;0.7446315789473684;0.9288340336134454;0.7446315789473684;0.8265949988315028;3537;271;1213
178;Weimaraner;4750;;0.7936842105263158;0.8575978161965423;0.7936842105263158;0.8244041110868139;3770;626;980
392;rock_beauty;4750;;0.956;0.7244735162731334;0.956;0.8242875294971865;4541;1727;209
260;chow;4750;;0.8315789473684211;0.8162843562719571;0.8315789473684211;0.8238606736886016;3950;889;800
350;ibex;4750;;0.8663157894736843;0.7839588493046294;0.8663157894736843;0.823082308230823;4115;1134;635
253;basenji;4750;;0.7928421052631579;0.8555202180826896;0.7928421052631579;0.8229895104895105;3766;636;984
300;tiger_beetle;4750;;0.8309473684210527;0.814990708238695;0.8309473684210527;0.822891691858647;3947;896;803
156;Blenheim_spaniel;4750;;0.8806315789473684;0.7717712177121772;0.8806315789473684;0.8226155358898722;4183;1237;567
755;radio_telescope;4750;;0.7602105263157894;0.8894088669950739;0.7602105263157894;0.8197502837684449;3611;449;1139
218;Welsh_springer_spaniel;4750;;0.8269473684210527;0.8102310231023102;0.8269473684210527;0.8185038549697854;3928;920;822
746;puck;4750;;0.8187368421052632;0.8182200715337682;0.8187368421052632;0.8184783752499211;3889;864;861
131;little_blue_heron;4750;;0.7587368421052632;0.8879034244887903;0.7587368421052632;0.8182540583494153;3604;455;1146
820;steam_locomotive;4750;;0.78;0.860227536568377;0.78;0.8181517058628685;3705;602;1045
694;paddlewheel;4750;;0.8170526315789474;0.8175689909416474;0.8170526315789474;0.8173107297041171;3881;866;869
375;colobus;4750;;0.8096842105263158;0.8226737967914438;0.8096842105263158;0.816127320954907;3846;829;904
306;rhinoceros_beetle;4750;;0.7317894736842105;0.9212827988338192;0.7317894736842105;0.815675231725918;3476;297;1274
294;brown_bear;4750;;0.8437894736842105;0.788821098209014;0.8437894736842105;0.8153799206591396;4008;1073;742
661;Model_T;4750;;0.8111578947368421;0.8185680900786063;0.8111578947368421;0.8148461457121708;3853;854;897
890;volleyball;4750;;0.787578947368421;0.8435174746335964;0.787578947368421;0.8145890038105607;3741;694;1009
258;Samoyed;4750;;0.8008421052631579;0.8274961931694583;0.8008421052631579;0.8139510003209587;3804;793;946
268;Mexican_hairless;4750;;0.832421052631579;0.7931795386158476;0.832421052631579;0.812326656394453;3954;1031;796
225;malinois;4750;;0.7976842105263158;0.8253103898932694;0.7976842105263158;0.8112621774970561;3789;802;961
354;Arabian_camel;4750;;0.8589473684210527;0.7663410969196093;0.8589473684210527;0.8100059559261467;4080;1244;670
317;leafhopper;4750;;0.7812631578947369;0.8403532608695652;0.7812631578947369;0.8097316168448615;3711;705;1039
251;dalmatian;4750;;0.7867368421052632;0.833221850613155;0.7867368421052632;0.8093123984840281;3737;748;1013
763;revolver;4750;;0.828421052631579;0.7893681043129388;0.828421052631579;0.8084232152028763;3935;1050;815
105;koala;4750;;0.7172631578947368;0.9260668659961946;0.7172631578947368;0.8083995729030726;3407;272;1343
863;totem_pole;4750;;0.7145263157894737;0.9303728070175439;0.7145263157894737;0.8082876875446534;3394;254;1356
364;three-toed_sloth;4750;;0.8115789473684211;0.8048016701461378;0.8115789473684211;0.8081761006289309;3855;935;895
594;harp;4750;;0.8458947368421053;0.7729896113889958;0.8458947368421053;0.8078005629272216;4018;1180;732
990;buckeye;4750;;0.8250526315789474;0.7910779168348809;0.8250526315789474;0.8077081615828525;3919;1035;831
565;freight_car;4750;;0.8557894736842105;0.7633802816901408;0.8557894736842105;0.8069478908188585;4065;1260;685
344;hippopotamus;4750;;0.7471578947368421;0.8762962962962964;0.7471578947368421;0.8065909090909091;3549;501;1201
254;pug;4750;;0.7696842105263157;0.842979017754208;0.7696842105263157;0.8046660063827445;3656;681;1094
512;corkscrew;4750;;0.7869473684210526;0.8193774660236738;0.7869473684210526;0.8028350515463917;3738;824;1012
94;hummingbird;4750;;0.7671578947368421;0.8405997693194925;0.7671578947368421;0.8022014309301045;3644;691;1106
937;broccoli;4750;;0.7437894736842106;0.8697685869030034;0.7437894736842106;0.8018610985020427;3533;529;1217
140;red-backed_sandpiper;4750;;0.7162105263157895;0.908411214953271;0.7162105263157895;0.8009417304296644;3402;343;1348
22;bald_eagle;4750;;0.8189473684210526;0.7822240096521215;0.8189473684210526;0.8001645582639103;3890;1083;860
160;Afghan_hound;4750;;0.8431578947368421;0.7583790948683962;0.8431578947368421;0.7985245738211544;4005;1276;745
995;earthstar;4750;;0.9509473684210527;0.6875190258751902;0.9509473684210527;0.7980565371024734;4517;2053;233
229;Old_English_sheepdog;4750;;0.8501052631578947;0.7495823278262483;0.8501052631578947;0.7966854098845813;4038;1349;712
945;bell_pepper;4750;;0.7602105263157894;0.8356861837537607;0.7602105263157894;0.7961635982802338;3611;710;1139
604;hourglass;4750;;0.9065263157894737;0.7096242584047462;0.9065263157894737;0.7960806063967462;4306;1762;444
933;cheeseburger;4750;;0.7071578947368421;0.9085745198809846;0.7071578947368421;0.7953119450692554;3359;338;1391
292;tiger;4750;;0.8652631578947368;0.7339285714285714;0.8652631578947368;0.7942028985507246;4110;1490;640
802;snowmobile;4750;;0.8164210526315789;0.7731259968102073;0.8164210526315789;0.7941839033381117;3878;1138;872
239;Bernese_mountain_dog;4750;;0.7842105263157895;0.802801724137931;0.7842105263157895;0.7933972310969116;3725;915;1025
51;triceratops;4750;;0.7526315789473684;0.8382180539273154;0.7526315789473684;0.7931225734886301;3575;690;1175
261;keeshond;4750;;0.7823157894736842;0.8010347057555508;0.7823157894736842;0.7915645968686761;3716;923;1034
687;organ;4750;;0.7061052631578948;0.9004026845637584;0.7061052631578948;0.791504424778761;3354;371;1396
148;killer_whale;4750;;0.8709473684210526;0.724391525126948;0.8709473684210526;0.79093776885575;4137;1574;613
988;acorn;4750;;0.7616842105263157;0.82189913675602;0.7616842105263157;0.790646853146853;3618;784;1132
726;plane;4750;;0.747578947368421;0.8382908404154863;0.747578947368421;0.7903405297128868;3551;685;1199
886;vending_machine;4750;;0.8338947368421052;0.7510428517254456;0.8338947368421052;0.7903032721468476;3961;1313;789
606;iron;4750;;0.755578947368421;0.8263872898917799;0.755578947368421;0.7893984383591774;3589;754;1161
363;armadillo;4750;;0.816;0.7631423508564678;0.816;0.7886865398311119;3876;1203;874
1;goldfish;4750;;0.7825263157894737;0.7942307692307692;0.7825263157894737;0.7883351007423117;3717;963;1033
71;scorpion;4750;;0.7450526315789474;0.8362476370510397;0.7450526315789474;0.7880204854152749;3539;693;1211
132;American_egret;4750;;0.8223157894736842;0.7563903950426026;0.8223157894736842;0.7879765987492435;3906;1258;844
727;planetarium;4750;;0.8189473684210526;0.7581368154355876;0.8189473684210526;0.7873696994231353;3890;1241;860
645;maypole;4750;;0.9004210526315789;0.6989704200032685;0.9004210526315789;0.7870089244640721;4277;1842;473
322;ringlet;4750;;0.8250526315789474;0.7522072936660269;0.8250526315789474;0.7869477911646586;3919;1291;831
48;Komodo_dragon;4750;;0.7012631578947368;0.8963939720129172;0.7012631578947368;0.7869123553035673;3331;385;1419
953;pineapple;4750;;0.7061052631578948;0.888476821192053;0.7061052631578948;0.7868621700879765;3354;421;1396
127;white_stork;4750;;0.663578947368421;0.9656862745098039;0.663578947368421;0.7866234090341903;3152;112;1598
190;Sealyham_terrier;4750;;0.7957894736842105;0.7766591329361002;0.7957894736842105;0.7861079338671102;3780;1087;970
821;steel_arch_bridge;4750;;0.8130526315789474;0.7600865971265499;0.8130526315789474;0.7856779574814362;3862;1219;888
535;disk_brake;4750;;0.7233684210526315;0.8587853036740815;0.7233684210526315;0.7852816820934749;3436;565;1314
57;garter_snake;4750;;0.6978947368421052;0.8964305029745808;0.6978947368421052;0.7848011363636364;3315;383;1435
426;barometer;4750;;0.7989473684210526;0.7705583756345178;0.7989473684210526;0.7844961240310078;3795;1130;955
575;golfcart;4750;;0.696;0.8956922243294501;0.696;0.7833195119061722;3306;385;1444
668;mosque;4750;;0.8084210526315789;0.7596439169139466;0.8084210526315789;0.7832738398776135;3840;1215;910
98;red-breasted_merganser;4750;;0.892;0.6981380787609162;0.892;0.7832516868472134;4237;1832;513
736;pool_table;4750;;0.7574736842105263;0.8096309630963097;0.7574736842105263;0.7826843593648031;3598;846;1152
270;white_wolf;4750;;0.7781052631578947;0.7853803654908628;0.7781052631578947;0.7817258883248731;3696;1010;1054
97;drake;4750;;0.655157894736842;0.9688667496886675;0.655157894736842;0.7817131374026626;3112;100;1638
366;gorilla;4750;;0.7242105263157895;0.8489634748272458;0.7242105263157895;0.7816405362417632;3440;612;1310
719;piggy_bank;4750;;0.7425263157894737;0.8219529247261711;0.7425263157894737;0.7802234266121004;3527;764;1223
286;cougar;4750;;0.7953684210526316;0.76415857605178;0.7953684210526316;0.779451206932123;3778;1166;972
555;fire_engine;4750;;0.7402105263157894;0.8228410952492394;0.7402105263157894;0.7793416823672835;3516;757;1234
420;banjo;4750;;0.7863157894736842;0.7723325062034739;0.7863157894736842;0.7792614229084082;3735;1101;1015
20;water_ouzel;4750;;0.7633684210526316;0.7956989247311828;0.7633684210526316;0.7791984527774793;3626;931;1124
486;cello;4750;;0.7530526315789474;0.8070848375451264;0.7530526315789474;0.7791330864735352;3577;855;1173
888;viaduct;4750;;0.7103157894736842;0.8604947717419026;0.7103157894736842;0.778226271479645;3374;547;1376
948;Granny_Smith;4750;;0.8170526315789474;0.7423488905891354;0.8170526315789474;0.7779114050912006;3881;1347;869
262;Brabancon_griffon;4750;;0.8122105263157895;0.7462282398452611;0.8122105263157895;0.7778225806451613;3858;1312;892
316;cicada;4750;;0.6833684210526316;0.9021678710394664;0.6833684210526316;0.7776712985146144;3246;352;1504
195;Boston_bull;4750;;0.7642105263157895;0.7911944202266783;0.7642105263157895;0.7774684086528164;3630;958;1120
327;starfish;4750;;0.7467368421052631;0.8098173515981735;0.7467368421052631;0.7769989047097481;3547;833;1203
28;spotted_salamander;4750;;0.7183157894736842;0.8458106098165592;0.7183157894736842;0.7768670309653916;3412;622;1338
672;mountain_tent;4750;;0.7383157894736843;0.8178638059701493;0.7383157894736843;0.7760566497012614;3507;781;1243
621;lawn_mower;4750;;0.7534736842105263;0.7999552972731336;0.7534736842105263;0.77601908065915;3579;895;1171
401;accordion;4750;;0.763578947368421;0.7835385612443292;0.763578947368421;0.7734300031986352;3627;1002;1123
688;oscilloscope;4750;;0.8490526315789474;0.7099102270726985;0.8490526315789474;0.773271977758604;4033;1648;717
338;guinea_pig;4750;;0.6827368421052632;0.8897119341563786;0.6827368421052632;0.7726027397260276;3243;402;1507
547;electric_locomotive;4750;;0.7073684210526315;0.8508483160293745;0.7073684210526315;0.7725025865041959;3360;589;1390
571;gas_pump;4750;;0.7046315789473684;0.8533911269760326;0.7046315789473684;0.771909594095941;3347;575;1403
245;French_bulldog;4750;;0.7073684210526315;0.8486991664561758;0.7073684210526315;0.7716155700998966;3360;599;1390
637;mailbox;4750;;0.6663157894736842;0.9155336997396587;0.6663157894736842;0.7712927988302669;3165;292;1585
174;Norwegian_elkhound;4750;;0.7888421052631579;0.7543789007449164;0.7888421052631579;0.7712256869404136;3747;1220;1003
957;pomegranate;4750;;0.6644210526315789;0.9182426534768694;0.6644210526315789;0.7709783803591059;3156;281;1594
307;weevil;4750;;0.6597894736842105;0.9185228604923799;0.6597894736842105;0.7679490320999754;3134;278;1616
320;damselfly;4750;;0.8570526315789474;0.6950657333105685;0.8570526315789474;0.7676062977279154;4071;1786;679
956;custard_apple;4750;;0.8138947368421052;0.7260093896713615;0.8138947368421052;0.7674441687344913;3866;1459;884
548;entertainment_center;4750;;0.8507368421052631;0.6987722635310393;0.8507368421052631;0.7673027627456565;4041;1742;709
642;marimba;4750;;0.743578947368421;0.7917507285362027;0.743578947368421;0.76690913038758;3532;929;1218
301;ladybug;4750;;0.8176842105263158;0.721530744937767;0.8176842105263158;0.7666041646106779;3884;1499;866
70;harvestman;4750;;0.7151578947368421;0.8255164034021871;0.7151578947368421;0.7663846587704456;3397;718;1353
952;fig;4750;;0.7271578947368421;0.8098475967174678;0.7271578947368421;0.7662784248474764;3454;811;1296
914;yawl;4750;;0.7492631578947369;0.7816824072040413;0.7492631578947369;0.7651295281092122;3559;994;1191
566;French_horn;4750;;0.6606315789473685;0.9082489146164978;0.6606315789473685;0.7648994515539306;3138;317;1612
69;trilobite;4750;;0.739578947368421;0.7919296663660956;0.739578947368421;0.7648595689092097;3513;923;1237
938;cauliflower;4750;;0.7073684210526315;0.8314773570898293;0.7073684210526315;0.7644181549311795;3360;681;1390
228;komondor;4750;;0.8138947368421052;0.7189882834294216;0.8138947368421052;0.7635035054803989;3866;1511;884
217;English_springer;4750;;0.6684210526315789;0.8901037286234932;0.6684210526315789;0.7634964530479741;3175;392;1575
95;jacamar;4750;;0.9288421052631579;0.6480611045828437;0.9288421052631579;0.763453884755148;4412;2396;338
407;ambulance;4750;;0.8338947368421052;0.7036773849706875;0.8338947368421052;0.7632719915213412;3961;1668;789
540;drilling_platform;4750;;0.8774736842105263;0.6746519909355778;0.8774736842105263;0.7628111273792093;4168;2010;582
157;papillon;4750;;0.8751578947368421;0.6758250690944562;0.8751578947368421;0.762682322722686;4157;1994;593
510;container_ship;4750;;0.7663157894736842;0.7577019150707743;0.7663157894736842;0.7619845091061335;3640;1164;1110
916;web_site;4750;;0.7741052631578947;0.7475096564342346;0.7741052631578947;0.7605750336125763;3677;1242;1073
609;jeep;4750;;0.6684210526315789;0.8787711043454193;0.6684210526315789;0.7592969030252301;3175;438;1575
472;canoe;4750;;0.7587368421052632;0.7598566308243727;0.7587368421052632;0.759296323606868;3604;1139;1146
290;jaguar;4750;;0.6917894736842105;0.8406242005628037;0.6917894736842105;0.7589790968934056;3286;623;1464
801;snorkel;4750;;0.7778947368421053;0.7407778668805133;0.7778947368421053;0.7588827274594373;3695;1293;1055
75;black_widow;4750;;0.704;0.8226322263222632;0.704;0.7587067498581962;3344;721;1406
918;crossword_puzzle;4750;;0.6911578947368421;0.8407170294494238;0.6911578947368421;0.7586366262276141;3283;622;1467
537;dogsled;4750;;0.859578947368421;0.678577364134951;0.859578947368421;0.7584285316244079;4083;1934;667
573;go-kart;4750;;0.8338947368421052;0.6954002808988764;0.8338947368421052;0.7583764120237411;3961;1735;789
444;bicycle-built-for-two;4750;;0.7917894736842105;0.7269037495168148;0.7917894736842105;0.7579604997984684;3761;1413;989
288;leopard;4750;;0.736;0.7739650210316582;0.736;0.7545052336246898;3496;1021;1254
99;goose;4750;;0.720421052631579;0.7906654343807763;0.720421052631579;0.753910552985239;3422;906;1328
448;birdhouse;4750;;0.7128421052631579;0.7989617744218971;0.7128421052631579;0.7534490431686695;3386;852;1364
954;banana;4750;;0.6564210526315789;0.8837868480725624;0.6564210526315789;0.7533220584682291;3118;410;1632
296;ice_bear;4750;;0.7458947368421053;0.7599742599742599;0.7458947368421053;0.7528686782830429;3543;1119;1207
169;borzoi;4750;;0.8113684210526316;0.7018757967583318;0.8113684210526316;0.7526608729616249;3854;1637;896
614;kimono;4750;;0.7191578947368421;0.789279112754159;0.7191578947368421;0.7525886759198063;3416;912;1334
336;marmot;4750;;0.752421052631579;0.7513138532688669;0.752421052631579;0.7518670453350162;3574;1183;1176
362;badger;4750;;0.8208421052631579;0.6935254357879758;0.8208421052631579;0.7518318549942152;3899;1723;851
352;impala;4750;;0.7368421052631579;0.7668711656441718;0.7368421052631579;0.7515567962207429;3500;1064;1250
959;carbonara;4750;;0.6736842105263158;0.8494823466949828;0.6736842105263158;0.7514382998708465;3200;567;1550
732;Polaroid_camera;4750;;0.7136842105263158;0.7931679925128685;0.7136842105263158;0.7513297872340425;3390;884;1360
86;partridge;4750;;0.7941052631578948;0.7125047223271628;0.7941052631578948;0.7510951812027079;3772;1522;978
343;warthog;4750;;0.7069473684210527;0.799714217670874;0.7069473684210527;0.750474913398145;3358;841;1392
471;cannon;4750;;0.6831578947368421;0.8280173513651442;0.6831578947368421;0.7486445956857769;3245;674;1505
259;Pomeranian;4750;;0.8290526315789474;0.6807260155574762;0.8290526315789474;0.7476032273374466;3938;1847;812
152;Japanese_spaniel;4750;;0.7873684210526316;0.7104863221884499;0.7873684210526316;0.7469542640303576;3740;1524;1010
757;recreational_vehicle;4750;;0.7;0.7985110470701249;0.7;0.7460175005609153;3325;839;1425
404;airliner;4750;;0.8244210526315789;0.6793893129770993;0.8244210526315789;0.744911546509416;3916;1848;834
147;grey_whale;4750;;0.7730526315789473;0.7170474516695958;0.7730526315789473;0.7439975686353966;3672;1449;1078
816;spindle;4750;;0.6254736842105263;0.9166923788954027;0.6254736842105263;0.7435865348517081;2971;270;1779
716;picket_fence;4750;;0.6492631578947369;0.8643497757847534;0.6492631578947369;0.7415244049050252;3084;484;1666
213;Irish_setter;4750;;0.6964210526315789;0.7925251557259224;0.6964210526315789;0.741371582250112;3308;866;1442
331;hare;4750;;0.8496842105263158;0.6572219508223416;0.8496842105263158;0.7411624276925901;4036;2105;714
214;Gordon_setter;4750;;0.7667368421052632;0.7165060003934685;0.7667368421052632;0.7407708735889351;3642;1441;1108
734;police_van;4750;;0.712;0.7705627705627706;0.712;0.74012474012474;3382;1007;1368
45;Gila_monster;4750;;0.6212631578947369;0.9110836677987033;0.6212631578947369;0.7387658029790962;2951;288;1799
372;baboon;4750;;0.7698947368421053;0.7092707525213343;0.7698947368421053;0.7383403997577226;3657;1499;1093
989;hip;4750;;0.8854736842105263;0.6326714801444043;0.8854736842105263;0.7380242147745218;4206;2442;544
545;electric_fan;4750;;0.7593684210526316;0.7166699781442479;0.7593684210526316;0.7374016150465093;3607;1426;1143
475;car_mirror;4750;;0.8886315789473684;0.6296241050119332;0.8886315789473684;0.7370350969093766;4221;2483;529
122;American_lobster;4750;;0.7974736842105263;0.68499095840868;0.7974736842105263;0.736964980544747;3788;1742;962
297;sloth_bear;4750;;0.7122105263157895;0.7612511251125113;0.7122105263157895;0.735914726995867;3383;1061;1367
766;rotisserie;4750;;0.7482105263157894;0.7230925737538149;0.7482105263157894;0.7354371443352301;3554;1361;1196
379;howler_monkey;4750;;0.78;0.6951219512195121;0.78;0.7351190476190476;3705;1625;1045
203;West_Highland_white_terrier;4750;;0.7496842105263158;0.7204127048351203;0.7496842105263158;0.7347570411637264;3561;1382;1189
330;wood_rabbit;4750;;0.6932631578947368;0.7805167101208818;0.6932631578947368;0.7343070576429926;3293;926;1457
994;stinkhorn;4750;;0.7545263157894737;0.7150837988826816;0.7545263157894737;0.7342757631632864;3584;1428;1166
800;slot;4750;;0.8656842105263158;0.6367296376587178;0.8656842105263158;0.7337615988579586;4112;2346;638
210;German_short-haired_pointer;4750;;0.7677894736842106;0.7025621267578501;0.7677894736842106;0.7337290011065285;3647;1544;1103
308;fly;4750;;0.6686315789473685;0.8120685246739964;0.6686315789473685;0.7334026093984528;3176;735;1574
410;apiary;4750;;0.6541052631578947;0.8343179377013964;0.6541052631578947;0.7333018645267879;3107;617;1643
561;forklift;4750;;0.7132631578947368;0.7525544202576633;0.7132631578947368;0.7323821876351059;3388;1114;1362
81;ptarmigan;4750;;0.6667368421052632;0.8122595537317261;0.6667368421052632;0.7323389987281766;3167;732;1583
829;streetcar;4750;;0.7381052631578947;0.7264815582262744;0.7381052631578947;0.7322472848788638;3506;1320;1244
771;safe;4750;;0.6945263157894737;0.7731427232247481;0.6945263157894737;0.7317289564156593;3299;968;1451
2;great_white_shark;4750;;0.6633684210526316;0.8156872896712399;0.6633684210526316;0.7316846627191455;3151;712;1599
934;hotdog;4750;;0.6755789473684211;0.7972670807453416;0.6755789473684211;0.7313960113960115;3209;816;1541
110;flatworm;4750;;0.8029473684210526;0.6707703130495954;0.8029473684210526;0.7309313913376773;3814;1872;936
370;guenon;4750;;0.6692631578947369;0.8050139275766016;0.6692631578947369;0.7308886078859639;3179;770;1571
946;cardoon;4750;;0.9113684210526316;0.6091177712114816;0.9113684210526316;0.7302015686935986;4329;2778;421
367;chimpanzee;4750;;0.7642105263157895;0.6987487969201155;0.7642105263157895;0.7300150829562595;3630;1565;1120
783;screw;4750;;0.8456842105263158;0.6416932907348243;0.8456842105263158;0.729700272479564;4017;2243;733
682;obelisk;4750;;0.6692631578947369;0.800957420005039;0.6692631578947369;0.7292120656038537;3179;790;1571
628;liner;4750;;0.7235789473684211;0.7342448194830165;0.7235789473684211;0.7288728660799491;3437;1244;1313
235;German_shepherd;4750;;0.7743157894736842;0.686706497386109;0.7743157894736842;0.7278844250940036;3678;1678;1072
346;water_buffalo;4750;;0.6423157894736842;0.8384171475680132;0.6423157894736842;0.7273810942901419;3051;588;1699
23;vulture;4750;;0.7591578947368421;0.6969462698105914;0.7591578947368421;0.7267230955259976;3606;1568;1144
243;bull_mastiff;4750;;0.6631578947368421;0.8009153318077803;0.6631578947368421;0.7255556835195208;3150;783;1600
958;hay;4750;;0.6286315789473684;0.857060849598163;0.6286315789473684;0.7252854019917416;2986;498;1764
134;crane;4750;;0.6065263157894737;0.9017214397496087;0.6065263157894737;0.7252359974826935;2881;314;1869
279;Arctic_fox;4750;;0.8347368421052631;0.6404458084315943;0.8347368421052631;0.7247966365048898;3965;2226;785
29;axolotl;4750;;0.7677894736842106;0.6853974816763766;0.7677894736842106;0.7242577698341773;3647;1674;1103
116;chiton;4750;;0.7206315789473684;0.7270603228547153;0.7206315789473684;0.7238316768872911;3423;1285;1327
853;thatch;4750;;0.6663157894736842;0.7898677314699276;0.6663157894736842;0.722850291195615;3165;842;1585
786;sewing_machine;4750;;0.6427368421052632;0.8249121858957038;0.6427368421052632;0.7225180452017512;3053;648;1697
305;dung_beetle;4750;;0.6477894736842106;0.8166135881104034;0.6477894736842106;0.7224700633951633;3077;691;1673
458;brass;4750;;0.5858947368421052;0.9414749661705006;0.5858947368421052;0.7222943161173112;2783;173;1967
177;Scottish_deerhound;4750;;0.7606315789473684;0.686099506266616;0.7606315789473684;0.7214456869009583;3613;1653;1137
164;bluetick;4750;;0.6922105263157895;0.7508563598995205;0.6922105263157895;0.720341767992113;3288;1091;1462
104;wallaby;4750;;0.6610526315789473;0.7909319899244333;0.6610526315789473;0.7201834862385321;3140;830;1610
941;acorn_squash;4750;;0.6713684210526316;0.7747813411078717;0.6713684210526316;0.7193773967967516;3189;927;1561
221;Irish_water_spaniel;4750;;0.7648421052631579;0.6788116591928252;0.7648421052631579;0.7192635121758068;3633;1719;1117
564;four-poster;4750;;0.7138947368421052;0.7237993596584845;0.7138947368421052;0.7188129305776364;3391;1294;1359
432;bassoon;4750;;0.724421052631579;0.7131606217616581;0.724421052631579;0.7187467362924282;3441;1384;1309
495;china_cabinet;4750;;0.6776842105263158;0.7635199240986718;0.6776842105263158;0.7180459513718491;3219;997;1531
215;Brittany_spaniel;4750;;0.7429473684210526;0.6922322479403688;0.7429473684210526;0.716693744922827;3529;1569;1221
780;schooner;4750;;0.7673684210526316;0.6720132743362832;0.7673684210526316;0.7165323373304501;3645;1779;1105
605;iPod;4750;;0.6307368421052632;0.8285398230088495;0.6307368421052632;0.7162323691130768;2996;620;1754
814;speedboat;4750;;0.8389473684210527;0.6247060667816272;0.8389473684210527;0.7161470033246473;3985;2394;765
630;Loafer;4750;;0.6930526315789474;0.7402743422532044;0.6930526315789474;0.7158856148744155;3292;1155;1458
496;Christmas_stocking;4750;;0.8463157894736842;0.6200832947709394;0.8463157894736842;0.7157482417875901;4020;2463;730
707;pay-phone;4750;;0.6654736842105263;0.7724828934506354;0.6654736842105263;0.7149966071024654;3161;931;1589
852;tennis_ball;4750;;0.8071578947368421;0.641029928105668;0.8071578947368421;0.7145652781660609;3834;2147;916
27;eft;4750;;0.628421052631579;0.8264119601328903;0.628421052631579;0.7139440325281033;2985;627;1765
613;joystick;4750;;0.7566315789473684;0.6754369479421162;0.7566315789473684;0.7137324992552875;3594;1727;1156
39;common_iguana;4750;;0.6482105263157895;0.7933522288070085;0.6482105263157895;0.7134746842776041;3079;802;1671
43;frilled_lizard;4750;;0.6825263157894736;0.7454587261439412;0.6825263157894736;0.712605780855039;3242;1107;1508
640;manhole_cover;4750;;0.584421052631579;0.9125575279421433;0.584421052631579;0.7125256673511292;2776;266;1974
154;Pekinese;4750;;0.732421052631579;0.6931659693165969;0.732421052631579;0.7122530453475279;3479;1540;1271
629;lipstick;4750;;0.6766315789473685;0.7502334267040149;0.6766315789473685;0.7115342041177772;3214;1070;1536
182;Border_terrier;4750;;0.6945263157894737;0.728577738515901;0.6945263157894737;0.7111446432420779;3299;1229;1451
603;horse_cart;4750;;0.6564210526315789;0.7758148793232147;0.6564210526315789;0.7111415212681035;3118;901;1632
125;hermit_crab;4750;;0.6301052631578947;0.8155313351498638;0.6301052631578947;0.7109263657957245;2993;677;1757
287;lynx;4750;;0.6389473684210526;0.800158186132349;0.6389473684210526;0.7105232353974015;3035;758;1715
398;abacus;4750;;0.6696842105263158;0.7566603235014272;0.6696842105263158;0.7105204377931651;3181;1023;1569
234;Rottweiler;4750;;0.7002105263157895;0.7208495882097963;0.7002105263157895;0.7103801794105084;3326;1288;1424
198;standard_schnauzer;4750;;0.8269473684210527;0.622405324037395;0.8269473684210527;0.7102431968176476;3928;2383;822
368;gibbon;4750;;0.743578947368421;0.6791001730436454;0.743578947368421;0.7098784041804843;3532;1669;1218
236;Doberman;4750;;0.6694736842105263;0.7535545023696683;0.6694736842105263;0.7090301003344482;3180;1040;1570
303;long-horned_beetle;4750;;0.6812631578947368;0.7391502969392416;0.6812631578947368;0.7090271691498684;3236;1142;1514
149;dugong;4750;;0.8035789473684211;0.6343692870201096;0.8035789473684211;0.7090182966471626;3817;2200;933
569;garbage_truck;4750;;0.8252631578947368;0.62143310082435;0.8252631578947368;0.7089889672635196;3920;2388;830
349;bighorn;4750;;0.8541052631578947;0.6050708426547353;0.8541052631578947;0.7083369707551287;4057;2648;693
53;ringneck_snake;4750;;0.6907368421052632;0.7263670577817135;0.6907368421052632;0.7081040250350707;3281;1236;1469
981;ballplayer;4750;;0.6962105263157895;0.7198519808445799;0.6962105263157895;0.707833904109589;3307;1287;1443
812;space_shuttle;4750;;0.8130526315789474;0.6263379824845929;0.8130526315789474;0.7075851960425064;3862;2304;888
511;convertible;4750;;0.6848421052631579;0.731339928057554;0.6848421052631579;0.7073276799304197;3253;1195;1497
724;pirate;4750;;0.6233684210526316;0.8166023166023166;0.6233684210526316;0.7070200573065903;2961;665;1789
781;scoreboard;4750;;0.7757894736842105;0.6476274165202109;0.7757894736842105;0.7059386973180077;3685;2005;1065
768;rugby_ball;4750;;0.5861052631578947;0.8863419293218721;0.5861052631578947;0.7056139906222278;2784;357;1966
8;hen;4750;;0.6787368421052632;0.7340619307832422;0.6787368421052632;0.7053161233865675;3224;1168;1526
397;puffer;4750;;0.6096842105263158;0.8365106874638937;0.6096842105263158;0.7053093034583536;2896;566;1854
428;barrow;4750;;0.6452631578947369;0.7773269084453461;0.6452631578947369;0.705165075347981;3065;878;1685
699;panpipe;4750;;0.772;0.6485673859214716;0.772;0.7049211841599384;3667;1987;1083
451;bolo_tie;4750;;0.7928421052631579;0.6343271012295773;0.7928421052631579;0.7047815102460935;3766;2171;984
318;lacewing;4750;;0.7221052631578947;0.6868241890268322;0.7221052631578947;0.7040229885057471;3430;1564;1320
389;barracouta;4750;;0.7288421052631578;0.6808259587020649;0.7288421052631578;0.7040162684290797;3462;1623;1288
82;ruffed_grouse;4750;;0.7332631578947368;0.6769679300291546;0.7332631578947368;0.7039919151086408;3483;1662;1267
500;cliff_dwelling;4750;;0.576;0.9047619047619048;0.576;0.7038847440185233;2736;288;2014
649;megalith;4750;;0.5968421052631578;0.8559782608695652;0.5968421052631578;0.7032994294219796;2835;477;1915
7;cock;4750;;0.611578947368421;0.8271640091116174;0.611578947368421;0.7032195594287098;2905;607;1845
299;meerkat;4750;;0.8075789473684211;0.6227272727272727;0.8075789473684211;0.7032080659945004;3836;2324;914
417;balloon;4750;;0.7873684210526316;0.6344359626802375;0.7873684210526316;0.7026773132926256;3740;2155;1010
171;Italian_greyhound;4750;;0.6814736842105263;0.7238372093023255;0.6814736842105263;0.7020169160702668;3237;1235;1513
770;running_shoe;4750;;0.6050526315789474;0.8337684943429069;0.6050526315789474;0.7012321581066244;2874;573;1876
877;turnstile;4750;;0.659578947368421;0.7479111959894963;0.659578947368421;0.700973263228549;3133;1056;1617
128;black_stork;4750;;0.8275789473684211;0.6079492731209403;0.8275789473684211;0.700962910128388;3931;2535;819
927;trifle;4750;;0.8494736842105263;0.5957478222353463;0.8494736842105263;0.7003384535277273;4035;2738;715
249;malamute;4750;;0.6669473684210526;0.7369155617585486;0.6669473684210526;0.7001878660625485;3168;1131;1582
319;dragonfly;4750;;0.6267368421052631;0.7930207778369739;0.6267368421052631;0.7001411100658513;2977;777;1773
117;chambered_nautilus;4750;;0.8176842105263158;0.6118462507876496;0.8176842105263158;0.6999459362047216;3884;2464;866
715;pickelhaube;4750;;0.664;0.7393342709798406;0.664;0.699645075421473;3154;1112;1596
612;jinrikisha;4750;;0.8549473684210527;0.5919825072886298;0.8549473684210527;0.6995693367786391;4061;2799;689
670;motor_scooter;4750;;0.7526315789473684;0.6517775752051048;0.7526315789473684;0.6985832926233513;3575;1910;1175
47;African_chameleon;4750;;0.7545263157894737;0.6492753623188405;0.7545263157894737;0.6979552093476145;3584;1936;1166
872;tripod;4750;;0.6437894736842106;0.7616438356164383;0.6437894736842106;0.6977752424415288;3058;957;1692
295;American_black_bear;4750;;0.756;0.6462119848839302;0.756;0.6968079945667992;3591;1966;1159
429;baseball;4750;;0.6797894736842105;0.714696768481629;0.6797894736842105;0.6968062149331031;3229;1289;1521
273;dingo;4750;;0.7037894736842105;0.6882849495573399;0.7037894736842105;0.6959508691579057;3343;1514;1407
264;Cardigan;4750;;0.7374736842105263;0.6587062805566002;0.7374736842105263;0.6958680969408025;3503;1815;1247
79;centipede;4750;;0.6090526315789474;0.8112731351654515;0.6090526315789474;0.6957671957671958;2893;673;1857
805;soccer_ball;4750;;0.8204210526315789;0.6033441709242917;0.8204210526315789;0.6953341065215453;3897;2562;853
583;guillotine;4750;;0.7924210526315789;0.6191807863135385;0.7924210526315789;0.6951703758426447;3764;2315;986
194;Dandie_Dinmont;4750;;0.8025263157894736;0.6129602830036983;0.8025263157894736;0.6950496854772541;3812;2407;938
378;capuchin;4750;;0.7393684210526316;0.6554684583799926;0.7393684210526316;0.6948951325682627;3512;1846;1238
10;brambling;4750;;0.8785263157894737;0.574081716879901;0.8785263157894737;0.6944005324902238;4173;3096;577
695;padlock;4750;;0.6256842105263158;0.7798478089740226;0.6256842105263158;0.6943114122181988;2972;839;1778
944;artichoke;4750;;0.5698947368421052;0.8872500819403474;0.5698947368421052;0.6940135880015382;2707;344;2043
377;marmoset;4750;;0.6351578947368421;0.7643780086141373;0.6351578947368421;0.6938024606186041;3017;930;1733
684;ocarina;4750;;0.7858947368421053;0.6210281151222758;0.7858947368421053;0.6938016912926308;3733;2278;1017
983;scuba_diver;4750;;0.5890526315789474;0.8427710843373494;0.5890526315789474;0.6934324659231722;2798;522;1952
283;Persian_cat;4750;;0.7583157894736842;0.6387657386061358;0.7583157894736842;0.6934257387621523;3602;2037;1148
423;barber_chair;4750;;0.696;0.6894681960375391;0.696;0.6927187008905186;3306;1489;1444
183;Kerry_blue_terrier;4750;;0.7267368421052631;0.6616829595553;0.7267368421052631;0.6926858633490519;3452;1765;1298
924;guacamole;4750;;0.5703157894736842;0.8818359375;0.5703157894736842;0.6926617233444132;2709;363;2041
920;traffic_light;4750;;0.6566315789473685;0.7321596244131455;0.6566315789473685;0.6923418423973362;3119;1141;1631
72;black_and_gold_garden_spider;4750;;0.6783157894736842;0.7061143984220908;0.6783157894736842;0.6919360034360571;3222;1341;1528
403;aircraft_carrier;4750;;0.7149473684210527;0.6703513620213186;0.7149473684210527;0.6919315403422984;3396;1670;1354
507;combination_lock;4750;;0.6747368421052632;0.7089139570891396;0.6747368421052632;0.6914033006148205;3205;1316;1545
223;schipperke;4750;;0.7065263157894737;0.6768858410649455;0.7065263157894737;0.6913885455294603;3356;1602;1394
592;hard_disc;4750;;0.5896842105263158;0.8351222420989863;0.5896842105263158;0.691263573543929;2801;553;1949
714;pick;4750;;0.7667368421052632;0.62858129099068;0.7667368421052632;0.6908194233687406;3642;2152;1108
369;siamang;4750;;0.667578947368421;0.7149943630214205;0.667578947368421;0.6904735982580293;3171;1264;1579
150;sea_lion;4750;;0.6153684210526316;0.7846979865771813;0.6153684210526316;0.6897935103244838;2923;802;1827
361;skunk;4750;;0.8591578947368421;0.5760869565217391;0.8591578947368421;0.6897076221057968;4081;3003;669
211;vizsla;4750;;0.6825263157894736;0.6967547818611648;0.6825263157894736;0.6895671594172073;3242;1411;1508
871;trimaran;4750;;0.7311578947368421;0.6520841156590311;0.7311578947368421;0.6893608574831283;3473;1853;1277
353;gazelle;4750;;0.6865263157894737;0.6917691981332202;0.6865263157894737;0.6891377852916315;3261;1453;1489
332;Angora;4750;;0.8532631578947368;0.5778443113772455;0.8532631578947368;0.6890513430805848;4053;2961;697
113;snail;4750;;0.7503157894736842;0.6364285714285715;0.7503157894736842;0.688695652173913;3564;2036;1186
593;harmonica;4750;;0.7098947368421052;0.6681196750544878;0.7098947368421052;0.688373992038379;3372;1675;1378
646;maze;4750;;0.856;0.575513092710545;0.856;0.6882776132035548;4066;2999;684
521;Crock_Pot;4750;;0.5610526315789474;0.8892225558892226;0.5610526315789474;0.6880082612624242;2665;332;2085
4;hammerhead;4750;;0.7098947368421052;0.6669303797468354;0.7098947368421052;0.6877421986538854;3372;1684;1378
161;basset;4750;;0.6444210526315789;0.7363483281212413;0.6444210526315789;0.6873245761760413;3061;1096;1689
181;Bedlington_terrier;4750;;0.8082105263157895;0.5969522624786192;0.8082105263157895;0.6867006528933011;3839;2592;911
559;folding_chair;4750;;0.6170526315789474;0.7684845306764552;0.6170526315789474;0.6844932274638019;2931;883;1819
936;head_cabbage;4750;;0.7107368421052631;0.6582179762136868;0.7107368421052631;0.6834699868407733;3376;1753;1374
42;agama;4750;;0.615578947368421;0.7674540682414698;0.615578947368421;0.6831775700934578;2924;886;1826
31;tree_frog;4750;;0.5852631578947368;0.8203009737385659;0.5852631578947368;0.6831306057255191;2780;609;1970
252;affenpinscher;4750;;0.7884210526315789;0.6020900321543409;0.7884210526315789;0.682771194165907;3745;2475;1005
610;jersey;4750;;0.6328421052631579;0.7394833948339483;0.6328421052631579;0.6820192853091321;3006;1059;1744
881;upright;4750;;0.7503157894736842;0.62493424513414;0.7503157894736842;0.6819094996651679;3564;2139;1186
553;file;4750;;0.6353684210526316;0.7341279494040379;0.6353684210526316;0.6811872249181807;3018;1093;1732
897;washer;4750;;0.584;0.8161223889379229;0.584;0.6808197324825132;2774;625;1976
120;fiddler_crab;4750;;0.6644210526315789;0.6965349812403443;0.6644210526315789;0.6800991272492187;3156;1375;1594
563;fountain_pen;4750;;0.5867368421052631;0.8080603073354595;0.5867368421052631;0.6798390047566776;2787;662;1963
224;groenendael;4750;;0.6741052631578948;0.6853595890410958;0.6741052631578948;0.6796858416472088;3202;1470;1548
360;otter;4750;;0.6385263157894737;0.7226590421729807;0.6385263157894737;0.6779926232256623;3033;1164;1717
669;mosquito_net;4750;;0.5983157894736842;0.7794843664289632;0.5983157894736842;0.6769890424011434;2842;804;1908
391;coho;4750;;0.5705263157894737;0.8315434182264498;0.5705263157894737;0.6767386689973779;2710;549;2040
309;bee;4750;;0.6408421052631579;0.7162352941176471;0.6408421052631579;0.6764444444444445;3044;1206;1706
785;seat_belt;4750;;0.6046315789473684;0.7664798505471043;0.6046315789473684;0.6760032952806873;2872;875;1878
337;beaver;4750;;0.6734736842105263;0.678185287258851;0.6734736842105263;0.6758212738988063;3199;1518;1551
896;washbasin;4750;;0.6191578947368421;0.743427704752275;0.6191578947368421;0.6756260050539858;2941;1015;1809
242;boxer;4750;;0.6286315789473684;0.7297165200391007;0.6286315789473684;0.6754128025333634;2986;1106;1764
654;minibus;4750;;0.7052631578947368;0.6470929109522889;0.7052631578947368;0.6749269668580639;3350;1827;1400
38;banded_gecko;4750;;0.7433684210526316;0.6176316249781354;0.7433684210526316;0.6746918887933505;3531;2186;1219
315;mantis;4750;;0.5932631578947368;0.7819089900110988;0.5932631578947368;0.6746468757481446;2818;786;1932
56;king_snake;4750;;0.5421052631578948;0.8922383922383922;0.5421052631578948;0.6744368779465688;2575;311;2175
41;whiptail;4750;;0.776;0.5962471692009058;0.776;0.6743505305525064;3686;2496;1064
342;wild_boar;4750;;0.6833684210526316;0.6647552733975015;0.6833684210526316;0.6739333540952974;3246;1637;1504
870;tricycle;4750;;0.6768421052631579;0.6699312356740987;0.6768421052631579;0.6733689391559325;3215;1584;1535
570;gasmask;4750;;0.6749473684210526;0.6712730318257957;0.6749473684210526;0.6731051858072643;3206;1570;1544
951;lemon;4750;;0.6469473684210526;0.7009580291970803;0.6469473684210526;0.6728705933873439;3073;1311;1677
109;brain_coral;4750;;0.6686315789473685;0.6760323541932738;0.6686315789473685;0.6723116003386961;3176;1522;1574
439;bearskin;4750;;0.8591578947368421;0.5520086568375491;0.8591578947368421;0.6721567981553159;4081;3312;669
713;photocopier;4750;;0.8501052631578947;0.5552805280528053;0.8501052631578947;0.6717684245549825;4038;3234;712
963;pizza;4750;;0.5566315789473684;0.8444586394123283;0.5566315789473684;0.6709808399949244;2644;487;2106
176;Saluki;4750;;0.6589473684210526;0.6832569308011351;0.6589473684210526;0.6708820062158397;3130;1451;1620
822;steel_drum;4750;;0.7282105263157894;0.6217868056803882;0.7282105263157894;0.6708038398138272;3459;2104;1291
676;muzzle;4750;;0.6132631578947368;0.7393401015228427;0.6132631578947368;0.6704257767548907;2913;1027;1837
753;radiator;4750;;0.6033684210526316;0.7536155666579016;0.6033684210526316;0.6701742078802759;2866;937;1884
209;Chesapeake_Bay_retriever;4750;;0.6027368421052631;0.7544137022397892;0.6027368421052631;0.6700994733762434;2863;932;1887
220;Sussex_spaniel;4750;;0.6981052631578948;0.6428848390849167;0.6981052631578948;0.6693580944691159;3316;1842;1434
192;cairn;4750;;0.5722105263157895;0.8058108508745924;0.5722105263157895;0.6692108826788132;2718;655;2032
518;crash_helmet;4750;;0.7978947368421052;0.5754631035529912;0.7978947368421052;0.6686661961891319;3790;2796;960
730;plow;4750;;0.5635789473684211;0.8216697360343769;0.5635789473684211;0.6685814185814186;2677;581;2073
550;espresso_maker;4750;;0.6494736842105263;0.6886160714285714;0.6494736842105263;0.6684723726977249;3085;1395;1665
256;Newfoundland;4750;;0.6092631578947368;0.7360122075279756;0.6092631578947368;0.6666666666666666;2894;1038;1856
468;cab;4750;;0.672;0.6608695652173913;0.672;0.6663883089770355;3192;1638;1558
118;Dungeness_crab;4750;;0.5686315789473684;0.8029131985731273;0.5686315789473684;0.6657628789746117;2701;663;2049
557;flagpole;4750;;0.6181052631578947;0.7204907975460123;0.6181052631578947;0.6653824362606232;2936;1139;1814
393;anemone_fish;4750;;0.5023157894736842;0.9851362510322048;0.5023157894736842;0.6653653095370886;2386;36;2364
919;street_sign;4750;;0.6583157894736842;0.671750805585392;0.6583157894736842;0.6649654439128123;3127;1528;1623
722;ping-pong_ball;4750;;0.7328421052631579;0.6082474226804123;0.7328421052631579;0.6647569941754988;3481;2242;1269
647;measuring_cup;4750;;0.592;0.7575431034482759;0.592;0.6646182935476247;2812;900;1938
191;Airedale;4750;;0.7010526315789474;0.6317586795674445;0.7010526315789474;0.6646043309050994;3330;1941;1420
263;Pembroke;4750;;0.5686315789473684;0.7991124260355029;0.5686315789473684;0.6644526445264451;2701;679;2049
106;wombat;4750;;0.6033684210526316;0.7380891063610611;0.6033684210526316;0.6639638596084791;2866;1017;1884
627;limousine;4750;;0.7147368421052631;0.6196386201861653;0.7147368421052631;0.6637990028350768;3395;2084;1355
891;waffle_iron;4750;;0.6307368421052632;0.7001635896237439;0.6307368421052632;0.663639384206446;2996;1283;1754
932;pretzel;4750;;0.6292631578947369;0.7;0.6292631578947369;0.6627494456762748;2989;1281;1761
796;ski_mask;4750;;0.7589473684210526;0.587707857841539;0.7589473684210526;0.6624402793090776;3605;2529;1145
615;knee_pad;4750;;0.7378947368421053;0.6005825908156271;0.7378947368421053;0.6621953523521632;3505;2331;1245
752;racket;4750;;0.5802105263157895;0.7711247901510913;0.5802105263157895;0.6621816434406534;2756;818;1994
666;mortar;4750;;0.6616842105263158;0.6619629317607414;0.6616842105263158;0.6618235417982734;3143;1605;1607
232;Border_collie;4750;;0.7376842105263158;0.599281682914315;0.7376842105263158;0.661319241294706;3504;2343;1246
765;rocking_chair;4750;;0.6170526315789474;0.711235137102645;0.6170526315789474;0.6608048698004735;2931;1190;1819
659;mixing_bowl;4750;;0.6524210526315789;0.6691859209673936;0.6524210526315789;0.6606971538215541;3099;1532;1651
902;whistle;4750;;0.7810526315789473;0.5722659262687028;0.7810526315789473;0.6605537256298406;3710;2773;1040
123;spiny_lobster;4750;;0.5437894736842105;0.8405466970387244;0.5437894736842105;0.6603604755208999;2583;490;2167
580;greenhouse;4750;;0.5549473684210526;0.8135802469135802;0.5549473684210526;0.6598247809762203;2636;604;2114
173;Ibizan_hound;4750;;0.6037894736842105;0.7269961977186312;0.6037894736842105;0.6596894767107533;2868;1077;1882
903;wig;4750;;0.6623157894736842;0.6567849686847599;0.6623157894736842;0.6595387840670859;3146;1644;1604
467;butcher_shop;4750;;0.5368421052631579;0.8525576730190572;0.5368421052631579;0.6588296085777031;2550;441;2200
665;moped;4750;;0.612;0.7133742331288343;0.612;0.6588101983002833;2907;1168;1843
155;Shih-Tzu;4750;;0.6484210526315789;0.6692742285962625;0.6484210526315789;0.6586826347305388;3080;1522;1670
185;Norfolk_terrier;4750;;0.6096842105263158;0.7143561914158856;0.6096842105263158;0.6578827805542936;2896;1158;1854
857;throne;4750;;0.6416842105263157;0.6735911602209945;0.6416842105263157;0.6572506738544474;3048;1477;1702
172;whippet;4750;;0.6178947368421053;0.7016495338273966;0.6178947368421053;0.6571140714205753;2935;1248;1815
114;slug;4750;;0.5389473684210526;0.8407224958949097;0.5389473684210526;0.6568313021167416;2560;485;2190
394;sturgeon;4750;;0.6271578947368421;0.6894237445035871;0.6271578947368421;0.6568184323668834;2979;1342;1771
882;vacuum;4750;;0.5898947368421052;0.7377567140600316;0.5898947368421052;0.6555919513336452;2802;996;1948
76;tarantula;4750;;0.6029473684210527;0.7156421789105447;0.6029473684210527;0.6544789762340038;2864;1138;1886
901;whiskey_jug;4750;;0.6717894736842105;0.6369261477045908;0.6717894736842105;0.6538934426229509;3191;1819;1559
437;beacon;4750;;0.6707368421052632;0.6370725854829035;0.6707368421052632;0.653471438826787;3186;1815;1564
690;oxcart;4750;;0.7842105263157895;0.5583033573141487;0.7842105263157895;0.6522500437751708;3725;2947;1025
491;chain_saw;4750;;0.739578947368421;0.5832641540760418;0.739578947368421;0.6521860206070732;3513;2510;1237
579;grand_piano;4750;;0.576421052631579;0.7501369863013698;0.576421052631579;0.6519047619047619;2738;912;2012
205;flat-coated_retriever;4750;;0.5985263157894737;0.7148604475735479;0.5985263157894737;0.6515411939956457;2843;1134;1907
849;teapot;4750;;0.5528421052631579;0.7931138628813047;0.5528421052631579;0.65153206798164;2626;685;2124
840;swab;4750;;0.659578947368421;0.6417451863990168;0.659578947368421;0.6505398671096346;3133;1749;1617
965;burrito;4750;;0.5204210526315789;0.8667601683029453;0.5204210526315789;0.6503551696921862;2472;380;2278
939;zucchini;4750;;0.556;0.7822867298578199;0.556;0.6500123061777011;2641;735;2109
334;porcupine;4750;;0.728421052631579;0.5866395388267209;0.728421052631579;0.6498873027798647;3460;2438;1290
212;English_setter;4750;;0.6631578947368421;0.6371359223300971;0.6631578947368421;0.6498865277491231;3150;1794;1600
433;bathing_cap;4750;;0.6336842105263157;0.6668143553389455;0.6336842105263157;0.6498272884283247;3010;1504;1740
121;king_crab;4750;;0.7067368421052631;0.6012896292315959;0.7067368421052631;0.6497628955772766;3357;2226;1393
267;standard_poodle;4750;;0.724421052631579;0.5871011772735029;0.724421052631579;0.648572236358496;3441;2420;1309
889;violin;4750;;0.6252631578947369;0.6733167082294265;0.6252631578947369;0.6484008296037551;2970;1441;1780
704;parking_meter;4750;;0.7077894736842105;0.5980078263963002;0.7077894736842105;0.6482838411106826;3362;2260;1388
490;chain_mail;4750;;0.6092631578947368;0.6916826003824091;0.6092631578947368;0.6478620998432952;2894;1290;1856
421;bannister;4750;;0.6008421052631578;0.7026095519448547;0.6008421052631578;0.6477530640036314;2854;1208;1896
942;butternut_squash;4750;;0.5789473684210527;0.7347047822602191;0.5789473684210527;0.6475921346991641;2750;993;2000
931;bagel;4750;;0.5366315789473685;0.8151582986888392;0.5366315789473685;0.6472007109305573;2549;578;2201
635;magnetic_compass;4750;;0.6913684210526316;0.6073608285555762;0.6913684210526316;0.6466476321748549;3284;2123;1466
382;squirrel_monkey;4750;;0.6837894736842105;0.6120218579234973;0.6837894736842105;0.6459182658844586;3248;2059;1502
63;Indian_cobra;4750;;0.7448421052631579;0.5698180061201482;0.7448421052631579;0.6456793503056848;3538;2671;1212
206;curly-coated_retriever;4750;;0.6778947368421052;0.615678776290631;0.6778947368421052;0.6452905811623246;3220;2010;1530
825;stone_wall;4750;;0.5317894736842105;0.8190661478599222;0.5317894736842105;0.6448812866990042;2526;558;2224
777;scabbard;4750;;0.6378947368421053;0.6499356499356499;0.6378947368421053;0.6438589035274118;3030;1632;1720
544;Dutch_oven;4750;;0.576;0.7296;0.576;0.6437647058823529;2736;1014;2014
992;agaric;4750;;0.6138947368421053;0.6746876446089773;0.6138947368421053;0.6428571428571429;2916;1406;1834
237;miniature_pinscher;4750;;0.6530526315789473;0.6319005907516806;0.6530526315789473;0.6423025157883838;3102;1807;1648
199;Scotch_terrier;4750;;0.64;0.6440677966101694;0.64;0.6420274551214361;3040;1680;1710
859;toaster;4750;;0.5778947368421052;0.7219884271436087;0.5778947368421052;0.6419550982226381;2745;1057;2005
686;oil_filter;4750;;0.628421052631579;0.6551799824407375;0.628421052631579;0.6415215989684074;2985;1571;1765
798;slide_rule;4750;;0.5494736842105263;0.7680988816951148;0.5494736842105263;0.6406480117820323;2610;788;2140
517;crane;4750;;0.644;0.6371589252239117;0.644;0.6405611977803372;3059;1742;1691
791;shopping_cart;4750;;0.5875789473684211;0.7030226700251889;0.5875789473684211;0.640137614678899;2791;1179;1959
159;Rhodesian_ridgeback;4750;;0.6423157894736842;0.6377508361204013;0.6423157894736842;0.6400251730648205;3051;1733;1699
808;sombrero;4750;;0.6031578947368421;0.6801994301994302;0.6031578947368421;0.6393662128989065;2865;1347;1885
3;tiger_shark;4750;;0.6482105263157895;0.6302968270214944;0.6482105263157895;0.6391281785158277;3079;1806;1671
483;castle;4750;;0.6172631578947368;0.6625988700564972;0.6172631578947368;0.6391280653950954;2932;1493;1818
373;macaque;4750;;0.6176842105263158;0.6608108108108108;0.6176842105263158;0.6385201305767139;2934;1506;1816
450;bobsled;4750;;0.7945263157894736;0.5336538461538461;0.7945263157894736;0.6384706479445103;3774;3298;976
949;strawberry;4750;;0.5911578947368421;0.6938472942920682;0.5911578947368421;0.6383994543594407;2808;1239;1942
929;ice_lolly;4750;;0.5437894736842105;0.7724282296650717;0.5437894736842105;0.6382505559673831;2583;761;2167
761;remote_control;4750;;0.6263157894736842;0.6504153913423699;0.6263157894736842;0.6381381381381381;2975;1599;1775
441;beer_glass;4750;;0.5943157894736842;0.6878654970760234;0.5943157894736842;0.637677885701378;2823;1281;1927
33;loggerhead;4750;;0.6185263157894737;0.6572706935123043;0.6185263157894737;0.6373101952277658;2938;1532;1812
760;refrigerator;4750;;0.6456842105263157;0.6288702070945253;0.6456842105263157;0.6371663031058481;3067;1810;1683
551;face_powder;4750;;0.6964210526315789;0.5852795470629866;0.6964210526315789;0.6360315323976159;3308;2344;1442
416;balance_beam;4750;;0.7642105263157895;0.5443094916779128;0.7642105263157895;0.6357824678167966;3630;3039;1120
823;stethoscope;4750;;0.5616842105263158;0.731359649122807;0.5616842105263158;0.6353893784234341;2668;980;2082
739;potter's_wheel;4750;;0.8431578947368421;0.509477165754993;0.8431578947368421;0.6351597811434462;4005;3856;745
165;black-and-tan_coonhound;4750;;0.6208421052631579;0.6494164280995376;0.6208421052631579;0.634807878592186;2949;1592;1801
37;box_turtle;4750;;0.5334736842105263;0.7830655129789864;0.5334736842105263;0.634610568494866;2534;702;2216
158;toy_terrier;4750;;0.6587368421052632;0.6118498240125146;0.6587368421052632;0.6344282238442822;3129;1985;1621
867;trailer_truck;4750;;0.7170526315789474;0.5679506419876605;0.7170526315789474;0.6338513073415837;3406;2591;1344
383;Madagascar_cat;4750;;0.5027368421052631;0.8571428571428571;0.5027368421052631;0.6337579617834396;2388;398;2362
617;lab_coat;4750;;0.6397894736842106;0.626210591386771;0.6397894736842106;0.632927210246798;3039;1814;1711
971;bubble;4750;;0.62;0.6462585034013606;0.62;0.6328569893628451;2945;1612;1805
759;reflex_camera;4750;;0.6014736842105263;0.6675233644859813;0.6014736842105263;0.6327796234772979;2857;1423;1893
568;fur_coat;4750;;0.6273684210526316;0.6372968349016254;0.6273684210526316;0.6322936558455337;2980;1696;1770
586;half_track;4750;;0.7216842105263158;0.5613230718847224;0.7216842105263158;0.6314819931841208;3428;2679;1322
186;Norwich_terrier;4750;;0.7450526315789474;0.5469015608097666;0.7450526315789474;0.6307815702700295;3539;2932;1211
298;mongoose;4750;;0.5755789473684211;0.6974489795918367;0.5755789473684211;0.6306805074971165;2734;1186;2016
723;pinwheel;4750;;0.7610526315789473;0.5384271671134941;0.7610526315789473;0.6306699232379623;3615;3099;1135
717;pickup;4750;;0.5494736842105263;0.7385398981324278;0.5494736842105263;0.6301303718010622;2610;924;2140
202;soft-coated_wheaten_terrier;4750;;0.5966315789473684;0.6676089517078916;0.5966315789473684;0.6301278488048916;2834;1411;1916
208;Labrador_retriever;4750;;0.6141052631578947;0.6469283654912398;0.6141052631578947;0.6300896425099903;2917;1592;1833
864;tow_truck;4750;;0.5858947368421052;0.681439764936337;0.5858947368421052;0.6300656554222323;2783;1301;1967
922;menu;4750;;0.4983157894736842;0.8538961038961039;0.4983157894736842;0.6293538952406275;2367;405;2383
50;American_alligator;4750;;0.5082105263157894;0.8250170881749829;0.5082105263157894;0.6289734236581552;2414;512;2336
313;walking_stick;4750;;0.5176842105263157;0.8004557291666666;0.5176842105263157;0.6287394528253643;2459;613;2291
473;can_opener;4750;;0.6056842105263158;0.6517897598550068;0.6056842105263158;0.627891750327368;2877;1537;1873
532;dining_table;4750;;0.6178947368421053;0.6380434782608696;0.6178947368421053;0.627807486631016;2935;1665;1815
457;bow_tie;4750;;0.5778947368421052;0.6869369369369369;0.5778947368421052;0.627715527098102;2745;1251;2005
641;maraca;4750;;0.7861052631578948;0.5223838836038053;0.7861052631578948;0.6276685157169273;3734;3414;1016
440;beer_bottle;4750;;0.6216842105263158;0.6335550311092041;0.6216842105263158;0.6275634895335246;2953;1708;1797
207;golden_retriever;4750;;0.7092631578947368;0.5622496662216289;0.7092631578947368;0.6272574939489852;3369;2623;1381
738;pot;4750;;0.7210526315789474;0.5541174567222132;0.7210526315789474;0.6266581282590796;3425;2756;1325
335;fox_squirrel;4750;;0.7926315789473685;0.5179529508873297;0.7926315789473685;0.6265080289541558;3765;3504;985
577;gong;4750;;0.7726315789473684;0.5245854774156661;0.7726315789473684;0.6248935807934616;3670;3326;1080
514;cowboy_boot;4750;;0.5974736842105263;0.6546712802768166;0.5974736842105263;0.6247660979636764;2838;1497;1912
219;cocker_spaniel;4750;;0.5856842105263158;0.6689107958643905;0.5856842105263158;0.6245369850712763;2782;1377;1968
997;bolete;4750;;0.523578947368421;0.7721204594846321;0.523578947368421;0.6240120436582611;2487;734;2263
153;Maltese_dog;4750;;0.6692631578947369;0.583409799963296;0.6692631578947369;0.6233944504363172;3179;2270;1571
720;pill_bottle;4750;;0.6945263157894737;0.563642576456518;0.6945263157894737;0.6222767141375083;3299;2554;1451
533;dishrag;4750;;0.4936842105263158;0.8377992140050018;0.4936842105263158;0.6212743409723142;2345;454;2405
875;trombone;4750;;0.5968421052631578;0.6471125313855284;0.5968421052631578;0.6209615595225058;2835;1546;1915
913;wreck;4750;;0.6357894736842106;0.6066693451185214;0.6357894736842106;0.6208881578947368;3020;1958;1730
179;Staffordshire_bullterrier;4750;;0.5825263157894737;0.6641862698031685;0.5825263157894737;0.6206819201435622;2767;1399;1983
940;spaghetti_squash;4750;;0.6964210526315789;0.5585007597501266;0.6964210526315789;0.6198819450950999;3308;2615;1442
101;tusker;4750;;0.7214736842105263;0.5427621159328476;0.7214736842105263;0.6194866232827186;3427;2887;1323
168;redbone;4750;;0.6806315789473685;0.5679901616303584;0.6806315789473685;0.6192300325608121;3233;2459;1517
115;sea_slug;4750;;0.6181052631578947;0.6199324324324325;0.6181052631578947;0.6190174994729074;2936;1800;1814
850;teddy;4750;;0.5715789473684211;0.6743666169895678;0.5715789473684211;0.6187329079307201;2715;1311;2035
449;boathouse;4750;;0.5787368421052631;0.6644911771815325;0.5787368421052631;0.618656464498706;2749;1388;2001
61;boa_constrictor;4750;;0.504421052631579;0.7962778331671652;0.504421052631579;0.6176053615156593;2396;613;2354
703;park_bench;4750;;0.5684210526315789;0.6758448060075094;0.5684210526315789;0.6174957118353345;2700;1295;2050
257;Great_Pyrenees;4750;;0.5654736842105264;0.6770859591630956;0.5654736842105264;0.6162670643570036;2686;1281;2064
280;grey_fox;4750;;0.6652631578947369;0.5732946298984035;0.6652631578947369;0.6158643539271098;3160;2352;1590
833;submarine;4750;;0.7235789473684211;0.5356920199501247;0.7235789473684211;0.6156188429159951;3437;2979;1313
269;timber_wolf;4750;;0.628421052631579;0.6012084592145015;0.628421052631579;0.6145136387030365;2985;1980;1765
175;otterhound;4750;;0.6974736842105264;0.5486007617155159;0.6974736842105264;0.6141440355918065;3313;2726;1437
522;croquet_ball;4750;;0.816;0.4916909805911455;0.816;0.6136309665162669;3876;4007;874
374;langur;4750;;0.6461052631578947;0.5834600760456273;0.6461052631578947;0.6131868131868131;3069;2191;1681
112;conch;4750;;0.5629473684210526;0.6730430405235338;0.5629473684210526;0.6130918262065803;2674;1299;2076
40;American_chameleon;4750;;0.6218947368421053;0.6011396011396012;0.6218947368421053;0.6113410596026491;2954;1960;1796
384;indri;4750;;0.8642105263157894;0.4724364138566003;0.8642105263157894;0.6109085497432845;4105;4584;645
480;cash_machine;4750;;0.5882105263157895;0.6342792281498297;0.5882105263157895;0.6103768432550518;2794;1611;1956
52;thunder_snake;4750;;0.6701052631578948;0.560387323943662;0.6701052631578948;0.6103547459252158;3183;2497;1567
538;dome;4750;;0.5248421052631579;0.7276707530647986;0.5248421052631579;0.6098336594911937;2493;933;2257
806;sock;4750;;0.5050526315789474;0.7669437340153452;0.5050526315789474;0.609037826859609;2399;729;2351
589;hand_blower;4750;;0.5307368421052632;0.7133559705715903;0.5307368421052632;0.6086431675519073;2521;1013;2229
452;bonnet;4750;;0.5732631578947368;0.648642210576465;0.5732631578947368;0.6086276262852034;2723;1475;2027
597;holster;4750;;0.5421052631578948;0.6935092916778886;0.5421052631578948;0.608531253692544;2575;1138;2175
756;rain_barrel;4750;;0.5025263157894737;0.7697516930022573;0.5025263157894737;0.608075404407082;2387;714;2363
302;ground_beetle;4750;;0.6888421052631579;0.5438829787234043;0.6888421052631579;0.6078394947055545;3272;2744;1478
197;giant_schnauzer;4750;;0.5372631578947369;0.6978397593656002;0.5372631578947369;0.6071131200190318;2552;1105;2198
443;bib;4750;;0.5282105263157895;0.7133920955359682;0.5282105263157895;0.6069916535623564;2509;1008;2241
329;sea_cucumber;4750;;0.5301052631578947;0.7092957746478873;0.5301052631578947;0.6067469879518073;2518;1032;2232
831;studio_couch;4750;;0.7046315789473684;0.5312698412698412;0.7046315789473684;0.6057918552036199;3347;2953;1403
184;Irish_terrier;4750;;0.568;0.6439140811455847;0.568;0.603579418344519;2698;1492;2052
447;binoculars;4750;;0.6277894736842106;0.5803814713896458;0.6277894736842106;0.6031553398058253;2982;2156;1768
616;knot;4750;;0.6661052631578948;0.5501651886628413;0.6661052631578948;0.6026092753071136;3164;2587;1586
803;snowplow;4750;;0.7896842105263158;0.48701635938717214;0.7896842105263158;0.6024734982332155;3751;3951;999
328;sea_urchin;4750;;0.6654736842105263;0.55012182387748;0.6654736842105263;0.6023246951219513;3161;2585;1589
520;crib;4750;;0.508;0.7370189370800244;0.508;0.6014456630109671;2413;861;2337
572;goblet;4750;;0.4974736842105263;0.7600514634930846;0.4974736842105263;0.6013487721084106;2363;746;2387
546;electric_guitar;4750;;0.5930526315789474;0.6073738680465718;0.5930526315789474;0.6001278227524499;2817;1821;1933
880;unicycle;4750;;0.6633684210526316;0.5462898751733704;0.6633684210526316;0.5991633390378399;3151;2617;1599
484;catamaran;4750;;0.4917894736842105;0.765650606358571;0.4917894736842105;0.598897577233688;2336;715;2414
427;barrel;4750;;0.5865263157894737;0.611635565312843;0.5865263157894737;0.5988178398710371;2786;1769;1964
702;parallel_bars;4750;;0.6915789473684211;0.5272026961964371;0.6915789473684211;0.5983061651944267;3285;2946;1465
431;bassinet;4750;;0.6128421052631579;0.5837176659314217;0.6128421052631579;0.5979254390469344;2911;2076;1839
231;collie;4750;;0.5787368421052631;0.6181695525073083;0.5787368421052631;0.5978036316190063;2749;1698;2001
608;jean;4750;;0.5357894736842105;0.6757833244822092;0.5357894736842105;0.5976984499765148;2545;1221;2205
395;gar;4750;;0.6501052631578947;0.5526127415891195;0.6501052631578947;0.5974076223640937;3088;2500;1662
644;matchstick;4750;;0.5707368421052632;0.6246543778801843;0.5707368421052632;0.5964796479647965;2711;1629;2039
774;sandal;4750;;0.4974736842105263;0.7421482412060302;0.4974736842105263;0.5956642298966474;2363;821;2387
246;Great_Dane;4750;;0.5783157894736842;0.613991953509164;0.5783157894736842;0.5956201214223764;2747;1727;2003
226;briard;4750;;0.5368421052631579;0.6687647521636507;0.5368421052631579;0.5955856592315778;2550;1263;2200
80;black_grouse;4750;;0.8970526315789473;0.4457112970711297;0.8970526315789473;0.5955276030747729;4261;5299;489
950;orange;4750;;0.5029473684210526;0.7283536585365854;0.5029473684210526;0.5950186799501868;2389;891;2361
107;jellyfish;4750;;0.7728421052631579;0.48321705936553905;0.7728421052631579;0.5946383736940147;3671;3926;1079
776;sax;4750;;0.6086315789473684;0.5802890405459655;0.6086315789473684;0.5941224825318537;2891;2091;1859
778;scale;4750;;0.45326315789473687;0.8594810379241516;0.45326315789473687;0.5935217091660924;2153;352;2597
380;titi;4750;;0.7096842105263158;0.508446455505279;0.7096842105263158;0.5924428822495607;3371;3259;1379
65;sea_snake;4750;;0.6265263157894737;0.5609802073515552;0.6265263157894737;0.5919443063152661;2976;2329;1774
773;saltshaker;4750;;0.49705263157894736;0.7302814723167337;0.49705263157894736;0.5915069522735813;2361;872;2389
314;cockroach;4750;;0.5338947368421053;0.6630065359477124;0.5338947368421053;0.5914868804664722;2536;1289;2214
233;Bouvier_des_Flandres;4750;;0.6941052631578948;0.5149148836482899;0.6941052631578948;0.5912310589079172;3297;3106;1453
847;tank;4750;;0.6602105263157895;0.5341509112587294;0.6602105263157895;0.5905281988513322;3136;2735;1614
879;umbrella;4750;;0.5016842105263158;0.7171230815528137;0.5016842105263158;0.5903629381890252;2383;940;2367
189;Lakeland_terrier;4750;;0.6014736842105263;0.5772883410790058;0.6014736842105263;0.5891329002989999;2857;2092;1893
227;kelpie;4750;;0.6037894736842105;0.5749799518845229;0.6037894736842105;0.5890326555760936;2868;2120;1882
311;grasshopper;4750;;0.5486315789473685;0.635609756097561;0.5486315789473685;0.5889265536723164;2606;1494;2144
455;bottlecap;4750;;0.5644210526315789;0.6156142365097589;0.5644210526315789;0.5889071938495333;2681;1674;2069
674;mousetrap;4750;;0.7252631578947368;0.49539833189531207;0.7252631578947368;0.5886876281613124;3445;3509;1305
462;broom;4750;;0.5711578947368421;0.6045008912655971;0.5711578947368421;0.5873565706862958;2713;1775;2037
711;perfume;4750;;0.5023157894736842;0.7059171597633136;0.5023157894736842;0.5869618696186962;2386;994;2364
943;cucumber;4750;;0.5301052631578947;0.657098121085595;0.5301052631578947;0.5868096014914937;2518;1314;2232
271;red_wolf;4750;;0.5404210526315789;0.6409488139825218;0.5404210526315789;0.5864077669902913;2567;1438;2183
854;theater_curtain;4750;;0.8006315789473685;0.4621460687811399;0.8006315789473685;0.5860235765467293;3803;4426;947
78;tick;4750;;0.760421052631579;0.4762658227848101;0.760421052631579;0.5856980703745743;3612;3972;1138
789;shoji;4750;;0.72;0.4935064935064935;0.72;0.5856164383561644;3420;3510;1330
678;neck_brace;4750;;0.656;0.5288526816021725;0.656;0.5856042097350123;3116;2776;1634
204;Lhasa;4750;;0.4926315789473684;0.7211093990755008;0.4926315789473684;0.5853658536585366;2340;905;2410
795;ski;4750;;0.6661052631578948;0.5209087915706289;0.6661052631578948;0.5846267553584626;3164;2910;1586
386;African_elephant;4750;;0.46442105263157896;0.7875758657622278;0.46442105263157896;0.5842934710634353;2206;595;2544
405;airship;4750;;0.616421052631579;0.5544404468850597;0.616421052631579;0.5837902502243048;2928;2353;1822
769;rule;4750;;0.6008421052631578;0.5669447755264203;0.6008421052631578;0.5834014717906786;2854;2180;1896
596;hatchet;4750;;0.5054736842105263;0.6893482629916738;0.5054736842105263;0.5832624802623587;2401;1082;2349
162;beagle;4750;;0.5989473684210527;0.5676376695929769;0.5989473684210527;0.5828723622208564;2845;2167;1905
453;bookcase;4750;;0.5755789473684211;0.5901143967191884;0.5755789473684211;0.5827560481722263;2734;1899;2016
487;cellular_telephone;4750;;0.5378947368421053;0.635098185433756;0.5378947368421053;0.5824689387894677;2555;1468;2195
474;cardigan;4750;;0.4974736842105263;0.7018117018117018;0.4974736842105263;0.5822348158186522;2363;1004;2387
187;Yorkshire_terrier;4750;;0.56;0.6056466302367942;0.56;0.5819295558958653;2660;1732;2090
399;abaya;4750;;0.7069473684210527;0.4943324010010305;0.7069473684210527;0.5818244823702676;3358;3435;1392
807;solar_dish;4750;;0.7353684210526316;0.48106321443327366;0.7353684210526316;0.5816335026225959;3493;3768;1257
979;valley;4750;;0.5812631578947368;0.5813855548536534;0.5812631578947368;0.5813243499315718;2761;1988;1989
230;Shetland_sheepdog;4750;;0.504421052631579;0.6832050185343599;0.504421052631579;0.5803560615235559;2396;1111;2354
465;bulletproof_vest;4750;;0.6741052631578948;0.5089001907183726;0.6741052631578948;0.5799673972106503;3202;3090;1548
371;patas;4750;;0.6530526315789473;0.5206445115810675;0.6530526315789473;0.5793799028763542;3102;2856;1648
196;miniature_schnauzer;4750;;0.44863157894736844;0.8174146528576909;0.44863157894736844;0.5793122196547505;2131;476;2619
241;EntleBucher;4750;;0.8021052631578948;0.45313986679352997;0.8021052631578948;0.5791153670770635;3810;4598;940
574;golf_ball;4750;;0.7498947368421053;0.4715382578766217;0.7498947368421053;0.5789986996098829;3562;3992;1188
49;African_crocodile;4750;;0.46;0.7795219407777382;0.46;0.5785780484575666;2185;618;2565
658;mitten;4750;;0.5498947368421052;0.6099953292853807;0.5498947368421052;0.5783879539415411;2612;1670;2138
503;cocktail_shaker;4750;;0.5915789473684211;0.5652786159726413;0.5915789473684211;0.5781298220347701;2810;2161;1940
653;milk_can;4750;;0.6667368421052632;0.5102303850491381;0.6667368421052632;0.5780779410422561;3167;3040;1583
408;amphibian;4750;;0.5962105263157895;0.5606810532567809;0.5962105263157895;0.5779002142638507;2832;2219;1918
492;chest;4750;;0.488;0.7071384990848079;0.488;0.5774788241155955;2318;960;2432
502;clog;4750;;0.5623157894736842;0.5930284191829485;0.5623157894736842;0.5772638858871838;2671;1833;2079
200;Tibetan_terrier;4750;;0.5181052631578947;0.6512304842550939;0.5181052631578947;0.5770899284793058;2461;1318;2289
858;tile_roof;4750;;0.456;0.7842143374366402;0.456;0.5766773162939298;2166;596;2584
277;red_fox;4750;;0.6170526315789474;0.5407749077490774;0.6170526315789474;0.5764011799410029;2931;2489;1819
222;kuvasz;4750;;0.6301052631578947;0.530956182366507;0.6301052631578947;0.5762972946952921;2993;2644;1757
525;dam;4750;;0.6098947368421053;0.5444465326066529;0.6098947368421053;0.5753152616423395;2897;2424;1853
201;silky_terrier;4750;;0.4263157894736842;0.8796698523023457;0.4263157894736842;0.5743051616562678;2025;277;2725
476;carousel;4750;;0.8730526315789474;0.4270854788877446;0.8730526315789474;0.573582295988935;4147;5563;603
680;nipple;4750;;0.6757894736842105;0.49713489236487535;0.6757894736842105;0.5728562505576872;3210;3247;1540
108;sea_anemone;4750;;0.5246315789473684;0.6302478502781993;0.5246315789473684;0.5726102941176471;2492;1462;2258
357;mink;4750;;0.6831578947368421;0.49226334951456313;0.6831578947368421;0.5722094868629871;3245;3347;1505
745;projector;4750;;0.535157894736842;0.614454919023447;0.535157894736842;0.5720715652076066;2542;1595;2208
552;feather_boa;4750;;0.5991578947368421;0.5466769112562428;0.5991578947368421;0.5717155484130173;2846;2360;1904
835;sundial;4750;;0.48547368421052634;0.6947875866224766;0.48547368421052634;0.5715702069649276;2306;1013;2444
729;plate_rack;4750;;0.5370526315789473;0.6105792245093347;0.5370526315789473;0.5714605734767024;2551;1627;2199
735;poncho;4750;;0.596;0.5487497577049816;0.596;0.5713997376122717;2831;2328;1919
180;American_Staffordshire_terrier;4750;;0.5496842105263158;0.5942193900773782;0.5496842105263158;0.5710848643919509;2611;1783;2139
422;barbell;4750;;0.5141052631578947;0.6392670157068063;0.5141052631578947;0.5698949824970828;2442;1378;2308
442;bell_cote;4750;;0.6616842105263158;0.4999204708127883;0.6616842105263158;0.569538823955785;3143;3144;1607
400;academic_gown;4750;;0.6686315789473685;0.49478111855429197;0.6686315789473685;0.5687169845106992;3176;3243;1574
390;eel;4750;;0.5174736842105263;0.6305797845048743;0.5174736842105263;0.56845513413506;2458;1440;2292
667;mortarboard;4750;;0.516;0.6321898375032241;0.516;0.5682160658398053;2451;1426;2299
866;tractor;4750;;0.5724210526315789;0.5639908732628085;0.5724210526315789;0.568174694389301;2719;2102;2031
660;mobile_home;4750;;0.5892631578947368;0.54796397807361;0.5892631578947368;0.5678636640292148;2799;2309;1951
790;shopping_basket;4750;;0.5456842105263158;0.5915107256960292;0.5456842105263158;0.5676741130091985;2592;1790;2158
966;red_wine;4750;;0.620421052631579;0.5230741924032659;0.620421052631579;0.5676040061633282;2947;2687;1803
459;brassiere;4750;;0.6151578947368421;0.5260126012601261;0.6151578947368421;0.5671033478893742;2922;2633;1828
456;bow;4750;;0.7082105263157895;0.4728703964014619;0.7082105263157895;0.5670937289278489;3364;3750;1386
788;shoe_shop;4750;;0.56;0.5741420246060868;0.56;0.56698284130875;2660;1973;2090
30;bullfrog;4750;;0.4206315789473684;0.8649350649350649;0.4206315789473684;0.5660056657223795;1998;312;2752
737;pop_bottle;4750;;0.44926315789473686;0.75997150997151;0.44926315789473686;0.564699655993649;2134;674;2616
912;worm_fence;4750;;0.7282105263157894;0.46052456397283986;0.7282105263157894;0.5642280401272327;3459;4052;1291
602;horizontal_bar;4750;;0.6153684210526316;0.520848182466144;0.6153684210526316;0.5641767998455897;2923;2689;1827
827;stove;4750;;0.5452631578947369;0.5821532928748033;0.5452631578947369;0.5631046852918796;2590;1859;2160
626;lighter;4750;;0.5667368421052632;0.5578118524658102;0.5667368421052632;0.5622389306599833;2692;2134;2058
151;Chihuahua;4750;;0.5981052631578947;0.5298396120850429;0.5981052631578947;0.5619066455696203;2841;2521;1909
531;digital_watch;4750;;0.5136842105263157;0.6189751395230847;0.5136842105263157;0.5614358030372756;2440;1502;2310
402;acoustic_guitar;4750;;0.5042105263157894;0.6324267229997359;0.5042105263157894;0.5610870329155441;2395;1392;2355
817;sports_car;4750;;0.5757894736842105;0.5465627498001598;0.5757894736842105;0.5607955710477752;2735;2269;2015
843;swing;4750;;0.7147368421052631;0.4599647744208102;0.7147368421052631;0.5597230236583958;3395;3986;1355
409;analog_clock;4750;;0.6362105263157894;0.49851534147146154;0.6362105263157894;0.5590085090640029;3022;3040;1728
590;hand-held_computer;4750;;0.623578947368421;0.5039128955427016;0.623578947368421;0.5573955589010161;2962;2916;1788
904;window_screen;4750;;0.564;0.5506680369989723;0.564;0.5572542901716068;2679;2186;2071
44;alligator_lizard;4750;;0.4570526315789474;0.7127380170715693;0.4570526315789474;0.5569522832221652;2171;875;2579
839;suspension_bridge;4750;;0.4271578947368421;0.7994483845547675;0.4271578947368421;0.5568057080131723;2029;509;2721
481;cassette;4750;;0.5484210526315789;0.5628781331028522;0.5484210526315789;0.5555555555555555;2605;2023;2145
845;syringe;4750;;0.476;0.6661756040070713;0.476;0.5552554027504911;2261;1133;2489
826;stopwatch;4750;;0.47326315789473683;0.6696455168305034;0.47326315789473683;0.5545824596028124;2248;1109;2502
710;pencil_sharpener;4750;;0.47768421052631577;0.6601687518184464;0.47768421052631577;0.554293391962868;2269;1168;2481
634;lumbermill;4750;;0.5741052631578948;0.5356511490866235;0.5741052631578948;0.5542119703282188;2727;2364;2023
529;diaper;4750;;0.5707368421052632;0.5378968253968254;0.5707368421052632;0.5538304392236977;2711;2329;2039
595;harvester;4750;;0.528;0.5820375957298677;0.528;0.5537034992824814;2508;1801;2242
406;altar;4750;;0.608421052631579;0.5077301475755446;0.608421052631579;0.5535338057843324;2890;2802;1860
846;table_lamp;4750;;0.5972631578947368;0.5153496821071752;0.5972631578947368;0.5532910775231595;2837;2668;1913
884;vault;4750;;0.5848421052631579;0.5225733634311512;0.5848421052631579;0.5519570832505464;2778;2538;1972
930;French_loaf;4750;;0.5551578947368421;0.5460757920894596;0.5551578947368421;0.5505793924209207;2637;2192;2113
651;microwave;4750;;0.4997894736842105;0.6126451612903225;0.4997894736842105;0.5504927536231884;2374;1501;2376
758;reel;4750;;0.472;0.6599941124521637;0.472;0.5503866453909414;2242;1155;2508
683;oboe;4750;;0.5848421052631579;0.5189613300952737;0.5848421052631579;0.5499356626744532;2778;2575;1972
250;Siberian_husky;4750;;0.5402105263157895;0.5586762464620074;0.5402105263157895;0.5492882371829177;2566;2027;2184
64;green_mamba;4750;;0.6858947368421052;0.4573915485048435;0.6858947368421052;0.5488082203318454;3258;3865;1492
419;Band_Aid;4750;;0.608;0.499567548866978;0.608;0.5484759282119457;2888;2893;1862
696;paintbrush;4750;;0.5378947368421053;0.5594482154587257;0.5378947368421053;0.5484598046581518;2555;2012;2195
581;grille;4750;;0.40842105263157896;0.8287056813327638;0.40842105263157896;0.547172472147793;1940;401;2810
341;hog;4750;;0.5216842105263158;0.5741427247451344;0.5216842105263158;0.5466578424884182;2478;1838;2272
170;Irish_wolfhound;4750;;0.49642105263157893;0.6075753671734089;0.49642105263157893;0.5464025026068822;2358;1523;2392
892;wall_clock;4750;;0.5263157894736842;0.5666364460562103;0.5263157894736842;0.545732372844357;2500;1912;2250
411;apron;4750;;0.44863157894736844;0.6945893089960886;0.44863157894736844;0.5451522128421591;2131;937;2619
543;dumbbell;4750;;0.5709473684210526;0.5209373799462159;0.5709473684210526;0.5447971072719968;2712;2494;2038
588;hamper;4750;;0.5612631578947368;0.5265652775034565;0.5612631578947368;0.5433608478548864;2666;2397;2084
523;crutch;4750;;0.47936842105263155;0.6267547481420314;0.47936842105263155;0.5432422760348323;2277;1356;2473
698;palace;4750;;0.6313684210526316;0.4765612585412363;0.6313684210526316;0.54314950647469;2999;3294;1751
436;beach_wagon;4750;;0.5136842105263157;0.5725011731581418;0.5136842105263157;0.5415002219263205;2440;1822;2310
894;wardrobe;4750;;0.5309473684210526;0.5517392255523955;0.5309473684210526;0.5411436541143655;2522;2049;2228
671;mountain_bike;4750;;0.7808421052631579;0.41321301247771836;0.7808421052631579;0.5404342124435378;3709;5267;1041
964;potpie;4750;;0.6524210526315789;0.4599970313195784;0.6524210526315789;0.5395664664403238;3099;3638;1651
861;toilet_seat;4750;;0.588;0.4975062344139651;0.588;0.5389810883828637;2793;2821;1957
498;cinema;4750;;0.5162105263157895;0.5636781609195403;0.5162105263157895;0.5389010989010989;2452;1898;2298
842;swimming_trunks;4750;;0.5637894736842105;0.5155949172121679;0.5637894736842105;0.5386162510056315;2678;2516;2072
811;space_heater;4750;;0.5185263157894737;0.5598999772675608;0.5185263157894737;0.5384194993988415;2463;1936;2287
413;assault_rifle;4750;;0.5987368421052631;0.4889958734525447;0.5987368421052631;0.5383304940374787;2844;2972;1906
166;Walker_hound;4750;;0.5252631578947369;0.5510159010600707;0.5252631578947369;0.5378314291873248;2495;2033;2255
793;shower_cap;4750;;0.5770526315789474;0.5033976124885216;0.5770526315789474;0.5377145659637077;2741;2704;2009
515;cowboy_hat;4750;;0.47157894736842104;0.6251744348311471;0.47157894736842104;0.5376215048601944;2240;1343;2510
34;leatherback_turtle;4750;;0.5452631578947369;0.5286793223106756;0.5452631578947369;0.5368431961861333;2590;2309;2160
697;pajama;4750;;0.6037894736842105;0.4820978315683308;0.6037894736842105;0.5361248714833162;2868;3081;1882
530;digital_clock;4750;;0.5397894736842105;0.5299710624224886;0.5397894736842105;0.5348352106800167;2564;2274;2186
709;pencil_box;4750;;0.44905263157894737;0.6605760297305667;0.44905263157894737;0.5346534653465347;2133;1096;2617
652;military_uniform;4750;;0.45557894736842103;0.6444312090530078;0.45557894736842103;0.5337937839171188;2164;1194;2586
869;trench_coat;4750;;0.4225263157894737;0.7211642112827884;0.4225263157894737;0.5328554360812425;2007;776;2743
418;ballpoint;4750;;0.5414736842105263;0.5227642276422764;0.5414736842105263;0.5319544984488107;2572;2348;2178
792;shovel;4750;;0.46273684210526317;0.6239000851546977;0.46273684210526317;0.531367097787985;2198;1325;2552
721;pillow;4750;;0.3753684210526316;0.9083036169128884;0.3753684210526316;0.531208103679428;1783;180;2967
163;bloodhound;4750;;0.4145263157894737;0.7377294866991383;0.4145263157894737;0.5307992990969133;1969;700;2781
804;soap_dispenser;4750;;0.4711578947368421;0.6076568015204996;0.4711578947368421;0.5307719672714336;2238;1445;2512
895;warplane;4750;;0.7258947368421053;0.41809142718564324;0.7258947368421053;0.5305839809186735;3448;4799;1302
312;cricket;4750;;0.45642105263157895;0.6317016317016317;0.45642105263157895;0.5299437790271327;2168;1264;2582
708;pedestal;4750;;0.5111578947368421;0.5498188405797102;0.5111578947368421;0.5297839842897666;2428;1988;2322
611;jigsaw_puzzle;4750;;0.6492631578947369;0.44676227727075185;0.6492631578947369;0.5293057581738608;3084;3819;1666
385;Indian_elephant;4750;;0.46842105263157896;0.607094133697135;0.46842105263157896;0.5288175876411171;2225;1440;2525
534;dishwasher;4750;;0.42126315789473684;0.7088204038257173;0.42126315789473684;0.5284563581143537;2001;822;2749
693;paddle;4750;;0.5595789473684211;0.49971799210377893;0.5595789473684211;0.5279570960373423;2658;2661;2092
962;meat_loaf;4750;;0.4943157894736842;0.5660559305689489;0.4943157894736842;0.5277590469768488;2348;1800;2402
636;mailbag;4750;;0.5496842105263158;0.5064985451018429;0.5496842105263158;0.527208480565371;2611;2544;2139
977;sandbar;4750;;0.45242105263157895;0.6287302516091281;0.45242105263157895;0.5261998041136141;2149;1269;2601
272;coyote;4750;;0.5762105263157895;0.4836543558932674;0.5762105263157895;0.5258910558170814;2737;2922;2013
505;coffeepot;4750;;0.5625263157894737;0.4905452542684046;0.5625263157894737;0.5240757085417279;2672;2775;2078
935;mashed_potato;4750;;0.40989473684210526;0.7229855180096547;0.40989473684210526;0.5231761386537687;1947;746;2803
855;thimble;4750;;0.6141052631578947;0.4556388628553577;0.6141052631578947;0.5231348637015782;2917;3485;1833
775;sarong;4750;;0.5254736842105263;0.5204336947456214;0.5254736842105263;0.5229415461973602;2496;2300;2254
844;switch;4750;;0.5269473684210526;0.5188640132669984;0.5269473684210526;0.5228744516398579;2503;2321;2247
513;cornet;4750;;0.4903157894736842;0.5599903823034383;0.4903157894736842;0.522842069817039;2329;1830;2421
643;mask;4750;;0.45957894736842103;0.6060521932259856;0.45957894736842103;0.5227490421455939;2183;1419;2567
926;hot_pot;4750;;0.6526315789473685;0.43429532081815636;0.6526315789473685;0.5215343203230148;3100;4038;1650
345;ox;4750;;0.46778947368421053;0.5875198307773665;0.46778947368421053;0.5208626347866854;2222;1560;2528
772;safety_pin;4750;;0.5126315789473684;0.5284288194444444;0.5126315789473684;0.5204103440906177;2435;2173;2315
304;leaf_beetle;4750;;0.4111578947368421;0.7076086956521739;0.4111578947368421;0.5201065246338216;1953;807;2797
830;stretcher;4750;;0.6206315789473684;0.44680206123067595;0.6206315789473684;0.5195629185759605;2948;3650;1802
700;paper_towel;4750;;0.4871578947368421;0.5563837460928108;0.4871578947368421;0.5194746885172298;2314;1845;2436
477;carpenter's_kit;4750;;0.5873684210526315;0.465;0.5873684210526315;0.5190697674418604;2790;3210;1960
751;racer;4750;;0.6444210526315789;0.43344661568960635;0.6444210526315789;0.5182864883169659;3061;4001;1689
631;lotion;4750;;0.4941052631578947;0.5442949907235621;0.4941052631578947;0.517987199293754;2347;1965;2403
967;espresso;4750;;0.40189473684210525;0.7233800682076544;0.40189473684210525;0.5167140343754228;1909;730;2841
656;minivan;4750;;0.40442105263157896;0.7083333333333334;0.40442105263157896;0.5148753685339051;1921;791;2829
193;Australian_terrier;4750;;0.48905263157894735;0.5432647333956969;0.48905263157894735;0.5147352093950809;2323;1953;2427
679;necklace;4750;;0.46589473684210525;0.5737619911848587;0.46589473684210525;0.514232601370977;2213;1644;2537
648;medicine_chest;4750;;0.4808421052631579;0.551824112104373;0.4808421052631579;0.5138935763302959;2284;1855;2466
126;isopod;4750;;0.6532631578947369;0.42292490118577075;0.6532631578947369;0.5134441962438984;3103;4234;1647
624;library;4750;;0.4974736842105263;0.5302962298025135;0.4974736842105263;0.5133608516185098;2363;2093;2387
446;binder;4750;;0.4728421052631579;0.560519091589718;0.4728421052631579;0.5129610597236496;2246;1761;2504
59;vine_snake;4750;;0.6343157894736842;0.43042857142857144;0.6343157894736842;0.5128510638297873;3013;3987;1737
5;electric_ray;4750;;0.7282105263157894;0.39481794315717383;0.7282105263157894;0.5120272370660942;3459;5302;1291
908;wing;4750;;0.4025263157894737;0.7029411764705882;0.4025263157894737;0.5119143239625167;1912;808;2838
281;tabby;4750;;0.5955789473684211;0.44727272727272727;0.5955789473684211;0.5108803611738149;2829;3496;1921
506;coil;4750;;0.5627368421052632;0.4671443551205872;0.5627368421052632;0.5105042016806723;2673;3049;2077
62;rock_python;4750;;0.4922105263157895;0.529918404351768;0.4922105263157895;0.5103689150840428;2338;2074;2412
591;handkerchief;4750;;0.5206315789473684;0.5002022653721683;0.5206315789473684;0.5102125025789148;2473;2471;2277
910;wooden_spoon;4750;;0.39410526315789474;0.7216653816499614;0.39410526315789474;0.5098039215686274;1872;722;2878
797;sleeping_bag;4750;;0.4686315789473684;0.5574755822689706;0.4686315789473684;0.5092073658927142;2226;1767;2524
662;modem;4750;;0.4978947368421053;0.520695728753853;0.4978947368421053;0.5090400344382264;2365;2177;2385
675;moving_van;4750;;0.552;0.4721772015126958;0.552;0.5089779675822577;2622;2931;2128
701;parachute;4750;;0.8823157894736842;0.3575938566552901;0.8823157894736842;0.5089253187613842;4191;7529;559
587;hammer;4750;;0.39557894736842103;0.7093242733106833;0.39557894736842103;0.5079064738478172;1879;770;2871
54;hognose_snake;4750;;0.39073684210526316;0.7221789883268482;0.39073684210526316;0.5071038251366121;1856;714;2894
705;passenger_car;4750;;0.4924210526315789;0.5212837084911968;0.4924210526315789;0.5064414853307351;2339;2148;2411
639;maillot;4750;;0.6387368421052632;0.4169300535935138;0.6387368421052632;0.5045314708572378;3034;4243;1716
982;groom;4750;;0.3511578947368421;0.8900747065101388;0.3511578947368421;0.5036231884057971;1668;206;3082
310;ant;4750;;0.7172631578947368;0.3869831894593367;0.7172631578947368;0.5027298214549211;3407;5397;1343
828;strainer;4750;;0.4286315789473684;0.6048722519310754;0.4286315789473684;0.5017249876786594;2036;1330;2714
887;vestment;4750;;0.5136842105263157;0.4898614735996788;0.5136842105263157;0.5014900832391328;2440;2541;2310
632;loudspeaker;4750;;0.47810526315789476;0.5235131396957123;0.47810526315789476;0.4997799295774648;2271;2067;2479
998;ear;4750;;0.5513684210526316;0.45635128071092523;0.5513684210526316;0.49938030317475457;2619;3120;2131
749;quill;4750;;0.651578947368421;0.40362545644235787;0.651578947368421;0.49846996295699797;3095;4573;1655
718;pier;4750;;0.48105263157894734;0.516500904159132;0.48105263157894734;0.49814693699585777;2285;2139;2465
976;promontory;4750;;0.45431578947368423;0.5488301119023398;0.45431578947368423;0.4971204791522691;2158;1774;2592
103;platypus;4750;;0.6867368421052632;0.3882871086775384;0.6867368421052632;0.49608394798874605;3262;5139;1488
463;bucket;4750;;0.46042105263157895;0.5338052233341469;0.46042105263157895;0.49440488301119023;2187;1910;2563
815;spider_web;4750;;0.37557894736842107;0.7176186645213194;0.37557894736842107;0.49309010503040357;1784;702;2966
124;crayfish;4750;;0.4016842105263158;0.6370617696160267;0.4016842105263158;0.4927049709489994;1908;1087;2842
787;shield;4750;;0.4650526315789474;0.522098794611203;0.4650526315789474;0.4919274022937312;2209;2022;2541
445;bikini;4750;;0.48610526315789476;0.4976293103448276;0.48610526315789476;0.4917997870074548;2309;2331;2441
691;oxygen_mask;4750;;0.5473684210526316;0.4458926427713943;0.5473684210526316;0.4914469331821189;2600;3231;2150
438;beaker;4750;;0.47642105263157897;0.5062639821029082;0.47642105263157897;0.4908893709327549;2263;2207;2487
598;home_theater;4750;;0.4206315789473684;0.5871290038201586;0.4206315789473684;0.49012633386483495;1998;1405;2752
519;crate;4750;;0.42778947368421055;0.565544113554133;0.42778947368421055;0.4871149466618723;2032;1561;2718
712;Petri_dish;4750;;0.6122105263157894;0.40265854333979506;0.6122105263157894;0.4858002004677581;2908;4314;1842
460;breakwater;4750;;0.3591578947368421;0.7489025460930641;0.3591578947368421;0.48548662492885597;1706;572;3044
601;hoopskirt;4750;;0.6277894736842106;0.3952286282306163;0.6277894736842106;0.48507523383489226;2982;4563;1768
412;ashcan;4750;;0.45410526315789473;0.5162757300143609;0.45410526315789473;0.4831989247311828;2157;2021;2593
856;thresher;4750;;0.648;0.38240775251584047;0.648;0.48097507617782637;3078;4971;1672
278;kit_fox;4750;;0.4265263157894737;0.5511425462459195;0.4265263157894737;0.48089247567054355;2026;1650;2724
35;mud_turtle;4750;;0.4381052631578947;0.5314096016343207;0.4381052631578947;0.4802677129009924;2081;1835;2669
567;frying_pan;4750;;0.4663157894736842;0.49375835934016943;0.4663157894736842;0.4796448679081854;2215;2271;2535
119;rock_crab;4750;;0.46189473684210525;0.49863636363636366;0.46189473684210525;0.47956284153005463;2194;2206;2556
464;buckle;4750;;0.4103157894736842;0.5745872641509434;0.4103157894736842;0.47875214934905425;1949;1443;2801
542;drumstick;4750;;0.43157894736842106;0.5246992577425135;0.43157894736842106;0.47360517500288785;2050;1857;2700
381;spider_monkey;4750;;0.4088421052631579;0.5614339404452153;0.4088421052631579;0.47313923742234126;1942;1517;2808
741;prayer_rug;4750;;0.6612631578947369;0.36531751570132587;0.6612631578947369;0.47063230446508836;3141;5457;1609
883;vase;4750;;0.46;0.4815957681287194;0.46;0.4705502315064068;2185;2352;2565
36;terrapin;4750;;0.5237894736842105;0.4267581475128645;0.5237894736842105;0.4703213610586012;2488;3342;2262
26;common_newt;4750;;0.6056842105263158;0.3836;0.6056842105263158;0.46971428571428575;2877;4623;1873
878;typewriter_keyboard;4750;;0.37157894736842106;0.6346637900035959;0.37157894736842106;0.468729252423317;1765;1016;2985
740;power_drill;4750;;0.3686315789473684;0.6425688073394495;0.3686315789473684;0.468494983277592;1751;974;2999
556;fire_screen;4750;;0.48610526315789476;0.4515939761392529;0.48610526315789476;0.46821453918685996;2309;2804;2441
851;television;4750;;0.6193684210526316;0.374157446267328;0.6193684210526316;0.46650281455641;2942;4921;1808
188;wire-haired_fox_terrier;4750;;0.812;0.3270584244891037;0.812;0.4662999455963248;3857;7936;893
541;drum;4750;;0.39957894736842103;0.559222156747201;0.39957894736842103;0.46611001964636545;1898;1496;2852
508;computer_keyboard;4750;;0.41789473684210526;0.5254102699841185;0.41789473684210526;0.4655253283302063;1985;1793;2765
562;fountain;4750;;0.6494736842105263;0.362216742984619;0.6494736842105263;0.4650636918670385;3085;5432;1665
489;chainlink_fence;4750;;0.39473684210526316;0.5644190246839254;0.39473684210526316;0.46456888007928643;1875;1447;2875
66;horned_viper;4750;;0.5846315789473684;0.3852663706992231;0.5846315789473684;0.4644589396220104;2777;4431;1973
470;candle;4750;;0.5903157894736842;0.38128909437041064;0.5903157894736842;0.46331791143423656;2804;4550;1946
925;consomme;4750;;0.7202105263157895;0.34056744649079146;0.7202105263157895;0.4624535315985131;3421;6624;1329
810;space_bar;4750;;0.5671578947368421;0.3901520637219406;0.5671578947368421;0.46229086229086225;2694;4211;2056
58;water_snake;4750;;0.41410526315789475;0.5214740190880169;0.41410526315789475;0.46162872565125557;1967;1805;2783
348;ram;4750;;0.30694736842105264;0.9239543726235742;0.30694736842105264;0.4608091024020228;1458;120;3292
494;chime;4750;;0.4286315789473684;0.4914313299541395;0.4286315789473684;0.45788822669515344;2036;2107;2714
921;book_jacket;4750;;0.41326315789473683;0.5125326370757181;0.41326315789473683;0.4575757575757576;1963;1867;2787
359;black-footed_ferret;4750;;0.46778947368421053;0.4465434083601286;0.46778947368421053;0.45691959695661116;2222;2754;2528
622;lens_cap;4750;;0.31642105263157894;0.8186274509803921;0.31642105263157894;0.45642271484968117;1503;333;3247
582;grocery_store;4750;;0.5145263157894737;0.40842245989304815;0.5145263157894737;0.45537544251909823;2444;3540;2306
266;miniature_poodle;4750;;0.41536842105263155;0.4993672487977727;0.41536842105263155;0.45351109067923223;1973;1978;2777
67;diamondback;4750;;0.3288421052631579;0.7285447761194029;0.3288421052631579;0.45314766463591527;1562;582;3188
469;caldron;4750;;0.5113684210526316;0.40510340226817876;0.5113684210526316;0.4520751907686581;2429;3567;2321
841;sweatshirt;4750;;0.34757894736842104;0.6459311424100157;0.34757894736842104;0.45195729537366547;1651;905;3099
970;alp;4750;;0.48273684210526313;0.42275073746312686;0.48273684210526313;0.4507568311381954;2293;3131;2457
794;shower_curtain;4750;;0.48905263157894735;0.417580442207442;0.48905263157894735;0.45049936972752835;2323;3240;2427
21;kite;4750;;0.8101052631578948;0.3100475384739344;0.8101052631578948;0.44845871452712543;3848;8563;902
358;polecat;4750;;0.4671578947368421;0.43012211668928085;0.4671578947368421;0.4478756685841154;2219;2940;2531
767;rubber_eraser;4750;;0.4256842105263158;0.47231955150665733;0.4256842105263158;0.44779094230982175;2022;2259;2728
865;toyshop;4750;;0.6016842105263158;0.3554726368159204;0.6016842105263158;0.44691164972634867;2858;5182;1892
905;window_shade;4750;;0.45221052631578945;0.44115834873690696;0.45221052631578945;0.4466160723567938;2148;2721;2602
960;chocolate_sauce;4750;;0.4069473684210526;0.4933639612046963;0.4069473684210526;0.4460083064143978;1933;1985;2817
248;Eskimo_dog;4750;;0.42673684210526314;0.4658699149620777;0.42673684210526314;0.44544555543346886;2027;2324;2723
499;cleaver;4750;;0.38694736842105265;0.5245433789954338;0.38694736842105265;0.44535982553913256;1838;1666;2912
167;English_foxhound;4750;;0.4709473684210526;0.41341711328774716;0.4709473684210526;0.44031099301249876;2237;3174;2513
824;stole;4750;;0.4223157894736842;0.45903890160183064;0.4223157894736842;0.4399122807017544;2006;2364;2744
509;confectionery;4750;;0.35726315789473684;0.5706119704102219;0.35726315789473684;0.43940963231486274;1697;1277;3053
917;comic_book;4750;;0.5494736842105263;0.3656998738965952;0.5494736842105263;0.4391351897030369;2610;4527;2140
356;weasel;4750;;0.42;0.4570446735395189;0.42;0.43773998902907296;1995;2370;2755
663;monastery;4750;;0.5404210526315789;0.36687151636415605;0.5404210526315789;0.43704775687409547;2567;4430;2183
285;Egyptian_cat;4750;;0.4326315789473684;0.4383532423208191;0.4326315789473684;0.4354736172917991;2055;2633;2695
238;Greater_Swiss_Mountain_dog;4750;;0.3623157894736842;0.5442757748260595;0.3623157894736842;0.4350353892821031;1721;1441;3029
731;plunger;4750;;0.43157894736842106;0.43784707390004274;0.43157894736842106;0.43469041560644617;2050;2632;2700
893;wallet;4750;;0.39094736842105265;0.4843505477308294;0.39094736842105265;0.43266542404473435;1857;1977;2893
834;suit;4750;;0.4385263157894737;0.42440912795436025;0.4385263157894737;0.4313522468419963;2083;2825;2667
819;stage;4750;;0.37726315789473686;0.5022421524663677;0.37726315789473686;0.4308728059629719;1792;1776;2958
898;water_bottle;4750;;0.36505263157894735;0.5232347616173808;0.36505263157894735;0.4300595238095238;1734;1580;3016
980;volcano;4750;;0.6534736842105263;0.32039636663914123;0.6534736842105263;0.4299764510319989;3104;6584;1646
972;cliff;4750;;0.46063157894736845;0.40242780945374285;0.46063157894736845;0.4295670953175616;2188;3249;2562
742;printer;4750;;0.32989473684210524;0.6137877007442225;0.32989473684210524;0.4291387101191291;1567;986;3183
747;punching_bag;4750;;0.5831578947368421;0.3383412727494809;0.5831578947368421;0.42822911030377986;2770;5417;1980
750;quilt;4750;;0.33789473684210525;0.5777537796976242;0.33789473684210525;0.4264080765143464;1605;1173;3145
493;chiffonier;4750;;0.3294736842105263;0.5984703632887189;0.3294736842105263;0.42498302783435166;1565;1050;3185
838;sunscreen;4750;;0.3757894736842105;0.48717248908296945;0.3757894736842105;0.42429284525790345;1785;1879;2965
497;church;4750;;0.31094736842105264;0.6623318385650224;0.31094736842105264;0.4232091690544413;1477;753;3273
527;desktop_computer;4750;;0.49494736842105264;0.3689000470735917;0.49494736842105264;0.4227276813809224;2351;4022;2399
32;tailed_frog;4750;;0.5503157894736842;0.34058631921824106;0.5503157894736842;0.4207645875251509;2614;5061;2136
578;gown;4750;;0.30926315789473685;0.6534697508896797;0.30926315789473685;0.4198342383538154;1469;779;3281
909;wok;4750;;0.35010526315789475;0.5179071940205543;0.35010526315789475;0.41778671021228486;1663;1548;3087
813;spatula;4750;;0.33010526315789473;0.5679101774719305;0.33010526315789473;0.4175209692451072;1568;1193;3182
434;bath_towel;4750;;0.3136842105263158;0.6236919213059857;0.3136842105263158;0.4174254097212494;1490;899;3260
599;honeycomb;4750;;0.5378947368421053;0.3401677539608574;0.5378947368421053;0.41676861593670994;2555;4956;2195
265;toy_poodle;4750;;0.4107368421052632;0.41893923126476273;0.4107368421052632;0.41479749122993514;1951;2706;2799
526;desk;4750;;0.4711578947368421;0.37003968253968256;0.4711578947368421;0.4145212076310428;2238;3810;2512
764;rifle;4750;;0.3545263157894737;0.4950029394473839;0.3545263157894737;0.4131501472031403;1684;1718;3066
504;coffee_mug;4750;;0.38084210526315787;0.44766146993318484;0.38084210526315787;0.41155727448526896;1809;2232;2941
111;nematode;4750;;0.8747368421052631;0.2687754705996507;0.8747368421052631;0.4112029293878965;4155;11304;595
524;cuirass;4750;;0.39452631578947367;0.4276586033774532;0.39452631578947367;0.41042487954445905;1874;2508;2876
6;stingray;4750;;0.2943157894736842;0.6756887385210246;0.2943157894736842;0.41003079630444345;1398;671;3352
633;loupe;4750;;0.3911578947368421;0.4276179516685846;0.3911578947368421;0.4085761407366685;1858;2487;2892
478;carton;4750;;0.32863157894736844;0.5311330384484518;0.32863157894736844;0.40603459487579663;1561;1378;3189
706;patio;4750;;0.2717894736842105;0.784325637910085;0.2717894736842105;0.40368980612883054;1291;355;3459
862;torch;4750;;0.6848421052631579;0.2857017389776919;0.6848421052631579;0.4031978185423897;3253;8133;1497
479;car_wheel;4750;;0.29410526315789476;0.6231043710972346;0.29410526315789476;0.3995995423340961;1397;845;3353
461;breastplate;4750;;0.4917894736842105;0.3352949619635424;0.4917894736842105;0.398736878040454;2336;4631;2414
558;flute;4750;;0.3753684210526316;0.4245238095238095;0.3753684210526316;0.39843575418994415;1783;2417;2967
743;prison;4750;;0.6393684210526316;0.2858352941176471;0.6393684210526316;0.39505691056910575;3037;7588;1713
454;bookshop;4750;;0.2823157894736842;0.6425491135601341;0.2823157894736842;0.39227731461167176;1341;746;3409
655;miniskirt;4750;;0.36105263157894735;0.4292866082603254;0.36105263157894735;0.39222412807318463;1715;2280;3035
650;microphone;4750;;0.40357894736842104;0.3778829095209935;0.40357894736842104;0.3903084597373512;1917;3156;2833
585;hair_spray;4750;;0.35978947368421055;0.4260782847170282;0.35978947368421055;0.39013811208766125;1709;2302;3041
907;wine_bottle;4750;;0.3025263157894737;0.5461801596351197;0.3025263157894737;0.3893781330443029;1437;1194;3313
868;tray;4750;;0.3703157894736842;0.4086895910780669;0.3703157894736842;0.3885575436271261;1759;2545;2991
996;hen-of-the-woods;4750;;0.7736842105263158;0.2589487034949267;0.7736842105263158;0.38802660753880264;3675;10517;1075
748;purse;4750;;0.3111578947368421;0.5131944444444444;0.3111578947368421;0.38741808650065523;1478;1402;3272
784;screwdriver;4750;;0.3216842105263158;0.47058823529411764;0.3216842105263158;0.3821433037389021;1528;1719;3222
619;lampshade;4750;;0.3410526315789474;0.4292527821939587;0.3410526315789474;0.3801032379164711;1620;2154;3130
539;doormat;4750;;0.40357894736842104;0.35084187408491946;0.40357894736842104;0.3753671431368709;1917;3547;2833
947;mushroom;4750;;0.3197894736842105;0.44980752146875924;0.3197894736842105;0.37381567614125755;1519;1858;3231
754;radio;4750;;0.27073684210526316;0.5934471619750807;0.27073684210526316;0.37183750180714187;1286;881;3464
516;cradle;4750;;0.3469473684210526;0.3898746155665957;0.3469473684210526;0.3671605213322936;1648;2579;3102
999;toilet_tissue;4750;;0.24736842105263157;0.6516916250693289;0.24736842105263157;0.35861437509537614;1175;628;3575
485;CD_player;4750;;0.28021052631578947;0.49645654606490114;0.28021052631578947;0.3582290405059884;1331;1350;3419
762;restaurant;4750;;0.376;0.3409047528154228;0.376;0.3575933526879568;1786;3453;2964
673;mouse;4750;;0.2854736842105263;0.46502057613168724;0.2854736842105263;0.3537698930341769;1356;1560;3394
975;lakeside;4750;;0.4941052631578947;0.2754694835680751;0.4941052631578947;0.35373021853805575;2347;6173;2403
733;pole;4750;;0.3197894736842105;0.39321770644576753;0.3197894736842105;0.3527226285846976;1519;2344;3231
623;letter_opener;4750;;0.2766315789473684;0.48612652608213097;0.2766315789473684;0.35260968737421167;1314;1389;3436
677;nail;4750;;0.4654736842105263;0.28230337078651685;0.4654736842105263;0.3514544587505961;2211;5621;2539
969;eggnog;4750;;0.488;0.2739305128811156;0.488;0.35089312745988493;2318;6144;2432
906;Windsor_tie;4750;;0.392;0.31521923142034874;0.392;0.34944168152388105;1862;4045;2888
689;overskirt;4750;;0.39094736842105265;0.3157089425365522;0.39094736842105265;0.3493227990970655;1857;4025;2893
860;tobacco_shop;4750;;0.49326315789473685;0.26411903956712884;0.49326315789473685;0.34402760443432934;2343;6528;2407
435;bathtub;4750;;0.29305263157894734;0.4079718640093787;0.29305263157894734;0.3410928693947562;1392;2020;3358
501;cloak;4750;;0.3528421052631579;0.3283699059561129;0.3528421052631579;0.3401664298761924;1676;3428;3074
424;barbershop;4750;;0.24694736842105264;0.5428042572882924;0.24694736842105264;0.33945883374330776;1173;988;3577
73;barn_spider;4750;;0.8343157894736842;0.21019412326296807;0.8343157894736842;0.3357905439755973;3963;14891;787
973;coral_reef;4750;;0.5791578947368421;0.23638082144698402;0.5791578947368421;0.3357334635098853;2751;8887;1999
620;laptop;4750;;0.3562105263157895;0.3164983164983165;0.3562105263157895;0.33518225039619653;1692;3654;3058
536;dock;4750;;0.2168421052631579;0.7192737430167597;0.2168421052631579;0.33322549336784213;1030;402;3720
974;geyser;4750;;0.7932631578947369;0.2101388656516647;0.7932631578947369;0.33226048234204836;3768;14163;982
836;sunglass;4750;;0.3117894736842105;0.35036669032410694;0.3117894736842105;0.3299543277264119;1481;2746;3269
923;plate;4750;;0.43642105263157893;0.26197396688992797;0.43642105263157893;0.3274105662165363;2073;5840;2677
549;envelope;4750;;0.2873684210526316;0.3797996661101836;0.2873684210526316;0.32718120805369133;1365;2229;3385
692;packet;4750;;0.3644210526315789;0.28118908382066277;0.3644210526315789;0.3174399413167064;1731;4425;3019
848;tape_player;4750;;0.3776842105263158;0.2735173044671444;0.3776842105263158;0.3172694314262976;1794;4765;2956
482;cassette_player;4750;;0.3223157894736842;0.30854494155582424;0.3223157894736842;0.3152800658978583;1531;3431;3219
584;hair_slide;4750;;0.5444210526315789;0.22074263764404609;0.5444210526315789;0.31412086243546916;2586;9129;2164
414;backpack;4750;;0.20905263157894738;0.6092024539877301;0.20905263157894738;0.3112852664576803;993;637;3757
55;green_snake;4750;;0.196;0.7388888888888889;0.196;0.30981697171381034;931;329;3819
978;seashore;4750;;0.3797894736842105;0.25953100273341967;0.3797894736842105;0.30834971369968384;1804;5147;2946
240;Appenzeller;4750;;0.23810526315789474;0.43567026194144837;0.23810526315789474;0.30792267900898446;1131;1465;3619
725;pitcher;4750;;0.21368421052631578;0.5504338394793926;0.21368421052631578;0.3078556263269639;1015;829;3735
928;ice_cream;4750;;0.19978947368421052;0.6654978962131838;0.19978947368421052;0.3073186528497409;949;477;3801
799;sliding_door;4750;;0.21936842105263157;0.5048449612403101;0.21936842105263157;0.30584091576166716;1042;1022;3708
60;night_snake;4750;;0.23957894736842106;0.413367235742826;0.23957894736842106;0.30334532853525253;1138;1615;3612
618;ladle;4750;;0.22757894736842105;0.4474337748344371;0.22757894736842105;0.3017024839519955;1081;1335;3669
987;corn;4750;;0.24905263157894736;0.378076062639821;0.24905263157894736;0.3002919152176672;1183;1946;3567
968;cup;4750;;0.27410526315789474;0.32787710904054396;0.27410526315789474;0.29858961128310973;1302;2669;3448
818;spotlight;4750;;0.31242105263157893;0.28353076041268627;0.31242105263157893;0.2972756410256411;1484;3750;3266
911;wool;4750;;0.35578947368421054;0.23816234498308905;0.35578947368421054;0.28532838088806345;1690;5406;3060
899;water_jug;4750;;0.26042105263157894;0.3080179282868526;0.26042105263157894;0.28222678530686746;1237;2779;3513
876;tub;4750;;0.2111578947368421;0.4057443365695793;0.2111578947368421;0.2777623926890058;1003;1469;3747
415;bakery;4750;;0.21494736842105264;0.3867424242424242;0.21494736842105264;0.276319350473613;1021;1619;3729
782;screen;4750;;0.2909473684210526;0.2626877019578027;0.2909473684210526;0.27609629407651587;1382;3879;3368
728;plastic_bag;4750;;0.29789473684210527;0.2519138330069432;0.29789473684210527;0.27298157615510754;1415;4202;3335
600;hook;4750;;0.2677894736842105;0.2712153518123667;0.2677894736842105;0.2694915254237288;1272;3418;3478
68;sidewinder;4750;;0.30357894736842106;0.23569794050343248;0.30357894736842106;0.2653662127346338;1442;4676;3308
488;chain;4750;;0.392;0.19530102790014683;0.392;0.26071128535424254;1862;7672;2888
744;projectile;4750;;0.3086315789473684;0.21039035591274396;0.3086315789473684;0.2502133469875405;1466;5502;3284
46;green_lizard;4750;;0.16126315789473683;0.5062789160608063;0.16126315789473683;0.24461120868593325;766;747;3984
657;missile;4750;;0.3368421052631579;0.18452312305385768;0.3368421052631579;0.23843230757767678;1600;7071;3150
961;dough;4750;;0.14926315789473685;0.5255744996293551;0.14926315789473685;0.23249713067716019;709;640;4041
77;wolf_spider;4750;;0.12442105263157895;0.7035714285714286;0.12442105263157895;0.21144901610017885;591;249;4159
664;monitor;4750;;0.15389473684210525;0.32103645147123405;0.15389473684210525;0.20805464636402446;731;1546;4019
282;tiger_cat;4750;;0.12231578947368421;0.5262681159420289;0.12231578947368421;0.19849675435599587;581;523;4169
837;sunglasses;4750;;0.11936842105263158;0.37926421404682276;0.11936842105263158;0.1815852682145717;567;928;4183
681;notebook;4750;;0.14757894736842106;0.23097199341021415;0.14757894736842106;0.18008991650610146;701;2334;4049
885;velvet;4750;;0.2071578947368421;0.12809164280135382;0.2071578947368421;0.15830115830115832;984;6698;3766
74;garden_spider;4750;;0.06273684210526316;0.6094069529652352;0.06273684210526316;0.11376216835273907;298;191;4452
809;soup_bowl;4750;;0.05136842105263158;0.3465909090909091;0.05136842105263158;0.08947561422808947;244;460;4506
638;maillot;4750;;0.02673684210526316;0.07800982800982802;0.02673684210526316;0.03982439636249609;127;1501;4623
