class_idx;class_label;support;base_accuracy;overall_accuracy;precision;recall;f1;tp;fp;fn
986;yellow_lady's_slipper;4750;;0.992;0.9976709718399323;0.992;0.9948274042014145;4712;11;38
100;black_swan;4750;;0.9892631578947368;0.996184015263939;0.9892631578947368;0.9927115242421041;4699;18;51
873;triumphal_arch;4750;;0.9896842105263158;0.9949206349206349;0.9896842105263158;0.9922955145118733;4701;24;49
129;spoonbill;4750;;0.9865263157894737;0.9976580796252927;0.9865263157894737;0.9920609717370594;4686;11;64
255;Leonberg;4750;;0.9905263157894737;0.9934543918918919;0.9905263157894737;0.9919881931267132;4705;31;45
995;earthstar;4750;;0.9867368421052631;0.9957510091353303;0.9867368421052631;0.9912234323781326;4687;20;63
339;sorrel;4750;;0.9907368421052631;0.9907368421052631;0.9907368421052631;0.9907368421052631;4706;44;44
88;macaw;4750;;0.9869473684210527;0.9936413734633319;0.9869473684210527;0.9902830587241235;4688;30;62
11;goldfinch;4750;;0.9808421052631578;0.9974309569685292;0.9808421052631578;0.9890669780278102;4659;12;91
17;jay;4750;;0.9821052631578947;0.9938219002982531;0.9821052631578947;0.9879288437102923;4665;29;85
668;mosque;4750;;0.9793684210526316;0.9957191780821918;0.9793684210526316;0.9874761197198046;4652;20;98
685;odometer;4750;;0.9791578947368421;0.9952921035737213;0.9791578947368421;0.9871590788496233;4651;22;99
135;limpkin;4750;;0.9781052631578947;0.9948608137044967;0.9781052631578947;0.9864118895966029;4646;24;104
430;basketball;4750;;0.9829473684210527;0.9898240407038372;0.9829473684210527;0.9863737192352383;4669;48;81
915;yurt;4750;;0.9797894736842105;0.9910562180579217;0.9797894736842105;0.9853906415413932;4654;42;96
136;European_gallinule;4750;;0.9785263157894737;0.9923142613151152;0.9785263157894737;0.9853720585117659;4648;36;102
900;water_tower;4750;;0.9726315789473684;0.9980557355800389;0.9726315789473684;0.9851796566798166;4620;9;130
829;streetcar;4750;;0.9753684210526316;0.9948464676830577;0.9753684210526316;0.9850111619007121;4633;24;117
19;chickadee;4750;;0.9726315789473684;0.9969788519637462;0.9726315789473684;0.9846547314578006;4620;14;130
130;flamingo;4750;;0.9818947368421053;0.9866723080177703;0.9818947368421053;0.9842777250184658;4664;63;86
985;daisy;4750;;0.9793684210526316;0.9889455782312925;0.9793684210526316;0.984133700021155;4652;52;98
247;Saint_Bernard;4750;;0.9827368421052631;0.9852258336850992;0.9827368421052631;0.9839797639123102;4668;70;82
18;magpie;4750;;0.9757894736842105;0.9918681789000642;0.9757894736842105;0.9837631327602675;4635;38;115
874;trolleybus;4750;;0.9842105263157894;0.9831756046267087;0.9842105263157894;0.9836927932667018;4675;80;75
13;junco;4750;;0.9741052631578947;0.9931315732989912;0.9741052631578947;0.9835264108831969;4627;32;123
984;rapeseed;4750;;0.9837894736842105;0.9817226890756302;0.9837894736842105;0.9827549947423765;4673;87;77
90;lorikeet;4750;;0.9873684210526316;0.9754575707154742;0.9873684210526316;0.9813768570830718;4690;118;60
139;ruddy_turnstone;4750;;0.9762105263157895;0.9865957446808511;0.9762105263157895;0.9813756613756613;4637;63;113
575;golfcart;4750;;0.9747368421052631;0.9878387027949648;0.9747368421052631;0.9812440394193069;4630;57;120
466;bullet_train;4750;;0.9654736842105263;0.9973901696389734;0.9654736842105263;0.9811724433033804;4586;12;164
143;oystercatcher;4750;;0.9703157894736842;0.9913959991395999;0.9703157894736842;0.9807426321949143;4609;40;141
576;gondola;4750;;0.9913684210526316;0.9703276323923347;0.9913684210526316;0.9807351869207539;4709;144;41
594;harp;4750;;0.972421052631579;0.9880213903743316;0.972421052631579;0.9801591511936338;4619;56;131
612;jinrikisha;4750;;0.9734736842105263;0.9865585662470664;0.9734736842105263;0.9799724488714634;4624;63;126
340;zebra;4750;;0.98;0.9797937276362871;0.98;0.9798968529628461;4655;96;95
927;trifle;4750;;0.9690526315789474;0.9907447266465778;0.9690526315789474;0.9797786292039165;4603;43;147
244;Tibetan_mastiff;4750;;0.964842105263158;0.9945746527777778;0.964842105263158;0.9794827954691173;4583;25;167
253;basenji;4750;;0.9797894736842105;0.9775257298886788;0.9797894736842105;0.9786562927136999;4654;107;96
24;great_grey_owl;4750;;0.9625263157894737;0.9952111449717023;0.9625263157894737;0.9785958904109588;4572;22;178
321;admiral;4750;;0.9745263157894737;0.9813440746237015;0.9745263157894737;0.977923312559417;4629;88;121
84;peacock;4750;;0.9696842105263158;0.9856623154290606;0.9696842105263158;0.9776079804733101;4606;67;144
757;recreational_vehicle;4750;;0.9741052631578947;0.9802966101694915;0.9741052631578947;0.9771911298838437;4627;93;123
196;miniature_schnauzer;4750;;0.9642105263157895;0.9898422303868597;0.9642105263157895;0.9768582702356831;4580;47;170
604;hourglass;4750;;0.9818947368421053;0.9712619741774261;0.9818947368421053;0.9765494137353433;4664;138;86
768;rugby_ball;4750;;0.9608421052631579;0.9926054806437582;0.9608421052631579;0.9764655541292256;4564;34;186
832;stupa;4750;;0.9732631578947368;0.9790343074968234;0.9732631578947368;0.9761402027027027;4623;99;127
821;steel_arch_bridge;4750;;0.9736842105263158;0.9784218320287709;0.9736842105263158;0.9760472723435686;4625;102;125
92;bee_eater;4750;;0.9581052631578947;0.9945367132867133;0.9581052631578947;0.9759811280291657;4551;25;199
12;house_finch;4750;;0.9656842105263158;0.9864516129032258;0.9656842105263158;0.9759574468085107;4587;63;163
275;African_hunting_dog;4750;;0.9738947368421053;0.9780126849894292;0.9738947368421053;0.9759493670886076;4626;104;124
91;coucal;4750;;0.9566315789473684;0.9960543621218764;0.9566315789473684;0.9759450171821306;4544;18;206
216;clumber;4750;;0.9768421052631578;0.9749947467955453;0.9768421052631578;0.9759175517930382;4640;119;110
637;mailbox;4750;;0.96;0.9919512725690668;0.96;0.9757141328768589;4560;37;190
218;Welsh_springer_spaniel;4750;;0.9576842105263158;0.9943169398907103;0.9576842105263158;0.9756568364611261;4549;26;201
190;Sealyham_terrier;4750;;0.9566315789473684;0.9949638712502737;0.9566315789473684;0.9754212729419341;4544;23;206
528;dial_telephone;4750;;0.9675789473684211;0.9833119383825417;0.9675789473684211;0.9753820033955857;4596;78;154
354;Arabian_camel;4750;;0.9818947368421053;0.9686396677050882;0.9818947368421053;0.975222164140094;4664;151;86
9;ostrich;4750;;0.9882105263157894;0.9624769325404962;0.9882105263157894;0.9751739898202969;4694;183;56
698;palace;4750;;0.9557894736842105;0.9949594564979181;0.9557894736842105;0.9749812090626007;4540;23;210
439;bearskin;4750;;0.9867368421052631;0.9634121274409044;0.9867368421052631;0.974934997399896;4687;178;63
641;maraca;4750;;0.9789473684210527;0.9707724425887265;0.9789473684210527;0.9748427672955975;4650;140;100
98;red-breasted_merganser;4750;;0.9589473684210527;0.9910791993037423;0.9589473684210527;0.9747485555317783;4555;41;195
565;freight_car;4750;;0.9692631578947368;0.9802001277411113;0.9692631578947368;0.9747009632687625;4604;93;146
990;buckeye;4750;;0.968842105263158;0.9804005112910098;0.968842105263158;0.9745870393900891;4602;92;148
22;bald_eagle;4750;;0.9726315789473684;0.9763313609467456;0.9726315789473684;0.974477958236659;4620;112;130
0;tench;4750;;0.956421052631579;0.9930054644808743;0.956421052631579;0.9743699731903486;4543;32;207
15;robin;4750;;0.9743157894736842;0.9741107135339928;0.9743157894736842;0.9742132407115041;4628;123;122
890;volleyball;4750;;0.9665263157894737;0.9818220701454234;0.9665263157894737;0.9741141523445788;4591;85;159
145;king_penguin;4750;;0.9665263157894737;0.9811925625133575;0.9665263157894737;0.9738042210202567;4591;88;159
953;pineapple;4750;;0.9528421052631579;0.9953815702661095;0.9528421052631579;0.9736474131440249;4526;21;224
97;drake;4750;;0.9852631578947368;0.9617755856966708;0.9852631578947368;0.9733777038269551;4680;186;70
87;African_grey;4750;;0.9513684210526315;0.9962522045855379;0.9513684210526315;0.973293129442171;4519;17;231
16;bulbul;4750;;0.9711578947368421;0.9752642706131078;0.9711578947368421;0.9732067510548523;4613;117;137
94;hummingbird;4750;;0.9888421052631579;0.9579849071996737;0.9888421052631579;0.9731689630166787;4697;206;53
561;forklift;4750;;0.9608421052631579;0.9857451403887689;0.9608421052631579;0.973134328358209;4564;66;186
235;German_shepherd;4750;;0.964;0.9821964821964821;0.964;0.9730131746706332;4579;83;171
95;jacamar;4750;;0.9654736842105263;0.9801239581107074;0.9654736842105263;0.9727436631668257;4586;93;164
146;albatross;4750;;0.9545263157894737;0.9910382513661202;0.9545263157894737;0.9724396782841823;4534;41;216
609;jeep;4750;;0.9631578947368421;0.9817596566523605;0.9631578947368421;0.9723698193411265;4575;85;175
260;chow;4750;;0.9821052631578947;0.9624510006189395;0.9821052631578947;0.9721788058768365;4665;182;85
144;pelican;4750;;0.9667368421052631;0.9774372073222648;0.9667368421052631;0.9720575783234546;4592;106;158
560;football_helmet;4750;;0.960421052631579;0.9838257494069441;0.960421052631579;0.9719825290295089;4562;75;188
684;ocarina;4750;;0.9629473684210527;0.9809135749517478;0.9629473684210527;0.9718474450228407;4574;89;176
800;slot;4750;;0.9715789473684211;0.9711700336700336;0.9715789473684211;0.97137444748474;4615;137;135
471;cannon;4750;;0.9593684210526315;0.9833836858006042;0.9593684210526315;0.971227621483376;4557;77;193
736;pool_table;4750;;0.9602105263157895;0.9823390049536938;0.9602105263157895;0.9711487277760035;4561;82;189
726;plane;4750;;0.9494736842105264;0.9936109275170742;0.9494736842105264;0.9710410162557864;4510;29;240
642;marimba;4750;;0.9557894736842105;0.9865275966970882;0.9557894736842105;0.9709153122326776;4540;62;210
606;iron;4750;;0.9541052631578948;0.988009592326139;0.9541052631578948;0.9707614865588519;4532;55;218
23;vulture;4750;;0.9545263157894737;0.9869394862864606;0.9545263157894737;0.9704623287671234;4534;60;216
820;steam_locomotive;4750;;0.9591578947368421;0.9816849816849816;0.9591578947368421;0.9702907038654031;4556;85;194
264;Cardigan;4750;;0.9631578947368421;0.9773552659688101;0.9631578947368421;0.9702046442582971;4575;106;175
355;llama;4750;;0.9654736842105263;0.9747077577045696;0.9654736842105263;0.9700687466948704;4586;119;164
127;white_stork;4750;;0.9433684210526316;0.9982178658944085;0.9433684210526316;0.9700184002597684;4481;8;269
138;bustard;4750;;0.9530526315789474;0.9873500545256271;0.9530526315789474;0.9698982324584896;4527;58;223
993;gyromitra;4750;;0.9595789473684211;0.9804258980425898;0.9595789473684211;0.9698904138738164;4558;91;192
555;fire_engine;4750;;0.9576842105263158;0.9822932412006046;0.9576842105263158;0.9698326404434495;4549;82;201
614;kimono;4750;;0.9538947368421052;0.9858572671888599;0.9538947368421052;0.9696126685212925;4531;65;219
167;English_foxhound;4750;;0.964842105263158;0.9742772108843537;0.964842105263158;0.9695367040406178;4583;121;167
548;entertainment_center;4750;;0.9677894736842105;0.9712655820832453;0.9677894736842105;0.9695244121058737;4597;136;153
945;bell_pepper;4750;;0.9492631578947368;0.9903360421699978;0.9492631578947368;0.9693647210577232;4509;44;241
198;standard_schnauzer;4750;;0.9747368421052631;0.9637801831806828;0.9747368421052631;0.9692275486707138;4630;174;120
727;planetarium;4750;;0.9496842105263158;0.9894713753016012;0.9496842105263158;0.969169620797078;4511;48;239
215;Brittany_spaniel;4750;;0.9614736842105264;0.9768983957219252;0.9614736842105264;0.9691246684350133;4567;108;183
10;brambling;4750;;0.9612631578947368;0.9771025037449176;0.9612631578947368;0.9691181152499204;4566;107;184
663;monastery;4750;;0.9498947368421052;0.9890398947829899;0.9498947368421052;0.9690721649484536;4512;50;238
14;indigo_bunting;4750;;0.9686315789473684;0.9688355443251211;0.9686315789473684;0.9687335509000948;4601;148;149
563;fountain_pen;4750;;0.9488421052631579;0.9894621295279912;0.9488421052631579;0.9687264911337989;4507;48;243
376;proboscis_monkey;4750;;0.9795789473684211;0.9579987646695491;0.9795789473684211;0.9686686790881649;4653;204;97
351;hartebeest;4750;;0.972;0.9650919732441472;0.972;0.9685336689741976;4617;167;133
687;organ;4750;;0.9517894736842105;0.9858264282599215;0.9517894736842105;0.968508997429306;4521;65;229
420;banjo;4750;;0.9505263157894737;0.9864540091763163;0.9505263157894737;0.968156963653908;4515;62;235
621;lawn_mower;4750;;0.9774736842105263;0.9589012804626188;0.9774736842105263;0.9680984153461217;4643;199;107
194;Dandie_Dinmont;4750;;0.9528421052631579;0.9834854411125598;0.9528421052631579;0.9679213002566296;4526;76;224
417;balloon;4750;;0.9515789473684211;0.9847494553376906;0.9515789473684211;0.967880085653105;4520;70;230
535;disk_brake;4750;;0.9391578947368421;0.9982098903557843;0.9391578947368421;0.9677839245037422;4461;8;289
151;Chihuahua;4750;;0.9545263157894737;0.9813852813852814;0.9545263157894737;0.9677694770544291;4534;86;216
347;bison;4750;;0.9477894736842105;0.988364434687157;0.9477894736842105;0.9676518001074691;4502;53;248
771;safe;4750;;0.9435789473684211;0.9926910299003322;0.9435789473684211;0.9675121424716675;4482;33;268
802;snowmobile;4750;;0.9513684210526315;0.9838885260178533;0.9513684210526315;0.9673552392165257;4519;74;231
243;bull_mastiff;4750;;0.9467368421052632;0.9887862796833773;0.9467368421052632;0.9673047967304798;4497;51;253
773;saltshaker;4750;;0.9585263157894737;0.9762006861063465;0.9585263157894737;0.9672827703420439;4553;111;197
425;barn;4750;;0.9747368421052631;0.9597844112769486;0.9747368421052631;0.9672028410277835;4630;194;120
870;tricycle;4750;;0.9591578947368421;0.9753800042817384;0.9591578947368421;0.9672009340834307;4556;115;194
458;brass;4750;;0.9473684210526315;0.9877085162423178;0.9473684210526315;0.9671179883945842;4500;56;250
180;American_Staffordshire_terrier;4750;;0.9501052631578948;0.9847261619026838;0.9501052631578948;0.9671059680702881;4513;70;237
746;puck;4750;;0.9551578947368421;0.9792790848262465;0.9551578947368421;0.9670681018863901;4537;96;213
200;Tibetan_terrier;4750;;0.9482105263157895;0.9864213753832677;0.9482105263157895;0.9669386002576214;4504;62;246
254;pug;4750;;0.9515789473684211;0.9823951314931537;0.9515789473684211;0.9667415249705915;4520;81;230
982;groom;4750;;0.952;0.9817629179331308;0.952;0.9666524155622062;4522;84;228
886;vending_machine;4750;;0.9526315789473684;0.9809234771298504;0.9526315789473684;0.9665705436291786;4525;88;225
849;teapot;4750;;0.9846315789473684;0.9490665584415584;0.9846315789473684;0.9665220086794792;4677;251;73
607;jack-o'-lantern;4750;;0.9646315789473684;0.968096344813015;0.9646315789473684;0.9663608562691132;4582;151;168
451;bolo_tie;4750;;0.9461052631578948;0.987475280158207;0.9461052631578948;0.9663477045478981;4494;57;256
571;gas_pump;4750;;0.9397894736842105;0.9944308309200267;0.9397894736842105;0.9663383483060938;4464;25;286
613;joystick;4750;;0.952421052631579;0.9800693240901213;0.952421052631579;0.9660474055092889;4524;92;226
350;ibex;4750;;0.9669473684210527;0.9643082091119043;0.9669473684210527;0.9656259854935352;4593;170;157
262;Brabancon_griffon;4750;;0.9442105263157895;0.987450462351387;0.9442105263157895;0.9653465346534653;4485;57;265
538;dome;4750;;0.9753684210526316;0.9554547329346257;0.9753684210526316;0.9653088863423273;4633;216;117
217;English_springer;4750;;0.9606315789473684;0.9696132596685083;0.9606315789473684;0.9651015228426395;4563;143;187
625;lifeboat;4750;;0.9591578947368421;0.9710144927536232;0.9591578947368421;0.9650497775894937;4556;136;194
627;limousine;4750;;0.9477894736842105;0.9825403753819293;0.9477894736842105;0.9648521217316759;4502;80;248
276;hyena;4750;;0.9469473684210526;0.9833843463052033;0.9469473684210526;0.9648219648219648;4498;76;252
291;lion;4750;;0.9848421052631579;0.9454324979789814;0.9848421052631579;0.9647349969065787;4678;270;72
532;dining_table;4750;;0.984421052631579;0.9457928802588996;0.984421052631579;0.9647204456364762;4676;268;74
225;malinois;4750;;0.9806315789473684;0.9488694235078428;0.9806315789473684;0.9644890775442592;4658;251;92
93;hornbill;4750;;0.9730526315789474;0.9559462254395036;0.9730526315789474;0.9644235785080856;4622;213;128
323;monarch;4750;;0.9783157894736842;0.9505011249744324;0.9783157894736842;0.964207905384376;4647;242;103
933;cheeseburger;4750;;0.9347368421052632;0.9950694755714926;0.9347368421052632;0.9639600521059488;4440;22;310
83;prairie_chicken;4750;;0.9383157894736842;0.9906645921315848;0.9383157894736842;0.9637798680938481;4457;42;293
154;Pekinese;4750;;0.9463157894736842;0.9816553832714566;0.9463157894736842;0.9636617000750349;4495;84;255
474;cardigan;4750;;0.9623157894736842;0.9649567236647667;0.9623157894736842;0.9636344471381891;4571;166;179
714;pick;4750;;0.9633684210526315;0.9637742207245156;0.9633684210526315;0.9635712781638239;4576;172;174
540;drilling_platform;4750;;0.9545263157894737;0.9725439725439725;0.9545263157894737;0.9634509137271569;4534;128;216
783;screw;4750;;0.9549473684210527;0.9719305763874009;0.9549473684210527;0.9633641287034088;4536;131;214
388;giant_panda;4750;;0.9783157894736842;0.9487545937117191;0.9783157894736842;0.9633084577114428;4647;251;103
227;kelpie;4750;;0.9385263157894737;0.9893475366178429;0.9385263157894737;0.963267070008643;4458;48;292
688;oscilloscope;4750;;0.964421052631579;0.9619907601847963;0.964421052631579;0.9632043734230445;4581;181;169
259;Pomeranian;4750;;0.9642105263157895;0.9621848739495799;0.9642105263157895;0.9631966351209255;4580;180;170
137;American_coot;4750;;0.9614736842105264;0.964519535374868;0.9614736842105264;0.9629942013705851;4567;168;183
503;cocktail_shaker;4750;;0.9458947368421052;0.9805761676123963;0.9458947368421052;0.9629232747535361;4493;89;257
185;Norfolk_terrier;4750;;0.9389473684210526;0.9880372175454143;0.9389473684210526;0.96286701208981;4460;54;290
245;French_bulldog;4750;;0.936;0.991304347826087;0.936;0.9628586897671901;4446;39;304
495;china_cabinet;4750;;0.9650526315789474;0.9606035205364627;0.9650526315789474;0.962822936357908;4584;188;166
765;rocking_chair;4750;;0.9538947368421052;0.9719004719004719;0.9538947368421052;0.9628134296642584;4531;131;219
160;Afghan_hound;4750;;0.9665263157894737;0.9590557760601629;0.9665263157894737;0.9627765544720561;4591;196;159
988;acorn;4750;;0.9621052631578947;0.9633220910623946;0.9621052631578947;0.9627132926058563;4570;174;180
719;piggy_bank;4750;;0.9602105263157895;0.9646785109983079;0.9602105263157895;0.9624393331926566;4561;167;189
174;Norwegian_elkhound;4750;;0.9324210526315789;0.9943870678042209;0.9324210526315789;0.9624076488483269;4429;25;321
511;convertible;4750;;0.9429473684210526;0.9822368421052632;0.9429473684210526;0.9621911922663803;4479;81;271
307;weevil;4750;;0.9498947368421052;0.9745140388768898;0.9498947368421052;0.962046908315565;4512;118;238
99;goose;4750;;0.9572631578947368;0.9668296831809483;0.9572631578947368;0.9620226383158786;4547;156;203
426;barometer;4750;;0.9324210526315789;0.9934948407357559;0.9324210526315789;0.961989574283232;4429;29;321
491;chain_saw;4750;;0.9338947368421052;0.9917281466577241;0.9338947368421052;0.9619429686652933;4436;37;314
213;Irish_setter;4750;;0.9433684210526316;0.9811692577184147;0.9433684210526316;0.9618976065257057;4481;86;269
902;whistle;4750;;0.952;0.971846120782291;0.952;0.9618206955227055;4522;131;228
284;Siamese_cat;4750;;0.9858947368421053;0.9388532477947072;0.9858947368421053;0.9617991373998768;4683;305;67
85;quail;4750;;0.9454736842105264;0.9786445848768794;0.9454736842105264;0.9617732091230324;4491;98;259
863;totem_pole;4750;;0.948;0.9759427828348505;0.948;0.9617684750106791;4503;111;247
326;lycaenid;4750;;0.9661052631578947;0.9566395663956639;0.9661052631578947;0.9613491149052059;4589;208;161
547;electric_locomotive;4750;;0.9652631578947368;0.9574023804552099;0.9652631578947368;0.9613166998637174;4585;204;165
450;bobsled;4750;;0.9551578947368421;0.967171178853123;0.9551578947368421;0.961126999258553;4537;154;213
954;banana;4750;;0.9541052631578948;0.968169194616535;0.9541052631578948;0.9610857809352137;4532;149;218
232;Border_collie;4750;;0.9770526315789474;0.94559902200489;0.9770526315789474;0.9610685442120522;4641;267;109
207;golden_retriever;4750;;0.9612631578947368;0.9608585858585859;0.9612631578947368;0.961060829299095;4566;186;184
96;toucan;4750;;0.9364210526315789;0.9869092522742401;0.9364210526315789;0.9610024846062439;4448;59;302
723;pinwheel;4750;;0.9621052631578947;0.9598823776517539;0.9621052631578947;0.9609925349595205;4570;191;180
186;Norwich_terrier;4750;;0.952;0.969761955822432;0.952;0.9607988951450123;4522;141;228
755;radio_telescope;4750;;0.9414736842105264;0.9809168677341522;0.9414736842105264;0.9607906327210227;4472;87;278
779;school_bus;4750;;0.9854736842105263;0.9371371371371371;0.9854736842105263;0.9606977937403797;4681;314;69
273;dingo;4750;;0.9682105263157895;0.9529631164525487;0.9682105263157895;0.9605263157894738;4599;227;151
583;guillotine;4750;;0.9549473684210527;0.9661341853035144;0.9549473684210527;0.9605082053996824;4536;159;214
888;viaduct;4750;;0.9528421052631579;0.9681283422459893;0.9528421052631579;0.960424403183024;4526;149;224
195;Boston_bull;4750;;0.9749473684210527;0.946067415730337;0.9749473684210527;0.9602903058579576;4631;264;119
569;garbage_truck;4750;;0.9490526315789474;0.971761155421427;0.9490526315789474;0.9602726594951538;4508;131;242
994;stinkhorn;4750;;0.9549473684210527;0.9653117684613748;0.9549473684210527;0.9601015980527041;4536;163;214
179;Staffordshire_bullterrier;4750;;0.9682105263157895;0.9513860157219693;0.9682105263157895;0.9597245409015025;4599;235;151
442;bell_cote;4750;;0.9351578947368421;0.9855779897936543;0.9351578947368421;0.9597061683050663;4442;65;308
944;artichoke;4750;;0.9315789473684211;0.9894901610017889;0.9315789473684211;0.959661678594665;4425;47;325
389;barracouta;4750;;0.9393684210526316;0.9806593406593407;0.9393684210526316;0.9595698924731183;4462;88;288
229;Old_English_sheepdog;4750;;0.9585263157894737;0.9605485232067511;0.9585263157894737;0.9595363540569021;4553;187;197
157;papillon;4750;;0.9650526315789474;0.954006243496358;0.9650526315789474;0.959497645211931;4584;221;166
949;strawberry;4750;;0.9555789473684211;0.9632852292020373;0.9555789473684211;0.9594166138237159;4539;173;211
796;ski_mask;4750;;0.9477894736842105;0.9710957722174288;0.9477894736842105;0.9593010867249094;4502;134;248
518;crash_helmet;4750;;0.9397894736842105;0.9795918367346939;0.9397894736842105;0.959277962823681;4464;93;286
496;Christmas_stocking;4750;;0.9661052631578947;0.952469904524699;0.9661052631578947;0.9592391304347826;4589;229;161
628;liner;4750;;0.944;0.9747826086956521;0.944;0.9591443850267379;4484;116;266
732;Polaroid_camera;4750;;0.9536842105263158;0.9646507666098807;0.9536842105263158;0.9591361422824475;4530;166;220
781;scoreboard;4750;;0.9349473684210526;0.9842641843971631;0.9349473684210526;0.9589721442453033;4441;71;309
803;snowplow;4750;;0.9357894736842105;0.9831895598318956;0.9357894736842105;0.958904109589041;4445;76;305
946;cardoon;4750;;0.9747368421052631;0.9435500305685756;0.9747368421052631;0.9588899244071658;4630;277;120
553;file;4750;;0.9498947368421052;0.9678249678249679;0.9498947368421052;0.958776030599235;4512;150;238
682;obelisk;4750;;0.9509473684210527;0.9666167344318425;0.9509473684210527;0.9587180303512682;4517;156;233
805;soccer_ball;4750;;0.9886315789473684;0.930085165379283;0.9886315789473684;0.9584651495050516;4696;353;54
564;four-poster;4750;;0.9574736842105264;0.9590889919865035;0.9574736842105264;0.9582806573957018;4548;194;202
522;croquet_ball;4750;;0.9602105263157895;0.9561844863731657;0.9602105263157895;0.9581932773109243;4561;209;189
559;folding_chair;4750;;0.9549473684210527;0.9614243323442137;0.9549473684210527;0.9581749049429659;4536;182;214
263;Pembroke;4750;;0.9501052631578948;0.9663811563169165;0.9501052631578948;0.9581740976645435;4513;157;237
457;bow_tie;4750;;0.9492631578947368;0.9671814671814671;0.9492631578947368;0.9581385465363366;4509;153;241
853;thatch;4750;;0.9665263157894737;0.9497310715763343;0.9665263157894737;0.9580550918196995;4591;243;159
428;barrow;4750;;0.9467368421052632;0.9695989650711514;0.9467368421052632;0.9580315296122709;4497;141;253
178;Weimaraner;4750;;0.9686315789473684;0.9474876441515651;0.9686315789473684;0.9579429523214658;4601;255;149
155;Shih-Tzu;4750;;0.9513684210526315;0.9645677694770545;0.9513684210526315;0.9579226285108637;4519;166;231
228;komondor;4750;;0.9547368421052631;0.9610086882814155;0.9547368421052631;0.9578624986799028;4535;184;215
117;chambered_nautilus;4750;;0.9353684210526316;0.9812279151943463;0.9353684210526316;0.957749514981677;4443;85;307
158;toy_terrier;4750;;0.9237894736842105;0.9941096511101042;0.9237894736842105;0.9576604103011785;4388;26;362
404;airliner;4750;;0.956421052631579;0.9588433938370621;0.956421052631579;0.9576306913996627;4543;195;207
694;paddlewheel;4750;;0.9378947368421052;0.9780461031833151;0.9378947368421052;0.9575497044599678;4455;100;295
672;mountain_tent;4750;;0.9597894736842105;0.9551644667923738;0.9597894736842105;0.9574713850677308;4559;214;191
308;fly;4750;;0.9532631578947368;0.9611547442156655;0.9532631578947368;0.9571926857626044;4528;183;222
545;electric_fan;4750;;0.9593684210526315;0.9547454431175362;0.9593684210526315;0.9570513493646959;4557;216;193
919;street_sign;4750;;0.9425263157894737;0.971993052540165;0.9425263157894737;0.957032920051304;4477;129;273
20;water_ouzel;4750;;0.9349473684210526;0.9801368351357316;0.9349473684210526;0.9570089430018318;4441;90;309
89;sulphur-crested_cockatoo;4750;;0.94;0.9744652989960716;0.94;0.9569224174882126;4465;117;285
141;redshank;4750;;0.9467368421052632;0.9673047967304796;0.9467368421052632;0.9569103096074051;4497;152;253
214;Gordon_setter;4750;;0.9416842105263158;0.9723913043478261;0.9416842105263158;0.9567914438502673;4473;127;277
483;castle;4750;;0.9294736842105263;0.9857110962268364;0.9294736842105263;0.9567667136201106;4415;64;335
589;hand_blower;4750;;0.9313684210526316;0.9835482436638506;0.9313684210526316;0.9567474048442908;4424;74;326
476;carousel;4750;;0.9627368421052631;0.9507276507276508;0.9627368421052631;0.956694560669456;4573;237;177
955;jackfruit;4750;;0.9301052631578948;0.9848417298261257;0.9301052631578948;0.9566912083152881;4418;68;332
449;boathouse;4750;;0.94;0.9736153510684693;0.94;0.9565124250214224;4465;121;285
375;colobus;4750;;0.9181052631578948;0.9979405034324943;0.9181052631578948;0.9563596491228071;4361;9;389
268;Mexican_hairless;4750;;0.9612631578947368;0.9514482183788289;0.9612631578947368;0.9563305058121269;4566;233;184
841;sweatshirt;4750;;0.9427368421052632;0.9703141928494041;0.9427368421052632;0.9563267485317672;4478;137;272
279;Arctic_fox;4750;;0.9456842105263158;0.9670613562970937;0.9456842105263158;0.9562533262373603;4492;153;258
617;lab_coat;4750;;0.9528421052631579;0.9595081619673521;0.9528421052631579;0.9561635153691771;4526;191;224
711;perfume;4750;;0.9475789473684211;0.9646378054007715;0.9475789473684211;0.9560322854715377;4501;165;249
855;thimble;4750;;0.94;0.9723432055749129;0.94;0.9558980946264183;4465;127;285
465;bulletproof_vest;4750;;0.9553684210526315;0.956173619890434;0.9553684210526315;0.9557708508845829;4538;208;212
901;whiskey_jug;4750;;0.9391578947368421;0.9729552889858233;0.9391578947368421;0.955757900374933;4461;124;289
159;Rhodesian_ridgeback;4750;;0.9562105263157895;0.955205047318612;0.9562105263157895;0.9557075223566543;4542;213;208
880;unicycle;4750;;0.9593684210526315;0.9519532066012116;0.9593684210526315;0.9556464296948726;4557;230;193
786;sewing_machine;4750;;0.9370526315789474;0.9748138414367061;0.9370526315789474;0.9555603263203092;4451;115;299
554;fireboat;4750;;0.936;0.97585601404741;0.936;0.955512572533849;4446;110;304
175;otterhound;4750;;0.9402105263157895;0.9712918660287081;0.9402105263157895;0.9554985023534446;4466;132;284
695;padlock;4750;;0.9713684210526315;0.9399062945610104;0.9713684210526315;0.9553784035614453;4614;295;136
252;affenpinscher;4750;;0.9503157894736842;0.9604255319148937;0.9503157894736842;0.9553439153439154;4514;186;236
392;rock_beauty;4750;;0.9454736842105264;0.9653912295786758;0.9454736842105264;0.9553286534779833;4491;161;259
629;lipstick;4750;;0.9305263157894736;0.9811320754716981;0.9305263157894736;0.9551593733117234;4420;85;330
166;Walker_hound;4750;;0.9370526315789474;0.9735345581802275;0.9370526315789474;0.954945290710148;4451;121;299
707;pay-phone;4750;;0.9237894736842105;0.9880657509569917;0.9237894736842105;0.9548471330649548;4388;53;362
551;face_powder;4750;;0.9372631578947368;0.9726895346296701;0.9372631578947368;0.9546477967192024;4452;125;298
182;Border_terrier;4750;;0.9578947368421052;0.9508881922675027;0.9578947368421052;0.9543786051389618;4550;235;200
192;cairn;4750;;0.9448421052631579;0.9626769626769627;0.9448421052631579;0.9536761580960476;4488;174;262
173;Ibizan_hound;4750;;0.9414736842105264;0.9660833873406783;0.9414736842105264;0.9536197888900736;4472;157;278
661;Model_T;4750;;0.9665263157894737;0.9409715105554417;0.9665263157894737;0.9535777339287569;4591;288;159
468;cab;4750;;0.9608421052631579;0.9461028192371476;0.9608421052631579;0.9534155003133487;4564;260;186
891;waffle_iron;4750;;0.923578947368421;0.9851785313271951;0.923578947368421;0.953384765837227;4387;66;363
739;potter's_wheel;4750;;0.9576842105263158;0.9490924264552473;0.9576842105263158;0.9533689615424918;4549;244;201
649;megalith;4750;;0.9465263157894737;0.9602733874412644;0.9465263157894737;0.9533502968617473;4496;186;254
991;coral_fungus;4750;;0.9572631578947368;0.9494675297556902;0.9572631578947368;0.953349407694727;4547;242;203
448;birdhouse;4750;;0.968421052631579;0.9385839624566416;0.968421052631579;0.9532690912858771;4600;301;150
592;hard_disc;4750;;0.9250526315789473;0.9832177220854778;0.9250526315789473;0.9532487254582926;4394;75;356
831;studio_couch;4750;;0.9781052631578947;0.9295718287314926;0.9781052631578947;0.9532211735740664;4646;352;104
897;washer;4750;;0.9345263157894736;0.9726117440841368;0.9345263157894736;0.9531887481211081;4439;125;311
187;Yorkshire_terrier;4750;;0.9408421052631579;0.9658526042792306;0.9408421052631579;0.9531833208915432;4469;158;281
193;Australian_terrier;4750;;0.9322105263157895;0.975115613301035;0.9322105263157895;0.9531804972554084;4428;113;322
858;tile_roof;4750;;0.9578947368421052;0.9483117965819091;0.9578947368421052;0.9530791788856305;4550;248;200
671;mountain_bike;4750;;0.9541052631578948;0.951900861163621;0.9541052631578948;0.9530017874040585;4532;229;218
344;hippopotamus;4750;;0.9128421052631579;0.9965525166628362;0.9128421052631579;0.952862322821668;4336;15;414
573;go-kart;4750;;0.9690526315789474;0.9367114367114368;0.9690526315789474;0.9526076158940399;4603;311;147
877;turnstile;4750;;0.9218947368421052;0.9853735373537353;0.9218947368421052;0.9525777681096367;4379;65;371
603;horse_cart;4750;;0.9766315789473684;0.9296593186372746;0.9766315789473684;0.9525667351129364;4639;351;111
411;apron;4750;;0.9311578947368421;0.9748732642715451;0.9311578947368421;0.9525142672553031;4423;114;327
872;tripod;4750;;0.9349473684210526;0.9707103825136612;0.9349473684210526;0.9524932975871314;4441;134;309
202;soft-coated_wheaten_terrier;4750;;0.9484210526315789;0.9564755838641189;0.9484210526315789;0.952431289640592;4505;205;245
210;German_short-haired_pointer;4750;;0.9568421052631579;0.9480600750938674;0.9568421052631579;0.9524308466051971;4545;249;205
296;ice_bear;4750;;0.9315789473684211;0.9738116197183099;0.9315789473684211;0.9522272433828276;4425;119;325
653;milk_can;4750;;0.9393684210526316;0.9653829511034184;0.9393684210526316;0.952198036705079;4462;160;288
258;Samoyed;4750;;0.9726315789473684;0.9323915237134208;0.9726315789473684;0.9520865533230294;4620;335;130
952;fig;4750;;0.9305263157894736;0.9744268077601411;0.9305263157894736;0.9519707085935816;4420;116;330
162;beagle;4750;;0.9530526315789474;0.9508506616257089;0.9530526315789474;0.9519503732520239;4527;234;223
778;scale;4750;;0.9208421052631579;0.9849133078135555;0.9208421052631579;0.9518006745729518;4374;67;376
660;mobile_home;4750;;0.9349473684210526;0.9688045375218151;0.9349473684210526;0.9515748875080352;4441;143;309
456;bow;4750;;0.9364210526315789;0.9669565217391304;0.9364210526315789;0.9514438502673797;4448;152;302
646;maze;4750;;0.9772631578947368;0.9269169329073482;0.9772631578947368;0.9514244722279155;4642;366;108
934;hotdog;4750;;0.9286315789473685;0.9752376741101039;0.9286315789473685;0.9513641755634638;4411;112;339
989;hip;4750;;0.9751578947368421;0.9284425736620565;0.9751578947368421;0.9512270253619467;4632;357;118
201;silky_terrier;4750;;0.9482105263157895;0.9542372881355933;0.9482105263157895;0.9512143611404436;4504;216;246
168;redbone;4750;;0.9458947368421052;0.9565680221417926;0.9458947368421052;0.9512014396104583;4493;204;257
333;hamster;4750;;0.9652631578947368;0.9374361071355551;0.9652631578947368;0.9511461466652836;4585;306;165
164;bluetick;4750;;0.9244210526315789;0.9792595896520964;0.9244210526315789;0.9510504656703488;4391;93;359
816;spindle;4750;;0.9646315789473684;0.937781416291445;0.9646315789473684;0.9510170195101703;4582;304;168
204;Lhasa;4750;;0.9381052631578948;0.9640848117697967;0.9381052631578948;0.950917626973965;4456;166;294
76;tarantula;4750;;0.919578947368421;0.9844489519945909;0.919578947368421;0.9509088930009796;4368;69;382
261;keeshond;4750;;0.960421052631579;0.9413949649195212;0.960421052631579;0.9508128386827844;4562;284;188
133;bittern;4750;;0.9334736842105263;0.9687568276163426;0.9334736842105263;0.9507880347378579;4434;143;316
761;remote_control;4750;;0.9444210526315789;0.9571154256454022;0.9444210526315789;0.9507258662710606;4486;201;264
510;container_ship;4750;;0.9578947368421052;0.9435918705931149;0.9578947368421052;0.9506895110739657;4550;272;200
171;Italian_greyhound;4750;;0.9193684210526316;0.98400180261379;0.9193684210526316;0.9505877231171094;4367;71;383
346;water_buffalo;4750;;0.9444210526315789;0.9567071870334826;0.9444210526315789;0.9505244199597415;4486;203;264
717;pickup;4750;;0.9505263157894737;0.9503262471058724;0.9505263157894737;0.9504262709188506;4515;236;235
699;panpipe;4750;;0.9147368421052632;0.9886234357224118;0.9147368421052632;0.9502460360852925;4345;50;405
440;beer_bottle;4750;;0.9467368421052632;0.9537645811240721;0.9467368421052632;0.9502377179080824;4497;218;253
605;iPod;4750;;0.9492631578947368;0.9510651761231808;0.9492631578947368;0.9501633126119481;4509;232;241
678;neck_brace;4750;;0.9189473684210526;0.9835511491662912;0.9189473684210526;0.9501523726599914;4365;73;385
937;broccoli;4750;;0.9404210526315789;0.9600257898130239;0.9404210526315789;0.9501223013931723;4467;186;283
656;minivan;4750;;0.9193684210526316;0.9828944406932253;0.9193684210526316;0.9500707059719353;4367;76;383
795;ski;4750;;0.9570526315789474;0.9429578925534121;0.9570526315789474;0.9499529829693867;4546;275;204
708;pedestal;4750;;0.9698947368421053;0.9307070707070707;0.9698947368421053;0.9498969072164949;4607;343;143
447;binoculars;4750;;0.952;0.9476110645431685;0.952;0.9498004620877967;4522;250;228
521;Crock_Pot;4750;;0.9357894736842105;0.9642082429501084;0.9357894736842105;0.9497863247863247;4445;165;305
823;stethoscope;4750;;0.9197894736842105;0.9817977528089887;0.9197894736842105;0.9497826086956521;4369;81;381
398;abacus;4750;;0.9197894736842105;0.9817977528089887;0.9197894736842105;0.9497826086956521;4369;81;381
177;Scottish_deerhound;4750;;0.9671578947368421;0.9329813160032494;0.9671578947368421;0.9497622493280959;4594;330;156
497;church;4750;;0.9305263157894736;0.9697235629662132;0.9305263157894736;0.9497206703910613;4420;138;330
436;beach_wagon;4750;;0.9549473684210527;0.9442131557035803;0.9549473684210527;0.9495499267322588;4536;268;214
846;table_lamp;4750;;0.9606315789473684;0.9386957416169512;0.9606315789473684;0.9495369888669234;4563;298;187
219;cocker_spaniel;4750;;0.9503157894736842;0.9483193277310924;0.9503157894736842;0.94931650893796;4514;246;236
283;Persian_cat;4750;;0.9606315789473684;0.9381167763157895;0.9606315789473684;0.9492406906594549;4563;301;187
756;rain_barrel;4750;;0.9501052631578948;0.948308468165581;0.9501052631578948;0.9492060153538753;4513;246;237
71;scorpion;4750;;0.9242105263157895;0.9753388135969785;0.9242105263157895;0.9490865852340287;4390;111;360
363;armadillo;4750;;0.9206315789473685;0.9791759964173757;0.9206315789473685;0.949001736111111;4373;93;377
956;custard_apple;4750;;0.9351578947368421;0.9629308476045957;0.9351578947368421;0.9488411833813949;4442;171;308
338;guinea_pig;4750;;0.9290526315789474;0.969463971880492;0.9290526315789474;0.9488282089873145;4413;139;337
165;black-and-tan_coonhound;4750;;0.9258947368421052;0.9727936297279363;0.9258947368421052;0.9487649660230828;4398;123;352
493;chiffonier;4750;;0.9294736842105263;0.9686265906099166;0.9294736842105263;0.9486463257412978;4415;143;335
884;vault;4750;;0.9517894736842105;0.9454203262233375;0.9517894736842105;0.948594208980277;4521;261;229
579;grand_piano;4750;;0.9355789473684211;0.9619047619047619;0.9355789473684211;0.9485592315901813;4444;176;306
128;black_stork;4750;;0.9627368421052631;0.9347914963205233;0.9627368421052631;0.9485583903754407;4573;319;177
441;beer_glass;4750;;0.9608421052631579;0.9363972096840377;0.9608421052631579;0.9484621778886118;4564;310;186
406;altar;4750;;0.9345263157894736;0.9626978963348515;0.9345263157894736;0.9484029484029484;4439;172;311
981;ballplayer;4750;;0.9665263157894737;0.9302938196555218;0.9665263157894737;0.9480640165203923;4591;344;159
857;throne;4750;;0.9675789473684211;0.929047907822923;0.9675789473684211;0.947922037743632;4596;351;154
670;motor_scooter;4750;;0.9665263157894737;0.929916953615556;0.9665263157894737;0.9478682770723651;4591;346;159
21;kite;4750;;0.9463157894736842;0.9491131756756757;0.9463157894736842;0.9477124183006537;4495;241;255
452;bonnet;4750;;0.9309473684210526;0.9650807507638586;0.9309473684210526;0.9477068152593229;4422;160;328
834;suit;4750;;0.9454736842105264;0.9498730964467005;0.9454736842105264;0.9476682844481957;4491;237;259
475;car_mirror;4750;;0.968842105263158;0.9272617368527101;0.968842105263158;0.9475960053536497;4602;361;148
242;boxer;4750;;0.9511578947368421;0.944003343083995;0.9511578947368421;0.9475671140939597;4518;268;232
903;wig;4750;;0.9623157894736842;0.9332380563495304;0.9623157894736842;0.9475538971807629;4571;327;179
720;pill_bottle;4750;;0.9242105263157895;0.9718839938011955;0.9242105263157895;0.947447933527571;4390;127;360
586;half_track;4750;;0.9355789473684211;0.959412780656304;0.9355789473684211;0.947345981667022;4444;188;306
512;corkscrew;4750;;0.9448421052631579;0.9498412698412698;0.9448421052631579;0.9473350923482851;4488;237;262
593;harmonica;4750;;0.92;0.9763181411974977;0.92;0.9473227834381097;4370;106;380
131;little_blue_heron;4750;;0.9566315789473684;0.93768056128766;0.9566315789473684;0.9470612755314715;4544;302;206
169;borzoi;4750;;0.9707368421052631;0.9242333132892363;0.9707368421052631;0.9469144676044768;4611;378;139
808;sombrero;4750;;0.9351578947368421;0.9587740125188863;0.9351578947368421;0.946818714696792;4442;191;308
948;Granny_Smith;4750;;0.9507368421052631;0.9427974947807933;0.9507368421052631;0.9467505241090146;4516;274;234
774;sandal;4750;;0.9366315789473684;0.9569799956979995;0.9366315789473684;0.946696457069901;4449;200;301
251;dalmatian;4750;;0.9711578947368421;0.9233386709367494;0.9711578947368421;0.9466447773445517;4613;383;137
234;Rottweiler;4750;;0.9631578947368421;0.9306346623270952;0.9631578947368421;0.9466170080695221;4575;341;175
636;mailbag;4750;;0.9349473684210526;0.958558169652493;0.9349473684210526;0.9466055632526911;4441;192;309
703;park_bench;4750;;0.9654736842105263;0.9279643868878996;0.9654736842105263;0.9463475030953363;4586;356;164
666;mortar;4750;;0.9517894736842105;0.940894901144641;0.9517894736842105;0.9463108320251177;4521;284;229
822;steel_drum;4750;;0.9164210526315789;0.9782022471910112;0.9164210526315789;0.9463043478260871;4353;97;397
615;knee_pad;4750;;0.9164210526315789;0.977982475848124;0.9164210526315789;0.9462014998369742;4353;98;397
477;carpenter's_kit;4750;;0.9301052631578948;0.9625272331154684;0.9301052631578948;0.9460385438972163;4418;172;332
843;swing;4750;;0.9391578947368421;0.9530014954069643;0.9391578947368421;0.9460290531226805;4461;220;289
479;car_wheel;4750;;0.9446315789473684;0.9474239864864865;0.9446315789473684;0.9460257221168037;4487;249;263
294;brown_bear;4750;;0.9372631578947368;0.9547501608406606;0.9372631578947368;0.9459258472325508;4452;211;298
737;pop_bottle;4750;;0.9275789473684211;0.964958388085852;0.9275789473684211;0.9458995276942894;4406;160;344
364;three-toed_sloth;4750;;0.9054736842105263;0.9901012891344383;0.9054736842105263;0.9458983945458544;4301;43;449
908;wing;4750;;0.9143157894736842;0.9796977216332055;0.9143157894736842;0.9458782532941303;4343;90;407
729;plate_rack;4750;;0.9132631578947369;0.9805605786618445;0.9132631578947369;0.9457161543492479;4338;86;412
325;sulphur_butterfly;4750;;0.9532631578947368;0.938251139660174;0.9532631578947368;0.9456975772765246;4528;298;222
601;hoopskirt;4750;;0.9669473684210527;0.9250755287009064;0.9669473684210527;0.9455481214616573;4593;372;157
631;lotion;4750;;0.9244210526315789;0.9676068752754517;0.9244210526315789;0.9455211024978467;4391;147;359
780;schooner;4750;;0.9661052631578947;0.925761549324188;0.9661052631578947;0.9455032450808694;4589;368;161
212;English_setter;4750;;0.9128421052631579;0.9803300926972643;0.9128421052631579;0.9453831897961409;4336;87;414
882;vacuum;4750;;0.9271578947368421;0.9643091745128093;0.9271578947368421;0.945368680905871;4404;163;346
383;Madagascar_cat;4750;;0.9229473684210526;0.9688397790055249;0.9229473684210526;0.9453369272237196;4384;141;366
176;Saluki;4750;;0.9351578947368421;0.9556798623063684;0.9351578947368421;0.945307512236646;4442;206;308
896;washbasin;4750;;0.964;0.927298501417578;0.964;0.9452931461601981;4579;359;171
763;revolver;4750;;0.9715789473684211;0.9200558213716108;0.9715789473684211;0.9451157075568298;4615;401;135
421;bannister;4750;;0.9503157894736842;0.9398292733708099;0.9503157894736842;0.9450434418507275;4514;289;236
814;speedboat;4750;;0.9749473684210527;0.9168481488814096;0.9749473684210527;0.9450056116722784;4631;420;119
686;oil_filter;4750;;0.9557894736842105;0.934156378600823;0.9557894736842105;0.9448491155046825;4540;320;210
568;fur_coat;4750;;0.9501052631578948;0.9394254787676936;0.9501052631578948;0.9447351894494452;4513;291;237
507;combination_lock;4750;;0.9063157894736842;0.986480293308891;0.9063157894736842;0.9447004608294931;4305;59;445
936;head_cabbage;4750;;0.9284210526315789;0.9612031386224935;0.9284210526315789;0.944527736131934;4410;178;340
401;accordion;4750;;0.9227368421052632;0.9671226831421006;0.9227368421052632;0.9444085326438267;4383;149;367
608;jean;4750;;0.9393684210526316;0.9493617021276596;0.9393684210526316;0.9443386243386244;4462;238;288
894;wardrobe;4750;;0.9298947368421052;0.9591748099891423;0.9298947368421052;0.9443078567610903;4417;188;333
938;cauliflower;4750;;0.9166315789473685;0.973613595706619;0.9166315789473685;0.9442637171980048;4354;118;396
306;rhinoceros_beetle;4750;;0.948;0.9404761904761905;0.948;0.9442231075697212;4503;285;247
453;bookcase;4750;;0.9347368421052632;0.9538131041890441;0.9347368421052632;0.9441786283891548;4440;215;310
777;scabbard;4750;;0.9164210526315789;0.9736076940281816;0.9164210526315789;0.9441492245960307;4353;118;397
256;Newfoundland;4750;;0.9326315789473684;0.9553590683631659;0.9326315789473684;0.9438585277511452;4430;207;320
740;power_drill;4750;;0.9252631578947368;0.9631821170282708;0.9252631578947368;0.9438419413722752;4395;168;355
102;echidna;4750;;0.9122105263157895;0.9776624548736462;0.9122105263157895;0.9438030930080592;4333;99;417
80;black_grouse;4750;;0.919578947368421;0.968944099378882;0.919578947368421;0.9436163318211277;4368;140;382
630;Loafer;4750;;0.9128421052631579;0.9763566764242287;0.9128421052631579;0.9435317158089435;4336;105;414
578;gown;4750;;0.9469473684210526;0.9398244880902633;0.9469473684210526;0.9433724832214765;4498;288;252
721;pillow;4750;;0.948;0.9387116948092558;0.948;0.9433329841835131;4503;294;247
473;can_opener;4750;;0.9151578947368421;0.9731363331094695;0.9151578947368421;0.9432570250623847;4347;120;403
148;killer_whale;4750;;0.9164210526315789;0.9716517857142857;0.9164210526315789;0.943228602383532;4353;127;397
444;bicycle-built-for-two;4750;;0.9728421052631578;0.9152307387601505;0.9728421052631578;0.9431574650474538;4621;428;129
745;projector;4750;;0.9023157894736842;0.987785203964047;0.9023157894736842;0.9431180547915062;4286;53;464
722;ping-pong_ball;4750;;0.9553684210526315;0.9310627821091506;0.9553684210526315;0.9430590191188695;4538;336;212
387;lesser_panda;4750;;0.9286315789473685;0.957871878393051;0.9286315789473685;0.9430251202565473;4411;194;339
184;Irish_terrier;4750;;0.9347368421052632;0.9511568123393316;0.9347368421052632;0.9428753450838819;4440;228;310
701;parachute;4750;;0.9637894736842105;0.9227978230195525;0.9637894736842105;0.9428483163422923;4578;383;172
588;hamper;4750;;0.9227368421052632;0.9637203166226913;0.9227368421052632;0.9427833942783396;4383;165;367
156;Blenheim_spaniel;4750;;0.964842105263158;0.9215765131711241;0.964842105263158;0.9427131543762215;4583;390;167
525;dam;4750;;0.932;0.9534783545121689;0.932;0.9426168423293944;4427;216;323
514;cowboy_boot;4750;;0.9347368421052632;0.9505459216441875;0.9347368421052632;0.942575098184906;4440;231;310
966;red_wine;4750;;0.9433684210526316;0.9417822614543926;0.9433684210526316;0.9425746739587717;4481;277;269
365;orangutan;4750;;0.9465263157894737;0.9386221294363257;0.9465263157894737;0.9425576519916142;4496;294;254
105;koala;4750;;0.964421052631579;0.9215449607724804;0.964421052631579;0.9424956280218083;4581;390;169
327;starfish;4750;;0.9629473684210527;0.9227355255194675;0.9629473684210527;0.9424126918718451;4574;383;176
752;racket;4750;;0.9631578947368421;0.921821478944187;0.9631578947368421;0.9420364460002059;4575;388;175
931;bagel;4750;;0.9473684210526315;0.9367194004995837;0.9473684210526315;0.9420138162026376;4500;304;250
807;solar_dish;4750;;0.9347368421052632;0.949326491340603;0.9347368421052632;0.9419751776811286;4440;237;310
859;toaster;4750;;0.9044210526315789;0.9823919506059913;0.9044210526315789;0.9417954620190726;4296;77;454
172;whippet;4750;;0.9673684210526315;0.9175319488817891;0.9673684210526315;0.9417913506866161;4595;413;155
517;crane;4750;;0.9261052631578948;0.9579703832752613;0.9261052631578948;0.941768357953329;4399;193;351
183;Kerry_blue_terrier;4750;;0.9027368421052632;0.9841634151939408;0.9027368421052632;0.9416932030306359;4288;69;462
622;lens_cap;4750;;0.9092631578947369;0.976486547592132;0.9092631578947369;0.941676659762346;4319;104;431
324;cabbage_butterfly;4750;;0.9309473684210526;0.9521963824289406;0.9309473684210526;0.9414519906323184;4422;222;328
932;pretzel;4750;;0.9136842105263158;0.970917225950783;0.9136842105263158;0.9414316702819956;4340;130;410
208;Labrador_retriever;4750;;0.9362105263157895;0.9463715684188125;0.9362105263157895;0.9412636257805058;4447;252;303
472;canoe;4750;;0.9846315789473684;0.9015034695451041;0.9846315789473684;0.9412356610988125;4677;511;73
293;cheetah;4750;;0.9538947368421052;0.9286739085878254;0.9538947368421052;0.9411153806210406;4531;348;219
766;rotisserie;4750;;0.9065263157894737;0.9784139968189048;0.9065263157894737;0.9410993334061851;4306;95;444
51;triceratops;4750;;0.9313684210526316;0.9509888220120378;0.9313684210526316;0.9410763667304829;4424;228;326
957;pomegranate;4750;;0.9227368421052632;0.9597109700021896;0.9227368421052632;0.9408607921004616;4383;184;367
639;maillot;4750;;0.9448421052631579;0.936756418284283;0.9448421052631579;0.940781888690913;4488;303;262
838;sunscreen;4750;;0.9149473684210526;0.96771320418615;0.9149473684210526;0.9405908451466293;4346;145;404
833;submarine;4750;;0.9206315789473685;0.9610989010989011;0.9206315789473685;0.9404301075268817;4373;177;377
706;patio;4750;;0.9221052631578948;0.9594742606790799;0.9221052631578948;0.9404186795491144;4380;185;370
704;parking_meter;4750;;0.9345263157894736;0.946280110850565;0.9345263157894736;0.9403664866009956;4439;252;311
725;pitcher;4750;;0.9562105263157895;0.9248625534514355;0.9562105263157895;0.9402753338163751;4542;369;208
598;home_theater;4750;;0.9444210526315789;0.9361435726210351;0.9444210526315789;0.9402640955774472;4486;306;264
463;bucket;4750;;0.9122105263157895;0.9697851387645479;0.9122105263157895;0.9401171620742026;4333;135;417
181;Bedlington_terrier;4750;;0.9616842105263158;0.9189297927982297;0.9616842105263158;0.9398210060693344;4568;403;182
817;sports_car;4750;;0.9168421052631579;0.9637087851294535;0.9168421052631579;0.9396914446002805;4355;164;395
587;hammer;4750;;0.9269473684210526;0.9522058823529411;0.9269473684210526;0.9394068700661404;4403;221;347
429;baseball;4750;;0.9244210526315789;0.9547727766905849;0.9244210526315789;0.9393518023318002;4391;208;359
502;clog;4750;;0.9185263157894736;0.9610132158590309;0.9185263157894736;0.9392895586652313;4363;177;387
793;shower_cap;4750;;0.9433684210526316;0.9351001669449082;0.9433684210526316;0.9392160972542444;4481;311;269
203;West_Highland_white_terrier;4750;;0.9642105263157895;0.9154507295622626;0.9642105263157895;0.9391981954270481;4580;423;170
287;lynx;4750;;0.9086315789473685;0.9714157101057844;0.9086315789473685;0.9389753072990319;4316;127;434
743;prison;4750;;0.9404210526315789;0.9372639530004196;0.9404210526315789;0.9388398486759142;4467;299;283
826;stopwatch;4750;;0.9;0.9811797108101905;0.9;0.9388382562863731;4275;82;475
286;cougar;4750;;0.9185263157894736;0.9597448306203256;0.9185263157894736;0.9386833046471601;4363;183;387
581;grille;4750;;0.9341052631578948;0.9430393198724761;0.9341052631578948;0.938551031200423;4437;268;313
113;snail;4750;;0.9402105263157895;0.9368575624082232;0.9402105263157895;0.9385310497005359;4466;301;284
906;Windsor_tie;4750;;0.9261052631578948;0.9511351351351351;0.9261052631578948;0.9384533333333334;4399;226;351
839;suspension_bridge;4750;;0.9225263157894736;0.9548921333623883;0.9225263157894736;0.9384302387835957;4382;207;368
152;Japanese_spaniel;4750;;0.9111578947368421;0.966718784900603;0.9111578947368421;0.938116397528991;4328;149;422
914;yawl;4750;;0.9124210526315789;0.9652561247216036;0.9124210526315789;0.9380952380952381;4334;156;416
498;cinema;4750;;0.9341052631578948;0.9420382165605096;0.9341052631578948;0.9380549682875264;4437;273;313
241;EntleBucher;4750;;0.9578947368421052;0.9188206785137318;0.9578947368421052;0.9379509379509379;4550;402;200
618;ladle;4750;;0.9237894736842105;0.9524636422834817;0.9237894736842105;0.9379074489686866;4388;219;362
316;cicada;4750;;0.9437894736842105;0.932016632016632;0.9437894736842105;0.9378661087866108;4483;327;267
220;Sussex_spaniel;4750;;0.8894736842105263;0.9917840375586855;0.8894736842105263;0.9378468368479468;4225;35;525
486;cello;4750;;0.9132631578947369;0.9633577614923384;0.9132631578947369;0.9376418458878202;4338;165;412
7;cock;4750;;0.9351578947368421;0.9401058201058201;0.9351578947368421;0.9376253298153033;4442;283;308
515;cowboy_hat;4750;;0.9357894736842105;0.9393491124260355;0.9357894736842105;0.9375659143640582;4445;287;305
899;water_jug;4750;;0.8949473684210526;0.984255614725631;0.8949473684210526;0.9374793251736686;4251;68;499
652;military_uniform;4750;;0.9193684210526316;0.9562075760893366;0.9193684210526316;0.9374262101534829;4367;200;383
632;loudspeaker;4750;;0.9216842105263158;0.9531896364032223;0.9216842105263158;0.9371722144921332;4378;215;372
490;chain_mail;4750;;0.8890526315789473;0.9903846153846154;0.8890526315789473;0.9369869092522742;4223;41;527
437;beacon;4750;;0.9229473684210526;0.9513888888888888;0.9229473684210526;0.9369523402436419;4384;224;366
434;bath_towel;4750;;0.9187368421052632;0.9557599649583881;0.9187368421052632;0.9368827823100044;4364;202;386
335;fox_squirrel;4750;;0.9383157894736842;0.9351657574485942;0.9383157894736842;0.9367381252627154;4457;309;293
270;white_wolf;4750;;0.96;0.914560770156438;0.96;0.9367296631059984;4560;426;190
775;sarong;4750;;0.9412631578947368;0.9322351959966639;0.9412631578947368;0.9367274250995181;4471;325;279
572;goblet;4750;;0.9301052631578948;0.9434123425154816;0.9301052631578948;0.9367115445775469;4418;265;332
920;traffic_light;4750;;0.9585263157894737;0.915728077232502;0.9585263157894737;0.9366385517383256;4553;419;197
142;dowitcher;4750;;0.9023157894736842;0.9725436805082823;0.9023157894736842;0.9361144479633068;4286;121;464
249;malamute;4750;;0.9326315789473684;0.9395546129374337;0.9326315789473684;0.93608029582673;4430;285;320
403;aircraft_carrier;4750;;0.9351578947368421;0.9367355546183045;0.9351578947368421;0.9359460598398652;4442;300;308
500;cliff_dwelling;4750;;0.9263157894736842;0.9456264775413712;0.9263157894736842;0.9358715303626503;4400;253;350
881;upright;4750;;0.9423157894736842;0.9294019933554817;0.9423157894736842;0.9358143424628894;4476;340;274
566;French_horn;4750;;0.8823157894736842;0.9961968148324222;0.8823157894736842;0.9358043987942392;4191;16;559
362;badger;4750;;0.9456842105263158;0.9259946402803546;0.9456842105263158;0.9357358608478283;4492;359;258
544;Dutch_oven;4750;;0.9178947368421052;0.9542569490041585;0.9178947368421052;0.9357227170297242;4360;209;390
679;necklace;4750;;0.9576842105263158;0.9145556895858464;0.9576842105263158;0.9356232003290827;4549;425;201
651;microwave;4750;;0.9442105263157895;0.9268443893366398;0.9442105263157895;0.9354468662008552;4485;354;265
887;vestment;4750;;0.9404210526315789;0.9300437226733291;0.9404210526315789;0.9352036009630482;4467;336;283
837;sunglasses;4750;;0.9252631578947368;0.9451612903225807;0.9252631578947368;0.9351063829787234;4395;255;355
967;espresso;4750;;0.9326315789473684;0.9375661375661376;0.9326315789473684;0.9350923482849605;4430;295;320
827;stove;4750;;0.9128421052631579;0.9584438549955792;0.9128421052631579;0.9350873409532026;4336;188;414
153;Maltese_dog;4750;;0.9063157894736842;0.9654631083202512;0.9063157894736842;0.9349549353892931;4305;154;445
809;soup_bowl;4750;;0.9250526315789473;0.9447430660073103;0.9250526315789473;0.9347941708328902;4394;257;356
274;dhole;4750;;0.9393684210526316;0.9301646862622472;0.9393684210526316;0.9347438986068923;4462;335;288
391;coho;4750;;0.9576842105263158;0.9127207062600321;0.9576842105263158;0.9346620094514074;4549;435;201
683;oboe;4750;;0.9317894736842105;0.9373146971622194;0.9317894736842105;0.9345439189189189;4426;296;324
161;basset;4750;;0.9677894736842105;0.903498427672956;0.9677894736842105;0.9345395405570238;4597;491;153
487;cellular_telephone;4750;;0.9301052631578948;0.9390010626992561;0.9301052631578948;0.9345319936541512;4418;287;332
635;magnetic_compass;4750;;0.9324210526315789;0.9365616409388877;0.9324210526315789;0.9344867602067728;4429;300;321
676;muzzle;4750;;0.888;0.9859747545582047;0.888;0.9344262295081966;4218;60;532
209;Chesapeake_Bay_retriever;4750;;0.9204210526315789;0.9487847222222222;0.9204210526315789;0.9343876896772815;4372;236;378
332;Angora;4750;;0.9402105263157895;0.9284823284823285;0.9402105263157895;0.9343096234309624;4466;344;284
747;punching_bag;4750;;0.9214736842105263;0.9474025974025974;0.9214736842105263;0.9342582710779083;4377;243;373
939;zucchini;4750;;0.9151578947368421;0.954126426690079;0.9151578947368421;0.9342359767891683;4347;209;403
759;reflex_camera;4750;;0.9244210526315789;0.9440980434315202;0.9244210526315789;0.9341559408573555;4391;260;359
399;abaya;4750;;0.9254736842105263;0.9427407248552434;0.9254736842105263;0.9340274089025815;4396;267;354
414;backpack;4750;;0.9214736842105263;0.9467878001297858;0.9214736842105263;0.9339592446388562;4377;246;373
205;flat-coated_retriever;4750;;0.9048421052631579;0.9649753030983386;0.9048421052631579;0.933941764450239;4298;156;452
748;purse;4750;;0.8922105263157895;0.9796578825705039;0.8922105263157895;0.9338915821947995;4238;88;512
675;moving_van;4750;;0.8898947368421053;0.9823379037880549;0.8898947368421053;0.9338340881475755;4227;76;523
443;bib;4750;;0.9067368421052632;0.9624581005586592;0.9067368421052632;0.9337669376693767;4307;168;443
150;sea_lion;4750;;0.9143157894736842;0.9538765649022622;0.9143157894736842;0.9336773083951413;4343;210;407
674;mousetrap;4750;;0.9138947368421053;0.9542756649813146;0.9138947368421053;0.9336487794386493;4341;208;409
413;assault_rifle;4750;;0.9252631578947368;0.9421221864951769;0.9252631578947368;0.9336165693043016;4395;270;355
735;poncho;4750;;0.9412631578947368;0.926056338028169;0.9412631578947368;0.9335978283566506;4471;357;279
754;radio;4750;;0.8989473684210526;0.9702340377187003;0.8989473684210526;0.9332313408370669;4270;131;480
776;sax;4750;;0.8823157894736842;0.9903119092627599;0.8823157894736842;0.9331997327989312;4191;41;559
317;leafhopper;4750;;0.9233684210526316;0.9426176660219213;0.9233684210526316;0.9328937573114964;4386;267;364
941;acorn_squash;4750;;0.9098947368421053;0.9568297542616782;0.9098947368421053;0.9327722024387612;4322;195;428
969;eggnog;4750;;0.9029473684210526;0.9644704295030357;0.9029473684210526;0.9326954441665761;4289;158;461
616;knot;4750;;0.9501052631578948;0.9156015418949077;0.9501052631578948;0.9325343527223887;4513;416;237
236;Doberman;4750;;0.9612631578947368;0.9052339413164155;0.9612631578947368;0.9324075964876454;4566;478;184
658;mitten;4750;;0.9334736842105263;0.9309258870459794;0.9334736842105263;0.9321980447808262;4434;329;316
655;miniskirt;4750;;0.9505263157894737;0.9143377885783718;0.9505263157894737;0.9320809248554913;4515;423;235
63;Indian_cobra;4750;;0.9204210526315789;0.9436650118713577;0.9204210526315789;0.9318981136097196;4372;261;378
963;pizza;4750;;0.9096842105263158;0.9549171270718232;0.9096842105263158;0.9317520215633424;4321;204;429
537;dogsled;4750;;0.9808421052631578;0.8872595696057893;0.9808421052631578;0.9317068293170683;4659;592;91
56;king_snake;4750;;0.9044210526315789;0.960644007155635;0.9044210526315789;0.9316851008458036;4296;176;454
710;pencil_sharpener;4750;;0.9004210526315789;0.9650270758122743;0.9004210526315789;0.9316053147462426;4277;155;473
784;screwdriver;4750;;0.9174736842105263;0.9461571862787668;0.9174736842105263;0.9315946985891406;4358;248;392
379;howler_monkey;4750;;0.9084210526315789;0.9559149313247673;0.9084210526315789;0.9315630397236614;4315;199;435
724;pirate;4750;;0.9425263157894737;0.920814479638009;0.9425263157894737;0.9315439034540158;4477;385;273
654;minibus;4750;;0.8936842105263157;0.9725085910652921;0.8936842105263157;0.9314317059791551;4245;120;505
531;digital_watch;4750;;0.9303157894736842;0.9324752057396075;0.9303157894736842;0.9313942459690168;4419;320;331
801;snorkel;4750;;0.9216842105263158;0.9411006018916594;0.9216842105263158;0.931291214635184;4378;274;372
224;groenendael;4750;;0.9330526315789474;0.9295302013422819;0.9330526315789474;0.9312880857322967;4432;336;318
638;maillot;4750;;0.9096842105263158;0.9538631346578367;0.9096842105263158;0.9312499999999999;4321;209;429
433;bathing_cap;4750;;0.9458947368421052;0.9167516833299326;0.9458947368421052;0.9310952232929229;4493;408;257
541;drum;4750;;0.9322105263157895;0.9296661767793407;0.9322105263157895;0.9309366130558183;4428;335;322
257;Great_Pyrenees;4750;;0.9018947368421053;0.9614003590664273;0.9018947368421053;0.9306973712796003;4284;172;466
233;Bouvier_des_Flandres;4750;;0.9244210526315789;0.9364470036255065;0.9244210526315789;0.9303951689797648;4391;298;359
543;dumbbell;4750;;0.9414736842105264;0.9194078947368421;0.9414736842105264;0.9303099646349076;4472;392;278
412;ashcan;4750;;0.9482105263157895;0.9130346645043584;0.9482105263157895;0.9302901993183931;4504;429;246
427;barrel;4750;;0.9185263157894736;0.9423326133909288;0.9185263157894736;0.9302771855010661;4363;267;387
716;picket_fence;4750;;0.9482105263157895;0.9128496149169031;0.9482105263157895;0.9301941346551011;4504;430;246
813;spatula;4750;;0.9086315789473685;0.9527593818984548;0.9086315789473685;0.9301724137931036;4316;214;434
400;academic_gown;4750;;0.968842105263158;0.894460641399417;0.968842105263158;0.930166750884285;4602;543;148
322;ringlet;4750;;0.9376842105263158;0.9227263310544852;0.9376842105263158;0.9301451393964707;4454;373;296
811;space_heater;4750;;0.8905263157894737;0.9733087896916705;0.8905263157894737;0.9300791556728233;4230;116;520
626;lighter;4750;;0.908;0.9527280759885134;0.908;0.9298264525169775;4313;214;437
163;bloodhound;4750;;0.884;0.9806165343297525;0.884;0.9298051372896369;4199;83;551
140;red-backed_sandpiper;4750;;0.9435789473684211;0.9163770190145165;0.9435789473684211;0.9297790685613526;4482;409;268
211;vizsla;4750;;0.9730526315789474;0.8898729303041971;0.9730526315789474;0.9296057924376508;4622;572;128
871;trimaran;4750;;0.9484210526315789;0.911205501618123;0.9484210526315789;0.9294408912729523;4505;439;245
943;cucumber;4750;;0.9444210526315789;0.914763458401305;0.9444210526315789;0.9293557074787652;4486;418;264
665;moped;4750;;0.8930526315789473;0.96871431833752;0.8930526315789473;0.9293460400920144;4242;137;508
610;jersey;4750;;0.968842105263158;0.8923792902850495;0.968842105263158;0.9290400726758857;4602;555;148
709;pencil_box;4750;;0.8962105263157895;0.9642129105322763;0.8962105263157895;0.9289689034369886;4257;158;493
659;mixing_bowl;4750;;0.9410526315789474;0.9171112022979072;0.9410526315789474;0.928927680798005;4470;404;280
965;burrito;4750;;0.8905263157894737;0.9701834862385321;0.8905263157894737;0.9286498353457739;4230;130;520
847;tank;4750;;0.9124210526315789;0.9454624781849913;0.9124210526315789;0.9286479537175916;4334;250;416
132;American_egret;4750;;0.9505263157894737;0.9077201447527141;0.9505263157894737;0.9286301933360757;4515;459;235
8;hen;4750;;0.9345263157894736;0.9224854530340815;0.9345263157894736;0.9284668479397615;4439;373;311
31;tree_frog;4750;;0.9351578947368421;0.9215767634854771;0.9351578947368421;0.928317659352142;4442;378;308
25;European_fire_salamander;4750;;0.8827368421052632;0.9787581699346405;0.8827368421052632;0.9282709763117113;4193;91;557
689;overskirt;4750;;0.9103157894736842;0.9467922049485439;0.9103157894736842;0.9281957711709777;4324;243;426
964;potpie;4750;;0.9153684210526316;0.9411255411255411;0.9153684210526316;0.928068303094984;4348;272;402
104;wallaby;4750;;0.9317894736842105;0.9242012946335352;0.9317894736842105;0.927979872103994;4426;363;324
520;crib;4750;;0.9315789473684211;0.9243785251723418;0.9315789473684211;0.9279647687952186;4425;362;325
929;ice_lolly;4750;;0.9193684210526316;0.9367224367224367;0.9193684210526316;0.9279643008924776;4367;295;383
394;sturgeon;4750;;0.8770526315789474;0.9851028611965004;0.8770526315789474;0.9279429780599177;4166;63;584
70;harvestman;4750;;0.8997894736842105;0.9576518037194712;0.8997894736842105;0.927819385650711;4274;189;476
523;crutch;4750;;0.9117894736842105;0.9443959877889229;0.9117894736842105;0.9278063410454155;4331;255;419
918;crossword_puzzle;4750;;0.9172631578947369;0.9384018953262977;0.9172631578947369;0.9277121260513149;4357;286;393
574;golf_ball;4750;;0.8909473684210526;0.9675354366712391;0.8909473684210526;0.9276633055677334;4232;142;518
223;schipperke;4750;;0.9442105263157895;0.9112149532710281;0.9442105263157895;0.9274193548387096;4485;437;265
422;barbell;4750;;0.8911578947368421;0.966659054578671;0.8911578947368421;0.9273743016759778;4233;146;517
188;wire-haired_fox_terrier;4750;;0.9595789473684211;0.897244094488189;0.9595789473684211;0.9273652085452696;4558;522;192
226;briard;4750;;0.9018947368421053;0.9541202672605791;0.9018947368421053;0.9272727272727274;4284;206;466
237;miniature_pinscher;4750;;0.9530526315789474;0.902691924227318;0.9530526315789474;0.9271889400921658;4527;488;223
309;bee;4750;;0.9010526315789473;0.9542920847268673;0.9010526315789473;0.9269085002707091;4280;205;470
960;chocolate_sauce;4750;;0.9056842105263158;0.9490403706154864;0.9056842105263158;0.9268555423893137;4302;231;448
231;collie;4750;;0.9374736842105263;0.916443712698086;0.9374736842105263;0.9268394213757937;4453;406;297
895;warplane;4750;;0.956;0.8993860170330759;0.956;0.926829268292683;4541;508;209
842;swimming_trunks;4750;;0.9652631578947368;0.891156462585034;0.9652631578947368;0.9267306720565942;4585;560;165
134;crane;4750;;0.8741052631578947;0.9859890762289243;0.8741052631578947;0.9266822899229997;4152;59;598
281;tabby;4750;;0.9269473684210526;0.9257779646761984;0.9269473684210526;0.9263622974963182;4403;353;347
869;trench_coat;4750;;0.9288421052631579;0.923785594639866;0.9288421052631579;0.9263069494016376;4412;364;338
494;chime;4750;;0.9218947368421052;0.9307120085015941;0.9218947368421052;0.9262823902696985;4379;326;371
408;amphibian;4750;;0.944;0.9087961086339684;0.944;0.92606361007848;4484;450;266
361;skunk;4750;;0.9387368421052632;0.9135423069043229;0.9387368421052632;0.9259682275983802;4459;422;291
230;Shetland_sheepdog;4750;;0.9021052631578947;0.9509542831779849;0.9021052631578947;0.925885911840968;4285;221;465
662;modem;4750;;0.8934736842105263;0.9606156631960163;0.8934736842105263;0.9258289703315882;4244;174;506
924;guacamole;4750;;0.9073684210526316;0.9449682087261565;0.9073684210526316;0.9257867038986146;4310;251;440
935;mashed_potato;4750;;0.9054736842105263;0.9467312348668281;0.9054736842105263;0.9256429570644572;4301;242;449
640;manhole_cover;4750;;0.868421052631579;0.9908719673312515;0.868421052631579;0.9256142712891282;4125;38;625
590;hand-held_computer;4750;;0.8947368421052632;0.9582863585118376;0.8947368421052632;0.9254218835057157;4250;185;500
79;centipede;4750;;0.8901052631578947;0.9635369188696444;0.8901052631578947;0.9253666010067849;4228;160;522
432;bassoon;4750;;0.9044210526315789;0.9472987872105844;0.9044210526315789;0.9253634894991922;4296;239;454
464;buckle;4750;;0.8909473684210526;0.9622555707139608;0.8909473684210526;0.925229558373415;4232;166;518
835;sundial;4750;;0.9143157894736842;0.9361931450743695;0.9143157894736842;0.9251251464479711;4343;296;407
758;reel;4750;;0.9126315789473685;0.9377027903958468;0.9126315789473685;0.9249973327643229;4335;288;415
750;quilt;4750;;0.9408421052631579;0.9092573753814852;0.9408421052631579;0.9247801345059493;4469;446;281
366;gorilla;4750;;0.9330526315789474;0.9166494312306102;0.9330526315789474;0.9247782994261868;4432;403;318
266;miniature_poodle;4750;;0.9077894736842105;0.9423076923076923;0.9077894736842105;0.9247265708771176;4312;264;438
836;sunglass;4750;;0.9065263157894737;0.943263964950712;0.9065263157894737;0.9245303274288781;4306;259;444
199;Scotch_terrier;4750;;0.9244210526315789;0.9244210526315789;0.9244210526315789;0.9244210526315789;4391;359;359
596;hatchet;4750;;0.9134736842105263;0.9355325571366968;0.9134736842105263;0.9243715381337878;4339;299;411
459;brassiere;4750;;0.9602105263157895;0.8909943348310216;0.9602105263157895;0.9243084405714864;4561;558;189
577;gong;4750;;0.9690526315789474;0.8829848455783618;0.9690526315789474;0.9240188698183278;4603;610;147
840;swab;4750;;0.9138947368421053;0.9343521308652605;0.9138947368421053;0.9240102171136655;4341;305;409
343;warthog;4750;;0.9162105263157895;0.9319057815845825;0.9162105263157895;0.9239915074309979;4352;318;398
925;consomme;4750;;0.919578947368421;0.9283740701381509;0.919578947368421;0.9239555790586991;4368;337;382
792;shovel;4750;;0.9088421052631579;0.9392950391644909;0.9088421052631579;0.9238176760111276;4317;279;433
715;pickelhaube;4750;;0.9130526315789473;0.9344968756733463;0.9130526315789473;0.9236503034820572;4337;304;413
806;sock;4750;;0.919578947368421;0.9275854746230622;0.919578947368421;0.9235648588645733;4368;341;382
864;tow_truck;4750;;0.8974736842105263;0.9509257193843409;0.8974736842105263;0.9234268385140258;4263;220;487
504;coffee_mug;4750;;0.9151578947368421;0.9318327974276527;0.9151578947368421;0.9234200743494424;4347;318;403
928;ice_cream;4750;;0.9244210526315789;0.9222852341944969;0.9244210526315789;0.9233519083166859;4391;370;359
597;holster;4750;;0.8911578947368421;0.9574756842343362;0.8911578947368421;0.9231272489368663;4233;188;517
734;police_van;4750;;0.944;0.9031218529707956;0.944;0.9231085949562532;4484;481;266
912;worm_fence;4750;;0.9458947368421052;0.9013039117352056;0.9458947368421052;0.9230611196712891;4493;492;257
825;stone_wall;4750;;0.9353684210526316;0.9110108673364773;0.9353684210526316;0.923028980990963;4443;434;307
634;lumbermill;4750;;0.928;0.9175686927560366;0.928;0.9227548670713838;4408;396;342
384;indri;4750;;0.9309473684210526;0.9143920595533499;0.9309473684210526;0.9225954517003965;4422;414;328
702;parallel_bars;4750;;0.8873684210526316;0.9605742935278031;0.8873684210526316;0.922521339461589;4215;173;535
770;running_shoe;4750;;0.9130526315789473;0.9318865492049849;0.9130526315789473;0.9223734581029348;4337;317;413
667;mortarboard;4750;;0.8745263157894737;0.9755753875058712;0.8745263157894737;0.9222912966252219;4154;104;596
753;radiator;4750;;0.9130526315789473;0.9316863587540279;0.9130526315789473;0.9222753854332802;4337;318;413
222;kuvasz;4750;;0.9212631578947369;0.9232067510548523;0.9212631578947369;0.9222339304531086;4376;364;374
844;switch;4750;;0.9185263157894736;0.9259337860780985;0.9185263157894736;0.9222151764954555;4363;349;387
713;photocopier;4750;;0.9589473684210527;0.8880873464612985;0.9589473684210527;0.9221581131693491;4555;574;195
962;meat_loaf;4750;;0.9069473684210526;0.9377448846321289;0.9069473684210526;0.9220890410958904;4308;286;442
645;maypole;4750;;0.9865263157894737;0.8652141802067946;0.9865263157894737;0.9218965178044461;4686;730;64
246;Great_Dane;4750;;0.8877894736842106;0.9584090909090909;0.8877894736842106;0.9217486338797815;4217;183;533
149;dugong;4750;;0.891578947368421;0.9536140508894393;0.891578947368421;0.9215536938309216;4235;206;515
519;crate;4750;;0.907157894736842;0.9363320295523685;0.907157894736842;0.9215141146278871;4309;293;441
310;ant;4750;;0.9322105263157895;0.910923678255503;0.9322105263157895;0.9214441785454167;4428;433;322
705;passenger_car;4750;;0.8787368421052631;0.9677718525388361;0.8787368421052631;0.9211078009489132;4174;139;576
767;rubber_eraser;4750;;0.9174736842105263;0.9240882103477523;0.9174736842105263;0.9207690682442426;4358;358;392
481;cassette;4750;;0.911578947368421;0.9299828178694158;0.911578947368421;0.9206889219647034;4330;326;420
305;dung_beetle;4750;;0.8833684210526316;0.9612829324169531;0.8833684210526316;0.920680197476687;4196;169;554
147;grey_whale;4750;;0.9294736842105263;0.9120016525511258;0.9294736842105263;0.9206547805234073;4415;426;335
804;soap_dispenser;4750;;0.899578947368421;0.942642841385396;0.899578947368421;0.9206075622104923;4273;260;477
959;carbonara;4750;;0.8770526315789474;0.9683867968386797;0.8770526315789474;0.9204595669465312;4166;136;584
730;plow;4750;;0.8903157894736842;0.9526920477585041;0.8903157894736842;0.9204483621721624;4229;210;521
861;toilet_seat;4750;;0.9364210526315789;0.9049847405900305;0.9364210526315789;0.9204345576823589;4448;467;302
930;French_loaf;4750;;0.9004210526315789;0.9412411971830986;0.9004210526315789;0.9203787389713793;4277;267;473
958;hay;4750;;0.9454736842105264;0.896228297744961;0.9454736842105264;0.9201926032168835;4491;520;259
647;measuring_cup;4750;;0.8677894736842106;0.9793300071275838;0.8677894736842106;0.9201919857126912;4122;87;628
979;valley;4750;;0.9046315789473685;0.936165577342048;0.9046315789473685;0.9201284796573876;4297;293;453
922;menu;4750;;0.8867368421052632;0.9559691330004539;0.8867368421052632;0.9200524246395806;4212;194;538
221;Irish_water_spaniel;4750;;0.960421052631579;0.8829107799496807;0.960421052631579;0.9200363013007967;4562;605;188
760;refrigerator;4750;;0.9536842105263158;0.888235294117647;0.9536842105263158;0.9197969543147207;4530;570;220
693;paddle;4750;;0.876;0.966775092936803;0.876;0.9191517561298873;4161;143;589
197;giant_schnauzer;4750;;0.9174736842105263;0.9207690682442425;0.9174736842105263;0.9191184224401561;4358;375;392
484;catamaran;4750;;0.8629473684210527;0.9829736211031175;0.8629473684210527;0.9190582959641256;4099;71;651
407;ambulance;4750;;0.9286315789473685;0.9096720973396577;0.9286315789473685;0.9190540681320971;4411;438;339
410;apiary;4750;;0.9286315789473685;0.9096720973396577;0.9286315789473685;0.9190540681320971;4411;438;339
718;pier;4750;;0.9056842105263158;0.9327840416305291;0.9056842105263158;0.9190343943601794;4302;310;448
480;cash_machine;4750;;0.8922105263157895;0.947462553096356;0.8922105263157895;0.919006830749214;4238;235;512
580;greenhouse;4750;;0.9576842105263158;0.8833009708737865;0.9576842105263158;0.918989898989899;4549;601;201
38;banded_gecko;4750;;0.8978947368421053;0.9402557319223986;0.8978947368421053;0.9185871203962956;4265;271;485
57;garter_snake;4750;;0.8983157894736842;0.9382145998240985;0.8983157894736842;0.9178317917831792;4267;281;483
318;lacewing;4750;;0.8953684210526316;0.9413457281983179;0.8953684210526316;0.9177816141562365;4253;265;497
762;restaurant;4750;;0.9351578947368421;0.9008314743459744;0.9351578947368421;0.9176737940295424;4442;489;308
898;water_bottle;4750;;0.9136842105263158;0.921639413888299;0.9136842105263158;0.9176445713077492;4340;369;410
790;shopping_basket;4750;;0.9252631578947368;0.9097495342579176;0.9252631578947368;0.9174407681870369;4395;436;355
585;hair_spray;4750;;0.924;0.910958904109589;0.924;0.917433110367893;4389;429;361
830;stretcher;4750;;0.9446315789473684;0.8915159944367177;0.9446315789473684;0.9173055300010222;4487;546;263
697;pajama;4750;;0.9475789473684211;0.8888230647709321;0.9475789473684211;0.9172610556348074;4501;563;249
501;cloak;4750;;0.9242105263157895;0.9102218536180801;0.9242105263157895;0.917162853859814;4390;433;360
239;Bernese_mountain_dog;4750;;0.9650526315789474;0.8733092017527148;0.9650526315789474;0.9168916891689168;4584;665;166
907;wine_bottle;4750;;0.9536842105263158;0.8825248392752776;0.9536842105263158;0.9167256905797836;4530;603;220
889;violin;4750;;0.9237894736842105;0.9094300518134715;0.9237894736842105;0.9165535248041775;4388;437;362
409;analog_clock;4750;;0.9109473684210526;0.9222080136402387;0.9109473684210526;0.9165431052743064;4327;365;423
397;puffer;4750;;0.871578947368421;0.9663865546218487;0.871578947368421;0.9165375249059109;4140;144;610
669;mosquito_net;4750;;0.8985263157894737;0.9349397590361446;0.8985263157894737;0.9163714439076759;4268;297;482
418;ballpoint;4750;;0.8983157894736842;0.9349255039439088;0.8983157894736842;0.9162550998496887;4267;297;483
47;African_chameleon;4750;;0.9185263157894736;0.9139086719731881;0.9185263157894736;0.9162116757664847;4363;411;387
910;wooden_spoon;4750;;0.9212631578947369;0.9110972308973558;0.9212631578947369;0.9161519941379672;4376;427;374
423;barber_chair;4750;;0.8926315789473684;0.9407588196139339;0.8926315789473684;0.9160635194987578;4240;267;510
368;gibbon;4750;;0.9029473684210526;0.9295622019939315;0.9029473684210526;0.9160615121742844;4289;325;461
923;plate;4750;;0.8787368421052631;0.956681182672473;0.8787368421052631;0.9160539888071985;4174;189;576
785;seat_belt;4750;;0.9433684210526316;0.8899702085402185;0.9433684210526316;0.915891670924885;4481;554;269
913;wreck;4750;;0.9130526315789473;0.9186613005719128;0.9130526315789473;0.9158483792630133;4337;384;413
492;chest;4750;;0.9252631578947368;0.906559405940594;0.9252631578947368;0.9158157949572828;4395;453;355
789;shoji;4750;;0.9618947368421052;0.8739479724560061;0.9618947368421052;0.9158147925435959;4569;659;181
731;plunger;4750;;0.888;0.945316001792918;0.888;0.9157620495006513;4218;244;532
951;lemon;4750;;0.8964210526315789;0.9358241758241759;0.8964210526315789;0.9156989247311828;4258;292;492
334;porcupine;4750;;0.8736842105263158;0.9617612977983777;0.8736842105263158;0.9156094870380586;4150;165;600
86;partridge;4750;;0.9077894736842105;0.9233404710920771;0.9077894736842105;0.9154989384288746;4312;358;438
769;rule;4750;;0.8873684210526316;0.945279210585333;0.8873684210526316;0.9154088391790639;4215;244;535
303;long-horned_beetle;4750;;0.9027368421052632;0.9281385281385282;0.9027368421052632;0.9152614727854855;4288;332;462
48;Komodo_dragon;4750;;0.8938947368421053;0.9375137999558402;0.8938947368421053;0.9151848259510724;4246;283;504
876;tub;4750;;0.9208421052631579;0.9087886972782049;0.9208421052631579;0.9147756980027189;4374;439;376
595;harvester;4750;;0.9225263157894736;0.9064956557716177;0.9225263157894736;0.914440734557596;4382;452;368
478;carton;4750;;0.8934736842105263;0.935832414553473;0.8934736842105263;0.9141626278944535;4244;291;506
567;frying_pan;4750;;0.9056842105263158;0.9225820287368647;0.9056842105263158;0.9140550302772761;4302;361;448
455;bottlecap;4750;;0.9143157894736842;0.9137386913528298;0.9143157894736842;0.9140271493212669;4343;410;407
875;trombone;4750;;0.9122105263157895;0.9152936206168145;0.9122105263157895;0.9137494727962884;4333;401;417
764;rifle;4750;;0.888;0.9396302071730898;0.888;0.9130858317999783;4218;271;532
121;king_crab;4750;;0.915578947368421;0.9105946398659966;0.915578947368421;0.9130799916019315;4349;427;401
122;American_lobster;4750;;0.8654736842105263;0.9661574618096357;0.8654736842105263;0.9130483064963909;4111;144;639
485;CD_player;4750;;0.9096842105263158;0.9141104294478528;0.9096842105263158;0.911891948928986;4321;406;429
542;drumstick;4750;;0.8901052631578947;0.9341581970835174;0.8901052631578947;0.9115998275118585;4228;298;522
301;ladybug;4750;;0.98;0.8516282473472375;0.98;0.9113155833985904;4655;811;95
191;Airedale;4750;;0.9557894736842105;0.8697318007662835;0.9557894736842105;0.9107321965897693;4540;680;210
29;axolotl;4750;;0.8848421052631579;0.9379602767239456;0.8848421052631579;0.9106272343191419;4203;278;547
690;oxcart;4750;;0.9315789473684211;0.8903420523138833;0.9315789473684211;0.9104938271604938;4425;545;325
513;cornet;4750;;0.9092631578947369;0.9113737075332349;0.9092631578947369;0.9103172094003582;4319;420;431
619;lampshade;4750;;0.9305263157894736;0.8909494053618222;0.9305263157894736;0.9103078982597054;4420;541;330
534;dishwasher;4750;;0.891578947368421;0.9297475301866082;0.891578947368421;0.9102632993014508;4235;320;515
81;ptarmigan;4750;;0.8917894736842106;0.9293549802544976;0.8917894736842106;0.9101847872797593;4236;322;514
331;hare;4750;;0.9486315789473684;0.874611801242236;0.9486315789473684;0.9101191678448798;4506;646;244
866;tractor;4750;;0.9673684210526315;0.8591997008227374;0.9673684210526315;0.9100812041988513;4595;753;155
749;quill;4750;;0.9248421052631579;0.8954341622503057;0.9248421052631579;0.90990057995029;4393;513;357
845;syringe;4750;;0.9094736842105263;0.9102402022756005;0.9094736842105263;0.9098567818028644;4320;426;430
393;anemone_fish;4750;;0.8848421052631579;0.9362887057251058;0.8848421052631579;0.9098387271349713;4203;286;547
467;butcher_shop;4750;;0.9376842105263158;0.8830293417922284;0.9376842105263158;0.9095364508882989;4454;590;296
289;snow_leopard;4750;;0.9332631578947368;0.8864227154569086;0.9332631578947368;0.9092400779407239;4433;568;317
997;bolete;4750;;0.9465263157894737;0.8747081712062257;0.9465263157894737;0.909201213346815;4496;644;254
415;bakery;4750;;0.908;0.9095318431041755;0.908;0.9087652760219131;4313;429;437
692;packet;4750;;0.8922105263157895;0.9259340179156653;0.8922105263157895;0.9087595153854401;4238;339;512
970;alp;4750;;0.872;0.9484772154797344;0.872;0.9086322255127783;4142;225;608
787;shield;4750;;0.9273684210526316;0.8906186817630408;0.9273684210526316;0.9086221122112211;4405;541;345
942;butternut_squash;4750;;0.86;0.9618554273604898;0.86;0.9080804712682005;4085;162;665
584;hair_slide;4750;;0.9042105263157895;0.9118895966029724;0.9042105263157895;0.9080338266384778;4295;415;455
370;guenon;4750;;0.9031578947368422;0.9123777116120799;0.9031578947368422;0.9077443927211173;4290;412;460
996;hen-of-the-woods;4750;;0.856421052631579;0.9646668247569362;0.856421052631579;0.9073268651722985;4068;149;682
43;frilled_lizard;4750;;0.856;0.9648789748457522;0.856;0.9071842927264615;4066;148;684
772;safety_pin;4750;;0.8568421052631578;0.9635416666666666;0.8568421052631578;0.9070648540227323;4070;154;680
744;projectile;4750;;0.867578947368421;0.9499769479022591;0.867578947368421;0.9069102112676056;4121;217;629
799;sliding_door;4750;;0.9305263157894736;0.8838232353529294;0.9305263157894736;0.906573684750282;4420;581;330
556;fire_screen;4750;;0.9002105263157895;0.9125053350405463;0.9002105263157895;0.9063162356930903;4276;410;474
940;spaghetti_squash;4750;;0.868421052631579;0.9476223294279807;0.868421052631579;0.9062946281445678;4125;228;625
968;cup;4750;;0.9092631578947369;0.9031785863655374;0.9092631578947369;0.9062106588334032;4319;463;431
620;laptop;4750;;0.9303157894736842;0.8832700379772137;0.9303157894736842;0.9061827130113812;4419;584;331
367;chimpanzee;4750;;0.9395789473684211;0.8742409402546523;0.9395789473684211;0.9057331303906646;4463;642;287
893;wallet;4750;;0.8905263157894737;0.9211672473867596;0.8905263157894737;0.905587668593449;4230;362;520
292;tiger;4750;;0.9671578947368421;0.8505832253286428;0.9671578947368421;0.9051324992611565;4594;807;156
533;dishrag;4750;;0.8490526315789474;0.9687725198174394;0.8490526315789474;0.9049702681476495;4033;130;717
372;baboon;4750;;0.9168421052631579;0.8933333333333333;0.9168421052631579;0.9049350649350649;4355;520;395
546;electric_guitar;4750;;0.8964210526315789;0.9133419133419134;0.8964210526315789;0.9048023799405015;4258;404;492
482;cassette_player;4750;;0.8557894736842105;0.9594052395562899;0.8557894736842105;0.9046400356069879;4065;172;685
250;Siberian_husky;4750;;0.9501052631578948;0.8627413496463391;0.9501052631578948;0.9043182045887185;4513;718;237
558;flute;4750;;0.871578947368421;0.9392014519056261;0.871578947368421;0.9041275387639223;4140;268;610
69;trilobite;4750;;0.8802105263157894;0.929317626139142;0.8802105263157894;0.9040977402962481;4181;318;569
438;beaker;4750;;0.8736842105263158;0.9361606135799684;0.8736842105263158;0.9038440596754873;4150;283;600
267;standard_poodle;4750;;0.9633684210526315;0.8510321740747628;0.9633684210526315;0.9037227214377406;4576;801;174
797;sleeping_bag;4750;;0.8978947368421053;0.909575602473875;0.8978947368421053;0.9036974255747431;4265;424;485
337;beaver;4750;;0.8547368421052631;0.9582251593108332;0.8547368421052631;0.9035273172360075;4060;177;690
499;cleaver;4750;;0.8863157894736842;0.9210238459855612;0.8863157894736842;0.9033365518721166;4210;361;540
300;tiger_beetle;4750;;0.9397894736842105;0.8694974678613168;0.9397894736842105;0.9032780250910563;4464;670;286
405;airship;4750;;0.8341052631578947;0.9843478260869565;0.8341052631578947;0.9030199430199429;3962;63;788
691;oxygen_mask;4750;;0.8442105263157895;0.9704743465634076;0.8442105263157895;0.9029497860842154;4010;122;740
78;tick;4750;;0.9082105263157895;0.8972545757071547;0.9082105263157895;0.9026993094789705;4314;494;436
828;strainer;4750;;0.8738947368421053;0.9332284172661871;0.8738947368421053;0.9025875190258752;4151;297;599
395;gar;4750;;0.8890526315789473;0.9144651364226938;0.8890526315789473;0.9015798462852262;4223;395;527
373;macaque;4750;;0.916;0.8863312283560807;0.916;0.9009214204368982;4351;558;399
536;dock;4750;;0.8833684210526316;0.9189662724485327;0.8833684210526316;0.9008158007728639;4196;370;554
791;shopping_cart;4750;;0.9408421052631579;0.8639087570075391;0.9408421052631579;0.9007356646175553;4469;704;281
53;ringneck_snake;4750;;0.8614736842105263;0.9435093382522481;0.8614736842105263;0.9006272697259822;4092;245;658
328;sea_urchin;4750;;0.8949473684210526;0.9048531289910601;0.8949473684210526;0.8998729889923794;4251;447;499
2;great_white_shark;4750;;0.844;0.9630074465529667;0.844;0.8995848760237855;4009;154;741
345;ox;4750;;0.8581052631578947;0.944611819235226;0.8581052631578947;0.8992829564258136;4076;239;674
377;marmoset;4750;;0.8347368421052631;0.9742014742014742;0.8347368421052631;0.899092970521542;3965;105;785
189;Lakeland_terrier;4750;;0.8705263157894737;0.9294223420993482;0.8705263157894737;0.8990107620393523;4135;314;615
299;meerkat;4750;;0.9528421052631579;0.8509118255311149;0.9528421052631579;0.8989969212434205;4526;793;224
469;caldron;4750;;0.9204210526315789;0.8773831025486655;0.9204210526315789;0.8983869310592828;4372;611;378
402;acoustic_guitar;4750;;0.8654736842105263;0.9330458465728552;0.8654736842105263;0.8979903888160768;4111;295;639
644;matchstick;4750;;0.8726315789473684;0.9248103525211959;0.8726315789473684;0.8979636048526863;4145;337;605
114;slug;4750;;0.8551578947368421;0.9450907398790135;0.8551578947368421;0.8978779840848806;4062;236;688
696;paintbrush;4750;;0.9109473684210526;0.8848670756646216;0.9109473684210526;0.8977178423236515;4327;563;423
336;marmot;4750;;0.9370526315789474;0.8602628527251642;0.9370526315789474;0.8970173317210801;4451;723;299
360;otter;4750;;0.9231578947368421;0.8721161495624503;0.9231578947368421;0.8969114338310493;4385;643;365
950;orange;4750;;0.872;0.9222890224894232;0.872;0.8964397792446704;4142;349;608
386;African_elephant;4750;;0.9042105263157895;0.888681978067453;0.9042105263157895;0.8963790044871126;4295;538;455
848;tape_player;4750;;0.888;0.904567874758739;0.888;0.8962073727823223;4218;445;532
431;bassinet;4750;;0.8966315789473684;0.8956887486855941;0.8966315789473684;0.8961599158337716;4259;496;491
82;ruffed_grouse;4750;;0.912;0.8806668021955683;0.912;0.8960595718274899;4332;587;418
600;hook;4750;;0.8665263157894737;0.9274447949526814;0.8665263157894737;0.8959512407488028;4116;322;634
298;mongoose;4750;;0.8427368421052631;0.9562828475871954;0.8427368421052631;0.8959265890778871;4003;183;747
527;desktop_computer;4750;;0.8949473684210526;0.896079258010118;0.8949473684210526;0.8955129555508743;4251;493;499
352;impala;4750;;0.8951578947368422;0.895723614914683;0.8951578947368422;0.8954406654733074;4252;495;498
530;digital_clock;4750;;0.9181052631578948;0.8734227919086721;0.9181052631578948;0.895206815149338;4361;632;389
462;broom;4750;;0.8909473684210526;0.8988954970263382;0.8909473684210526;0.894903785155424;4232;476;518
926;hot_pot;4750;;0.9094736842105263;0.8803749745261871;0.9094736842105263;0.8946877912395155;4320;587;430
435;bathtub;4750;;0.9048421052631579;0.8841802098333676;0.9048421052631579;0.8943918426802623;4298;563;452
998;ear;4750;;0.8593684210526316;0.9319634703196347;0.8593684210526316;0.8941949616648412;4082;298;668
624;library;4750;;0.9134736842105263;0.8756811301715439;0.9134736842105263;0.8941782586295725;4339;616;411
529;diaper;4750;;0.9263157894736842;0.8641005498821681;0.9263157894736842;0.8941272099166837;4400;692;350
751;racer;4750;;0.9324210526315789;0.8584997092459778;0.9324210526315789;0.8939348067413462;4429;730;321
39;common_iguana;4750;;0.8983157894736842;0.8895142797581822;0.8983157894736842;0.8938933696449145;4267;530;483
445;bikini;4750;;0.9669473684210527;0.8304104140300127;0.9669473684210527;0.8934928508899913;4593;938;157
974;geyser;4750;;0.9113684210526316;0.8761384335154827;0.9113684210526316;0.8934062532246415;4329;612;421
238;Greater_Swiss_Mountain_dog;4750;;0.8751578947368421;0.9124231782265145;0.8751578947368421;0.8934021061680637;4157;399;593
975;lakeside;4750;;0.8943157894736842;0.8922495274102079;0.8943157894736842;0.8932814635684996;4248;513;502
892;wall_clock;4750;;0.9357894736842105;0.8533307736609714;0.9357894736842105;0.8926599056130134;4445;764;305
330;wood_rabbit;4750;;0.8332631578947368;0.9602134885977681;0.8332631578947368;0.8922452660054103;3958;164;792
269;timber_wolf;4750;;0.9111578947368421;0.8739903069466882;0.9111578947368421;0.8921871779014636;4328;624;422
867;trailer_truck;4750;;0.9709473684210527;0.8248971561438025;0.9709473684210527;0.8919833671791896;4612;979;138
315;mantis;4750;;0.8802105263157894;0.9036092500540307;0.8802105263157894;0.8917564252959368;4181;446;569
488;chain;4750;;0.8656842105263158;0.9188826815642458;0.8656842105263158;0.891490514905149;4112;363;638
489;chainlink_fence;4750;;0.9277894736842105;0.8577267419229272;0.9277894736842105;0.891383495145631;4407;731;343
557;flagpole;4750;;0.9269473684210526;0.8582846003898635;0.9269473684210526;0.8912955465587045;4403;727;347
170;Irish_wolfhound;4750;;0.8267368421052631;0.9662893700787402;0.8267368421052631;0.8910823689584751;3927;137;823
120;fiddler_crab;4750;;0.8503157894736842;0.9347373293219162;0.8503157894736842;0.8905302612721862;4039;282;711
999;toilet_tissue;4750;;0.8433684210526315;0.9428100729583432;0.8433684210526315;0.8903211467940881;4006;243;744
1;goldfish;4750;;0.9498947368421052;0.837727441515039;0.9498947368421052;0.8902920284135754;4512;874;238
905;window_shade;4750;;0.9002105263157895;0.8801976121860848;0.9002105263157895;0.8900915903413822;4276;582;474
295;American_black_bear;4750;;0.9010526315789473;0.8788501026694046;0.9010526315789473;0.8898128898128898;4280;590;470
27;eft;4750;;0.9063157894736842;0.8734023128423616;0.9063157894736842;0.8895547060646761;4305;624;445
416;balance_beam;4750;;0.9623157894736842;0.826432833122401;0.9623157894736842;0.8892131115650228;4571;960;179
265;toy_poodle;4750;;0.9056842105263158;0.8731479602192003;0.9056842105263158;0.8891185284695671;4302;625;448
680;nipple;4750;;0.8941052631578947;0.8836870578443612;0.8941052631578947;0.8888656341565508;4247;559;503
454;bookshop;4750;;0.9208421052631579;0.8586572438162544;0.9208421052631579;0.8886631450629824;4374;720;376
850;teddy;4750;;0.9717894736842105;0.8185848554708282;0.9717894736842105;0.8886322071421696;4616;1023;134
868;tray;4750;;0.9109473684210526;0.8666132585619868;0.9109473684210526;0.8882274453453761;4327;666;423
591;handkerchief;4750;;0.8989473684210526;0.8776978417266187;0.8989473684210526;0.8881955278211128;4270;595;480
987;corn;4750;;0.8602105263157894;0.9179959559649516;0.8602105263157894;0.8881643299641343;4086;365;664
992;agaric;4750;;0.9743157894736842;0.8159379407616361;0.9743157894736842;0.8881212819036653;4628;1044;122
419;Band_Aid;4750;;0.9185263157894736;0.8586892344026766;0.9185263157894736;0.8876004475638287;4363;718;387
41;whiptail;4750;;0.8248421052631579;0.9605295415543025;0.8248421052631579;0.8875297315664287;3918;161;832
741;prayer_rug;4750;;0.9450526315789474;0.8364076765418297;0.9450526315789474;0.8874172185430464;4489;878;261
509;confectionery;4750;;0.9088421052631579;0.8653036680697535;0.9088421052631579;0.8865386589998973;4317;672;433
911;wool;4750;;0.883578947368421;0.8893833439287985;0.883578947368421;0.8864716443130214;4197;522;553
385;Indian_elephant;4750;;0.9031578947368422;0.8694770976895014;0.9031578947368422;0.885997521685254;4290;644;460
602;horizontal_bar;4750;;0.828;0.9509187620889749;0.828;0.8852126941255909;3933;203;817
285;Egyptian_cat;4750;;0.9018947368421053;0.8687892922328129;0.9018947368421053;0.8850325379609545;4284;647;466
506;coil;4750;;0.9452631578947368;0.8314814814814815;0.9452631578947368;0.8847290640394089;4490;910;260
972;cliff;4750;;0.8829473684210526;0.8859315589353612;0.8829473684210526;0.8844369464361029;4194;540;556
28;spotted_salamander;4750;;0.8842105263157894;0.8842105263157894;0.8842105263157894;0.8842105263157894;4200;550;550
396;lionfish;4750;;0.9416842105263158;0.833116036505867;0.9416842105263158;0.8840794544915506;4473;896;277
582;grocery_store;4750;;0.9021052631578947;0.8667071197411004;0.9021052631578947;0.8840519909222199;4285;659;465
446;binder;4750;;0.9098947368421053;0.8589030206677265;0.9098947368421053;0.8836638724187282;4322;710;428
860;tobacco_shop;4750;;0.8886315789473684;0.8786427976686095;0.8886315789473684;0.8836089595980742;4221;583;529
508;computer_keyboard;4750;;0.8957894736842106;0.8713905386033176;0.8957894736842106;0.883421571680681;4255;628;495
304;leaf_beetle;4750;;0.8770526315789474;0.8897906877402819;0.8770526315789474;0.883375742154368;4166;516;584
106;wombat;4750;;0.8168421052631579;0.9606338202525377;0.8168421052631579;0.8829218341108204;3880;159;870
516;cradle;4750;;0.8473684210526315;0.9191596254852706;0.8473684210526315;0.8818052360609048;4025;354;725
116;chiton;4750;;0.8073684210526316;0.9711319321347176;0.8073684210526316;0.8817105414415449;3835;114;915
320;damselfly;4750;;0.8656842105263158;0.8974247053688346;0.8656842105263158;0.8812687526789542;4112;470;638
961;dough;4750;;0.8463157894736842;0.9180178122859101;0.8463157894736842;0.8807098258297733;4020;359;730
798;slide_rule;4750;;0.8174736842105264;0.9540540540540541;0.8174736842105264;0.8804988662131519;3883;187;867
460;breakwater;4750;;0.9103157894736842;0.8525236593059937;0.9103157894736842;0.8804724088780289;4324;748;426
125;hermit_crab;4750;;0.8694736842105263;0.8912386706948641;0.8694736842105263;0.8802216538789429;4130;504;620
856;thresher;4750;;0.8210526315789474;0.9484435797665369;0.8210526315789474;0.8801624915368991;3900;212;850
378;capuchin;4750;;0.9052631578947369;0.8562325766626842;0.9052631578947369;0.8800654932460089;4300;722;450
742;printer;4750;;0.8269473684210527;0.9399377841588897;0.8269473684210527;0.8798297681711278;3928;251;822
505;coffeepot;4750;;0.9336842105263158;0.8314585676790401;0.9336842105263158;0.8796112653708845;4435;899;315
878;typewriter_keyboard;4750;;0.9296842105263158;0.8346248346248346;0.9296842105263158;0.879593665969525;4416;875;334
369;siamang;4750;;0.8665263157894737;0.8909090909090909;0.8665263157894737;0.8785485592315901;4116;504;634
271;red_wolf;4750;;0.8418947368421053;0.9180440771349863;0.8418947368421053;0.8783219855040633;3999;357;751
673;mouse;4750;;0.8652631578947368;0.891733564764591;0.8652631578947368;0.8782989635644833;4110;499;640
562;fountain;4750;;0.9608421052631579;0.8065029157094893;0.9608421052631579;0.8769334229993275;4564;1095;186
353;gazelle;4750;;0.8661052631578947;0.8879775523418951;0.8661052631578947;0.8769050410316529;4114;519;636
342;wild_boar;4750;;0.8511578947368421;0.9024553571428572;0.8511578947368421;0.8760563380281691;4043;437;707
976;promontory;4750;;0.9012631578947369;0.8516013526954446;0.9012631578947369;0.8757287511506597;4281;746;469
118;Dungeness_crab;4750;;0.8751578947368421;0.8762647554806071;0.8751578947368421;0.8757109753528545;4157;587;593
311;grasshopper;4750;;0.9237894736842105;0.8318483412322275;0.9237894736842105;0.8754114713216958;4388;887;362
526;desk;4750;;0.8968421052631579;0.8549066827212523;0.8968421052631579;0.8753724442617897;4260;723;490
824;stole;4750;;0.9023157894736842;0.8493856520015854;0.9023157894736842;0.875051041241323;4286;760;464
424;barbershop;4750;;0.892;0.8580396921830701;0.892;0.8746903385631709;4237;701;513
470;candle;4750;;0.9092631578947369;0.8422386895475819;0.9092631578947369;0.8744685158939056;4319;809;431
916;web_site;4750;;0.9698947368421053;0.796094695006048;0.9698947368421053;0.8744424409224637;4607;1180;143
45;Gila_monster;4750;;0.7802105263157895;0.9930332261521972;0.7802105263157895;0.8738505069559067;3706;26;1044
112;conch;4750;;0.9012631578947369;0.8470518401266324;0.9012631578947369;0.8733170134638922;4281;773;469
278;kit_fox;4750;;0.8256842105263158;0.9258734655335222;0.8256842105263158;0.8729134208769197;3922;314;828
657;missile;4750;;0.8850526315789473;0.859889547964819;0.8850526315789473;0.8722896566033821;4204;685;546
854;theater_curtain;4750;;0.9355789473684211;0.8160117517443995;0.9355789473684211;0.87171439780306;4444;1002;306
862;torch;4750;;0.9271578947368421;0.8217951110281769;0.9271578947368421;0.871302799485607;4404;955;346
288;leopard;4750;;0.8821052631578947;0.8607230895645028;0.8821052631578947;0.8712830110210023;4190;678;560
313;walking_stick;4750;;0.7913684210526316;0.9665723836461816;0.7913684210526316;0.8702396110660956;3759;130;991
349;bighorn;4750;;0.9538947368421052;0.7982734319943622;0.9538947368421052;0.8691732207941685;4531;1145;219
359;black-footed_ferret;4750;;0.8452631578947368;0.8944085542437068;0.8452631578947368;0.8691416820002164;4015;474;735
643;mask;4750;;0.9534736842105264;0.7974995597816517;0.9534736842105264;0.8685396490555182;4529;1150;221
374;langur;4750;;0.8410526315789474;0.8961417676087932;0.8410526315789474;0.8677237185056472;3995;463;755
319;dragonfly;4750;;0.8608421052631579;0.8742783835792175;0.8608421052631579;0.8675082210671476;4089;588;661
312;cricket;4750;;0.7964210526315789;0.9502637528259231;0.7964210526315789;0.866567403504753;3783;198;967
42;agama;4750;;0.8865263157894737;0.8474542161400684;0.8865263157894737;0.8665500565901842;4211;758;539
240;Appenzeller;4750;;0.8035789473684211;0.9387604525332022;0.8035789473684211;0.8659255898366607;3817;249;933
314;cockroach;4750;;0.8517894736842105;0.8789919617640669;0.8517894736842105;0.8651769485726505;4046;557;704
297;sloth_bear;4750;;0.8349473684210527;0.8974881194840462;0.8349473684210527;0.8650888864652635;3966;453;784
61;boa_constrictor;4750;;0.8326315789473684;0.8994769160791448;0.8326315789473684;0.8647644036296053;3955;442;795
677;nail;4750;;0.8869473684210526;0.8436123348017621;0.8869473684210526;0.8647372742200329;4213;781;537
290;jaguar;4750;;0.8014736842105263;0.9372230428360414;0.8014736842105263;0.8640490240581026;3807;255;943
206;curly-coated_retriever;4750;;0.9501052631578948;0.7917543859649123;0.9501052631578948;0.863732057416268;4513;1187;237
123;spiny_lobster;4750;;0.84;0.8878504672897196;0.84;0.8632626568585028;3990;504;760
302;ground_beetle;4750;;0.7842105263157895;0.9595569294178259;0.7842105263157895;0.8630676552363299;3725;157;1025
52;thunder_snake;4750;;0.8682105263157894;0.8572022448555394;0.8682105263157894;0.8626712686957431;4124;687;626
819;stage;4750;;0.8854736842105263;0.8408636545381847;0.8854736842105263;0.8625922887612798;4206;796;544
75;black_widow;4750;;0.8932631578947369;0.8334315458652524;0.8932631578947369;0.8623107407783762;4243;848;507
788;shoe_shop;4750;;0.9069473684210526;0.8213536701620591;0.9069473684210526;0.8620310155077539;4308;937;442
3;tiger_shark;4750;;0.8301052631578948;0.895525777878719;0.8301052631578948;0.8615754397465312;3943;460;807
852;tennis_ball;4750;;0.9023157894736842;0.8242307692307692;0.9023157894736842;0.8615075376884423;4286;914;464
248;Eskimo_dog;4750;;0.7608421052631579;0.9920395278616525;0.7608421052631579;0.8611938520195401;3614;29;1136
524;cuirass;4750;;0.8578947368421053;0.8613400972310293;0.8578947368421053;0.8596139647716485;4075;656;675
971;bubble;4750;;0.9170526315789473;0.8078635014836796;0.9170526315789473;0.8590021691973969;4356;1036;394
5;electric_ray;4750;;0.8128421052631579;0.9093264248704663;0.8128421052631579;0.8583815028901733;3861;385;889
371;patas;4750;;0.7732631578947369;0.9607637980643474;0.7732631578947369;0.8568762393561181;3673;150;1077
390;eel;4750;;0.8825263157894737;0.8325719960278054;0.8825263157894737;0.8568216658150231;4192;843;558
681;notebook;4750;;0.8204210526315789;0.8946280991735537;0.8204210526315789;0.8559191741708764;3897;459;853
883;vase;4750;;0.9355789473684211;0.7883626042221039;0.9355789473684211;0.8556849908539521;4444;1193;306
865;toyshop;4750;;0.9014736842105263;0.81329534662868;0.9014736842105263;0.855117324013979;4282;983;468
648;medicine_chest;4750;;0.8991578947368422;0.8142993326978074;0.8991578947368422;0.8546273136568284;4271;974;479
33;loggerhead;4750;;0.8743157894736842;0.835277554304103;0.8743157894736842;0.8543509565932936;4153;819;597
4;hammerhead;4750;;0.911578947368421;0.8033395176252319;0.911578947368421;0.854043392504931;4330;1060;420
983;scuba_diver;4750;;0.9303157894736842;0.7891071428571429;0.9303157894736842;0.8539130434782609;4419;1181;331
109;brain_coral;4750;;0.8429473684210527;0.8646080760095012;0.8429473684210527;0.853640336851082;4004;627;746
461;breastplate;4750;;0.8214736842105264;0.888029130632681;0.8214736842105264;0.8534558180227472;3902;492;848
978;seashore;4750;;0.8416842105263158;0.8640587853901016;0.8416842105263158;0.8527247520528954;3998;629;752
738;pot;4750;;0.9538947368421052;0.7697927285083248;0.9538947368421052;0.8520120345994735;4531;1355;219
341;hog;4750;;0.8271578947368421;0.877792672028597;0.8271578947368421;0.8517233904183829;3929;547;821
280;grey_fox;4750;;0.8637894736842106;0.8399181166837257;0.8637894736842106;0.8516865594187857;4103;782;647
110;flatworm;4750;;0.8597894736842105;0.8431048720066061;0.8597894736842105;0.8513654367312905;4084;760;666
550;espresso_maker;4750;;0.7637894736842106;0.9577613516367476;0.7637894736842106;0.8498477395174514;3628;160;1122
700;paper_towel;4750;;0.8566315789473684;0.8394883433051372;0.8566315789473684;0.847973324997395;4069;778;681
62;rock_python;4750;;0.7888421052631579;0.9121226874391432;0.7888421052631579;0.8460149017836984;3747;361;1003
348;ram;4750;;0.7454736842105263;0.9741403026134801;0.7454736842105263;0.844603458556947;3541;94;1209
879;umbrella;4750;;0.9366315789473684;0.7669367350456818;0.9366315789473684;0.8433323855558715;4449;1352;301
650;microphone;4750;;0.8917894736842106;0.7998489425981873;0.8917894736842106;0.843320724666534;4236;1060;514
851;television;4750;;0.9629473684210527;0.749467475012289;0.9629473684210527;0.8429005804846587;4574;1529;176
282;tiger_cat;4750;;0.7585263157894737;0.9481578947368421;0.7585263157894737;0.8428070175438597;3603;197;1147
65;sea_snake;4750;;0.7833684210526316;0.9117863268806665;0.7833684210526316;0.8427131695164761;3721;360;1029
549;envelope;4750;;0.8829473684210526;0.8040644171779141;0.8829473684210526;0.8416616496086694;4194;1022;556
272;coyote;4750;;0.8147368421052632;0.8669354838709677;0.8147368421052632;0.8400260473192968;3870;594;880
277;red_fox;4750;;0.8461052631578947;0.833990454451131;0.8461052631578947;0.8400041801651165;4019;800;731
623;letter_opener;4750;;0.8953684210526316;0.790961502696671;0.8953684210526316;0.8399328527698232;4253;1124;497
54;hognose_snake;4750;;0.7682105263157895;0.9259071301700076;0.7682105263157895;0.8397192497986422;3649;292;1101
124;crayfish;4750;;0.8214736842105264;0.8585258525852585;0.8214736842105264;0.8395911780527165;3902;643;848
909;wok;4750;;0.8231578947368421;0.8542713567839196;0.8231578947368421;0.8384260748364962;3910;667;840
108;sea_anemone;4750;;0.8288421052631579;0.8463026655202064;0.8288421052631579;0.8374813869389492;3937;715;813
357;mink;4750;;0.911578947368421;0.7725245316681534;0.911578947368421;0.8363109608884598;4330;1275;420
6;stingray;4750;;0.8098947368421052;0.8625560538116592;0.8098947368421052;0.8353963083604777;3847;613;903
67;diamondback;4750;;0.7886315789473685;0.885579196217494;0.7886315789473685;0.8342984409799554;3746;484;1004
34;leatherback_turtle;4750;;0.7863157894736842;0.887384176764077;0.7863157894736842;0.8337984150016743;3735;474;1015
59;vine_snake;4750;;0.8193684210526315;0.8482999128160419;0.8193684210526315;0.833583208395802;3892;696;858
126;isopod;4750;;0.8728421052631579;0.7971543933858873;0.8728421052631579;0.833283087126922;4146;1055;604
77;wolf_spider;4750;;0.8941052631578947;0.7774116785648911;0.8941052631578947;0.831685107216293;4247;1216;503
72;black_and_gold_garden_spider;4750;;0.9353684210526316;0.7470993778375652;0.9353684210526316;0.8307001963167244;4443;1504;307
904;window_screen;4750;;0.8610526315789474;0.8022754021184778;0.8610526315789474;0.830625507717303;4090;1008;660
794;shower_curtain;4750;;0.8907368421052632;0.7780433983082016;0.8907368421052632;0.8305850019630939;4231;1207;519
539;doormat;4750;;0.8722105263157894;0.7911017758258545;0.8722105263157894;0.8296785821568037;4143;1094;607
810;space_bar;4750;;0.7311578947368421;0.9588625069022639;0.7311578947368421;0.8296703296703297;3473;149;1277
107;jellyfish;4750;;0.8757894736842106;0.7831325301204819;0.8757894736842106;0.8268733850129198;4160;1152;590
115;sea_slug;4750;;0.7909473684210526;0.8591356048479305;0.7909473684210526;0.8236325770031788;3757;616;993
782;screen;4750;;0.7863157894736842;0.8602026715799171;0.7863157894736842;0.8216014078310603;3735;607;1015
101;tusker;4750;;0.7745263157894737;0.8738717339667459;0.7745263157894737;0.8212053571428573;3679;531;1071
599;honeycomb;4750;;0.7976842105263158;0.8416259440248778;0.7976842105263158;0.819066147859922;3789;713;961
358;polecat;4750;;0.7905263157894736;0.8472472924187726;0.7905263157894736;0.8179045959485952;3755;677;995
32;tailed_frog;4750;;0.8395789473684211;0.7923703556526922;0.8395789473684211;0.8152918327711336;3988;1045;762
664;monitor;4750;;0.8898947368421053;0.7497339482085846;0.8898947368421053;0.813823642664613;4227;1411;523
60;night_snake;4750;;0.7317894736842105;0.9140152511175388;0.7317894736842105;0.8128142172337192;3476;327;1274
380;titi;4750;;0.739578947368421;0.8954881468264083;0.739578947368421;0.810100311310965;3513;410;1237
733;pole;4750;;0.8747368421052631;0.7516280752532561;0.8747368421052631;0.8085230589608873;4155;1373;595
633;loupe;4750;;0.8949473684210526;0.7329310344827586;0.8949473684210526;0.8058767772511848;4251;1549;499
50;American_alligator;4750;;0.8610526315789474;0.7571269900037023;0.8610526315789474;0.8057525610717099;4090;1312;660
980;volcano;4750;;0.9094736842105263;0.7207207207207207;0.9094736842105263;0.804169769173492;4320;1674;430
329;sea_cucumber;4750;;0.8625263157894737;0.7485839576100859;0.8625263157894737;0.8015259708500441;4097;1376;653
26;common_newt;4750;;0.72;0.8934169278996865;0.72;0.7973886686873398;3420;408;1330
40;American_chameleon;4750;;0.9258947368421052;0.699538730714172;0.9258947368421052;0.7969556944821962;4398;1889;352
55;green_snake;4750;;0.7581052631578947;0.8388073608199395;0.7581052631578947;0.7964171182129824;3601;692;1149
356;weasel;4750;;0.6789473684210526;0.9629740220961481;0.6789473684210526;0.7963946166193356;3225;124;1525
611;jigsaw_puzzle;4750;;0.9101052631578948;0.7023558082859463;0.9101052631578948;0.792847317744154;4323;1832;427
64;green_mamba;4750;;0.7804210526315789;0.8037727666955767;0.7804210526315789;0.7919248023926511;3707;905;1043
58;water_snake;4750;;0.8343157894736842;0.7531356898517674;0.8343157894736842;0.7916500199760288;3963;1299;787
36;terrapin;4750;;0.7216842105263158;0.8678481012658228;0.7216842105263158;0.7880459770114943;3428;522;1322
44;alligator_lizard;4750;;0.8;0.7742461287693562;0.8;0.7869124042244773;3800;1108;950
382;squirrel_monkey;4750;;0.9423157894736842;0.6721729989487911;0.9423157894736842;0.7846437023402577;4476;2183;274
947;mushroom;4750;;0.667578947368421;0.950254719808211;0.667578947368421;0.7842215902065043;3171;166;1579
818;spotlight;4750;;0.8869473684210526;0.7008817168524372;0.8869473684210526;0.7830127311588141;4213;1798;537
37;box_turtle;4750;;0.6888421052631579;0.9066223330562483;0.6888421052631579;0.7828687642062447;3272;337;1478
119;rock_crab;4750;;0.7347368421052631;0.830952380952381;0.7347368421052631;0.7798882681564245;3490;710;1260
885;velvet;4750;;0.8726315789473684;0.6929120695419592;0.8726315789473684;0.7724562057398435;4145;1837;605
103;platypus;4750;;0.8406315789473684;0.7123996431757359;0.8406315789473684;0.7712216320618058;3993;1612;757
812;space_shuttle;4750;;0.9210526315789473;0.6425319430165957;0.9210526315789473;0.7569858984341206;4375;2434;375
815;spider_web;4750;;0.7256842105263158;0.7770513976555455;0.7256842105263158;0.7504898758981059;3447;989;1303
68;sidewinder;4750;;0.7513684210526316;0.744161801501251;0.7513684210526316;0.7477477477477479;3569;1227;1181
381;spider_monkey;4750;;0.6103157894736843;0.9282740954210695;0.6103157894736843;0.7364410008891147;2899;224;1851
66;horned_viper;4750;;0.7602105263157894;0.7126504835208209;0.7602105263157894;0.7356626260568402;3611;1456;1139
30;bullfrog;4750;;0.840421052631579;0.6528209321340965;0.840421052631579;0.7348366313851818;3992;2123;758
35;mud_turtle;4750;;0.8751578947368421;0.6267149102969999;0.8751578947368421;0.7303874198365986;4157;2476;593
49;African_crocodile;4750;;0.6042105263157894;0.8828052906797909;0.6042105263157894;0.7174103237095363;2870;381;1880
73;barn_spider;4750;;0.7149473684210527;0.7160025300442757;0.7149473684210527;0.7154745602022543;3396;1347;1354
570;gasmask;4750;;0.9368421052631579;0.5634337807039757;0.9368421052631579;0.7036685641998733;4450;3448;300
728;plastic_bag;4750;;0.8646315789473684;0.5687577897798088;0.8646315789473684;0.6861582156879125;4107;3114;643
973;coral_reef;4750;;0.8751578947368421;0.5431147112620852;0.8751578947368421;0.6702676555949694;4157;3497;593
46;green_lizard;4750;;0.5071578947368421;0.9506708760852407;0.5071578947368421;0.6614497528830313;2409;125;2341
712;Petri_dish;4750;;0.888421052631579;0.49478250674170476;0.888421052631579;0.6355900293696815;4220;4309;530
74;garden_spider;4750;;0.5014736842105263;0.8288100208768268;0.5014736842105263;0.6248688352570829;2382;492;2368
917;comic_book;4750;;0.9534736842105264;0.4462948364209697;0.9534736842105264;0.6080010739696604;4529;5619;221
977;sandbar;4750;;0.8741052631578947;0.4653665097511769;0.8741052631578947;0.6073727325921592;4152;4770;598
921;book_jacket;4750;;0.8833684210526316;0.43753910323253387;0.8833684210526316;0.5852161785216178;4196;5394;554
552;feather_boa;4750;;0.9496842105263158;0.410875307405046;0.9496842105263158;0.5735901837370462;4511;6468;239
111;nematode;4750;;0.9353684210526316;0.2644170683806463;0.9353684210526316;0.412285992669234;4443;12360;307
